[32;1m[Board] [0mInitializing board (size: 8)...
[32;1m[Board] [0m32 piece(s) on board.
[32;1m[Board] [0m
[32;1m[Board] [0m     a b c d e f g h
[32;1m[Board] [0m   -------------------
[32;1m[Board] [0m 8 ||[30;1mr[0m|[30;1mk[0m|[30;1mb[0m|[30;1mQ[0m|[30;1mK[0m|[30;1mb[0m|[30;1mk[0m|[30;1mr[0m|| 8
[32;1m[Board] [0m   -------------------
[32;1m[Board] [0m 7 ||[30;1mp[0m|[30;1mp[0m|[30;1mp[0m|[30;1mp[0m|[30;1mp[0m|[30;1mp[0m|[30;1mp[0m|[30;1mp[0m|| 7
[32;1m[Board] [0m   -------------------
[32;1m[Board] [0m 6 ||[7;1m [0m| |[7;1m [0m| |[7;1m [0m| |[7;1m [0m| || 6
[32;1m[Board] [0m   -------------------
[32;1m[Board] [0m 5 || |[7;1m [0m| |[7;1m [0m| |[7;1m [0m| |[7;1m [0m|| 5
[32;1m[Board] [0m   -------------------
[32;1m[Board] [0m 4 ||[7;1m [0m| |[7;1m [0m| |[7;1m [0m| |[7;1m [0m| || 4
[32;1m[Board] [0m   -------------------
[32;1m[Board] [0m 3 || |[7;1m [0m| |[7;1m [0m| |[7;1m [0m| |[7;1m [0m|| 3
[32;1m[Board] [0m   -------------------
[32;1m[Board] [0m 2 ||[0;1mp[0m|[0;1mp[0m|[0;1mp[0m|[0;1mp[0m|[0;1mp[0m|[0;1mp[0m|[0;1mp[0m|[0;1mp[0m|| 2
[32;1m[Board] [0m   -------------------
[32;1m[Board] [0m 1 ||[0;1mr[0m|[0;1mk[0m|[0;1mb[0m|[0;1mQ[0m|[0;1mK[0m|[0;1mb[0m|[0;1mk[0m|[0;1mr[0m|| 1
[32;1m[Board] [0m   -------------------
[32;1m[Board] [0m     a b c d e f g h
[32;1m[Board] [0m
[32;1m[Referee] [0mThis is the turn of the White player...
Chess engine starting...
Hash OK after replay.
Book move found!
move played: e2e4
in coordinates: from (6,4) to (4,4)
[32;1m[Game] [0mPlayer's error code: 256
[32;1m[Game] [0mChecking move validity...
[32;1m[Board] [0mInitializing board (size: 8)...
[32;1m[Board] [0m32 piece(s) on board.
[32;1m[Board] [0mLoading history file `championship/chess-engine3-chess_project_pelm/history.csv`...
[32;1m[Board] [0mLoaded 0 move(s).
[32;1m[Board] [0mHistory replayed, 32 piece(s) on board.
[32;1m[Board] [0mLoading move file `championship/chess-engine3-chess_project_pelm/move.csv`...
[32;1m[Board] [0mWhite player is playing e2 to e4.
[32;1m[Board] [0m
[32;1m[Board] [0m     a b c d e f g h
[32;1m[Board] [0m   -------------------
[32;1m[Board] [0m 8 ||[30;1mr[0m|[30;1mk[0m|[30;1mb[0m|[30;1mQ[0m|[30;1mK[0m|[30;1mb[0m|[30;1mk[0m|[30;1mr[0m|| 8
[32;1m[Board] [0m   -------------------
[32;1m[Board] [0m 7 ||[30;1mp[0m|[30;1mp[0m|[30;1mp[0m|[30;1mp[0m|[30;1mp[0m|[30;1mp[0m|[30;1mp[0m|[30;1mp[0m|| 7
[32;1m[Board] [0m   -------------------
[32;1m[Board] [0m 6 ||[7;1m [0m| |[7;1m [0m| |[7;1m [0m| |[7;1m [0m| || 6
[32;1m[Board] [0m   -------------------
[32;1m[Board] [0m 5 || |[7;1m [0m| |[7;1m [0m| |[7;1m [0m| |[7;1m [0m|| 5
[32;1m[Board] [0m   -------------------
[32;1m[Board] [0m 4 ||[7;1m [0m| |[7;1m [0m| |[0;1mp[0m| |[7;1m [0m| || 4
[32;1m[Board] [0m   -------------------
[32;1m[Board] [0m 3 || |[7;1m [0m| |[7;1m [0m| |[7;1m [0m| |[7;1m [0m|| 3
[32;1m[Board] [0m   -------------------
[32;1m[Board] [0m 2 ||[0;1mp[0m|[0;1mp[0m|[0;1mp[0m|[0;1mp[0m|[7;1m [0m|[0;1mp[0m|[0;1mp[0m|[0;1mp[0m|| 2
[32;1m[Board] [0m   -------------------
[32;1m[Board] [0m 1 ||[0;1mr[0m|[0;1mk[0m|[0;1mb[0m|[0;1mQ[0m|[0;1mK[0m|[0;1mb[0m|[0;1mk[0m|[0;1mr[0m|| 1
[32;1m[Board] [0m   -------------------
[32;1m[Board] [0m     a b c d e f g h
[32;1m[Board] [0m
[32;1m[Referee] [0mThis is the turn of the Black player...
new one at 2 number of nodes 70 no of distinct states visited 70 time left 9.97006
new one at 3 number of nodes 656 no of distinct states visited 524 time left 9.82075
new one at 4 number of nodes 5233 no of distinct states visited 3572 time left 9.01893
new one at 5 number of nodes 18857 no of distinct states visited 13267 time left 6.29151
new one at 6 number of nodes 38215 no of distinct states visited 33669 time left 0.999764
ok it did depth 5 and now we're doing move b8c6 with evaluation 75 number of nodes examined is 18857
[32;1m[Game] [0mPlayer's error code: 0
[32;1m[Game] [0mChecking move validity...
[32;1m[Board] [0mInitializing board (size: 8)...
[32;1m[Board] [0m32 piece(s) on board.
[32;1m[Board] [0mLoading history file `championship/chess-engine3-chess_project_pelm/history.csv`...
[32;1m[Board] [0mLoaded 1 move(s).
[32;1m[Board] [0mHistory replayed, 32 piece(s) on board.
[32;1m[Board] [0mLoading move file `championship/chess-engine3-chess_project_pelm/move.csv`...
[32;1m[Board] [0mBlack player is playing b8 to c6.
[32;1m[Board] [0m
[32;1m[Board] [0m     a b c d e f g h
[32;1m[Board] [0m   -------------------
[32;1m[Board] [0m 8 ||[30;1mr[0m| |[30;1mb[0m|[30;1mQ[0m|[30;1mK[0m|[30;1mb[0m|[30;1mk[0m|[30;1mr[0m|| 8
[32;1m[Board] [0m   -------------------
[32;1m[Board] [0m 7 ||[30;1mp[0m|[30;1mp[0m|[30;1mp[0m|[30;1mp[0m|[30;1mp[0m|[30;1mp[0m|[30;1mp[0m|[30;1mp[0m|| 7
[32;1m[Board] [0m   -------------------
[32;1m[Board] [0m 6 ||[7;1m [0m| |[30;1mk[0m| |[7;1m [0m| |[7;1m [0m| || 6
[32;1m[Board] [0m   -------------------
[32;1m[Board] [0m 5 || |[7;1m [0m| |[7;1m [0m| |[7;1m [0m| |[7;1m [0m|| 5
[32;1m[Board] [0m   -------------------
[32;1m[Board] [0m 4 ||[7;1m [0m| |[7;1m [0m| |[0;1mp[0m| |[7;1m [0m| || 4
[32;1m[Board] [0m   -------------------
[32;1m[Board] [0m 3 || |[7;1m [0m| |[7;1m [0m| |[7;1m [0m| |[7;1m [0m|| 3
[32;1m[Board] [0m   -------------------
[32;1m[Board] [0m 2 ||[0;1mp[0m|[0;1mp[0m|[0;1mp[0m|[0;1mp[0m|[7;1m [0m|[0;1mp[0m|[0;1mp[0m|[0;1mp[0m|| 2
[32;1m[Board] [0m   -------------------
[32;1m[Board] [0m 1 ||[0;1mr[0m|[0;1mk[0m|[0;1mb[0m|[0;1mQ[0m|[0;1mK[0m|[0;1mb[0m|[0;1mk[0m|[0;1mr[0m|| 1
[32;1m[Board] [0m   -------------------
[32;1m[Board] [0m     a b c d e f g h
[32;1m[Board] [0m
[32;1m[Referee] [0mThis is the turn of the White player...
Chess engine starting...
Hash OK after replay.
Book move found!
move played: g1f3
in coordinates: from (7,6) to (5,5)
[32;1m[Game] [0mPlayer's error code: 256
[32;1m[Game] [0mChecking move validity...
[32;1m[Board] [0mInitializing board (size: 8)...
[32;1m[Board] [0m32 piece(s) on board.
[32;1m[Board] [0mLoading history file `championship/chess-engine3-chess_project_pelm/history.csv`...
[32;1m[Board] [0mLoaded 2 move(s).
[32;1m[Board] [0mHistory replayed, 32 piece(s) on board.
[32;1m[Board] [0mLoading move file `championship/chess-engine3-chess_project_pelm/move.csv`...
[32;1m[Board] [0mWhite player is playing g1 to f3.
[32;1m[Board] [0m
[32;1m[Board] [0m     a b c d e f g h
[32;1m[Board] [0m   -------------------
[32;1m[Board] [0m 8 ||[30;1mr[0m| |[30;1mb[0m|[30;1mQ[0m|[30;1mK[0m|[30;1mb[0m|[30;1mk[0m|[30;1mr[0m|| 8
[32;1m[Board] [0m   -------------------
[32;1m[Board] [0m 7 ||[30;1mp[0m|[30;1mp[0m|[30;1mp[0m|[30;1mp[0m|[30;1mp[0m|[30;1mp[0m|[30;1mp[0m|[30;1mp[0m|| 7
[32;1m[Board] [0m   -------------------
[32;1m[Board] [0m 6 ||[7;1m [0m| |[30;1mk[0m| |[7;1m [0m| |[7;1m [0m| || 6
[32;1m[Board] [0m   -------------------
[32;1m[Board] [0m 5 || |[7;1m [0m| |[7;1m [0m| |[7;1m [0m| |[7;1m [0m|| 5
[32;1m[Board] [0m   -------------------
[32;1m[Board] [0m 4 ||[7;1m [0m| |[7;1m [0m| |[0;1mp[0m| |[7;1m [0m| || 4
[32;1m[Board] [0m   -------------------
[32;1m[Board] [0m 3 || |[7;1m [0m| |[7;1m [0m| |[0;1mk[0m| |[7;1m [0m|| 3
[32;1m[Board] [0m   -------------------
[32;1m[Board] [0m 2 ||[0;1mp[0m|[0;1mp[0m|[0;1mp[0m|[0;1mp[0m|[7;1m [0m|[0;1mp[0m|[0;1mp[0m|[0;1mp[0m|| 2
[32;1m[Board] [0m   -------------------
[32;1m[Board] [0m 1 ||[0;1mr[0m|[0;1mk[0m|[0;1mb[0m|[0;1mQ[0m|[0;1mK[0m|[0;1mb[0m| |[0;1mr[0m|| 1
[32;1m[Board] [0m   -------------------
[32;1m[Board] [0m     a b c d e f g h
[32;1m[Board] [0m
[32;1m[Referee] [0mThis is the turn of the Black player...
new one at 2 number of nodes 72 no of distinct states visited 72 time left 9.98616
new one at 3 number of nodes 680 no of distinct states visited 550 time left 9.89194
new one at 4 number of nodes 2634 no of distinct states visited 2435 time left 9.38679
new one at 5 number of nodes 24869 no of distinct states visited 16841 time left 5.5207
new one at 6 number of nodes 29785 no of distinct states visited 32785 time left 0.999775
ok it did depth 5 and now we're doing move g8f6 with evaluation 85 number of nodes examined is 24869
[32;1m[Game] [0mPlayer's error code: 0
[32;1m[Game] [0mChecking move validity...
[32;1m[Board] [0mInitializing board (size: 8)...
[32;1m[Board] [0m32 piece(s) on board.
[32;1m[Board] [0mLoading history file `championship/chess-engine3-chess_project_pelm/history.csv`...
[32;1m[Board] [0mLoaded 3 move(s).
[32;1m[Board] [0mHistory replayed, 32 piece(s) on board.
[32;1m[Board] [0mLoading move file `championship/chess-engine3-chess_project_pelm/move.csv`...
[32;1m[Board] [0mBlack player is playing g8 to f6.
[32;1m[Board] [0m
[32;1m[Board] [0m     a b c d e f g h
[32;1m[Board] [0m   -------------------
[32;1m[Board] [0m 8 ||[30;1mr[0m| |[30;1mb[0m|[30;1mQ[0m|[30;1mK[0m|[30;1mb[0m|[7;1m [0m|[30;1mr[0m|| 8
[32;1m[Board] [0m   -------------------
[32;1m[Board] [0m 7 ||[30;1mp[0m|[30;1mp[0m|[30;1mp[0m|[30;1mp[0m|[30;1mp[0m|[30;1mp[0m|[30;1mp[0m|[30;1mp[0m|| 7
[32;1m[Board] [0m   -------------------
[32;1m[Board] [0m 6 ||[7;1m [0m| |[30;1mk[0m| |[7;1m [0m|[30;1mk[0m|[7;1m [0m| || 6
[32;1m[Board] [0m   -------------------
[32;1m[Board] [0m 5 || |[7;1m [0m| |[7;1m [0m| |[7;1m [0m| |[7;1m [0m|| 5
[32;1m[Board] [0m   -------------------
[32;1m[Board] [0m 4 ||[7;1m [0m| |[7;1m [0m| |[0;1mp[0m| |[7;1m [0m| || 4
[32;1m[Board] [0m   -------------------
[32;1m[Board] [0m 3 || |[7;1m [0m| |[7;1m [0m| |[0;1mk[0m| |[7;1m [0m|| 3
[32;1m[Board] [0m   -------------------
[32;1m[Board] [0m 2 ||[0;1mp[0m|[0;1mp[0m|[0;1mp[0m|[0;1mp[0m|[7;1m [0m|[0;1mp[0m|[0;1mp[0m|[0;1mp[0m|| 2
[32;1m[Board] [0m   -------------------
[32;1m[Board] [0m 1 ||[0;1mr[0m|[0;1mk[0m|[0;1mb[0m|[0;1mQ[0m|[0;1mK[0m|[0;1mb[0m| |[0;1mr[0m|| 1
[32;1m[Board] [0m   -------------------
[32;1m[Board] [0m     a b c d e f g h
[32;1m[Board] [0m
[32;1m[Referee] [0mThis is the turn of the White player...
Chess engine starting...
Hash OK after replay.
Book move found!
move played: e4e5
in coordinates: from (4,4) to (3,4)
[32;1m[Game] [0mPlayer's error code: 256
[32;1m[Game] [0mChecking move validity...
[32;1m[Board] [0mInitializing board (size: 8)...
[32;1m[Board] [0m32 piece(s) on board.
[32;1m[Board] [0mLoading history file `championship/chess-engine3-chess_project_pelm/history.csv`...
[32;1m[Board] [0mLoaded 4 move(s).
[32;1m[Board] [0mHistory replayed, 32 piece(s) on board.
[32;1m[Board] [0mLoading move file `championship/chess-engine3-chess_project_pelm/move.csv`...
[32;1m[Board] [0mWhite player is playing e4 to e5.
[32;1m[Board] [0m
[32;1m[Board] [0m     a b c d e f g h
[32;1m[Board] [0m   -------------------
[32;1m[Board] [0m 8 ||[30;1mr[0m| |[30;1mb[0m|[30;1mQ[0m|[30;1mK[0m|[30;1mb[0m|[7;1m [0m|[30;1mr[0m|| 8
[32;1m[Board] [0m   -------------------
[32;1m[Board] [0m 7 ||[30;1mp[0m|[30;1mp[0m|[30;1mp[0m|[30;1mp[0m|[30;1mp[0m|[30;1mp[0m|[30;1mp[0m|[30;1mp[0m|| 7
[32;1m[Board] [0m   -------------------
[32;1m[Board] [0m 6 ||[7;1m [0m| |[30;1mk[0m| |[7;1m [0m|[30;1mk[0m|[7;1m [0m| || 6
[32;1m[Board] [0m   -------------------
[32;1m[Board] [0m 5 || |[7;1m [0m| |[7;1m [0m|[0;1mp[0m|[7;1m [0m| |[7;1m [0m|| 5
[32;1m[Board] [0m   -------------------
[32;1m[Board] [0m 4 ||[7;1m [0m| |[7;1m [0m| |[7;1m [0m| |[7;1m [0m| || 4
[32;1m[Board] [0m   -------------------
[32;1m[Board] [0m 3 || |[7;1m [0m| |[7;1m [0m| |[0;1mk[0m| |[7;1m [0m|| 3
[32;1m[Board] [0m   -------------------
[32;1m[Board] [0m 2 ||[0;1mp[0m|[0;1mp[0m|[0;1mp[0m|[0;1mp[0m|[7;1m [0m|[0;1mp[0m|[0;1mp[0m|[0;1mp[0m|| 2
[32;1m[Board] [0m   -------------------
[32;1m[Board] [0m 1 ||[0;1mr[0m|[0;1mk[0m|[0;1mb[0m|[0;1mQ[0m|[0;1mK[0m|[0;1mb[0m| |[0;1mr[0m|| 1
[32;1m[Board] [0m   -------------------
[32;1m[Board] [0m     a b c d e f g h
[32;1m[Board] [0m
[32;1m[Referee] [0mThis is the turn of the Black player...
new one at 2 number of nodes 126 no of distinct states visited 126 time left 9.95727
new one at 3 number of nodes 836 no of distinct states visited 665 time left 9.82873
new one at 4 number of nodes 3665 no of distinct states visited 3452 time left 8.94305
new one at 5 number of nodes 22180 no of distinct states visited 17285 time left 5.34449
new one at 6 number of nodes 30316 no of distinct states visited 33358 time left 0.999682
ok it did depth 5 and now we're doing move f6g4 with evaluation 115 number of nodes examined is 22180
[32;1m[Game] [0mPlayer's error code: 0
[32;1m[Game] [0mChecking move validity...
[32;1m[Board] [0mInitializing board (size: 8)...
[32;1m[Board] [0m32 piece(s) on board.
[32;1m[Board] [0mLoading history file `championship/chess-engine3-chess_project_pelm/history.csv`...
[32;1m[Board] [0mLoaded 5 move(s).
[32;1m[Board] [0mHistory replayed, 32 piece(s) on board.
[32;1m[Board] [0mLoading move file `championship/chess-engine3-chess_project_pelm/move.csv`...
[32;1m[Board] [0mBlack player is playing f6 to g4.
[32;1m[Board] [0m
[32;1m[Board] [0m     a b c d e f g h
[32;1m[Board] [0m   -------------------
[32;1m[Board] [0m 8 ||[30;1mr[0m| |[30;1mb[0m|[30;1mQ[0m|[30;1mK[0m|[30;1mb[0m|[7;1m [0m|[30;1mr[0m|| 8
[32;1m[Board] [0m   -------------------
[32;1m[Board] [0m 7 ||[30;1mp[0m|[30;1mp[0m|[30;1mp[0m|[30;1mp[0m|[30;1mp[0m|[30;1mp[0m|[30;1mp[0m|[30;1mp[0m|| 7
[32;1m[Board] [0m   -------------------
[32;1m[Board] [0m 6 ||[7;1m [0m| |[30;1mk[0m| |[7;1m [0m| |[7;1m [0m| || 6
[32;1m[Board] [0m   -------------------
[32;1m[Board] [0m 5 || |[7;1m [0m| |[7;1m [0m|[0;1mp[0m|[7;1m [0m| |[7;1m [0m|| 5
[32;1m[Board] [0m   -------------------
[32;1m[Board] [0m 4 ||[7;1m [0m| |[7;1m [0m| |[7;1m [0m| |[30;1mk[0m| || 4
[32;1m[Board] [0m   -------------------
[32;1m[Board] [0m 3 || |[7;1m [0m| |[7;1m [0m| |[0;1mk[0m| |[7;1m [0m|| 3
[32;1m[Board] [0m   -------------------
[32;1m[Board] [0m 2 ||[0;1mp[0m|[0;1mp[0m|[0;1mp[0m|[0;1mp[0m|[7;1m [0m|[0;1mp[0m|[0;1mp[0m|[0;1mp[0m|| 2
[32;1m[Board] [0m   -------------------
[32;1m[Board] [0m 1 ||[0;1mr[0m|[0;1mk[0m|[0;1mb[0m|[0;1mQ[0m|[0;1mK[0m|[0;1mb[0m| |[0;1mr[0m|| 1
[32;1m[Board] [0m   -------------------
[32;1m[Board] [0m     a b c d e f g h
[32;1m[Board] [0m
[32;1m[Referee] [0mThis is the turn of the White player...
Chess engine starting...
Hash OK after replay.
Book move found!
move played: d2d4
in coordinates: from (6,3) to (4,3)
[32;1m[Game] [0mPlayer's error code: 256
[32;1m[Game] [0mChecking move validity...
[32;1m[Board] [0mInitializing board (size: 8)...
[32;1m[Board] [0m32 piece(s) on board.
[32;1m[Board] [0mLoading history file `championship/chess-engine3-chess_project_pelm/history.csv`...
[32;1m[Board] [0mLoaded 6 move(s).
[32;1m[Board] [0mHistory replayed, 32 piece(s) on board.
[32;1m[Board] [0mLoading move file `championship/chess-engine3-chess_project_pelm/move.csv`...
[32;1m[Board] [0mWhite player is playing d2 to d4.
[32;1m[Board] [0m
[32;1m[Board] [0m     a b c d e f g h
[32;1m[Board] [0m   -------------------
[32;1m[Board] [0m 8 ||[30;1mr[0m| |[30;1mb[0m|[30;1mQ[0m|[30;1mK[0m|[30;1mb[0m|[7;1m [0m|[30;1mr[0m|| 8
[32;1m[Board] [0m   -------------------
[32;1m[Board] [0m 7 ||[30;1mp[0m|[30;1mp[0m|[30;1mp[0m|[30;1mp[0m|[30;1mp[0m|[30;1mp[0m|[30;1mp[0m|[30;1mp[0m|| 7
[32;1m[Board] [0m   -------------------
[32;1m[Board] [0m 6 ||[7;1m [0m| |[30;1mk[0m| |[7;1m [0m| |[7;1m [0m| || 6
[32;1m[Board] [0m   -------------------
[32;1m[Board] [0m 5 || |[7;1m [0m| |[7;1m [0m|[0;1mp[0m|[7;1m [0m| |[7;1m [0m|| 5
[32;1m[Board] [0m   -------------------
[32;1m[Board] [0m 4 ||[7;1m [0m| |[7;1m [0m|[0;1mp[0m|[7;1m [0m| |[30;1mk[0m| || 4
[32;1m[Board] [0m   -------------------
[32;1m[Board] [0m 3 || |[7;1m [0m| |[7;1m [0m| |[0;1mk[0m| |[7;1m [0m|| 3
[32;1m[Board] [0m   -------------------
[32;1m[Board] [0m 2 ||[0;1mp[0m|[0;1mp[0m|[0;1mp[0m| |[7;1m [0m|[0;1mp[0m|[0;1mp[0m|[0;1mp[0m|| 2
[32;1m[Board] [0m   -------------------
[32;1m[Board] [0m 1 ||[0;1mr[0m|[0;1mk[0m|[0;1mb[0m|[0;1mQ[0m|[0;1mK[0m|[0;1mb[0m| |[0;1mr[0m|| 1
[32;1m[Board] [0m   -------------------
[32;1m[Board] [0m     a b c d e f g h
[32;1m[Board] [0m
[32;1m[Referee] [0mThis is the turn of the Black player...
new one at 2 number of nodes 154 no of distinct states visited 154 time left 9.97356
new one at 3 number of nodes 975 no of distinct states visited 885 time left 9.81875
new one at 4 number of nodes 4772 no of distinct states visited 4482 time left 8.87033
new one at 5 number of nodes 40520 no of distinct states visited 30574 time left 1.18724
new one at 6 number of nodes 1396 no of distinct states visited 31546 time left 0.999749
ok it did depth 5 and now we're doing move f7f6 with evaluation 90 number of nodes examined is 40520
[32;1m[Game] [0mPlayer's error code: 0
[32;1m[Game] [0mChecking move validity...
[32;1m[Board] [0mInitializing board (size: 8)...
[32;1m[Board] [0m32 piece(s) on board.
[32;1m[Board] [0mLoading history file `championship/chess-engine3-chess_project_pelm/history.csv`...
[32;1m[Board] [0mLoaded 7 move(s).
[32;1m[Board] [0mHistory replayed, 32 piece(s) on board.
[32;1m[Board] [0mLoading move file `championship/chess-engine3-chess_project_pelm/move.csv`...
[32;1m[Board] [0mBlack player is playing f7 to f6.
[32;1m[Board] [0m
[32;1m[Board] [0m     a b c d e f g h
[32;1m[Board] [0m   -------------------
[32;1m[Board] [0m 8 ||[30;1mr[0m| |[30;1mb[0m|[30;1mQ[0m|[30;1mK[0m|[30;1mb[0m|[7;1m [0m|[30;1mr[0m|| 8
[32;1m[Board] [0m   -------------------
[32;1m[Board] [0m 7 ||[30;1mp[0m|[30;1mp[0m|[30;1mp[0m|[30;1mp[0m|[30;1mp[0m|[7;1m [0m|[30;1mp[0m|[30;1mp[0m|| 7
[32;1m[Board] [0m   -------------------
[32;1m[Board] [0m 6 ||[7;1m [0m| |[30;1mk[0m| |[7;1m [0m|[30;1mp[0m|[7;1m [0m| || 6
[32;1m[Board] [0m   -------------------
[32;1m[Board] [0m 5 || |[7;1m [0m| |[7;1m [0m|[0;1mp[0m|[7;1m [0m| |[7;1m [0m|| 5
[32;1m[Board] [0m   -------------------
[32;1m[Board] [0m 4 ||[7;1m [0m| |[7;1m [0m|[0;1mp[0m|[7;1m [0m| |[30;1mk[0m| || 4
[32;1m[Board] [0m   -------------------
[32;1m[Board] [0m 3 || |[7;1m [0m| |[7;1m [0m| |[0;1mk[0m| |[7;1m [0m|| 3
[32;1m[Board] [0m   -------------------
[32;1m[Board] [0m 2 ||[0;1mp[0m|[0;1mp[0m|[0;1mp[0m| |[7;1m [0m|[0;1mp[0m|[0;1mp[0m|[0;1mp[0m|| 2
[32;1m[Board] [0m   -------------------
[32;1m[Board] [0m 1 ||[0;1mr[0m|[0;1mk[0m|[0;1mb[0m|[0;1mQ[0m|[0;1mK[0m|[0;1mb[0m| |[0;1mr[0m|| 1
[32;1m[Board] [0m   -------------------
[32;1m[Board] [0m     a b c d e f g h
[32;1m[Board] [0m
[32;1m[Referee] [0mThis is the turn of the White player...
Chess engine starting...
Hash OK after replay.
move played: h2h3
in coordinates: from (6,7) to (5,7)
[32;1m[Game] [0mPlayer's error code: 256
[32;1m[Game] [0mChecking move validity...
[32;1m[Board] [0mInitializing board (size: 8)...
[32;1m[Board] [0m32 piece(s) on board.
[32;1m[Board] [0mLoading history file `championship/chess-engine3-chess_project_pelm/history.csv`...
[32;1m[Board] [0mLoaded 8 move(s).
[32;1m[Board] [0mHistory replayed, 32 piece(s) on board.
[32;1m[Board] [0mLoading move file `championship/chess-engine3-chess_project_pelm/move.csv`...
[32;1m[Board] [0mWhite player is playing h2 to h3.
[32;1m[Board] [0m
[32;1m[Board] [0m     a b c d e f g h
[32;1m[Board] [0m   -------------------
[32;1m[Board] [0m 8 ||[30;1mr[0m| |[30;1mb[0m|[30;1mQ[0m|[30;1mK[0m|[30;1mb[0m|[7;1m [0m|[30;1mr[0m|| 8
[32;1m[Board] [0m   -------------------
[32;1m[Board] [0m 7 ||[30;1mp[0m|[30;1mp[0m|[30;1mp[0m|[30;1mp[0m|[30;1mp[0m|[7;1m [0m|[30;1mp[0m|[30;1mp[0m|| 7
[32;1m[Board] [0m   -------------------
[32;1m[Board] [0m 6 ||[7;1m [0m| |[30;1mk[0m| |[7;1m [0m|[30;1mp[0m|[7;1m [0m| || 6
[32;1m[Board] [0m   -------------------
[32;1m[Board] [0m 5 || |[7;1m [0m| |[7;1m [0m|[0;1mp[0m|[7;1m [0m| |[7;1m [0m|| 5
[32;1m[Board] [0m   -------------------
[32;1m[Board] [0m 4 ||[7;1m [0m| |[7;1m [0m|[0;1mp[0m|[7;1m [0m| |[30;1mk[0m| || 4
[32;1m[Board] [0m   -------------------
[32;1m[Board] [0m 3 || |[7;1m [0m| |[7;1m [0m| |[0;1mk[0m| |[0;1mp[0m|| 3
[32;1m[Board] [0m   -------------------
[32;1m[Board] [0m 2 ||[0;1mp[0m|[0;1mp[0m|[0;1mp[0m| |[7;1m [0m|[0;1mp[0m|[0;1mp[0m| || 2
[32;1m[Board] [0m   -------------------
[32;1m[Board] [0m 1 ||[0;1mr[0m|[0;1mk[0m|[0;1mb[0m|[0;1mQ[0m|[0;1mK[0m|[0;1mb[0m| |[0;1mr[0m|| 1
[32;1m[Board] [0m   -------------------
[32;1m[Board] [0m     a b c d e f g h
[32;1m[Board] [0m
[32;1m[Referee] [0mThis is the turn of the Black player...
new one at 2 number of nodes 125 no of distinct states visited 125 time left 9.97602
new one at 3 number of nodes 925 no of distinct states visited 776 time left 9.82058
new one at 4 number of nodes 2419 no of distinct states visited 2241 time left 9.25506
new one at 5 number of nodes 23331 no of distinct states visited 15768 time left 5.35687
new one at 6 number of nodes 23709 no of distinct states visited 31333 time left 0.999597
ok it did depth 5 and now we're doing move g4e5 with evaluation 65 number of nodes examined is 23331
[32;1m[Game] [0mPlayer's error code: 0
[32;1m[Game] [0mChecking move validity...
[32;1m[Board] [0mInitializing board (size: 8)...
[32;1m[Board] [0m32 piece(s) on board.
[32;1m[Board] [0mLoading history file `championship/chess-engine3-chess_project_pelm/history.csv`...
[32;1m[Board] [0mLoaded 9 move(s).
[32;1m[Board] [0mHistory replayed, 32 piece(s) on board.
[32;1m[Board] [0mLoading move file `championship/chess-engine3-chess_project_pelm/move.csv`...
[32;1m[Board] [0mBlack player is playing g4 to e5.
[32;1m[Board] [0m[5;1mBlack Knight is taking White Pawn.[0m
[32;1m[Board] [0m
[32;1m[Board] [0m     a b c d e f g h
[32;1m[Board] [0m   -------------------
[32;1m[Board] [0m 8 ||[30;1mr[0m| |[30;1mb[0m|[30;1mQ[0m|[30;1mK[0m|[30;1mb[0m|[7;1m [0m|[30;1mr[0m|| 8
[32;1m[Board] [0m   -------------------
[32;1m[Board] [0m 7 ||[30;1mp[0m|[30;1mp[0m|[30;1mp[0m|[30;1mp[0m|[30;1mp[0m|[7;1m [0m|[30;1mp[0m|[30;1mp[0m|| 7
[32;1m[Board] [0m   -------------------
[32;1m[Board] [0m 6 ||[7;1m [0m| |[30;1mk[0m| |[7;1m [0m|[30;1mp[0m|[7;1m [0m| || 6
[32;1m[Board] [0m   -------------------
[32;1m[Board] [0m 5 || |[7;1m [0m| |[7;1m [0m|[30;1mk[0m|[7;1m [0m| |[7;1m [0m|| 5
[32;1m[Board] [0m   -------------------
[32;1m[Board] [0m 4 ||[7;1m [0m| |[7;1m [0m|[0;1mp[0m|[7;1m [0m| |[7;1m [0m| || 4
[32;1m[Board] [0m   -------------------
[32;1m[Board] [0m 3 || |[7;1m [0m| |[7;1m [0m| |[0;1mk[0m| |[0;1mp[0m|| 3
[32;1m[Board] [0m   -------------------
[32;1m[Board] [0m 2 ||[0;1mp[0m|[0;1mp[0m|[0;1mp[0m| |[7;1m [0m|[0;1mp[0m|[0;1mp[0m| || 2
[32;1m[Board] [0m   -------------------
[32;1m[Board] [0m 1 ||[0;1mr[0m|[0;1mk[0m|[0;1mb[0m|[0;1mQ[0m|[0;1mK[0m|[0;1mb[0m| |[0;1mr[0m|| 1
[32;1m[Board] [0m   -------------------
[32;1m[Board] [0m     a b c d e f g h
[32;1m[Board] [0m
[32;1m[Referee] [0mThis is the turn of the White player...
Chess engine starting...
Hash OK after replay.
move played: d4e5
in coordinates: from (4,3) to (3,4)
[32;1m[Game] [0mPlayer's error code: 256
[32;1m[Game] [0mChecking move validity...
[32;1m[Board] [0mInitializing board (size: 8)...
[32;1m[Board] [0m32 piece(s) on board.
[32;1m[Board] [0mLoading history file `championship/chess-engine3-chess_project_pelm/history.csv`...
[32;1m[Board] [0mLoaded 10 move(s).
[32;1m[Board] [0mHistory replayed, 31 piece(s) on board.
[32;1m[Board] [0mLoading move file `championship/chess-engine3-chess_project_pelm/move.csv`...
[32;1m[Board] [0mWhite player is playing d4 to e5.
[32;1m[Board] [0m[5;1mWhite Pawn is taking Black Knight.[0m
[32;1m[Board] [0m
[32;1m[Board] [0m     a b c d e f g h
[32;1m[Board] [0m   -------------------
[32;1m[Board] [0m 8 ||[30;1mr[0m| |[30;1mb[0m|[30;1mQ[0m|[30;1mK[0m|[30;1mb[0m|[7;1m [0m|[30;1mr[0m|| 8
[32;1m[Board] [0m   -------------------
[32;1m[Board] [0m 7 ||[30;1mp[0m|[30;1mp[0m|[30;1mp[0m|[30;1mp[0m|[30;1mp[0m|[7;1m [0m|[30;1mp[0m|[30;1mp[0m|| 7
[32;1m[Board] [0m   -------------------
[32;1m[Board] [0m 6 ||[7;1m [0m| |[30;1mk[0m| |[7;1m [0m|[30;1mp[0m|[7;1m [0m| || 6
[32;1m[Board] [0m   -------------------
[32;1m[Board] [0m 5 || |[7;1m [0m| |[7;1m [0m|[0;1mp[0m|[7;1m [0m| |[7;1m [0m|| 5
[32;1m[Board] [0m   -------------------
[32;1m[Board] [0m 4 ||[7;1m [0m| |[7;1m [0m| |[7;1m [0m| |[7;1m [0m| || 4
[32;1m[Board] [0m   -------------------
[32;1m[Board] [0m 3 || |[7;1m [0m| |[7;1m [0m| |[0;1mk[0m| |[0;1mp[0m|| 3
[32;1m[Board] [0m   -------------------
[32;1m[Board] [0m 2 ||[0;1mp[0m|[0;1mp[0m|[0;1mp[0m| |[7;1m [0m|[0;1mp[0m|[0;1mp[0m| || 2
[32;1m[Board] [0m   -------------------
[32;1m[Board] [0m 1 ||[0;1mr[0m|[0;1mk[0m|[0;1mb[0m|[0;1mQ[0m|[0;1mK[0m|[0;1mb[0m| |[0;1mr[0m|| 1
[32;1m[Board] [0m   -------------------
[32;1m[Board] [0m     a b c d e f g h
[32;1m[Board] [0m
[32;1m[Referee] [0mThis is the turn of the Black player...
new one at 2 number of nodes 161 no of distinct states visited 161 time left 9.97477
new one at 3 number of nodes 613 no of distinct states visited 509 time left 9.8794
new one at 4 number of nodes 5088 no of distinct states visited 4674 time left 8.96738
new one at 5 number of nodes 23816 no of distinct states visited 18065 time left 4.7638
new one at 6 number of nodes 27043 no of distinct states visited 36888 time left 0.999788
ok it did depth 5 and now we're doing move c6e5 with evaluation 15 number of nodes examined is 23816
[32;1m[Game] [0mPlayer's error code: 0
[32;1m[Game] [0mChecking move validity...
[32;1m[Board] [0mInitializing board (size: 8)...
[32;1m[Board] [0m32 piece(s) on board.
[32;1m[Board] [0mLoading history file `championship/chess-engine3-chess_project_pelm/history.csv`...
[32;1m[Board] [0mLoaded 11 move(s).
[32;1m[Board] [0mHistory replayed, 30 piece(s) on board.
[32;1m[Board] [0mLoading move file `championship/chess-engine3-chess_project_pelm/move.csv`...
[32;1m[Board] [0mBlack player is playing c6 to e5.
[32;1m[Board] [0m[5;1mBlack Knight is taking White Pawn.[0m
[32;1m[Board] [0m
[32;1m[Board] [0m     a b c d e f g h
[32;1m[Board] [0m   -------------------
[32;1m[Board] [0m 8 ||[30;1mr[0m| |[30;1mb[0m|[30;1mQ[0m|[30;1mK[0m|[30;1mb[0m|[7;1m [0m|[30;1mr[0m|| 8
[32;1m[Board] [0m   -------------------
[32;1m[Board] [0m 7 ||[30;1mp[0m|[30;1mp[0m|[30;1mp[0m|[30;1mp[0m|[30;1mp[0m|[7;1m [0m|[30;1mp[0m|[30;1mp[0m|| 7
[32;1m[Board] [0m   -------------------
[32;1m[Board] [0m 6 ||[7;1m [0m| |[7;1m [0m| |[7;1m [0m|[30;1mp[0m|[7;1m [0m| || 6
[32;1m[Board] [0m   -------------------
[32;1m[Board] [0m 5 || |[7;1m [0m| |[7;1m [0m|[30;1mk[0m|[7;1m [0m| |[7;1m [0m|| 5
[32;1m[Board] [0m   -------------------
[32;1m[Board] [0m 4 ||[7;1m [0m| |[7;1m [0m| |[7;1m [0m| |[7;1m [0m| || 4
[32;1m[Board] [0m   -------------------
[32;1m[Board] [0m 3 || |[7;1m [0m| |[7;1m [0m| |[0;1mk[0m| |[0;1mp[0m|| 3
[32;1m[Board] [0m   -------------------
[32;1m[Board] [0m 2 ||[0;1mp[0m|[0;1mp[0m|[0;1mp[0m| |[7;1m [0m|[0;1mp[0m|[0;1mp[0m| || 2
[32;1m[Board] [0m   -------------------
[32;1m[Board] [0m 1 ||[0;1mr[0m|[0;1mk[0m|[0;1mb[0m|[0;1mQ[0m|[0;1mK[0m|[0;1mb[0m| |[0;1mr[0m|| 1
[32;1m[Board] [0m   -------------------
[32;1m[Board] [0m     a b c d e f g h
[32;1m[Board] [0m
[32;1m[Referee] [0mThis is the turn of the White player...
Chess engine starting...
Hash OK after replay.
move played: b1c3
in coordinates: from (7,1) to (5,2)
[32;1m[Game] [0mPlayer's error code: 256
[32;1m[Game] [0mChecking move validity...
[32;1m[Board] [0mInitializing board (size: 8)...
[32;1m[Board] [0m32 piece(s) on board.
[32;1m[Board] [0mLoading history file `championship/chess-engine3-chess_project_pelm/history.csv`...
[32;1m[Board] [0mLoaded 12 move(s).
[32;1m[Board] [0mHistory replayed, 29 piece(s) on board.
[32;1m[Board] [0mLoading move file `championship/chess-engine3-chess_project_pelm/move.csv`...
[32;1m[Board] [0mWhite player is playing b1 to c3.
[32;1m[Board] [0m
[32;1m[Board] [0m     a b c d e f g h
[32;1m[Board] [0m   -------------------
[32;1m[Board] [0m 8 ||[30;1mr[0m| |[30;1mb[0m|[30;1mQ[0m|[30;1mK[0m|[30;1mb[0m|[7;1m [0m|[30;1mr[0m|| 8
[32;1m[Board] [0m   -------------------
[32;1m[Board] [0m 7 ||[30;1mp[0m|[30;1mp[0m|[30;1mp[0m|[30;1mp[0m|[30;1mp[0m|[7;1m [0m|[30;1mp[0m|[30;1mp[0m|| 7
[32;1m[Board] [0m   -------------------
[32;1m[Board] [0m 6 ||[7;1m [0m| |[7;1m [0m| |[7;1m [0m|[30;1mp[0m|[7;1m [0m| || 6
[32;1m[Board] [0m   -------------------
[32;1m[Board] [0m 5 || |[7;1m [0m| |[7;1m [0m|[30;1mk[0m|[7;1m [0m| |[7;1m [0m|| 5
[32;1m[Board] [0m   -------------------
[32;1m[Board] [0m 4 ||[7;1m [0m| |[7;1m [0m| |[7;1m [0m| |[7;1m [0m| || 4
[32;1m[Board] [0m   -------------------
[32;1m[Board] [0m 3 || |[7;1m [0m|[0;1mk[0m|[7;1m [0m| |[0;1mk[0m| |[0;1mp[0m|| 3
[32;1m[Board] [0m   -------------------
[32;1m[Board] [0m 2 ||[0;1mp[0m|[0;1mp[0m|[0;1mp[0m| |[7;1m [0m|[0;1mp[0m|[0;1mp[0m| || 2
[32;1m[Board] [0m   -------------------
[32;1m[Board] [0m 1 ||[0;1mr[0m|[7;1m [0m|[0;1mb[0m|[0;1mQ[0m|[0;1mK[0m|[0;1mb[0m| |[0;1mr[0m|| 1
[32;1m[Board] [0m   -------------------
[32;1m[Board] [0m     a b c d e f g h
[32;1m[Board] [0m
[32;1m[Referee] [0mThis is the turn of the Black player...
new one at 2 number of nodes 51 no of distinct states visited 51 time left 9.98572
new one at 3 number of nodes 514 no of distinct states visited 398 time left 9.90324
new one at 4 number of nodes 1530 no of distinct states visited 1494 time left 9.51043
new one at 5 number of nodes 16814 no of distinct states visited 11785 time left 6.56323
new one at 6 number of nodes 34421 no of distinct states visited 36678 time left 0.999837
ok it did depth 5 and now we're doing move d7d5 with evaluation 35 number of nodes examined is 16814
[32;1m[Game] [0mPlayer's error code: 0
[32;1m[Game] [0mChecking move validity...
[32;1m[Board] [0mInitializing board (size: 8)...
[32;1m[Board] [0m32 piece(s) on board.
[32;1m[Board] [0mLoading history file `championship/chess-engine3-chess_project_pelm/history.csv`...
[32;1m[Board] [0mLoaded 13 move(s).
[32;1m[Board] [0mHistory replayed, 29 piece(s) on board.
[32;1m[Board] [0mLoading move file `championship/chess-engine3-chess_project_pelm/move.csv`...
[32;1m[Board] [0mBlack player is playing d7 to d5.
[32;1m[Board] [0m
[32;1m[Board] [0m     a b c d e f g h
[32;1m[Board] [0m   -------------------
[32;1m[Board] [0m 8 ||[30;1mr[0m| |[30;1mb[0m|[30;1mQ[0m|[30;1mK[0m|[30;1mb[0m|[7;1m [0m|[30;1mr[0m|| 8
[32;1m[Board] [0m   -------------------
[32;1m[Board] [0m 7 ||[30;1mp[0m|[30;1mp[0m|[30;1mp[0m|[7;1m [0m|[30;1mp[0m|[7;1m [0m|[30;1mp[0m|[30;1mp[0m|| 7
[32;1m[Board] [0m   -------------------
[32;1m[Board] [0m 6 ||[7;1m [0m| |[7;1m [0m| |[7;1m [0m|[30;1mp[0m|[7;1m [0m| || 6
[32;1m[Board] [0m   -------------------
[32;1m[Board] [0m 5 || |[7;1m [0m| |[30;1mp[0m|[30;1mk[0m|[7;1m [0m| |[7;1m [0m|| 5
[32;1m[Board] [0m   -------------------
[32;1m[Board] [0m 4 ||[7;1m [0m| |[7;1m [0m| |[7;1m [0m| |[7;1m [0m| || 4
[32;1m[Board] [0m   -------------------
[32;1m[Board] [0m 3 || |[7;1m [0m|[0;1mk[0m|[7;1m [0m| |[0;1mk[0m| |[0;1mp[0m|| 3
[32;1m[Board] [0m   -------------------
[32;1m[Board] [0m 2 ||[0;1mp[0m|[0;1mp[0m|[0;1mp[0m| |[7;1m [0m|[0;1mp[0m|[0;1mp[0m| || 2
[32;1m[Board] [0m   -------------------
[32;1m[Board] [0m 1 ||[0;1mr[0m|[7;1m [0m|[0;1mb[0m|[0;1mQ[0m|[0;1mK[0m|[0;1mb[0m| |[0;1mr[0m|| 1
[32;1m[Board] [0m   -------------------
[32;1m[Board] [0m     a b c d e f g h
[32;1m[Board] [0m
[32;1m[Referee] [0mThis is the turn of the White player...
Chess engine starting...
Hash OK after replay.
move played: f3e5
in coordinates: from (5,5) to (3,4)
[32;1m[Game] [0mPlayer's error code: 256
[32;1m[Game] [0mChecking move validity...
[32;1m[Board] [0mInitializing board (size: 8)...
[32;1m[Board] [0m32 piece(s) on board.
[32;1m[Board] [0mLoading history file `championship/chess-engine3-chess_project_pelm/history.csv`...
[32;1m[Board] [0mLoaded 14 move(s).
[32;1m[Board] [0mHistory replayed, 29 piece(s) on board.
[32;1m[Board] [0mLoading move file `championship/chess-engine3-chess_project_pelm/move.csv`...
[32;1m[Board] [0mWhite player is playing f3 to e5.
[32;1m[Board] [0m[5;1mWhite Knight is taking Black Knight.[0m
[32;1m[Board] [0m
[32;1m[Board] [0m     a b c d e f g h
[32;1m[Board] [0m   -------------------
[32;1m[Board] [0m 8 ||[30;1mr[0m| |[30;1mb[0m|[30;1mQ[0m|[30;1mK[0m|[30;1mb[0m|[7;1m [0m|[30;1mr[0m|| 8
[32;1m[Board] [0m   -------------------
[32;1m[Board] [0m 7 ||[30;1mp[0m|[30;1mp[0m|[30;1mp[0m|[7;1m [0m|[30;1mp[0m|[7;1m [0m|[30;1mp[0m|[30;1mp[0m|| 7
[32;1m[Board] [0m   -------------------
[32;1m[Board] [0m 6 ||[7;1m [0m| |[7;1m [0m| |[7;1m [0m|[30;1mp[0m|[7;1m [0m| || 6
[32;1m[Board] [0m   -------------------
[32;1m[Board] [0m 5 || |[7;1m [0m| |[30;1mp[0m|[0;1mk[0m|[7;1m [0m| |[7;1m [0m|| 5
[32;1m[Board] [0m   -------------------
[32;1m[Board] [0m 4 ||[7;1m [0m| |[7;1m [0m| |[7;1m [0m| |[7;1m [0m| || 4
[32;1m[Board] [0m   -------------------
[32;1m[Board] [0m 3 || |[7;1m [0m|[0;1mk[0m|[7;1m [0m| |[7;1m [0m| |[0;1mp[0m|| 3
[32;1m[Board] [0m   -------------------
[32;1m[Board] [0m 2 ||[0;1mp[0m|[0;1mp[0m|[0;1mp[0m| |[7;1m [0m|[0;1mp[0m|[0;1mp[0m| || 2
[32;1m[Board] [0m   -------------------
[32;1m[Board] [0m 1 ||[0;1mr[0m|[7;1m [0m|[0;1mb[0m|[0;1mQ[0m|[0;1mK[0m|[0;1mb[0m| |[0;1mr[0m|| 1
[32;1m[Board] [0m   -------------------
[32;1m[Board] [0m     a b c d e f g h
[32;1m[Board] [0m
[32;1m[Referee] [0mThis is the turn of the Black player...
new one at 2 number of nodes 84 no of distinct states visited 84 time left 9.95811
new one at 3 number of nodes 293 no of distinct states visited 264 time left 9.87178
new one at 4 number of nodes 3259 no of distinct states visited 2808 time left 9.18704
new one at 5 number of nodes 19654 no of distinct states visited 14945 time left 5.47872
new one at 6 number of nodes 32617 no of distinct states visited 36908 time left 0.99979
ok it did depth 5 and now we're doing move f6e5 with evaluation -5 number of nodes examined is 19654
[32;1m[Game] [0mPlayer's error code: 0
[32;1m[Game] [0mChecking move validity...
[32;1m[Board] [0mInitializing board (size: 8)...
[32;1m[Board] [0m32 piece(s) on board.
[32;1m[Board] [0mLoading history file `championship/chess-engine3-chess_project_pelm/history.csv`...
[32;1m[Board] [0mLoaded 15 move(s).
[32;1m[Board] [0mHistory replayed, 28 piece(s) on board.
[32;1m[Board] [0mLoading move file `championship/chess-engine3-chess_project_pelm/move.csv`...
[32;1m[Board] [0mBlack player is playing f6 to e5.
[32;1m[Board] [0m[5;1mBlack Pawn is taking White Knight.[0m
[32;1m[Board] [0m
[32;1m[Board] [0m     a b c d e f g h
[32;1m[Board] [0m   -------------------
[32;1m[Board] [0m 8 ||[30;1mr[0m| |[30;1mb[0m|[30;1mQ[0m|[30;1mK[0m|[30;1mb[0m|[7;1m [0m|[30;1mr[0m|| 8
[32;1m[Board] [0m   -------------------
[32;1m[Board] [0m 7 ||[30;1mp[0m|[30;1mp[0m|[30;1mp[0m|[7;1m [0m|[30;1mp[0m|[7;1m [0m|[30;1mp[0m|[30;1mp[0m|| 7
[32;1m[Board] [0m   -------------------
[32;1m[Board] [0m 6 ||[7;1m [0m| |[7;1m [0m| |[7;1m [0m| |[7;1m [0m| || 6
[32;1m[Board] [0m   -------------------
[32;1m[Board] [0m 5 || |[7;1m [0m| |[30;1mp[0m|[30;1mp[0m|[7;1m [0m| |[7;1m [0m|| 5
[32;1m[Board] [0m   -------------------
[32;1m[Board] [0m 4 ||[7;1m [0m| |[7;1m [0m| |[7;1m [0m| |[7;1m [0m| || 4
[32;1m[Board] [0m   -------------------
[32;1m[Board] [0m 3 || |[7;1m [0m|[0;1mk[0m|[7;1m [0m| |[7;1m [0m| |[0;1mp[0m|| 3
[32;1m[Board] [0m   -------------------
[32;1m[Board] [0m 2 ||[0;1mp[0m|[0;1mp[0m|[0;1mp[0m| |[7;1m [0m|[0;1mp[0m|[0;1mp[0m| || 2
[32;1m[Board] [0m   -------------------
[32;1m[Board] [0m 1 ||[0;1mr[0m|[7;1m [0m|[0;1mb[0m|[0;1mQ[0m|[0;1mK[0m|[0;1mb[0m| |[0;1mr[0m|| 1
[32;1m[Board] [0m   -------------------
[32;1m[Board] [0m     a b c d e f g h
[32;1m[Board] [0m
[32;1m[Referee] [0mThis is the turn of the White player...
Chess engine starting...
Hash OK after replay.
move played: c3d5
in coordinates: from (5,2) to (3,3)
[32;1m[Game] [0mPlayer's error code: 256
[32;1m[Game] [0mChecking move validity...
[32;1m[Board] [0mInitializing board (size: 8)...
[32;1m[Board] [0m32 piece(s) on board.
[32;1m[Board] [0mLoading history file `championship/chess-engine3-chess_project_pelm/history.csv`...
[32;1m[Board] [0mLoaded 16 move(s).
[32;1m[Board] [0mHistory replayed, 27 piece(s) on board.
[32;1m[Board] [0mLoading move file `championship/chess-engine3-chess_project_pelm/move.csv`...
[32;1m[Board] [0mWhite player is playing c3 to d5.
[32;1m[Board] [0m[5;1mWhite Knight is taking Black Pawn.[0m
[32;1m[Board] [0m
[32;1m[Board] [0m     a b c d e f g h
[32;1m[Board] [0m   -------------------
[32;1m[Board] [0m 8 ||[30;1mr[0m| |[30;1mb[0m|[30;1mQ[0m|[30;1mK[0m|[30;1mb[0m|[7;1m [0m|[30;1mr[0m|| 8
[32;1m[Board] [0m   -------------------
[32;1m[Board] [0m 7 ||[30;1mp[0m|[30;1mp[0m|[30;1mp[0m|[7;1m [0m|[30;1mp[0m|[7;1m [0m|[30;1mp[0m|[30;1mp[0m|| 7
[32;1m[Board] [0m   -------------------
[32;1m[Board] [0m 6 ||[7;1m [0m| |[7;1m [0m| |[7;1m [0m| |[7;1m [0m| || 6
[32;1m[Board] [0m   -------------------
[32;1m[Board] [0m 5 || |[7;1m [0m| |[0;1mk[0m|[30;1mp[0m|[7;1m [0m| |[7;1m [0m|| 5
[32;1m[Board] [0m   -------------------
[32;1m[Board] [0m 4 ||[7;1m [0m| |[7;1m [0m| |[7;1m [0m| |[7;1m [0m| || 4
[32;1m[Board] [0m   -------------------
[32;1m[Board] [0m 3 || |[7;1m [0m| |[7;1m [0m| |[7;1m [0m| |[0;1mp[0m|| 3
[32;1m[Board] [0m   -------------------
[32;1m[Board] [0m 2 ||[0;1mp[0m|[0;1mp[0m|[0;1mp[0m| |[7;1m [0m|[0;1mp[0m|[0;1mp[0m| || 2
[32;1m[Board] [0m   -------------------
[32;1m[Board] [0m 1 ||[0;1mr[0m|[7;1m [0m|[0;1mb[0m|[0;1mQ[0m|[0;1mK[0m|[0;1mb[0m| |[0;1mr[0m|| 1
[32;1m[Board] [0m   -------------------
[32;1m[Board] [0m     a b c d e f g h
[32;1m[Board] [0m
[32;1m[Referee] [0mThis is the turn of the Black player...
new one at 2 number of nodes 162 no of distinct states visited 162 time left 9.94256
new one at 3 number of nodes 1105 no of distinct states visited 1006 time left 9.74188
new one at 4 number of nodes 12014 no of distinct states visited 9680 time left 7.92697
new one at 5 number of nodes 32633 no of distinct states visited 30033 time left 0.999676
ok it did depth 4 and now we're doing move e8f7 with evaluation -275 number of nodes examined is 12014
[32;1m[Game] [0mPlayer's error code: 0
[32;1m[Game] [0mChecking move validity...
[32;1m[Board] [0mInitializing board (size: 8)...
[32;1m[Board] [0m32 piece(s) on board.
[32;1m[Board] [0mLoading history file `championship/chess-engine3-chess_project_pelm/history.csv`...
[32;1m[Board] [0mLoaded 17 move(s).
[32;1m[Board] [0mHistory replayed, 26 piece(s) on board.
[32;1m[Board] [0mLoading move file `championship/chess-engine3-chess_project_pelm/move.csv`...
[32;1m[Board] [0mBlack player is playing e8 to f7.
[32;1m[Board] [0m
[32;1m[Board] [0m     a b c d e f g h
[32;1m[Board] [0m   -------------------
[32;1m[Board] [0m 8 ||[30;1mr[0m| |[30;1mb[0m|[30;1mQ[0m|[7;1m [0m|[30;1mb[0m|[7;1m [0m|[30;1mr[0m|| 8
[32;1m[Board] [0m   -------------------
[32;1m[Board] [0m 7 ||[30;1mp[0m|[30;1mp[0m|[30;1mp[0m|[7;1m [0m|[30;1mp[0m|[30;1mK[0m|[30;1mp[0m|[30;1mp[0m|| 7
[32;1m[Board] [0m   -------------------
[32;1m[Board] [0m 6 ||[7;1m [0m| |[7;1m [0m| |[7;1m [0m| |[7;1m [0m| || 6
[32;1m[Board] [0m   -------------------
[32;1m[Board] [0m 5 || |[7;1m [0m| |[0;1mk[0m|[30;1mp[0m|[7;1m [0m| |[7;1m [0m|| 5
[32;1m[Board] [0m   -------------------
[32;1m[Board] [0m 4 ||[7;1m [0m| |[7;1m [0m| |[7;1m [0m| |[7;1m [0m| || 4
[32;1m[Board] [0m   -------------------
[32;1m[Board] [0m 3 || |[7;1m [0m| |[7;1m [0m| |[7;1m [0m| |[0;1mp[0m|| 3
[32;1m[Board] [0m   -------------------
[32;1m[Board] [0m 2 ||[0;1mp[0m|[0;1mp[0m|[0;1mp[0m| |[7;1m [0m|[0;1mp[0m|[0;1mp[0m| || 2
[32;1m[Board] [0m   -------------------
[32;1m[Board] [0m 1 ||[0;1mr[0m|[7;1m [0m|[0;1mb[0m|[0;1mQ[0m|[0;1mK[0m|[0;1mb[0m| |[0;1mr[0m|| 1
[32;1m[Board] [0m   -------------------
[32;1m[Board] [0m     a b c d e f g h
[32;1m[Board] [0m
[32;1m[Referee] [0mThis is the turn of the White player...
Chess engine starting...
Hash OK after replay.
move played: c1g5
in coordinates: from (7,2) to (3,6)
[32;1m[Game] [0mPlayer's error code: 256
[32;1m[Game] [0mChecking move validity...
[32;1m[Board] [0mInitializing board (size: 8)...
[32;1m[Board] [0m32 piece(s) on board.
[32;1m[Board] [0mLoading history file `championship/chess-engine3-chess_project_pelm/history.csv`...
[32;1m[Board] [0mLoaded 18 move(s).
[32;1m[Board] [0mHistory replayed, 26 piece(s) on board.
[32;1m[Board] [0mLoading move file `championship/chess-engine3-chess_project_pelm/move.csv`...
[32;1m[Board] [0mWhite player is playing c1 to g5.
[32;1m[Board] [0m
[32;1m[Board] [0m     a b c d e f g h
[32;1m[Board] [0m   -------------------
[32;1m[Board] [0m 8 ||[30;1mr[0m| |[30;1mb[0m|[30;1mQ[0m|[7;1m [0m|[30;1mb[0m|[7;1m [0m|[30;1mr[0m|| 8
[32;1m[Board] [0m   -------------------
[32;1m[Board] [0m 7 ||[30;1mp[0m|[30;1mp[0m|[30;1mp[0m|[7;1m [0m|[30;1mp[0m|[30;1mK[0m|[30;1mp[0m|[30;1mp[0m|| 7
[32;1m[Board] [0m   -------------------
[32;1m[Board] [0m 6 ||[7;1m [0m| |[7;1m [0m| |[7;1m [0m| |[7;1m [0m| || 6
[32;1m[Board] [0m   -------------------
[32;1m[Board] [0m 5 || |[7;1m [0m| |[0;1mk[0m|[30;1mp[0m|[7;1m [0m|[0;1mb[0m|[7;1m [0m|| 5
[32;1m[Board] [0m   -------------------
[32;1m[Board] [0m 4 ||[7;1m [0m| |[7;1m [0m| |[7;1m [0m| |[7;1m [0m| || 4
[32;1m[Board] [0m   -------------------
[32;1m[Board] [0m 3 || |[7;1m [0m| |[7;1m [0m| |[7;1m [0m| |[0;1mp[0m|| 3
[32;1m[Board] [0m   -------------------
[32;1m[Board] [0m 2 ||[0;1mp[0m|[0;1mp[0m|[0;1mp[0m| |[7;1m [0m|[0;1mp[0m|[0;1mp[0m| || 2
[32;1m[Board] [0m   -------------------
[32;1m[Board] [0m 1 ||[0;1mr[0m|[7;1m [0m| |[0;1mQ[0m|[0;1mK[0m|[0;1mb[0m| |[0;1mr[0m|| 1
[32;1m[Board] [0m   -------------------
[32;1m[Board] [0m     a b c d e f g h
[32;1m[Board] [0m
[32;1m[Referee] [0mThis is the turn of the Black player...
new one at 2 number of nodes 185 no of distinct states visited 185 time left 9.9681
new one at 3 number of nodes 1067 no of distinct states visited 813 time left 9.77644
new one at 4 number of nodes 12648 no of distinct states visited 11017 time left 7.91326
new one at 5 number of nodes 32931 no of distinct states visited 31069 time left 0.999647
ok it did depth 4 and now we're doing move e5e4 with evaluation -295 number of nodes examined is 12648
[32;1m[Game] [0mPlayer's error code: 0
[32;1m[Game] [0mChecking move validity...
[32;1m[Board] [0mInitializing board (size: 8)...
[32;1m[Board] [0m32 piece(s) on board.
[32;1m[Board] [0mLoading history file `championship/chess-engine3-chess_project_pelm/history.csv`...
[32;1m[Board] [0mLoaded 19 move(s).
[32;1m[Board] [0mHistory replayed, 26 piece(s) on board.
[32;1m[Board] [0mLoading move file `championship/chess-engine3-chess_project_pelm/move.csv`...
[32;1m[Board] [0mBlack player is playing e5 to e4.
[32;1m[Board] [0m
[32;1m[Board] [0m     a b c d e f g h
[32;1m[Board] [0m   -------------------
[32;1m[Board] [0m 8 ||[30;1mr[0m| |[30;1mb[0m|[30;1mQ[0m|[7;1m [0m|[30;1mb[0m|[7;1m [0m|[30;1mr[0m|| 8
[32;1m[Board] [0m   -------------------
[32;1m[Board] [0m 7 ||[30;1mp[0m|[30;1mp[0m|[30;1mp[0m|[7;1m [0m|[30;1mp[0m|[30;1mK[0m|[30;1mp[0m|[30;1mp[0m|| 7
[32;1m[Board] [0m   -------------------
[32;1m[Board] [0m 6 ||[7;1m [0m| |[7;1m [0m| |[7;1m [0m| |[7;1m [0m| || 6
[32;1m[Board] [0m   -------------------
[32;1m[Board] [0m 5 || |[7;1m [0m| |[0;1mk[0m| |[7;1m [0m|[0;1mb[0m|[7;1m [0m|| 5
[32;1m[Board] [0m   -------------------
[32;1m[Board] [0m 4 ||[7;1m [0m| |[7;1m [0m| |[30;1mp[0m| |[7;1m [0m| || 4
[32;1m[Board] [0m   -------------------
[32;1m[Board] [0m 3 || |[7;1m [0m| |[7;1m [0m| |[7;1m [0m| |[0;1mp[0m|| 3
[32;1m[Board] [0m   -------------------
[32;1m[Board] [0m 2 ||[0;1mp[0m|[0;1mp[0m|[0;1mp[0m| |[7;1m [0m|[0;1mp[0m|[0;1mp[0m| || 2
[32;1m[Board] [0m   -------------------
[32;1m[Board] [0m 1 ||[0;1mr[0m|[7;1m [0m| |[0;1mQ[0m|[0;1mK[0m|[0;1mb[0m| |[0;1mr[0m|| 1
[32;1m[Board] [0m   -------------------
[32;1m[Board] [0m     a b c d e f g h
[32;1m[Board] [0m
[32;1m[Referee] [0mThis is the turn of the White player...
Chess engine starting...
Hash OK after replay.
move played: g5f4
in coordinates: from (3,6) to (4,5)
[32;1m[Game] [0mPlayer's error code: 256
[32;1m[Game] [0mChecking move validity...
[32;1m[Board] [0mInitializing board (size: 8)...
[32;1m[Board] [0m32 piece(s) on board.
[32;1m[Board] [0mLoading history file `championship/chess-engine3-chess_project_pelm/history.csv`...
[32;1m[Board] [0mLoaded 20 move(s).
[32;1m[Board] [0mHistory replayed, 26 piece(s) on board.
[32;1m[Board] [0mLoading move file `championship/chess-engine3-chess_project_pelm/move.csv`...
[32;1m[Board] [0mWhite player is playing g5 to f4.
[32;1m[Board] [0m
[32;1m[Board] [0m     a b c d e f g h
[32;1m[Board] [0m   -------------------
[32;1m[Board] [0m 8 ||[30;1mr[0m| |[30;1mb[0m|[30;1mQ[0m|[7;1m [0m|[30;1mb[0m|[7;1m [0m|[30;1mr[0m|| 8
[32;1m[Board] [0m   -------------------
[32;1m[Board] [0m 7 ||[30;1mp[0m|[30;1mp[0m|[30;1mp[0m|[7;1m [0m|[30;1mp[0m|[30;1mK[0m|[30;1mp[0m|[30;1mp[0m|| 7
[32;1m[Board] [0m   -------------------
[32;1m[Board] [0m 6 ||[7;1m [0m| |[7;1m [0m| |[7;1m [0m| |[7;1m [0m| || 6
[32;1m[Board] [0m   -------------------
[32;1m[Board] [0m 5 || |[7;1m [0m| |[0;1mk[0m| |[7;1m [0m| |[7;1m [0m|| 5
[32;1m[Board] [0m   -------------------
[32;1m[Board] [0m 4 ||[7;1m [0m| |[7;1m [0m| |[30;1mp[0m|[0;1mb[0m|[7;1m [0m| || 4
[32;1m[Board] [0m   -------------------
[32;1m[Board] [0m 3 || |[7;1m [0m| |[7;1m [0m| |[7;1m [0m| |[0;1mp[0m|| 3
[32;1m[Board] [0m   -------------------
[32;1m[Board] [0m 2 ||[0;1mp[0m|[0;1mp[0m|[0;1mp[0m| |[7;1m [0m|[0;1mp[0m|[0;1mp[0m| || 2
[32;1m[Board] [0m   -------------------
[32;1m[Board] [0m 1 ||[0;1mr[0m|[7;1m [0m| |[0;1mQ[0m|[0;1mK[0m|[0;1mb[0m| |[0;1mr[0m|| 1
[32;1m[Board] [0m   -------------------
[32;1m[Board] [0m     a b c d e f g h
[32;1m[Board] [0m
[32;1m[Referee] [0mThis is the turn of the Black player...
new one at 2 number of nodes 238 no of distinct states visited 238 time left 9.95883
new one at 3 number of nodes 1382 no of distinct states visited 1280 time left 9.68381
new one at 4 number of nodes 12357 no of distinct states visited 10284 time left 7.13907
new one at 5 number of nodes 27446 no of distinct states visited 27590 time left 0.999863
ok it did depth 4 and now we're doing move c7c6 with evaluation -225 number of nodes examined is 12357
[32;1m[Game] [0mPlayer's error code: 0
[32;1m[Game] [0mChecking move validity...
[32;1m[Board] [0mInitializing board (size: 8)...
[32;1m[Board] [0m32 piece(s) on board.
[32;1m[Board] [0mLoading history file `championship/chess-engine3-chess_project_pelm/history.csv`...
[32;1m[Board] [0mLoaded 21 move(s).
[32;1m[Board] [0mHistory replayed, 26 piece(s) on board.
[32;1m[Board] [0mLoading move file `championship/chess-engine3-chess_project_pelm/move.csv`...
[32;1m[Board] [0mBlack player is playing c7 to c6.
[32;1m[Board] [0m
[32;1m[Board] [0m     a b c d e f g h
[32;1m[Board] [0m   -------------------
[32;1m[Board] [0m 8 ||[30;1mr[0m| |[30;1mb[0m|[30;1mQ[0m|[7;1m [0m|[30;1mb[0m|[7;1m [0m|[30;1mr[0m|| 8
[32;1m[Board] [0m   -------------------
[32;1m[Board] [0m 7 ||[30;1mp[0m|[30;1mp[0m| |[7;1m [0m|[30;1mp[0m|[30;1mK[0m|[30;1mp[0m|[30;1mp[0m|| 7
[32;1m[Board] [0m   -------------------
[32;1m[Board] [0m 6 ||[7;1m [0m| |[30;1mp[0m| |[7;1m [0m| |[7;1m [0m| || 6
[32;1m[Board] [0m   -------------------
[32;1m[Board] [0m 5 || |[7;1m [0m| |[0;1mk[0m| |[7;1m [0m| |[7;1m [0m|| 5
[32;1m[Board] [0m   -------------------
[32;1m[Board] [0m 4 ||[7;1m [0m| |[7;1m [0m| |[30;1mp[0m|[0;1mb[0m|[7;1m [0m| || 4
[32;1m[Board] [0m   -------------------
[32;1m[Board] [0m 3 || |[7;1m [0m| |[7;1m [0m| |[7;1m [0m| |[0;1mp[0m|| 3
[32;1m[Board] [0m   -------------------
[32;1m[Board] [0m 2 ||[0;1mp[0m|[0;1mp[0m|[0;1mp[0m| |[7;1m [0m|[0;1mp[0m|[0;1mp[0m| || 2
[32;1m[Board] [0m   -------------------
[32;1m[Board] [0m 1 ||[0;1mr[0m|[7;1m [0m| |[0;1mQ[0m|[0;1mK[0m|[0;1mb[0m| |[0;1mr[0m|| 1
[32;1m[Board] [0m   -------------------
[32;1m[Board] [0m     a b c d e f g h
[32;1m[Board] [0m
[32;1m[Referee] [0mThis is the turn of the White player...
Chess engine starting...
Hash OK after replay.
move played: d5c7
in coordinates: from (3,3) to (1,2)
[32;1m[Game] [0mPlayer's error code: 256
[32;1m[Game] [0mChecking move validity...
[32;1m[Board] [0mInitializing board (size: 8)...
[32;1m[Board] [0m32 piece(s) on board.
[32;1m[Board] [0mLoading history file `championship/chess-engine3-chess_project_pelm/history.csv`...
[32;1m[Board] [0mLoaded 22 move(s).
[32;1m[Board] [0mHistory replayed, 26 piece(s) on board.
[32;1m[Board] [0mLoading move file `championship/chess-engine3-chess_project_pelm/move.csv`...
[32;1m[Board] [0mWhite player is playing d5 to c7.
[32;1m[Board] [0m
[32;1m[Board] [0m     a b c d e f g h
[32;1m[Board] [0m   -------------------
[32;1m[Board] [0m 8 ||[30;1mr[0m| |[30;1mb[0m|[30;1mQ[0m|[7;1m [0m|[30;1mb[0m|[7;1m [0m|[30;1mr[0m|| 8
[32;1m[Board] [0m   -------------------
[32;1m[Board] [0m 7 ||[30;1mp[0m|[30;1mp[0m|[0;1mk[0m|[7;1m [0m|[30;1mp[0m|[30;1mK[0m|[30;1mp[0m|[30;1mp[0m|| 7
[32;1m[Board] [0m   -------------------
[32;1m[Board] [0m 6 ||[7;1m [0m| |[30;1mp[0m| |[7;1m [0m| |[7;1m [0m| || 6
[32;1m[Board] [0m   -------------------
[32;1m[Board] [0m 5 || |[7;1m [0m| |[7;1m [0m| |[7;1m [0m| |[7;1m [0m|| 5
[32;1m[Board] [0m   -------------------
[32;1m[Board] [0m 4 ||[7;1m [0m| |[7;1m [0m| |[30;1mp[0m|[0;1mb[0m|[7;1m [0m| || 4
[32;1m[Board] [0m   -------------------
[32;1m[Board] [0m 3 || |[7;1m [0m| |[7;1m [0m| |[7;1m [0m| |[0;1mp[0m|| 3
[32;1m[Board] [0m   -------------------
[32;1m[Board] [0m 2 ||[0;1mp[0m|[0;1mp[0m|[0;1mp[0m| |[7;1m [0m|[0;1mp[0m|[0;1mp[0m| || 2
[32;1m[Board] [0m   -------------------
[32;1m[Board] [0m 1 ||[0;1mr[0m|[7;1m [0m| |[0;1mQ[0m|[0;1mK[0m|[0;1mb[0m| |[0;1mr[0m|| 1
[32;1m[Board] [0m   -------------------
[32;1m[Board] [0m     a b c d e f g h
[32;1m[Board] [0m
[32;1m[Referee] [0mThis is the turn of the Black player...
new one at 2 number of nodes 68 no of distinct states visited 68 time left 9.96959
new one at 3 number of nodes 1099 no of distinct states visited 938 time left 9.75687
new one at 4 number of nodes 2293 no of distinct states visited 2238 time left 9.09517
new one at 5 number of nodes 33915 no of distinct states visited 20640 time left 3.03847
new one at 6 number of nodes 11451 no of distinct states visited 28707 time left 0.999659
ok it did depth 5 and now we're doing move d8d1 with evaluation -150 number of nodes examined is 33915
[32;1m[Game] [0mPlayer's error code: 0
[32;1m[Game] [0mChecking move validity...
[32;1m[Board] [0mInitializing board (size: 8)...
[32;1m[Board] [0m32 piece(s) on board.
[32;1m[Board] [0mLoading history file `championship/chess-engine3-chess_project_pelm/history.csv`...
[32;1m[Board] [0mLoaded 23 move(s).
[32;1m[Board] [0mHistory replayed, 26 piece(s) on board.
[32;1m[Board] [0mLoading move file `championship/chess-engine3-chess_project_pelm/move.csv`...
[32;1m[Board] [0mBlack player is playing d8 to d1.
[32;1m[Board] [0m[5;1mBlack Queen is taking White Queen.[0m
[32;1m[Board] [0m
[32;1m[Board] [0m     a b c d e f g h
[32;1m[Board] [0m   -------------------
[32;1m[Board] [0m 8 ||[30;1mr[0m| |[30;1mb[0m| |[7;1m [0m|[30;1mb[0m|[7;1m [0m|[30;1mr[0m|| 8
[32;1m[Board] [0m   -------------------
[32;1m[Board] [0m 7 ||[30;1mp[0m|[30;1mp[0m|[0;1mk[0m|[7;1m [0m|[30;1mp[0m|[30;1mK[0m|[30;1mp[0m|[30;1mp[0m|| 7
[32;1m[Board] [0m   -------------------
[32;1m[Board] [0m 6 ||[7;1m [0m| |[30;1mp[0m| |[7;1m [0m| |[7;1m [0m| || 6
[32;1m[Board] [0m   -------------------
[32;1m[Board] [0m 5 || |[7;1m [0m| |[7;1m [0m| |[7;1m [0m| |[7;1m [0m|| 5
[32;1m[Board] [0m   -------------------
[32;1m[Board] [0m 4 ||[7;1m [0m| |[7;1m [0m| |[30;1mp[0m|[0;1mb[0m|[7;1m [0m| || 4
[32;1m[Board] [0m   -------------------
[32;1m[Board] [0m 3 || |[7;1m [0m| |[7;1m [0m| |[7;1m [0m| |[0;1mp[0m|| 3
[32;1m[Board] [0m   -------------------
[32;1m[Board] [0m 2 ||[0;1mp[0m|[0;1mp[0m|[0;1mp[0m| |[7;1m [0m|[0;1mp[0m|[0;1mp[0m| || 2
[32;1m[Board] [0m   -------------------
[32;1m[Board] [0m 1 ||[0;1mr[0m|[7;1m [0m| |[30;1mQ[0m|[0;1mK[0m|[0;1mb[0m| |[0;1mr[0m|| 1
[32;1m[Board] [0m   -------------------
[32;1m[Board] [0m     a b c d e f g h
[32;1m[Board] [0m
[32;1m[Referee] [0mThis is the turn of the White player...
Chess engine starting...
Hash OK after replay.
move played: e1d1
in coordinates: from (7,4) to (7,3)
[32;1m[Game] [0mPlayer's error code: 256
[32;1m[Game] [0mChecking move validity...
[32;1m[Board] [0mInitializing board (size: 8)...
[32;1m[Board] [0m32 piece(s) on board.
[32;1m[Board] [0mLoading history file `championship/chess-engine3-chess_project_pelm/history.csv`...
[32;1m[Board] [0mLoaded 24 move(s).
[32;1m[Board] [0mHistory replayed, 25 piece(s) on board.
[32;1m[Board] [0mLoading move file `championship/chess-engine3-chess_project_pelm/move.csv`...
[32;1m[Board] [0mWhite player is playing e1 to d1.
[32;1m[Board] [0m[5;1mWhite King is taking Black Queen.[0m
[32;1m[Board] [0m
[32;1m[Board] [0m     a b c d e f g h
[32;1m[Board] [0m   -------------------
[32;1m[Board] [0m 8 ||[30;1mr[0m| |[30;1mb[0m| |[7;1m [0m|[30;1mb[0m|[7;1m [0m|[30;1mr[0m|| 8
[32;1m[Board] [0m   -------------------
[32;1m[Board] [0m 7 ||[30;1mp[0m|[30;1mp[0m|[0;1mk[0m|[7;1m [0m|[30;1mp[0m|[30;1mK[0m|[30;1mp[0m|[30;1mp[0m|| 7
[32;1m[Board] [0m   -------------------
[32;1m[Board] [0m 6 ||[7;1m [0m| |[30;1mp[0m| |[7;1m [0m| |[7;1m [0m| || 6
[32;1m[Board] [0m   -------------------
[32;1m[Board] [0m 5 || |[7;1m [0m| |[7;1m [0m| |[7;1m [0m| |[7;1m [0m|| 5
[32;1m[Board] [0m   -------------------
[32;1m[Board] [0m 4 ||[7;1m [0m| |[7;1m [0m| |[30;1mp[0m|[0;1mb[0m|[7;1m [0m| || 4
[32;1m[Board] [0m   -------------------
[32;1m[Board] [0m 3 || |[7;1m [0m| |[7;1m [0m| |[7;1m [0m| |[0;1mp[0m|| 3
[32;1m[Board] [0m   -------------------
[32;1m[Board] [0m 2 ||[0;1mp[0m|[0;1mp[0m|[0;1mp[0m| |[7;1m [0m|[0;1mp[0m|[0;1mp[0m| || 2
[32;1m[Board] [0m   -------------------
[32;1m[Board] [0m 1 ||[0;1mr[0m|[7;1m [0m| |[0;1mK[0m| |[0;1mb[0m| |[0;1mr[0m|| 1
[32;1m[Board] [0m   -------------------
[32;1m[Board] [0m     a b c d e f g h
[32;1m[Board] [0m
[32;1m[Referee] [0mThis is the turn of the Black player...
new one at 2 number of nodes 125 no of distinct states visited 125 time left 9.97978
new one at 3 number of nodes 672 no of distinct states visited 613 time left 9.86839
new one at 4 number of nodes 5380 no of distinct states visited 4523 time left 9.06454
new one at 5 number of nodes 25064 no of distinct states visited 15631 time left 4.68199
new one at 6 number of nodes 32241 no of distinct states visited 35949 time left 0.999756
ok it did depth 5 and now we're doing move a8b8 with evaluation -185 number of nodes examined is 25064
[32;1m[Game] [0mPlayer's error code: 0
[32;1m[Game] [0mChecking move validity...
[32;1m[Board] [0mInitializing board (size: 8)...
[32;1m[Board] [0m32 piece(s) on board.
[32;1m[Board] [0mLoading history file `championship/chess-engine3-chess_project_pelm/history.csv`...
[32;1m[Board] [0mLoaded 25 move(s).
[32;1m[Board] [0mHistory replayed, 24 piece(s) on board.
[32;1m[Board] [0mLoading move file `championship/chess-engine3-chess_project_pelm/move.csv`...
[32;1m[Board] [0mBlack player is playing a8 to b8.
[32;1m[Board] [0m
[32;1m[Board] [0m     a b c d e f g h
[32;1m[Board] [0m   -------------------
[32;1m[Board] [0m 8 ||[7;1m [0m|[30;1mr[0m|[30;1mb[0m| |[7;1m [0m|[30;1mb[0m|[7;1m [0m|[30;1mr[0m|| 8
[32;1m[Board] [0m   -------------------
[32;1m[Board] [0m 7 ||[30;1mp[0m|[30;1mp[0m|[0;1mk[0m|[7;1m [0m|[30;1mp[0m|[30;1mK[0m|[30;1mp[0m|[30;1mp[0m|| 7
[32;1m[Board] [0m   -------------------
[32;1m[Board] [0m 6 ||[7;1m [0m| |[30;1mp[0m| |[7;1m [0m| |[7;1m [0m| || 6
[32;1m[Board] [0m   -------------------
[32;1m[Board] [0m 5 || |[7;1m [0m| |[7;1m [0m| |[7;1m [0m| |[7;1m [0m|| 5
[32;1m[Board] [0m   -------------------
[32;1m[Board] [0m 4 ||[7;1m [0m| |[7;1m [0m| |[30;1mp[0m|[0;1mb[0m|[7;1m [0m| || 4
[32;1m[Board] [0m   -------------------
[32;1m[Board] [0m 3 || |[7;1m [0m| |[7;1m [0m| |[7;1m [0m| |[0;1mp[0m|| 3
[32;1m[Board] [0m   -------------------
[32;1m[Board] [0m 2 ||[0;1mp[0m|[0;1mp[0m|[0;1mp[0m| |[7;1m [0m|[0;1mp[0m|[0;1mp[0m| || 2
[32;1m[Board] [0m   -------------------
[32;1m[Board] [0m 1 ||[0;1mr[0m|[7;1m [0m| |[0;1mK[0m| |[0;1mb[0m| |[0;1mr[0m|| 1
[32;1m[Board] [0m   -------------------
[32;1m[Board] [0m     a b c d e f g h
[32;1m[Board] [0m
[32;1m[Referee] [0mThis is the turn of the White player...
Chess engine starting...
Hash OK after replay.
move played: c7e6
in coordinates: from (1,2) to (2,4)
[32;1m[Game] [0mPlayer's error code: 256
[32;1m[Game] [0mChecking move validity...
[32;1m[Board] [0mInitializing board (size: 8)...
[32;1m[Board] [0m32 piece(s) on board.
[32;1m[Board] [0mLoading history file `championship/chess-engine3-chess_project_pelm/history.csv`...
[32;1m[Board] [0mLoaded 26 move(s).
[32;1m[Board] [0mHistory replayed, 24 piece(s) on board.
[32;1m[Board] [0mLoading move file `championship/chess-engine3-chess_project_pelm/move.csv`...
[32;1m[Board] [0mWhite player is playing c7 to e6.
[32;1m[Board] [0m
[32;1m[Board] [0m     a b c d e f g h
[32;1m[Board] [0m   -------------------
[32;1m[Board] [0m 8 ||[7;1m [0m|[30;1mr[0m|[30;1mb[0m| |[7;1m [0m|[30;1mb[0m|[7;1m [0m|[30;1mr[0m|| 8
[32;1m[Board] [0m   -------------------
[32;1m[Board] [0m 7 ||[30;1mp[0m|[30;1mp[0m| |[7;1m [0m|[30;1mp[0m|[30;1mK[0m|[30;1mp[0m|[30;1mp[0m|| 7
[32;1m[Board] [0m   -------------------
[32;1m[Board] [0m 6 ||[7;1m [0m| |[30;1mp[0m| |[0;1mk[0m| |[7;1m [0m| || 6
[32;1m[Board] [0m   -------------------
[32;1m[Board] [0m 5 || |[7;1m [0m| |[7;1m [0m| |[7;1m [0m| |[7;1m [0m|| 5
[32;1m[Board] [0m   -------------------
[32;1m[Board] [0m 4 ||[7;1m [0m| |[7;1m [0m| |[30;1mp[0m|[0;1mb[0m|[7;1m [0m| || 4
[32;1m[Board] [0m   -------------------
[32;1m[Board] [0m 3 || |[7;1m [0m| |[7;1m [0m| |[7;1m [0m| |[0;1mp[0m|| 3
[32;1m[Board] [0m   -------------------
[32;1m[Board] [0m 2 ||[0;1mp[0m|[0;1mp[0m|[0;1mp[0m| |[7;1m [0m|[0;1mp[0m|[0;1mp[0m| || 2
[32;1m[Board] [0m   -------------------
[32;1m[Board] [0m 1 ||[0;1mr[0m|[7;1m [0m| |[0;1mK[0m| |[0;1mb[0m| |[0;1mr[0m|| 1
[32;1m[Board] [0m   -------------------
[32;1m[Board] [0m     a b c d e f g h
[32;1m[Board] [0m
[32;1m[Referee] [0mThis is the turn of the Black player...
new one at 2 number of nodes 73 no of distinct states visited 73 time left 9.96836
new one at 3 number of nodes 627 no of distinct states visited 551 time left 9.87041
new one at 4 number of nodes 3707 no of distinct states visited 2869 time left 9.16567
new one at 5 number of nodes 11531 no of distinct states visited 9401 time left 7.27029
new one at 6 number of nodes 51973 no of distinct states visited 42031 time left 0.999792
ok it did depth 5 and now we're doing move b8a8 with evaluation -135 number of nodes examined is 11531
[32;1m[Game] [0mPlayer's error code: 0
[32;1m[Game] [0mChecking move validity...
[32;1m[Board] [0mInitializing board (size: 8)...
[32;1m[Board] [0m32 piece(s) on board.
[32;1m[Board] [0mLoading history file `championship/chess-engine3-chess_project_pelm/history.csv`...
[32;1m[Board] [0mLoaded 27 move(s).
[32;1m[Board] [0mHistory replayed, 24 piece(s) on board.
[32;1m[Board] [0mLoading move file `championship/chess-engine3-chess_project_pelm/move.csv`...
[32;1m[Board] [0mBlack player is playing b8 to a8.
[32;1m[Board] [0m
[32;1m[Board] [0m     a b c d e f g h
[32;1m[Board] [0m   -------------------
[32;1m[Board] [0m 8 ||[30;1mr[0m| |[30;1mb[0m| |[7;1m [0m|[30;1mb[0m|[7;1m [0m|[30;1mr[0m|| 8
[32;1m[Board] [0m   -------------------
[32;1m[Board] [0m 7 ||[30;1mp[0m|[30;1mp[0m| |[7;1m [0m|[30;1mp[0m|[30;1mK[0m|[30;1mp[0m|[30;1mp[0m|| 7
[32;1m[Board] [0m   -------------------
[32;1m[Board] [0m 6 ||[7;1m [0m| |[30;1mp[0m| |[0;1mk[0m| |[7;1m [0m| || 6
[32;1m[Board] [0m   -------------------
[32;1m[Board] [0m 5 || |[7;1m [0m| |[7;1m [0m| |[7;1m [0m| |[7;1m [0m|| 5
[32;1m[Board] [0m   -------------------
[32;1m[Board] [0m 4 ||[7;1m [0m| |[7;1m [0m| |[30;1mp[0m|[0;1mb[0m|[7;1m [0m| || 4
[32;1m[Board] [0m   -------------------
[32;1m[Board] [0m 3 || |[7;1m [0m| |[7;1m [0m| |[7;1m [0m| |[0;1mp[0m|| 3
[32;1m[Board] [0m   -------------------
[32;1m[Board] [0m 2 ||[0;1mp[0m|[0;1mp[0m|[0;1mp[0m| |[7;1m [0m|[0;1mp[0m|[0;1mp[0m| || 2
[32;1m[Board] [0m   -------------------
[32;1m[Board] [0m 1 ||[0;1mr[0m|[7;1m [0m| |[0;1mK[0m| |[0;1mb[0m| |[0;1mr[0m|| 1
[32;1m[Board] [0m   -------------------
[32;1m[Board] [0m     a b c d e f g h
[32;1m[Board] [0m
[32;1m[Referee] [0mThis is the turn of the White player...
Chess engine starting...
Hash OK after replay.
move played: e6g5
in coordinates: from (2,4) to (3,6)
[32;1m[Game] [0mPlayer's error code: 256
[32;1m[Game] [0mChecking move validity...
[32;1m[Board] [0mInitializing board (size: 8)...
[32;1m[Board] [0m32 piece(s) on board.
[32;1m[Board] [0mLoading history file `championship/chess-engine3-chess_project_pelm/history.csv`...
[32;1m[Board] [0mLoaded 28 move(s).
[32;1m[Board] [0mHistory replayed, 24 piece(s) on board.
[32;1m[Board] [0mLoading move file `championship/chess-engine3-chess_project_pelm/move.csv`...
[32;1m[Board] [0mWhite player is playing e6 to g5.
[32;1m[Board] [0m
[32;1m[Board] [0m     a b c d e f g h
[32;1m[Board] [0m   -------------------
[32;1m[Board] [0m 8 ||[30;1mr[0m| |[30;1mb[0m| |[7;1m [0m|[30;1mb[0m|[7;1m [0m|[30;1mr[0m|| 8
[32;1m[Board] [0m   -------------------
[32;1m[Board] [0m 7 ||[30;1mp[0m|[30;1mp[0m| |[7;1m [0m|[30;1mp[0m|[30;1mK[0m|[30;1mp[0m|[30;1mp[0m|| 7
[32;1m[Board] [0m   -------------------
[32;1m[Board] [0m 6 ||[7;1m [0m| |[30;1mp[0m| |[7;1m [0m| |[7;1m [0m| || 6
[32;1m[Board] [0m   -------------------
[32;1m[Board] [0m 5 || |[7;1m [0m| |[7;1m [0m| |[7;1m [0m|[0;1mk[0m|[7;1m [0m|| 5
[32;1m[Board] [0m   -------------------
[32;1m[Board] [0m 4 ||[7;1m [0m| |[7;1m [0m| |[30;1mp[0m|[0;1mb[0m|[7;1m [0m| || 4
[32;1m[Board] [0m   -------------------
[32;1m[Board] [0m 3 || |[7;1m [0m| |[7;1m [0m| |[7;1m [0m| |[0;1mp[0m|| 3
[32;1m[Board] [0m   -------------------
[32;1m[Board] [0m 2 ||[0;1mp[0m|[0;1mp[0m|[0;1mp[0m| |[7;1m [0m|[0;1mp[0m|[0;1mp[0m| || 2
[32;1m[Board] [0m   -------------------
[32;1m[Board] [0m 1 ||[0;1mr[0m|[7;1m [0m| |[0;1mK[0m| |[0;1mb[0m| |[0;1mr[0m|| 1
[32;1m[Board] [0m   -------------------
[32;1m[Board] [0m     a b c d e f g h
[32;1m[Board] [0m
[32;1m[Referee] [0mThis is the turn of the Black player...
new one at 2 number of nodes 45 no of distinct states visited 45 time left 9.99443
new one at 3 number of nodes 143 no of distinct states visited 139 time left 9.9712
new one at 4 number of nodes 1942 no of distinct states visited 1708 time left 9.75744
new one at 5 number of nodes 13233 no of distinct states visited 10572 time left 7.31607
new one at 6 number of nodes 58616 no of distinct states visited 46909 time left 0.999792
ok it did depth 5 and now we're doing move f7g6 with evaluation -130 number of nodes examined is 13233
[32;1m[Game] [0mPlayer's error code: 0
[32;1m[Game] [0mChecking move validity...
[32;1m[Board] [0mInitializing board (size: 8)...
[32;1m[Board] [0m32 piece(s) on board.
[32;1m[Board] [0mLoading history file `championship/chess-engine3-chess_project_pelm/history.csv`...
[32;1m[Board] [0mLoaded 29 move(s).
[32;1m[Board] [0mHistory replayed, 24 piece(s) on board.
[32;1m[Board] [0mLoading move file `championship/chess-engine3-chess_project_pelm/move.csv`...
[32;1m[Board] [0mBlack player is playing f7 to g6.
[32;1m[Board] [0m
[32;1m[Board] [0m     a b c d e f g h
[32;1m[Board] [0m   -------------------
[32;1m[Board] [0m 8 ||[30;1mr[0m| |[30;1mb[0m| |[7;1m [0m|[30;1mb[0m|[7;1m [0m|[30;1mr[0m|| 8
[32;1m[Board] [0m   -------------------
[32;1m[Board] [0m 7 ||[30;1mp[0m|[30;1mp[0m| |[7;1m [0m|[30;1mp[0m|[7;1m [0m|[30;1mp[0m|[30;1mp[0m|| 7
[32;1m[Board] [0m   -------------------
[32;1m[Board] [0m 6 ||[7;1m [0m| |[30;1mp[0m| |[7;1m [0m| |[30;1mK[0m| || 6
[32;1m[Board] [0m   -------------------
[32;1m[Board] [0m 5 || |[7;1m [0m| |[7;1m [0m| |[7;1m [0m|[0;1mk[0m|[7;1m [0m|| 5
[32;1m[Board] [0m   -------------------
[32;1m[Board] [0m 4 ||[7;1m [0m| |[7;1m [0m| |[30;1mp[0m|[0;1mb[0m|[7;1m [0m| || 4
[32;1m[Board] [0m   -------------------
[32;1m[Board] [0m 3 || |[7;1m [0m| |[7;1m [0m| |[7;1m [0m| |[0;1mp[0m|| 3
[32;1m[Board] [0m   -------------------
[32;1m[Board] [0m 2 ||[0;1mp[0m|[0;1mp[0m|[0;1mp[0m| |[7;1m [0m|[0;1mp[0m|[0;1mp[0m| || 2
[32;1m[Board] [0m   -------------------
[32;1m[Board] [0m 1 ||[0;1mr[0m|[7;1m [0m| |[0;1mK[0m| |[0;1mb[0m| |[0;1mr[0m|| 1
[32;1m[Board] [0m   -------------------
[32;1m[Board] [0m     a b c d e f g h
[32;1m[Board] [0m
[32;1m[Referee] [0mThis is the turn of the White player...
Chess engine starting...
Hash OK after replay.
move played: f4d2
in coordinates: from (4,5) to (6,3)
[32;1m[Game] [0mPlayer's error code: 256
[32;1m[Game] [0mChecking move validity...
[32;1m[Board] [0mInitializing board (size: 8)...
[32;1m[Board] [0m32 piece(s) on board.
[32;1m[Board] [0mLoading history file `championship/chess-engine3-chess_project_pelm/history.csv`...
[32;1m[Board] [0mLoaded 30 move(s).
[32;1m[Board] [0mHistory replayed, 24 piece(s) on board.
[32;1m[Board] [0mLoading move file `championship/chess-engine3-chess_project_pelm/move.csv`...
[32;1m[Board] [0mWhite player is playing f4 to d2.
[32;1m[Board] [0m
[32;1m[Board] [0m     a b c d e f g h
[32;1m[Board] [0m   -------------------
[32;1m[Board] [0m 8 ||[30;1mr[0m| |[30;1mb[0m| |[7;1m [0m|[30;1mb[0m|[7;1m [0m|[30;1mr[0m|| 8
[32;1m[Board] [0m   -------------------
[32;1m[Board] [0m 7 ||[30;1mp[0m|[30;1mp[0m| |[7;1m [0m|[30;1mp[0m|[7;1m [0m|[30;1mp[0m|[30;1mp[0m|| 7
[32;1m[Board] [0m   -------------------
[32;1m[Board] [0m 6 ||[7;1m [0m| |[30;1mp[0m| |[7;1m [0m| |[30;1mK[0m| || 6
[32;1m[Board] [0m   -------------------
[32;1m[Board] [0m 5 || |[7;1m [0m| |[7;1m [0m| |[7;1m [0m|[0;1mk[0m|[7;1m [0m|| 5
[32;1m[Board] [0m   -------------------
[32;1m[Board] [0m 4 ||[7;1m [0m| |[7;1m [0m| |[30;1mp[0m| |[7;1m [0m| || 4
[32;1m[Board] [0m   -------------------
[32;1m[Board] [0m 3 || |[7;1m [0m| |[7;1m [0m| |[7;1m [0m| |[0;1mp[0m|| 3
[32;1m[Board] [0m   -------------------
[32;1m[Board] [0m 2 ||[0;1mp[0m|[0;1mp[0m|[0;1mp[0m|[0;1mb[0m|[7;1m [0m|[0;1mp[0m|[0;1mp[0m| || 2
[32;1m[Board] [0m   -------------------
[32;1m[Board] [0m 1 ||[0;1mr[0m|[7;1m [0m| |[0;1mK[0m| |[0;1mb[0m| |[0;1mr[0m|| 1
[32;1m[Board] [0m   -------------------
[32;1m[Board] [0m     a b c d e f g h
[32;1m[Board] [0m
[32;1m[Referee] [0mThis is the turn of the Black player...
new one at 2 number of nodes 115 no of distinct states visited 115 time left 9.98171
new one at 3 number of nodes 795 no of distinct states visited 688 time left 9.86018
new one at 4 number of nodes 4261 no of distinct states visited 3422 time left 9.23668
new one at 5 number of nodes 25789 no of distinct states visited 18676 time left 4.89475
new one at 6 number of nodes 35929 no of distinct states visited 37929 time left 0.999815
ok it did depth 5 and now we're doing move c8f5 with evaluation -130 number of nodes examined is 25789
[32;1m[Game] [0mPlayer's error code: 0
[32;1m[Game] [0mChecking move validity...
[32;1m[Board] [0mInitializing board (size: 8)...
[32;1m[Board] [0m32 piece(s) on board.
[32;1m[Board] [0mLoading history file `championship/chess-engine3-chess_project_pelm/history.csv`...
[32;1m[Board] [0mLoaded 31 move(s).
[32;1m[Board] [0mHistory replayed, 24 piece(s) on board.
[32;1m[Board] [0mLoading move file `championship/chess-engine3-chess_project_pelm/move.csv`...
[32;1m[Board] [0mBlack player is playing c8 to f5.
[32;1m[Board] [0m
[32;1m[Board] [0m     a b c d e f g h
[32;1m[Board] [0m   -------------------
[32;1m[Board] [0m 8 ||[30;1mr[0m| |[7;1m [0m| |[7;1m [0m|[30;1mb[0m|[7;1m [0m|[30;1mr[0m|| 8
[32;1m[Board] [0m   -------------------
[32;1m[Board] [0m 7 ||[30;1mp[0m|[30;1mp[0m| |[7;1m [0m|[30;1mp[0m|[7;1m [0m|[30;1mp[0m|[30;1mp[0m|| 7
[32;1m[Board] [0m   -------------------
[32;1m[Board] [0m 6 ||[7;1m [0m| |[30;1mp[0m| |[7;1m [0m| |[30;1mK[0m| || 6
[32;1m[Board] [0m   -------------------
[32;1m[Board] [0m 5 || |[7;1m [0m| |[7;1m [0m| |[30;1mb[0m|[0;1mk[0m|[7;1m [0m|| 5
[32;1m[Board] [0m   -------------------
[32;1m[Board] [0m 4 ||[7;1m [0m| |[7;1m [0m| |[30;1mp[0m| |[7;1m [0m| || 4
[32;1m[Board] [0m   -------------------
[32;1m[Board] [0m 3 || |[7;1m [0m| |[7;1m [0m| |[7;1m [0m| |[0;1mp[0m|| 3
[32;1m[Board] [0m   -------------------
[32;1m[Board] [0m 2 ||[0;1mp[0m|[0;1mp[0m|[0;1mp[0m|[0;1mb[0m|[7;1m [0m|[0;1mp[0m|[0;1mp[0m| || 2
[32;1m[Board] [0m   -------------------
[32;1m[Board] [0m 1 ||[0;1mr[0m|[7;1m [0m| |[0;1mK[0m| |[0;1mb[0m| |[0;1mr[0m|| 1
[32;1m[Board] [0m   -------------------
[32;1m[Board] [0m     a b c d e f g h
[32;1m[Board] [0m
[32;1m[Referee] [0mThis is the turn of the White player...
Chess engine starting...
Hash OK after replay.
move played: g2g4
in coordinates: from (6,6) to (4,6)
[32;1m[Game] [0mPlayer's error code: 256
[32;1m[Game] [0mChecking move validity...
[32;1m[Board] [0mInitializing board (size: 8)...
[32;1m[Board] [0m32 piece(s) on board.
[32;1m[Board] [0mLoading history file `championship/chess-engine3-chess_project_pelm/history.csv`...
[32;1m[Board] [0mLoaded 32 move(s).
[32;1m[Board] [0mHistory replayed, 24 piece(s) on board.
[32;1m[Board] [0mLoading move file `championship/chess-engine3-chess_project_pelm/move.csv`...
[32;1m[Board] [0mWhite player is playing g2 to g4.
[32;1m[Board] [0m
[32;1m[Board] [0m     a b c d e f g h
[32;1m[Board] [0m   -------------------
[32;1m[Board] [0m 8 ||[30;1mr[0m| |[7;1m [0m| |[7;1m [0m|[30;1mb[0m|[7;1m [0m|[30;1mr[0m|| 8
[32;1m[Board] [0m   -------------------
[32;1m[Board] [0m 7 ||[30;1mp[0m|[30;1mp[0m| |[7;1m [0m|[30;1mp[0m|[7;1m [0m|[30;1mp[0m|[30;1mp[0m|| 7
[32;1m[Board] [0m   -------------------
[32;1m[Board] [0m 6 ||[7;1m [0m| |[30;1mp[0m| |[7;1m [0m| |[30;1mK[0m| || 6
[32;1m[Board] [0m   -------------------
[32;1m[Board] [0m 5 || |[7;1m [0m| |[7;1m [0m| |[30;1mb[0m|[0;1mk[0m|[7;1m [0m|| 5
[32;1m[Board] [0m   -------------------
[32;1m[Board] [0m 4 ||[7;1m [0m| |[7;1m [0m| |[30;1mp[0m| |[0;1mp[0m| || 4
[32;1m[Board] [0m   -------------------
[32;1m[Board] [0m 3 || |[7;1m [0m| |[7;1m [0m| |[7;1m [0m| |[0;1mp[0m|| 3
[32;1m[Board] [0m   -------------------
[32;1m[Board] [0m 2 ||[0;1mp[0m|[0;1mp[0m|[0;1mp[0m|[0;1mb[0m|[7;1m [0m|[0;1mp[0m|[7;1m [0m| || 2
[32;1m[Board] [0m   -------------------
[32;1m[Board] [0m 1 ||[0;1mr[0m|[7;1m [0m| |[0;1mK[0m| |[0;1mb[0m| |[0;1mr[0m|| 1
[32;1m[Board] [0m   -------------------
[32;1m[Board] [0m     a b c d e f g h
[32;1m[Board] [0m
[32;1m[Referee] [0mThis is the turn of the Black player...
new one at 2 number of nodes 83 no of distinct states visited 83 time left 9.98594
new one at 3 number of nodes 318 no of distinct states visited 288 time left 9.93797
new one at 4 number of nodes 2136 no of distinct states visited 1642 time left 9.63226
new one at 5 number of nodes 3663 no of distinct states visited 3786 time left 9.07217
new one at 6 number of nodes 62607 no of distinct states visited 41991 time left 0.999799
ok it did depth 5 and now we're doing move f5g4 with evaluation -125 number of nodes examined is 3663
[32;1m[Game] [0mPlayer's error code: 0
[32;1m[Game] [0mChecking move validity...
[32;1m[Board] [0mInitializing board (size: 8)...
[32;1m[Board] [0m32 piece(s) on board.
[32;1m[Board] [0mLoading history file `championship/chess-engine3-chess_project_pelm/history.csv`...
[32;1m[Board] [0mLoaded 33 move(s).
[32;1m[Board] [0mHistory replayed, 24 piece(s) on board.
[32;1m[Board] [0mLoading move file `championship/chess-engine3-chess_project_pelm/move.csv`...
[32;1m[Board] [0mBlack player is playing f5 to g4.
[32;1m[Board] [0m[5;1mBlack Bishop is taking White Pawn.[0m
[32;1m[Board] [0m
[32;1m[Board] [0m     a b c d e f g h
[32;1m[Board] [0m   -------------------
[32;1m[Board] [0m 8 ||[30;1mr[0m| |[7;1m [0m| |[7;1m [0m|[30;1mb[0m|[7;1m [0m|[30;1mr[0m|| 8
[32;1m[Board] [0m   -------------------
[32;1m[Board] [0m 7 ||[30;1mp[0m|[30;1mp[0m| |[7;1m [0m|[30;1mp[0m|[7;1m [0m|[30;1mp[0m|[30;1mp[0m|| 7
[32;1m[Board] [0m   -------------------
[32;1m[Board] [0m 6 ||[7;1m [0m| |[30;1mp[0m| |[7;1m [0m| |[30;1mK[0m| || 6
[32;1m[Board] [0m   -------------------
[32;1m[Board] [0m 5 || |[7;1m [0m| |[7;1m [0m| |[7;1m [0m|[0;1mk[0m|[7;1m [0m|| 5
[32;1m[Board] [0m   -------------------
[32;1m[Board] [0m 4 ||[7;1m [0m| |[7;1m [0m| |[30;1mp[0m| |[30;1mb[0m| || 4
[32;1m[Board] [0m   -------------------
[32;1m[Board] [0m 3 || |[7;1m [0m| |[7;1m [0m| |[7;1m [0m| |[0;1mp[0m|| 3
[32;1m[Board] [0m   -------------------
[32;1m[Board] [0m 2 ||[0;1mp[0m|[0;1mp[0m|[0;1mp[0m|[0;1mb[0m|[7;1m [0m|[0;1mp[0m|[7;1m [0m| || 2
[32;1m[Board] [0m   -------------------
[32;1m[Board] [0m 1 ||[0;1mr[0m|[7;1m [0m| |[0;1mK[0m| |[0;1mb[0m| |[0;1mr[0m|| 1
[32;1m[Board] [0m   -------------------
[32;1m[Board] [0m     a b c d e f g h
[32;1m[Board] [0m
[32;1m[Referee] [0mThis is the turn of the White player...
Chess engine starting...
Hash OK after replay.
move played: h3g4
in coordinates: from (5,7) to (4,6)
[32;1m[Game] [0mPlayer's error code: 256
[32;1m[Game] [0mChecking move validity...
[32;1m[Board] [0mInitializing board (size: 8)...
[32;1m[Board] [0m32 piece(s) on board.
[32;1m[Board] [0mLoading history file `championship/chess-engine3-chess_project_pelm/history.csv`...
[32;1m[Board] [0mLoaded 34 move(s).
[32;1m[Board] [0mHistory replayed, 23 piece(s) on board.
[32;1m[Board] [0mLoading move file `championship/chess-engine3-chess_project_pelm/move.csv`...
[32;1m[Board] [0mWhite player is playing h3 to g4.
[32;1m[Board] [0m[5;1mWhite Pawn is taking Black Bishop.[0m
[32;1m[Board] [0m
[32;1m[Board] [0m     a b c d e f g h
[32;1m[Board] [0m   -------------------
[32;1m[Board] [0m 8 ||[30;1mr[0m| |[7;1m [0m| |[7;1m [0m|[30;1mb[0m|[7;1m [0m|[30;1mr[0m|| 8
[32;1m[Board] [0m   -------------------
[32;1m[Board] [0m 7 ||[30;1mp[0m|[30;1mp[0m| |[7;1m [0m|[30;1mp[0m|[7;1m [0m|[30;1mp[0m|[30;1mp[0m|| 7
[32;1m[Board] [0m   -------------------
[32;1m[Board] [0m 6 ||[7;1m [0m| |[30;1mp[0m| |[7;1m [0m| |[30;1mK[0m| || 6
[32;1m[Board] [0m   -------------------
[32;1m[Board] [0m 5 || |[7;1m [0m| |[7;1m [0m| |[7;1m [0m|[0;1mk[0m|[7;1m [0m|| 5
[32;1m[Board] [0m   -------------------
[32;1m[Board] [0m 4 ||[7;1m [0m| |[7;1m [0m| |[30;1mp[0m| |[0;1mp[0m| || 4
[32;1m[Board] [0m   -------------------
[32;1m[Board] [0m 3 || |[7;1m [0m| |[7;1m [0m| |[7;1m [0m| |[7;1m [0m|| 3
[32;1m[Board] [0m   -------------------
[32;1m[Board] [0m 2 ||[0;1mp[0m|[0;1mp[0m|[0;1mp[0m|[0;1mb[0m|[7;1m [0m|[0;1mp[0m|[7;1m [0m| || 2
[32;1m[Board] [0m   -------------------
[32;1m[Board] [0m 1 ||[0;1mr[0m|[7;1m [0m| |[0;1mK[0m| |[0;1mb[0m| |[0;1mr[0m|| 1
[32;1m[Board] [0m   -------------------
[32;1m[Board] [0m     a b c d e f g h
[32;1m[Board] [0m
[32;1m[Referee] [0mThis is the turn of the Black player...
new one at 2 number of nodes 72 no of distinct states visited 72 time left 9.98826
new one at 3 number of nodes 480 no of distinct states visited 408 time left 9.91804
new one at 4 number of nodes 3820 no of distinct states visited 3092 time left 9.44222
new one at 5 number of nodes 13426 no of distinct states visited 12231 time left 7.14069
new one at 6 number of nodes 50089 no of distinct states visited 44465 time left 0.999804
ok it did depth 5 and now we're doing move a8d8 with evaluation -310 number of nodes examined is 13426
[32;1m[Game] [0mPlayer's error code: 0
[32;1m[Game] [0mChecking move validity...
[32;1m[Board] [0mInitializing board (size: 8)...
[32;1m[Board] [0m32 piece(s) on board.
[32;1m[Board] [0mLoading history file `championship/chess-engine3-chess_project_pelm/history.csv`...
[32;1m[Board] [0mLoaded 35 move(s).
[32;1m[Board] [0mHistory replayed, 22 piece(s) on board.
[32;1m[Board] [0mLoading move file `championship/chess-engine3-chess_project_pelm/move.csv`...
[32;1m[Board] [0mBlack player is playing a8 to d8.
[32;1m[Board] [0m
[32;1m[Board] [0m     a b c d e f g h
[32;1m[Board] [0m   -------------------
[32;1m[Board] [0m 8 ||[7;1m [0m| |[7;1m [0m|[30;1mr[0m|[7;1m [0m|[30;1mb[0m|[7;1m [0m|[30;1mr[0m|| 8
[32;1m[Board] [0m   -------------------
[32;1m[Board] [0m 7 ||[30;1mp[0m|[30;1mp[0m| |[7;1m [0m|[30;1mp[0m|[7;1m [0m|[30;1mp[0m|[30;1mp[0m|| 7
[32;1m[Board] [0m   -------------------
[32;1m[Board] [0m 6 ||[7;1m [0m| |[30;1mp[0m| |[7;1m [0m| |[30;1mK[0m| || 6
[32;1m[Board] [0m   -------------------
[32;1m[Board] [0m 5 || |[7;1m [0m| |[7;1m [0m| |[7;1m [0m|[0;1mk[0m|[7;1m [0m|| 5
[32;1m[Board] [0m   -------------------
[32;1m[Board] [0m 4 ||[7;1m [0m| |[7;1m [0m| |[30;1mp[0m| |[0;1mp[0m| || 4
[32;1m[Board] [0m   -------------------
[32;1m[Board] [0m 3 || |[7;1m [0m| |[7;1m [0m| |[7;1m [0m| |[7;1m [0m|| 3
[32;1m[Board] [0m   -------------------
[32;1m[Board] [0m 2 ||[0;1mp[0m|[0;1mp[0m|[0;1mp[0m|[0;1mb[0m|[7;1m [0m|[0;1mp[0m|[7;1m [0m| || 2
[32;1m[Board] [0m   -------------------
[32;1m[Board] [0m 1 ||[0;1mr[0m|[7;1m [0m| |[0;1mK[0m| |[0;1mb[0m| |[0;1mr[0m|| 1
[32;1m[Board] [0m   -------------------
[32;1m[Board] [0m     a b c d e f g h
[32;1m[Board] [0m
[32;1m[Referee] [0mThis is the turn of the White player...
Chess engine starting...
Hash OK after replay.
move played: g5e4
in coordinates: from (3,6) to (4,4)
[32;1m[Game] [0mPlayer's error code: 256
[32;1m[Game] [0mChecking move validity...
[32;1m[Board] [0mInitializing board (size: 8)...
[32;1m[Board] [0m32 piece(s) on board.
[32;1m[Board] [0mLoading history file `championship/chess-engine3-chess_project_pelm/history.csv`...
[32;1m[Board] [0mLoaded 36 move(s).
[32;1m[Board] [0mHistory replayed, 22 piece(s) on board.
[32;1m[Board] [0mLoading move file `championship/chess-engine3-chess_project_pelm/move.csv`...
[32;1m[Board] [0mWhite player is playing g5 to e4.
[32;1m[Board] [0m[5;1mWhite Knight is taking Black Pawn.[0m
[32;1m[Board] [0m
[32;1m[Board] [0m     a b c d e f g h
[32;1m[Board] [0m   -------------------
[32;1m[Board] [0m 8 ||[7;1m [0m| |[7;1m [0m|[30;1mr[0m|[7;1m [0m|[30;1mb[0m|[7;1m [0m|[30;1mr[0m|| 8
[32;1m[Board] [0m   -------------------
[32;1m[Board] [0m 7 ||[30;1mp[0m|[30;1mp[0m| |[7;1m [0m|[30;1mp[0m|[7;1m [0m|[30;1mp[0m|[30;1mp[0m|| 7
[32;1m[Board] [0m   -------------------
[32;1m[Board] [0m 6 ||[7;1m [0m| |[30;1mp[0m| |[7;1m [0m| |[30;1mK[0m| || 6
[32;1m[Board] [0m   -------------------
[32;1m[Board] [0m 5 || |[7;1m [0m| |[7;1m [0m| |[7;1m [0m| |[7;1m [0m|| 5
[32;1m[Board] [0m   -------------------
[32;1m[Board] [0m 4 ||[7;1m [0m| |[7;1m [0m| |[0;1mk[0m| |[0;1mp[0m| || 4
[32;1m[Board] [0m   -------------------
[32;1m[Board] [0m 3 || |[7;1m [0m| |[7;1m [0m| |[7;1m [0m| |[7;1m [0m|| 3
[32;1m[Board] [0m   -------------------
[32;1m[Board] [0m 2 ||[0;1mp[0m|[0;1mp[0m|[0;1mp[0m|[0;1mb[0m|[7;1m [0m|[0;1mp[0m|[7;1m [0m| || 2
[32;1m[Board] [0m   -------------------
[32;1m[Board] [0m 1 ||[0;1mr[0m|[7;1m [0m| |[0;1mK[0m| |[0;1mb[0m| |[0;1mr[0m|| 1
[32;1m[Board] [0m   -------------------
[32;1m[Board] [0m     a b c d e f g h
[32;1m[Board] [0m
[32;1m[Referee] [0mThis is the turn of the Black player...
new one at 2 number of nodes 80 no of distinct states visited 80 time left 9.98511
new one at 3 number of nodes 561 no of distinct states visited 392 time left 9.90285
new one at 4 number of nodes 2885 no of distinct states visited 2290 time left 9.44022
new one at 5 number of nodes 19260 no of distinct states visited 12715 time left 6.24324
new one at 6 number of nodes 39580 no of distinct states visited 35539 time left 0.999784
ok it did depth 5 and now we're doing move d8d4 with evaluation -190 number of nodes examined is 19260
[32;1m[Game] [0mPlayer's error code: 0
[32;1m[Game] [0mChecking move validity...
[32;1m[Board] [0mInitializing board (size: 8)...
[32;1m[Board] [0m32 piece(s) on board.
[32;1m[Board] [0mLoading history file `championship/chess-engine3-chess_project_pelm/history.csv`...
[32;1m[Board] [0mLoaded 37 move(s).
[32;1m[Board] [0mHistory replayed, 21 piece(s) on board.
[32;1m[Board] [0mLoading move file `championship/chess-engine3-chess_project_pelm/move.csv`...
[32;1m[Board] [0mBlack player is playing d8 to d4.
[32;1m[Board] [0m
[32;1m[Board] [0m     a b c d e f g h
[32;1m[Board] [0m   -------------------
[32;1m[Board] [0m 8 ||[7;1m [0m| |[7;1m [0m| |[7;1m [0m|[30;1mb[0m|[7;1m [0m|[30;1mr[0m|| 8
[32;1m[Board] [0m   -------------------
[32;1m[Board] [0m 7 ||[30;1mp[0m|[30;1mp[0m| |[7;1m [0m|[30;1mp[0m|[7;1m [0m|[30;1mp[0m|[30;1mp[0m|| 7
[32;1m[Board] [0m   -------------------
[32;1m[Board] [0m 6 ||[7;1m [0m| |[30;1mp[0m| |[7;1m [0m| |[30;1mK[0m| || 6
[32;1m[Board] [0m   -------------------
[32;1m[Board] [0m 5 || |[7;1m [0m| |[7;1m [0m| |[7;1m [0m| |[7;1m [0m|| 5
[32;1m[Board] [0m   -------------------
[32;1m[Board] [0m 4 ||[7;1m [0m| |[7;1m [0m|[30;1mr[0m|[0;1mk[0m| |[0;1mp[0m| || 4
[32;1m[Board] [0m   -------------------
[32;1m[Board] [0m 3 || |[7;1m [0m| |[7;1m [0m| |[7;1m [0m| |[7;1m [0m|| 3
[32;1m[Board] [0m   -------------------
[32;1m[Board] [0m 2 ||[0;1mp[0m|[0;1mp[0m|[0;1mp[0m|[0;1mb[0m|[7;1m [0m|[0;1mp[0m|[7;1m [0m| || 2
[32;1m[Board] [0m   -------------------
[32;1m[Board] [0m 1 ||[0;1mr[0m|[7;1m [0m| |[0;1mK[0m| |[0;1mb[0m| |[0;1mr[0m|| 1
[32;1m[Board] [0m   -------------------
[32;1m[Board] [0m     a b c d e f g h
[32;1m[Board] [0m
[32;1m[Referee] [0mThis is the turn of the White player...
Chess engine starting...
Hash OK after replay.
move played: f1d3
in coordinates: from (7,5) to (5,3)
[32;1m[Game] [0mPlayer's error code: 256
[32;1m[Game] [0mChecking move validity...
[32;1m[Board] [0mInitializing board (size: 8)...
[32;1m[Board] [0m32 piece(s) on board.
[32;1m[Board] [0mLoading history file `championship/chess-engine3-chess_project_pelm/history.csv`...
[32;1m[Board] [0mLoaded 38 move(s).
[32;1m[Board] [0mHistory replayed, 21 piece(s) on board.
[32;1m[Board] [0mLoading move file `championship/chess-engine3-chess_project_pelm/move.csv`...
[32;1m[Board] [0mWhite player is playing f1 to d3.
[32;1m[Board] [0m
[32;1m[Board] [0m     a b c d e f g h
[32;1m[Board] [0m   -------------------
[32;1m[Board] [0m 8 ||[7;1m [0m| |[7;1m [0m| |[7;1m [0m|[30;1mb[0m|[7;1m [0m|[30;1mr[0m|| 8
[32;1m[Board] [0m   -------------------
[32;1m[Board] [0m 7 ||[30;1mp[0m|[30;1mp[0m| |[7;1m [0m|[30;1mp[0m|[7;1m [0m|[30;1mp[0m|[30;1mp[0m|| 7
[32;1m[Board] [0m   -------------------
[32;1m[Board] [0m 6 ||[7;1m [0m| |[30;1mp[0m| |[7;1m [0m| |[30;1mK[0m| || 6
[32;1m[Board] [0m   -------------------
[32;1m[Board] [0m 5 || |[7;1m [0m| |[7;1m [0m| |[7;1m [0m| |[7;1m [0m|| 5
[32;1m[Board] [0m   -------------------
[32;1m[Board] [0m 4 ||[7;1m [0m| |[7;1m [0m|[30;1mr[0m|[0;1mk[0m| |[0;1mp[0m| || 4
[32;1m[Board] [0m   -------------------
[32;1m[Board] [0m 3 || |[7;1m [0m| |[0;1mb[0m| |[7;1m [0m| |[7;1m [0m|| 3
[32;1m[Board] [0m   -------------------
[32;1m[Board] [0m 2 ||[0;1mp[0m|[0;1mp[0m|[0;1mp[0m|[0;1mb[0m|[7;1m [0m|[0;1mp[0m|[7;1m [0m| || 2
[32;1m[Board] [0m   -------------------
[32;1m[Board] [0m 1 ||[0;1mr[0m|[7;1m [0m| |[0;1mK[0m| |[7;1m [0m| |[0;1mr[0m|| 1
[32;1m[Board] [0m   -------------------
[32;1m[Board] [0m     a b c d e f g h
[32;1m[Board] [0m
[32;1m[Referee] [0mThis is the turn of the Black player...
new one at 2 number of nodes 113 no of distinct states visited 113 time left 9.98154
new one at 3 number of nodes 587 no of distinct states visited 435 time left 9.89217
new one at 4 number of nodes 2790 no of distinct states visited 1643 time left 9.45709
new one at 5 number of nodes 17268 no of distinct states visited 11319 time left 6.52766
new one at 6 number of nodes 44005 no of distinct states visited 36947 time left 0.999543
ok it did depth 5 and now we're doing move e7e5 with evaluation -245 number of nodes examined is 17268
[32;1m[Game] [0mPlayer's error code: 0
[32;1m[Game] [0mChecking move validity...
[32;1m[Board] [0mInitializing board (size: 8)...
[32;1m[Board] [0m32 piece(s) on board.
[32;1m[Board] [0mLoading history file `championship/chess-engine3-chess_project_pelm/history.csv`...
[32;1m[Board] [0mLoaded 39 move(s).
[32;1m[Board] [0mHistory replayed, 21 piece(s) on board.
[32;1m[Board] [0mLoading move file `championship/chess-engine3-chess_project_pelm/move.csv`...
[32;1m[Board] [0mBlack player is playing e7 to e5.
[32;1m[Board] [0m
[32;1m[Board] [0m     a b c d e f g h
[32;1m[Board] [0m   -------------------
[32;1m[Board] [0m 8 ||[7;1m [0m| |[7;1m [0m| |[7;1m [0m|[30;1mb[0m|[7;1m [0m|[30;1mr[0m|| 8
[32;1m[Board] [0m   -------------------
[32;1m[Board] [0m 7 ||[30;1mp[0m|[30;1mp[0m| |[7;1m [0m| |[7;1m [0m|[30;1mp[0m|[30;1mp[0m|| 7
[32;1m[Board] [0m   -------------------
[32;1m[Board] [0m 6 ||[7;1m [0m| |[30;1mp[0m| |[7;1m [0m| |[30;1mK[0m| || 6
[32;1m[Board] [0m   -------------------
[32;1m[Board] [0m 5 || |[7;1m [0m| |[7;1m [0m|[30;1mp[0m|[7;1m [0m| |[7;1m [0m|| 5
[32;1m[Board] [0m   -------------------
[32;1m[Board] [0m 4 ||[7;1m [0m| |[7;1m [0m|[30;1mr[0m|[0;1mk[0m| |[0;1mp[0m| || 4
[32;1m[Board] [0m   -------------------
[32;1m[Board] [0m 3 || |[7;1m [0m| |[0;1mb[0m| |[7;1m [0m| |[7;1m [0m|| 3
[32;1m[Board] [0m   -------------------
[32;1m[Board] [0m 2 ||[0;1mp[0m|[0;1mp[0m|[0;1mp[0m|[0;1mb[0m|[7;1m [0m|[0;1mp[0m|[7;1m [0m| || 2
[32;1m[Board] [0m   -------------------
[32;1m[Board] [0m 1 ||[0;1mr[0m|[7;1m [0m| |[0;1mK[0m| |[7;1m [0m| |[0;1mr[0m|| 1
[32;1m[Board] [0m   -------------------
[32;1m[Board] [0m     a b c d e f g h
[32;1m[Board] [0m
[32;1m[Referee] [0mThis is the turn of the White player...
Chess engine starting...
Hash OK after replay.
move played: d2e3
in coordinates: from (6,3) to (5,4)
[32;1m[Game] [0mPlayer's error code: 256
[32;1m[Game] [0mChecking move validity...
[32;1m[Board] [0mInitializing board (size: 8)...
[32;1m[Board] [0m32 piece(s) on board.
[32;1m[Board] [0mLoading history file `championship/chess-engine3-chess_project_pelm/history.csv`...
[32;1m[Board] [0mLoaded 40 move(s).
[32;1m[Board] [0mHistory replayed, 21 piece(s) on board.
[32;1m[Board] [0mLoading move file `championship/chess-engine3-chess_project_pelm/move.csv`...
[32;1m[Board] [0mWhite player is playing d2 to e3.
[32;1m[Board] [0m
[32;1m[Board] [0m     a b c d e f g h
[32;1m[Board] [0m   -------------------
[32;1m[Board] [0m 8 ||[7;1m [0m| |[7;1m [0m| |[7;1m [0m|[30;1mb[0m|[7;1m [0m|[30;1mr[0m|| 8
[32;1m[Board] [0m   -------------------
[32;1m[Board] [0m 7 ||[30;1mp[0m|[30;1mp[0m| |[7;1m [0m| |[7;1m [0m|[30;1mp[0m|[30;1mp[0m|| 7
[32;1m[Board] [0m   -------------------
[32;1m[Board] [0m 6 ||[7;1m [0m| |[30;1mp[0m| |[7;1m [0m| |[30;1mK[0m| || 6
[32;1m[Board] [0m   -------------------
[32;1m[Board] [0m 5 || |[7;1m [0m| |[7;1m [0m|[30;1mp[0m|[7;1m [0m| |[7;1m [0m|| 5
[32;1m[Board] [0m   -------------------
[32;1m[Board] [0m 4 ||[7;1m [0m| |[7;1m [0m|[30;1mr[0m|[0;1mk[0m| |[0;1mp[0m| || 4
[32;1m[Board] [0m   -------------------
[32;1m[Board] [0m 3 || |[7;1m [0m| |[0;1mb[0m|[0;1mb[0m|[7;1m [0m| |[7;1m [0m|| 3
[32;1m[Board] [0m   -------------------
[32;1m[Board] [0m 2 ||[0;1mp[0m|[0;1mp[0m|[0;1mp[0m| |[7;1m [0m|[0;1mp[0m|[7;1m [0m| || 2
[32;1m[Board] [0m   -------------------
[32;1m[Board] [0m 1 ||[0;1mr[0m|[7;1m [0m| |[0;1mK[0m| |[7;1m [0m| |[0;1mr[0m|| 1
[32;1m[Board] [0m   -------------------
[32;1m[Board] [0m     a b c d e f g h
[32;1m[Board] [0m
[32;1m[Referee] [0mThis is the turn of the Black player...
new one at 2 number of nodes 91 no of distinct states visited 91 time left 9.98335
new one at 3 number of nodes 682 no of distinct states visited 572 time left 9.88026
new one at 4 number of nodes 4501 no of distinct states visited 4034 time left 9.21495
new one at 5 number of nodes 21042 no of distinct states visited 16862 time left 5.36867
new one at 6 number of nodes 30422 no of distinct states visited 37821 time left 0.999759
ok it did depth 5 and now we're doing move d4b4 with evaluation -510 number of nodes examined is 21042
[32;1m[Game] [0mPlayer's error code: 0
[32;1m[Game] [0mChecking move validity...
[32;1m[Board] [0mInitializing board (size: 8)...
[32;1m[Board] [0m32 piece(s) on board.
[32;1m[Board] [0mLoading history file `championship/chess-engine3-chess_project_pelm/history.csv`...
[32;1m[Board] [0mLoaded 41 move(s).
[32;1m[Board] [0mHistory replayed, 21 piece(s) on board.
[32;1m[Board] [0mLoading move file `championship/chess-engine3-chess_project_pelm/move.csv`...
[32;1m[Board] [0mBlack player is playing d4 to b4.
[32;1m[Board] [0m
[32;1m[Board] [0m     a b c d e f g h
[32;1m[Board] [0m   -------------------
[32;1m[Board] [0m 8 ||[7;1m [0m| |[7;1m [0m| |[7;1m [0m|[30;1mb[0m|[7;1m [0m|[30;1mr[0m|| 8
[32;1m[Board] [0m   -------------------
[32;1m[Board] [0m 7 ||[30;1mp[0m|[30;1mp[0m| |[7;1m [0m| |[7;1m [0m|[30;1mp[0m|[30;1mp[0m|| 7
[32;1m[Board] [0m   -------------------
[32;1m[Board] [0m 6 ||[7;1m [0m| |[30;1mp[0m| |[7;1m [0m| |[30;1mK[0m| || 6
[32;1m[Board] [0m   -------------------
[32;1m[Board] [0m 5 || |[7;1m [0m| |[7;1m [0m|[30;1mp[0m|[7;1m [0m| |[7;1m [0m|| 5
[32;1m[Board] [0m   -------------------
[32;1m[Board] [0m 4 ||[7;1m [0m|[30;1mr[0m|[7;1m [0m| |[0;1mk[0m| |[0;1mp[0m| || 4
[32;1m[Board] [0m   -------------------
[32;1m[Board] [0m 3 || |[7;1m [0m| |[0;1mb[0m|[0;1mb[0m|[7;1m [0m| |[7;1m [0m|| 3
[32;1m[Board] [0m   -------------------
[32;1m[Board] [0m 2 ||[0;1mp[0m|[0;1mp[0m|[0;1mp[0m| |[7;1m [0m|[0;1mp[0m|[7;1m [0m| || 2
[32;1m[Board] [0m   -------------------
[32;1m[Board] [0m 1 ||[0;1mr[0m|[7;1m [0m| |[0;1mK[0m| |[7;1m [0m| |[0;1mr[0m|| 1
[32;1m[Board] [0m   -------------------
[32;1m[Board] [0m     a b c d e f g h
[32;1m[Board] [0m
[32;1m[Referee] [0mThis is the turn of the White player...
Chess engine starting...
Hash OK after replay.
move played: b2b3
in coordinates: from (6,1) to (5,1)
[32;1m[Game] [0mPlayer's error code: 256
[32;1m[Game] [0mChecking move validity...
[32;1m[Board] [0mInitializing board (size: 8)...
[32;1m[Board] [0m32 piece(s) on board.
[32;1m[Board] [0mLoading history file `championship/chess-engine3-chess_project_pelm/history.csv`...
[32;1m[Board] [0mLoaded 42 move(s).
[32;1m[Board] [0mHistory replayed, 21 piece(s) on board.
[32;1m[Board] [0mLoading move file `championship/chess-engine3-chess_project_pelm/move.csv`...
[32;1m[Board] [0mWhite player is playing b2 to b3.
[32;1m[Board] [0m
[32;1m[Board] [0m     a b c d e f g h
[32;1m[Board] [0m   -------------------
[32;1m[Board] [0m 8 ||[7;1m [0m| |[7;1m [0m| |[7;1m [0m|[30;1mb[0m|[7;1m [0m|[30;1mr[0m|| 8
[32;1m[Board] [0m   -------------------
[32;1m[Board] [0m 7 ||[30;1mp[0m|[30;1mp[0m| |[7;1m [0m| |[7;1m [0m|[30;1mp[0m|[30;1mp[0m|| 7
[32;1m[Board] [0m   -------------------
[32;1m[Board] [0m 6 ||[7;1m [0m| |[30;1mp[0m| |[7;1m [0m| |[30;1mK[0m| || 6
[32;1m[Board] [0m   -------------------
[32;1m[Board] [0m 5 || |[7;1m [0m| |[7;1m [0m|[30;1mp[0m|[7;1m [0m| |[7;1m [0m|| 5
[32;1m[Board] [0m   -------------------
[32;1m[Board] [0m 4 ||[7;1m [0m|[30;1mr[0m|[7;1m [0m| |[0;1mk[0m| |[0;1mp[0m| || 4
[32;1m[Board] [0m   -------------------
[32;1m[Board] [0m 3 || |[0;1mp[0m| |[0;1mb[0m|[0;1mb[0m|[7;1m [0m| |[7;1m [0m|| 3
[32;1m[Board] [0m   -------------------
[32;1m[Board] [0m 2 ||[0;1mp[0m| |[0;1mp[0m| |[7;1m [0m|[0;1mp[0m|[7;1m [0m| || 2
[32;1m[Board] [0m   -------------------
[32;1m[Board] [0m 1 ||[0;1mr[0m|[7;1m [0m| |[0;1mK[0m| |[7;1m [0m| |[0;1mr[0m|| 1
[32;1m[Board] [0m   -------------------
[32;1m[Board] [0m     a b c d e f g h
[32;1m[Board] [0m
[32;1m[Referee] [0mThis is the turn of the Black player...
new one at 2 number of nodes 121 no of distinct states visited 121 time left 9.96175
new one at 3 number of nodes 571 no of distinct states visited 574 time left 9.84131
new one at 4 number of nodes 6195 no of distinct states visited 5072 time left 8.95215
new one at 5 number of nodes 28406 no of distinct states visited 25240 time left 3.66648
new one at 6 number of nodes 23849 no of distinct states visited 38029 time left 0.999811
ok it did depth 5 and now we're doing move c6c5 with evaluation -565 number of nodes examined is 28406
[32;1m[Game] [0mPlayer's error code: 0
[32;1m[Game] [0mChecking move validity...
[32;1m[Board] [0mInitializing board (size: 8)...
[32;1m[Board] [0m32 piece(s) on board.
[32;1m[Board] [0mLoading history file `championship/chess-engine3-chess_project_pelm/history.csv`...
[32;1m[Board] [0mLoaded 43 move(s).
[32;1m[Board] [0mHistory replayed, 21 piece(s) on board.
[32;1m[Board] [0mLoading move file `championship/chess-engine3-chess_project_pelm/move.csv`...
[32;1m[Board] [0mBlack player is playing c6 to c5.
[32;1m[Board] [0m
[32;1m[Board] [0m     a b c d e f g h
[32;1m[Board] [0m   -------------------
[32;1m[Board] [0m 8 ||[7;1m [0m| |[7;1m [0m| |[7;1m [0m|[30;1mb[0m|[7;1m [0m|[30;1mr[0m|| 8
[32;1m[Board] [0m   -------------------
[32;1m[Board] [0m 7 ||[30;1mp[0m|[30;1mp[0m| |[7;1m [0m| |[7;1m [0m|[30;1mp[0m|[30;1mp[0m|| 7
[32;1m[Board] [0m   -------------------
[32;1m[Board] [0m 6 ||[7;1m [0m| |[7;1m [0m| |[7;1m [0m| |[30;1mK[0m| || 6
[32;1m[Board] [0m   -------------------
[32;1m[Board] [0m 5 || |[7;1m [0m|[30;1mp[0m|[7;1m [0m|[30;1mp[0m|[7;1m [0m| |[7;1m [0m|| 5
[32;1m[Board] [0m   -------------------
[32;1m[Board] [0m 4 ||[7;1m [0m|[30;1mr[0m|[7;1m [0m| |[0;1mk[0m| |[0;1mp[0m| || 4
[32;1m[Board] [0m   -------------------
[32;1m[Board] [0m 3 || |[0;1mp[0m| |[0;1mb[0m|[0;1mb[0m|[7;1m [0m| |[7;1m [0m|| 3
[32;1m[Board] [0m   -------------------
[32;1m[Board] [0m 2 ||[0;1mp[0m| |[0;1mp[0m| |[7;1m [0m|[0;1mp[0m|[7;1m [0m| || 2
[32;1m[Board] [0m   -------------------
[32;1m[Board] [0m 1 ||[0;1mr[0m|[7;1m [0m| |[0;1mK[0m| |[7;1m [0m| |[0;1mr[0m|| 1
[32;1m[Board] [0m   -------------------
[32;1m[Board] [0m     a b c d e f g h
[32;1m[Board] [0m
[32;1m[Referee] [0mThis is the turn of the White player...
Chess engine starting...
Hash OK after replay.
move played: a2a3
in coordinates: from (6,0) to (5,0)
[32;1m[Game] [0mPlayer's error code: 256
[32;1m[Game] [0mChecking move validity...
[32;1m[Board] [0mInitializing board (size: 8)...
[32;1m[Board] [0m32 piece(s) on board.
[32;1m[Board] [0mLoading history file `championship/chess-engine3-chess_project_pelm/history.csv`...
[32;1m[Board] [0mLoaded 44 move(s).
[32;1m[Board] [0mHistory replayed, 21 piece(s) on board.
[32;1m[Board] [0mLoading move file `championship/chess-engine3-chess_project_pelm/move.csv`...
[32;1m[Board] [0mWhite player is playing a2 to a3.
[32;1m[Board] [0m
[32;1m[Board] [0m     a b c d e f g h
[32;1m[Board] [0m   -------------------
[32;1m[Board] [0m 8 ||[7;1m [0m| |[7;1m [0m| |[7;1m [0m|[30;1mb[0m|[7;1m [0m|[30;1mr[0m|| 8
[32;1m[Board] [0m   -------------------
[32;1m[Board] [0m 7 ||[30;1mp[0m|[30;1mp[0m| |[7;1m [0m| |[7;1m [0m|[30;1mp[0m|[30;1mp[0m|| 7
[32;1m[Board] [0m   -------------------
[32;1m[Board] [0m 6 ||[7;1m [0m| |[7;1m [0m| |[7;1m [0m| |[30;1mK[0m| || 6
[32;1m[Board] [0m   -------------------
[32;1m[Board] [0m 5 || |[7;1m [0m|[30;1mp[0m|[7;1m [0m|[30;1mp[0m|[7;1m [0m| |[7;1m [0m|| 5
[32;1m[Board] [0m   -------------------
[32;1m[Board] [0m 4 ||[7;1m [0m|[30;1mr[0m|[7;1m [0m| |[0;1mk[0m| |[0;1mp[0m| || 4
[32;1m[Board] [0m   -------------------
[32;1m[Board] [0m 3 ||[0;1mp[0m|[0;1mp[0m| |[0;1mb[0m|[0;1mb[0m|[7;1m [0m| |[7;1m [0m|| 3
[32;1m[Board] [0m   -------------------
[32;1m[Board] [0m 2 ||[7;1m [0m| |[0;1mp[0m| |[7;1m [0m|[0;1mp[0m|[7;1m [0m| || 2
[32;1m[Board] [0m   -------------------
[32;1m[Board] [0m 1 ||[0;1mr[0m|[7;1m [0m| |[0;1mK[0m| |[7;1m [0m| |[0;1mr[0m|| 1
[32;1m[Board] [0m   -------------------
[32;1m[Board] [0m     a b c d e f g h
[32;1m[Board] [0m
[32;1m[Referee] [0mThis is the turn of the Black player...
new one at 2 number of nodes 114 no of distinct states visited 114 time left 9.97476
new one at 3 number of nodes 516 no of distinct states visited 485 time left 9.8134
new one at 4 number of nodes 4341 no of distinct states visited 3442 time left 9.17447
new one at 5 number of nodes 12031 no of distinct states visited 11080 time left 6.96529
new one at 6 number of nodes 51891 no of distinct states visited 36073 time left 0.999663
ok it did depth 5 and now we're doing move b4b6 with evaluation -540 number of nodes examined is 12031
[32;1m[Game] [0mPlayer's error code: 0
[32;1m[Game] [0mChecking move validity...
[32;1m[Board] [0mInitializing board (size: 8)...
[32;1m[Board] [0m32 piece(s) on board.
[32;1m[Board] [0mLoading history file `championship/chess-engine3-chess_project_pelm/history.csv`...
[32;1m[Board] [0mLoaded 45 move(s).
[32;1m[Board] [0mHistory replayed, 21 piece(s) on board.
[32;1m[Board] [0mLoading move file `championship/chess-engine3-chess_project_pelm/move.csv`...
[32;1m[Board] [0mBlack player is playing b4 to b6.
[32;1m[Board] [0m
[32;1m[Board] [0m     a b c d e f g h
[32;1m[Board] [0m   -------------------
[32;1m[Board] [0m 8 ||[7;1m [0m| |[7;1m [0m| |[7;1m [0m|[30;1mb[0m|[7;1m [0m|[30;1mr[0m|| 8
[32;1m[Board] [0m   -------------------
[32;1m[Board] [0m 7 ||[30;1mp[0m|[30;1mp[0m| |[7;1m [0m| |[7;1m [0m|[30;1mp[0m|[30;1mp[0m|| 7
[32;1m[Board] [0m   -------------------
[32;1m[Board] [0m 6 ||[7;1m [0m|[30;1mr[0m|[7;1m [0m| |[7;1m [0m| |[30;1mK[0m| || 6
[32;1m[Board] [0m   -------------------
[32;1m[Board] [0m 5 || |[7;1m [0m|[30;1mp[0m|[7;1m [0m|[30;1mp[0m|[7;1m [0m| |[7;1m [0m|| 5
[32;1m[Board] [0m   -------------------
[32;1m[Board] [0m 4 ||[7;1m [0m| |[7;1m [0m| |[0;1mk[0m| |[0;1mp[0m| || 4
[32;1m[Board] [0m   -------------------
[32;1m[Board] [0m 3 ||[0;1mp[0m|[0;1mp[0m| |[0;1mb[0m|[0;1mb[0m|[7;1m [0m| |[7;1m [0m|| 3
[32;1m[Board] [0m   -------------------
[32;1m[Board] [0m 2 ||[7;1m [0m| |[0;1mp[0m| |[7;1m [0m|[0;1mp[0m|[7;1m [0m| || 2
[32;1m[Board] [0m   -------------------
[32;1m[Board] [0m 1 ||[0;1mr[0m|[7;1m [0m| |[0;1mK[0m| |[7;1m [0m| |[0;1mr[0m|| 1
[32;1m[Board] [0m   -------------------
[32;1m[Board] [0m     a b c d e f g h
[32;1m[Board] [0m
[32;1m[Referee] [0mThis is the turn of the White player...
Chess engine starting...
Hash OK after replay.
move played: h1h7
in coordinates: from (7,7) to (1,7)
[32;1m[Game] [0mPlayer's error code: 256
[32;1m[Game] [0mChecking move validity...
[32;1m[Board] [0mInitializing board (size: 8)...
[32;1m[Board] [0m32 piece(s) on board.
[32;1m[Board] [0mLoading history file `championship/chess-engine3-chess_project_pelm/history.csv`...
[32;1m[Board] [0mLoaded 46 move(s).
[32;1m[Board] [0mHistory replayed, 21 piece(s) on board.
[32;1m[Board] [0mLoading move file `championship/chess-engine3-chess_project_pelm/move.csv`...
[32;1m[Board] [0mWhite player is playing h1 to h7.
[32;1m[Board] [0m[5;1mWhite Rook is taking Black Pawn.[0m
[32;1m[Board] [0m
[32;1m[Board] [0m     a b c d e f g h
[32;1m[Board] [0m   -------------------
[32;1m[Board] [0m 8 ||[7;1m [0m| |[7;1m [0m| |[7;1m [0m|[30;1mb[0m|[7;1m [0m|[30;1mr[0m|| 8
[32;1m[Board] [0m   -------------------
[32;1m[Board] [0m 7 ||[30;1mp[0m|[30;1mp[0m| |[7;1m [0m| |[7;1m [0m|[30;1mp[0m|[0;1mr[0m|| 7
[32;1m[Board] [0m   -------------------
[32;1m[Board] [0m 6 ||[7;1m [0m|[30;1mr[0m|[7;1m [0m| |[7;1m [0m| |[30;1mK[0m| || 6
[32;1m[Board] [0m   -------------------
[32;1m[Board] [0m 5 || |[7;1m [0m|[30;1mp[0m|[7;1m [0m|[30;1mp[0m|[7;1m [0m| |[7;1m [0m|| 5
[32;1m[Board] [0m   -------------------
[32;1m[Board] [0m 4 ||[7;1m [0m| |[7;1m [0m| |[0;1mk[0m| |[0;1mp[0m| || 4
[32;1m[Board] [0m   -------------------
[32;1m[Board] [0m 3 ||[0;1mp[0m|[0;1mp[0m| |[0;1mb[0m|[0;1mb[0m|[7;1m [0m| |[7;1m [0m|| 3
[32;1m[Board] [0m   -------------------
[32;1m[Board] [0m 2 ||[7;1m [0m| |[0;1mp[0m| |[7;1m [0m|[0;1mp[0m|[7;1m [0m| || 2
[32;1m[Board] [0m   -------------------
[32;1m[Board] [0m 1 ||[0;1mr[0m|[7;1m [0m| |[0;1mK[0m| |[7;1m [0m| |[7;1m [0m|| 1
[32;1m[Board] [0m   -------------------
[32;1m[Board] [0m     a b c d e f g h
[32;1m[Board] [0m
[32;1m[Referee] [0mThis is the turn of the Black player...
new one at 2 number of nodes 99 no of distinct states visited 99 time left 9.96809
new one at 3 number of nodes 239 no of distinct states visited 225 time left 9.91249
new one at 4 number of nodes 3037 no of distinct states visited 2460 time left 9.5906
new one at 5 number of nodes 7785 no of distinct states visited 7176 time left 8.2435
new one at 6 number of nodes 68692 no of distinct states visited 49044 time left 0.999823
ok it did depth 5 and now we're doing move h8h7 with evaluation -310 number of nodes examined is 7785
[32;1m[Game] [0mPlayer's error code: 0
[32;1m[Game] [0mChecking move validity...
[32;1m[Board] [0mInitializing board (size: 8)...
[32;1m[Board] [0m32 piece(s) on board.
[32;1m[Board] [0mLoading history file `championship/chess-engine3-chess_project_pelm/history.csv`...
[32;1m[Board] [0mLoaded 47 move(s).
[32;1m[Board] [0mHistory replayed, 20 piece(s) on board.
[32;1m[Board] [0mLoading move file `championship/chess-engine3-chess_project_pelm/move.csv`...
[32;1m[Board] [0mBlack player is playing h8 to h7.
[32;1m[Board] [0m[5;1mBlack Rook is taking White Rook.[0m
[32;1m[Board] [0m
[32;1m[Board] [0m     a b c d e f g h
[32;1m[Board] [0m   -------------------
[32;1m[Board] [0m 8 ||[7;1m [0m| |[7;1m [0m| |[7;1m [0m|[30;1mb[0m|[7;1m [0m| || 8
[32;1m[Board] [0m   -------------------
[32;1m[Board] [0m 7 ||[30;1mp[0m|[30;1mp[0m| |[7;1m [0m| |[7;1m [0m|[30;1mp[0m|[30;1mr[0m|| 7
[32;1m[Board] [0m   -------------------
[32;1m[Board] [0m 6 ||[7;1m [0m|[30;1mr[0m|[7;1m [0m| |[7;1m [0m| |[30;1mK[0m| || 6
[32;1m[Board] [0m   -------------------
[32;1m[Board] [0m 5 || |[7;1m [0m|[30;1mp[0m|[7;1m [0m|[30;1mp[0m|[7;1m [0m| |[7;1m [0m|| 5
[32;1m[Board] [0m   -------------------
[32;1m[Board] [0m 4 ||[7;1m [0m| |[7;1m [0m| |[0;1mk[0m| |[0;1mp[0m| || 4
[32;1m[Board] [0m   -------------------
[32;1m[Board] [0m 3 ||[0;1mp[0m|[0;1mp[0m| |[0;1mb[0m|[0;1mb[0m|[7;1m [0m| |[7;1m [0m|| 3
[32;1m[Board] [0m   -------------------
[32;1m[Board] [0m 2 ||[7;1m [0m| |[0;1mp[0m| |[7;1m [0m|[0;1mp[0m|[7;1m [0m| || 2
[32;1m[Board] [0m   -------------------
[32;1m[Board] [0m 1 ||[0;1mr[0m|[7;1m [0m| |[0;1mK[0m| |[7;1m [0m| |[7;1m [0m|| 1
[32;1m[Board] [0m   -------------------
[32;1m[Board] [0m     a b c d e f g h
[32;1m[Board] [0m
[32;1m[Referee] [0mThis is the turn of the White player...
Chess engine starting...
Hash OK after replay.
move played: e4g5
in coordinates: from (4,4) to (3,6)
[32;1m[Game] [0mPlayer's error code: 256
[32;1m[Game] [0mChecking move validity...
[32;1m[Board] [0mInitializing board (size: 8)...
[32;1m[Board] [0m32 piece(s) on board.
[32;1m[Board] [0mLoading history file `championship/chess-engine3-chess_project_pelm/history.csv`...
[32;1m[Board] [0mLoaded 48 move(s).
[32;1m[Board] [0mHistory replayed, 19 piece(s) on board.
[32;1m[Board] [0mLoading move file `championship/chess-engine3-chess_project_pelm/move.csv`...
[32;1m[Board] [0mWhite player is playing e4 to g5.
[32;1m[Board] [0m
[32;1m[Board] [0m     a b c d e f g h
[32;1m[Board] [0m   -------------------
[32;1m[Board] [0m 8 ||[7;1m [0m| |[7;1m [0m| |[7;1m [0m|[30;1mb[0m|[7;1m [0m| || 8
[32;1m[Board] [0m   -------------------
[32;1m[Board] [0m 7 ||[30;1mp[0m|[30;1mp[0m| |[7;1m [0m| |[7;1m [0m|[30;1mp[0m|[30;1mr[0m|| 7
[32;1m[Board] [0m   -------------------
[32;1m[Board] [0m 6 ||[7;1m [0m|[30;1mr[0m|[7;1m [0m| |[7;1m [0m| |[30;1mK[0m| || 6
[32;1m[Board] [0m   -------------------
[32;1m[Board] [0m 5 || |[7;1m [0m|[30;1mp[0m|[7;1m [0m|[30;1mp[0m|[7;1m [0m|[0;1mk[0m|[7;1m [0m|| 5
[32;1m[Board] [0m   -------------------
[32;1m[Board] [0m 4 ||[7;1m [0m| |[7;1m [0m| |[7;1m [0m| |[0;1mp[0m| || 4
[32;1m[Board] [0m   -------------------
[32;1m[Board] [0m 3 ||[0;1mp[0m|[0;1mp[0m| |[0;1mb[0m|[0;1mb[0m|[7;1m [0m| |[7;1m [0m|| 3
[32;1m[Board] [0m   -------------------
[32;1m[Board] [0m 2 ||[7;1m [0m| |[0;1mp[0m| |[7;1m [0m|[0;1mp[0m|[7;1m [0m| || 2
[32;1m[Board] [0m   -------------------
[32;1m[Board] [0m 1 ||[0;1mr[0m|[7;1m [0m| |[0;1mK[0m| |[7;1m [0m| |[7;1m [0m|| 1
[32;1m[Board] [0m   -------------------
[32;1m[Board] [0m     a b c d e f g h
[32;1m[Board] [0m
[32;1m[Referee] [0mThis is the turn of the Black player...
new one at 2 number of nodes 39 no of distinct states visited 39 time left 9.98549
new one at 3 number of nodes 184 no of distinct states visited 185 time left 9.94023
new one at 4 number of nodes 2249 no of distinct states visited 2045 time left 9.66712
new one at 5 number of nodes 4773 no of distinct states visited 4776 time left 8.80263
new one at 6 number of nodes 44235 no of distinct states visited 30155 time left 4.04329
new one at 7 number of nodes 18963 no of distinct states visited 40496 time left 0.999858
ok it did depth 6 and now we're doing move g6f6 with evaluation -975 number of nodes examined is 44235
[32;1m[Game] [0mPlayer's error code: 0
[32;1m[Game] [0mChecking move validity...
[32;1m[Board] [0mInitializing board (size: 8)...
[32;1m[Board] [0m32 piece(s) on board.
[32;1m[Board] [0mLoading history file `championship/chess-engine3-chess_project_pelm/history.csv`...
[32;1m[Board] [0mLoaded 49 move(s).
[32;1m[Board] [0mHistory replayed, 19 piece(s) on board.
[32;1m[Board] [0mLoading move file `championship/chess-engine3-chess_project_pelm/move.csv`...
[32;1m[Board] [0mBlack player is playing g6 to f6.
[32;1m[Board] [0m
[32;1m[Board] [0m     a b c d e f g h
[32;1m[Board] [0m   -------------------
[32;1m[Board] [0m 8 ||[7;1m [0m| |[7;1m [0m| |[7;1m [0m|[30;1mb[0m|[7;1m [0m| || 8
[32;1m[Board] [0m   -------------------
[32;1m[Board] [0m 7 ||[30;1mp[0m|[30;1mp[0m| |[7;1m [0m| |[7;1m [0m|[30;1mp[0m|[30;1mr[0m|| 7
[32;1m[Board] [0m   -------------------
[32;1m[Board] [0m 6 ||[7;1m [0m|[30;1mr[0m|[7;1m [0m| |[7;1m [0m|[30;1mK[0m|[7;1m [0m| || 6
[32;1m[Board] [0m   -------------------
[32;1m[Board] [0m 5 || |[7;1m [0m|[30;1mp[0m|[7;1m [0m|[30;1mp[0m|[7;1m [0m|[0;1mk[0m|[7;1m [0m|| 5
[32;1m[Board] [0m   -------------------
[32;1m[Board] [0m 4 ||[7;1m [0m| |[7;1m [0m| |[7;1m [0m| |[0;1mp[0m| || 4
[32;1m[Board] [0m   -------------------
[32;1m[Board] [0m 3 ||[0;1mp[0m|[0;1mp[0m| |[0;1mb[0m|[0;1mb[0m|[7;1m [0m| |[7;1m [0m|| 3
[32;1m[Board] [0m   -------------------
[32;1m[Board] [0m 2 ||[7;1m [0m| |[0;1mp[0m| |[7;1m [0m|[0;1mp[0m|[7;1m [0m| || 2
[32;1m[Board] [0m   -------------------
[32;1m[Board] [0m 1 ||[0;1mr[0m|[7;1m [0m| |[0;1mK[0m| |[7;1m [0m| |[7;1m [0m|| 1
[32;1m[Board] [0m   -------------------
[32;1m[Board] [0m     a b c d e f g h
[32;1m[Board] [0m
[32;1m[Referee] [0mThis is the turn of the White player...
Chess engine starting...
Hash OK after replay.
move played: g5h7
in coordinates: from (3,6) to (1,7)
[32;1m[Game] [0mPlayer's error code: 256
[32;1m[Game] [0mChecking move validity...
[32;1m[Board] [0mInitializing board (size: 8)...
[32;1m[Board] [0m32 piece(s) on board.
[32;1m[Board] [0mLoading history file `championship/chess-engine3-chess_project_pelm/history.csv`...
[32;1m[Board] [0mLoaded 50 move(s).
[32;1m[Board] [0mHistory replayed, 19 piece(s) on board.
[32;1m[Board] [0mLoading move file `championship/chess-engine3-chess_project_pelm/move.csv`...
[32;1m[Board] [0mWhite player is playing g5 to h7.
[32;1m[Board] [0m[5;1mWhite Knight is taking Black Rook.[0m
[32;1m[Board] [0m
[32;1m[Board] [0m     a b c d e f g h
[32;1m[Board] [0m   -------------------
[32;1m[Board] [0m 8 ||[7;1m [0m| |[7;1m [0m| |[7;1m [0m|[30;1mb[0m|[7;1m [0m| || 8
[32;1m[Board] [0m   -------------------
[32;1m[Board] [0m 7 ||[30;1mp[0m|[30;1mp[0m| |[7;1m [0m| |[7;1m [0m|[30;1mp[0m|[0;1mk[0m|| 7
[32;1m[Board] [0m   -------------------
[32;1m[Board] [0m 6 ||[7;1m [0m|[30;1mr[0m|[7;1m [0m| |[7;1m [0m|[30;1mK[0m|[7;1m [0m| || 6
[32;1m[Board] [0m   -------------------
[32;1m[Board] [0m 5 || |[7;1m [0m|[30;1mp[0m|[7;1m [0m|[30;1mp[0m|[7;1m [0m| |[7;1m [0m|| 5
[32;1m[Board] [0m   -------------------
[32;1m[Board] [0m 4 ||[7;1m [0m| |[7;1m [0m| |[7;1m [0m| |[0;1mp[0m| || 4
[32;1m[Board] [0m   -------------------
[32;1m[Board] [0m 3 ||[0;1mp[0m|[0;1mp[0m| |[0;1mb[0m|[0;1mb[0m|[7;1m [0m| |[7;1m [0m|| 3
[32;1m[Board] [0m   -------------------
[32;1m[Board] [0m 2 ||[7;1m [0m| |[0;1mp[0m| |[7;1m [0m|[0;1mp[0m|[7;1m [0m| || 2
[32;1m[Board] [0m   -------------------
[32;1m[Board] [0m 1 ||[0;1mr[0m|[7;1m [0m| |[0;1mK[0m| |[7;1m [0m| |[7;1m [0m|| 1
[32;1m[Board] [0m   -------------------
[32;1m[Board] [0m     a b c d e f g h
[32;1m[Board] [0m
[32;1m[Referee] [0mThis is the turn of the Black player...
new one at 2 number of nodes 69 no of distinct states visited 69 time left 9.99342
new one at 3 number of nodes 117 no of distinct states visited 141 time left 9.97558
new one at 4 number of nodes 1481 no of distinct states visited 1303 time left 9.82881
new one at 5 number of nodes 3540 no of distinct states visited 3258 time left 9.28648
new one at 6 number of nodes 44177 no of distinct states visited 25824 time left 5.16928
new one at 7 number of nodes 27630 no of distinct states visited 41781 time left 0.999715
ok it did depth 6 and now we're doing move f6f7 with evaluation -990 number of nodes examined is 44177
[32;1m[Game] [0mPlayer's error code: 0
[32;1m[Game] [0mChecking move validity...
[32;1m[Board] [0mInitializing board (size: 8)...
[32;1m[Board] [0m32 piece(s) on board.
[32;1m[Board] [0mLoading history file `championship/chess-engine3-chess_project_pelm/history.csv`...
[32;1m[Board] [0mLoaded 51 move(s).
[32;1m[Board] [0mHistory replayed, 18 piece(s) on board.
[32;1m[Board] [0mLoading move file `championship/chess-engine3-chess_project_pelm/move.csv`...
[32;1m[Board] [0mBlack player is playing f6 to f7.
[32;1m[Board] [0m
[32;1m[Board] [0m     a b c d e f g h
[32;1m[Board] [0m   -------------------
[32;1m[Board] [0m 8 ||[7;1m [0m| |[7;1m [0m| |[7;1m [0m|[30;1mb[0m|[7;1m [0m| || 8
[32;1m[Board] [0m   -------------------
[32;1m[Board] [0m 7 ||[30;1mp[0m|[30;1mp[0m| |[7;1m [0m| |[30;1mK[0m|[30;1mp[0m|[0;1mk[0m|| 7
[32;1m[Board] [0m   -------------------
[32;1m[Board] [0m 6 ||[7;1m [0m|[30;1mr[0m|[7;1m [0m| |[7;1m [0m| |[7;1m [0m| || 6
[32;1m[Board] [0m   -------------------
[32;1m[Board] [0m 5 || |[7;1m [0m|[30;1mp[0m|[7;1m [0m|[30;1mp[0m|[7;1m [0m| |[7;1m [0m|| 5
[32;1m[Board] [0m   -------------------
[32;1m[Board] [0m 4 ||[7;1m [0m| |[7;1m [0m| |[7;1m [0m| |[0;1mp[0m| || 4
[32;1m[Board] [0m   -------------------
[32;1m[Board] [0m 3 ||[0;1mp[0m|[0;1mp[0m| |[0;1mb[0m|[0;1mb[0m|[7;1m [0m| |[7;1m [0m|| 3
[32;1m[Board] [0m   -------------------
[32;1m[Board] [0m 2 ||[7;1m [0m| |[0;1mp[0m| |[7;1m [0m|[0;1mp[0m|[7;1m [0m| || 2
[32;1m[Board] [0m   -------------------
[32;1m[Board] [0m 1 ||[0;1mr[0m|[7;1m [0m| |[0;1mK[0m| |[7;1m [0m| |[7;1m [0m|| 1
[32;1m[Board] [0m   -------------------
[32;1m[Board] [0m     a b c d e f g h
[32;1m[Board] [0m
[32;1m[Referee] [0mThis is the turn of the White player...
Chess engine starting...
Hash OK after replay.
move played: h7f8
in coordinates: from (1,7) to (0,5)
[32;1m[Game] [0mPlayer's error code: 256
[32;1m[Game] [0mChecking move validity...
[32;1m[Board] [0mInitializing board (size: 8)...
[32;1m[Board] [0m32 piece(s) on board.
[32;1m[Board] [0mLoading history file `championship/chess-engine3-chess_project_pelm/history.csv`...
[32;1m[Board] [0mLoaded 52 move(s).
[32;1m[Board] [0mHistory replayed, 18 piece(s) on board.
[32;1m[Board] [0mLoading move file `championship/chess-engine3-chess_project_pelm/move.csv`...
[32;1m[Board] [0mWhite player is playing h7 to f8.
[32;1m[Board] [0m[5;1mWhite Knight is taking Black Bishop.[0m
[32;1m[Board] [0m
[32;1m[Board] [0m     a b c d e f g h
[32;1m[Board] [0m   -------------------
[32;1m[Board] [0m 8 ||[7;1m [0m| |[7;1m [0m| |[7;1m [0m|[0;1mk[0m|[7;1m [0m| || 8
[32;1m[Board] [0m   -------------------
[32;1m[Board] [0m 7 ||[30;1mp[0m|[30;1mp[0m| |[7;1m [0m| |[30;1mK[0m|[30;1mp[0m|[7;1m [0m|| 7
[32;1m[Board] [0m   -------------------
[32;1m[Board] [0m 6 ||[7;1m [0m|[30;1mr[0m|[7;1m [0m| |[7;1m [0m| |[7;1m [0m| || 6
[32;1m[Board] [0m   -------------------
[32;1m[Board] [0m 5 || |[7;1m [0m|[30;1mp[0m|[7;1m [0m|[30;1mp[0m|[7;1m [0m| |[7;1m [0m|| 5
[32;1m[Board] [0m   -------------------
[32;1m[Board] [0m 4 ||[7;1m [0m| |[7;1m [0m| |[7;1m [0m| |[0;1mp[0m| || 4
[32;1m[Board] [0m   -------------------
[32;1m[Board] [0m 3 ||[0;1mp[0m|[0;1mp[0m| |[0;1mb[0m|[0;1mb[0m|[7;1m [0m| |[7;1m [0m|| 3
[32;1m[Board] [0m   -------------------
[32;1m[Board] [0m 2 ||[7;1m [0m| |[0;1mp[0m| |[7;1m [0m|[0;1mp[0m|[7;1m [0m| || 2
[32;1m[Board] [0m   -------------------
[32;1m[Board] [0m 1 ||[0;1mr[0m|[7;1m [0m| |[0;1mK[0m| |[7;1m [0m| |[7;1m [0m|| 1
[32;1m[Board] [0m   -------------------
[32;1m[Board] [0m     a b c d e f g h
[32;1m[Board] [0m
[32;1m[Referee] [0mThis is the turn of the Black player...
new one at 2 number of nodes 72 no of distinct states visited 72 time left 9.98816
new one at 3 number of nodes 559 no of distinct states visited 456 time left 9.92136
new one at 4 number of nodes 2875 no of distinct states visited 2264 time left 9.58198
new one at 5 number of nodes 14424 no of distinct states visited 10897 time left 7.61706
new one at 6 number of nodes 63412 no of distinct states visited 45883 time left 1.07106
new one at 7 number of nodes 597 no of distinct states visited 46257 time left 0.999858
ok it did depth 6 and now we're doing move e5e4 with evaluation -1065 number of nodes examined is 63412
[32;1m[Game] [0mPlayer's error code: 0
[32;1m[Game] [0mChecking move validity...
[32;1m[Board] [0mInitializing board (size: 8)...
[32;1m[Board] [0m32 piece(s) on board.
[32;1m[Board] [0mLoading history file `championship/chess-engine3-chess_project_pelm/history.csv`...
[32;1m[Board] [0mLoaded 53 move(s).
[32;1m[Board] [0mHistory replayed, 17 piece(s) on board.
[32;1m[Board] [0mLoading move file `championship/chess-engine3-chess_project_pelm/move.csv`...
[32;1m[Board] [0mBlack player is playing e5 to e4.
[32;1m[Board] [0m
[32;1m[Board] [0m     a b c d e f g h
[32;1m[Board] [0m   -------------------
[32;1m[Board] [0m 8 ||[7;1m [0m| |[7;1m [0m| |[7;1m [0m|[0;1mk[0m|[7;1m [0m| || 8
[32;1m[Board] [0m   -------------------
[32;1m[Board] [0m 7 ||[30;1mp[0m|[30;1mp[0m| |[7;1m [0m| |[30;1mK[0m|[30;1mp[0m|[7;1m [0m|| 7
[32;1m[Board] [0m   -------------------
[32;1m[Board] [0m 6 ||[7;1m [0m|[30;1mr[0m|[7;1m [0m| |[7;1m [0m| |[7;1m [0m| || 6
[32;1m[Board] [0m   -------------------
[32;1m[Board] [0m 5 || |[7;1m [0m|[30;1mp[0m|[7;1m [0m| |[7;1m [0m| |[7;1m [0m|| 5
[32;1m[Board] [0m   -------------------
[32;1m[Board] [0m 4 ||[7;1m [0m| |[7;1m [0m| |[30;1mp[0m| |[0;1mp[0m| || 4
[32;1m[Board] [0m   -------------------
[32;1m[Board] [0m 3 ||[0;1mp[0m|[0;1mp[0m| |[0;1mb[0m|[0;1mb[0m|[7;1m [0m| |[7;1m [0m|| 3
[32;1m[Board] [0m   -------------------
[32;1m[Board] [0m 2 ||[7;1m [0m| |[0;1mp[0m| |[7;1m [0m|[0;1mp[0m|[7;1m [0m| || 2
[32;1m[Board] [0m   -------------------
[32;1m[Board] [0m 1 ||[0;1mr[0m|[7;1m [0m| |[0;1mK[0m| |[7;1m [0m| |[7;1m [0m|| 1
[32;1m[Board] [0m   -------------------
[32;1m[Board] [0m     a b c d e f g h
[32;1m[Board] [0m
[32;1m[Referee] [0mThis is the turn of the White player...
Chess engine starting...
Hash OK after replay.
move played: d3c4
in coordinates: from (5,3) to (4,2)
[32;1m[Game] [0mPlayer's error code: 256
[32;1m[Game] [0mChecking move validity...
[32;1m[Board] [0mInitializing board (size: 8)...
[32;1m[Board] [0m32 piece(s) on board.
[32;1m[Board] [0mLoading history file `championship/chess-engine3-chess_project_pelm/history.csv`...
[32;1m[Board] [0mLoaded 54 move(s).
[32;1m[Board] [0mHistory replayed, 17 piece(s) on board.
[32;1m[Board] [0mLoading move file `championship/chess-engine3-chess_project_pelm/move.csv`...
[32;1m[Board] [0mWhite player is playing d3 to c4.
[32;1m[Board] [0m
[32;1m[Board] [0m     a b c d e f g h
[32;1m[Board] [0m   -------------------
[32;1m[Board] [0m 8 ||[7;1m [0m| |[7;1m [0m| |[7;1m [0m|[0;1mk[0m|[7;1m [0m| || 8
[32;1m[Board] [0m   -------------------
[32;1m[Board] [0m 7 ||[30;1mp[0m|[30;1mp[0m| |[7;1m [0m| |[30;1mK[0m|[30;1mp[0m|[7;1m [0m|| 7
[32;1m[Board] [0m   -------------------
[32;1m[Board] [0m 6 ||[7;1m [0m|[30;1mr[0m|[7;1m [0m| |[7;1m [0m| |[7;1m [0m| || 6
[32;1m[Board] [0m   -------------------
[32;1m[Board] [0m 5 || |[7;1m [0m|[30;1mp[0m|[7;1m [0m| |[7;1m [0m| |[7;1m [0m|| 5
[32;1m[Board] [0m   -------------------
[32;1m[Board] [0m 4 ||[7;1m [0m| |[0;1mb[0m| |[30;1mp[0m| |[0;1mp[0m| || 4
[32;1m[Board] [0m   -------------------
[32;1m[Board] [0m 3 ||[0;1mp[0m|[0;1mp[0m| |[7;1m [0m|[0;1mb[0m|[7;1m [0m| |[7;1m [0m|| 3
[32;1m[Board] [0m   -------------------
[32;1m[Board] [0m 2 ||[7;1m [0m| |[0;1mp[0m| |[7;1m [0m|[0;1mp[0m|[7;1m [0m| || 2
[32;1m[Board] [0m   -------------------
[32;1m[Board] [0m 1 ||[0;1mr[0m|[7;1m [0m| |[0;1mK[0m| |[7;1m [0m| |[7;1m [0m|| 1
[32;1m[Board] [0m   -------------------
[32;1m[Board] [0m     a b c d e f g h
[32;1m[Board] [0m
[32;1m[Referee] [0mThis is the turn of the Black player...
new one at 2 number of nodes 39 no of distinct states visited 39 time left 9.99565
new one at 3 number of nodes 127 no of distinct states visited 121 time left 9.97986
new one at 4 number of nodes 2220 no of distinct states visited 1721 time left 9.80247
new one at 5 number of nodes 4998 no of distinct states visited 4786 time left 9.14358
new one at 6 number of nodes 33172 no of distinct states visited 24466 time left 6.35568
new one at 7 number of nodes 38178 no of distinct states visited 44146 time left 0.999888
ok it did depth 6 and now we're doing move f7f8 with evaluation -945 number of nodes examined is 33172
[32;1m[Game] [0mPlayer's error code: 0
[32;1m[Game] [0mChecking move validity...
[32;1m[Board] [0mInitializing board (size: 8)...
[32;1m[Board] [0m32 piece(s) on board.
[32;1m[Board] [0mLoading history file `championship/chess-engine3-chess_project_pelm/history.csv`...
[32;1m[Board] [0mLoaded 55 move(s).
[32;1m[Board] [0mHistory replayed, 17 piece(s) on board.
[32;1m[Board] [0mLoading move file `championship/chess-engine3-chess_project_pelm/move.csv`...
[32;1m[Board] [0mBlack player is playing f7 to f8.
[32;1m[Board] [0m[5;1mBlack King is taking White Knight.[0m
[32;1m[Board] [0m
[32;1m[Board] [0m     a b c d e f g h
[32;1m[Board] [0m   -------------------
[32;1m[Board] [0m 8 ||[7;1m [0m| |[7;1m [0m| |[7;1m [0m|[30;1mK[0m|[7;1m [0m| || 8
[32;1m[Board] [0m   -------------------
[32;1m[Board] [0m 7 ||[30;1mp[0m|[30;1mp[0m| |[7;1m [0m| |[7;1m [0m|[30;1mp[0m|[7;1m [0m|| 7
[32;1m[Board] [0m   -------------------
[32;1m[Board] [0m 6 ||[7;1m [0m|[30;1mr[0m|[7;1m [0m| |[7;1m [0m| |[7;1m [0m| || 6
[32;1m[Board] [0m   -------------------
[32;1m[Board] [0m 5 || |[7;1m [0m|[30;1mp[0m|[7;1m [0m| |[7;1m [0m| |[7;1m [0m|| 5
[32;1m[Board] [0m   -------------------
[32;1m[Board] [0m 4 ||[7;1m [0m| |[0;1mb[0m| |[30;1mp[0m| |[0;1mp[0m| || 4
[32;1m[Board] [0m   -------------------
[32;1m[Board] [0m 3 ||[0;1mp[0m|[0;1mp[0m| |[7;1m [0m|[0;1mb[0m|[7;1m [0m| |[7;1m [0m|| 3
[32;1m[Board] [0m   -------------------
[32;1m[Board] [0m 2 ||[7;1m [0m| |[0;1mp[0m| |[7;1m [0m|[0;1mp[0m|[7;1m [0m| || 2
[32;1m[Board] [0m   -------------------
[32;1m[Board] [0m 1 ||[0;1mr[0m|[7;1m [0m| |[0;1mK[0m| |[7;1m [0m| |[7;1m [0m|| 1
[32;1m[Board] [0m   -------------------
[32;1m[Board] [0m     a b c d e f g h
[32;1m[Board] [0m
[32;1m[Referee] [0mThis is the turn of the White player...
Chess engine starting...
Hash OK after replay.
move played: e3c5
in coordinates: from (5,4) to (3,2)
[32;1m[Game] [0mPlayer's error code: 256
[32;1m[Game] [0mChecking move validity...
[32;1m[Board] [0mInitializing board (size: 8)...
[32;1m[Board] [0m32 piece(s) on board.
[32;1m[Board] [0mLoading history file `championship/chess-engine3-chess_project_pelm/history.csv`...
[32;1m[Board] [0mLoaded 56 move(s).
[32;1m[Board] [0mHistory replayed, 16 piece(s) on board.
[32;1m[Board] [0mLoading move file `championship/chess-engine3-chess_project_pelm/move.csv`...
[32;1m[Board] [0mWhite player is playing e3 to c5.
[32;1m[Board] [0m[5;1mWhite Bishop is taking Black Pawn.[0m
[32;1m[Board] [0m
[32;1m[Board] [0m     a b c d e f g h
[32;1m[Board] [0m   -------------------
[32;1m[Board] [0m 8 ||[7;1m [0m| |[7;1m [0m| |[7;1m [0m|[30;1mK[0m|[7;1m [0m| || 8
[32;1m[Board] [0m   -------------------
[32;1m[Board] [0m 7 ||[30;1mp[0m|[30;1mp[0m| |[7;1m [0m| |[7;1m [0m|[30;1mp[0m|[7;1m [0m|| 7
[32;1m[Board] [0m   -------------------
[32;1m[Board] [0m 6 ||[7;1m [0m|[30;1mr[0m|[7;1m [0m| |[7;1m [0m| |[7;1m [0m| || 6
[32;1m[Board] [0m   -------------------
[32;1m[Board] [0m 5 || |[7;1m [0m|[0;1mb[0m|[7;1m [0m| |[7;1m [0m| |[7;1m [0m|| 5
[32;1m[Board] [0m   -------------------
[32;1m[Board] [0m 4 ||[7;1m [0m| |[0;1mb[0m| |[30;1mp[0m| |[0;1mp[0m| || 4
[32;1m[Board] [0m   -------------------
[32;1m[Board] [0m 3 ||[0;1mp[0m|[0;1mp[0m| |[7;1m [0m| |[7;1m [0m| |[7;1m [0m|| 3
[32;1m[Board] [0m   -------------------
[32;1m[Board] [0m 2 ||[7;1m [0m| |[0;1mp[0m| |[7;1m [0m|[0;1mp[0m|[7;1m [0m| || 2
[32;1m[Board] [0m   -------------------
[32;1m[Board] [0m 1 ||[0;1mr[0m|[7;1m [0m| |[0;1mK[0m| |[7;1m [0m| |[7;1m [0m|| 1
[32;1m[Board] [0m   -------------------
[32;1m[Board] [0m     a b c d e f g h
[32;1m[Board] [0m
[32;1m[Referee] [0mThis is the turn of the Black player...
new one at 2 number of nodes 33 no of distinct states visited 33 time left 9.99388
new one at 3 number of nodes 71 no of distinct states visited 71 time left 9.97428
new one at 4 number of nodes 1079 no of distinct states visited 963 time left 9.80652
new one at 5 number of nodes 1990 no of distinct states visited 2157 time left 9.34989
new one at 6 number of nodes 34760 no of distinct states visited 24159 time left 6.50511
new one at 7 number of nodes 37192 no of distinct states visited 41360 time left 0.999821
ok it did depth 6 and now we're doing move f8e8 with evaluation -1040 number of nodes examined is 34760
[32;1m[Game] [0mPlayer's error code: 0
[32;1m[Game] [0mChecking move validity...
[32;1m[Board] [0mInitializing board (size: 8)...
[32;1m[Board] [0m32 piece(s) on board.
[32;1m[Board] [0mLoading history file `championship/chess-engine3-chess_project_pelm/history.csv`...
[32;1m[Board] [0mLoaded 57 move(s).
[32;1m[Board] [0mHistory replayed, 15 piece(s) on board.
[32;1m[Board] [0mLoading move file `championship/chess-engine3-chess_project_pelm/move.csv`...
[32;1m[Board] [0mBlack player is playing f8 to e8.
[32;1m[Board] [0m
[32;1m[Board] [0m     a b c d e f g h
[32;1m[Board] [0m   -------------------
[32;1m[Board] [0m 8 ||[7;1m [0m| |[7;1m [0m| |[30;1mK[0m| |[7;1m [0m| || 8
[32;1m[Board] [0m   -------------------
[32;1m[Board] [0m 7 ||[30;1mp[0m|[30;1mp[0m| |[7;1m [0m| |[7;1m [0m|[30;1mp[0m|[7;1m [0m|| 7
[32;1m[Board] [0m   -------------------
[32;1m[Board] [0m 6 ||[7;1m [0m|[30;1mr[0m|[7;1m [0m| |[7;1m [0m| |[7;1m [0m| || 6
[32;1m[Board] [0m   -------------------
[32;1m[Board] [0m 5 || |[7;1m [0m|[0;1mb[0m|[7;1m [0m| |[7;1m [0m| |[7;1m [0m|| 5
[32;1m[Board] [0m   -------------------
[32;1m[Board] [0m 4 ||[7;1m [0m| |[0;1mb[0m| |[30;1mp[0m| |[0;1mp[0m| || 4
[32;1m[Board] [0m   -------------------
[32;1m[Board] [0m 3 ||[0;1mp[0m|[0;1mp[0m| |[7;1m [0m| |[7;1m [0m| |[7;1m [0m|| 3
[32;1m[Board] [0m   -------------------
[32;1m[Board] [0m 2 ||[7;1m [0m| |[0;1mp[0m| |[7;1m [0m|[0;1mp[0m|[7;1m [0m| || 2
[32;1m[Board] [0m   -------------------
[32;1m[Board] [0m 1 ||[0;1mr[0m|[7;1m [0m| |[0;1mK[0m| |[7;1m [0m| |[7;1m [0m|| 1
[32;1m[Board] [0m   -------------------
[32;1m[Board] [0m     a b c d e f g h
[32;1m[Board] [0m
[32;1m[Referee] [0mThis is the turn of the White player...
Chess engine starting...
Hash OK after replay.
move played: c5b6
in coordinates: from (3,2) to (2,1)
[32;1m[Game] [0mPlayer's error code: 256
[32;1m[Game] [0mChecking move validity...
[32;1m[Board] [0mInitializing board (size: 8)...
[32;1m[Board] [0m32 piece(s) on board.
[32;1m[Board] [0mLoading history file `championship/chess-engine3-chess_project_pelm/history.csv`...
[32;1m[Board] [0mLoaded 58 move(s).
[32;1m[Board] [0mHistory replayed, 15 piece(s) on board.
[32;1m[Board] [0mLoading move file `championship/chess-engine3-chess_project_pelm/move.csv`...
[32;1m[Board] [0mWhite player is playing c5 to b6.
[32;1m[Board] [0m[5;1mWhite Bishop is taking Black Rook.[0m
[32;1m[Board] [0m
[32;1m[Board] [0m     a b c d e f g h
[32;1m[Board] [0m   -------------------
[32;1m[Board] [0m 8 ||[7;1m [0m| |[7;1m [0m| |[30;1mK[0m| |[7;1m [0m| || 8
[32;1m[Board] [0m   -------------------
[32;1m[Board] [0m 7 ||[30;1mp[0m|[30;1mp[0m| |[7;1m [0m| |[7;1m [0m|[30;1mp[0m|[7;1m [0m|| 7
[32;1m[Board] [0m   -------------------
[32;1m[Board] [0m 6 ||[7;1m [0m|[0;1mb[0m|[7;1m [0m| |[7;1m [0m| |[7;1m [0m| || 6
[32;1m[Board] [0m   -------------------
[32;1m[Board] [0m 5 || |[7;1m [0m| |[7;1m [0m| |[7;1m [0m| |[7;1m [0m|| 5
[32;1m[Board] [0m   -------------------
[32;1m[Board] [0m 4 ||[7;1m [0m| |[0;1mb[0m| |[30;1mp[0m| |[0;1mp[0m| || 4
[32;1m[Board] [0m   -------------------
[32;1m[Board] [0m 3 ||[0;1mp[0m|[0;1mp[0m| |[7;1m [0m| |[7;1m [0m| |[7;1m [0m|| 3
[32;1m[Board] [0m   -------------------
[32;1m[Board] [0m 2 ||[7;1m [0m| |[0;1mp[0m| |[7;1m [0m|[0;1mp[0m|[7;1m [0m| || 2
[32;1m[Board] [0m   -------------------
[32;1m[Board] [0m 1 ||[0;1mr[0m|[7;1m [0m| |[0;1mK[0m| |[7;1m [0m| |[7;1m [0m|| 1
[32;1m[Board] [0m   -------------------
[32;1m[Board] [0m     a b c d e f g h
[32;1m[Board] [0m
[32;1m[Referee] [0mThis is the turn of the Black player...
new one at 2 number of nodes 40 no of distinct states visited 40 time left 9.99553
new one at 3 number of nodes 111 no of distinct states visited 103 time left 9.98401
new one at 4 number of nodes 762 no of distinct states visited 689 time left 9.92527
new one at 5 number of nodes 1990 no of distinct states visited 1707 time left 9.72847
new one at 6 number of nodes 14487 no of distinct states visited 9573 time left 8.79017
new one at 7 number of nodes 33305 no of distinct states visited 22919 time left 5.54156
new one at 8 number of nodes 87583 no of distinct states visited 59740 time left 0.999888
ok it did depth 7 and now we're doing move a7b6 with evaluation -1040 number of nodes examined is 33305
[32;1m[Game] [0mPlayer's error code: 0
[32;1m[Game] [0mChecking move validity...
[32;1m[Board] [0mInitializing board (size: 8)...
[32;1m[Board] [0m32 piece(s) on board.
[32;1m[Board] [0mLoading history file `championship/chess-engine3-chess_project_pelm/history.csv`...
[32;1m[Board] [0mLoaded 59 move(s).
[32;1m[Board] [0mHistory replayed, 14 piece(s) on board.
[32;1m[Board] [0mLoading move file `championship/chess-engine3-chess_project_pelm/move.csv`...
[32;1m[Board] [0mBlack player is playing a7 to b6.
[32;1m[Board] [0m[5;1mBlack Pawn is taking White Bishop.[0m
[32;1m[Board] [0m
[32;1m[Board] [0m     a b c d e f g h
[32;1m[Board] [0m   -------------------
[32;1m[Board] [0m 8 ||[7;1m [0m| |[7;1m [0m| |[30;1mK[0m| |[7;1m [0m| || 8
[32;1m[Board] [0m   -------------------
[32;1m[Board] [0m 7 || |[30;1mp[0m| |[7;1m [0m| |[7;1m [0m|[30;1mp[0m|[7;1m [0m|| 7
[32;1m[Board] [0m   -------------------
[32;1m[Board] [0m 6 ||[7;1m [0m|[30;1mp[0m|[7;1m [0m| |[7;1m [0m| |[7;1m [0m| || 6
[32;1m[Board] [0m   -------------------
[32;1m[Board] [0m 5 || |[7;1m [0m| |[7;1m [0m| |[7;1m [0m| |[7;1m [0m|| 5
[32;1m[Board] [0m   -------------------
[32;1m[Board] [0m 4 ||[7;1m [0m| |[0;1mb[0m| |[30;1mp[0m| |[0;1mp[0m| || 4
[32;1m[Board] [0m   -------------------
[32;1m[Board] [0m 3 ||[0;1mp[0m|[0;1mp[0m| |[7;1m [0m| |[7;1m [0m| |[7;1m [0m|| 3
[32;1m[Board] [0m   -------------------
[32;1m[Board] [0m 2 ||[7;1m [0m| |[0;1mp[0m| |[7;1m [0m|[0;1mp[0m|[7;1m [0m| || 2
[32;1m[Board] [0m   -------------------
[32;1m[Board] [0m 1 ||[0;1mr[0m|[7;1m [0m| |[0;1mK[0m| |[7;1m [0m| |[7;1m [0m|| 1
[32;1m[Board] [0m   -------------------
[32;1m[Board] [0m     a b c d e f g h
[32;1m[Board] [0m
[32;1m[Referee] [0mThis is the turn of the White player...
Chess engine starting...
Hash OK after replay.
move played: c4d5
in coordinates: from (4,2) to (3,3)
[32;1m[Game] [0mPlayer's error code: 256
[32;1m[Game] [0mChecking move validity...
[32;1m[Board] [0mInitializing board (size: 8)...
[32;1m[Board] [0m32 piece(s) on board.
[32;1m[Board] [0mLoading history file `championship/chess-engine3-chess_project_pelm/history.csv`...
[32;1m[Board] [0mLoaded 60 move(s).
[32;1m[Board] [0mHistory replayed, 13 piece(s) on board.
[32;1m[Board] [0mLoading move file `championship/chess-engine3-chess_project_pelm/move.csv`...
[32;1m[Board] [0mWhite player is playing c4 to d5.
[32;1m[Board] [0m
[32;1m[Board] [0m     a b c d e f g h
[32;1m[Board] [0m   -------------------
[32;1m[Board] [0m 8 ||[7;1m [0m| |[7;1m [0m| |[30;1mK[0m| |[7;1m [0m| || 8
[32;1m[Board] [0m   -------------------
[32;1m[Board] [0m 7 || |[30;1mp[0m| |[7;1m [0m| |[7;1m [0m|[30;1mp[0m|[7;1m [0m|| 7
[32;1m[Board] [0m   -------------------
[32;1m[Board] [0m 6 ||[7;1m [0m|[30;1mp[0m|[7;1m [0m| |[7;1m [0m| |[7;1m [0m| || 6
[32;1m[Board] [0m   -------------------
[32;1m[Board] [0m 5 || |[7;1m [0m| |[0;1mb[0m| |[7;1m [0m| |[7;1m [0m|| 5
[32;1m[Board] [0m   -------------------
[32;1m[Board] [0m 4 ||[7;1m [0m| |[7;1m [0m| |[30;1mp[0m| |[0;1mp[0m| || 4
[32;1m[Board] [0m   -------------------
[32;1m[Board] [0m 3 ||[0;1mp[0m|[0;1mp[0m| |[7;1m [0m| |[7;1m [0m| |[7;1m [0m|| 3
[32;1m[Board] [0m   -------------------
[32;1m[Board] [0m 2 ||[7;1m [0m| |[0;1mp[0m| |[7;1m [0m|[0;1mp[0m|[7;1m [0m| || 2
[32;1m[Board] [0m   -------------------
[32;1m[Board] [0m 1 ||[0;1mr[0m|[7;1m [0m| |[0;1mK[0m| |[7;1m [0m| |[7;1m [0m|| 1
[32;1m[Board] [0m   -------------------
[32;1m[Board] [0m     a b c d e f g h
[32;1m[Board] [0m
[32;1m[Referee] [0mThis is the turn of the Black player...
new one at 2 number of nodes 40 no of distinct states visited 40 time left 9.99304
new one at 3 number of nodes 168 no of distinct states visited 141 time left 9.96077
new one at 4 number of nodes 535 no of distinct states visited 490 time left 9.91587
new one at 5 number of nodes 1722 no of distinct states visited 1283 time left 9.73379
new one at 6 number of nodes 20479 no of distinct states visited 11866 time left 8.38276
new one at 7 number of nodes 44870 no of distinct states visited 27648 time left 3.88897
new one at 8 number of nodes 53831 no of distinct states visited 49613 time left 0.99981
ok it did depth 7 and now we're doing move g7g5 with evaluation -1080 number of nodes examined is 44870
[32;1m[Game] [0mPlayer's error code: 0
[32;1m[Game] [0mChecking move validity...
[32;1m[Board] [0mInitializing board (size: 8)...
[32;1m[Board] [0m32 piece(s) on board.
[32;1m[Board] [0mLoading history file `championship/chess-engine3-chess_project_pelm/history.csv`...
[32;1m[Board] [0mLoaded 61 move(s).
[32;1m[Board] [0mHistory replayed, 13 piece(s) on board.
[32;1m[Board] [0mLoading move file `championship/chess-engine3-chess_project_pelm/move.csv`...
[32;1m[Board] [0mBlack player is playing g7 to g5.
[32;1m[Board] [0m
[32;1m[Board] [0m     a b c d e f g h
[32;1m[Board] [0m   -------------------
[32;1m[Board] [0m 8 ||[7;1m [0m| |[7;1m [0m| |[30;1mK[0m| |[7;1m [0m| || 8
[32;1m[Board] [0m   -------------------
[32;1m[Board] [0m 7 || |[30;1mp[0m| |[7;1m [0m| |[7;1m [0m| |[7;1m [0m|| 7
[32;1m[Board] [0m   -------------------
[32;1m[Board] [0m 6 ||[7;1m [0m|[30;1mp[0m|[7;1m [0m| |[7;1m [0m| |[7;1m [0m| || 6
[32;1m[Board] [0m   -------------------
[32;1m[Board] [0m 5 || |[7;1m [0m| |[0;1mb[0m| |[7;1m [0m|[30;1mp[0m|[7;1m [0m|| 5
[32;1m[Board] [0m   -------------------
[32;1m[Board] [0m 4 ||[7;1m [0m| |[7;1m [0m| |[30;1mp[0m| |[0;1mp[0m| || 4
[32;1m[Board] [0m   -------------------
[32;1m[Board] [0m 3 ||[0;1mp[0m|[0;1mp[0m| |[7;1m [0m| |[7;1m [0m| |[7;1m [0m|| 3
[32;1m[Board] [0m   -------------------
[32;1m[Board] [0m 2 ||[7;1m [0m| |[0;1mp[0m| |[7;1m [0m|[0;1mp[0m|[7;1m [0m| || 2
[32;1m[Board] [0m   -------------------
[32;1m[Board] [0m 1 ||[0;1mr[0m|[7;1m [0m| |[0;1mK[0m| |[7;1m [0m| |[7;1m [0m|| 1
[32;1m[Board] [0m   -------------------
[32;1m[Board] [0m     a b c d e f g h
[32;1m[Board] [0m
[32;1m[Referee] [0mThis is the turn of the White player...
Chess engine starting...
Hash OK after replay.
move played: d5b7
in coordinates: from (3,3) to (1,1)
[32;1m[Game] [0mPlayer's error code: 256
[32;1m[Game] [0mChecking move validity...
[32;1m[Board] [0mInitializing board (size: 8)...
[32;1m[Board] [0m32 piece(s) on board.
[32;1m[Board] [0mLoading history file `championship/chess-engine3-chess_project_pelm/history.csv`...
[32;1m[Board] [0mLoaded 62 move(s).
[32;1m[Board] [0mHistory replayed, 13 piece(s) on board.
[32;1m[Board] [0mLoading move file `championship/chess-engine3-chess_project_pelm/move.csv`...
[32;1m[Board] [0mWhite player is playing d5 to b7.
[32;1m[Board] [0m[5;1mWhite Bishop is taking Black Pawn.[0m
[32;1m[Board] [0m
[32;1m[Board] [0m     a b c d e f g h
[32;1m[Board] [0m   -------------------
[32;1m[Board] [0m 8 ||[7;1m [0m| |[7;1m [0m| |[30;1mK[0m| |[7;1m [0m| || 8
[32;1m[Board] [0m   -------------------
[32;1m[Board] [0m 7 || |[0;1mb[0m| |[7;1m [0m| |[7;1m [0m| |[7;1m [0m|| 7
[32;1m[Board] [0m   -------------------
[32;1m[Board] [0m 6 ||[7;1m [0m|[30;1mp[0m|[7;1m [0m| |[7;1m [0m| |[7;1m [0m| || 6
[32;1m[Board] [0m   -------------------
[32;1m[Board] [0m 5 || |[7;1m [0m| |[7;1m [0m| |[7;1m [0m|[30;1mp[0m|[7;1m [0m|| 5
[32;1m[Board] [0m   -------------------
[32;1m[Board] [0m 4 ||[7;1m [0m| |[7;1m [0m| |[30;1mp[0m| |[0;1mp[0m| || 4
[32;1m[Board] [0m   -------------------
[32;1m[Board] [0m 3 ||[0;1mp[0m|[0;1mp[0m| |[7;1m [0m| |[7;1m [0m| |[7;1m [0m|| 3
[32;1m[Board] [0m   -------------------
[32;1m[Board] [0m 2 ||[7;1m [0m| |[0;1mp[0m| |[7;1m [0m|[0;1mp[0m|[7;1m [0m| || 2
[32;1m[Board] [0m   -------------------
[32;1m[Board] [0m 1 ||[0;1mr[0m|[7;1m [0m| |[0;1mK[0m| |[7;1m [0m| |[7;1m [0m|| 1
[32;1m[Board] [0m   -------------------
[32;1m[Board] [0m     a b c d e f g h
[32;1m[Board] [0m
[32;1m[Referee] [0mThis is the turn of the Black player...
new one at 2 number of nodes 36 no of distinct states visited 36 time left 9.99353
new one at 3 number of nodes 142 no of distinct states visited 118 time left 9.96759
new one at 4 number of nodes 1545 no of distinct states visited 1172 time left 9.86146
new one at 5 number of nodes 2603 no of distinct states visited 2633 time left 9.57
new one at 6 number of nodes 21792 no of distinct states visited 12553 time left 8.38719
new one at 7 number of nodes 25681 no of distinct states visited 20939 time left 6.02541
new one at 8 number of nodes 101672 no of distinct states visited 50586 time left 0.999879
ok it did depth 7 and now we're doing move e4e3 with evaluation -1105 number of nodes examined is 25681
[32;1m[Game] [0mPlayer's error code: 0
[32;1m[Game] [0mChecking move validity...
[32;1m[Board] [0mInitializing board (size: 8)...
[32;1m[Board] [0m32 piece(s) on board.
[32;1m[Board] [0mLoading history file `championship/chess-engine3-chess_project_pelm/history.csv`...
[32;1m[Board] [0mLoaded 63 move(s).
[32;1m[Board] [0mHistory replayed, 12 piece(s) on board.
[32;1m[Board] [0mLoading move file `championship/chess-engine3-chess_project_pelm/move.csv`...
[32;1m[Board] [0mBlack player is playing e4 to e3.
[32;1m[Board] [0m
[32;1m[Board] [0m     a b c d e f g h
[32;1m[Board] [0m   -------------------
[32;1m[Board] [0m 8 ||[7;1m [0m| |[7;1m [0m| |[30;1mK[0m| |[7;1m [0m| || 8
[32;1m[Board] [0m   -------------------
[32;1m[Board] [0m 7 || |[0;1mb[0m| |[7;1m [0m| |[7;1m [0m| |[7;1m [0m|| 7
[32;1m[Board] [0m   -------------------
[32;1m[Board] [0m 6 ||[7;1m [0m|[30;1mp[0m|[7;1m [0m| |[7;1m [0m| |[7;1m [0m| || 6
[32;1m[Board] [0m   -------------------
[32;1m[Board] [0m 5 || |[7;1m [0m| |[7;1m [0m| |[7;1m [0m|[30;1mp[0m|[7;1m [0m|| 5
[32;1m[Board] [0m   -------------------
[32;1m[Board] [0m 4 ||[7;1m [0m| |[7;1m [0m| |[7;1m [0m| |[0;1mp[0m| || 4
[32;1m[Board] [0m   -------------------
[32;1m[Board] [0m 3 ||[0;1mp[0m|[0;1mp[0m| |[7;1m [0m|[30;1mp[0m|[7;1m [0m| |[7;1m [0m|| 3
[32;1m[Board] [0m   -------------------
[32;1m[Board] [0m 2 ||[7;1m [0m| |[0;1mp[0m| |[7;1m [0m|[0;1mp[0m|[7;1m [0m| || 2
[32;1m[Board] [0m   -------------------
[32;1m[Board] [0m 1 ||[0;1mr[0m|[7;1m [0m| |[0;1mK[0m| |[7;1m [0m| |[7;1m [0m|| 1
[32;1m[Board] [0m   -------------------
[32;1m[Board] [0m     a b c d e f g h
[32;1m[Board] [0m
[32;1m[Referee] [0mThis is the turn of the White player...
Chess engine starting...
Hash OK after replay.
move played: f2e3
in coordinates: from (6,5) to (5,4)
[32;1m[Game] [0mPlayer's error code: 256
[32;1m[Game] [0mChecking move validity...
[32;1m[Board] [0mInitializing board (size: 8)...
[32;1m[Board] [0m32 piece(s) on board.
[32;1m[Board] [0mLoading history file `championship/chess-engine3-chess_project_pelm/history.csv`...
[32;1m[Board] [0mLoaded 64 move(s).
[32;1m[Board] [0mHistory replayed, 12 piece(s) on board.
[32;1m[Board] [0mLoading move file `championship/chess-engine3-chess_project_pelm/move.csv`...
[32;1m[Board] [0mWhite player is playing f2 to e3.
[32;1m[Board] [0m[5;1mWhite Pawn is taking Black Pawn.[0m
[32;1m[Board] [0m
[32;1m[Board] [0m     a b c d e f g h
[32;1m[Board] [0m   -------------------
[32;1m[Board] [0m 8 ||[7;1m [0m| |[7;1m [0m| |[30;1mK[0m| |[7;1m [0m| || 8
[32;1m[Board] [0m   -------------------
[32;1m[Board] [0m 7 || |[0;1mb[0m| |[7;1m [0m| |[7;1m [0m| |[7;1m [0m|| 7
[32;1m[Board] [0m   -------------------
[32;1m[Board] [0m 6 ||[7;1m [0m|[30;1mp[0m|[7;1m [0m| |[7;1m [0m| |[7;1m [0m| || 6
[32;1m[Board] [0m   -------------------
[32;1m[Board] [0m 5 || |[7;1m [0m| |[7;1m [0m| |[7;1m [0m|[30;1mp[0m|[7;1m [0m|| 5
[32;1m[Board] [0m   -------------------
[32;1m[Board] [0m 4 ||[7;1m [0m| |[7;1m [0m| |[7;1m [0m| |[0;1mp[0m| || 4
[32;1m[Board] [0m   -------------------
[32;1m[Board] [0m 3 ||[0;1mp[0m|[0;1mp[0m| |[7;1m [0m|[0;1mp[0m|[7;1m [0m| |[7;1m [0m|| 3
[32;1m[Board] [0m   -------------------
[32;1m[Board] [0m 2 ||[7;1m [0m| |[0;1mp[0m| |[7;1m [0m| |[7;1m [0m| || 2
[32;1m[Board] [0m   -------------------
[32;1m[Board] [0m 1 ||[0;1mr[0m|[7;1m [0m| |[0;1mK[0m| |[7;1m [0m| |[7;1m [0m|| 1
[32;1m[Board] [0m   -------------------
[32;1m[Board] [0m     a b c d e f g h
[32;1m[Board] [0m
[32;1m[Referee] [0mThis is the turn of the Black player...
new one at 2 number of nodes 33 no of distinct states visited 33 time left 9.99723
new one at 3 number of nodes 183 no of distinct states visited 159 time left 9.98237
new one at 4 number of nodes 737 no of distinct states visited 648 time left 9.94133
new one at 5 number of nodes 4000 no of distinct states visited 2744 time left 9.61108
new one at 6 number of nodes 37186 no of distinct states visited 11463 time left 7.85745
new one at 7 number of nodes 80930 no of distinct states visited 29888 time left 1.09993
new one at 8 number of nodes 2177 no of distinct states visited 31102 time left 0.999916
ok it did depth 7 and now we're doing move e8d7 with evaluation -1110 number of nodes examined is 80930
[32;1m[Game] [0mPlayer's error code: 0
[32;1m[Game] [0mChecking move validity...
[32;1m[Board] [0mInitializing board (size: 8)...
[32;1m[Board] [0m32 piece(s) on board.
[32;1m[Board] [0mLoading history file `championship/chess-engine3-chess_project_pelm/history.csv`...
[32;1m[Board] [0mLoaded 65 move(s).
[32;1m[Board] [0mHistory replayed, 11 piece(s) on board.
[32;1m[Board] [0mLoading move file `championship/chess-engine3-chess_project_pelm/move.csv`...
[32;1m[Board] [0mBlack player is playing e8 to d7.
[32;1m[Board] [0m
[32;1m[Board] [0m     a b c d e f g h
[32;1m[Board] [0m   -------------------
[32;1m[Board] [0m 8 ||[7;1m [0m| |[7;1m [0m| |[7;1m [0m| |[7;1m [0m| || 8
[32;1m[Board] [0m   -------------------
[32;1m[Board] [0m 7 || |[0;1mb[0m| |[30;1mK[0m| |[7;1m [0m| |[7;1m [0m|| 7
[32;1m[Board] [0m   -------------------
[32;1m[Board] [0m 6 ||[7;1m [0m|[30;1mp[0m|[7;1m [0m| |[7;1m [0m| |[7;1m [0m| || 6
[32;1m[Board] [0m   -------------------
[32;1m[Board] [0m 5 || |[7;1m [0m| |[7;1m [0m| |[7;1m [0m|[30;1mp[0m|[7;1m [0m|| 5
[32;1m[Board] [0m   -------------------
[32;1m[Board] [0m 4 ||[7;1m [0m| |[7;1m [0m| |[7;1m [0m| |[0;1mp[0m| || 4
[32;1m[Board] [0m   -------------------
[32;1m[Board] [0m 3 ||[0;1mp[0m|[0;1mp[0m| |[7;1m [0m|[0;1mp[0m|[7;1m [0m| |[7;1m [0m|| 3
[32;1m[Board] [0m   -------------------
[32;1m[Board] [0m 2 ||[7;1m [0m| |[0;1mp[0m| |[7;1m [0m| |[7;1m [0m| || 2
[32;1m[Board] [0m   -------------------
[32;1m[Board] [0m 1 ||[0;1mr[0m|[7;1m [0m| |[0;1mK[0m| |[7;1m [0m| |[7;1m [0m|| 1
[32;1m[Board] [0m   -------------------
[32;1m[Board] [0m     a b c d e f g h
[32;1m[Board] [0m
[32;1m[Referee] [0mThis is the turn of the White player...
Chess engine starting...
Hash OK after replay.
move played: e3e4
in coordinates: from (5,4) to (4,4)
[32;1m[Game] [0mPlayer's error code: 256
[32;1m[Game] [0mChecking move validity...
[32;1m[Board] [0mInitializing board (size: 8)...
[32;1m[Board] [0m32 piece(s) on board.
[32;1m[Board] [0mLoading history file `championship/chess-engine3-chess_project_pelm/history.csv`...
[32;1m[Board] [0mLoaded 66 move(s).
[32;1m[Board] [0mHistory replayed, 11 piece(s) on board.
[32;1m[Board] [0mLoading move file `championship/chess-engine3-chess_project_pelm/move.csv`...
[32;1m[Board] [0mWhite player is playing e3 to e4.
[32;1m[Board] [0m
[32;1m[Board] [0m     a b c d e f g h
[32;1m[Board] [0m   -------------------
[32;1m[Board] [0m 8 ||[7;1m [0m| |[7;1m [0m| |[7;1m [0m| |[7;1m [0m| || 8
[32;1m[Board] [0m   -------------------
[32;1m[Board] [0m 7 || |[0;1mb[0m| |[30;1mK[0m| |[7;1m [0m| |[7;1m [0m|| 7
[32;1m[Board] [0m   -------------------
[32;1m[Board] [0m 6 ||[7;1m [0m|[30;1mp[0m|[7;1m [0m| |[7;1m [0m| |[7;1m [0m| || 6
[32;1m[Board] [0m   -------------------
[32;1m[Board] [0m 5 || |[7;1m [0m| |[7;1m [0m| |[7;1m [0m|[30;1mp[0m|[7;1m [0m|| 5
[32;1m[Board] [0m   -------------------
[32;1m[Board] [0m 4 ||[7;1m [0m| |[7;1m [0m| |[0;1mp[0m| |[0;1mp[0m| || 4
[32;1m[Board] [0m   -------------------
[32;1m[Board] [0m 3 ||[0;1mp[0m|[0;1mp[0m| |[7;1m [0m| |[7;1m [0m| |[7;1m [0m|| 3
[32;1m[Board] [0m   -------------------
[32;1m[Board] [0m 2 ||[7;1m [0m| |[0;1mp[0m| |[7;1m [0m| |[7;1m [0m| || 2
[32;1m[Board] [0m   -------------------
[32;1m[Board] [0m 1 ||[0;1mr[0m|[7;1m [0m| |[0;1mK[0m| |[7;1m [0m| |[7;1m [0m|| 1
[32;1m[Board] [0m   -------------------
[32;1m[Board] [0m     a b c d e f g h
[32;1m[Board] [0m
[32;1m[Referee] [0mThis is the turn of the Black player...
new one at 2 number of nodes 31 no of distinct states visited 31 time left 9.99391
new one at 3 number of nodes 140 no of distinct states visited 126 time left 9.9733
new one at 4 number of nodes 487 no of distinct states visited 401 time left 9.90714
new one at 5 number of nodes 2258 no of distinct states visited 1482 time left 9.53428
new one at 6 number of nodes 17523 no of distinct states visited 7026 time left 8.58731
new one at 7 number of nodes 51241 no of distinct states visited 21302 time left 4.46023
new one at 8 number of nodes 72520 no of distinct states visited 43553 time left 0.999818
ok it did depth 7 and now we're doing move b6b5 with evaluation -1110 number of nodes examined is 51241
[32;1m[Game] [0mPlayer's error code: 0
[32;1m[Game] [0mChecking move validity...
[32;1m[Board] [0mInitializing board (size: 8)...
[32;1m[Board] [0m32 piece(s) on board.
[32;1m[Board] [0mLoading history file `championship/chess-engine3-chess_project_pelm/history.csv`...
[32;1m[Board] [0mLoaded 67 move(s).
[32;1m[Board] [0mHistory replayed, 11 piece(s) on board.
[32;1m[Board] [0mLoading move file `championship/chess-engine3-chess_project_pelm/move.csv`...
[32;1m[Board] [0mBlack player is playing b6 to b5.
[32;1m[Board] [0m
[32;1m[Board] [0m     a b c d e f g h
[32;1m[Board] [0m   -------------------
[32;1m[Board] [0m 8 ||[7;1m [0m| |[7;1m [0m| |[7;1m [0m| |[7;1m [0m| || 8
[32;1m[Board] [0m   -------------------
[32;1m[Board] [0m 7 || |[0;1mb[0m| |[30;1mK[0m| |[7;1m [0m| |[7;1m [0m|| 7
[32;1m[Board] [0m   -------------------
[32;1m[Board] [0m 6 ||[7;1m [0m| |[7;1m [0m| |[7;1m [0m| |[7;1m [0m| || 6
[32;1m[Board] [0m   -------------------
[32;1m[Board] [0m 5 || |[30;1mp[0m| |[7;1m [0m| |[7;1m [0m|[30;1mp[0m|[7;1m [0m|| 5
[32;1m[Board] [0m   -------------------
[32;1m[Board] [0m 4 ||[7;1m [0m| |[7;1m [0m| |[0;1mp[0m| |[0;1mp[0m| || 4
[32;1m[Board] [0m   -------------------
[32;1m[Board] [0m 3 ||[0;1mp[0m|[0;1mp[0m| |[7;1m [0m| |[7;1m [0m| |[7;1m [0m|| 3
[32;1m[Board] [0m   -------------------
[32;1m[Board] [0m 2 ||[7;1m [0m| |[0;1mp[0m| |[7;1m [0m| |[7;1m [0m| || 2
[32;1m[Board] [0m   -------------------
[32;1m[Board] [0m 1 ||[0;1mr[0m|[7;1m [0m| |[0;1mK[0m| |[7;1m [0m| |[7;1m [0m|| 1
[32;1m[Board] [0m   -------------------
[32;1m[Board] [0m     a b c d e f g h
[32;1m[Board] [0m
[32;1m[Referee] [0mThis is the turn of the White player...
Chess engine starting...
Hash OK after replay.
move played: b7d5
in coordinates: from (1,1) to (3,3)
[32;1m[Game] [0mPlayer's error code: 256
[32;1m[Game] [0mChecking move validity...
[32;1m[Board] [0mInitializing board (size: 8)...
[32;1m[Board] [0m32 piece(s) on board.
[32;1m[Board] [0mLoading history file `championship/chess-engine3-chess_project_pelm/history.csv`...
[32;1m[Board] [0mLoaded 68 move(s).
[32;1m[Board] [0mHistory replayed, 11 piece(s) on board.
[32;1m[Board] [0mLoading move file `championship/chess-engine3-chess_project_pelm/move.csv`...
[32;1m[Board] [0mWhite player is playing b7 to d5.
[32;1m[Board] [0m
[32;1m[Board] [0m     a b c d e f g h
[32;1m[Board] [0m   -------------------
[32;1m[Board] [0m 8 ||[7;1m [0m| |[7;1m [0m| |[7;1m [0m| |[7;1m [0m| || 8
[32;1m[Board] [0m   -------------------
[32;1m[Board] [0m 7 || |[7;1m [0m| |[30;1mK[0m| |[7;1m [0m| |[7;1m [0m|| 7
[32;1m[Board] [0m   -------------------
[32;1m[Board] [0m 6 ||[7;1m [0m| |[7;1m [0m| |[7;1m [0m| |[7;1m [0m| || 6
[32;1m[Board] [0m   -------------------
[32;1m[Board] [0m 5 || |[30;1mp[0m| |[0;1mb[0m| |[7;1m [0m|[30;1mp[0m|[7;1m [0m|| 5
[32;1m[Board] [0m   -------------------
[32;1m[Board] [0m 4 ||[7;1m [0m| |[7;1m [0m| |[0;1mp[0m| |[0;1mp[0m| || 4
[32;1m[Board] [0m   -------------------
[32;1m[Board] [0m 3 ||[0;1mp[0m|[0;1mp[0m| |[7;1m [0m| |[7;1m [0m| |[7;1m [0m|| 3
[32;1m[Board] [0m   -------------------
[32;1m[Board] [0m 2 ||[7;1m [0m| |[0;1mp[0m| |[7;1m [0m| |[7;1m [0m| || 2
[32;1m[Board] [0m   -------------------
[32;1m[Board] [0m 1 ||[0;1mr[0m|[7;1m [0m| |[0;1mK[0m| |[7;1m [0m| |[7;1m [0m|| 1
[32;1m[Board] [0m   -------------------
[32;1m[Board] [0m     a b c d e f g h
[32;1m[Board] [0m
[32;1m[Referee] [0mThis is the turn of the Black player...
new one at 2 number of nodes 33 no of distinct states visited 33 time left 9.99722
new one at 3 number of nodes 127 no of distinct states visited 109 time left 9.98747
new one at 4 number of nodes 997 no of distinct states visited 665 time left 9.934
new one at 5 number of nodes 2068 no of distinct states visited 1433 time left 9.77957
new one at 6 number of nodes 18800 no of distinct states visited 7630 time left 8.93424
new one at 7 number of nodes 36253 no of distinct states visited 15993 time left 6.05282
new one at 8 number of nodes 111413 no of distinct states visited 52342 time left 0.999869
ok it did depth 7 and now we're doing move d7d6 with evaluation -1270 number of nodes examined is 36253
[32;1m[Game] [0mPlayer's error code: 0
[32;1m[Game] [0mChecking move validity...
[32;1m[Board] [0mInitializing board (size: 8)...
[32;1m[Board] [0m32 piece(s) on board.
[32;1m[Board] [0mLoading history file `championship/chess-engine3-chess_project_pelm/history.csv`...
[32;1m[Board] [0mLoaded 69 move(s).
[32;1m[Board] [0mHistory replayed, 11 piece(s) on board.
[32;1m[Board] [0mLoading move file `championship/chess-engine3-chess_project_pelm/move.csv`...
[32;1m[Board] [0mBlack player is playing d7 to d6.
[32;1m[Board] [0m
[32;1m[Board] [0m     a b c d e f g h
[32;1m[Board] [0m   -------------------
[32;1m[Board] [0m 8 ||[7;1m [0m| |[7;1m [0m| |[7;1m [0m| |[7;1m [0m| || 8
[32;1m[Board] [0m   -------------------
[32;1m[Board] [0m 7 || |[7;1m [0m| |[7;1m [0m| |[7;1m [0m| |[7;1m [0m|| 7
[32;1m[Board] [0m   -------------------
[32;1m[Board] [0m 6 ||[7;1m [0m| |[7;1m [0m|[30;1mK[0m|[7;1m [0m| |[7;1m [0m| || 6
[32;1m[Board] [0m   -------------------
[32;1m[Board] [0m 5 || |[30;1mp[0m| |[0;1mb[0m| |[7;1m [0m|[30;1mp[0m|[7;1m [0m|| 5
[32;1m[Board] [0m   -------------------
[32;1m[Board] [0m 4 ||[7;1m [0m| |[7;1m [0m| |[0;1mp[0m| |[0;1mp[0m| || 4
[32;1m[Board] [0m   -------------------
[32;1m[Board] [0m 3 ||[0;1mp[0m|[0;1mp[0m| |[7;1m [0m| |[7;1m [0m| |[7;1m [0m|| 3
[32;1m[Board] [0m   -------------------
[32;1m[Board] [0m 2 ||[7;1m [0m| |[0;1mp[0m| |[7;1m [0m| |[7;1m [0m| || 2
[32;1m[Board] [0m   -------------------
[32;1m[Board] [0m 1 ||[0;1mr[0m|[7;1m [0m| |[0;1mK[0m| |[7;1m [0m| |[7;1m [0m|| 1
[32;1m[Board] [0m   -------------------
[32;1m[Board] [0m     a b c d e f g h
[32;1m[Board] [0m
[32;1m[Referee] [0mThis is the turn of the White player...
Chess engine starting...
Hash OK after replay.
move played: d1d2
in coordinates: from (7,3) to (6,3)
[32;1m[Game] [0mPlayer's error code: 256
[32;1m[Game] [0mChecking move validity...
[32;1m[Board] [0mInitializing board (size: 8)...
[32;1m[Board] [0m32 piece(s) on board.
[32;1m[Board] [0mLoading history file `championship/chess-engine3-chess_project_pelm/history.csv`...
[32;1m[Board] [0mLoaded 70 move(s).
[32;1m[Board] [0mHistory replayed, 11 piece(s) on board.
[32;1m[Board] [0mLoading move file `championship/chess-engine3-chess_project_pelm/move.csv`...
[32;1m[Board] [0mWhite player is playing d1 to d2.
[32;1m[Board] [0m
[32;1m[Board] [0m     a b c d e f g h
[32;1m[Board] [0m   -------------------
[32;1m[Board] [0m 8 ||[7;1m [0m| |[7;1m [0m| |[7;1m [0m| |[7;1m [0m| || 8
[32;1m[Board] [0m   -------------------
[32;1m[Board] [0m 7 || |[7;1m [0m| |[7;1m [0m| |[7;1m [0m| |[7;1m [0m|| 7
[32;1m[Board] [0m   -------------------
[32;1m[Board] [0m 6 ||[7;1m [0m| |[7;1m [0m|[30;1mK[0m|[7;1m [0m| |[7;1m [0m| || 6
[32;1m[Board] [0m   -------------------
[32;1m[Board] [0m 5 || |[30;1mp[0m| |[0;1mb[0m| |[7;1m [0m|[30;1mp[0m|[7;1m [0m|| 5
[32;1m[Board] [0m   -------------------
[32;1m[Board] [0m 4 ||[7;1m [0m| |[7;1m [0m| |[0;1mp[0m| |[0;1mp[0m| || 4
[32;1m[Board] [0m   -------------------
[32;1m[Board] [0m 3 ||[0;1mp[0m|[0;1mp[0m| |[7;1m [0m| |[7;1m [0m| |[7;1m [0m|| 3
[32;1m[Board] [0m   -------------------
[32;1m[Board] [0m 2 ||[7;1m [0m| |[0;1mp[0m|[0;1mK[0m|[7;1m [0m| |[7;1m [0m| || 2
[32;1m[Board] [0m   -------------------
[32;1m[Board] [0m 1 ||[0;1mr[0m|[7;1m [0m| |[7;1m [0m| |[7;1m [0m| |[7;1m [0m|| 1
[32;1m[Board] [0m   -------------------
[32;1m[Board] [0m     a b c d e f g h
[32;1m[Board] [0m
[32;1m[Referee] [0mThis is the turn of the Black player...
new one at 2 number of nodes 63 no of distinct states visited 63 time left 9.99262
new one at 3 number of nodes 200 no of distinct states visited 167 time left 9.95952
new one at 4 number of nodes 1479 no of distinct states visited 957 time left 9.81933
new one at 5 number of nodes 4556 no of distinct states visited 3008 time left 9.30065
new one at 6 number of nodes 51626 no of distinct states visited 19053 time left 6.66701
new one at 7 number of nodes 67092 no of distinct states visited 35756 time left 0.999865
ok it did depth 6 and now we're doing move d6e5 with evaluation -1270 number of nodes examined is 51626
[32;1m[Game] [0mPlayer's error code: 0
[32;1m[Game] [0mChecking move validity...
[32;1m[Board] [0mInitializing board (size: 8)...
[32;1m[Board] [0m32 piece(s) on board.
[32;1m[Board] [0mLoading history file `championship/chess-engine3-chess_project_pelm/history.csv`...
[32;1m[Board] [0mLoaded 71 move(s).
[32;1m[Board] [0mHistory replayed, 11 piece(s) on board.
[32;1m[Board] [0mLoading move file `championship/chess-engine3-chess_project_pelm/move.csv`...
[32;1m[Board] [0mBlack player is playing d6 to e5.
[32;1m[Board] [0m
[32;1m[Board] [0m     a b c d e f g h
[32;1m[Board] [0m   -------------------
[32;1m[Board] [0m 8 ||[7;1m [0m| |[7;1m [0m| |[7;1m [0m| |[7;1m [0m| || 8
[32;1m[Board] [0m   -------------------
[32;1m[Board] [0m 7 || |[7;1m [0m| |[7;1m [0m| |[7;1m [0m| |[7;1m [0m|| 7
[32;1m[Board] [0m   -------------------
[32;1m[Board] [0m 6 ||[7;1m [0m| |[7;1m [0m| |[7;1m [0m| |[7;1m [0m| || 6
[32;1m[Board] [0m   -------------------
[32;1m[Board] [0m 5 || |[30;1mp[0m| |[0;1mb[0m|[30;1mK[0m|[7;1m [0m|[30;1mp[0m|[7;1m [0m|| 5
[32;1m[Board] [0m   -------------------
[32;1m[Board] [0m 4 ||[7;1m [0m| |[7;1m [0m| |[0;1mp[0m| |[0;1mp[0m| || 4
[32;1m[Board] [0m   -------------------
[32;1m[Board] [0m 3 ||[0;1mp[0m|[0;1mp[0m| |[7;1m [0m| |[7;1m [0m| |[7;1m [0m|| 3
[32;1m[Board] [0m   -------------------
[32;1m[Board] [0m 2 ||[7;1m [0m| |[0;1mp[0m|[0;1mK[0m|[7;1m [0m| |[7;1m [0m| || 2
[32;1m[Board] [0m   -------------------
[32;1m[Board] [0m 1 ||[0;1mr[0m|[7;1m [0m| |[7;1m [0m| |[7;1m [0m| |[7;1m [0m|| 1
[32;1m[Board] [0m   -------------------
[32;1m[Board] [0m     a b c d e f g h
[32;1m[Board] [0m
[32;1m[Referee] [0mThis is the turn of the White player...
Chess engine starting...
Hash OK after replay.
move played: a1f1
in coordinates: from (7,0) to (7,5)
[32;1m[Game] [0mPlayer's error code: 256
[32;1m[Game] [0mChecking move validity...
[32;1m[Board] [0mInitializing board (size: 8)...
[32;1m[Board] [0m32 piece(s) on board.
[32;1m[Board] [0mLoading history file `championship/chess-engine3-chess_project_pelm/history.csv`...
[32;1m[Board] [0mLoaded 72 move(s).
[32;1m[Board] [0mHistory replayed, 11 piece(s) on board.
[32;1m[Board] [0mLoading move file `championship/chess-engine3-chess_project_pelm/move.csv`...
[32;1m[Board] [0mWhite player is playing a1 to f1.
[32;1m[Board] [0m
[32;1m[Board] [0m     a b c d e f g h
[32;1m[Board] [0m   -------------------
[32;1m[Board] [0m 8 ||[7;1m [0m| |[7;1m [0m| |[7;1m [0m| |[7;1m [0m| || 8
[32;1m[Board] [0m   -------------------
[32;1m[Board] [0m 7 || |[7;1m [0m| |[7;1m [0m| |[7;1m [0m| |[7;1m [0m|| 7
[32;1m[Board] [0m   -------------------
[32;1m[Board] [0m 6 ||[7;1m [0m| |[7;1m [0m| |[7;1m [0m| |[7;1m [0m| || 6
[32;1m[Board] [0m   -------------------
[32;1m[Board] [0m 5 || |[30;1mp[0m| |[0;1mb[0m|[30;1mK[0m|[7;1m [0m|[30;1mp[0m|[7;1m [0m|| 5
[32;1m[Board] [0m   -------------------
[32;1m[Board] [0m 4 ||[7;1m [0m| |[7;1m [0m| |[0;1mp[0m| |[0;1mp[0m| || 4
[32;1m[Board] [0m   -------------------
[32;1m[Board] [0m 3 ||[0;1mp[0m|[0;1mp[0m| |[7;1m [0m| |[7;1m [0m| |[7;1m [0m|| 3
[32;1m[Board] [0m   -------------------
[32;1m[Board] [0m 2 ||[7;1m [0m| |[0;1mp[0m|[0;1mK[0m|[7;1m [0m| |[7;1m [0m| || 2
[32;1m[Board] [0m   -------------------
[32;1m[Board] [0m 1 || |[7;1m [0m| |[7;1m [0m| |[0;1mr[0m| |[7;1m [0m|| 1
[32;1m[Board] [0m   -------------------
[32;1m[Board] [0m     a b c d e f g h
[32;1m[Board] [0m
[32;1m[Referee] [0mThis is the turn of the Black player...
new one at 2 number of nodes 37 no of distinct states visited 37 time left 9.99061
new one at 3 number of nodes 135 no of distinct states visited 131 time left 9.96981
new one at 4 number of nodes 1951 no of distinct states visited 1267 time left 9.81235
new one at 5 number of nodes 3744 no of distinct states visited 2666 time left 9.52514
new one at 6 number of nodes 52017 no of distinct states visited 21585 time left 7.0854
new one at 7 number of nodes 76114 no of distinct states visited 39274 time left 0.99991
ok it did depth 6 and now we're doing move e5d4 with evaluation -1360 number of nodes examined is 52017
[32;1m[Game] [0mPlayer's error code: 0
[32;1m[Game] [0mChecking move validity...
[32;1m[Board] [0mInitializing board (size: 8)...
[32;1m[Board] [0m32 piece(s) on board.
[32;1m[Board] [0mLoading history file `championship/chess-engine3-chess_project_pelm/history.csv`...
[32;1m[Board] [0mLoaded 73 move(s).
[32;1m[Board] [0mHistory replayed, 11 piece(s) on board.
[32;1m[Board] [0mLoading move file `championship/chess-engine3-chess_project_pelm/move.csv`...
[32;1m[Board] [0mBlack player is playing e5 to d4.
[32;1m[Board] [0m
[32;1m[Board] [0m     a b c d e f g h
[32;1m[Board] [0m   -------------------
[32;1m[Board] [0m 8 ||[7;1m [0m| |[7;1m [0m| |[7;1m [0m| |[7;1m [0m| || 8
[32;1m[Board] [0m   -------------------
[32;1m[Board] [0m 7 || |[7;1m [0m| |[7;1m [0m| |[7;1m [0m| |[7;1m [0m|| 7
[32;1m[Board] [0m   -------------------
[32;1m[Board] [0m 6 ||[7;1m [0m| |[7;1m [0m| |[7;1m [0m| |[7;1m [0m| || 6
[32;1m[Board] [0m   -------------------
[32;1m[Board] [0m 5 || |[30;1mp[0m| |[0;1mb[0m| |[7;1m [0m|[30;1mp[0m|[7;1m [0m|| 5
[32;1m[Board] [0m   -------------------
[32;1m[Board] [0m 4 ||[7;1m [0m| |[7;1m [0m|[30;1mK[0m|[0;1mp[0m| |[0;1mp[0m| || 4
[32;1m[Board] [0m   -------------------
[32;1m[Board] [0m 3 ||[0;1mp[0m|[0;1mp[0m| |[7;1m [0m| |[7;1m [0m| |[7;1m [0m|| 3
[32;1m[Board] [0m   -------------------
[32;1m[Board] [0m 2 ||[7;1m [0m| |[0;1mp[0m|[0;1mK[0m|[7;1m [0m| |[7;1m [0m| || 2
[32;1m[Board] [0m   -------------------
[32;1m[Board] [0m 1 || |[7;1m [0m| |[7;1m [0m| |[0;1mr[0m| |[7;1m [0m|| 1
[32;1m[Board] [0m   -------------------
[32;1m[Board] [0m     a b c d e f g h
[32;1m[Board] [0m
[32;1m[Referee] [0mThis is the turn of the White player...
Chess engine starting...
Hash OK after replay.
move played: f1f5
in coordinates: from (7,5) to (3,5)
[32;1m[Game] [0mPlayer's error code: 256
[32;1m[Game] [0mChecking move validity...
[32;1m[Board] [0mInitializing board (size: 8)...
[32;1m[Board] [0m32 piece(s) on board.
[32;1m[Board] [0mLoading history file `championship/chess-engine3-chess_project_pelm/history.csv`...
[32;1m[Board] [0mLoaded 74 move(s).
[32;1m[Board] [0mHistory replayed, 11 piece(s) on board.
[32;1m[Board] [0mLoading move file `championship/chess-engine3-chess_project_pelm/move.csv`...
[32;1m[Board] [0mWhite player is playing f1 to f5.
[32;1m[Board] [0m
[32;1m[Board] [0m     a b c d e f g h
[32;1m[Board] [0m   -------------------
[32;1m[Board] [0m 8 ||[7;1m [0m| |[7;1m [0m| |[7;1m [0m| |[7;1m [0m| || 8
[32;1m[Board] [0m   -------------------
[32;1m[Board] [0m 7 || |[7;1m [0m| |[7;1m [0m| |[7;1m [0m| |[7;1m [0m|| 7
[32;1m[Board] [0m   -------------------
[32;1m[Board] [0m 6 ||[7;1m [0m| |[7;1m [0m| |[7;1m [0m| |[7;1m [0m| || 6
[32;1m[Board] [0m   -------------------
[32;1m[Board] [0m 5 || |[30;1mp[0m| |[0;1mb[0m| |[0;1mr[0m|[30;1mp[0m|[7;1m [0m|| 5
[32;1m[Board] [0m   -------------------
[32;1m[Board] [0m 4 ||[7;1m [0m| |[7;1m [0m|[30;1mK[0m|[0;1mp[0m| |[0;1mp[0m| || 4
[32;1m[Board] [0m   -------------------
[32;1m[Board] [0m 3 ||[0;1mp[0m|[0;1mp[0m| |[7;1m [0m| |[7;1m [0m| |[7;1m [0m|| 3
[32;1m[Board] [0m   -------------------
[32;1m[Board] [0m 2 ||[7;1m [0m| |[0;1mp[0m|[0;1mK[0m|[7;1m [0m| |[7;1m [0m| || 2
[32;1m[Board] [0m   -------------------
[32;1m[Board] [0m 1 || |[7;1m [0m| |[7;1m [0m| |[7;1m [0m| |[7;1m [0m|| 1
[32;1m[Board] [0m   -------------------
[32;1m[Board] [0m     a b c d e f g h
[32;1m[Board] [0m
[32;1m[Referee] [0mThis is the turn of the Black player...
new one at 2 number of nodes 29 no of distinct states visited 29 time left 9.99823
new one at 3 number of nodes 66 no of distinct states visited 64 time left 9.99358
new one at 4 number of nodes 1513 no of distinct states visited 1065 time left 9.93087
new one at 5 number of nodes 3252 no of distinct states visited 2736 time left 9.69443
new one at 6 number of nodes 43645 no of distinct states visited 21477 time left 7.84404
new one at 7 number of nodes 82204 no of distinct states visited 44190 time left 1.38521
new one at 8 number of nodes 7701 no of distinct states visited 47800 time left 0.99988
ok it did depth 7 and now we're doing move d4c5 with evaluation -1410 number of nodes examined is 82204
[32;1m[Game] [0mPlayer's error code: 0
[32;1m[Game] [0mChecking move validity...
[32;1m[Board] [0mInitializing board (size: 8)...
[32;1m[Board] [0m32 piece(s) on board.
[32;1m[Board] [0mLoading history file `championship/chess-engine3-chess_project_pelm/history.csv`...
[32;1m[Board] [0mLoaded 75 move(s).
[32;1m[Board] [0mHistory replayed, 11 piece(s) on board.
[32;1m[Board] [0mLoading move file `championship/chess-engine3-chess_project_pelm/move.csv`...
[32;1m[Board] [0mBlack player is playing d4 to c5.
[32;1m[Board] [0m
[32;1m[Board] [0m     a b c d e f g h
[32;1m[Board] [0m   -------------------
[32;1m[Board] [0m 8 ||[7;1m [0m| |[7;1m [0m| |[7;1m [0m| |[7;1m [0m| || 8
[32;1m[Board] [0m   -------------------
[32;1m[Board] [0m 7 || |[7;1m [0m| |[7;1m [0m| |[7;1m [0m| |[7;1m [0m|| 7
[32;1m[Board] [0m   -------------------
[32;1m[Board] [0m 6 ||[7;1m [0m| |[7;1m [0m| |[7;1m [0m| |[7;1m [0m| || 6
[32;1m[Board] [0m   -------------------
[32;1m[Board] [0m 5 || |[30;1mp[0m|[30;1mK[0m|[0;1mb[0m| |[0;1mr[0m|[30;1mp[0m|[7;1m [0m|| 5
[32;1m[Board] [0m   -------------------
[32;1m[Board] [0m 4 ||[7;1m [0m| |[7;1m [0m| |[0;1mp[0m| |[0;1mp[0m| || 4
[32;1m[Board] [0m   -------------------
[32;1m[Board] [0m 3 ||[0;1mp[0m|[0;1mp[0m| |[7;1m [0m| |[7;1m [0m| |[7;1m [0m|| 3
[32;1m[Board] [0m   -------------------
[32;1m[Board] [0m 2 ||[7;1m [0m| |[0;1mp[0m|[0;1mK[0m|[7;1m [0m| |[7;1m [0m| || 2
[32;1m[Board] [0m   -------------------
[32;1m[Board] [0m 1 || |[7;1m [0m| |[7;1m [0m| |[7;1m [0m| |[7;1m [0m|| 1
[32;1m[Board] [0m   -------------------
[32;1m[Board] [0m     a b c d e f g h
[32;1m[Board] [0m
[32;1m[Referee] [0mThis is the turn of the White player...
Chess engine starting...
Hash OK after replay.
move played: d5c4
in coordinates: from (3,3) to (4,2)
[32;1m[Game] [0mPlayer's error code: 256
[32;1m[Game] [0mChecking move validity...
[32;1m[Board] [0mInitializing board (size: 8)...
[32;1m[Board] [0m32 piece(s) on board.
[32;1m[Board] [0mLoading history file `championship/chess-engine3-chess_project_pelm/history.csv`...
[32;1m[Board] [0mLoaded 76 move(s).
[32;1m[Board] [0mHistory replayed, 11 piece(s) on board.
[32;1m[Board] [0mLoading move file `championship/chess-engine3-chess_project_pelm/move.csv`...
[32;1m[Board] [0mWhite player is playing d5 to c4.
[32;1m[Board] [0m
[32;1m[Board] [0m     a b c d e f g h
[32;1m[Board] [0m   -------------------
[32;1m[Board] [0m 8 ||[7;1m [0m| |[7;1m [0m| |[7;1m [0m| |[7;1m [0m| || 8
[32;1m[Board] [0m   -------------------
[32;1m[Board] [0m 7 || |[7;1m [0m| |[7;1m [0m| |[7;1m [0m| |[7;1m [0m|| 7
[32;1m[Board] [0m   -------------------
[32;1m[Board] [0m 6 ||[7;1m [0m| |[7;1m [0m| |[7;1m [0m| |[7;1m [0m| || 6
[32;1m[Board] [0m   -------------------
[32;1m[Board] [0m 5 || |[30;1mp[0m|[30;1mK[0m|[7;1m [0m| |[0;1mr[0m|[30;1mp[0m|[7;1m [0m|| 5
[32;1m[Board] [0m   -------------------
[32;1m[Board] [0m 4 ||[7;1m [0m| |[0;1mb[0m| |[0;1mp[0m| |[0;1mp[0m| || 4
[32;1m[Board] [0m   -------------------
[32;1m[Board] [0m 3 ||[0;1mp[0m|[0;1mp[0m| |[7;1m [0m| |[7;1m [0m| |[7;1m [0m|| 3
[32;1m[Board] [0m   -------------------
[32;1m[Board] [0m 2 ||[7;1m [0m| |[0;1mp[0m|[0;1mK[0m|[7;1m [0m| |[7;1m [0m| || 2
[32;1m[Board] [0m   -------------------
[32;1m[Board] [0m 1 || |[7;1m [0m| |[7;1m [0m| |[7;1m [0m| |[7;1m [0m|| 1
[32;1m[Board] [0m   -------------------
[32;1m[Board] [0m     a b c d e f g h
[32;1m[Board] [0m
[32;1m[Referee] [0mThis is the turn of the Black player...
new one at 2 number of nodes 39 no of distinct states visited 39 time left 9.9937
new one at 3 number of nodes 142 no of distinct states visited 141 time left 9.96865
new one at 4 number of nodes 1250 no of distinct states visited 1121 time left 9.89487
new one at 5 number of nodes 2892 no of distinct states visited 2562 time left 9.57505
new one at 6 number of nodes 28508 no of distinct states visited 16498 time left 8.27304
new one at 7 number of nodes 55553 no of distinct states visited 36101 time left 3.84825
new one at 8 number of nodes 63729 no of distinct states visited 59986 time left 0.999884
ok it did depth 7 and now we're doing move c5c6 with evaluation -1675 number of nodes examined is 55553
[32;1m[Game] [0mPlayer's error code: 0
[32;1m[Game] [0mChecking move validity...
[32;1m[Board] [0mInitializing board (size: 8)...
[32;1m[Board] [0m32 piece(s) on board.
[32;1m[Board] [0mLoading history file `championship/chess-engine3-chess_project_pelm/history.csv`...
[32;1m[Board] [0mLoaded 77 move(s).
[32;1m[Board] [0mHistory replayed, 11 piece(s) on board.
[32;1m[Board] [0mLoading move file `championship/chess-engine3-chess_project_pelm/move.csv`...
[32;1m[Board] [0mBlack player is playing c5 to c6.
[32;1m[Board] [0m
[32;1m[Board] [0m     a b c d e f g h
[32;1m[Board] [0m   -------------------
[32;1m[Board] [0m 8 ||[7;1m [0m| |[7;1m [0m| |[7;1m [0m| |[7;1m [0m| || 8
[32;1m[Board] [0m   -------------------
[32;1m[Board] [0m 7 || |[7;1m [0m| |[7;1m [0m| |[7;1m [0m| |[7;1m [0m|| 7
[32;1m[Board] [0m   -------------------
[32;1m[Board] [0m 6 ||[7;1m [0m| |[30;1mK[0m| |[7;1m [0m| |[7;1m [0m| || 6
[32;1m[Board] [0m   -------------------
[32;1m[Board] [0m 5 || |[30;1mp[0m| |[7;1m [0m| |[0;1mr[0m|[30;1mp[0m|[7;1m [0m|| 5
[32;1m[Board] [0m   -------------------
[32;1m[Board] [0m 4 ||[7;1m [0m| |[0;1mb[0m| |[0;1mp[0m| |[0;1mp[0m| || 4
[32;1m[Board] [0m   -------------------
[32;1m[Board] [0m 3 ||[0;1mp[0m|[0;1mp[0m| |[7;1m [0m| |[7;1m [0m| |[7;1m [0m|| 3
[32;1m[Board] [0m   -------------------
[32;1m[Board] [0m 2 ||[7;1m [0m| |[0;1mp[0m|[0;1mK[0m|[7;1m [0m| |[7;1m [0m| || 2
[32;1m[Board] [0m   -------------------
[32;1m[Board] [0m 1 || |[7;1m [0m| |[7;1m [0m| |[7;1m [0m| |[7;1m [0m|| 1
[32;1m[Board] [0m   -------------------
[32;1m[Board] [0m     a b c d e f g h
[32;1m[Board] [0m
[32;1m[Referee] [0mThis is the turn of the White player...
Chess engine starting...
Hash OK after replay.
move played: f5b5
in coordinates: from (3,5) to (3,1)
[32;1m[Game] [0mPlayer's error code: 256
[32;1m[Game] [0mChecking move validity...
[32;1m[Board] [0mInitializing board (size: 8)...
[32;1m[Board] [0m32 piece(s) on board.
[32;1m[Board] [0mLoading history file `championship/chess-engine3-chess_project_pelm/history.csv`...
[32;1m[Board] [0mLoaded 78 move(s).
[32;1m[Board] [0mHistory replayed, 11 piece(s) on board.
[32;1m[Board] [0mLoading move file `championship/chess-engine3-chess_project_pelm/move.csv`...
[32;1m[Board] [0mWhite player is playing f5 to b5.
[32;1m[Board] [0m[5;1mWhite Rook is taking Black Pawn.[0m
[32;1m[Board] [0m
[32;1m[Board] [0m     a b c d e f g h
[32;1m[Board] [0m   -------------------
[32;1m[Board] [0m 8 ||[7;1m [0m| |[7;1m [0m| |[7;1m [0m| |[7;1m [0m| || 8
[32;1m[Board] [0m   -------------------
[32;1m[Board] [0m 7 || |[7;1m [0m| |[7;1m [0m| |[7;1m [0m| |[7;1m [0m|| 7
[32;1m[Board] [0m   -------------------
[32;1m[Board] [0m 6 ||[7;1m [0m| |[30;1mK[0m| |[7;1m [0m| |[7;1m [0m| || 6
[32;1m[Board] [0m   -------------------
[32;1m[Board] [0m 5 || |[0;1mr[0m| |[7;1m [0m| |[7;1m [0m|[30;1mp[0m|[7;1m [0m|| 5
[32;1m[Board] [0m   -------------------
[32;1m[Board] [0m 4 ||[7;1m [0m| |[0;1mb[0m| |[0;1mp[0m| |[0;1mp[0m| || 4
[32;1m[Board] [0m   -------------------
[32;1m[Board] [0m 3 ||[0;1mp[0m|[0;1mp[0m| |[7;1m [0m| |[7;1m [0m| |[7;1m [0m|| 3
[32;1m[Board] [0m   -------------------
[32;1m[Board] [0m 2 ||[7;1m [0m| |[0;1mp[0m|[0;1mK[0m|[7;1m [0m| |[7;1m [0m| || 2
[32;1m[Board] [0m   -------------------
[32;1m[Board] [0m 1 || |[7;1m [0m| |[7;1m [0m| |[7;1m [0m| |[7;1m [0m|| 1
[32;1m[Board] [0m   -------------------
[32;1m[Board] [0m     a b c d e f g h
[32;1m[Board] [0m
[32;1m[Referee] [0mThis is the turn of the Black player...
new one at 2 number of nodes 34 no of distinct states visited 34 time left 9.9976
new one at 3 number of nodes 75 no of distinct states visited 68 time left 9.99143
new one at 4 number of nodes 836 no of distinct states visited 591 time left 9.95451
new one at 5 number of nodes 1619 no of distinct states visited 1217 time left 9.83305
new one at 6 number of nodes 21175 no of distinct states visited 10903 time left 8.94721
new one at 7 number of nodes 39141 no of distinct states visited 19795 time left 5.94462
new one at 8 number of nodes 121606 no of distinct states visited 60340 time left 0.998167
ok it did depth 7 and now we're doing move c6d6 with evaluation -1775 number of nodes examined is 39141
[32;1m[Game] [0mPlayer's error code: 0
[32;1m[Game] [0mChecking move validity...
[32;1m[Board] [0mInitializing board (size: 8)...
[32;1m[Board] [0m32 piece(s) on board.
[32;1m[Board] [0mLoading history file `championship/chess-engine3-chess_project_pelm/history.csv`...
[32;1m[Board] [0mLoaded 79 move(s).
[32;1m[Board] [0mHistory replayed, 10 piece(s) on board.
[32;1m[Board] [0mLoading move file `championship/chess-engine3-chess_project_pelm/move.csv`...
[32;1m[Board] [0mBlack player is playing c6 to d6.
[32;1m[Board] [0m
[32;1m[Board] [0m     a b c d e f g h
[32;1m[Board] [0m   -------------------
[32;1m[Board] [0m 8 ||[7;1m [0m| |[7;1m [0m| |[7;1m [0m| |[7;1m [0m| || 8
[32;1m[Board] [0m   -------------------
[32;1m[Board] [0m 7 || |[7;1m [0m| |[7;1m [0m| |[7;1m [0m| |[7;1m [0m|| 7
[32;1m[Board] [0m   -------------------
[32;1m[Board] [0m 6 ||[7;1m [0m| |[7;1m [0m|[30;1mK[0m|[7;1m [0m| |[7;1m [0m| || 6
[32;1m[Board] [0m   -------------------
[32;1m[Board] [0m 5 || |[0;1mr[0m| |[7;1m [0m| |[7;1m [0m|[30;1mp[0m|[7;1m [0m|| 5
[32;1m[Board] [0m   -------------------
[32;1m[Board] [0m 4 ||[7;1m [0m| |[0;1mb[0m| |[0;1mp[0m| |[0;1mp[0m| || 4
[32;1m[Board] [0m   -------------------
[32;1m[Board] [0m 3 ||[0;1mp[0m|[0;1mp[0m| |[7;1m [0m| |[7;1m [0m| |[7;1m [0m|| 3
[32;1m[Board] [0m   -------------------
[32;1m[Board] [0m 2 ||[7;1m [0m| |[0;1mp[0m|[0;1mK[0m|[7;1m [0m| |[7;1m [0m| || 2
[32;1m[Board] [0m   -------------------
[32;1m[Board] [0m 1 || |[7;1m [0m| |[7;1m [0m| |[7;1m [0m| |[7;1m [0m|| 1
[32;1m[Board] [0m   -------------------
[32;1m[Board] [0m     a b c d e f g h
[32;1m[Board] [0m
[32;1m[Referee] [0mThis is the turn of the White player...
Chess engine starting...
Hash OK after replay.
move played: b5g5
in coordinates: from (3,1) to (3,6)
[32;1m[Game] [0mPlayer's error code: 256
[32;1m[Game] [0mChecking move validity...
[32;1m[Board] [0mInitializing board (size: 8)...
[32;1m[Board] [0m32 piece(s) on board.
[32;1m[Board] [0mLoading history file `championship/chess-engine3-chess_project_pelm/history.csv`...
[32;1m[Board] [0mLoaded 80 move(s).
[32;1m[Board] [0mHistory replayed, 10 piece(s) on board.
[32;1m[Board] [0mLoading move file `championship/chess-engine3-chess_project_pelm/move.csv`...
[32;1m[Board] [0mWhite player is playing b5 to g5.
[32;1m[Board] [0m[5;1mWhite Rook is taking Black Pawn.[0m
[32;1m[Board] [0m
[32;1m[Board] [0m     a b c d e f g h
[32;1m[Board] [0m   -------------------
[32;1m[Board] [0m 8 ||[7;1m [0m| |[7;1m [0m| |[7;1m [0m| |[7;1m [0m| || 8
[32;1m[Board] [0m   -------------------
[32;1m[Board] [0m 7 || |[7;1m [0m| |[7;1m [0m| |[7;1m [0m| |[7;1m [0m|| 7
[32;1m[Board] [0m   -------------------
[32;1m[Board] [0m 6 ||[7;1m [0m| |[7;1m [0m|[30;1mK[0m|[7;1m [0m| |[7;1m [0m| || 6
[32;1m[Board] [0m   -------------------
[32;1m[Board] [0m 5 || |[7;1m [0m| |[7;1m [0m| |[7;1m [0m|[0;1mr[0m|[7;1m [0m|| 5
[32;1m[Board] [0m   -------------------
[32;1m[Board] [0m 4 ||[7;1m [0m| |[0;1mb[0m| |[0;1mp[0m| |[0;1mp[0m| || 4
[32;1m[Board] [0m   -------------------
[32;1m[Board] [0m 3 ||[0;1mp[0m|[0;1mp[0m| |[7;1m [0m| |[7;1m [0m| |[7;1m [0m|| 3
[32;1m[Board] [0m   -------------------
[32;1m[Board] [0m 2 ||[7;1m [0m| |[0;1mp[0m|[0;1mK[0m|[7;1m [0m| |[7;1m [0m| || 2
[32;1m[Board] [0m   -------------------
[32;1m[Board] [0m 1 || |[7;1m [0m| |[7;1m [0m| |[7;1m [0m| |[7;1m [0m|| 1
[32;1m[Board] [0m   -------------------
[32;1m[Board] [0m     a b c d e f g h
[32;1m[Board] [0m
[32;1m[Referee] [0mThis is the turn of the Black player...
new one at 2 number of nodes 38 no of distinct states visited 38 time left 9.99392
new one at 3 number of nodes 89 no of distinct states visited 79 time left 9.98025
new one at 4 number of nodes 983 no of distinct states visited 725 time left 9.89618
new one at 5 number of nodes 1941 no of distinct states visited 1340 time left 9.74314
new one at 6 number of nodes 26046 no of distinct states visited 11838 time left 8.69991
new one at 7 number of nodes 48141 no of distinct states visited 21697 time left 5.07691
new one at 8 number of nodes 102512 no of distinct states visited 54721 time left 0.999846
ok it did depth 7 and now we're doing move d6c6 with evaluation -1865 number of nodes examined is 48141
[32;1m[Game] [0mPlayer's error code: 0
[32;1m[Game] [0mChecking move validity...
[32;1m[Board] [0mInitializing board (size: 8)...
[32;1m[Board] [0m32 piece(s) on board.
[32;1m[Board] [0mLoading history file `championship/chess-engine3-chess_project_pelm/history.csv`...
[32;1m[Board] [0mLoaded 81 move(s).
[32;1m[Board] [0mHistory replayed, 9 piece(s) on board.
[32;1m[Board] [0mLoading move file `championship/chess-engine3-chess_project_pelm/move.csv`...
[32;1m[Board] [0mBlack player is playing d6 to c6.
[32;1m[Board] [0m
[32;1m[Board] [0m     a b c d e f g h
[32;1m[Board] [0m   -------------------
[32;1m[Board] [0m 8 ||[7;1m [0m| |[7;1m [0m| |[7;1m [0m| |[7;1m [0m| || 8
[32;1m[Board] [0m   -------------------
[32;1m[Board] [0m 7 || |[7;1m [0m| |[7;1m [0m| |[7;1m [0m| |[7;1m [0m|| 7
[32;1m[Board] [0m   -------------------
[32;1m[Board] [0m 6 ||[7;1m [0m| |[30;1mK[0m| |[7;1m [0m| |[7;1m [0m| || 6
[32;1m[Board] [0m   -------------------
[32;1m[Board] [0m 5 || |[7;1m [0m| |[7;1m [0m| |[7;1m [0m|[0;1mr[0m|[7;1m [0m|| 5
[32;1m[Board] [0m   -------------------
[32;1m[Board] [0m 4 ||[7;1m [0m| |[0;1mb[0m| |[0;1mp[0m| |[0;1mp[0m| || 4
[32;1m[Board] [0m   -------------------
[32;1m[Board] [0m 3 ||[0;1mp[0m|[0;1mp[0m| |[7;1m [0m| |[7;1m [0m| |[7;1m [0m|| 3
[32;1m[Board] [0m   -------------------
[32;1m[Board] [0m 2 ||[7;1m [0m| |[0;1mp[0m|[0;1mK[0m|[7;1m [0m| |[7;1m [0m| || 2
[32;1m[Board] [0m   -------------------
[32;1m[Board] [0m 1 || |[7;1m [0m| |[7;1m [0m| |[7;1m [0m| |[7;1m [0m|| 1
[32;1m[Board] [0m   -------------------
[32;1m[Board] [0m     a b c d e f g h
[32;1m[Board] [0m
[32;1m[Referee] [0mThis is the turn of the White player...
Chess engine starting...
Hash OK after replay.
move played: e4e5
in coordinates: from (4,4) to (3,4)
[32;1m[Game] [0mPlayer's error code: 256
[32;1m[Game] [0mChecking move validity...
[32;1m[Board] [0mInitializing board (size: 8)...
[32;1m[Board] [0m32 piece(s) on board.
[32;1m[Board] [0mLoading history file `championship/chess-engine3-chess_project_pelm/history.csv`...
[32;1m[Board] [0mLoaded 82 move(s).
[32;1m[Board] [0mHistory replayed, 9 piece(s) on board.
[32;1m[Board] [0mLoading move file `championship/chess-engine3-chess_project_pelm/move.csv`...
[32;1m[Board] [0mWhite player is playing e4 to e5.
[32;1m[Board] [0m
[32;1m[Board] [0m     a b c d e f g h
[32;1m[Board] [0m   -------------------
[32;1m[Board] [0m 8 ||[7;1m [0m| |[7;1m [0m| |[7;1m [0m| |[7;1m [0m| || 8
[32;1m[Board] [0m   -------------------
[32;1m[Board] [0m 7 || |[7;1m [0m| |[7;1m [0m| |[7;1m [0m| |[7;1m [0m|| 7
[32;1m[Board] [0m   -------------------
[32;1m[Board] [0m 6 ||[7;1m [0m| |[30;1mK[0m| |[7;1m [0m| |[7;1m [0m| || 6
[32;1m[Board] [0m   -------------------
[32;1m[Board] [0m 5 || |[7;1m [0m| |[7;1m [0m|[0;1mp[0m|[7;1m [0m|[0;1mr[0m|[7;1m [0m|| 5
[32;1m[Board] [0m   -------------------
[32;1m[Board] [0m 4 ||[7;1m [0m| |[0;1mb[0m| |[7;1m [0m| |[0;1mp[0m| || 4
[32;1m[Board] [0m   -------------------
[32;1m[Board] [0m 3 ||[0;1mp[0m|[0;1mp[0m| |[7;1m [0m| |[7;1m [0m| |[7;1m [0m|| 3
[32;1m[Board] [0m   -------------------
[32;1m[Board] [0m 2 ||[7;1m [0m| |[0;1mp[0m|[0;1mK[0m|[7;1m [0m| |[7;1m [0m| || 2
[32;1m[Board] [0m   -------------------
[32;1m[Board] [0m 1 || |[7;1m [0m| |[7;1m [0m| |[7;1m [0m| |[7;1m [0m|| 1
[32;1m[Board] [0m   -------------------
[32;1m[Board] [0m     a b c d e f g h
[32;1m[Board] [0m
[32;1m[Referee] [0mThis is the turn of the Black player...
new one at 2 number of nodes 35 no of distinct states visited 35 time left 9.99719
new one at 3 number of nodes 88 no of distinct states visited 72 time left 9.98987
new one at 4 number of nodes 1392 no of distinct states visited 919 time left 9.92737
new one at 5 number of nodes 1508 no of distinct states visited 1446 time left 9.80691
new one at 6 number of nodes 40545 no of distinct states visited 15588 time left 8.01192
new one at 7 number of nodes 72069 no of distinct states visited 33231 time left 2.52719
new one at 8 number of nodes 36812 no of distinct states visited 46285 time left 0.999897
ok it did depth 7 and now we're doing move c6d7 with evaluation -1975 number of nodes examined is 72069
[32;1m[Game] [0mPlayer's error code: 0
[32;1m[Game] [0mChecking move validity...
[32;1m[Board] [0mInitializing board (size: 8)...
[32;1m[Board] [0m32 piece(s) on board.
[32;1m[Board] [0mLoading history file `championship/chess-engine3-chess_project_pelm/history.csv`...
[32;1m[Board] [0mLoaded 83 move(s).
[32;1m[Board] [0mHistory replayed, 9 piece(s) on board.
[32;1m[Board] [0mLoading move file `championship/chess-engine3-chess_project_pelm/move.csv`...
[32;1m[Board] [0mBlack player is playing c6 to d7.
[32;1m[Board] [0m
[32;1m[Board] [0m     a b c d e f g h
[32;1m[Board] [0m   -------------------
[32;1m[Board] [0m 8 ||[7;1m [0m| |[7;1m [0m| |[7;1m [0m| |[7;1m [0m| || 8
[32;1m[Board] [0m   -------------------
[32;1m[Board] [0m 7 || |[7;1m [0m| |[30;1mK[0m| |[7;1m [0m| |[7;1m [0m|| 7
[32;1m[Board] [0m   -------------------
[32;1m[Board] [0m 6 ||[7;1m [0m| |[7;1m [0m| |[7;1m [0m| |[7;1m [0m| || 6
[32;1m[Board] [0m   -------------------
[32;1m[Board] [0m 5 || |[7;1m [0m| |[7;1m [0m|[0;1mp[0m|[7;1m [0m|[0;1mr[0m|[7;1m [0m|| 5
[32;1m[Board] [0m   -------------------
[32;1m[Board] [0m 4 ||[7;1m [0m| |[0;1mb[0m| |[7;1m [0m| |[0;1mp[0m| || 4
[32;1m[Board] [0m   -------------------
[32;1m[Board] [0m 3 ||[0;1mp[0m|[0;1mp[0m| |[7;1m [0m| |[7;1m [0m| |[7;1m [0m|| 3
[32;1m[Board] [0m   -------------------
[32;1m[Board] [0m 2 ||[7;1m [0m| |[0;1mp[0m|[0;1mK[0m|[7;1m [0m| |[7;1m [0m| || 2
[32;1m[Board] [0m   -------------------
[32;1m[Board] [0m 1 || |[7;1m [0m| |[7;1m [0m| |[7;1m [0m| |[7;1m [0m|| 1
[32;1m[Board] [0m   -------------------
[32;1m[Board] [0m     a b c d e f g h
[32;1m[Board] [0m
[32;1m[Referee] [0mThis is the turn of the White player...
Chess engine starting...
Hash OK after replay.
move played: g5g7
in coordinates: from (3,6) to (1,6)
[32;1m[Game] [0mPlayer's error code: 256
[32;1m[Game] [0mChecking move validity...
[32;1m[Board] [0mInitializing board (size: 8)...
[32;1m[Board] [0m32 piece(s) on board.
[32;1m[Board] [0mLoading history file `championship/chess-engine3-chess_project_pelm/history.csv`...
[32;1m[Board] [0mLoaded 84 move(s).
[32;1m[Board] [0mHistory replayed, 9 piece(s) on board.
[32;1m[Board] [0mLoading move file `championship/chess-engine3-chess_project_pelm/move.csv`...
[32;1m[Board] [0mWhite player is playing g5 to g7.
[32;1m[Board] [0m
[32;1m[Board] [0m     a b c d e f g h
[32;1m[Board] [0m   -------------------
[32;1m[Board] [0m 8 ||[7;1m [0m| |[7;1m [0m| |[7;1m [0m| |[7;1m [0m| || 8
[32;1m[Board] [0m   -------------------
[32;1m[Board] [0m 7 || |[7;1m [0m| |[30;1mK[0m| |[7;1m [0m|[0;1mr[0m|[7;1m [0m|| 7
[32;1m[Board] [0m   -------------------
[32;1m[Board] [0m 6 ||[7;1m [0m| |[7;1m [0m| |[7;1m [0m| |[7;1m [0m| || 6
[32;1m[Board] [0m   -------------------
[32;1m[Board] [0m 5 || |[7;1m [0m| |[7;1m [0m|[0;1mp[0m|[7;1m [0m| |[7;1m [0m|| 5
[32;1m[Board] [0m   -------------------
[32;1m[Board] [0m 4 ||[7;1m [0m| |[0;1mb[0m| |[7;1m [0m| |[0;1mp[0m| || 4
[32;1m[Board] [0m   -------------------
[32;1m[Board] [0m 3 ||[0;1mp[0m|[0;1mp[0m| |[7;1m [0m| |[7;1m [0m| |[7;1m [0m|| 3
[32;1m[Board] [0m   -------------------
[32;1m[Board] [0m 2 ||[7;1m [0m| |[0;1mp[0m|[0;1mK[0m|[7;1m [0m| |[7;1m [0m| || 2
[32;1m[Board] [0m   -------------------
[32;1m[Board] [0m 1 || |[7;1m [0m| |[7;1m [0m| |[7;1m [0m| |[7;1m [0m|| 1
[32;1m[Board] [0m   -------------------
[32;1m[Board] [0m     a b c d e f g h
[32;1m[Board] [0m
[32;1m[Referee] [0mThis is the turn of the Black player...
new one at 2 number of nodes 39 no of distinct states visited 38 time left 9.99062
new one at 3 number of nodes 77 no of distinct states visited 75 time left 9.97792
new one at 4 number of nodes 966 no of distinct states visited 719 time left 9.92198
new one at 5 number of nodes 3796 no of distinct states visited 2829 time left 9.65105
new one at 6 number of nodes 53308 no of distinct states visited 21212 time left 7.6998
new one at 7 number of nodes 85528 no of distinct states visited 38211 time left 0.999843
ok it did depth 6 and now we're doing move d7e8 with evaluation -2215 number of nodes examined is 53308
[32;1m[Game] [0mPlayer's error code: 0
[32;1m[Game] [0mChecking move validity...
[32;1m[Board] [0mInitializing board (size: 8)...
[32;1m[Board] [0m32 piece(s) on board.
[32;1m[Board] [0mLoading history file `championship/chess-engine3-chess_project_pelm/history.csv`...
[32;1m[Board] [0mLoaded 85 move(s).
[32;1m[Board] [0mHistory replayed, 9 piece(s) on board.
[32;1m[Board] [0mLoading move file `championship/chess-engine3-chess_project_pelm/move.csv`...
[32;1m[Board] [0mBlack player is playing d7 to e8.
[32;1m[Board] [0m
[32;1m[Board] [0m     a b c d e f g h
[32;1m[Board] [0m   -------------------
[32;1m[Board] [0m 8 ||[7;1m [0m| |[7;1m [0m| |[30;1mK[0m| |[7;1m [0m| || 8
[32;1m[Board] [0m   -------------------
[32;1m[Board] [0m 7 || |[7;1m [0m| |[7;1m [0m| |[7;1m [0m|[0;1mr[0m|[7;1m [0m|| 7
[32;1m[Board] [0m   -------------------
[32;1m[Board] [0m 6 ||[7;1m [0m| |[7;1m [0m| |[7;1m [0m| |[7;1m [0m| || 6
[32;1m[Board] [0m   -------------------
[32;1m[Board] [0m 5 || |[7;1m [0m| |[7;1m [0m|[0;1mp[0m|[7;1m [0m| |[7;1m [0m|| 5
[32;1m[Board] [0m   -------------------
[32;1m[Board] [0m 4 ||[7;1m [0m| |[0;1mb[0m| |[7;1m [0m| |[0;1mp[0m| || 4
[32;1m[Board] [0m   -------------------
[32;1m[Board] [0m 3 ||[0;1mp[0m|[0;1mp[0m| |[7;1m [0m| |[7;1m [0m| |[7;1m [0m|| 3
[32;1m[Board] [0m   -------------------
[32;1m[Board] [0m 2 ||[7;1m [0m| |[0;1mp[0m|[0;1mK[0m|[7;1m [0m| |[7;1m [0m| || 2
[32;1m[Board] [0m   -------------------
[32;1m[Board] [0m 1 || |[7;1m [0m| |[7;1m [0m| |[7;1m [0m| |[7;1m [0m|| 1
[32;1m[Board] [0m   -------------------
[32;1m[Board] [0m     a b c d e f g h
[32;1m[Board] [0m
[32;1m[Referee] [0mThis is the turn of the White player...
Chess engine starting...
Hash OK after replay.
move played: e5e6
in coordinates: from (3,4) to (2,4)
[32;1m[Game] [0mPlayer's error code: 256
[32;1m[Game] [0mChecking move validity...
[32;1m[Board] [0mInitializing board (size: 8)...
[32;1m[Board] [0m32 piece(s) on board.
[32;1m[Board] [0mLoading history file `championship/chess-engine3-chess_project_pelm/history.csv`...
[32;1m[Board] [0mLoaded 86 move(s).
[32;1m[Board] [0mHistory replayed, 9 piece(s) on board.
[32;1m[Board] [0mLoading move file `championship/chess-engine3-chess_project_pelm/move.csv`...
[32;1m[Board] [0mWhite player is playing e5 to e6.
[32;1m[Board] [0m
[32;1m[Board] [0m     a b c d e f g h
[32;1m[Board] [0m   -------------------
[32;1m[Board] [0m 8 ||[7;1m [0m| |[7;1m [0m| |[30;1mK[0m| |[7;1m [0m| || 8
[32;1m[Board] [0m   -------------------
[32;1m[Board] [0m 7 || |[7;1m [0m| |[7;1m [0m| |[7;1m [0m|[0;1mr[0m|[7;1m [0m|| 7
[32;1m[Board] [0m   -------------------
[32;1m[Board] [0m 6 ||[7;1m [0m| |[7;1m [0m| |[0;1mp[0m| |[7;1m [0m| || 6
[32;1m[Board] [0m   -------------------
[32;1m[Board] [0m 5 || |[7;1m [0m| |[7;1m [0m| |[7;1m [0m| |[7;1m [0m|| 5
[32;1m[Board] [0m   -------------------
[32;1m[Board] [0m 4 ||[7;1m [0m| |[0;1mb[0m| |[7;1m [0m| |[0;1mp[0m| || 4
[32;1m[Board] [0m   -------------------
[32;1m[Board] [0m 3 ||[0;1mp[0m|[0;1mp[0m| |[7;1m [0m| |[7;1m [0m| |[7;1m [0m|| 3
[32;1m[Board] [0m   -------------------
[32;1m[Board] [0m 2 ||[7;1m [0m| |[0;1mp[0m|[0;1mK[0m|[7;1m [0m| |[7;1m [0m| || 2
[32;1m[Board] [0m   -------------------
[32;1m[Board] [0m 1 || |[7;1m [0m| |[7;1m [0m| |[7;1m [0m| |[7;1m [0m|| 1
[32;1m[Board] [0m   -------------------
[32;1m[Board] [0m     a b c d e f g h
[32;1m[Board] [0m
[32;1m[Referee] [0mThis is the turn of the Black player...
new one at 2 number of nodes 32 no of distinct states visited 32 time left 9.99815
new one at 3 number of nodes 121 no of distinct states visited 119 time left 9.99066
new one at 4 number of nodes 1578 no of distinct states visited 1053 time left 9.9348
new one at 5 number of nodes 3106 no of distinct states visited 2166 time left 9.72447
new one at 6 number of nodes 41006 no of distinct states visited 14695 time left 8.21991
new one at 7 number of nodes 80886 no of distinct states visited 28235 time left 2.27557
new one at 8 number of nodes 31600 no of distinct states visited 40261 time left 0.999892
ok it did depth 7 and now we're doing move e8f8 with evaluation -2435 number of nodes examined is 80886
[32;1m[Game] [0mPlayer's error code: 0
[32;1m[Game] [0mChecking move validity...
[32;1m[Board] [0mInitializing board (size: 8)...
[32;1m[Board] [0m32 piece(s) on board.
[32;1m[Board] [0mLoading history file `championship/chess-engine3-chess_project_pelm/history.csv`...
[32;1m[Board] [0mLoaded 87 move(s).
[32;1m[Board] [0mHistory replayed, 9 piece(s) on board.
[32;1m[Board] [0mLoading move file `championship/chess-engine3-chess_project_pelm/move.csv`...
[32;1m[Board] [0mBlack player is playing e8 to f8.
[32;1m[Board] [0m
[32;1m[Board] [0m     a b c d e f g h
[32;1m[Board] [0m   -------------------
[32;1m[Board] [0m 8 ||[7;1m [0m| |[7;1m [0m| |[7;1m [0m|[30;1mK[0m|[7;1m [0m| || 8
[32;1m[Board] [0m   -------------------
[32;1m[Board] [0m 7 || |[7;1m [0m| |[7;1m [0m| |[7;1m [0m|[0;1mr[0m|[7;1m [0m|| 7
[32;1m[Board] [0m   -------------------
[32;1m[Board] [0m 6 ||[7;1m [0m| |[7;1m [0m| |[0;1mp[0m| |[7;1m [0m| || 6
[32;1m[Board] [0m   -------------------
[32;1m[Board] [0m 5 || |[7;1m [0m| |[7;1m [0m| |[7;1m [0m| |[7;1m [0m|| 5
[32;1m[Board] [0m   -------------------
[32;1m[Board] [0m 4 ||[7;1m [0m| |[0;1mb[0m| |[7;1m [0m| |[0;1mp[0m| || 4
[32;1m[Board] [0m   -------------------
[32;1m[Board] [0m 3 ||[0;1mp[0m|[0;1mp[0m| |[7;1m [0m| |[7;1m [0m| |[7;1m [0m|| 3
[32;1m[Board] [0m   -------------------
[32;1m[Board] [0m 2 ||[7;1m [0m| |[0;1mp[0m|[0;1mK[0m|[7;1m [0m| |[7;1m [0m| || 2
[32;1m[Board] [0m   -------------------
[32;1m[Board] [0m 1 || |[7;1m [0m| |[7;1m [0m| |[7;1m [0m| |[7;1m [0m|| 1
[32;1m[Board] [0m   -------------------
[32;1m[Board] [0m     a b c d e f g h
[32;1m[Board] [0m
[32;1m[Referee] [0mThis is the turn of the White player...
Chess engine starting...
Hash OK after replay.
move played: g7a7
in coordinates: from (1,6) to (1,0)
[32;1m[Game] [0mPlayer's error code: 256
[32;1m[Game] [0mChecking move validity...
[32;1m[Board] [0mInitializing board (size: 8)...
[32;1m[Board] [0m32 piece(s) on board.
[32;1m[Board] [0mLoading history file `championship/chess-engine3-chess_project_pelm/history.csv`...
[32;1m[Board] [0mLoaded 88 move(s).
[32;1m[Board] [0mHistory replayed, 9 piece(s) on board.
[32;1m[Board] [0mLoading move file `championship/chess-engine3-chess_project_pelm/move.csv`...
[32;1m[Board] [0mWhite player is playing g7 to a7.
[32;1m[Board] [0m
[32;1m[Board] [0m     a b c d e f g h
[32;1m[Board] [0m   -------------------
[32;1m[Board] [0m 8 ||[7;1m [0m| |[7;1m [0m| |[7;1m [0m|[30;1mK[0m|[7;1m [0m| || 8
[32;1m[Board] [0m   -------------------
[32;1m[Board] [0m 7 ||[0;1mr[0m|[7;1m [0m| |[7;1m [0m| |[7;1m [0m| |[7;1m [0m|| 7
[32;1m[Board] [0m   -------------------
[32;1m[Board] [0m 6 ||[7;1m [0m| |[7;1m [0m| |[0;1mp[0m| |[7;1m [0m| || 6
[32;1m[Board] [0m   -------------------
[32;1m[Board] [0m 5 || |[7;1m [0m| |[7;1m [0m| |[7;1m [0m| |[7;1m [0m|| 5
[32;1m[Board] [0m   -------------------
[32;1m[Board] [0m 4 ||[7;1m [0m| |[0;1mb[0m| |[7;1m [0m| |[0;1mp[0m| || 4
[32;1m[Board] [0m   -------------------
[32;1m[Board] [0m 3 ||[0;1mp[0m|[0;1mp[0m| |[7;1m [0m| |[7;1m [0m| |[7;1m [0m|| 3
[32;1m[Board] [0m   -------------------
[32;1m[Board] [0m 2 ||[7;1m [0m| |[0;1mp[0m|[0;1mK[0m|[7;1m [0m| |[7;1m [0m| || 2
[32;1m[Board] [0m   -------------------
[32;1m[Board] [0m 1 || |[7;1m [0m| |[7;1m [0m| |[7;1m [0m| |[7;1m [0m|| 1
[32;1m[Board] [0m   -------------------
[32;1m[Board] [0m     a b c d e f g h
[32;1m[Board] [0m
[32;1m[Referee] [0mThis is the turn of the Black player...
new one at 2 number of nodes 61 no of distinct states visited 60 time left 9.99411
new one at 3 number of nodes 120 no of distinct states visited 116 time left 9.97954
new one at 4 number of nodes 1693 no of distinct states visited 1091 time left 9.86032
new one at 5 number of nodes 3254 no of distinct states visited 2154 time left 9.59779
new one at 6 number of nodes 46433 no of distinct states visited 15513 time left 7.89525
new one at 7 number of nodes 88519 no of distinct states visited 29177 time left 1.93335
new one at 8 number of nodes 24279 no of distinct states visited 40937 time left 0.999863
ok it did depth 7 and now we're doing move f8e8 with evaluation -2745 number of nodes examined is 88519
[32;1m[Game] [0mPlayer's error code: 0
[32;1m[Game] [0mChecking move validity...
[32;1m[Board] [0mInitializing board (size: 8)...
[32;1m[Board] [0m32 piece(s) on board.
[32;1m[Board] [0mLoading history file `championship/chess-engine3-chess_project_pelm/history.csv`...
[32;1m[Board] [0mLoaded 89 move(s).
[32;1m[Board] [0mHistory replayed, 9 piece(s) on board.
[32;1m[Board] [0mLoading move file `championship/chess-engine3-chess_project_pelm/move.csv`...
[32;1m[Board] [0mBlack player is playing f8 to e8.
[32;1m[Board] [0m
[32;1m[Board] [0m     a b c d e f g h
[32;1m[Board] [0m   -------------------
[32;1m[Board] [0m 8 ||[7;1m [0m| |[7;1m [0m| |[30;1mK[0m| |[7;1m [0m| || 8
[32;1m[Board] [0m   -------------------
[32;1m[Board] [0m 7 ||[0;1mr[0m|[7;1m [0m| |[7;1m [0m| |[7;1m [0m| |[7;1m [0m|| 7
[32;1m[Board] [0m   -------------------
[32;1m[Board] [0m 6 ||[7;1m [0m| |[7;1m [0m| |[0;1mp[0m| |[7;1m [0m| || 6
[32;1m[Board] [0m   -------------------
[32;1m[Board] [0m 5 || |[7;1m [0m| |[7;1m [0m| |[7;1m [0m| |[7;1m [0m|| 5
[32;1m[Board] [0m   -------------------
[32;1m[Board] [0m 4 ||[7;1m [0m| |[0;1mb[0m| |[7;1m [0m| |[0;1mp[0m| || 4
[32;1m[Board] [0m   -------------------
[32;1m[Board] [0m 3 ||[0;1mp[0m|[0;1mp[0m| |[7;1m [0m| |[7;1m [0m| |[7;1m [0m|| 3
[32;1m[Board] [0m   -------------------
[32;1m[Board] [0m 2 ||[7;1m [0m| |[0;1mp[0m|[0;1mK[0m|[7;1m [0m| |[7;1m [0m| || 2
[32;1m[Board] [0m   -------------------
[32;1m[Board] [0m 1 || |[7;1m [0m| |[7;1m [0m| |[7;1m [0m| |[7;1m [0m|| 1
[32;1m[Board] [0m   -------------------
[32;1m[Board] [0m     a b c d e f g h
[32;1m[Board] [0m
[32;1m[Referee] [0mThis is the turn of the White player...
Chess engine starting...
Hash OK after replay.
move played: g4g5
in coordinates: from (4,6) to (3,6)
[32;1m[Game] [0mPlayer's error code: 256
[32;1m[Game] [0mChecking move validity...
[32;1m[Board] [0mInitializing board (size: 8)...
[32;1m[Board] [0m32 piece(s) on board.
[32;1m[Board] [0mLoading history file `championship/chess-engine3-chess_project_pelm/history.csv`...
[32;1m[Board] [0mLoaded 90 move(s).
[32;1m[Board] [0mHistory replayed, 9 piece(s) on board.
[32;1m[Board] [0mLoading move file `championship/chess-engine3-chess_project_pelm/move.csv`...
[32;1m[Board] [0mWhite player is playing g4 to g5.
[32;1m[Board] [0m
[32;1m[Board] [0m     a b c d e f g h
[32;1m[Board] [0m   -------------------
[32;1m[Board] [0m 8 ||[7;1m [0m| |[7;1m [0m| |[30;1mK[0m| |[7;1m [0m| || 8
[32;1m[Board] [0m   -------------------
[32;1m[Board] [0m 7 ||[0;1mr[0m|[7;1m [0m| |[7;1m [0m| |[7;1m [0m| |[7;1m [0m|| 7
[32;1m[Board] [0m   -------------------
[32;1m[Board] [0m 6 ||[7;1m [0m| |[7;1m [0m| |[0;1mp[0m| |[7;1m [0m| || 6
[32;1m[Board] [0m   -------------------
[32;1m[Board] [0m 5 || |[7;1m [0m| |[7;1m [0m| |[7;1m [0m|[0;1mp[0m|[7;1m [0m|| 5
[32;1m[Board] [0m   -------------------
[32;1m[Board] [0m 4 ||[7;1m [0m| |[0;1mb[0m| |[7;1m [0m| |[7;1m [0m| || 4
[32;1m[Board] [0m   -------------------
[32;1m[Board] [0m 3 ||[0;1mp[0m|[0;1mp[0m| |[7;1m [0m| |[7;1m [0m| |[7;1m [0m|| 3
[32;1m[Board] [0m   -------------------
[32;1m[Board] [0m 2 ||[7;1m [0m| |[0;1mp[0m|[0;1mK[0m|[7;1m [0m| |[7;1m [0m| || 2
[32;1m[Board] [0m   -------------------
[32;1m[Board] [0m 1 || |[7;1m [0m| |[7;1m [0m| |[7;1m [0m| |[7;1m [0m|| 1
[32;1m[Board] [0m   -------------------
[32;1m[Board] [0m     a b c d e f g h
[32;1m[Board] [0m
[32;1m[Referee] [0mThis is the turn of the Black player...
new one at 2 number of nodes 33 no of distinct states visited 33 time left 9.99822
new one at 3 number of nodes 65 no of distinct states visited 64 time left 9.99389
new one at 4 number of nodes 935 no of distinct states visited 632 time left 9.96287
new one at 5 number of nodes 1710 no of distinct states visited 1518 time left 9.85456
new one at 6 number of nodes 24942 no of distinct states visited 10796 time left 9.00619
new one at 7 number of nodes 47869 no of distinct states visited 19961 time left 5.88965
new one at 8 number of nodes 141695 no of distinct states visited 58487 time left 0.999894
ok it did depth 7 and now we're doing move e8d8 with evaluation -999994 number of nodes examined is 47869
[32;1m[Game] [0mPlayer's error code: 0
[32;1m[Game] [0mChecking move validity...
[32;1m[Board] [0mInitializing board (size: 8)...
[32;1m[Board] [0m32 piece(s) on board.
[32;1m[Board] [0mLoading history file `championship/chess-engine3-chess_project_pelm/history.csv`...
[32;1m[Board] [0mLoaded 91 move(s).
[32;1m[Board] [0mHistory replayed, 9 piece(s) on board.
[32;1m[Board] [0mLoading move file `championship/chess-engine3-chess_project_pelm/move.csv`...
[32;1m[Board] [0mBlack player is playing e8 to d8.
[32;1m[Board] [0m
[32;1m[Board] [0m     a b c d e f g h
[32;1m[Board] [0m   -------------------
[32;1m[Board] [0m 8 ||[7;1m [0m| |[7;1m [0m|[30;1mK[0m|[7;1m [0m| |[7;1m [0m| || 8
[32;1m[Board] [0m   -------------------
[32;1m[Board] [0m 7 ||[0;1mr[0m|[7;1m [0m| |[7;1m [0m| |[7;1m [0m| |[7;1m [0m|| 7
[32;1m[Board] [0m   -------------------
[32;1m[Board] [0m 6 ||[7;1m [0m| |[7;1m [0m| |[0;1mp[0m| |[7;1m [0m| || 6
[32;1m[Board] [0m   -------------------
[32;1m[Board] [0m 5 || |[7;1m [0m| |[7;1m [0m| |[7;1m [0m|[0;1mp[0m|[7;1m [0m|| 5
[32;1m[Board] [0m   -------------------
[32;1m[Board] [0m 4 ||[7;1m [0m| |[0;1mb[0m| |[7;1m [0m| |[7;1m [0m| || 4
[32;1m[Board] [0m   -------------------
[32;1m[Board] [0m 3 ||[0;1mp[0m|[0;1mp[0m| |[7;1m [0m| |[7;1m [0m| |[7;1m [0m|| 3
[32;1m[Board] [0m   -------------------
[32;1m[Board] [0m 2 ||[7;1m [0m| |[0;1mp[0m|[0;1mK[0m|[7;1m [0m| |[7;1m [0m| || 2
[32;1m[Board] [0m   -------------------
[32;1m[Board] [0m 1 || |[7;1m [0m| |[7;1m [0m| |[7;1m [0m| |[7;1m [0m|| 1
[32;1m[Board] [0m   -------------------
[32;1m[Board] [0m     a b c d e f g h
[32;1m[Board] [0m
[32;1m[Referee] [0mThis is the turn of the White player...
Chess engine starting...
Hash OK after replay.
move played: e6e7
in coordinates: from (2,4) to (1,4)
[32;1m[Game] [0mPlayer's error code: 256
[32;1m[Game] [0mChecking move validity...
[32;1m[Board] [0mInitializing board (size: 8)...
[32;1m[Board] [0m32 piece(s) on board.
[32;1m[Board] [0mLoading history file `championship/chess-engine3-chess_project_pelm/history.csv`...
[32;1m[Board] [0mLoaded 92 move(s).
[32;1m[Board] [0mHistory replayed, 9 piece(s) on board.
[32;1m[Board] [0mLoading move file `championship/chess-engine3-chess_project_pelm/move.csv`...
[32;1m[Board] [0mWhite player is playing e6 to e7.
[32;1m[Board] [0m
[32;1m[Board] [0m     a b c d e f g h
[32;1m[Board] [0m   -------------------
[32;1m[Board] [0m 8 ||[7;1m [0m| |[7;1m [0m|[30;1mK[0m|[7;1m [0m| |[7;1m [0m| || 8
[32;1m[Board] [0m   -------------------
[32;1m[Board] [0m 7 ||[0;1mr[0m|[7;1m [0m| |[7;1m [0m|[0;1mp[0m|[7;1m [0m| |[7;1m [0m|| 7
[32;1m[Board] [0m   -------------------
[32;1m[Board] [0m 6 ||[7;1m [0m| |[7;1m [0m| |[7;1m [0m| |[7;1m [0m| || 6
[32;1m[Board] [0m   -------------------
[32;1m[Board] [0m 5 || |[7;1m [0m| |[7;1m [0m| |[7;1m [0m|[0;1mp[0m|[7;1m [0m|| 5
[32;1m[Board] [0m   -------------------
[32;1m[Board] [0m 4 ||[7;1m [0m| |[0;1mb[0m| |[7;1m [0m| |[7;1m [0m| || 4
[32;1m[Board] [0m   -------------------
[32;1m[Board] [0m 3 ||[0;1mp[0m|[0;1mp[0m| |[7;1m [0m| |[7;1m [0m| |[7;1m [0m|| 3
[32;1m[Board] [0m   -------------------
[32;1m[Board] [0m 2 ||[7;1m [0m| |[0;1mp[0m|[0;1mK[0m|[7;1m [0m| |[7;1m [0m| || 2
[32;1m[Board] [0m   -------------------
[32;1m[Board] [0m 1 || |[7;1m [0m| |[7;1m [0m| |[7;1m [0m| |[7;1m [0m|| 1
[32;1m[Board] [0m   -------------------
[32;1m[Board] [0m     a b c d e f g h
[32;1m[Board] [0m
[32;1m[Referee] [0mThis is the turn of the Black player...
new one at 2 number of nodes 61 no of distinct states visited 61 time left 9.99413
new one at 3 number of nodes 102 no of distinct states visited 101 time left 9.98004
new one at 4 number of nodes 1291 no of distinct states visited 925 time left 9.88965
new one at 5 number of nodes 2497 no of distinct states visited 1761 time left 9.60944
new one at 6 number of nodes 34597 no of distinct states visited 15032 time left 8.28219
new one at 7 number of nodes 66395 no of distinct states visited 28964 time left 3.35099
new one at 8 number of nodes 60279 no of distinct states visited 47850 time left 0.999872
ok it did depth 7 and now we're doing move d8e8 with evaluation -999996 number of nodes examined is 66395
[32;1m[Game] [0mPlayer's error code: 0
[32;1m[Game] [0mChecking move validity...
[32;1m[Board] [0mInitializing board (size: 8)...
[32;1m[Board] [0m32 piece(s) on board.
[32;1m[Board] [0mLoading history file `championship/chess-engine3-chess_project_pelm/history.csv`...
[32;1m[Board] [0mLoaded 93 move(s).
[32;1m[Board] [0mHistory replayed, 9 piece(s) on board.
[32;1m[Board] [0mLoading move file `championship/chess-engine3-chess_project_pelm/move.csv`...
[32;1m[Board] [0mBlack player is playing d8 to e8.
[32;1m[Board] [0m
[32;1m[Board] [0m     a b c d e f g h
[32;1m[Board] [0m   -------------------
[32;1m[Board] [0m 8 ||[7;1m [0m| |[7;1m [0m| |[30;1mK[0m| |[7;1m [0m| || 8
[32;1m[Board] [0m   -------------------
[32;1m[Board] [0m 7 ||[0;1mr[0m|[7;1m [0m| |[7;1m [0m|[0;1mp[0m|[7;1m [0m| |[7;1m [0m|| 7
[32;1m[Board] [0m   -------------------
[32;1m[Board] [0m 6 ||[7;1m [0m| |[7;1m [0m| |[7;1m [0m| |[7;1m [0m| || 6
[32;1m[Board] [0m   -------------------
[32;1m[Board] [0m 5 || |[7;1m [0m| |[7;1m [0m| |[7;1m [0m|[0;1mp[0m|[7;1m [0m|| 5
[32;1m[Board] [0m   -------------------
[32;1m[Board] [0m 4 ||[7;1m [0m| |[0;1mb[0m| |[7;1m [0m| |[7;1m [0m| || 4
[32;1m[Board] [0m   -------------------
[32;1m[Board] [0m 3 ||[0;1mp[0m|[0;1mp[0m| |[7;1m [0m| |[7;1m [0m| |[7;1m [0m|| 3
[32;1m[Board] [0m   -------------------
[32;1m[Board] [0m 2 ||[7;1m [0m| |[0;1mp[0m|[0;1mK[0m|[7;1m [0m| |[7;1m [0m| || 2
[32;1m[Board] [0m   -------------------
[32;1m[Board] [0m 1 || |[7;1m [0m| |[7;1m [0m| |[7;1m [0m| |[7;1m [0m|| 1
[32;1m[Board] [0m   -------------------
[32;1m[Board] [0m     a b c d e f g h
[32;1m[Board] [0m
[32;1m[Referee] [0mThis is the turn of the White player...
Chess engine starting...
Hash OK after replay.
move played: c4d3
in coordinates: from (4,2) to (5,3)
[32;1m[Game] [0mPlayer's error code: 256
[32;1m[Game] [0mChecking move validity...
[32;1m[Board] [0mInitializing board (size: 8)...
[32;1m[Board] [0m32 piece(s) on board.
[32;1m[Board] [0mLoading history file `championship/chess-engine3-chess_project_pelm/history.csv`...
[32;1m[Board] [0mLoaded 94 move(s).
[32;1m[Board] [0mHistory replayed, 9 piece(s) on board.
[32;1m[Board] [0mLoading move file `championship/chess-engine3-chess_project_pelm/move.csv`...
[32;1m[Board] [0mWhite player is playing c4 to d3.
[32;1m[Board] [0m
[32;1m[Board] [0m     a b c d e f g h
[32;1m[Board] [0m   -------------------
[32;1m[Board] [0m 8 ||[7;1m [0m| |[7;1m [0m| |[30;1mK[0m| |[7;1m [0m| || 8
[32;1m[Board] [0m   -------------------
[32;1m[Board] [0m 7 ||[0;1mr[0m|[7;1m [0m| |[7;1m [0m|[0;1mp[0m|[7;1m [0m| |[7;1m [0m|| 7
[32;1m[Board] [0m   -------------------
[32;1m[Board] [0m 6 ||[7;1m [0m| |[7;1m [0m| |[7;1m [0m| |[7;1m [0m| || 6
[32;1m[Board] [0m   -------------------
[32;1m[Board] [0m 5 || |[7;1m [0m| |[7;1m [0m| |[7;1m [0m|[0;1mp[0m|[7;1m [0m|| 5
[32;1m[Board] [0m   -------------------
[32;1m[Board] [0m 4 ||[7;1m [0m| |[7;1m [0m| |[7;1m [0m| |[7;1m [0m| || 4
[32;1m[Board] [0m   -------------------
[32;1m[Board] [0m 3 ||[0;1mp[0m|[0;1mp[0m| |[0;1mb[0m| |[7;1m [0m| |[7;1m [0m|| 3
[32;1m[Board] [0m   -------------------
[32;1m[Board] [0m 2 ||[7;1m [0m| |[0;1mp[0m|[0;1mK[0m|[7;1m [0m| |[7;1m [0m| || 2
[32;1m[Board] [0m   -------------------
[32;1m[Board] [0m 1 || |[7;1m [0m| |[7;1m [0m| |[7;1m [0m| |[7;1m [0m|| 1
[32;1m[Board] [0m   -------------------
[32;1m[Board] [0m     a b c d e f g h
[32;1m[Board] [0m
[32;1m[Referee] [0mThis is the turn of the Black player...
new one at 2 number of nodes 33 no of distinct states visited 33 time left 9.99481
new one at 3 number of nodes 68 no of distinct states visited 64 time left 9.98617
new one at 4 number of nodes 1185 no of distinct states visited 907 time left 9.93588
new one at 5 number of nodes 2229 no of distinct states visited 1732 time left 9.75626
new one at 6 number of nodes 36878 no of distinct states visited 16760 time left 8.2743
new one at 7 number of nodes 70706 no of distinct states visited 32525 time left 2.58591
new one at 8 number of nodes 37630 no of distinct states visited 47646 time left 0.99984
ok it did depth 7 and now we're doing move e8f7 with evaluation -999996 number of nodes examined is 70706
[32;1m[Game] [0mPlayer's error code: 0
[32;1m[Game] [0mChecking move validity...
[32;1m[Board] [0mInitializing board (size: 8)...
[32;1m[Board] [0m32 piece(s) on board.
[32;1m[Board] [0mLoading history file `championship/chess-engine3-chess_project_pelm/history.csv`...
[32;1m[Board] [0mLoaded 95 move(s).
[32;1m[Board] [0mHistory replayed, 9 piece(s) on board.
[32;1m[Board] [0mLoading move file `championship/chess-engine3-chess_project_pelm/move.csv`...
[32;1m[Board] [0mBlack player is playing e8 to f7.
[32;1m[Board] [0m
[32;1m[Board] [0m     a b c d e f g h
[32;1m[Board] [0m   -------------------
[32;1m[Board] [0m 8 ||[7;1m [0m| |[7;1m [0m| |[7;1m [0m| |[7;1m [0m| || 8
[32;1m[Board] [0m   -------------------
[32;1m[Board] [0m 7 ||[0;1mr[0m|[7;1m [0m| |[7;1m [0m|[0;1mp[0m|[30;1mK[0m| |[7;1m [0m|| 7
[32;1m[Board] [0m   -------------------
[32;1m[Board] [0m 6 ||[7;1m [0m| |[7;1m [0m| |[7;1m [0m| |[7;1m [0m| || 6
[32;1m[Board] [0m   -------------------
[32;1m[Board] [0m 5 || |[7;1m [0m| |[7;1m [0m| |[7;1m [0m|[0;1mp[0m|[7;1m [0m|| 5
[32;1m[Board] [0m   -------------------
[32;1m[Board] [0m 4 ||[7;1m [0m| |[7;1m [0m| |[7;1m [0m| |[7;1m [0m| || 4
[32;1m[Board] [0m   -------------------
[32;1m[Board] [0m 3 ||[0;1mp[0m|[0;1mp[0m| |[0;1mb[0m| |[7;1m [0m| |[7;1m [0m|| 3
[32;1m[Board] [0m   -------------------
[32;1m[Board] [0m 2 ||[7;1m [0m| |[0;1mp[0m|[0;1mK[0m|[7;1m [0m| |[7;1m [0m| || 2
[32;1m[Board] [0m   -------------------
[32;1m[Board] [0m 1 || |[7;1m [0m| |[7;1m [0m| |[7;1m [0m| |[7;1m [0m|| 1
[32;1m[Board] [0m   -------------------
[32;1m[Board] [0m     a b c d e f g h
[32;1m[Board] [0m
[32;1m[Referee] [0mThis is the turn of the White player...
Chess engine starting...
Hash OK after replay.
move played: d3e4
in coordinates: from (5,3) to (4,4)
[32;1m[Game] [0mPlayer's error code: 256
[32;1m[Game] [0mChecking move validity...
[32;1m[Board] [0mInitializing board (size: 8)...
[32;1m[Board] [0m32 piece(s) on board.
[32;1m[Board] [0mLoading history file `championship/chess-engine3-chess_project_pelm/history.csv`...
[32;1m[Board] [0mLoaded 96 move(s).
[32;1m[Board] [0mHistory replayed, 9 piece(s) on board.
[32;1m[Board] [0mLoading move file `championship/chess-engine3-chess_project_pelm/move.csv`...
[32;1m[Board] [0mWhite player is playing d3 to e4.
[32;1m[Board] [0m
[32;1m[Board] [0m     a b c d e f g h
[32;1m[Board] [0m   -------------------
[32;1m[Board] [0m 8 ||[7;1m [0m| |[7;1m [0m| |[7;1m [0m| |[7;1m [0m| || 8
[32;1m[Board] [0m   -------------------
[32;1m[Board] [0m 7 ||[0;1mr[0m|[7;1m [0m| |[7;1m [0m|[0;1mp[0m|[30;1mK[0m| |[7;1m [0m|| 7
[32;1m[Board] [0m   -------------------
[32;1m[Board] [0m 6 ||[7;1m [0m| |[7;1m [0m| |[7;1m [0m| |[7;1m [0m| || 6
[32;1m[Board] [0m   -------------------
[32;1m[Board] [0m 5 || |[7;1m [0m| |[7;1m [0m| |[7;1m [0m|[0;1mp[0m|[7;1m [0m|| 5
[32;1m[Board] [0m   -------------------
[32;1m[Board] [0m 4 ||[7;1m [0m| |[7;1m [0m| |[0;1mb[0m| |[7;1m [0m| || 4
[32;1m[Board] [0m   -------------------
[32;1m[Board] [0m 3 ||[0;1mp[0m|[0;1mp[0m| |[7;1m [0m| |[7;1m [0m| |[7;1m [0m|| 3
[32;1m[Board] [0m   -------------------
[32;1m[Board] [0m 2 ||[7;1m [0m| |[0;1mp[0m|[0;1mK[0m|[7;1m [0m| |[7;1m [0m| || 2
[32;1m[Board] [0m   -------------------
[32;1m[Board] [0m 1 || |[7;1m [0m| |[7;1m [0m| |[7;1m [0m| |[7;1m [0m|| 1
[32;1m[Board] [0m   -------------------
[32;1m[Board] [0m     a b c d e f g h
[32;1m[Board] [0m
[32;1m[Referee] [0mThis is the turn of the Black player...
new one at 2 number of nodes 65 no of distinct states visited 64 time left 9.993
new one at 3 number of nodes 129 no of distinct states visited 126 time left 9.96924
new one at 4 number of nodes 3004 no of distinct states visited 1641 time left 9.73319
new one at 5 number of nodes 5872 no of distinct states visited 3674 time left 9.25393
new one at 6 number of nodes 99291 no of distinct states visited 34573 time left 5.26622
new one at 7 number of nodes 51952 no of distinct states visited 49975 time left 0.999891
ok it did depth 6 and now we're doing move f7e6 with evaluation -999996 number of nodes examined is 99291
[32;1m[Game] [0mPlayer's error code: 0
[32;1m[Game] [0mChecking move validity...
[32;1m[Board] [0mInitializing board (size: 8)...
[32;1m[Board] [0m32 piece(s) on board.
[32;1m[Board] [0mLoading history file `championship/chess-engine3-chess_project_pelm/history.csv`...
[32;1m[Board] [0mLoaded 97 move(s).
[32;1m[Board] [0mHistory replayed, 9 piece(s) on board.
[32;1m[Board] [0mLoading move file `championship/chess-engine3-chess_project_pelm/move.csv`...
[32;1m[Board] [0mBlack player is playing f7 to e6.
[32;1m[Board] [0m
[32;1m[Board] [0m     a b c d e f g h
[32;1m[Board] [0m   -------------------
[32;1m[Board] [0m 8 ||[7;1m [0m| |[7;1m [0m| |[7;1m [0m| |[7;1m [0m| || 8
[32;1m[Board] [0m   -------------------
[32;1m[Board] [0m 7 ||[0;1mr[0m|[7;1m [0m| |[7;1m [0m|[0;1mp[0m|[7;1m [0m| |[7;1m [0m|| 7
[32;1m[Board] [0m   -------------------
[32;1m[Board] [0m 6 ||[7;1m [0m| |[7;1m [0m| |[30;1mK[0m| |[7;1m [0m| || 6
[32;1m[Board] [0m   -------------------
[32;1m[Board] [0m 5 || |[7;1m [0m| |[7;1m [0m| |[7;1m [0m|[0;1mp[0m|[7;1m [0m|| 5
[32;1m[Board] [0m   -------------------
[32;1m[Board] [0m 4 ||[7;1m [0m| |[7;1m [0m| |[0;1mb[0m| |[7;1m [0m| || 4
[32;1m[Board] [0m   -------------------
[32;1m[Board] [0m 3 ||[0;1mp[0m|[0;1mp[0m| |[7;1m [0m| |[7;1m [0m| |[7;1m [0m|| 3
[32;1m[Board] [0m   -------------------
[32;1m[Board] [0m 2 ||[7;1m [0m| |[0;1mp[0m|[0;1mK[0m|[7;1m [0m| |[7;1m [0m| || 2
[32;1m[Board] [0m   -------------------
[32;1m[Board] [0m 1 || |[7;1m [0m| |[7;1m [0m| |[7;1m [0m| |[7;1m [0m|| 1
[32;1m[Board] [0m   -------------------
[32;1m[Board] [0m     a b c d e f g h
[32;1m[Board] [0m
[32;1m[Referee] [0mThis is the turn of the White player...
Chess engine starting...
Hash OK after replay.
move played: e7e8q
in coordinates: from (1,4) to (0,4)
[32;1m[Game] [0mPlayer's error code: 256
[32;1m[Game] [0mChecking move validity...
[32;1m[Board] [0mInitializing board (size: 8)...
[32;1m[Board] [0m32 piece(s) on board.
[32;1m[Board] [0mLoading history file `championship/chess-engine3-chess_project_pelm/history.csv`...
[32;1m[Board] [0mLoaded 98 move(s).
[32;1m[Board] [0mHistory replayed, 9 piece(s) on board.
[32;1m[Board] [0mLoading move file `championship/chess-engine3-chess_project_pelm/move.csv`...
[32;1m[Board] [0mWhite player is playing e7 to e8.
[32;1m[Board] [0mPromoting a White Pawn into a Queen
[32;1m[Board] [0m
[32;1m[Board] [0m     a b c d e f g h
[32;1m[Board] [0m   -------------------
[32;1m[Board] [0m 8 ||[7;1m [0m| |[7;1m [0m| |[0;1mQ[0m| |[7;1m [0m| || 8
[32;1m[Board] [0m   -------------------
[32;1m[Board] [0m 7 ||[0;1mr[0m|[7;1m [0m| |[7;1m [0m| |[7;1m [0m| |[7;1m [0m|| 7
[32;1m[Board] [0m   -------------------
[32;1m[Board] [0m 6 ||[7;1m [0m| |[7;1m [0m| |[30;1mK[0m| |[7;1m [0m| || 6
[32;1m[Board] [0m   -------------------
[32;1m[Board] [0m 5 || |[7;1m [0m| |[7;1m [0m| |[7;1m [0m|[0;1mp[0m|[7;1m [0m|| 5
[32;1m[Board] [0m   -------------------
[32;1m[Board] [0m 4 ||[7;1m [0m| |[7;1m [0m| |[0;1mb[0m| |[7;1m [0m| || 4
[32;1m[Board] [0m   -------------------
[32;1m[Board] [0m 3 ||[0;1mp[0m|[0;1mp[0m| |[7;1m [0m| |[7;1m [0m| |[7;1m [0m|| 3
[32;1m[Board] [0m   -------------------
[32;1m[Board] [0m 2 ||[7;1m [0m| |[0;1mp[0m|[0;1mK[0m|[7;1m [0m| |[7;1m [0m| || 2
[32;1m[Board] [0m   -------------------
[32;1m[Board] [0m 1 || |[7;1m [0m| |[7;1m [0m| |[7;1m [0m| |[7;1m [0m|| 1
[32;1m[Board] [0m   -------------------
[32;1m[Board] [0m     a b c d e f g h
[32;1m[Board] [0m
[32;1m[Referee] [0mThis is the turn of the Black player...
new one at 2 number of nodes 53 no of distinct states visited 53 time left 9.99078
new one at 3 number of nodes 102 no of distinct states visited 102 time left 9.97556
new one at 4 number of nodes 2485 no of distinct states visited 1833 time left 9.80554
new one at 5 number of nodes 4796 no of distinct states visited 3610 time left 9.30524
new one at 6 number of nodes 110496 no of distinct states visited 47459 time left 4.96158
new one at 7 number of nodes 44359 no of distinct states visited 60294 time left 0.99981
ok it did depth 6 and now we're doing move e6d6 with evaluation -999998 number of nodes examined is 110496
[32;1m[Game] [0mPlayer's error code: 0
[32;1m[Game] [0mChecking move validity...
[32;1m[Board] [0mInitializing board (size: 8)...
[32;1m[Board] [0m32 piece(s) on board.
[32;1m[Board] [0mLoading history file `championship/chess-engine3-chess_project_pelm/history.csv`...
[32;1m[Board] [0mLoaded 99 move(s).
[32;1m[Board] [0mHistory replayed, 9 piece(s) on board.
[32;1m[Board] [0mLoading move file `championship/chess-engine3-chess_project_pelm/move.csv`...
[32;1m[Board] [0mBlack player is playing e6 to d6.
[32;1m[Board] [0m
[32;1m[Board] [0m     a b c d e f g h
[32;1m[Board] [0m   -------------------
[32;1m[Board] [0m 8 ||[7;1m [0m| |[7;1m [0m| |[0;1mQ[0m| |[7;1m [0m| || 8
[32;1m[Board] [0m   -------------------
[32;1m[Board] [0m 7 ||[0;1mr[0m|[7;1m [0m| |[7;1m [0m| |[7;1m [0m| |[7;1m [0m|| 7
[32;1m[Board] [0m   -------------------
[32;1m[Board] [0m 6 ||[7;1m [0m| |[7;1m [0m|[30;1mK[0m|[7;1m [0m| |[7;1m [0m| || 6
[32;1m[Board] [0m   -------------------
[32;1m[Board] [0m 5 || |[7;1m [0m| |[7;1m [0m| |[7;1m [0m|[0;1mp[0m|[7;1m [0m|| 5
[32;1m[Board] [0m   -------------------
[32;1m[Board] [0m 4 ||[7;1m [0m| |[7;1m [0m| |[0;1mb[0m| |[7;1m [0m| || 4
[32;1m[Board] [0m   -------------------
[32;1m[Board] [0m 3 ||[0;1mp[0m|[0;1mp[0m| |[7;1m [0m| |[7;1m [0m| |[7;1m [0m|| 3
[32;1m[Board] [0m   -------------------
[32;1m[Board] [0m 2 ||[7;1m [0m| |[0;1mp[0m|[0;1mK[0m|[7;1m [0m| |[7;1m [0m| || 2
[32;1m[Board] [0m   -------------------
[32;1m[Board] [0m 1 || |[7;1m [0m| |[7;1m [0m| |[7;1m [0m| |[7;1m [0m|| 1
[32;1m[Board] [0m   -------------------
[32;1m[Board] [0m     a b c d e f g h
[32;1m[Board] [0m
[32;1m[Referee] [0mThis is the turn of the White player...
Chess engine starting...
Hash OK after replay.
move played: e8e7
in coordinates: from (0,4) to (1,4)
[32;1m[Game] [0mPlayer's error code: 256
[32;1m[Game] [0mChecking move validity...
[32;1m[Board] [0mInitializing board (size: 8)...
[32;1m[Board] [0m32 piece(s) on board.
[32;1m[Board] [0mLoading history file `championship/chess-engine3-chess_project_pelm/history.csv`...
[32;1m[Board] [0mLoaded 100 move(s).
[32;1m[Board] [0mHistory replayed, 9 piece(s) on board.
[32;1m[Board] [0mLoading move file `championship/chess-engine3-chess_project_pelm/move.csv`...
[32;1m[Board] [0mWhite player is playing e8 to e7.
[32;1m[Board] [0m
[32;1m[Board] [0m     a b c d e f g h
[32;1m[Board] [0m   -------------------
[32;1m[Board] [0m 8 ||[7;1m [0m| |[7;1m [0m| |[7;1m [0m| |[7;1m [0m| || 8
[32;1m[Board] [0m   -------------------
[32;1m[Board] [0m 7 ||[0;1mr[0m|[7;1m [0m| |[7;1m [0m|[0;1mQ[0m|[7;1m [0m| |[7;1m [0m|| 7
[32;1m[Board] [0m   -------------------
[32;1m[Board] [0m 6 ||[7;1m [0m| |[7;1m [0m|[30;1mK[0m|[7;1m [0m| |[7;1m [0m| || 6
[32;1m[Board] [0m   -------------------
[32;1m[Board] [0m 5 || |[7;1m [0m| |[7;1m [0m| |[7;1m [0m|[0;1mp[0m|[7;1m [0m|| 5
[32;1m[Board] [0m   -------------------
[32;1m[Board] [0m 4 ||[7;1m [0m| |[7;1m [0m| |[0;1mb[0m| |[7;1m [0m| || 4
[32;1m[Board] [0m   -------------------
[32;1m[Board] [0m 3 ||[0;1mp[0m|[0;1mp[0m| |[7;1m [0m| |[7;1m [0m| |[7;1m [0m|| 3
[32;1m[Board] [0m   -------------------
[32;1m[Board] [0m 2 ||[7;1m [0m| |[0;1mp[0m|[0;1mK[0m|[7;1m [0m| |[7;1m [0m| || 2
[32;1m[Board] [0m   -------------------
[32;1m[Board] [0m 1 || |[7;1m [0m| |[7;1m [0m| |[7;1m [0m| |[7;1m [0m|| 1
[32;1m[Board] [0m   -------------------
[32;1m[Board] [0m     a b c d e f g h
[32;1m[Board] [0m
[32;1m[Referee] [0mThis is the turn of the Black player...
