[32;1m[Board] [0mInitializing board (size: 8)...
[32;1m[Board] [0m32 piece(s) on board.
[32;1m[Board] [0m
[32;1m[Board] [0m     a b c d e f g h
[32;1m[Board] [0m   -------------------
[32;1m[Board] [0m 8 ||[30;1mr[0m|[30;1mk[0m|[30;1mb[0m|[30;1mQ[0m|[30;1mK[0m|[30;1mb[0m|[30;1mk[0m|[30;1mr[0m|| 8
[32;1m[Board] [0m   -------------------
[32;1m[Board] [0m 7 ||[30;1mp[0m|[30;1mp[0m|[30;1mp[0m|[30;1mp[0m|[30;1mp[0m|[30;1mp[0m|[30;1mp[0m|[30;1mp[0m|| 7
[32;1m[Board] [0m   -------------------
[32;1m[Board] [0m 6 ||[7;1m [0m| |[7;1m [0m| |[7;1m [0m| |[7;1m [0m| || 6
[32;1m[Board] [0m   -------------------
[32;1m[Board] [0m 5 || |[7;1m [0m| |[7;1m [0m| |[7;1m [0m| |[7;1m [0m|| 5
[32;1m[Board] [0m   -------------------
[32;1m[Board] [0m 4 ||[7;1m [0m| |[7;1m [0m| |[7;1m [0m| |[7;1m [0m| || 4
[32;1m[Board] [0m   -------------------
[32;1m[Board] [0m 3 || |[7;1m [0m| |[7;1m [0m| |[7;1m [0m| |[7;1m [0m|| 3
[32;1m[Board] [0m   -------------------
[32;1m[Board] [0m 2 ||[0;1mp[0m|[0;1mp[0m|[0;1mp[0m|[0;1mp[0m|[0;1mp[0m|[0;1mp[0m|[0;1mp[0m|[0;1mp[0m|| 2
[32;1m[Board] [0m   -------------------
[32;1m[Board] [0m 1 ||[0;1mr[0m|[0;1mk[0m|[0;1mb[0m|[0;1mQ[0m|[0;1mK[0m|[0;1mb[0m|[0;1mk[0m|[0;1mr[0m|| 1
[32;1m[Board] [0m   -------------------
[32;1m[Board] [0m     a b c d e f g h
[32;1m[Board] [0m
[32;1m[Referee] [0mThis is the turn of the White player...
[DEBUG] Input history filename: championship/logic-and-proofs-chessgambit/history.csv
[DEBUG] Output move file: championship/logic-and-proofs-chessgambit/move.csv
[Parser][ply=] 0
how i see the board before writing next move: Turn: White
Enpassant: xx	Castling: WK WQ BK BQ 
   ---- ---- ---- ---- ---- ---- ---- ----
8 | r  | n  | b  | q  | k  | b  | n  | r  |
   ---- ---- ---- ---- ---- ---- ---- ----
7 | p  | p  | p  | p  | p  | p  | p  | p  |
   ---- ---- ---- ---- ---- ---- ---- ----
6 |    |    |    |    |    |    |    |    |
   ---- ---- ---- ---- ---- ---- ---- ----
5 |    |    |    |    |    |    |    |    |
   ---- ---- ---- ---- ---- ---- ---- ----
4 |    |    |    |    |    |    |    |    |
   ---- ---- ---- ---- ---- ---- ---- ----
3 |    |    |    |    |    |    |    |    |
   ---- ---- ---- ---- ---- ---- ---- ----
2 | P  | P  | P  | P  | P  | P  | P  | P  |
   ---- ---- ---- ---- ---- ---- ---- ----
1 | R  | N  | B  | Q  | K  | B  | N  | R  |
   ---- ---- ---- ---- ---- ---- ---- ----
    a    b    c    d    e    f    g    h
starting search...
depth: 1 score: 123 time: 0 nodes: 40 hashfull: 0
depth: 2 score: 87 time: 0 nodes: 371 hashfull: 0
depth: 3 score: 122 time: 0 nodes: 915 hashfull: 0
depth: 4 score: 89 time: 1 nodes: 2514 hashfull: 0
depth: 5 score: 122 time: 3 nodes: 7337 hashfull: 0
depth: 6 score: 90 time: 13 nodes: 29433 hashfull: 1
depth: 7 score: 113 time: 42 nodes: 92803 hashfull: 3
depth: 8 score: 100 time: 181 nodes: 368404 hashfull: 14
depth: 9 score: 113 time: 402 nodes: 985070 hashfull: 38
depth: 10 score: 99 time: 1185 nodes: 2727067 hashfull: 88
depth: 11 score: 99 time: 2555 nodes: 6562473 hashfull: 185
[DEBUG] [Parser] Wrote to ouput file championship/logic-and-proofs-chessgambit/move.csv move : g1f3
[32;1m[Game] [0mPlayer's error code: 0
[32;1m[Game] [0mChecking move validity...
[32;1m[Board] [0mInitializing board (size: 8)...
[32;1m[Board] [0m32 piece(s) on board.
[32;1m[Board] [0mLoading history file `championship/logic-and-proofs-chessgambit/history.csv`...
[32;1m[Board] [0mLoaded 0 move(s).
[32;1m[Board] [0mHistory replayed, 32 piece(s) on board.
[32;1m[Board] [0mLoading move file `championship/logic-and-proofs-chessgambit/move.csv`...
[32;1m[Board] [0mWhite player is playing g1 to f3.
[32;1m[Board] [0m
[32;1m[Board] [0m     a b c d e f g h
[32;1m[Board] [0m   -------------------
[32;1m[Board] [0m 8 ||[30;1mr[0m|[30;1mk[0m|[30;1mb[0m|[30;1mQ[0m|[30;1mK[0m|[30;1mb[0m|[30;1mk[0m|[30;1mr[0m|| 8
[32;1m[Board] [0m   -------------------
[32;1m[Board] [0m 7 ||[30;1mp[0m|[30;1mp[0m|[30;1mp[0m|[30;1mp[0m|[30;1mp[0m|[30;1mp[0m|[30;1mp[0m|[30;1mp[0m|| 7
[32;1m[Board] [0m   -------------------
[32;1m[Board] [0m 6 ||[7;1m [0m| |[7;1m [0m| |[7;1m [0m| |[7;1m [0m| || 6
[32;1m[Board] [0m   -------------------
[32;1m[Board] [0m 5 || |[7;1m [0m| |[7;1m [0m| |[7;1m [0m| |[7;1m [0m|| 5
[32;1m[Board] [0m   -------------------
[32;1m[Board] [0m 4 ||[7;1m [0m| |[7;1m [0m| |[7;1m [0m| |[7;1m [0m| || 4
[32;1m[Board] [0m   -------------------
[32;1m[Board] [0m 3 || |[7;1m [0m| |[7;1m [0m| |[0;1mk[0m| |[7;1m [0m|| 3
[32;1m[Board] [0m   -------------------
[32;1m[Board] [0m 2 ||[0;1mp[0m|[0;1mp[0m|[0;1mp[0m|[0;1mp[0m|[0;1mp[0m|[0;1mp[0m|[0;1mp[0m|[0;1mp[0m|| 2
[32;1m[Board] [0m   -------------------
[32;1m[Board] [0m 1 ||[0;1mr[0m|[0;1mk[0m|[0;1mb[0m|[0;1mQ[0m|[0;1mK[0m|[0;1mb[0m| |[0;1mr[0m|| 1
[32;1m[Board] [0m   -------------------
[32;1m[Board] [0m     a b c d e f g h
[32;1m[Board] [0m
[32;1m[Referee] [0mThis is the turn of the Black player...
Inputed Board

We are going to play Black...

------------------------------Current Search Space--------------------------------------------
Possible moves for piece: p:
 p: (1,0)->(2,0) / a7a6
 p: (1,0)->(3,0) / a7a5
 p: (1,1)->(2,1) / b7b6
 p: (1,1)->(3,1) / b7b5
 p: (1,2)->(2,2) / c7c6
 p: (1,2)->(3,2) / c7c5
 p: (1,3)->(2,3) / d7d6
 p: (1,3)->(3,3) / d7d5
 p: (1,4)->(2,4) / e7e6
 p: (1,4)->(3,4) / e7e5
 p: (1,5)->(2,5) / f7f6
 p: (1,5)->(3,5) / f7f5
 p: (1,6)->(2,6) / g7g6
 p: (1,6)->(3,6) / g7g5
 p: (1,7)->(2,7) / h7h6
 p: (1,7)->(3,7) / h7h5
Possible moves for piece: n:
 n: (0,1)->(2,2) / b8c6
 n: (0,1)->(2,0) / b8a6
 n: (0,6)->(2,7) / g8h6
 n: (0,6)->(2,5) / g8f6

------------------------------Filtered Search Space--------------------------------------------
Possible moves for piece: p:
 p: (1,0)->(2,0) / a7a6
 p: (1,0)->(3,0) / a7a5
 p: (1,1)->(2,1) / b7b6
 p: (1,1)->(3,1) / b7b5
 p: (1,2)->(2,2) / c7c6
 p: (1,2)->(3,2) / c7c5
 p: (1,3)->(2,3) / d7d6
 p: (1,3)->(3,3) / d7d5
 p: (1,4)->(2,4) / e7e6
 p: (1,4)->(3,4) / e7e5
 p: (1,5)->(2,5) / f7f6
 p: (1,5)->(3,5) / f7f5
 p: (1,6)->(2,6) / g7g6
 p: (1,6)->(3,6) / g7g5
 p: (1,7)->(2,7) / h7h6
 p: (1,7)->(3,7) / h7h5
Possible moves for piece: n:
 n: (0,1)->(2,2) / b8c6
 n: (0,1)->(2,0) / b8a6
 n: (0,6)->(2,7) / g8h6
 n: (0,6)->(2,5) / g8f6

--------------------------------Info on Attacks---------------------------------------------------
Squares attacked by White pieces:
(3,4) (3,6) (4,3) (4,7) (5,0) (5,1) (5,2) (5,3) (5,4) (5,6) (5,7) (7,6) 

-------------------------------Squares controlled by the enemy------------------------------------
* * * * * * * * 
* * * * * * * * 
* * * * * * * * 
* * * * X * X * 
* * * X * * * X 
X X X X X * X X 
* * * * * * * * 
* * * * * * X * 

------------------------------Check Information---------------------------------------------------
Black King located at: (0,4)
Black King is safe, no check at this position.

------------------------------Special Move Information-------------------------------------------
No en passant allowed right now
------------------------------Castling Rights Information-------------------------------------------
White Kingside Castle:  AVAILABLE
White Queenside Castle: AVAILABLE
Black Kingside Castle:  AVAILABLE
Black Queenside Castle: AVAILABLE
---------------------------------------------------------------------------------------------------

========== CAPTURE EXPLORATION ==========
========================================

========== CHECK EXPLORATION ==========
(no checks found)
======================================
--------------------------------------------------------------------------------------------------
Chosen Move: (0,1) --> (2,2)
 / b8c6

r * b q k b n r 
p p p p p p p p 
* * n * * * * * 
* * * * * * * * 
* * * * * * * * 
* * * * * N * * 
P P P P P P P P 
R N B Q K B * R 

[32;1m[Game] [0mPlayer's error code: 0
[32;1m[Game] [0mChecking move validity...
[32;1m[Board] [0mInitializing board (size: 8)...
[32;1m[Board] [0m32 piece(s) on board.
[32;1m[Board] [0mLoading history file `championship/logic-and-proofs-chessgambit/history.csv`...
[32;1m[Board] [0mLoaded 1 move(s).
[32;1m[Board] [0mHistory replayed, 32 piece(s) on board.
[32;1m[Board] [0mLoading move file `championship/logic-and-proofs-chessgambit/move.csv`...
[32;1m[Board] [0mBlack player is playing b8 to c6.
[32;1m[Board] [0m
[32;1m[Board] [0m     a b c d e f g h
[32;1m[Board] [0m   -------------------
[32;1m[Board] [0m 8 ||[30;1mr[0m| |[30;1mb[0m|[30;1mQ[0m|[30;1mK[0m|[30;1mb[0m|[30;1mk[0m|[30;1mr[0m|| 8
[32;1m[Board] [0m   -------------------
[32;1m[Board] [0m 7 ||[30;1mp[0m|[30;1mp[0m|[30;1mp[0m|[30;1mp[0m|[30;1mp[0m|[30;1mp[0m|[30;1mp[0m|[30;1mp[0m|| 7
[32;1m[Board] [0m   -------------------
[32;1m[Board] [0m 6 ||[7;1m [0m| |[30;1mk[0m| |[7;1m [0m| |[7;1m [0m| || 6
[32;1m[Board] [0m   -------------------
[32;1m[Board] [0m 5 || |[7;1m [0m| |[7;1m [0m| |[7;1m [0m| |[7;1m [0m|| 5
[32;1m[Board] [0m   -------------------
[32;1m[Board] [0m 4 ||[7;1m [0m| |[7;1m [0m| |[7;1m [0m| |[7;1m [0m| || 4
[32;1m[Board] [0m   -------------------
[32;1m[Board] [0m 3 || |[7;1m [0m| |[7;1m [0m| |[0;1mk[0m| |[7;1m [0m|| 3
[32;1m[Board] [0m   -------------------
[32;1m[Board] [0m 2 ||[0;1mp[0m|[0;1mp[0m|[0;1mp[0m|[0;1mp[0m|[0;1mp[0m|[0;1mp[0m|[0;1mp[0m|[0;1mp[0m|| 2
[32;1m[Board] [0m   -------------------
[32;1m[Board] [0m 1 ||[0;1mr[0m|[0;1mk[0m|[0;1mb[0m|[0;1mQ[0m|[0;1mK[0m|[0;1mb[0m| |[0;1mr[0m|| 1
[32;1m[Board] [0m   -------------------
[32;1m[Board] [0m     a b c d e f g h
[32;1m[Board] [0m
[32;1m[Referee] [0mThis is the turn of the White player...
[DEBUG] Input history filename: championship/logic-and-proofs-chessgambit/history.csv
[DEBUG] Output move file: championship/logic-and-proofs-chessgambit/move.csv
[Parser][ply=] 2
how i see the board before writing next move: Turn: White
Enpassant: xx	Castling: WK WQ BK BQ 
   ---- ---- ---- ---- ---- ---- ---- ----
8 | r  |    | b  | q  | k  | b  | n  | r  |
   ---- ---- ---- ---- ---- ---- ---- ----
7 | p  | p  | p  | p  | p  | p  | p  | p  |
   ---- ---- ---- ---- ---- ---- ---- ----
6 |    |    | n  |    |    |    |    |    |
   ---- ---- ---- ---- ---- ---- ---- ----
5 |    |    |    |    |    |    |    |    |
   ---- ---- ---- ---- ---- ---- ---- ----
4 |    |    |    |    |    |    |    |    |
   ---- ---- ---- ---- ---- ---- ---- ----
3 |    |    |    |    |    | N  |    |    |
   ---- ---- ---- ---- ---- ---- ---- ----
2 | P  | P  | P  | P  | P  | P  | P  | P  |
   ---- ---- ---- ---- ---- ---- ---- ----
1 | R  | N  | B  | Q  | K  | B  |    | R  |
   ---- ---- ---- ---- ---- ---- ---- ----
    a    b    c    d    e    f    g    h
starting search...
depth: 1 score: 122 time: 0 nodes: 54 hashfull: 0
depth: 2 score: 89 time: 0 nodes: 450 hashfull: 0
depth: 3 score: 122 time: 0 nodes: 1517 hashfull: 0
depth: 4 score: 97 time: 5 nodes: 4137 hashfull: 0
depth: 5 score: 118 time: 17 nodes: 15419 hashfull: 0
depth: 6 score: 114 time: 86 nodes: 75179 hashfull: 2
depth: 7 score: 110 time: 100 nodes: 214204 hashfull: 6
depth: 8 score: 98 time: 495 nodes: 977544 hashfull: 29
depth: 9 score: 92 time: 1011 nodes: 2400208 hashfull: 69
depth: 10 score: 93 time: 4080 nodes: 8162523 hashfull: 197
[DEBUG] [Parser] Wrote to ouput file championship/logic-and-proofs-chessgambit/move.csv move : d2d4
[32;1m[Game] [0mPlayer's error code: 0
[32;1m[Game] [0mChecking move validity...
[32;1m[Board] [0mInitializing board (size: 8)...
[32;1m[Board] [0m32 piece(s) on board.
[32;1m[Board] [0mLoading history file `championship/logic-and-proofs-chessgambit/history.csv`...
[32;1m[Board] [0mLoaded 2 move(s).
[32;1m[Board] [0mHistory replayed, 32 piece(s) on board.
[32;1m[Board] [0mLoading move file `championship/logic-and-proofs-chessgambit/move.csv`...
[32;1m[Board] [0mWhite player is playing d2 to d4.
[32;1m[Board] [0m
[32;1m[Board] [0m     a b c d e f g h
[32;1m[Board] [0m   -------------------
[32;1m[Board] [0m 8 ||[30;1mr[0m| |[30;1mb[0m|[30;1mQ[0m|[30;1mK[0m|[30;1mb[0m|[30;1mk[0m|[30;1mr[0m|| 8
[32;1m[Board] [0m   -------------------
[32;1m[Board] [0m 7 ||[30;1mp[0m|[30;1mp[0m|[30;1mp[0m|[30;1mp[0m|[30;1mp[0m|[30;1mp[0m|[30;1mp[0m|[30;1mp[0m|| 7
[32;1m[Board] [0m   -------------------
[32;1m[Board] [0m 6 ||[7;1m [0m| |[30;1mk[0m| |[7;1m [0m| |[7;1m [0m| || 6
[32;1m[Board] [0m   -------------------
[32;1m[Board] [0m 5 || |[7;1m [0m| |[7;1m [0m| |[7;1m [0m| |[7;1m [0m|| 5
[32;1m[Board] [0m   -------------------
[32;1m[Board] [0m 4 ||[7;1m [0m| |[7;1m [0m|[0;1mp[0m|[7;1m [0m| |[7;1m [0m| || 4
[32;1m[Board] [0m   -------------------
[32;1m[Board] [0m 3 || |[7;1m [0m| |[7;1m [0m| |[0;1mk[0m| |[7;1m [0m|| 3
[32;1m[Board] [0m   -------------------
[32;1m[Board] [0m 2 ||[0;1mp[0m|[0;1mp[0m|[0;1mp[0m| |[0;1mp[0m|[0;1mp[0m|[0;1mp[0m|[0;1mp[0m|| 2
[32;1m[Board] [0m   -------------------
[32;1m[Board] [0m 1 ||[0;1mr[0m|[0;1mk[0m|[0;1mb[0m|[0;1mQ[0m|[0;1mK[0m|[0;1mb[0m| |[0;1mr[0m|| 1
[32;1m[Board] [0m   -------------------
[32;1m[Board] [0m     a b c d e f g h
[32;1m[Board] [0m
[32;1m[Referee] [0mThis is the turn of the Black player...
Inputed Board
Currently playing: Black

------------------------------Current Search Space--------------------------------------------
Possible moves for piece: p:
 p: (1,0)->(2,0) / a7a6
 p: (1,0)->(3,0) / a7a5
 p: (1,1)->(2,1) / b7b6
 p: (1,1)->(3,1) / b7b5
 p: (1,3)->(2,3) / d7d6
 p: (1,3)->(3,3) / d7d5
 p: (1,4)->(2,4) / e7e6
 p: (1,4)->(3,4) / e7e5
 p: (1,5)->(2,5) / f7f6
 p: (1,5)->(3,5) / f7f5
 p: (1,6)->(2,6) / g7g6
 p: (1,6)->(3,6) / g7g5
 p: (1,7)->(2,7) / h7h6
 p: (1,7)->(3,7) / h7h5
Possible moves for piece: r:
 r: (0,0)->(0,1) / a8b8
Possible moves for piece: n:
 n: (0,6)->(2,7) / g8h6
 n: (0,6)->(2,5) / g8f6
 n: (2,2)->(4,3) / c6d4
 n: (2,2)->(4,1) / c6b4
 n: (2,2)->(0,1) / c6b8
 n: (2,2)->(3,4) / c6e5
 n: (2,2)->(3,0) / c6a5

------------------------------Filtered Search Space--------------------------------------------
Possible moves for piece: p:
 p: (1,0)->(2,0) / a7a6
 p: (1,0)->(3,0) / a7a5
 p: (1,1)->(2,1) / b7b6
 p: (1,1)->(3,1) / b7b5
 p: (1,3)->(2,3) / d7d6
 p: (1,3)->(3,3) / d7d5
 p: (1,4)->(2,4) / e7e6
 p: (1,4)->(3,4) / e7e5
 p: (1,5)->(2,5) / f7f6
 p: (1,5)->(3,5) / f7f5
 p: (1,6)->(2,6) / g7g6
 p: (1,6)->(3,6) / g7g5
 p: (1,7)->(2,7) / h7h6
 p: (1,7)->(3,7) / h7h5
Possible moves for piece: r:
 r: (0,0)->(0,1) / a8b8
Possible moves for piece: n:
 n: (0,6)->(2,7) / g8h6
 n: (0,6)->(2,5) / g8f6
 n: (2,2)->(4,3) / c6d4
 n: (2,2)->(4,1) / c6b4
 n: (2,2)->(0,1) / c6b8
 n: (2,2)->(3,4) / c6e5
 n: (2,2)->(3,0) / c6a5

--------------------------------Info on Attacks---------------------------------------------------
Squares attacked by White pieces:
(2,7) (3,2) (3,4) (3,6) (4,5) (4,7) (5,0) (5,1) (5,2) (5,3) (5,4) (5,6) (5,7) (6,3) (7,6) 

-------------------------------Squares controlled by the enemy------------------------------------
* * * * * * * * 
* * * * * * * * 
* * * * * * * X 
* * X * X * X * 
* * * * * X * X 
X X X X X * X X 
* * * X * * * * 
* * * * * * X * 

------------------------------Check Information---------------------------------------------------
Black King located at: (0,4)
Black King is safe, no check at this position.

------------------------------Special Move Information-------------------------------------------
No en passant allowed right now
------------------------------Castling Rights Information-------------------------------------------
White Kingside Castle:  AVAILABLE
White Queenside Castle: AVAILABLE
Black Kingside Castle:  AVAILABLE
Black Queenside Castle: AVAILABLE
---------------------------------------------------------------------------------------------------

========== CAPTURE EXPLORATION ==========
[0] n x P | Potential loss: NO | Score: 100
========================================

========== CHECK EXPLORATION ==========
(no checks found)
======================================
--------------------------------------------------------------------------------------------------
Chosen Move: (0,0) --> (0,1)
 / a8b8

* r b q k b n r 
p p p p p p p p 
* * n * * * * * 
* * * * * * * * 
* * * P * * * * 
* * * * * N * * 
P P P * P P P P 
R N B Q K B * R 

[32;1m[Game] [0mPlayer's error code: 0
[32;1m[Game] [0mChecking move validity...
[32;1m[Board] [0mInitializing board (size: 8)...
[32;1m[Board] [0m32 piece(s) on board.
[32;1m[Board] [0mLoading history file `championship/logic-and-proofs-chessgambit/history.csv`...
[32;1m[Board] [0mLoaded 3 move(s).
[32;1m[Board] [0mHistory replayed, 32 piece(s) on board.
[32;1m[Board] [0mLoading move file `championship/logic-and-proofs-chessgambit/move.csv`...
[32;1m[Board] [0mBlack player is playing a8 to b8.
[32;1m[Board] [0m
[32;1m[Board] [0m     a b c d e f g h
[32;1m[Board] [0m   -------------------
[32;1m[Board] [0m 8 ||[7;1m [0m|[30;1mr[0m|[30;1mb[0m|[30;1mQ[0m|[30;1mK[0m|[30;1mb[0m|[30;1mk[0m|[30;1mr[0m|| 8
[32;1m[Board] [0m   -------------------
[32;1m[Board] [0m 7 ||[30;1mp[0m|[30;1mp[0m|[30;1mp[0m|[30;1mp[0m|[30;1mp[0m|[30;1mp[0m|[30;1mp[0m|[30;1mp[0m|| 7
[32;1m[Board] [0m   -------------------
[32;1m[Board] [0m 6 ||[7;1m [0m| |[30;1mk[0m| |[7;1m [0m| |[7;1m [0m| || 6
[32;1m[Board] [0m   -------------------
[32;1m[Board] [0m 5 || |[7;1m [0m| |[7;1m [0m| |[7;1m [0m| |[7;1m [0m|| 5
[32;1m[Board] [0m   -------------------
[32;1m[Board] [0m 4 ||[7;1m [0m| |[7;1m [0m|[0;1mp[0m|[7;1m [0m| |[7;1m [0m| || 4
[32;1m[Board] [0m   -------------------
[32;1m[Board] [0m 3 || |[7;1m [0m| |[7;1m [0m| |[0;1mk[0m| |[7;1m [0m|| 3
[32;1m[Board] [0m   -------------------
[32;1m[Board] [0m 2 ||[0;1mp[0m|[0;1mp[0m|[0;1mp[0m| |[0;1mp[0m|[0;1mp[0m|[0;1mp[0m|[0;1mp[0m|| 2
[32;1m[Board] [0m   -------------------
[32;1m[Board] [0m 1 ||[0;1mr[0m|[0;1mk[0m|[0;1mb[0m|[0;1mQ[0m|[0;1mK[0m|[0;1mb[0m| |[0;1mr[0m|| 1
[32;1m[Board] [0m   -------------------
[32;1m[Board] [0m     a b c d e f g h
[32;1m[Board] [0m
[32;1m[Referee] [0mThis is the turn of the White player...
[DEBUG] Input history filename: championship/logic-and-proofs-chessgambit/history.csv
[DEBUG] Output move file: championship/logic-and-proofs-chessgambit/move.csv
[Parser][ply=] 4
how i see the board before writing next move: Turn: White
Enpassant: xx	Castling: WK WQ BK x
   ---- ---- ---- ---- ---- ---- ---- ----
8 |    | r  | b  | q  | k  | b  | n  | r  |
   ---- ---- ---- ---- ---- ---- ---- ----
7 | p  | p  | p  | p  | p  | p  | p  | p  |
   ---- ---- ---- ---- ---- ---- ---- ----
6 |    |    | n  |    |    |    |    |    |
   ---- ---- ---- ---- ---- ---- ---- ----
5 |    |    |    |    |    |    |    |    |
   ---- ---- ---- ---- ---- ---- ---- ----
4 |    |    |    | P  |    |    |    |    |
   ---- ---- ---- ---- ---- ---- ---- ----
3 |    |    |    |    |    | N  |    |    |
   ---- ---- ---- ---- ---- ---- ---- ----
2 | P  | P  | P  |    | P  | P  | P  | P  |
   ---- ---- ---- ---- ---- ---- ---- ----
1 | R  | N  | B  | Q  | K  | B  |    | R  |
   ---- ---- ---- ---- ---- ---- ---- ----
    a    b    c    d    e    f    g    h
starting search...
depth: 1 score: 166 time: 0 nodes: 104 hashfull: 0
depth: 2 score: 141 time: 0 nodes: 858 hashfull: 0
depth: 3 score: 174 time: 0 nodes: 1627 hashfull: 0
depth: 4 score: 191 time: 3 nodes: 5678 hashfull: 0
depth: 5 score: 182 time: 6 nodes: 13755 hashfull: 0
depth: 6 score: 188 time: 22 nodes: 47764 hashfull: 2
depth: 7 score: 212 time: 91 nodes: 170710 hashfull: 5
depth: 8 score: 201 time: 141 nodes: 363959 hashfull: 9
depth: 9 score: 214 time: 490 nodes: 1100486 hashfull: 40
depth: 10 score: 203 time: 1511 nodes: 3266578 hashfull: 95
depth: 11 score: 206 time: 3944 nodes: 8814464 hashfull: 214
[DEBUG] [Parser] Wrote to ouput file championship/logic-and-proofs-chessgambit/move.csv move : d4d5
[32;1m[Game] [0mPlayer's error code: 0
[32;1m[Game] [0mChecking move validity...
[32;1m[Board] [0mInitializing board (size: 8)...
[32;1m[Board] [0m32 piece(s) on board.
[32;1m[Board] [0mLoading history file `championship/logic-and-proofs-chessgambit/history.csv`...
[32;1m[Board] [0mLoaded 4 move(s).
[32;1m[Board] [0mHistory replayed, 32 piece(s) on board.
[32;1m[Board] [0mLoading move file `championship/logic-and-proofs-chessgambit/move.csv`...
[32;1m[Board] [0mWhite player is playing d4 to d5.
[32;1m[Board] [0m
[32;1m[Board] [0m     a b c d e f g h
[32;1m[Board] [0m   -------------------
[32;1m[Board] [0m 8 ||[7;1m [0m|[30;1mr[0m|[30;1mb[0m|[30;1mQ[0m|[30;1mK[0m|[30;1mb[0m|[30;1mk[0m|[30;1mr[0m|| 8
[32;1m[Board] [0m   -------------------
[32;1m[Board] [0m 7 ||[30;1mp[0m|[30;1mp[0m|[30;1mp[0m|[30;1mp[0m|[30;1mp[0m|[30;1mp[0m|[30;1mp[0m|[30;1mp[0m|| 7
[32;1m[Board] [0m   -------------------
[32;1m[Board] [0m 6 ||[7;1m [0m| |[30;1mk[0m| |[7;1m [0m| |[7;1m [0m| || 6
[32;1m[Board] [0m   -------------------
[32;1m[Board] [0m 5 || |[7;1m [0m| |[0;1mp[0m| |[7;1m [0m| |[7;1m [0m|| 5
[32;1m[Board] [0m   -------------------
[32;1m[Board] [0m 4 ||[7;1m [0m| |[7;1m [0m| |[7;1m [0m| |[7;1m [0m| || 4
[32;1m[Board] [0m   -------------------
[32;1m[Board] [0m 3 || |[7;1m [0m| |[7;1m [0m| |[0;1mk[0m| |[7;1m [0m|| 3
[32;1m[Board] [0m   -------------------
[32;1m[Board] [0m 2 ||[0;1mp[0m|[0;1mp[0m|[0;1mp[0m| |[0;1mp[0m|[0;1mp[0m|[0;1mp[0m|[0;1mp[0m|| 2
[32;1m[Board] [0m   -------------------
[32;1m[Board] [0m 1 ||[0;1mr[0m|[0;1mk[0m|[0;1mb[0m|[0;1mQ[0m|[0;1mK[0m|[0;1mb[0m| |[0;1mr[0m|| 1
[32;1m[Board] [0m   -------------------
[32;1m[Board] [0m     a b c d e f g h
[32;1m[Board] [0m
[32;1m[Referee] [0mThis is the turn of the Black player...
Inputed Board
Currently playing: Black

------------------------------Current Search Space--------------------------------------------
Possible moves for piece: p:
 p: (1,0)->(2,0) / a7a6
 p: (1,0)->(3,0) / a7a5
 p: (1,1)->(2,1) / b7b6
 p: (1,1)->(3,1) / b7b5
 p: (1,3)->(2,3) / d7d6
 p: (1,4)->(2,4) / e7e6
 p: (1,4)->(3,4) / e7e5
 p: (1,5)->(2,5) / f7f6
 p: (1,5)->(3,5) / f7f5
 p: (1,6)->(2,6) / g7g6
 p: (1,6)->(3,6) / g7g5
 p: (1,7)->(2,7) / h7h6
 p: (1,7)->(3,7) / h7h5
Possible moves for piece: r:
 r: (0,1)->(0,0) / b8a8
Possible moves for piece: n:
 n: (0,6)->(2,7) / g8h6
 n: (0,6)->(2,5) / g8f6
 n: (2,2)->(4,3) / c6d4
 n: (2,2)->(4,1) / c6b4
 n: (2,2)->(3,4) / c6e5
 n: (2,2)->(3,0) / c6a5

------------------------------Filtered Search Space--------------------------------------------
Possible moves for piece: p:
 p: (1,0)->(2,0) / a7a6
 p: (1,0)->(3,0) / a7a5
 p: (1,1)->(2,1) / b7b6
 p: (1,1)->(3,1) / b7b5
 p: (1,3)->(2,3) / d7d6
 p: (1,4)->(2,4) / e7e6
 p: (1,4)->(3,4) / e7e5
 p: (1,5)->(2,5) / f7f6
 p: (1,5)->(3,5) / f7f5
 p: (1,6)->(2,6) / g7g6
 p: (1,6)->(3,6) / g7g5
 p: (1,7)->(2,7) / h7h6
 p: (1,7)->(3,7) / h7h5
Possible moves for piece: r:
 r: (0,1)->(0,0) / b8a8
Possible moves for piece: n:
 n: (0,6)->(2,7) / g8h6
 n: (0,6)->(2,5) / g8f6
 n: (2,2)->(4,3) / c6d4
 n: (2,2)->(4,1) / c6b4
 n: (2,2)->(3,4) / c6e5
 n: (2,2)->(3,0) / c6a5

--------------------------------Info on Attacks---------------------------------------------------
Squares attacked by White pieces:
(2,2) (2,4) (2,7) (3,4) (3,6) (4,3) (4,5) (4,7) (5,0) (5,1) (5,2) (5,3) (5,4) (5,6) (5,7) (6,3) (7,6) 

-------------------------------Squares controlled by the enemy------------------------------------
* * * * * * * * 
* * * * * * * * 
* * X * X * * X 
* * * * X * X * 
* * * X * X * X 
X X X X X * X X 
* * * X * * * * 
* * * * * * X * 

------------------------------Check Information---------------------------------------------------
Black King located at: (0,4)
Black King is safe, no check at this position.

------------------------------Special Move Information-------------------------------------------
No en passant allowed right now
------------------------------Castling Rights Information-------------------------------------------
White Kingside Castle:  AVAILABLE
White Queenside Castle: AVAILABLE
Black Kingside Castle:  AVAILABLE
Black Queenside Castle: NOT AVAILABLE
---------------------------------------------------------------------------------------------------

========== CAPTURE EXPLORATION ==========
========================================

========== CHECK EXPLORATION ==========
(no checks found)
======================================
--------------------------------------------------------------------------------------------------
Chosen Move: (2,2) --> (4,1)
 / c6b4

* r b q k b n r 
p p p p p p p p 
* * * * * * * * 
* * * P * * * * 
* n * * * * * * 
* * * * * N * * 
P P P * P P P P 
R N B Q K B * R 

[32;1m[Game] [0mPlayer's error code: 0
[32;1m[Game] [0mChecking move validity...
[32;1m[Board] [0mInitializing board (size: 8)...
[32;1m[Board] [0m32 piece(s) on board.
[32;1m[Board] [0mLoading history file `championship/logic-and-proofs-chessgambit/history.csv`...
[32;1m[Board] [0mLoaded 5 move(s).
[32;1m[Board] [0mHistory replayed, 32 piece(s) on board.
[32;1m[Board] [0mLoading move file `championship/logic-and-proofs-chessgambit/move.csv`...
[32;1m[Board] [0mBlack player is playing c6 to b4.
[32;1m[Board] [0m
[32;1m[Board] [0m     a b c d e f g h
[32;1m[Board] [0m   -------------------
[32;1m[Board] [0m 8 ||[7;1m [0m|[30;1mr[0m|[30;1mb[0m|[30;1mQ[0m|[30;1mK[0m|[30;1mb[0m|[30;1mk[0m|[30;1mr[0m|| 8
[32;1m[Board] [0m   -------------------
[32;1m[Board] [0m 7 ||[30;1mp[0m|[30;1mp[0m|[30;1mp[0m|[30;1mp[0m|[30;1mp[0m|[30;1mp[0m|[30;1mp[0m|[30;1mp[0m|| 7
[32;1m[Board] [0m   -------------------
[32;1m[Board] [0m 6 ||[7;1m [0m| |[7;1m [0m| |[7;1m [0m| |[7;1m [0m| || 6
[32;1m[Board] [0m   -------------------
[32;1m[Board] [0m 5 || |[7;1m [0m| |[0;1mp[0m| |[7;1m [0m| |[7;1m [0m|| 5
[32;1m[Board] [0m   -------------------
[32;1m[Board] [0m 4 ||[7;1m [0m|[30;1mk[0m|[7;1m [0m| |[7;1m [0m| |[7;1m [0m| || 4
[32;1m[Board] [0m   -------------------
[32;1m[Board] [0m 3 || |[7;1m [0m| |[7;1m [0m| |[0;1mk[0m| |[7;1m [0m|| 3
[32;1m[Board] [0m   -------------------
[32;1m[Board] [0m 2 ||[0;1mp[0m|[0;1mp[0m|[0;1mp[0m| |[0;1mp[0m|[0;1mp[0m|[0;1mp[0m|[0;1mp[0m|| 2
[32;1m[Board] [0m   -------------------
[32;1m[Board] [0m 1 ||[0;1mr[0m|[0;1mk[0m|[0;1mb[0m|[0;1mQ[0m|[0;1mK[0m|[0;1mb[0m| |[0;1mr[0m|| 1
[32;1m[Board] [0m   -------------------
[32;1m[Board] [0m     a b c d e f g h
[32;1m[Board] [0m
[32;1m[Referee] [0mThis is the turn of the White player...
[DEBUG] Input history filename: championship/logic-and-proofs-chessgambit/history.csv
[DEBUG] Output move file: championship/logic-and-proofs-chessgambit/move.csv
[Parser][ply=] 6
how i see the board before writing next move: Turn: White
Enpassant: xx	Castling: WK WQ BK x
   ---- ---- ---- ---- ---- ---- ---- ----
8 |    | r  | b  | q  | k  | b  | n  | r  |
   ---- ---- ---- ---- ---- ---- ---- ----
7 | p  | p  | p  | p  | p  | p  | p  | p  |
   ---- ---- ---- ---- ---- ---- ---- ----
6 |    |    |    |    |    |    |    |    |
   ---- ---- ---- ---- ---- ---- ---- ----
5 |    |    |    | P  |    |    |    |    |
   ---- ---- ---- ---- ---- ---- ---- ----
4 |    | n  |    |    |    |    |    |    |
   ---- ---- ---- ---- ---- ---- ---- ----
3 |    |    |    |    |    | N  |    |    |
   ---- ---- ---- ---- ---- ---- ---- ----
2 | P  | P  | P  |    | P  | P  | P  | P  |
   ---- ---- ---- ---- ---- ---- ---- ----
1 | R  | N  | B  | Q  | K  | B  |    | R  |
   ---- ---- ---- ---- ---- ---- ---- ----
    a    b    c    d    e    f    g    h
starting search...
depth: 1 score: 174 time: 0 nodes: 145 hashfull: 0
depth: 2 score: 191 time: 0 nodes: 985 hashfull: 0
depth: 3 score: 223 time: 0 nodes: 2036 hashfull: 0
depth: 4 score: 206 time: 3 nodes: 6284 hashfull: 0
depth: 5 score: 206 time: 5 nodes: 12987 hashfull: 0
depth: 6 score: 210 time: 32 nodes: 58641 hashfull: 2
depth: 7 score: 212 time: 80 nodes: 169746 hashfull: 5
depth: 8 score: 203 time: 369 nodes: 693317 hashfull: 22
depth: 9 score: 206 time: 877 nodes: 1963122 hashfull: 64
depth: 10 score: 194 time: 2240 nodes: 5023949 hashfull: 135
[DEBUG] [Parser] Wrote to ouput file championship/logic-and-proofs-chessgambit/move.csv move : e2e4
[32;1m[Game] [0mPlayer's error code: 0
[32;1m[Game] [0mChecking move validity...
[32;1m[Board] [0mInitializing board (size: 8)...
[32;1m[Board] [0m32 piece(s) on board.
[32;1m[Board] [0mLoading history file `championship/logic-and-proofs-chessgambit/history.csv`...
[32;1m[Board] [0mLoaded 6 move(s).
[32;1m[Board] [0mHistory replayed, 32 piece(s) on board.
[32;1m[Board] [0mLoading move file `championship/logic-and-proofs-chessgambit/move.csv`...
[32;1m[Board] [0mWhite player is playing e2 to e4.
[32;1m[Board] [0m
[32;1m[Board] [0m     a b c d e f g h
[32;1m[Board] [0m   -------------------
[32;1m[Board] [0m 8 ||[7;1m [0m|[30;1mr[0m|[30;1mb[0m|[30;1mQ[0m|[30;1mK[0m|[30;1mb[0m|[30;1mk[0m|[30;1mr[0m|| 8
[32;1m[Board] [0m   -------------------
[32;1m[Board] [0m 7 ||[30;1mp[0m|[30;1mp[0m|[30;1mp[0m|[30;1mp[0m|[30;1mp[0m|[30;1mp[0m|[30;1mp[0m|[30;1mp[0m|| 7
[32;1m[Board] [0m   -------------------
[32;1m[Board] [0m 6 ||[7;1m [0m| |[7;1m [0m| |[7;1m [0m| |[7;1m [0m| || 6
[32;1m[Board] [0m   -------------------
[32;1m[Board] [0m 5 || |[7;1m [0m| |[0;1mp[0m| |[7;1m [0m| |[7;1m [0m|| 5
[32;1m[Board] [0m   -------------------
[32;1m[Board] [0m 4 ||[7;1m [0m|[30;1mk[0m|[7;1m [0m| |[0;1mp[0m| |[7;1m [0m| || 4
[32;1m[Board] [0m   -------------------
[32;1m[Board] [0m 3 || |[7;1m [0m| |[7;1m [0m| |[0;1mk[0m| |[7;1m [0m|| 3
[32;1m[Board] [0m   -------------------
[32;1m[Board] [0m 2 ||[0;1mp[0m|[0;1mp[0m|[0;1mp[0m| |[7;1m [0m|[0;1mp[0m|[0;1mp[0m|[0;1mp[0m|| 2
[32;1m[Board] [0m   -------------------
[32;1m[Board] [0m 1 ||[0;1mr[0m|[0;1mk[0m|[0;1mb[0m|[0;1mQ[0m|[0;1mK[0m|[0;1mb[0m| |[0;1mr[0m|| 1
[32;1m[Board] [0m   -------------------
[32;1m[Board] [0m     a b c d e f g h
[32;1m[Board] [0m
[32;1m[Referee] [0mThis is the turn of the Black player...
Inputed Board
Currently playing: Black

------------------------------Current Search Space--------------------------------------------
Possible moves for piece: p:
 p: (1,0)->(2,0) / a7a6
 p: (1,0)->(3,0) / a7a5
 p: (1,1)->(2,1) / b7b6
 p: (1,1)->(3,1) / b7b5
 p: (1,2)->(2,2) / c7c6
 p: (1,2)->(3,2) / c7c5
 p: (1,3)->(2,3) / d7d6
 p: (1,4)->(2,4) / e7e6
 p: (1,4)->(3,4) / e7e5
 p: (1,5)->(2,5) / f7f6
 p: (1,5)->(3,5) / f7f5
 p: (1,6)->(2,6) / g7g6
 p: (1,6)->(3,6) / g7g5
 p: (1,7)->(2,7) / h7h6
 p: (1,7)->(3,7) / h7h5
Possible moves for piece: r:
 r: (0,1)->(0,0) / b8a8
Possible moves for piece: n:
 n: (0,6)->(2,7) / g8h6
 n: (0,6)->(2,5) / g8f6
 n: (4,1)->(6,2) / b4c2
 n: (4,1)->(6,0) / b4a2
 n: (4,1)->(2,2) / b4c6
 n: (4,1)->(2,0) / b4a6
 n: (4,1)->(5,3) / b4d3
 n: (4,1)->(3,3) / b4d5

------------------------------Filtered Search Space--------------------------------------------
Possible moves for piece: p:
 p: (1,0)->(2,0) / a7a6
 p: (1,0)->(3,0) / a7a5
 p: (1,1)->(2,1) / b7b6
 p: (1,1)->(3,1) / b7b5
 p: (1,2)->(2,2) / c7c6
 p: (1,2)->(3,2) / c7c5
 p: (1,3)->(2,3) / d7d6
 p: (1,4)->(2,4) / e7e6
 p: (1,4)->(3,4) / e7e5
 p: (1,5)->(2,5) / f7f6
 p: (1,5)->(3,5) / f7f5
 p: (1,6)->(2,6) / g7g6
 p: (1,6)->(3,6) / g7g5
 p: (1,7)->(2,7) / h7h6
 p: (1,7)->(3,7) / h7h5
Possible moves for piece: r:
 r: (0,1)->(0,0) / b8a8
Possible moves for piece: n:
 n: (0,6)->(2,7) / g8h6
 n: (0,6)->(2,5) / g8f6
 n: (4,1)->(6,2) / b4c2
 n: (4,1)->(6,0) / b4a2
 n: (4,1)->(2,2) / b4c6
 n: (4,1)->(2,0) / b4a6
 n: (4,1)->(5,3) / b4d3
 n: (4,1)->(3,3) / b4d5

--------------------------------Info on Attacks---------------------------------------------------
Squares attacked by White pieces:
(2,0) (2,2) (2,4) (2,7) (3,1) (3,4) (3,5) (3,6) (4,2) (4,3) (4,5) (4,7) (5,0) (5,1) (5,2) (5,3) (5,4) (5,6) (5,7) (6,3) (6,4) (7,6) 

-------------------------------Squares controlled by the enemy------------------------------------
* * * * * * * * 
* * * * * * * * 
X * X * X * * X 
* X * * X X X * 
* * X X * X * X 
X X X X X * X X 
* * * X X * * * 
* * * * * * X * 

------------------------------Check Information---------------------------------------------------
Black King located at: (0,4)
Black King is safe, no check at this position.

------------------------------Special Move Information-------------------------------------------
No en passant allowed right now
------------------------------Castling Rights Information-------------------------------------------
White Kingside Castle:  AVAILABLE
White Queenside Castle: AVAILABLE
Black Kingside Castle:  AVAILABLE
Black Queenside Castle: NOT AVAILABLE
---------------------------------------------------------------------------------------------------

========== CAPTURE EXPLORATION ==========
[0] n x P | Potential loss: NO | Score: 100
[1] n x P | Potential loss: NO | Score: 100
[2] n x P | Potential loss: NO | Score: 100
========================================

========== CHECK EXPLORATION ==========
[0] Candidate: n -> (4,1) -> (6,2) x P | Checking move: n (4,1) -> (6,2)Checkmate: NO
[1] Candidate: n -> (4,1) -> (5,3) | Checking move: n (4,1) -> (5,3)Checkmate: NO
======================================
--------------------------------------------------------------------------------------------------
Chosen Move: (4,1) --> (6,2)
 / b4c2

* r b q k b n r 
p p p p p p p p 
* * * * * * * * 
* * * P * * * * 
* * * * P * * * 
* * * * * N * * 
P P n * * P P P 
R N B Q K B * R 

Code timed out used determine move
[32;1m[Game] [0mPlayer's error code: 0
[32;1m[Game] [0mChecking move validity...
[32;1m[Board] [0mInitializing board (size: 8)...
[32;1m[Board] [0m32 piece(s) on board.
[32;1m[Board] [0mLoading history file `championship/logic-and-proofs-chessgambit/history.csv`...
[32;1m[Board] [0mLoaded 7 move(s).
[32;1m[Board] [0mHistory replayed, 32 piece(s) on board.
[32;1m[Board] [0mLoading move file `championship/logic-and-proofs-chessgambit/move.csv`...
[32;1m[Board] [0mBlack player is playing b4 to c2.
[32;1m[Board] [0m[5;1mBlack Knight is taking White Pawn.[0m
[32;1m[Board] [0m
[32;1m[Board] [0m     a b c d e f g h
[32;1m[Board] [0m   -------------------
[32;1m[Board] [0m 8 ||[7;1m [0m|[30;1mr[0m|[30;1mb[0m|[30;1mQ[0m|[30;1mK[0m|[30;1mb[0m|[30;1mk[0m|[30;1mr[0m|| 8
[32;1m[Board] [0m   -------------------
[32;1m[Board] [0m 7 ||[30;1mp[0m|[30;1mp[0m|[30;1mp[0m|[30;1mp[0m|[30;1mp[0m|[30;1mp[0m|[30;1mp[0m|[30;1mp[0m|| 7
[32;1m[Board] [0m   -------------------
[32;1m[Board] [0m 6 ||[7;1m [0m| |[7;1m [0m| |[7;1m [0m| |[7;1m [0m| || 6
[32;1m[Board] [0m   -------------------
[32;1m[Board] [0m 5 || |[7;1m [0m| |[0;1mp[0m| |[7;1m [0m| |[7;1m [0m|| 5
[32;1m[Board] [0m   -------------------
[32;1m[Board] [0m 4 ||[7;1m [0m| |[7;1m [0m| |[0;1mp[0m| |[7;1m [0m| || 4
[32;1m[Board] [0m   -------------------
[32;1m[Board] [0m 3 || |[7;1m [0m| |[7;1m [0m| |[0;1mk[0m| |[7;1m [0m|| 3
[32;1m[Board] [0m   -------------------
[32;1m[Board] [0m 2 ||[0;1mp[0m|[0;1mp[0m|[30;1mk[0m| |[7;1m [0m|[0;1mp[0m|[0;1mp[0m|[0;1mp[0m|| 2
[32;1m[Board] [0m   -------------------
[32;1m[Board] [0m 1 ||[0;1mr[0m|[0;1mk[0m|[0;1mb[0m|[0;1mQ[0m|[0;1mK[0m|[0;1mb[0m| |[0;1mr[0m|| 1
[32;1m[Board] [0m   -------------------
[32;1m[Board] [0m     a b c d e f g h
[32;1m[Board] [0m
[32;1m[Referee] [0mThis is the turn of the White player...
[DEBUG] Input history filename: championship/logic-and-proofs-chessgambit/history.csv
[DEBUG] Output move file: championship/logic-and-proofs-chessgambit/move.csv
[Parser][ply=] 8
how i see the board before writing next move: Turn: White
Enpassant: xx	Castling: WK WQ BK x
   ---- ---- ---- ---- ---- ---- ---- ----
8 |    | r  | b  | q  | k  | b  | n  | r  |
   ---- ---- ---- ---- ---- ---- ---- ----
7 | p  | p  | p  | p  | p  | p  | p  | p  |
   ---- ---- ---- ---- ---- ---- ---- ----
6 |    |    |    |    |    |    |    |    |
   ---- ---- ---- ---- ---- ---- ---- ----
5 |    |    |    | P  |    |    |    |    |
   ---- ---- ---- ---- ---- ---- ---- ----
4 |    |    |    |    | P  |    |    |    |
   ---- ---- ---- ---- ---- ---- ---- ----
3 |    |    |    |    |    | N  |    |    |
   ---- ---- ---- ---- ---- ---- ---- ----
2 | P  | P  | n  |    |    | P  | P  | P  |
   ---- ---- ---- ---- ---- ---- ---- ----
1 | R  | N  | B  | Q  | K  | B  |    | R  |
   ---- ---- ---- ---- ---- ---- ---- ----
    a    b    c    d    e    f    g    h
starting search...
depth: 1 score: 451 time: 0 nodes: 40 hashfull: 0
depth: 2 score: 417 time: 0 nodes: 132 hashfull: 0
depth: 3 score: 451 time: 0 nodes: 1150 hashfull: 0
depth: 4 score: 452 time: 5 nodes: 3630 hashfull: 0
depth: 5 score: 452 time: 7 nodes: 9140 hashfull: 0
depth: 6 score: 449 time: 44 nodes: 37448 hashfull: 0
depth: 7 score: 441 time: 157 nodes: 142849 hashfull: 3
depth: 8 score: 435 time: 120 nodes: 285121 hashfull: 7
depth: 9 score: 435 time: 320 nodes: 650523 hashfull: 16
depth: 10 score: 435 time: 950 nodes: 2029459 hashfull: 51
depth: 11 score: 435 time: 2354 nodes: 5581668 hashfull: 146
[DEBUG] [Parser] Wrote to ouput file championship/logic-and-proofs-chessgambit/move.csv move : d1c2
[32;1m[Game] [0mPlayer's error code: 0
[32;1m[Game] [0mChecking move validity...
[32;1m[Board] [0mInitializing board (size: 8)...
[32;1m[Board] [0m32 piece(s) on board.
[32;1m[Board] [0mLoading history file `championship/logic-and-proofs-chessgambit/history.csv`...
[32;1m[Board] [0mLoaded 8 move(s).
[32;1m[Board] [0mHistory replayed, 31 piece(s) on board.
[32;1m[Board] [0mLoading move file `championship/logic-and-proofs-chessgambit/move.csv`...
[32;1m[Board] [0mWhite player is playing d1 to c2.
[32;1m[Board] [0m[5;1mWhite Queen is taking Black Knight.[0m
[32;1m[Board] [0m
[32;1m[Board] [0m     a b c d e f g h
[32;1m[Board] [0m   -------------------
[32;1m[Board] [0m 8 ||[7;1m [0m|[30;1mr[0m|[30;1mb[0m|[30;1mQ[0m|[30;1mK[0m|[30;1mb[0m|[30;1mk[0m|[30;1mr[0m|| 8
[32;1m[Board] [0m   -------------------
[32;1m[Board] [0m 7 ||[30;1mp[0m|[30;1mp[0m|[30;1mp[0m|[30;1mp[0m|[30;1mp[0m|[30;1mp[0m|[30;1mp[0m|[30;1mp[0m|| 7
[32;1m[Board] [0m   -------------------
[32;1m[Board] [0m 6 ||[7;1m [0m| |[7;1m [0m| |[7;1m [0m| |[7;1m [0m| || 6
[32;1m[Board] [0m   -------------------
[32;1m[Board] [0m 5 || |[7;1m [0m| |[0;1mp[0m| |[7;1m [0m| |[7;1m [0m|| 5
[32;1m[Board] [0m   -------------------
[32;1m[Board] [0m 4 ||[7;1m [0m| |[7;1m [0m| |[0;1mp[0m| |[7;1m [0m| || 4
[32;1m[Board] [0m   -------------------
[32;1m[Board] [0m 3 || |[7;1m [0m| |[7;1m [0m| |[0;1mk[0m| |[7;1m [0m|| 3
[32;1m[Board] [0m   -------------------
[32;1m[Board] [0m 2 ||[0;1mp[0m|[0;1mp[0m|[0;1mQ[0m| |[7;1m [0m|[0;1mp[0m|[0;1mp[0m|[0;1mp[0m|| 2
[32;1m[Board] [0m   -------------------
[32;1m[Board] [0m 1 ||[0;1mr[0m|[0;1mk[0m|[0;1mb[0m|[7;1m [0m|[0;1mK[0m|[0;1mb[0m| |[0;1mr[0m|| 1
[32;1m[Board] [0m   -------------------
[32;1m[Board] [0m     a b c d e f g h
[32;1m[Board] [0m
[32;1m[Referee] [0mThis is the turn of the Black player...
Inputed Board
Currently playing: Black

------------------------------Current Search Space--------------------------------------------
Possible moves for piece: p:
 p: (1,0)->(2,0) / a7a6
 p: (1,0)->(3,0) / a7a5
 p: (1,1)->(2,1) / b7b6
 p: (1,1)->(3,1) / b7b5
 p: (1,2)->(2,2) / c7c6
 p: (1,2)->(3,2) / c7c5
 p: (1,3)->(2,3) / d7d6
 p: (1,4)->(2,4) / e7e6
 p: (1,4)->(3,4) / e7e5
 p: (1,5)->(2,5) / f7f6
 p: (1,5)->(3,5) / f7f5
 p: (1,6)->(2,6) / g7g6
 p: (1,6)->(3,6) / g7g5
 p: (1,7)->(2,7) / h7h6
 p: (1,7)->(3,7) / h7h5
Possible moves for piece: r:
 r: (0,1)->(0,0) / b8a8
Possible moves for piece: n:
 n: (0,6)->(2,7) / g8h6
 n: (0,6)->(2,5) / g8f6

------------------------------Filtered Search Space--------------------------------------------
Possible moves for piece: p:
 p: (1,0)->(2,0) / a7a6
 p: (1,0)->(3,0) / a7a5
 p: (1,1)->(2,1) / b7b6
 p: (1,1)->(3,1) / b7b5
 p: (1,2)->(2,2) / c7c6
 p: (1,2)->(3,2) / c7c5
 p: (1,3)->(2,3) / d7d6
 p: (1,4)->(2,4) / e7e6
 p: (1,4)->(3,4) / e7e5
 p: (1,5)->(2,5) / f7f6
 p: (1,5)->(3,5) / f7f5
 p: (1,6)->(2,6) / g7g6
 p: (1,6)->(3,6) / g7g5
 p: (1,7)->(2,7) / h7h6
 p: (1,7)->(3,7) / h7h5
Possible moves for piece: r:
 r: (0,1)->(0,0) / b8a8
Possible moves for piece: n:
 n: (0,6)->(2,7) / g8h6
 n: (0,6)->(2,5) / g8f6

--------------------------------Info on Attacks---------------------------------------------------
Squares attacked by White pieces:
(1,2) (2,0) (2,2) (2,4) (2,7) (3,1) (3,2) (3,4) (3,5) (3,6) (4,0) (4,2) (4,3) (4,5) (4,7) (5,0) (5,1) (5,2) (5,3) (5,4) (5,6) (5,7) (6,3) (6,4) (7,3) (7,6) 

-------------------------------Squares controlled by the enemy------------------------------------
* * * * * * * * 
* * X * * * * * 
X * X * X * * X 
* X X * X X X * 
X * X X * X * X 
X X X X X * X X 
* * * X X * * * 
* * * X * * X * 

------------------------------Check Information---------------------------------------------------
Black King located at: (0,4)
Black King is safe, no check at this position.

------------------------------Special Move Information-------------------------------------------
No en passant allowed right now
------------------------------Castling Rights Information-------------------------------------------
White Kingside Castle:  AVAILABLE
White Queenside Castle: AVAILABLE
Black Kingside Castle:  AVAILABLE
Black Queenside Castle: NOT AVAILABLE
---------------------------------------------------------------------------------------------------

========== CAPTURE EXPLORATION ==========
========================================

========== CHECK EXPLORATION ==========
(no checks found)
======================================
--------------------------------------------------------------------------------------------------
Chosen Move: (1,2) --> (2,2)
 / c7c6

* r b q k b n r 
p p * p p p p p 
* * p * * * * * 
* * * P * * * * 
* * * * P * * * 
* * * * * N * * 
P P Q * * P P P 
R N B * K B * R 

[32;1m[Game] [0mPlayer's error code: 0
[32;1m[Game] [0mChecking move validity...
[32;1m[Board] [0mInitializing board (size: 8)...
[32;1m[Board] [0m32 piece(s) on board.
[32;1m[Board] [0mLoading history file `championship/logic-and-proofs-chessgambit/history.csv`...
[32;1m[Board] [0mLoaded 9 move(s).
[32;1m[Board] [0mHistory replayed, 30 piece(s) on board.
[32;1m[Board] [0mLoading move file `championship/logic-and-proofs-chessgambit/move.csv`...
[32;1m[Board] [0mBlack player is playing c7 to c6.
[32;1m[Board] [0m
[32;1m[Board] [0m     a b c d e f g h
[32;1m[Board] [0m   -------------------
[32;1m[Board] [0m 8 ||[7;1m [0m|[30;1mr[0m|[30;1mb[0m|[30;1mQ[0m|[30;1mK[0m|[30;1mb[0m|[30;1mk[0m|[30;1mr[0m|| 8
[32;1m[Board] [0m   -------------------
[32;1m[Board] [0m 7 ||[30;1mp[0m|[30;1mp[0m| |[30;1mp[0m|[30;1mp[0m|[30;1mp[0m|[30;1mp[0m|[30;1mp[0m|| 7
[32;1m[Board] [0m   -------------------
[32;1m[Board] [0m 6 ||[7;1m [0m| |[30;1mp[0m| |[7;1m [0m| |[7;1m [0m| || 6
[32;1m[Board] [0m   -------------------
[32;1m[Board] [0m 5 || |[7;1m [0m| |[0;1mp[0m| |[7;1m [0m| |[7;1m [0m|| 5
[32;1m[Board] [0m   -------------------
[32;1m[Board] [0m 4 ||[7;1m [0m| |[7;1m [0m| |[0;1mp[0m| |[7;1m [0m| || 4
[32;1m[Board] [0m   -------------------
[32;1m[Board] [0m 3 || |[7;1m [0m| |[7;1m [0m| |[0;1mk[0m| |[7;1m [0m|| 3
[32;1m[Board] [0m   -------------------
[32;1m[Board] [0m 2 ||[0;1mp[0m|[0;1mp[0m|[0;1mQ[0m| |[7;1m [0m|[0;1mp[0m|[0;1mp[0m|[0;1mp[0m|| 2
[32;1m[Board] [0m   -------------------
[32;1m[Board] [0m 1 ||[0;1mr[0m|[0;1mk[0m|[0;1mb[0m|[7;1m [0m|[0;1mK[0m|[0;1mb[0m| |[0;1mr[0m|| 1
[32;1m[Board] [0m   -------------------
[32;1m[Board] [0m     a b c d e f g h
[32;1m[Board] [0m
[32;1m[Referee] [0mThis is the turn of the White player...
[DEBUG] Input history filename: championship/logic-and-proofs-chessgambit/history.csv
[DEBUG] Output move file: championship/logic-and-proofs-chessgambit/move.csv
[Parser][ply=] 10
how i see the board before writing next move: Turn: White
Enpassant: xx	Castling: WK WQ BK x
   ---- ---- ---- ---- ---- ---- ---- ----
8 |    | r  | b  | q  | k  | b  | n  | r  |
   ---- ---- ---- ---- ---- ---- ---- ----
7 | p  | p  |    | p  | p  | p  | p  | p  |
   ---- ---- ---- ---- ---- ---- ---- ----
6 |    |    | p  |    |    |    |    |    |
   ---- ---- ---- ---- ---- ---- ---- ----
5 |    |    |    | P  |    |    |    |    |
   ---- ---- ---- ---- ---- ---- ---- ----
4 |    |    |    |    | P  |    |    |    |
   ---- ---- ---- ---- ---- ---- ---- ----
3 |    |    |    |    |    | N  |    |    |
   ---- ---- ---- ---- ---- ---- ---- ----
2 | P  | P  | Q  |    |    | P  | P  | P  |
   ---- ---- ---- ---- ---- ---- ---- ----
1 | R  | N  | B  |    | K  | B  |    | R  |
   ---- ---- ---- ---- ---- ---- ---- ----
    a    b    c    d    e    f    g    h
starting search...
depth: 1 score: 505 time: 0 nodes: 273 hashfull: 0
depth: 2 score: 486 time: 2 nodes: 2770 hashfull: 0
depth: 3 score: 486 time: 1 nodes: 4689 hashfull: 0
depth: 4 score: 513 time: 14 nodes: 23843 hashfull: 0
depth: 5 score: 513 time: 7 nodes: 33833 hashfull: 0
depth: 6 score: 501 time: 45 nodes: 100076 hashfull: 3
depth: 7 score: 501 time: 185 nodes: 279402 hashfull: 6
depth: 8 score: 509 time: 248 nodes: 638781 hashfull: 14
depth: 9 score: 510 time: 955 nodes: 2144185 hashfull: 70
depth: 10 score: 508 time: 2759 nodes: 6116227 hashfull: 135
[DEBUG] [Parser] Wrote to ouput file championship/logic-and-proofs-chessgambit/move.csv move : c1f4
[32;1m[Game] [0mPlayer's error code: 0
[32;1m[Game] [0mChecking move validity...
[32;1m[Board] [0mInitializing board (size: 8)...
[32;1m[Board] [0m32 piece(s) on board.
[32;1m[Board] [0mLoading history file `championship/logic-and-proofs-chessgambit/history.csv`...
[32;1m[Board] [0mLoaded 10 move(s).
[32;1m[Board] [0mHistory replayed, 30 piece(s) on board.
[32;1m[Board] [0mLoading move file `championship/logic-and-proofs-chessgambit/move.csv`...
[32;1m[Board] [0mWhite player is playing c1 to f4.
[32;1m[Board] [0m
[32;1m[Board] [0m     a b c d e f g h
[32;1m[Board] [0m   -------------------
[32;1m[Board] [0m 8 ||[7;1m [0m|[30;1mr[0m|[30;1mb[0m|[30;1mQ[0m|[30;1mK[0m|[30;1mb[0m|[30;1mk[0m|[30;1mr[0m|| 8
[32;1m[Board] [0m   -------------------
[32;1m[Board] [0m 7 ||[30;1mp[0m|[30;1mp[0m| |[30;1mp[0m|[30;1mp[0m|[30;1mp[0m|[30;1mp[0m|[30;1mp[0m|| 7
[32;1m[Board] [0m   -------------------
[32;1m[Board] [0m 6 ||[7;1m [0m| |[30;1mp[0m| |[7;1m [0m| |[7;1m [0m| || 6
[32;1m[Board] [0m   -------------------
[32;1m[Board] [0m 5 || |[7;1m [0m| |[0;1mp[0m| |[7;1m [0m| |[7;1m [0m|| 5
[32;1m[Board] [0m   -------------------
[32;1m[Board] [0m 4 ||[7;1m [0m| |[7;1m [0m| |[0;1mp[0m|[0;1mb[0m|[7;1m [0m| || 4
[32;1m[Board] [0m   -------------------
[32;1m[Board] [0m 3 || |[7;1m [0m| |[7;1m [0m| |[0;1mk[0m| |[7;1m [0m|| 3
[32;1m[Board] [0m   -------------------
[32;1m[Board] [0m 2 ||[0;1mp[0m|[0;1mp[0m|[0;1mQ[0m| |[7;1m [0m|[0;1mp[0m|[0;1mp[0m|[0;1mp[0m|| 2
[32;1m[Board] [0m   -------------------
[32;1m[Board] [0m 1 ||[0;1mr[0m|[0;1mk[0m| |[7;1m [0m|[0;1mK[0m|[0;1mb[0m| |[0;1mr[0m|| 1
[32;1m[Board] [0m   -------------------
[32;1m[Board] [0m     a b c d e f g h
[32;1m[Board] [0m
[32;1m[Referee] [0mThis is the turn of the Black player...
Inputed Board
Currently playing: Black

------------------------------Current Search Space--------------------------------------------
Possible moves for piece: p:
 p: (1,0)->(2,0) / a7a6
 p: (1,0)->(3,0) / a7a5
 p: (1,1)->(2,1) / b7b6
 p: (1,1)->(3,1) / b7b5
 p: (1,3)->(2,3) / d7d6
 p: (1,4)->(2,4) / e7e6
 p: (1,4)->(3,4) / e7e5
 p: (1,5)->(2,5) / f7f6
 p: (1,5)->(3,5) / f7f5
 p: (1,6)->(2,6) / g7g6
 p: (1,6)->(3,6) / g7g5
 p: (1,7)->(2,7) / h7h6
 p: (1,7)->(3,7) / h7h5
 p: (2,2)->(3,2) / c6c5
 p: (2,2)->(3,3) / c6d5
Possible moves for piece: r:
 r: (0,1)->(0,0) / b8a8
Possible moves for piece: n:
 n: (0,6)->(2,7) / g8h6
 n: (0,6)->(2,5) / g8f6
Possible moves for piece: q:
 q: (0,3)->(1,2) / d8c7
 q: (0,3)->(2,1) / d8b6
 q: (0,3)->(3,0) / d8a5

------------------------------Filtered Search Space--------------------------------------------
Possible moves for piece: p:
 p: (1,0)->(2,0) / a7a6
 p: (1,0)->(3,0) / a7a5
 p: (1,1)->(2,1) / b7b6
 p: (1,1)->(3,1) / b7b5
 p: (1,3)->(2,3) / d7d6
 p: (1,4)->(2,4) / e7e6
 p: (1,4)->(3,4) / e7e5
 p: (1,5)->(2,5) / f7f6
 p: (1,5)->(3,5) / f7f5
 p: (1,6)->(2,6) / g7g6
 p: (1,6)->(3,6) / g7g5
 p: (1,7)->(2,7) / h7h6
 p: (1,7)->(3,7) / h7h5
 p: (2,2)->(3,2) / c6c5
 p: (2,2)->(3,3) / c6d5
Possible moves for piece: r:
 r: (0,1)->(0,0) / b8a8
Possible moves for piece: n:
 n: (0,6)->(2,7) / g8h6
 n: (0,6)->(2,5) / g8f6
Possible moves for piece: q:
 q: (0,3)->(1,2) / d8c7
 q: (0,3)->(2,1) / d8b6
 q: (0,3)->(3,0) / d8a5

--------------------------------Info on Attacks---------------------------------------------------
Squares attacked by White pieces:
(0,1) (1,2) (2,0) (2,2) (2,3) (2,4) (2,7) (3,1) (3,2) (3,4) (3,5) (3,6) (4,0) (4,2) (4,3) (4,7) (5,0) (5,1) (5,2) (5,3) (5,4) (5,6) (5,7) (6,3) (6,4) (7,2) (7,3) (7,6) 

-------------------------------Squares controlled by the enemy------------------------------------
* X * * * * * * 
* * X * * * * * 
X * X X X * * X 
* X X * X X X * 
X * X X * * * X 
X X X X X * X X 
* * * X X * * * 
* * X X * * X * 

------------------------------Check Information---------------------------------------------------
Black King located at: (0,4)
Black King is safe, no check at this position.

------------------------------Special Move Information-------------------------------------------
No en passant allowed right now
------------------------------Castling Rights Information-------------------------------------------
White Kingside Castle:  AVAILABLE
White Queenside Castle: AVAILABLE
Black Kingside Castle:  AVAILABLE
Black Queenside Castle: NOT AVAILABLE
---------------------------------------------------------------------------------------------------

========== CAPTURE EXPLORATION ==========
[0] p x P | Potential loss: NO | Score: 100
========================================

========== CHECK EXPLORATION ==========
[0] Candidate: q -> (0,3) -> (3,0) | Checking move: q (0,3) -> (3,0)Checkmate: NO
======================================
--------------------------------------------------------------------------------------------------
Chosen Move: (2,2) --> (3,3)
 / c6d5

* r b q k b n r 
p p * p p p p p 
* * * * * * * * 
* * * p * * * * 
* * * * P B * * 
* * * * * N * * 
P P Q * * P P P 
R N * * K B * R 

Code timed out used determine move
[32;1m[Game] [0mPlayer's error code: 0
[32;1m[Game] [0mChecking move validity...
[32;1m[Board] [0mInitializing board (size: 8)...
[32;1m[Board] [0m32 piece(s) on board.
[32;1m[Board] [0mLoading history file `championship/logic-and-proofs-chessgambit/history.csv`...
[32;1m[Board] [0mLoaded 11 move(s).
[32;1m[Board] [0mHistory replayed, 30 piece(s) on board.
[32;1m[Board] [0mLoading move file `championship/logic-and-proofs-chessgambit/move.csv`...
[32;1m[Board] [0mBlack player is playing c6 to d5.
[32;1m[Board] [0m[5;1mBlack Pawn is taking White Pawn.[0m
[32;1m[Board] [0m
[32;1m[Board] [0m     a b c d e f g h
[32;1m[Board] [0m   -------------------
[32;1m[Board] [0m 8 ||[7;1m [0m|[30;1mr[0m|[30;1mb[0m|[30;1mQ[0m|[30;1mK[0m|[30;1mb[0m|[30;1mk[0m|[30;1mr[0m|| 8
[32;1m[Board] [0m   -------------------
[32;1m[Board] [0m 7 ||[30;1mp[0m|[30;1mp[0m| |[30;1mp[0m|[30;1mp[0m|[30;1mp[0m|[30;1mp[0m|[30;1mp[0m|| 7
[32;1m[Board] [0m   -------------------
[32;1m[Board] [0m 6 ||[7;1m [0m| |[7;1m [0m| |[7;1m [0m| |[7;1m [0m| || 6
[32;1m[Board] [0m   -------------------
[32;1m[Board] [0m 5 || |[7;1m [0m| |[30;1mp[0m| |[7;1m [0m| |[7;1m [0m|| 5
[32;1m[Board] [0m   -------------------
[32;1m[Board] [0m 4 ||[7;1m [0m| |[7;1m [0m| |[0;1mp[0m|[0;1mb[0m|[7;1m [0m| || 4
[32;1m[Board] [0m   -------------------
[32;1m[Board] [0m 3 || |[7;1m [0m| |[7;1m [0m| |[0;1mk[0m| |[7;1m [0m|| 3
[32;1m[Board] [0m   -------------------
[32;1m[Board] [0m 2 ||[0;1mp[0m|[0;1mp[0m|[0;1mQ[0m| |[7;1m [0m|[0;1mp[0m|[0;1mp[0m|[0;1mp[0m|| 2
[32;1m[Board] [0m   -------------------
[32;1m[Board] [0m 1 ||[0;1mr[0m|[0;1mk[0m| |[7;1m [0m|[0;1mK[0m|[0;1mb[0m| |[0;1mr[0m|| 1
[32;1m[Board] [0m   -------------------
[32;1m[Board] [0m     a b c d e f g h
[32;1m[Board] [0m
[32;1m[Referee] [0mThis is the turn of the White player...
[DEBUG] Input history filename: championship/logic-and-proofs-chessgambit/history.csv
[DEBUG] Output move file: championship/logic-and-proofs-chessgambit/move.csv
[Parser][ply=] 12
how i see the board before writing next move: Turn: White
Enpassant: xx	Castling: WK WQ BK x
   ---- ---- ---- ---- ---- ---- ---- ----
8 |    | r  | b  | q  | k  | b  | n  | r  |
   ---- ---- ---- ---- ---- ---- ---- ----
7 | p  | p  |    | p  | p  | p  | p  | p  |
   ---- ---- ---- ---- ---- ---- ---- ----
6 |    |    |    |    |    |    |    |    |
   ---- ---- ---- ---- ---- ---- ---- ----
5 |    |    |    | p  |    |    |    |    |
   ---- ---- ---- ---- ---- ---- ---- ----
4 |    |    |    |    | P  | B  |    |    |
   ---- ---- ---- ---- ---- ---- ---- ----
3 |    |    |    |    |    | N  |    |    |
   ---- ---- ---- ---- ---- ---- ---- ----
2 | P  | P  | Q  |    |    | P  | P  | P  |
   ---- ---- ---- ---- ---- ---- ---- ----
1 | R  | N  |    |    | K  | B  |    | R  |
   ---- ---- ---- ---- ---- ---- ---- ----
    a    b    c    d    e    f    g    h
starting search...
depth: 1 score: 759 time: 0 nodes: 128 hashfull: 0
depth: 2 score: 749 time: 0 nodes: 358 hashfull: 0
depth: 3 score: 792 time: 2 nodes: 3215 hashfull: 0
depth: 4 score: 792 time: 5 nodes: 10122 hashfull: 0
depth: 5 score: 818 time: 8 nodes: 21279 hashfull: 0
depth: 6 score: 823 time: 47 nodes: 86610 hashfull: 3
depth: 7 score: 856 time: 131 nodes: 267848 hashfull: 6
depth: 8 score: 858 time: 201 nodes: 563053 hashfull: 12
depth: 9 score: 879 time: 1140 nodes: 2337980 hashfull: 71
depth: 10 score: 865 time: 2667 nodes: 6122041 hashfull: 130
[DEBUG] [Parser] Wrote to ouput file championship/logic-and-proofs-chessgambit/move.csv move : f4c7
[32;1m[Game] [0mPlayer's error code: 0
[32;1m[Game] [0mChecking move validity...
[32;1m[Board] [0mInitializing board (size: 8)...
[32;1m[Board] [0m32 piece(s) on board.
[32;1m[Board] [0mLoading history file `championship/logic-and-proofs-chessgambit/history.csv`...
[32;1m[Board] [0mLoaded 12 move(s).
[32;1m[Board] [0mHistory replayed, 29 piece(s) on board.
[32;1m[Board] [0mLoading move file `championship/logic-and-proofs-chessgambit/move.csv`...
[32;1m[Board] [0mWhite player is playing f4 to c7.
[32;1m[Board] [0m
[32;1m[Board] [0m     a b c d e f g h
[32;1m[Board] [0m   -------------------
[32;1m[Board] [0m 8 ||[7;1m [0m|[30;1mr[0m|[30;1mb[0m|[30;1mQ[0m|[30;1mK[0m|[30;1mb[0m|[30;1mk[0m|[30;1mr[0m|| 8
[32;1m[Board] [0m   -------------------
[32;1m[Board] [0m 7 ||[30;1mp[0m|[30;1mp[0m|[0;1mb[0m|[30;1mp[0m|[30;1mp[0m|[30;1mp[0m|[30;1mp[0m|[30;1mp[0m|| 7
[32;1m[Board] [0m   -------------------
[32;1m[Board] [0m 6 ||[7;1m [0m| |[7;1m [0m| |[7;1m [0m| |[7;1m [0m| || 6
[32;1m[Board] [0m   -------------------
[32;1m[Board] [0m 5 || |[7;1m [0m| |[30;1mp[0m| |[7;1m [0m| |[7;1m [0m|| 5
[32;1m[Board] [0m   -------------------
[32;1m[Board] [0m 4 ||[7;1m [0m| |[7;1m [0m| |[0;1mp[0m| |[7;1m [0m| || 4
[32;1m[Board] [0m   -------------------
[32;1m[Board] [0m 3 || |[7;1m [0m| |[7;1m [0m| |[0;1mk[0m| |[7;1m [0m|| 3
[32;1m[Board] [0m   -------------------
[32;1m[Board] [0m 2 ||[0;1mp[0m|[0;1mp[0m|[0;1mQ[0m| |[7;1m [0m|[0;1mp[0m|[0;1mp[0m|[0;1mp[0m|| 2
[32;1m[Board] [0m   -------------------
[32;1m[Board] [0m 1 ||[0;1mr[0m|[0;1mk[0m| |[7;1m [0m|[0;1mK[0m|[0;1mb[0m| |[0;1mr[0m|| 1
[32;1m[Board] [0m   -------------------
[32;1m[Board] [0m     a b c d e f g h
[32;1m[Board] [0m
[32;1m[Referee] [0mThis is the turn of the Black player...
Inputed Board
Currently playing: Black

------------------------------Current Search Space--------------------------------------------
Possible moves for piece: p:
 p: (1,0)->(2,0) / a7a6
 p: (1,0)->(3,0) / a7a5
 p: (1,1)->(2,1) / b7b6
 p: (1,1)->(3,1) / b7b5
 p: (1,3)->(2,3) / d7d6
 p: (1,4)->(2,4) / e7e6
 p: (1,4)->(3,4) / e7e5
 p: (1,5)->(2,5) / f7f6
 p: (1,5)->(3,5) / f7f5
 p: (1,6)->(2,6) / g7g6
 p: (1,6)->(3,6) / g7g5
 p: (1,7)->(2,7) / h7h6
 p: (1,7)->(3,7) / h7h5
 p: (3,3)->(4,3) / d5d4
 p: (3,3)->(4,4) / d5e4
Possible moves for piece: r:
 r: (0,1)->(0,0) / b8a8
Possible moves for piece: n:
 n: (0,6)->(2,7) / g8h6
 n: (0,6)->(2,5) / g8f6
Possible moves for piece: q:
 q: (0,3)->(1,2) / d8c7

------------------------------Filtered Search Space--------------------------------------------
Possible moves for piece: p:
 p: (1,0)->(2,0) / a7a6
 p: (1,0)->(3,0) / a7a5
 p: (1,1)->(2,1) / b7b6
 p: (1,1)->(3,1) / b7b5
 p: (1,3)->(2,3) / d7d6
 p: (1,4)->(2,4) / e7e6
 p: (1,4)->(3,4) / e7e5
 p: (1,5)->(2,5) / f7f6
 p: (1,5)->(3,5) / f7f5
 p: (1,6)->(2,6) / g7g6
 p: (1,6)->(3,6) / g7g5
 p: (1,7)->(2,7) / h7h6
 p: (1,7)->(3,7) / h7h5
 p: (3,3)->(4,3) / d5d4
 p: (3,3)->(4,4) / d5e4
Possible moves for piece: r:
 r: (0,1)->(0,0) / b8a8
Possible moves for piece: n:
 n: (0,6)->(2,7) / g8h6
 n: (0,6)->(2,5) / g8f6
Possible moves for piece: q:
 q: (0,3)->(1,2) / d8c7

--------------------------------Info on Attacks---------------------------------------------------
Squares attacked by White pieces:
(0,1) (0,3) (2,0) (2,1) (2,2) (2,3) (3,0) (3,1) (3,2) (3,3) (3,4) (3,5) (3,6) (4,0) (4,2) (4,3) (4,5) (4,7) (5,0) (5,1) (5,2) (5,3) (5,4) (5,6) (5,7) (6,3) (6,4) (7,2) (7,3) (7,6) 

-------------------------------Squares controlled by the enemy------------------------------------
* X * X * * * * 
* * * * * * * * 
X X X X * * * * 
X X X X X X X * 
X * X X * X * X 
X X X X X * X X 
* * * X X * * * 
* * X X * * X * 

------------------------------Check Information---------------------------------------------------
Black King located at: (0,4)
Black King is safe, no check at this position.

------------------------------Special Move Information-------------------------------------------
No en passant allowed right now
------------------------------Castling Rights Information-------------------------------------------
White Kingside Castle:  AVAILABLE
White Queenside Castle: AVAILABLE
Black Kingside Castle:  AVAILABLE
Black Queenside Castle: NOT AVAILABLE
---------------------------------------------------------------------------------------------------

========== CAPTURE EXPLORATION ==========
[0] q x B | Potential loss: NO | Score: 330
[1] p x P | Potential loss: NO | Score: 100
========================================

========== CHECK EXPLORATION ==========
(no checks found)
======================================
--------------------------------------------------------------------------------------------------
Chosen Move: (3,3) --> (4,4)
 / d5e4

* r b q k b n r 
p p B p p p p p 
* * * * * * * * 
* * * * * * * * 
* * * * p * * * 
* * * * * N * * 
P P Q * * P P P 
R N * * K B * R 

[32;1m[Game] [0mPlayer's error code: 0
[32;1m[Game] [0mChecking move validity...
[32;1m[Board] [0mInitializing board (size: 8)...
[32;1m[Board] [0m32 piece(s) on board.
[32;1m[Board] [0mLoading history file `championship/logic-and-proofs-chessgambit/history.csv`...
[32;1m[Board] [0mLoaded 13 move(s).
[32;1m[Board] [0mHistory replayed, 29 piece(s) on board.
[32;1m[Board] [0mLoading move file `championship/logic-and-proofs-chessgambit/move.csv`...
[32;1m[Board] [0mBlack player is playing d5 to e4.
[32;1m[Board] [0m[5;1mBlack Pawn is taking White Pawn.[0m
[32;1m[Board] [0m
[32;1m[Board] [0m     a b c d e f g h
[32;1m[Board] [0m   -------------------
[32;1m[Board] [0m 8 ||[7;1m [0m|[30;1mr[0m|[30;1mb[0m|[30;1mQ[0m|[30;1mK[0m|[30;1mb[0m|[30;1mk[0m|[30;1mr[0m|| 8
[32;1m[Board] [0m   -------------------
[32;1m[Board] [0m 7 ||[30;1mp[0m|[30;1mp[0m|[0;1mb[0m|[30;1mp[0m|[30;1mp[0m|[30;1mp[0m|[30;1mp[0m|[30;1mp[0m|| 7
[32;1m[Board] [0m   -------------------
[32;1m[Board] [0m 6 ||[7;1m [0m| |[7;1m [0m| |[7;1m [0m| |[7;1m [0m| || 6
[32;1m[Board] [0m   -------------------
[32;1m[Board] [0m 5 || |[7;1m [0m| |[7;1m [0m| |[7;1m [0m| |[7;1m [0m|| 5
[32;1m[Board] [0m   -------------------
[32;1m[Board] [0m 4 ||[7;1m [0m| |[7;1m [0m| |[30;1mp[0m| |[7;1m [0m| || 4
[32;1m[Board] [0m   -------------------
[32;1m[Board] [0m 3 || |[7;1m [0m| |[7;1m [0m| |[0;1mk[0m| |[7;1m [0m|| 3
[32;1m[Board] [0m   -------------------
[32;1m[Board] [0m 2 ||[0;1mp[0m|[0;1mp[0m|[0;1mQ[0m| |[7;1m [0m|[0;1mp[0m|[0;1mp[0m|[0;1mp[0m|| 2
[32;1m[Board] [0m   -------------------
[32;1m[Board] [0m 1 ||[0;1mr[0m|[0;1mk[0m| |[7;1m [0m|[0;1mK[0m|[0;1mb[0m| |[0;1mr[0m|| 1
[32;1m[Board] [0m   -------------------
[32;1m[Board] [0m     a b c d e f g h
[32;1m[Board] [0m
[32;1m[Referee] [0mThis is the turn of the White player...
[DEBUG] Input history filename: championship/logic-and-proofs-chessgambit/history.csv
[DEBUG] Output move file: championship/logic-and-proofs-chessgambit/move.csv
[Parser][ply=] 14
how i see the board before writing next move: Turn: White
Enpassant: xx	Castling: WK WQ BK x
   ---- ---- ---- ---- ---- ---- ---- ----
8 |    | r  | b  | q  | k  | b  | n  | r  |
   ---- ---- ---- ---- ---- ---- ---- ----
7 | p  | p  | B  | p  | p  | p  | p  | p  |
   ---- ---- ---- ---- ---- ---- ---- ----
6 |    |    |    |    |    |    |    |    |
   ---- ---- ---- ---- ---- ---- ---- ----
5 |    |    |    |    |    |    |    |    |
   ---- ---- ---- ---- ---- ---- ---- ----
4 |    |    |    |    | p  |    |    |    |
   ---- ---- ---- ---- ---- ---- ---- ----
3 |    |    |    |    |    | N  |    |    |
   ---- ---- ---- ---- ---- ---- ---- ----
2 | P  | P  | Q  |    |    | P  | P  | P  |
   ---- ---- ---- ---- ---- ---- ---- ----
1 | R  | N  |    |    | K  | B  |    | R  |
   ---- ---- ---- ---- ---- ---- ---- ----
    a    b    c    d    e    f    g    h
starting search...
depth: 1 score: 792 time: 0 nodes: 154 hashfull: 0
depth: 2 score: 792 time: 0 nodes: 394 hashfull: 0
depth: 3 score: 818 time: 3 nodes: 3359 hashfull: 0
depth: 4 score: 823 time: 7 nodes: 9910 hashfull: 0
depth: 5 score: 856 time: 11 nodes: 20705 hashfull: 0
depth: 6 score: 858 time: 67 nodes: 92122 hashfull: 3
depth: 7 score: 887 time: 181 nodes: 266217 hashfull: 7
depth: 8 score: 865 time: 315 nodes: 583176 hashfull: 14
depth: 9 score: 899 time: 1374 nodes: 2113001 hashfull: 67
depth: 10 score: 895 time: 3128 nodes: 5282853 hashfull: 123
depth: 11 score: 904 time: 4081 nodes: 11650993 hashfull: 235
[DEBUG] [Parser] Wrote to ouput file championship/logic-and-proofs-chessgambit/move.csv move : c7d8
[32;1m[Game] [0mPlayer's error code: 0
[32;1m[Game] [0mChecking move validity...
[32;1m[Board] [0mInitializing board (size: 8)...
[32;1m[Board] [0m32 piece(s) on board.
[32;1m[Board] [0mLoading history file `championship/logic-and-proofs-chessgambit/history.csv`...
[32;1m[Board] [0mLoaded 14 move(s).
[32;1m[Board] [0mHistory replayed, 28 piece(s) on board.
[32;1m[Board] [0mLoading move file `championship/logic-and-proofs-chessgambit/move.csv`...
[32;1m[Board] [0mWhite player is playing c7 to d8.
[32;1m[Board] [0m[5;1mWhite Bishop is taking Black Queen.[0m
[32;1m[Board] [0m
[32;1m[Board] [0m     a b c d e f g h
[32;1m[Board] [0m   -------------------
[32;1m[Board] [0m 8 ||[7;1m [0m|[30;1mr[0m|[30;1mb[0m|[0;1mb[0m|[30;1mK[0m|[30;1mb[0m|[30;1mk[0m|[30;1mr[0m|| 8
[32;1m[Board] [0m   -------------------
[32;1m[Board] [0m 7 ||[30;1mp[0m|[30;1mp[0m| |[30;1mp[0m|[30;1mp[0m|[30;1mp[0m|[30;1mp[0m|[30;1mp[0m|| 7
[32;1m[Board] [0m   -------------------
[32;1m[Board] [0m 6 ||[7;1m [0m| |[7;1m [0m| |[7;1m [0m| |[7;1m [0m| || 6
[32;1m[Board] [0m   -------------------
[32;1m[Board] [0m 5 || |[7;1m [0m| |[7;1m [0m| |[7;1m [0m| |[7;1m [0m|| 5
[32;1m[Board] [0m   -------------------
[32;1m[Board] [0m 4 ||[7;1m [0m| |[7;1m [0m| |[30;1mp[0m| |[7;1m [0m| || 4
[32;1m[Board] [0m   -------------------
[32;1m[Board] [0m 3 || |[7;1m [0m| |[7;1m [0m| |[0;1mk[0m| |[7;1m [0m|| 3
[32;1m[Board] [0m   -------------------
[32;1m[Board] [0m 2 ||[0;1mp[0m|[0;1mp[0m|[0;1mQ[0m| |[7;1m [0m|[0;1mp[0m|[0;1mp[0m|[0;1mp[0m|| 2
[32;1m[Board] [0m   -------------------
[32;1m[Board] [0m 1 ||[0;1mr[0m|[0;1mk[0m| |[7;1m [0m|[0;1mK[0m|[0;1mb[0m| |[0;1mr[0m|| 1
[32;1m[Board] [0m   -------------------
[32;1m[Board] [0m     a b c d e f g h
[32;1m[Board] [0m
[32;1m[Referee] [0mThis is the turn of the Black player...
Inputed Board
Currently playing: Black

------------------------------Current Search Space--------------------------------------------
Possible moves for piece: p:
 p: (1,0)->(2,0) / a7a6
 p: (1,0)->(3,0) / a7a5
 p: (1,1)->(2,1) / b7b6
 p: (1,1)->(3,1) / b7b5
 p: (1,3)->(2,3) / d7d6
 p: (1,3)->(3,3) / d7d5
 p: (1,4)->(2,4) / e7e6
 p: (1,4)->(3,4) / e7e5
 p: (1,5)->(2,5) / f7f6
 p: (1,5)->(3,5) / f7f5
 p: (1,6)->(2,6) / g7g6
 p: (1,6)->(3,6) / g7g5
 p: (1,7)->(2,7) / h7h6
 p: (1,7)->(3,7) / h7h5
 p: (4,4)->(5,4) / e4e3
 p: (4,4)->(5,5) / e4f3
Possible moves for piece: r:
 r: (0,1)->(0,0) / b8a8
Possible moves for piece: n:
 n: (0,6)->(2,7) / g8h6
 n: (0,6)->(2,5) / g8f6
Possible moves for piece: k:
 k: (0,4)->(0,3) / e8d8

------------------------------Filtered Search Space--------------------------------------------
Possible moves for piece: p:
 p: (1,0)->(2,0) / a7a6
 p: (1,0)->(3,0) / a7a5
 p: (1,1)->(2,1) / b7b6
 p: (1,1)->(3,1) / b7b5
 p: (1,3)->(2,3) / d7d6
 p: (1,3)->(3,3) / d7d5
 p: (1,4)->(2,4) / e7e6
 p: (1,4)->(3,4) / e7e5
 p: (1,5)->(2,5) / f7f6
 p: (1,5)->(3,5) / f7f5
 p: (1,6)->(2,6) / g7g6
 p: (1,6)->(3,6) / g7g5
 p: (1,7)->(2,7) / h7h6
 p: (1,7)->(3,7) / h7h5
 p: (4,4)->(5,4) / e4e3
 p: (4,4)->(5,5) / e4f3
Possible moves for piece: r:
 r: (0,1)->(0,0) / b8a8
Possible moves for piece: n:
 n: (0,6)->(2,7) / g8h6
 n: (0,6)->(2,5) / g8f6
Possible moves for piece: k:
 k: (0,4)->(0,3) / e8d8

--------------------------------Info on Attacks---------------------------------------------------
Squares attacked by White pieces:
(0,2) (1,2) (1,4) (2,0) (2,1) (2,2) (3,0) (3,1) (3,2) (3,4) (3,6) (4,0) (4,2) (4,3) (4,4) (4,7) (5,0) (5,1) (5,2) (5,3) (5,4) (5,6) (5,7) (6,3) (6,4) (7,2) (7,3) (7,6) 

-------------------------------Squares controlled by the enemy------------------------------------
* * X * * * * * 
* * X * X * * * 
X X X * * * * * 
X X X * X * X * 
X * X X X * * X 
X X X X X * X X 
* * * X X * * * 
* * X X * * X * 

------------------------------Check Information---------------------------------------------------
Black King located at: (0,4)
Black King is safe, no check at this position.

------------------------------Special Move Information-------------------------------------------
No en passant allowed right now
------------------------------Castling Rights Information-------------------------------------------
White Kingside Castle:  AVAILABLE
White Queenside Castle: AVAILABLE
Black Kingside Castle:  AVAILABLE
Black Queenside Castle: NOT AVAILABLE
---------------------------------------------------------------------------------------------------

========== CAPTURE EXPLORATION ==========
[0] k x B | Potential loss: NO | Score: 330
[1] p x N | Potential loss: NO | Score: 320
========================================

========== CHECK EXPLORATION ==========
(no checks found)
======================================
--------------------------------------------------------------------------------------------------
Chosen Move: (4,4) --> (5,5)
 / e4f3

* r b B k b n r 
p p * p p p p p 
* * * * * * * * 
* * * * * * * * 
* * * * * * * * 
* * * * * p * * 
P P Q * * P P P 
R N * * K B * R 

[32;1m[Game] [0mPlayer's error code: 0
[32;1m[Game] [0mChecking move validity...
[32;1m[Board] [0mInitializing board (size: 8)...
[32;1m[Board] [0m32 piece(s) on board.
[32;1m[Board] [0mLoading history file `championship/logic-and-proofs-chessgambit/history.csv`...
[32;1m[Board] [0mLoaded 15 move(s).
[32;1m[Board] [0mHistory replayed, 27 piece(s) on board.
[32;1m[Board] [0mLoading move file `championship/logic-and-proofs-chessgambit/move.csv`...
[32;1m[Board] [0mBlack player is playing e4 to f3.
[32;1m[Board] [0m[5;1mBlack Pawn is taking White Knight.[0m
[32;1m[Board] [0m
[32;1m[Board] [0m     a b c d e f g h
[32;1m[Board] [0m   -------------------
[32;1m[Board] [0m 8 ||[7;1m [0m|[30;1mr[0m|[30;1mb[0m|[0;1mb[0m|[30;1mK[0m|[30;1mb[0m|[30;1mk[0m|[30;1mr[0m|| 8
[32;1m[Board] [0m   -------------------
[32;1m[Board] [0m 7 ||[30;1mp[0m|[30;1mp[0m| |[30;1mp[0m|[30;1mp[0m|[30;1mp[0m|[30;1mp[0m|[30;1mp[0m|| 7
[32;1m[Board] [0m   -------------------
[32;1m[Board] [0m 6 ||[7;1m [0m| |[7;1m [0m| |[7;1m [0m| |[7;1m [0m| || 6
[32;1m[Board] [0m   -------------------
[32;1m[Board] [0m 5 || |[7;1m [0m| |[7;1m [0m| |[7;1m [0m| |[7;1m [0m|| 5
[32;1m[Board] [0m   -------------------
[32;1m[Board] [0m 4 ||[7;1m [0m| |[7;1m [0m| |[7;1m [0m| |[7;1m [0m| || 4
[32;1m[Board] [0m   -------------------
[32;1m[Board] [0m 3 || |[7;1m [0m| |[7;1m [0m| |[30;1mp[0m| |[7;1m [0m|| 3
[32;1m[Board] [0m   -------------------
[32;1m[Board] [0m 2 ||[0;1mp[0m|[0;1mp[0m|[0;1mQ[0m| |[7;1m [0m|[0;1mp[0m|[0;1mp[0m|[0;1mp[0m|| 2
[32;1m[Board] [0m   -------------------
[32;1m[Board] [0m 1 ||[0;1mr[0m|[0;1mk[0m| |[7;1m [0m|[0;1mK[0m|[0;1mb[0m| |[0;1mr[0m|| 1
[32;1m[Board] [0m   -------------------
[32;1m[Board] [0m     a b c d e f g h
[32;1m[Board] [0m
[32;1m[Referee] [0mThis is the turn of the White player...
[DEBUG] Input history filename: championship/logic-and-proofs-chessgambit/history.csv
[DEBUG] Output move file: championship/logic-and-proofs-chessgambit/move.csv
[Parser][ply=] 16
how i see the board before writing next move: Turn: White
Enpassant: xx	Castling: WK WQ BK x
   ---- ---- ---- ---- ---- ---- ---- ----
8 |    | r  | b  | B  | k  | b  | n  | r  |
   ---- ---- ---- ---- ---- ---- ---- ----
7 | p  | p  |    | p  | p  | p  | p  | p  |
   ---- ---- ---- ---- ---- ---- ---- ----
6 |    |    |    |    |    |    |    |    |
   ---- ---- ---- ---- ---- ---- ---- ----
5 |    |    |    |    |    |    |    |    |
   ---- ---- ---- ---- ---- ---- ---- ----
4 |    |    |    |    |    |    |    |    |
   ---- ---- ---- ---- ---- ---- ---- ----
3 |    |    |    |    |    | p  |    |    |
   ---- ---- ---- ---- ---- ---- ---- ----
2 | P  | P  | Q  |    |    | P  | P  | P  |
   ---- ---- ---- ---- ---- ---- ---- ----
1 | R  | N  |    |    | K  | B  |    | R  |
   ---- ---- ---- ---- ---- ---- ---- ----
    a    b    c    d    e    f    g    h
starting search...
depth: 1 score: 818 time: 0 nodes: 633 hashfull: 0
depth: 2 score: 823 time: 0 nodes: 1088 hashfull: 0
depth: 3 score: 856 time: 2 nodes: 4071 hashfull: 0
depth: 4 score: 893 time: 3 nodes: 8726 hashfull: 0
depth: 5 score: 897 time: 6 nodes: 17318 hashfull: 0
depth: 6 score: 893 time: 28 nodes: 61332 hashfull: 2
depth: 7 score: 897 time: 79 nodes: 172000 hashfull: 4
depth: 8 score: 919 time: 162 nodes: 411408 hashfull: 11
depth: 9 score: 924 time: 575 nodes: 1308714 hashfull: 44
depth: 10 score: 918 time: 1794 nodes: 3712136 hashfull: 85
depth: 11 score: 919 time: 2755 nodes: 7888705 hashfull: 173
[DEBUG] [Parser] Wrote to ouput file championship/logic-and-proofs-chessgambit/move.csv move : d8c7
[32;1m[Game] [0mPlayer's error code: 0
[32;1m[Game] [0mChecking move validity...
[32;1m[Board] [0mInitializing board (size: 8)...
[32;1m[Board] [0m32 piece(s) on board.
[32;1m[Board] [0mLoading history file `championship/logic-and-proofs-chessgambit/history.csv`...
[32;1m[Board] [0mLoaded 16 move(s).
[32;1m[Board] [0mHistory replayed, 26 piece(s) on board.
[32;1m[Board] [0mLoading move file `championship/logic-and-proofs-chessgambit/move.csv`...
[32;1m[Board] [0mWhite player is playing d8 to c7.
[32;1m[Board] [0m
[32;1m[Board] [0m     a b c d e f g h
[32;1m[Board] [0m   -------------------
[32;1m[Board] [0m 8 ||[7;1m [0m|[30;1mr[0m|[30;1mb[0m| |[30;1mK[0m|[30;1mb[0m|[30;1mk[0m|[30;1mr[0m|| 8
[32;1m[Board] [0m   -------------------
[32;1m[Board] [0m 7 ||[30;1mp[0m|[30;1mp[0m|[0;1mb[0m|[30;1mp[0m|[30;1mp[0m|[30;1mp[0m|[30;1mp[0m|[30;1mp[0m|| 7
[32;1m[Board] [0m   -------------------
[32;1m[Board] [0m 6 ||[7;1m [0m| |[7;1m [0m| |[7;1m [0m| |[7;1m [0m| || 6
[32;1m[Board] [0m   -------------------
[32;1m[Board] [0m 5 || |[7;1m [0m| |[7;1m [0m| |[7;1m [0m| |[7;1m [0m|| 5
[32;1m[Board] [0m   -------------------
[32;1m[Board] [0m 4 ||[7;1m [0m| |[7;1m [0m| |[7;1m [0m| |[7;1m [0m| || 4
[32;1m[Board] [0m   -------------------
[32;1m[Board] [0m 3 || |[7;1m [0m| |[7;1m [0m| |[30;1mp[0m| |[7;1m [0m|| 3
[32;1m[Board] [0m   -------------------
[32;1m[Board] [0m 2 ||[0;1mp[0m|[0;1mp[0m|[0;1mQ[0m| |[7;1m [0m|[0;1mp[0m|[0;1mp[0m|[0;1mp[0m|| 2
[32;1m[Board] [0m   -------------------
[32;1m[Board] [0m 1 ||[0;1mr[0m|[0;1mk[0m| |[7;1m [0m|[0;1mK[0m|[0;1mb[0m| |[0;1mr[0m|| 1
[32;1m[Board] [0m   -------------------
[32;1m[Board] [0m     a b c d e f g h
[32;1m[Board] [0m
[32;1m[Referee] [0mThis is the turn of the Black player...
Inputed Board
Currently playing: Black

------------------------------Current Search Space--------------------------------------------
Possible moves for piece: p:
 p: (1,0)->(2,0) / a7a6
 p: (1,0)->(3,0) / a7a5
 p: (1,1)->(2,1) / b7b6
 p: (1,1)->(3,1) / b7b5
 p: (1,3)->(2,3) / d7d6
 p: (1,3)->(3,3) / d7d5
 p: (1,4)->(2,4) / e7e6
 p: (1,4)->(3,4) / e7e5
 p: (1,5)->(2,5) / f7f6
 p: (1,5)->(3,5) / f7f5
 p: (1,6)->(2,6) / g7g6
 p: (1,6)->(3,6) / g7g5
 p: (1,7)->(2,7) / h7h6
 p: (1,7)->(3,7) / h7h5
 p: (5,5)->(6,6) / f3g2
Possible moves for piece: r:
 r: (0,1)->(0,0) / b8a8
Possible moves for piece: n:
 n: (0,6)->(2,7) / g8h6
 n: (0,6)->(2,5) / g8f6
Possible moves for piece: k:
 k: (0,4)->(0,3) / e8d8

------------------------------Filtered Search Space--------------------------------------------
Possible moves for piece: p:
 p: (1,0)->(2,0) / a7a6
 p: (1,0)->(3,0) / a7a5
 p: (1,1)->(2,1) / b7b6
 p: (1,1)->(3,1) / b7b5
 p: (1,3)->(2,3) / d7d6
 p: (1,3)->(3,3) / d7d5
 p: (1,4)->(2,4) / e7e6
 p: (1,4)->(3,4) / e7e5
 p: (1,5)->(2,5) / f7f6
 p: (1,5)->(3,5) / f7f5
 p: (1,6)->(2,6) / g7g6
 p: (1,6)->(3,6) / g7g5
 p: (1,7)->(2,7) / h7h6
 p: (1,7)->(3,7) / h7h5
 p: (5,5)->(6,6) / f3g2
Possible moves for piece: r:
 r: (0,1)->(0,0) / b8a8
Possible moves for piece: n:
 n: (0,6)->(2,7) / g8h6
 n: (0,6)->(2,5) / g8f6

--------------------------------Info on Attacks---------------------------------------------------
Squares attacked by White pieces:
(0,1) (0,3) (1,7) (2,0) (2,1) (2,2) (2,3) (2,6) (3,0) (3,1) (3,2) (3,4) (3,5) (4,0) (4,2) (4,4) (4,5) (5,0) (5,1) (5,2) (5,3) (5,4) (5,5) (5,6) (5,7) (6,3) (6,4) (7,2) (7,3) (7,6) 

-------------------------------Squares controlled by the enemy------------------------------------
* X * X * * * * 
* * * * * * * X 
X X X X * * X * 
X X X * X X * * 
X * X * X X * * 
X X X X X X X X 
* * * X X * * * 
* * X X * * X * 

------------------------------Check Information---------------------------------------------------
Black King located at: (0,4)
Black King is safe, no check at this position.

------------------------------Special Move Information-------------------------------------------
No en passant allowed right now
------------------------------Castling Rights Information-------------------------------------------
White Kingside Castle:  AVAILABLE
White Queenside Castle: AVAILABLE
Black Kingside Castle:  AVAILABLE
Black Queenside Castle: NOT AVAILABLE
---------------------------------------------------------------------------------------------------

========== CAPTURE EXPLORATION ==========
[0] p x P | Potential loss: NO | Score: 100
========================================

========== CHECK EXPLORATION ==========
(no checks found)
======================================
--------------------------------------------------------------------------------------------------
Chosen Move: (5,5) --> (6,6)
 / f3g2

* r b * k b n r 
p p B p p p p p 
* * * * * * * * 
* * * * * * * * 
* * * * * * * * 
* * * * * * * * 
P P Q * * P p P 
R N * * K B * R 

[32;1m[Game] [0mPlayer's error code: 0
[32;1m[Game] [0mChecking move validity...
[32;1m[Board] [0mInitializing board (size: 8)...
[32;1m[Board] [0m32 piece(s) on board.
[32;1m[Board] [0mLoading history file `championship/logic-and-proofs-chessgambit/history.csv`...
[32;1m[Board] [0mLoaded 17 move(s).
[32;1m[Board] [0mHistory replayed, 26 piece(s) on board.
[32;1m[Board] [0mLoading move file `championship/logic-and-proofs-chessgambit/move.csv`...
[32;1m[Board] [0mBlack player is playing f3 to g2.
[32;1m[Board] [0m[5;1mBlack Pawn is taking White Pawn.[0m
[32;1m[Board] [0m
[32;1m[Board] [0m     a b c d e f g h
[32;1m[Board] [0m   -------------------
[32;1m[Board] [0m 8 ||[7;1m [0m|[30;1mr[0m|[30;1mb[0m| |[30;1mK[0m|[30;1mb[0m|[30;1mk[0m|[30;1mr[0m|| 8
[32;1m[Board] [0m   -------------------
[32;1m[Board] [0m 7 ||[30;1mp[0m|[30;1mp[0m|[0;1mb[0m|[30;1mp[0m|[30;1mp[0m|[30;1mp[0m|[30;1mp[0m|[30;1mp[0m|| 7
[32;1m[Board] [0m   -------------------
[32;1m[Board] [0m 6 ||[7;1m [0m| |[7;1m [0m| |[7;1m [0m| |[7;1m [0m| || 6
[32;1m[Board] [0m   -------------------
[32;1m[Board] [0m 5 || |[7;1m [0m| |[7;1m [0m| |[7;1m [0m| |[7;1m [0m|| 5
[32;1m[Board] [0m   -------------------
[32;1m[Board] [0m 4 ||[7;1m [0m| |[7;1m [0m| |[7;1m [0m| |[7;1m [0m| || 4
[32;1m[Board] [0m   -------------------
[32;1m[Board] [0m 3 || |[7;1m [0m| |[7;1m [0m| |[7;1m [0m| |[7;1m [0m|| 3
[32;1m[Board] [0m   -------------------
[32;1m[Board] [0m 2 ||[0;1mp[0m|[0;1mp[0m|[0;1mQ[0m| |[7;1m [0m|[0;1mp[0m|[30;1mp[0m|[0;1mp[0m|| 2
[32;1m[Board] [0m   -------------------
[32;1m[Board] [0m 1 ||[0;1mr[0m|[0;1mk[0m| |[7;1m [0m|[0;1mK[0m|[0;1mb[0m| |[0;1mr[0m|| 1
[32;1m[Board] [0m   -------------------
[32;1m[Board] [0m     a b c d e f g h
[32;1m[Board] [0m
[32;1m[Referee] [0mThis is the turn of the White player...
[DEBUG] Input history filename: championship/logic-and-proofs-chessgambit/history.csv
[DEBUG] Output move file: championship/logic-and-proofs-chessgambit/move.csv
[Parser][ply=] 18
how i see the board before writing next move: Turn: White
Enpassant: xx	Castling: WK WQ BK x
   ---- ---- ---- ---- ---- ---- ---- ----
8 |    | r  | b  |    | k  | b  | n  | r  |
   ---- ---- ---- ---- ---- ---- ---- ----
7 | p  | p  | B  | p  | p  | p  | p  | p  |
   ---- ---- ---- ---- ---- ---- ---- ----
6 |    |    |    |    |    |    |    |    |
   ---- ---- ---- ---- ---- ---- ---- ----
5 |    |    |    |    |    |    |    |    |
   ---- ---- ---- ---- ---- ---- ---- ----
4 |    |    |    |    |    |    |    |    |
   ---- ---- ---- ---- ---- ---- ---- ----
3 |    |    |    |    |    |    |    |    |
   ---- ---- ---- ---- ---- ---- ---- ----
2 | P  | P  | Q  |    |    | P  | p  | P  |
   ---- ---- ---- ---- ---- ---- ---- ----
1 | R  | N  |    |    | K  | B  |    | R  |
   ---- ---- ---- ---- ---- ---- ---- ----
    a    b    c    d    e    f    g    h
starting search...
depth: 1 score: 856 time: 0 nodes: 118 hashfull: 0
depth: 2 score: 893 time: 0 nodes: 354 hashfull: 0
depth: 3 score: 897 time: 1 nodes: 2283 hashfull: 0
depth: 4 score: 893 time: 4 nodes: 9185 hashfull: 0
depth: 5 score: 897 time: 7 nodes: 19659 hashfull: 0
depth: 6 score: 945 time: 35 nodes: 77290 hashfull: 2
depth: 7 score: 1278 time: 78 nodes: 192627 hashfull: 4
depth: 8 score: 1329 time: 125 nodes: 386740 hashfull: 7
depth: 9 score: 1358 time: 452 nodes: 1157966 hashfull: 37
depth: 10 score: 1339 time: 1031 nodes: 2690718 hashfull: 61
depth: 11 score: 1360 time: 1894 nodes: 5561304 hashfull: 124
[DEBUG] [Parser] Wrote to ouput file championship/logic-and-proofs-chessgambit/move.csv move : c7b8
[32;1m[Game] [0mPlayer's error code: 0
[32;1m[Game] [0mChecking move validity...
[32;1m[Board] [0mInitializing board (size: 8)...
[32;1m[Board] [0m32 piece(s) on board.
[32;1m[Board] [0mLoading history file `championship/logic-and-proofs-chessgambit/history.csv`...
[32;1m[Board] [0mLoaded 18 move(s).
[32;1m[Board] [0mHistory replayed, 25 piece(s) on board.
[32;1m[Board] [0mLoading move file `championship/logic-and-proofs-chessgambit/move.csv`...
[32;1m[Board] [0mWhite player is playing c7 to b8.
[32;1m[Board] [0m[5;1mWhite Bishop is taking Black Rook.[0m
[32;1m[Board] [0m
[32;1m[Board] [0m     a b c d e f g h
[32;1m[Board] [0m   -------------------
[32;1m[Board] [0m 8 ||[7;1m [0m|[0;1mb[0m|[30;1mb[0m| |[30;1mK[0m|[30;1mb[0m|[30;1mk[0m|[30;1mr[0m|| 8
[32;1m[Board] [0m   -------------------
[32;1m[Board] [0m 7 ||[30;1mp[0m|[30;1mp[0m| |[30;1mp[0m|[30;1mp[0m|[30;1mp[0m|[30;1mp[0m|[30;1mp[0m|| 7
[32;1m[Board] [0m   -------------------
[32;1m[Board] [0m 6 ||[7;1m [0m| |[7;1m [0m| |[7;1m [0m| |[7;1m [0m| || 6
[32;1m[Board] [0m   -------------------
[32;1m[Board] [0m 5 || |[7;1m [0m| |[7;1m [0m| |[7;1m [0m| |[7;1m [0m|| 5
[32;1m[Board] [0m   -------------------
[32;1m[Board] [0m 4 ||[7;1m [0m| |[7;1m [0m| |[7;1m [0m| |[7;1m [0m| || 4
[32;1m[Board] [0m   -------------------
[32;1m[Board] [0m 3 || |[7;1m [0m| |[7;1m [0m| |[7;1m [0m| |[7;1m [0m|| 3
[32;1m[Board] [0m   -------------------
[32;1m[Board] [0m 2 ||[0;1mp[0m|[0;1mp[0m|[0;1mQ[0m| |[7;1m [0m|[0;1mp[0m|[30;1mp[0m|[0;1mp[0m|| 2
[32;1m[Board] [0m   -------------------
[32;1m[Board] [0m 1 ||[0;1mr[0m|[0;1mk[0m| |[7;1m [0m|[0;1mK[0m|[0;1mb[0m| |[0;1mr[0m|| 1
[32;1m[Board] [0m   -------------------
[32;1m[Board] [0m     a b c d e f g h
[32;1m[Board] [0m
[32;1m[Referee] [0mThis is the turn of the Black player...
Inputed Board
Currently playing: Black

------------------------------Current Search Space--------------------------------------------
Possible moves for piece: p:
 p: (1,0)->(2,0) / a7a6
 p: (1,0)->(3,0) / a7a5
 p: (1,1)->(2,1) / b7b6
 p: (1,1)->(3,1) / b7b5
 p: (1,3)->(2,3) / d7d6
 p: (1,3)->(3,3) / d7d5
 p: (1,4)->(2,4) / e7e6
 p: (1,4)->(3,4) / e7e5
 p: (1,5)->(2,5) / f7f6
 p: (1,5)->(3,5) / f7f5
 p: (1,6)->(2,6) / g7g6
 p: (1,6)->(3,6) / g7g5
 p: (1,7)->(2,7) / h7h6
 p: (1,7)->(3,7) / h7h5
 p: (6,6)->(7,6) / g2g1
 p: (6,6)->(7,6) / g2g1
 p: (6,6)->(7,6) / g2g1
 p: (6,6)->(7,6) / g2g1
 p: (6,6)->(7,5) / g2f1
 p: (6,6)->(7,5) / g2f1
 p: (6,6)->(7,5) / g2f1
 p: (6,6)->(7,5) / g2f1
 p: (6,6)->(7,7) / g2h1
 p: (6,6)->(7,7) / g2h1
 p: (6,6)->(7,7) / g2h1
 p: (6,6)->(7,7) / g2h1
Possible moves for piece: n:
 n: (0,6)->(2,7) / g8h6
 n: (0,6)->(2,5) / g8f6
Possible moves for piece: k:
 k: (0,4)->(0,3) / e8d8

------------------------------Filtered Search Space--------------------------------------------
Possible moves for piece: p:
 p: (1,0)->(2,0) / a7a6
 p: (1,0)->(3,0) / a7a5
 p: (1,1)->(2,1) / b7b6
 p: (1,1)->(3,1) / b7b5
 p: (1,3)->(2,3) / d7d6
 p: (1,3)->(3,3) / d7d5
 p: (1,4)->(2,4) / e7e6
 p: (1,4)->(3,4) / e7e5
 p: (1,5)->(2,5) / f7f6
 p: (1,5)->(3,5) / f7f5
 p: (1,6)->(2,6) / g7g6
 p: (1,6)->(3,6) / g7g5
 p: (1,7)->(2,7) / h7h6
 p: (1,7)->(3,7) / h7h5
 p: (6,6)->(7,6) / g2g1
 p: (6,6)->(7,6) / g2g1
 p: (6,6)->(7,6) / g2g1
 p: (6,6)->(7,6) / g2g1
 p: (6,6)->(7,5) / g2f1
 p: (6,6)->(7,5) / g2f1
 p: (6,6)->(7,5) / g2f1
 p: (6,6)->(7,5) / g2f1
 p: (6,6)->(7,7) / g2h1
 p: (6,6)->(7,7) / g2h1
 p: (6,6)->(7,7) / g2h1
 p: (6,6)->(7,7) / g2h1
Possible moves for piece: n:
 n: (0,6)->(2,7) / g8h6
 n: (0,6)->(2,5) / g8f6
Possible moves for piece: k:
 k: (0,4)->(0,3) / e8d8

--------------------------------Info on Attacks---------------------------------------------------
Squares attacked by White pieces:
(0,2) (1,0) (1,2) (1,7) (2,0) (2,2) (2,3) (2,6) (3,1) (3,2) (3,4) (3,5) (4,0) (4,2) (4,4) (4,5) (5,0) (5,1) (5,2) (5,3) (5,4) (5,6) (6,3) (6,4) (6,6) (7,2) (7,3) (7,6) 

-------------------------------Squares controlled by the enemy------------------------------------
* * X * * * * * 
X * X * * * * X 
X * X X * * X * 
* X X * X X * * 
X * X * X X * * 
X X X X X * X * 
* * * X X * X * 
* * X X * * X * 

------------------------------Check Information---------------------------------------------------
Black King located at: (0,4)
Black King is safe, no check at this position.

------------------------------Special Move Information-------------------------------------------
No en passant allowed right now
------------------------------Castling Rights Information-------------------------------------------
White Kingside Castle:  AVAILABLE
White Queenside Castle: AVAILABLE
Black Kingside Castle:  AVAILABLE
Black Queenside Castle: NOT AVAILABLE
---------------------------------------------------------------------------------------------------

========== CAPTURE EXPLORATION ==========
[0] p x B | Potential loss: NO | Score: 330
[1] p x B | Potential loss: NO | Score: 330
[2] p x B | Potential loss: NO | Score: 330
[3] p x B | Potential loss: NO | Score: 330
[4] p x R | Potential loss: NO | Score: 500
[5] p x R | Potential loss: NO | Score: 500
[6] p x R | Potential loss: NO | Score: 500
[7] p x R | Potential loss: NO | Score: 500
========================================

========== CHECK EXPLORATION ==========
[0] Candidate: p -> (6,6) -> (7,5) x B | Checking move: p (6,6) -> (7,5)Checkmate: NO
[1] Candidate: p -> (6,6) -> (7,5) x B | Checking move: p (6,6) -> (7,5)Checkmate: NO
======================================
--------------------------------------------------------------------------------------------------
Chosen Move: (6,6) --> (7,5)
 / g2f1r

* B b * k b n r 
p p * p p p p p 
* * * * * * * * 
* * * * * * * * 
* * * * * * * * 
* * * * * * * * 
P P Q * * P * P 
R N * * K p * R 

[32;1m[Game] [0mPlayer's error code: 0
[32;1m[Game] [0mChecking move validity...
[32;1m[Board] [0mInitializing board (size: 8)...
[32;1m[Board] [0m32 piece(s) on board.
[32;1m[Board] [0mLoading history file `championship/logic-and-proofs-chessgambit/history.csv`...
[32;1m[Board] [0mLoaded 19 move(s).
[32;1m[Board] [0mHistory replayed, 24 piece(s) on board.
[32;1m[Board] [0mLoading move file `championship/logic-and-proofs-chessgambit/move.csv`...
[32;1m[Board] [0mBlack player is playing g2 to f1.
[32;1m[Board] [0m[5;1mBlack Pawn is taking White Bishop.[0m
[32;1m[Board] [0mPromoting a Black Pawn into a Rook
[32;1m[Board] [0m
[32;1m[Board] [0m     a b c d e f g h
[32;1m[Board] [0m   -------------------
[32;1m[Board] [0m 8 ||[7;1m [0m|[0;1mb[0m|[30;1mb[0m| |[30;1mK[0m|[30;1mb[0m|[30;1mk[0m|[30;1mr[0m|| 8
[32;1m[Board] [0m   -------------------
[32;1m[Board] [0m 7 ||[30;1mp[0m|[30;1mp[0m| |[30;1mp[0m|[30;1mp[0m|[30;1mp[0m|[30;1mp[0m|[30;1mp[0m|| 7
[32;1m[Board] [0m   -------------------
[32;1m[Board] [0m 6 ||[7;1m [0m| |[7;1m [0m| |[7;1m [0m| |[7;1m [0m| || 6
[32;1m[Board] [0m   -------------------
[32;1m[Board] [0m 5 || |[7;1m [0m| |[7;1m [0m| |[7;1m [0m| |[7;1m [0m|| 5
[32;1m[Board] [0m   -------------------
[32;1m[Board] [0m 4 ||[7;1m [0m| |[7;1m [0m| |[7;1m [0m| |[7;1m [0m| || 4
[32;1m[Board] [0m   -------------------
[32;1m[Board] [0m 3 || |[7;1m [0m| |[7;1m [0m| |[7;1m [0m| |[7;1m [0m|| 3
[32;1m[Board] [0m   -------------------
[32;1m[Board] [0m 2 ||[0;1mp[0m|[0;1mp[0m|[0;1mQ[0m| |[7;1m [0m|[0;1mp[0m|[7;1m [0m|[0;1mp[0m|| 2
[32;1m[Board] [0m   -------------------
[32;1m[Board] [0m 1 ||[0;1mr[0m|[0;1mk[0m| |[7;1m [0m|[0;1mK[0m|[30;1mr[0m| |[0;1mr[0m|| 1
[32;1m[Board] [0m   -------------------
[32;1m[Board] [0m     a b c d e f g h
[32;1m[Board] [0m
[32;1m[Referee] [0mThis is the turn of the White player...
[DEBUG] Input history filename: championship/logic-and-proofs-chessgambit/history.csv
[DEBUG] Output move file: championship/logic-and-proofs-chessgambit/move.csv
[Parser][ply=] 20
how i see the board before writing next move: Turn: White
Enpassant: xx	Castling: WK WQ BK x
   ---- ---- ---- ---- ---- ---- ---- ----
8 |    | B  | b  |    | k  | b  | n  | r  |
   ---- ---- ---- ---- ---- ---- ---- ----
7 | p  | p  |    | p  | p  | p  | p  | p  |
   ---- ---- ---- ---- ---- ---- ---- ----
6 |    |    |    |    |    |    |    |    |
   ---- ---- ---- ---- ---- ---- ---- ----
5 |    |    |    |    |    |    |    |    |
   ---- ---- ---- ---- ---- ---- ---- ----
4 |    |    |    |    |    |    |    |    |
   ---- ---- ---- ---- ---- ---- ---- ----
3 |    |    |    |    |    |    |    |    |
   ---- ---- ---- ---- ---- ---- ---- ----
2 | P  | P  | Q  |    |    | P  |    | P  |
   ---- ---- ---- ---- ---- ---- ---- ----
1 | R  | N  |    |    | K  | r  |    | R  |
   ---- ---- ---- ---- ---- ---- ---- ----
    a    b    c    d    e    f    g    h
starting search...
depth: 1 score: 932 time: 0 nodes: 44 hashfull: 0
depth: 2 score: 956 time: 0 nodes: 198 hashfull: 0
depth: 3 score: 956 time: 0 nodes: 518 hashfull: 0
depth: 4 score: 945 time: 1 nodes: 2201 hashfull: 0
depth: 5 score: 1278 time: 6 nodes: 6937 hashfull: 0
depth: 6 score: 1329 time: 13 nodes: 15799 hashfull: 0
depth: 7 score: 1358 time: 49 nodes: 41857 hashfull: 0
depth: 8 score: 1339 time: 30 nodes: 87933 hashfull: 3
depth: 9 score: 1360 time: 189 nodes: 342173 hashfull: 10
depth: 10 score: 1375 time: 196 nodes: 602897 hashfull: 15
depth: 11 score: 1386 time: 1404 nodes: 2684479 hashfull: 94
depth: 12 score: 1388 time: 1810 nodes: 5199243 hashfull: 142
[DEBUG] [Parser] Wrote to ouput file championship/logic-and-proofs-chessgambit/move.csv move : h1f1
[32;1m[Game] [0mPlayer's error code: 0
[32;1m[Game] [0mChecking move validity...
[32;1m[Board] [0mInitializing board (size: 8)...
[32;1m[Board] [0m32 piece(s) on board.
[32;1m[Board] [0mLoading history file `championship/logic-and-proofs-chessgambit/history.csv`...
[32;1m[Board] [0mLoaded 20 move(s).
[32;1m[Board] [0mHistory replayed, 23 piece(s) on board.
[32;1m[Board] [0mLoading move file `championship/logic-and-proofs-chessgambit/move.csv`...
[32;1m[Board] [0mWhite player is playing h1 to f1.
[32;1m[Board] [0m[5;1mWhite Rook is taking Black Rook.[0m
[32;1m[Board] [0m
[32;1m[Board] [0m     a b c d e f g h
[32;1m[Board] [0m   -------------------
[32;1m[Board] [0m 8 ||[7;1m [0m|[0;1mb[0m|[30;1mb[0m| |[30;1mK[0m|[30;1mb[0m|[30;1mk[0m|[30;1mr[0m|| 8
[32;1m[Board] [0m   -------------------
[32;1m[Board] [0m 7 ||[30;1mp[0m|[30;1mp[0m| |[30;1mp[0m|[30;1mp[0m|[30;1mp[0m|[30;1mp[0m|[30;1mp[0m|| 7
[32;1m[Board] [0m   -------------------
[32;1m[Board] [0m 6 ||[7;1m [0m| |[7;1m [0m| |[7;1m [0m| |[7;1m [0m| || 6
[32;1m[Board] [0m   -------------------
[32;1m[Board] [0m 5 || |[7;1m [0m| |[7;1m [0m| |[7;1m [0m| |[7;1m [0m|| 5
[32;1m[Board] [0m   -------------------
[32;1m[Board] [0m 4 ||[7;1m [0m| |[7;1m [0m| |[7;1m [0m| |[7;1m [0m| || 4
[32;1m[Board] [0m   -------------------
[32;1m[Board] [0m 3 || |[7;1m [0m| |[7;1m [0m| |[7;1m [0m| |[7;1m [0m|| 3
[32;1m[Board] [0m   -------------------
[32;1m[Board] [0m 2 ||[0;1mp[0m|[0;1mp[0m|[0;1mQ[0m| |[7;1m [0m|[0;1mp[0m|[7;1m [0m|[0;1mp[0m|| 2
[32;1m[Board] [0m   -------------------
[32;1m[Board] [0m 1 ||[0;1mr[0m|[0;1mk[0m| |[7;1m [0m|[0;1mK[0m|[0;1mr[0m| |[7;1m [0m|| 1
[32;1m[Board] [0m   -------------------
[32;1m[Board] [0m     a b c d e f g h
[32;1m[Board] [0m
[32;1m[Referee] [0mThis is the turn of the Black player...
Inputed Board
Currently playing: Black

------------------------------Current Search Space--------------------------------------------
Possible moves for piece: p:
 p: (1,0)->(2,0) / a7a6
 p: (1,0)->(3,0) / a7a5
 p: (1,1)->(2,1) / b7b6
 p: (1,1)->(3,1) / b7b5
 p: (1,3)->(2,3) / d7d6
 p: (1,3)->(3,3) / d7d5
 p: (1,4)->(2,4) / e7e6
 p: (1,4)->(3,4) / e7e5
 p: (1,5)->(2,5) / f7f6
 p: (1,5)->(3,5) / f7f5
 p: (1,6)->(2,6) / g7g6
 p: (1,6)->(3,6) / g7g5
 p: (1,7)->(2,7) / h7h6
 p: (1,7)->(3,7) / h7h5
Possible moves for piece: n:
 n: (0,6)->(2,7) / g8h6
 n: (0,6)->(2,5) / g8f6
Possible moves for piece: k:
 k: (0,4)->(0,3) / e8d8

------------------------------Filtered Search Space--------------------------------------------
Possible moves for piece: p:
 p: (1,0)->(2,0) / a7a6
 p: (1,0)->(3,0) / a7a5
 p: (1,1)->(2,1) / b7b6
 p: (1,1)->(3,1) / b7b5
 p: (1,3)->(2,3) / d7d6
 p: (1,3)->(3,3) / d7d5
 p: (1,4)->(2,4) / e7e6
 p: (1,4)->(3,4) / e7e5
 p: (1,5)->(2,5) / f7f6
 p: (1,5)->(3,5) / f7f5
 p: (1,6)->(2,6) / g7g6
 p: (1,6)->(3,6) / g7g5
 p: (1,7)->(2,7) / h7h6
 p: (1,7)->(3,7) / h7h5
Possible moves for piece: n:
 n: (0,6)->(2,7) / g8h6
 n: (0,6)->(2,5) / g8f6
Possible moves for piece: k:
 k: (0,4)->(0,3) / e8d8

--------------------------------Info on Attacks---------------------------------------------------
Squares attacked by White pieces:
(0,2) (1,0) (1,2) (1,7) (2,2) (2,3) (2,6) (3,2) (3,4) (3,5) (4,0) (4,2) (4,4) (4,5) (5,0) (5,1) (5,2) (5,3) (5,4) (5,6) (6,3) (6,4) (7,2) (7,3) (7,6) (7,7) 

-------------------------------Squares controlled by the enemy------------------------------------
* * X * * * * * 
X * X * * * * X 
* * X X * * X * 
* * X * X X * * 
X * X * X X * * 
X X X X X * X * 
* * * X X * * * 
* * X X * * X X 

------------------------------Check Information---------------------------------------------------
Black King located at: (0,4)
Black King is safe, no check at this position.

------------------------------Special Move Information-------------------------------------------
No en passant allowed right now
------------------------------Castling Rights Information-------------------------------------------
White Kingside Castle:  NOT AVAILABLE
White Queenside Castle: AVAILABLE
Black Kingside Castle:  AVAILABLE
Black Queenside Castle: NOT AVAILABLE
---------------------------------------------------------------------------------------------------

========== CAPTURE EXPLORATION ==========
========================================

========== CHECK EXPLORATION ==========
(no checks found)
======================================
--------------------------------------------------------------------------------------------------
Chosen Move: (0,4) --> (0,3)
 / e8d8

* B b k * b n r 
p p * p p p p p 
* * * * * * * * 
* * * * * * * * 
* * * * * * * * 
* * * * * * * * 
P P Q * * P * P 
R N * * K R * * 

[32;1m[Game] [0mPlayer's error code: 0
[32;1m[Game] [0mChecking move validity...
[32;1m[Board] [0mInitializing board (size: 8)...
[32;1m[Board] [0m32 piece(s) on board.
[32;1m[Board] [0mLoading history file `championship/logic-and-proofs-chessgambit/history.csv`...
[32;1m[Board] [0mLoaded 21 move(s).
[32;1m[Board] [0mHistory replayed, 22 piece(s) on board.
[32;1m[Board] [0mLoading move file `championship/logic-and-proofs-chessgambit/move.csv`...
[32;1m[Board] [0mBlack player is playing e8 to d8.
[32;1m[Board] [0m
[32;1m[Board] [0m     a b c d e f g h
[32;1m[Board] [0m   -------------------
[32;1m[Board] [0m 8 ||[7;1m [0m|[0;1mb[0m|[30;1mb[0m|[30;1mK[0m|[7;1m [0m|[30;1mb[0m|[30;1mk[0m|[30;1mr[0m|| 8
[32;1m[Board] [0m   -------------------
[32;1m[Board] [0m 7 ||[30;1mp[0m|[30;1mp[0m| |[30;1mp[0m|[30;1mp[0m|[30;1mp[0m|[30;1mp[0m|[30;1mp[0m|| 7
[32;1m[Board] [0m   -------------------
[32;1m[Board] [0m 6 ||[7;1m [0m| |[7;1m [0m| |[7;1m [0m| |[7;1m [0m| || 6
[32;1m[Board] [0m   -------------------
[32;1m[Board] [0m 5 || |[7;1m [0m| |[7;1m [0m| |[7;1m [0m| |[7;1m [0m|| 5
[32;1m[Board] [0m   -------------------
[32;1m[Board] [0m 4 ||[7;1m [0m| |[7;1m [0m| |[7;1m [0m| |[7;1m [0m| || 4
[32;1m[Board] [0m   -------------------
[32;1m[Board] [0m 3 || |[7;1m [0m| |[7;1m [0m| |[7;1m [0m| |[7;1m [0m|| 3
[32;1m[Board] [0m   -------------------
[32;1m[Board] [0m 2 ||[0;1mp[0m|[0;1mp[0m|[0;1mQ[0m| |[7;1m [0m|[0;1mp[0m|[7;1m [0m|[0;1mp[0m|| 2
[32;1m[Board] [0m   -------------------
[32;1m[Board] [0m 1 ||[0;1mr[0m|[0;1mk[0m| |[7;1m [0m|[0;1mK[0m|[0;1mr[0m| |[7;1m [0m|| 1
[32;1m[Board] [0m   -------------------
[32;1m[Board] [0m     a b c d e f g h
[32;1m[Board] [0m
[32;1m[Referee] [0mThis is the turn of the White player...
[DEBUG] Input history filename: championship/logic-and-proofs-chessgambit/history.csv
[DEBUG] Output move file: championship/logic-and-proofs-chessgambit/move.csv
[Parser][ply=] 22
how i see the board before writing next move: Turn: White
Enpassant: xx	Castling: xWQ xx
   ---- ---- ---- ---- ---- ---- ---- ----
8 |    | B  | b  | k  |    | b  | n  | r  |
   ---- ---- ---- ---- ---- ---- ---- ----
7 | p  | p  |    | p  | p  | p  | p  | p  |
   ---- ---- ---- ---- ---- ---- ---- ----
6 |    |    |    |    |    |    |    |    |
   ---- ---- ---- ---- ---- ---- ---- ----
5 |    |    |    |    |    |    |    |    |
   ---- ---- ---- ---- ---- ---- ---- ----
4 |    |    |    |    |    |    |    |    |
   ---- ---- ---- ---- ---- ---- ---- ----
3 |    |    |    |    |    |    |    |    |
   ---- ---- ---- ---- ---- ---- ---- ----
2 | P  | P  | Q  |    |    | P  |    | P  |
   ---- ---- ---- ---- ---- ---- ---- ----
1 | R  | N  |    |    | K  | R  |    |    |
   ---- ---- ---- ---- ---- ---- ---- ----
    a    b    c    d    e    f    g    h
starting search...
depth: 1 score: 956 time: 0 nodes: 86 hashfull: 0
depth: 2 score: 945 time: 0 nodes: 668 hashfull: 0
depth: 3 score: 1278 time: 1 nodes: 2902 hashfull: 0
depth: 4 score: 99999 time: 0 nodes: 3012 hashfull: 0
[DEBUG] [Parser] Wrote to ouput file championship/logic-and-proofs-chessgambit/move.csv move : c2c7
[32;1m[Game] [0mPlayer's error code: 0
[32;1m[Game] [0mChecking move validity...
[32;1m[Board] [0mInitializing board (size: 8)...
[32;1m[Board] [0m32 piece(s) on board.
[32;1m[Board] [0mLoading history file `championship/logic-and-proofs-chessgambit/history.csv`...
[32;1m[Board] [0mLoaded 22 move(s).
[32;1m[Board] [0mHistory replayed, 22 piece(s) on board.
[32;1m[Board] [0mLoading move file `championship/logic-and-proofs-chessgambit/move.csv`...
[32;1m[Board] [0mWhite player is playing c2 to c7.
[32;1m[Board] [0m
[32;1m[Board] [0m     a b c d e f g h
[32;1m[Board] [0m   -------------------
[32;1m[Board] [0m 8 ||[7;1m [0m|[0;1mb[0m|[30;1mb[0m|[30;1mK[0m|[7;1m [0m|[30;1mb[0m|[30;1mk[0m|[30;1mr[0m|| 8
[32;1m[Board] [0m   -------------------
[32;1m[Board] [0m 7 ||[30;1mp[0m|[30;1mp[0m|[0;1mQ[0m|[30;1mp[0m|[30;1mp[0m|[30;1mp[0m|[30;1mp[0m|[30;1mp[0m|| 7
[32;1m[Board] [0m   -------------------
[32;1m[Board] [0m 6 ||[7;1m [0m| |[7;1m [0m| |[7;1m [0m| |[7;1m [0m| || 6
[32;1m[Board] [0m   -------------------
[32;1m[Board] [0m 5 || |[7;1m [0m| |[7;1m [0m| |[7;1m [0m| |[7;1m [0m|| 5
[32;1m[Board] [0m   -------------------
[32;1m[Board] [0m 4 ||[7;1m [0m| |[7;1m [0m| |[7;1m [0m| |[7;1m [0m| || 4
[32;1m[Board] [0m   -------------------
[32;1m[Board] [0m 3 || |[7;1m [0m| |[7;1m [0m| |[7;1m [0m| |[7;1m [0m|| 3
[32;1m[Board] [0m   -------------------
[32;1m[Board] [0m 2 ||[0;1mp[0m|[0;1mp[0m|[7;1m [0m| |[7;1m [0m|[0;1mp[0m|[7;1m [0m|[0;1mp[0m|| 2
[32;1m[Board] [0m   -------------------
[32;1m[Board] [0m 1 ||[0;1mr[0m|[0;1mk[0m| |[7;1m [0m|[0;1mK[0m|[0;1mr[0m| |[7;1m [0m|| 1
[32;1m[Board] [0m   -------------------
[32;1m[Board] [0m     a b c d e f g h
[32;1m[Board] [0m
[32;1m[Referee] [0mThis is the turn of the Black player...
Inputed Board
Currently playing: Black

------------------------------Current Search Space--------------------------------------------
Possible moves for piece: p:
 p: (1,0)->(2,0) / a7a6
 p: (1,0)->(3,0) / a7a5
 p: (1,1)->(2,1) / b7b6
 p: (1,1)->(3,1) / b7b5
 p: (1,3)->(2,3) / d7d6
 p: (1,3)->(3,3) / d7d5
 p: (1,4)->(2,4) / e7e6
 p: (1,4)->(3,4) / e7e5
 p: (1,5)->(2,5) / f7f6
 p: (1,5)->(3,5) / f7f5
 p: (1,6)->(2,6) / g7g6
 p: (1,6)->(3,6) / g7g5
 p: (1,7)->(2,7) / h7h6
 p: (1,7)->(3,7) / h7h5
Possible moves for piece: n:
 n: (0,6)->(2,7) / g8h6
 n: (0,6)->(2,5) / g8f6
Possible moves for piece: k:
 k: (0,3)->(0,4) / d8e8
 k: (0,3)->(1,2) / d8c7

------------------------------Filtered Search Space--------------------------------------------
Possible moves for piece: k:
 k: (0,3)->(0,4) / d8e8

--------------------------------Info on Attacks---------------------------------------------------
Squares attacked by White pieces:
(0,2) (0,3) (1,0) (1,1) (1,3) (2,1) (2,2) (2,3) (3,0) (3,2) (3,4) (4,2) (4,5) (5,0) (5,1) (5,2) (5,4) (5,6) (6,2) (6,3) (6,4) (7,2) (7,3) (7,6) (7,7) 

-------------------------------Squares controlled by the enemy------------------------------------
* * X X * * * * 
X X * X * * * * 
* X X X * * * * 
X * X * X * * * 
* * X * * X * * 
X X X * X * X * 
* * X X X * * * 
* * X X * * X X 

------------------------------Check Information---------------------------------------------------
Black King located at: (0,3)
Black King is in check by Q at (1,2)

------------------------------Special Move Information-------------------------------------------
No en passant allowed right now
------------------------------Castling Rights Information-------------------------------------------
White Kingside Castle:  NOT AVAILABLE
White Queenside Castle: AVAILABLE
Black Kingside Castle:  NOT AVAILABLE
Black Queenside Castle: NOT AVAILABLE
---------------------------------------------------------------------------------------------------

========== CAPTURE EXPLORATION ==========
========================================

========== CHECK EXPLORATION ==========
(no checks found)
======================================
--------------------------------------------------------------------------------------------------
Chosen Move: (0,3) --> (0,4)
 / d8e8

* B b * k b n r 
p p Q p p p p p 
* * * * * * * * 
* * * * * * * * 
* * * * * * * * 
* * * * * * * * 
P P * * * P * P 
R N * * K R * * 

[32;1m[Game] [0mPlayer's error code: 0
[32;1m[Game] [0mChecking move validity...
[32;1m[Board] [0mInitializing board (size: 8)...
[32;1m[Board] [0m32 piece(s) on board.
[32;1m[Board] [0mLoading history file `championship/logic-and-proofs-chessgambit/history.csv`...
[32;1m[Board] [0mLoaded 23 move(s).
[32;1m[Board] [0mHistory replayed, 22 piece(s) on board.
[32;1m[Board] [0mLoading move file `championship/logic-and-proofs-chessgambit/move.csv`...
[32;1m[Board] [0mBlack player is playing d8 to e8.
[32;1m[Board] [0m
[32;1m[Board] [0m     a b c d e f g h
[32;1m[Board] [0m   -------------------
[32;1m[Board] [0m 8 ||[7;1m [0m|[0;1mb[0m|[30;1mb[0m| |[30;1mK[0m|[30;1mb[0m|[30;1mk[0m|[30;1mr[0m|| 8
[32;1m[Board] [0m   -------------------
[32;1m[Board] [0m 7 ||[30;1mp[0m|[30;1mp[0m|[0;1mQ[0m|[30;1mp[0m|[30;1mp[0m|[30;1mp[0m|[30;1mp[0m|[30;1mp[0m|| 7
[32;1m[Board] [0m   -------------------
[32;1m[Board] [0m 6 ||[7;1m [0m| |[7;1m [0m| |[7;1m [0m| |[7;1m [0m| || 6
[32;1m[Board] [0m   -------------------
[32;1m[Board] [0m 5 || |[7;1m [0m| |[7;1m [0m| |[7;1m [0m| |[7;1m [0m|| 5
[32;1m[Board] [0m   -------------------
[32;1m[Board] [0m 4 ||[7;1m [0m| |[7;1m [0m| |[7;1m [0m| |[7;1m [0m| || 4
[32;1m[Board] [0m   -------------------
[32;1m[Board] [0m 3 || |[7;1m [0m| |[7;1m [0m| |[7;1m [0m| |[7;1m [0m|| 3
[32;1m[Board] [0m   -------------------
[32;1m[Board] [0m 2 ||[0;1mp[0m|[0;1mp[0m|[7;1m [0m| |[7;1m [0m|[0;1mp[0m|[7;1m [0m|[0;1mp[0m|| 2
[32;1m[Board] [0m   -------------------
[32;1m[Board] [0m 1 ||[0;1mr[0m|[0;1mk[0m| |[7;1m [0m|[0;1mK[0m|[0;1mr[0m| |[7;1m [0m|| 1
[32;1m[Board] [0m   -------------------
[32;1m[Board] [0m     a b c d e f g h
[32;1m[Board] [0m
[32;1m[Referee] [0mThis is the turn of the White player...
[DEBUG] Input history filename: championship/logic-and-proofs-chessgambit/history.csv
[DEBUG] Output move file: championship/logic-and-proofs-chessgambit/move.csv
[Parser][ply=] 24
how i see the board before writing next move: Turn: White
Enpassant: xx	Castling: xWQ xx
   ---- ---- ---- ---- ---- ---- ---- ----
8 |    | B  | b  |    | k  | b  | n  | r  |
   ---- ---- ---- ---- ---- ---- ---- ----
7 | p  | p  | Q  | p  | p  | p  | p  | p  |
   ---- ---- ---- ---- ---- ---- ---- ----
6 |    |    |    |    |    |    |    |    |
   ---- ---- ---- ---- ---- ---- ---- ----
5 |    |    |    |    |    |    |    |    |
   ---- ---- ---- ---- ---- ---- ---- ----
4 |    |    |    |    |    |    |    |    |
   ---- ---- ---- ---- ---- ---- ---- ----
3 |    |    |    |    |    |    |    |    |
   ---- ---- ---- ---- ---- ---- ---- ----
2 | P  | P  |    |    |    | P  |    | P  |
   ---- ---- ---- ---- ---- ---- ---- ----
1 | R  | N  |    |    | K  | R  |    |    |
   ---- ---- ---- ---- ---- ---- ---- ----
    a    b    c    d    e    f    g    h
starting search...
depth: 1 score: 1278 time: 0 nodes: 66 hashfull: 0
depth: 2 score: 99999 time: 0 nodes: 168 hashfull: 0
[DEBUG] [Parser] Wrote to ouput file championship/logic-and-proofs-chessgambit/move.csv move : c7c8
[32;1m[Game] [0mPlayer's error code: 0
[32;1m[Game] [0mChecking move validity...
[32;1m[Board] [0mInitializing board (size: 8)...
[32;1m[Board] [0m32 piece(s) on board.
[32;1m[Board] [0mLoading history file `championship/logic-and-proofs-chessgambit/history.csv`...
[32;1m[Board] [0mLoaded 24 move(s).
[32;1m[Board] [0mHistory replayed, 22 piece(s) on board.
[32;1m[Board] [0mLoading move file `championship/logic-and-proofs-chessgambit/move.csv`...
[32;1m[Board] [0mWhite player is playing c7 to c8.
[32;1m[Board] [0m[5;1mWhite Queen is taking Black Bishop.[0m
[32;1m[Board] [0m
[32;1m[Board] [0m     a b c d e f g h
[32;1m[Board] [0m   -------------------
[32;1m[Board] [0m 8 ||[7;1m [0m|[0;1mb[0m|[0;1mQ[0m| |[30;1mK[0m|[30;1mb[0m|[30;1mk[0m|[30;1mr[0m|| 8
[32;1m[Board] [0m   -------------------
[32;1m[Board] [0m 7 ||[30;1mp[0m|[30;1mp[0m| |[30;1mp[0m|[30;1mp[0m|[30;1mp[0m|[30;1mp[0m|[30;1mp[0m|| 7
[32;1m[Board] [0m   -------------------
[32;1m[Board] [0m 6 ||[7;1m [0m| |[7;1m [0m| |[7;1m [0m| |[7;1m [0m| || 6
[32;1m[Board] [0m   -------------------
[32;1m[Board] [0m 5 || |[7;1m [0m| |[7;1m [0m| |[7;1m [0m| |[7;1m [0m|| 5
[32;1m[Board] [0m   -------------------
[32;1m[Board] [0m 4 ||[7;1m [0m| |[7;1m [0m| |[7;1m [0m| |[7;1m [0m| || 4
[32;1m[Board] [0m   -------------------
[32;1m[Board] [0m 3 || |[7;1m [0m| |[7;1m [0m| |[7;1m [0m| |[7;1m [0m|| 3
[32;1m[Board] [0m   -------------------
[32;1m[Board] [0m 2 ||[0;1mp[0m|[0;1mp[0m|[7;1m [0m| |[7;1m [0m|[0;1mp[0m|[7;1m [0m|[0;1mp[0m|| 2
[32;1m[Board] [0m   -------------------
[32;1m[Board] [0m 1 ||[0;1mr[0m|[0;1mk[0m| |[7;1m [0m|[0;1mK[0m|[0;1mr[0m| |[7;1m [0m|| 1
[32;1m[Board] [0m   -------------------
[32;1m[Board] [0m     a b c d e f g h
[32;1m[Board] [0m
[32;1m[Referee] [0mThis is the turn of the Black player...
