[32;1m[Board] [0mInitializing board...
[32;1m[Board] [0m
[32;1m[Board] [0m    a b c d e f g h 
[32;1m[Board] [0m  -------------------
[32;1m[Board] [0m8 ||[30;1mr[0m|[30;1mk[0m|[30;1mb[0m|[30;1mQ[0m|[30;1mK[0m|[30;1mb[0m|[30;1mk[0m|[30;1mr[0m|| 8
[32;1m[Board] [0m  -------------------
[32;1m[Board] [0m7 ||[30;1mp[0m|[30;1mp[0m|[30;1mp[0m|[30;1mp[0m|[30;1mp[0m|[30;1mp[0m|[30;1mp[0m|[30;1mp[0m|| 7
[32;1m[Board] [0m  -------------------
[32;1m[Board] [0m6 ||[7;1m [0m| |[7;1m [0m| |[7;1m [0m| |[7;1m [0m| || 6
[32;1m[Board] [0m  -------------------
[32;1m[Board] [0m5 || |[7;1m [0m| |[7;1m [0m| |[7;1m [0m| |[7;1m [0m|| 5
[32;1m[Board] [0m  -------------------
[32;1m[Board] [0m4 ||[7;1m [0m| |[7;1m [0m| |[7;1m [0m| |[7;1m [0m| || 4
[32;1m[Board] [0m  -------------------
[32;1m[Board] [0m3 || |[7;1m [0m| |[7;1m [0m| |[7;1m [0m| |[7;1m [0m|| 3
[32;1m[Board] [0m  -------------------
[32;1m[Board] [0m2 ||[0;1mp[0m|[0;1mp[0m|[0;1mp[0m|[0;1mp[0m|[0;1mp[0m|[0;1mp[0m|[0;1mp[0m|[0;1mp[0m|| 2
[32;1m[Board] [0m  -------------------
[32;1m[Board] [0m1 ||[0;1mr[0m|[0;1mk[0m|[0;1mb[0m|[0;1mQ[0m|[0;1mK[0m|[0;1mb[0m|[0;1mk[0m|[0;1mr[0m|| 1
[32;1m[Board] [0m  -------------------
[32;1m[Board] [0m    a b c d e f g h
[32;1m[Board] [0m
[32;1m[Referee] [0mThis is the turn of the White player...
[32;1m[Board] [0mInitializing board...
[32;1m[Board] [0mLoading history file `stats/Black/game-22/history.csv`...
[32;1m[Board] [0mLoaded 0 move(s).
[32;1m[RandomPlayer] [0mComputing possible moves...
[32;1m[RandomPlayer] [0m20 possible move(s)
[32;1m[RandomPlayer] [0mPlaying random move 12 out of 20
[32;1m[Game] [0mPlayer's error code: 0
[32;1m[Game] [0mChecking move validity...
[32;1m[Board] [0mInitializing board...
[32;1m[Board] [0mLoading history file `stats/Black/game-22/history.csv`...
[32;1m[Board] [0mLoaded 0 move(s).
[32;1m[Board] [0mLoading move file `stats/Black/game-22/move.csv`...
[32;1m[Board] [0mWhite player is playing g2 to g3.
[32;1m[Board] [0m
[32;1m[Board] [0m    a b c d e f g h 
[32;1m[Board] [0m  -------------------
[32;1m[Board] [0m8 ||[30;1mr[0m|[30;1mk[0m|[30;1mb[0m|[30;1mQ[0m|[30;1mK[0m|[30;1mb[0m|[30;1mk[0m|[30;1mr[0m|| 8
[32;1m[Board] [0m  -------------------
[32;1m[Board] [0m7 ||[30;1mp[0m|[30;1mp[0m|[30;1mp[0m|[30;1mp[0m|[30;1mp[0m|[30;1mp[0m|[30;1mp[0m|[30;1mp[0m|| 7
[32;1m[Board] [0m  -------------------
[32;1m[Board] [0m6 ||[7;1m [0m| |[7;1m [0m| |[7;1m [0m| |[7;1m [0m| || 6
[32;1m[Board] [0m  -------------------
[32;1m[Board] [0m5 || |[7;1m [0m| |[7;1m [0m| |[7;1m [0m| |[7;1m [0m|| 5
[32;1m[Board] [0m  -------------------
[32;1m[Board] [0m4 ||[7;1m [0m| |[7;1m [0m| |[7;1m [0m| |[7;1m [0m| || 4
[32;1m[Board] [0m  -------------------
[32;1m[Board] [0m3 || |[7;1m [0m| |[7;1m [0m| |[7;1m [0m|[0;1mp[0m|[7;1m [0m|| 3
[32;1m[Board] [0m  -------------------
[32;1m[Board] [0m2 ||[0;1mp[0m|[0;1mp[0m|[0;1mp[0m|[0;1mp[0m|[0;1mp[0m|[0;1mp[0m|[7;1m [0m|[0;1mp[0m|| 2
[32;1m[Board] [0m  -------------------
[32;1m[Board] [0m1 ||[0;1mr[0m|[0;1mk[0m|[0;1mb[0m|[0;1mQ[0m|[0;1mK[0m|[0;1mb[0m|[0;1mk[0m|[0;1mr[0m|| 1
[32;1m[Board] [0m  -------------------
[32;1m[Board] [0m    a b c d e f g h
[32;1m[Board] [0m
[32;1m[Referee] [0mThis is the turn of the Black player...
Position after history:

  +-----------------+
8 | r n b q k b n r |
7 | p p p p p p p p |
6 | . . . . . . . . |
5 | . . . . . . . . |
4 | . . . . . . . . |
3 | . . . . . . P . |
2 | P P P P P P . P |
1 | R N B Q K B N R |
  +-----------------+
    a b c d e f g h
Side to move: Black
Next move: a7a5 (score: -50)
[32;1m[Game] [0mPlayer's error code: 0
[32;1m[Game] [0mChecking move validity...
[32;1m[Board] [0mInitializing board...
[32;1m[Board] [0mLoading history file `stats/Black/game-22/history.csv`...
[32;1m[Board] [0mLoaded 1 move(s).
[32;1m[Board] [0mLoading move file `stats/Black/game-22/move.csv`...
[32;1m[Board] [0mBlack player is playing a7 to a5.
[32;1m[Board] [0m
[32;1m[Board] [0m    a b c d e f g h 
[32;1m[Board] [0m  -------------------
[32;1m[Board] [0m8 ||[30;1mr[0m|[30;1mk[0m|[30;1mb[0m|[30;1mQ[0m|[30;1mK[0m|[30;1mb[0m|[30;1mk[0m|[30;1mr[0m|| 8
[32;1m[Board] [0m  -------------------
[32;1m[Board] [0m7 || |[30;1mp[0m|[30;1mp[0m|[30;1mp[0m|[30;1mp[0m|[30;1mp[0m|[30;1mp[0m|[30;1mp[0m|| 7
[32;1m[Board] [0m  -------------------
[32;1m[Board] [0m6 ||[7;1m [0m| |[7;1m [0m| |[7;1m [0m| |[7;1m [0m| || 6
[32;1m[Board] [0m  -------------------
[32;1m[Board] [0m5 ||[30;1mp[0m|[7;1m [0m| |[7;1m [0m| |[7;1m [0m| |[7;1m [0m|| 5
[32;1m[Board] [0m  -------------------
[32;1m[Board] [0m4 ||[7;1m [0m| |[7;1m [0m| |[7;1m [0m| |[7;1m [0m| || 4
[32;1m[Board] [0m  -------------------
[32;1m[Board] [0m3 || |[7;1m [0m| |[7;1m [0m| |[7;1m [0m|[0;1mp[0m|[7;1m [0m|| 3
[32;1m[Board] [0m  -------------------
[32;1m[Board] [0m2 ||[0;1mp[0m|[0;1mp[0m|[0;1mp[0m|[0;1mp[0m|[0;1mp[0m|[0;1mp[0m|[7;1m [0m|[0;1mp[0m|| 2
[32;1m[Board] [0m  -------------------
[32;1m[Board] [0m1 ||[0;1mr[0m|[0;1mk[0m|[0;1mb[0m|[0;1mQ[0m|[0;1mK[0m|[0;1mb[0m|[0;1mk[0m|[0;1mr[0m|| 1
[32;1m[Board] [0m  -------------------
[32;1m[Board] [0m    a b c d e f g h
[32;1m[Board] [0m
[32;1m[Referee] [0mThis is the turn of the White player...
[32;1m[Board] [0mInitializing board...
[32;1m[Board] [0mLoading history file `stats/Black/game-22/history.csv`...
[32;1m[Board] [0mLoaded 2 move(s).
[32;1m[RandomPlayer] [0mComputing possible moves...
[32;1m[RandomPlayer] [0m21 possible move(s)
[32;1m[RandomPlayer] [0mPlaying random move 1 out of 21
[32;1m[Game] [0mPlayer's error code: 0
[32;1m[Game] [0mChecking move validity...
[32;1m[Board] [0mInitializing board...
[32;1m[Board] [0mLoading history file `stats/Black/game-22/history.csv`...
[32;1m[Board] [0mLoaded 2 move(s).
[32;1m[Board] [0mLoading move file `stats/Black/game-22/move.csv`...
[32;1m[Board] [0mWhite player is playing a2 to a4.
[32;1m[Board] [0m
[32;1m[Board] [0m    a b c d e f g h 
[32;1m[Board] [0m  -------------------
[32;1m[Board] [0m8 ||[30;1mr[0m|[30;1mk[0m|[30;1mb[0m|[30;1mQ[0m|[30;1mK[0m|[30;1mb[0m|[30;1mk[0m|[30;1mr[0m|| 8
[32;1m[Board] [0m  -------------------
[32;1m[Board] [0m7 || |[30;1mp[0m|[30;1mp[0m|[30;1mp[0m|[30;1mp[0m|[30;1mp[0m|[30;1mp[0m|[30;1mp[0m|| 7
[32;1m[Board] [0m  -------------------
[32;1m[Board] [0m6 ||[7;1m [0m| |[7;1m [0m| |[7;1m [0m| |[7;1m [0m| || 6
[32;1m[Board] [0m  -------------------
[32;1m[Board] [0m5 ||[30;1mp[0m|[7;1m [0m| |[7;1m [0m| |[7;1m [0m| |[7;1m [0m|| 5
[32;1m[Board] [0m  -------------------
[32;1m[Board] [0m4 ||[0;1mp[0m| |[7;1m [0m| |[7;1m [0m| |[7;1m [0m| || 4
[32;1m[Board] [0m  -------------------
[32;1m[Board] [0m3 || |[7;1m [0m| |[7;1m [0m| |[7;1m [0m|[0;1mp[0m|[7;1m [0m|| 3
[32;1m[Board] [0m  -------------------
[32;1m[Board] [0m2 ||[7;1m [0m|[0;1mp[0m|[0;1mp[0m|[0;1mp[0m|[0;1mp[0m|[0;1mp[0m|[7;1m [0m|[0;1mp[0m|| 2
[32;1m[Board] [0m  -------------------
[32;1m[Board] [0m1 ||[0;1mr[0m|[0;1mk[0m|[0;1mb[0m|[0;1mQ[0m|[0;1mK[0m|[0;1mb[0m|[0;1mk[0m|[0;1mr[0m|| 1
[32;1m[Board] [0m  -------------------
[32;1m[Board] [0m    a b c d e f g h
[32;1m[Board] [0m
[32;1m[Referee] [0mThis is the turn of the Black player...
Position after history:

  +-----------------+
8 | r n b q k b n r |
7 | . p p p p p p p |
6 | . . . . . . . . |
5 | p . . . . . . . |
4 | P . . . . . . . |
3 | . . . . . . P . |
2 | . P P P P P . P |
1 | R N B Q K B N R |
  +-----------------+
    a b c d e f g h
Side to move: Black
Next move: b7b5 (score: -50)
[32;1m[Game] [0mPlayer's error code: 0
[32;1m[Game] [0mChecking move validity...
[32;1m[Board] [0mInitializing board...
[32;1m[Board] [0mLoading history file `stats/Black/game-22/history.csv`...
[32;1m[Board] [0mLoaded 3 move(s).
[32;1m[Board] [0mLoading move file `stats/Black/game-22/move.csv`...
[32;1m[Board] [0mBlack player is playing b7 to b5.
[32;1m[Board] [0m
[32;1m[Board] [0m    a b c d e f g h 
[32;1m[Board] [0m  -------------------
[32;1m[Board] [0m8 ||[30;1mr[0m|[30;1mk[0m|[30;1mb[0m|[30;1mQ[0m|[30;1mK[0m|[30;1mb[0m|[30;1mk[0m|[30;1mr[0m|| 8
[32;1m[Board] [0m  -------------------
[32;1m[Board] [0m7 || |[7;1m [0m|[30;1mp[0m|[30;1mp[0m|[30;1mp[0m|[30;1mp[0m|[30;1mp[0m|[30;1mp[0m|| 7
[32;1m[Board] [0m  -------------------
[32;1m[Board] [0m6 ||[7;1m [0m| |[7;1m [0m| |[7;1m [0m| |[7;1m [0m| || 6
[32;1m[Board] [0m  -------------------
[32;1m[Board] [0m5 ||[30;1mp[0m|[30;1mp[0m| |[7;1m [0m| |[7;1m [0m| |[7;1m [0m|| 5
[32;1m[Board] [0m  -------------------
[32;1m[Board] [0m4 ||[0;1mp[0m| |[7;1m [0m| |[7;1m [0m| |[7;1m [0m| || 4
[32;1m[Board] [0m  -------------------
[32;1m[Board] [0m3 || |[7;1m [0m| |[7;1m [0m| |[7;1m [0m|[0;1mp[0m|[7;1m [0m|| 3
[32;1m[Board] [0m  -------------------
[32;1m[Board] [0m2 ||[7;1m [0m|[0;1mp[0m|[0;1mp[0m|[0;1mp[0m|[0;1mp[0m|[0;1mp[0m|[7;1m [0m|[0;1mp[0m|| 2
[32;1m[Board] [0m  -------------------
[32;1m[Board] [0m1 ||[0;1mr[0m|[0;1mk[0m|[0;1mb[0m|[0;1mQ[0m|[0;1mK[0m|[0;1mb[0m|[0;1mk[0m|[0;1mr[0m|| 1
[32;1m[Board] [0m  -------------------
[32;1m[Board] [0m    a b c d e f g h
[32;1m[Board] [0m
[32;1m[Referee] [0mThis is the turn of the White player...
[32;1m[Board] [0mInitializing board...
[32;1m[Board] [0mLoading history file `stats/Black/game-22/history.csv`...
[32;1m[Board] [0mLoaded 4 move(s).
[32;1m[RandomPlayer] [0mComputing possible moves...
[32;1m[RandomPlayer] [0m22 possible move(s)
[32;1m[RandomPlayer] [0mPlaying random move 1 out of 22
[32;1m[Game] [0mPlayer's error code: 0
[32;1m[Game] [0mChecking move validity...
[32;1m[Board] [0mInitializing board...
[32;1m[Board] [0mLoading history file `stats/Black/game-22/history.csv`...
[32;1m[Board] [0mLoaded 4 move(s).
[32;1m[Board] [0mLoading move file `stats/Black/game-22/move.csv`...
[32;1m[Board] [0mWhite player is playing b2 to b3.
[32;1m[Board] [0m
[32;1m[Board] [0m    a b c d e f g h 
[32;1m[Board] [0m  -------------------
[32;1m[Board] [0m8 ||[30;1mr[0m|[30;1mk[0m|[30;1mb[0m|[30;1mQ[0m|[30;1mK[0m|[30;1mb[0m|[30;1mk[0m|[30;1mr[0m|| 8
[32;1m[Board] [0m  -------------------
[32;1m[Board] [0m7 || |[7;1m [0m|[30;1mp[0m|[30;1mp[0m|[30;1mp[0m|[30;1mp[0m|[30;1mp[0m|[30;1mp[0m|| 7
[32;1m[Board] [0m  -------------------
[32;1m[Board] [0m6 ||[7;1m [0m| |[7;1m [0m| |[7;1m [0m| |[7;1m [0m| || 6
[32;1m[Board] [0m  -------------------
[32;1m[Board] [0m5 ||[30;1mp[0m|[30;1mp[0m| |[7;1m [0m| |[7;1m [0m| |[7;1m [0m|| 5
[32;1m[Board] [0m  -------------------
[32;1m[Board] [0m4 ||[0;1mp[0m| |[7;1m [0m| |[7;1m [0m| |[7;1m [0m| || 4
[32;1m[Board] [0m  -------------------
[32;1m[Board] [0m3 || |[0;1mp[0m| |[7;1m [0m| |[7;1m [0m|[0;1mp[0m|[7;1m [0m|| 3
[32;1m[Board] [0m  -------------------
[32;1m[Board] [0m2 ||[7;1m [0m| |[0;1mp[0m|[0;1mp[0m|[0;1mp[0m|[0;1mp[0m|[7;1m [0m|[0;1mp[0m|| 2
[32;1m[Board] [0m  -------------------
[32;1m[Board] [0m1 ||[0;1mr[0m|[0;1mk[0m|[0;1mb[0m|[0;1mQ[0m|[0;1mK[0m|[0;1mb[0m|[0;1mk[0m|[0;1mr[0m|| 1
[32;1m[Board] [0m  -------------------
[32;1m[Board] [0m    a b c d e f g h
[32;1m[Board] [0m
[32;1m[Referee] [0mThis is the turn of the Black player...
Position after history:

  +-----------------+
8 | r n b q k b n r |
7 | . . p p p p p p |
6 | . . . . . . . . |
5 | p p . . . . . . |
4 | P . . . . . . . |
3 | . P . . . . P . |
2 | . . P P P P . P |
1 | R N B Q K B N R |
  +-----------------+
    a b c d e f g h
Side to move: Black
Next move: g7g5 (score: -40)
[32;1m[Game] [0mPlayer's error code: 0
[32;1m[Game] [0mChecking move validity...
[32;1m[Board] [0mInitializing board...
[32;1m[Board] [0mLoading history file `stats/Black/game-22/history.csv`...
[32;1m[Board] [0mLoaded 5 move(s).
[32;1m[Board] [0mLoading move file `stats/Black/game-22/move.csv`...
[32;1m[Board] [0mBlack player is playing g7 to g5.
[32;1m[Board] [0m
[32;1m[Board] [0m    a b c d e f g h 
[32;1m[Board] [0m  -------------------
[32;1m[Board] [0m8 ||[30;1mr[0m|[30;1mk[0m|[30;1mb[0m|[30;1mQ[0m|[30;1mK[0m|[30;1mb[0m|[30;1mk[0m|[30;1mr[0m|| 8
[32;1m[Board] [0m  -------------------
[32;1m[Board] [0m7 || |[7;1m [0m|[30;1mp[0m|[30;1mp[0m|[30;1mp[0m|[30;1mp[0m| |[30;1mp[0m|| 7
[32;1m[Board] [0m  -------------------
[32;1m[Board] [0m6 ||[7;1m [0m| |[7;1m [0m| |[7;1m [0m| |[7;1m [0m| || 6
[32;1m[Board] [0m  -------------------
[32;1m[Board] [0m5 ||[30;1mp[0m|[30;1mp[0m| |[7;1m [0m| |[7;1m [0m|[30;1mp[0m|[7;1m [0m|| 5
[32;1m[Board] [0m  -------------------
[32;1m[Board] [0m4 ||[0;1mp[0m| |[7;1m [0m| |[7;1m [0m| |[7;1m [0m| || 4
[32;1m[Board] [0m  -------------------
[32;1m[Board] [0m3 || |[0;1mp[0m| |[7;1m [0m| |[7;1m [0m|[0;1mp[0m|[7;1m [0m|| 3
[32;1m[Board] [0m  -------------------
[32;1m[Board] [0m2 ||[7;1m [0m| |[0;1mp[0m|[0;1mp[0m|[0;1mp[0m|[0;1mp[0m|[7;1m [0m|[0;1mp[0m|| 2
[32;1m[Board] [0m  -------------------
[32;1m[Board] [0m1 ||[0;1mr[0m|[0;1mk[0m|[0;1mb[0m|[0;1mQ[0m|[0;1mK[0m|[0;1mb[0m|[0;1mk[0m|[0;1mr[0m|| 1
[32;1m[Board] [0m  -------------------
[32;1m[Board] [0m    a b c d e f g h
[32;1m[Board] [0m
[32;1m[Referee] [0mThis is the turn of the White player...
[32;1m[Board] [0mInitializing board...
[32;1m[Board] [0mLoading history file `stats/Black/game-22/history.csv`...
[32;1m[Board] [0mLoaded 6 move(s).
[32;1m[RandomPlayer] [0mComputing possible moves...
[32;1m[RandomPlayer] [0m23 possible move(s)
[32;1m[RandomPlayer] [0mPlaying random move 2 out of 23
[32;1m[Game] [0mPlayer's error code: 0
[32;1m[Game] [0mChecking move validity...
[32;1m[Board] [0mInitializing board...
[32;1m[Board] [0mLoading history file `stats/Black/game-22/history.csv`...
[32;1m[Board] [0mLoaded 6 move(s).
[32;1m[Board] [0mLoading move file `stats/Black/game-22/move.csv`...
[32;1m[Board] [0mWhite player is playing c2 to c3.
[32;1m[Board] [0m
[32;1m[Board] [0m    a b c d e f g h 
[32;1m[Board] [0m  -------------------
[32;1m[Board] [0m8 ||[30;1mr[0m|[30;1mk[0m|[30;1mb[0m|[30;1mQ[0m|[30;1mK[0m|[30;1mb[0m|[30;1mk[0m|[30;1mr[0m|| 8
[32;1m[Board] [0m  -------------------
[32;1m[Board] [0m7 || |[7;1m [0m|[30;1mp[0m|[30;1mp[0m|[30;1mp[0m|[30;1mp[0m| |[30;1mp[0m|| 7
[32;1m[Board] [0m  -------------------
[32;1m[Board] [0m6 ||[7;1m [0m| |[7;1m [0m| |[7;1m [0m| |[7;1m [0m| || 6
[32;1m[Board] [0m  -------------------
[32;1m[Board] [0m5 ||[30;1mp[0m|[30;1mp[0m| |[7;1m [0m| |[7;1m [0m|[30;1mp[0m|[7;1m [0m|| 5
[32;1m[Board] [0m  -------------------
[32;1m[Board] [0m4 ||[0;1mp[0m| |[7;1m [0m| |[7;1m [0m| |[7;1m [0m| || 4
[32;1m[Board] [0m  -------------------
[32;1m[Board] [0m3 || |[0;1mp[0m|[0;1mp[0m|[7;1m [0m| |[7;1m [0m|[0;1mp[0m|[7;1m [0m|| 3
[32;1m[Board] [0m  -------------------
[32;1m[Board] [0m2 ||[7;1m [0m| |[7;1m [0m|[0;1mp[0m|[0;1mp[0m|[0;1mp[0m|[7;1m [0m|[0;1mp[0m|| 2
[32;1m[Board] [0m  -------------------
[32;1m[Board] [0m1 ||[0;1mr[0m|[0;1mk[0m|[0;1mb[0m|[0;1mQ[0m|[0;1mK[0m|[0;1mb[0m|[0;1mk[0m|[0;1mr[0m|| 1
[32;1m[Board] [0m  -------------------
[32;1m[Board] [0m    a b c d e f g h
[32;1m[Board] [0m
[32;1m[Referee] [0mThis is the turn of the Black player...
Position after history:

  +-----------------+
8 | r n b q k b n r |
7 | . . p p p p . p |
6 | . . . . . . . . |
5 | p p . . . . p . |
4 | P . . . . . . . |
3 | . P P . . . P . |
2 | . . . P P P . P |
1 | R N B Q K B N R |
  +-----------------+
    a b c d e f g h
Side to move: Black
Next move: c7c5 (score: -30)
[32;1m[Game] [0mPlayer's error code: 0
[32;1m[Game] [0mChecking move validity...
[32;1m[Board] [0mInitializing board...
[32;1m[Board] [0mLoading history file `stats/Black/game-22/history.csv`...
[32;1m[Board] [0mLoaded 7 move(s).
[32;1m[Board] [0mLoading move file `stats/Black/game-22/move.csv`...
[32;1m[Board] [0mBlack player is playing c7 to c5.
[32;1m[Board] [0m
[32;1m[Board] [0m    a b c d e f g h 
[32;1m[Board] [0m  -------------------
[32;1m[Board] [0m8 ||[30;1mr[0m|[30;1mk[0m|[30;1mb[0m|[30;1mQ[0m|[30;1mK[0m|[30;1mb[0m|[30;1mk[0m|[30;1mr[0m|| 8
[32;1m[Board] [0m  -------------------
[32;1m[Board] [0m7 || |[7;1m [0m| |[30;1mp[0m|[30;1mp[0m|[30;1mp[0m| |[30;1mp[0m|| 7
[32;1m[Board] [0m  -------------------
[32;1m[Board] [0m6 ||[7;1m [0m| |[7;1m [0m| |[7;1m [0m| |[7;1m [0m| || 6
[32;1m[Board] [0m  -------------------
[32;1m[Board] [0m5 ||[30;1mp[0m|[30;1mp[0m|[30;1mp[0m|[7;1m [0m| |[7;1m [0m|[30;1mp[0m|[7;1m [0m|| 5
[32;1m[Board] [0m  -------------------
[32;1m[Board] [0m4 ||[0;1mp[0m| |[7;1m [0m| |[7;1m [0m| |[7;1m [0m| || 4
[32;1m[Board] [0m  -------------------
[32;1m[Board] [0m3 || |[0;1mp[0m|[0;1mp[0m|[7;1m [0m| |[7;1m [0m|[0;1mp[0m|[7;1m [0m|| 3
[32;1m[Board] [0m  -------------------
[32;1m[Board] [0m2 ||[7;1m [0m| |[7;1m [0m|[0;1mp[0m|[0;1mp[0m|[0;1mp[0m|[7;1m [0m|[0;1mp[0m|| 2
[32;1m[Board] [0m  -------------------
[32;1m[Board] [0m1 ||[0;1mr[0m|[0;1mk[0m|[0;1mb[0m|[0;1mQ[0m|[0;1mK[0m|[0;1mb[0m|[0;1mk[0m|[0;1mr[0m|| 1
[32;1m[Board] [0m  -------------------
[32;1m[Board] [0m    a b c d e f g h
[32;1m[Board] [0m
[32;1m[Referee] [0mThis is the turn of the White player...
[32;1m[Board] [0mInitializing board...
[32;1m[Board] [0mLoading history file `stats/Black/game-22/history.csv`...
[32;1m[Board] [0mLoaded 8 move(s).
[32;1m[RandomPlayer] [0mComputing possible moves...
[32;1m[RandomPlayer] [0m22 possible move(s)
[32;1m[RandomPlayer] [0mPlaying random move 3 out of 22
[32;1m[Game] [0mPlayer's error code: 0
[32;1m[Game] [0mChecking move validity...
[32;1m[Board] [0mInitializing board...
[32;1m[Board] [0mLoading history file `stats/Black/game-22/history.csv`...
[32;1m[Board] [0mLoaded 8 move(s).
[32;1m[Board] [0mLoading move file `stats/Black/game-22/move.csv`...
[32;1m[Board] [0mWhite player is playing d2 to d3.
[32;1m[Board] [0m
[32;1m[Board] [0m    a b c d e f g h 
[32;1m[Board] [0m  -------------------
[32;1m[Board] [0m8 ||[30;1mr[0m|[30;1mk[0m|[30;1mb[0m|[30;1mQ[0m|[30;1mK[0m|[30;1mb[0m|[30;1mk[0m|[30;1mr[0m|| 8
[32;1m[Board] [0m  -------------------
[32;1m[Board] [0m7 || |[7;1m [0m| |[30;1mp[0m|[30;1mp[0m|[30;1mp[0m| |[30;1mp[0m|| 7
[32;1m[Board] [0m  -------------------
[32;1m[Board] [0m6 ||[7;1m [0m| |[7;1m [0m| |[7;1m [0m| |[7;1m [0m| || 6
[32;1m[Board] [0m  -------------------
[32;1m[Board] [0m5 ||[30;1mp[0m|[30;1mp[0m|[30;1mp[0m|[7;1m [0m| |[7;1m [0m|[30;1mp[0m|[7;1m [0m|| 5
[32;1m[Board] [0m  -------------------
[32;1m[Board] [0m4 ||[0;1mp[0m| |[7;1m [0m| |[7;1m [0m| |[7;1m [0m| || 4
[32;1m[Board] [0m  -------------------
[32;1m[Board] [0m3 || |[0;1mp[0m|[0;1mp[0m|[0;1mp[0m| |[7;1m [0m|[0;1mp[0m|[7;1m [0m|| 3
[32;1m[Board] [0m  -------------------
[32;1m[Board] [0m2 ||[7;1m [0m| |[7;1m [0m| |[0;1mp[0m|[0;1mp[0m|[7;1m [0m|[0;1mp[0m|| 2
[32;1m[Board] [0m  -------------------
[32;1m[Board] [0m1 ||[0;1mr[0m|[0;1mk[0m|[0;1mb[0m|[0;1mQ[0m|[0;1mK[0m|[0;1mb[0m|[0;1mk[0m|[0;1mr[0m|| 1
[32;1m[Board] [0m  -------------------
[32;1m[Board] [0m    a b c d e f g h
[32;1m[Board] [0m
[32;1m[Referee] [0mThis is the turn of the Black player...
Position after history:

  +-----------------+
8 | r n b q k b n r |
7 | . . . p p p . p |
6 | . . . . . . . . |
5 | p p p . . . p . |
4 | P . . . . . . . |
3 | . P P P . . P . |
2 | . . . . P P . P |
1 | R N B Q K B N R |
  +-----------------+
    a b c d e f g h
Side to move: Black
Next move: f7f5 (score: -10)
[32;1m[Game] [0mPlayer's error code: 0
[32;1m[Game] [0mChecking move validity...
[32;1m[Board] [0mInitializing board...
[32;1m[Board] [0mLoading history file `stats/Black/game-22/history.csv`...
[32;1m[Board] [0mLoaded 9 move(s).
[32;1m[Board] [0mLoading move file `stats/Black/game-22/move.csv`...
[32;1m[Board] [0mBlack player is playing f7 to f5.
[32;1m[Board] [0m
[32;1m[Board] [0m    a b c d e f g h 
[32;1m[Board] [0m  -------------------
[32;1m[Board] [0m8 ||[30;1mr[0m|[30;1mk[0m|[30;1mb[0m|[30;1mQ[0m|[30;1mK[0m|[30;1mb[0m|[30;1mk[0m|[30;1mr[0m|| 8
[32;1m[Board] [0m  -------------------
[32;1m[Board] [0m7 || |[7;1m [0m| |[30;1mp[0m|[30;1mp[0m|[7;1m [0m| |[30;1mp[0m|| 7
[32;1m[Board] [0m  -------------------
[32;1m[Board] [0m6 ||[7;1m [0m| |[7;1m [0m| |[7;1m [0m| |[7;1m [0m| || 6
[32;1m[Board] [0m  -------------------
[32;1m[Board] [0m5 ||[30;1mp[0m|[30;1mp[0m|[30;1mp[0m|[7;1m [0m| |[30;1mp[0m|[30;1mp[0m|[7;1m [0m|| 5
[32;1m[Board] [0m  -------------------
[32;1m[Board] [0m4 ||[0;1mp[0m| |[7;1m [0m| |[7;1m [0m| |[7;1m [0m| || 4
[32;1m[Board] [0m  -------------------
[32;1m[Board] [0m3 || |[0;1mp[0m|[0;1mp[0m|[0;1mp[0m| |[7;1m [0m|[0;1mp[0m|[7;1m [0m|| 3
[32;1m[Board] [0m  -------------------
[32;1m[Board] [0m2 ||[7;1m [0m| |[7;1m [0m| |[0;1mp[0m|[0;1mp[0m|[7;1m [0m|[0;1mp[0m|| 2
[32;1m[Board] [0m  -------------------
[32;1m[Board] [0m1 ||[0;1mr[0m|[0;1mk[0m|[0;1mb[0m|[0;1mQ[0m|[0;1mK[0m|[0;1mb[0m|[0;1mk[0m|[0;1mr[0m|| 1
[32;1m[Board] [0m  -------------------
[32;1m[Board] [0m    a b c d e f g h
[32;1m[Board] [0m
[32;1m[Referee] [0mThis is the turn of the White player...
[32;1m[Board] [0mInitializing board...
[32;1m[Board] [0mLoading history file `stats/Black/game-22/history.csv`...
[32;1m[Board] [0mLoaded 10 move(s).
[32;1m[RandomPlayer] [0mComputing possible moves...
[32;1m[RandomPlayer] [0m28 possible move(s)
[32;1m[RandomPlayer] [0mPlaying random move 10 out of 28
[32;1m[Game] [0mPlayer's error code: 0
[32;1m[Game] [0mChecking move validity...
[32;1m[Board] [0mInitializing board...
[32;1m[Board] [0mLoading history file `stats/Black/game-22/history.csv`...
[32;1m[Board] [0mLoaded 10 move(s).
[32;1m[Board] [0mLoading move file `stats/Black/game-22/move.csv`...
[32;1m[Board] [0mWhite player is playing h2 to h4.
[32;1m[Board] [0m
[32;1m[Board] [0m    a b c d e f g h 
[32;1m[Board] [0m  -------------------
[32;1m[Board] [0m8 ||[30;1mr[0m|[30;1mk[0m|[30;1mb[0m|[30;1mQ[0m|[30;1mK[0m|[30;1mb[0m|[30;1mk[0m|[30;1mr[0m|| 8
[32;1m[Board] [0m  -------------------
[32;1m[Board] [0m7 || |[7;1m [0m| |[30;1mp[0m|[30;1mp[0m|[7;1m [0m| |[30;1mp[0m|| 7
[32;1m[Board] [0m  -------------------
[32;1m[Board] [0m6 ||[7;1m [0m| |[7;1m [0m| |[7;1m [0m| |[7;1m [0m| || 6
[32;1m[Board] [0m  -------------------
[32;1m[Board] [0m5 ||[30;1mp[0m|[30;1mp[0m|[30;1mp[0m|[7;1m [0m| |[30;1mp[0m|[30;1mp[0m|[7;1m [0m|| 5
[32;1m[Board] [0m  -------------------
[32;1m[Board] [0m4 ||[0;1mp[0m| |[7;1m [0m| |[7;1m [0m| |[7;1m [0m|[0;1mp[0m|| 4
[32;1m[Board] [0m  -------------------
[32;1m[Board] [0m3 || |[0;1mp[0m|[0;1mp[0m|[0;1mp[0m| |[7;1m [0m|[0;1mp[0m|[7;1m [0m|| 3
[32;1m[Board] [0m  -------------------
[32;1m[Board] [0m2 ||[7;1m [0m| |[7;1m [0m| |[0;1mp[0m|[0;1mp[0m|[7;1m [0m| || 2
[32;1m[Board] [0m  -------------------
[32;1m[Board] [0m1 ||[0;1mr[0m|[0;1mk[0m|[0;1mb[0m|[0;1mQ[0m|[0;1mK[0m|[0;1mb[0m|[0;1mk[0m|[0;1mr[0m|| 1
[32;1m[Board] [0m  -------------------
[32;1m[Board] [0m    a b c d e f g h
[32;1m[Board] [0m
[32;1m[Referee] [0mThis is the turn of the Black player...
Position after history:

  +-----------------+
8 | r n b q k b n r |
7 | . . . p p . . p |
6 | . . . . . . . . |
5 | p p p . . p p . |
4 | P . . . . . . P |
3 | . P P P . . P . |
2 | . . . . P P . . |
1 | R N B Q K B N R |
  +-----------------+
    a b c d e f g h
Side to move: Black
Next move: d7d5 (score: -10)
[32;1m[Game] [0mPlayer's error code: 0
[32;1m[Game] [0mChecking move validity...
[32;1m[Board] [0mInitializing board...
[32;1m[Board] [0mLoading history file `stats/Black/game-22/history.csv`...
[32;1m[Board] [0mLoaded 11 move(s).
[32;1m[Board] [0mLoading move file `stats/Black/game-22/move.csv`...
[32;1m[Board] [0mBlack player is playing d7 to d5.
[32;1m[Board] [0m
[32;1m[Board] [0m    a b c d e f g h 
[32;1m[Board] [0m  -------------------
[32;1m[Board] [0m8 ||[30;1mr[0m|[30;1mk[0m|[30;1mb[0m|[30;1mQ[0m|[30;1mK[0m|[30;1mb[0m|[30;1mk[0m|[30;1mr[0m|| 8
[32;1m[Board] [0m  -------------------
[32;1m[Board] [0m7 || |[7;1m [0m| |[7;1m [0m|[30;1mp[0m|[7;1m [0m| |[30;1mp[0m|| 7
[32;1m[Board] [0m  -------------------
[32;1m[Board] [0m6 ||[7;1m [0m| |[7;1m [0m| |[7;1m [0m| |[7;1m [0m| || 6
[32;1m[Board] [0m  -------------------
[32;1m[Board] [0m5 ||[30;1mp[0m|[30;1mp[0m|[30;1mp[0m|[30;1mp[0m| |[30;1mp[0m|[30;1mp[0m|[7;1m [0m|| 5
[32;1m[Board] [0m  -------------------
[32;1m[Board] [0m4 ||[0;1mp[0m| |[7;1m [0m| |[7;1m [0m| |[7;1m [0m|[0;1mp[0m|| 4
[32;1m[Board] [0m  -------------------
[32;1m[Board] [0m3 || |[0;1mp[0m|[0;1mp[0m|[0;1mp[0m| |[7;1m [0m|[0;1mp[0m|[7;1m [0m|| 3
[32;1m[Board] [0m  -------------------
[32;1m[Board] [0m2 ||[7;1m [0m| |[7;1m [0m| |[0;1mp[0m|[0;1mp[0m|[7;1m [0m| || 2
[32;1m[Board] [0m  -------------------
[32;1m[Board] [0m1 ||[0;1mr[0m|[0;1mk[0m|[0;1mb[0m|[0;1mQ[0m|[0;1mK[0m|[0;1mb[0m|[0;1mk[0m|[0;1mr[0m|| 1
[32;1m[Board] [0m  -------------------
[32;1m[Board] [0m    a b c d e f g h
[32;1m[Board] [0m
[32;1m[Referee] [0mThis is the turn of the White player...
[32;1m[Board] [0mInitializing board...
[32;1m[Board] [0mLoading history file `stats/Black/game-22/history.csv`...
[32;1m[Board] [0mLoaded 12 move(s).
[32;1m[RandomPlayer] [0mComputing possible moves...
[32;1m[RandomPlayer] [0m30 possible move(s)
[32;1m[RandomPlayer] [0mPlaying random move 13 out of 30
[32;1m[Game] [0mPlayer's error code: 0
[32;1m[Game] [0mChecking move validity...
[32;1m[Board] [0mInitializing board...
[32;1m[Board] [0mLoading history file `stats/Black/game-22/history.csv`...
[32;1m[Board] [0mLoaded 12 move(s).
[32;1m[Board] [0mLoading move file `stats/Black/game-22/move.csv`...
[32;1m[Board] [0mWhite player is playing h1 to h2.
[32;1m[Board] [0m
[32;1m[Board] [0m    a b c d e f g h 
[32;1m[Board] [0m  -------------------
[32;1m[Board] [0m8 ||[30;1mr[0m|[30;1mk[0m|[30;1mb[0m|[30;1mQ[0m|[30;1mK[0m|[30;1mb[0m|[30;1mk[0m|[30;1mr[0m|| 8
[32;1m[Board] [0m  -------------------
[32;1m[Board] [0m7 || |[7;1m [0m| |[7;1m [0m|[30;1mp[0m|[7;1m [0m| |[30;1mp[0m|| 7
[32;1m[Board] [0m  -------------------
[32;1m[Board] [0m6 ||[7;1m [0m| |[7;1m [0m| |[7;1m [0m| |[7;1m [0m| || 6
[32;1m[Board] [0m  -------------------
[32;1m[Board] [0m5 ||[30;1mp[0m|[30;1mp[0m|[30;1mp[0m|[30;1mp[0m| |[30;1mp[0m|[30;1mp[0m|[7;1m [0m|| 5
[32;1m[Board] [0m  -------------------
[32;1m[Board] [0m4 ||[0;1mp[0m| |[7;1m [0m| |[7;1m [0m| |[7;1m [0m|[0;1mp[0m|| 4
[32;1m[Board] [0m  -------------------
[32;1m[Board] [0m3 || |[0;1mp[0m|[0;1mp[0m|[0;1mp[0m| |[7;1m [0m|[0;1mp[0m|[7;1m [0m|| 3
[32;1m[Board] [0m  -------------------
[32;1m[Board] [0m2 ||[7;1m [0m| |[7;1m [0m| |[0;1mp[0m|[0;1mp[0m|[7;1m [0m|[0;1mr[0m|| 2
[32;1m[Board] [0m  -------------------
[32;1m[Board] [0m1 ||[0;1mr[0m|[0;1mk[0m|[0;1mb[0m|[0;1mQ[0m|[0;1mK[0m|[0;1mb[0m|[0;1mk[0m|[7;1m [0m|| 1
[32;1m[Board] [0m  -------------------
[32;1m[Board] [0m    a b c d e f g h
[32;1m[Board] [0m
[32;1m[Referee] [0mThis is the turn of the Black player...
Position after history:

  +-----------------+
8 | r n b q k b n r |
7 | . . . . p . . p |
6 | . . . . . . . . |
5 | p p p p . p p . |
4 | P . . . . . . P |
3 | . P P P . . P . |
2 | . . . . P P . R |
1 | R N B Q K B N . |
  +-----------------+
    a b c d e f g h
Side to move: Black
Next move: e7e5 (score: 20)
[32;1m[Game] [0mPlayer's error code: 0
[32;1m[Game] [0mChecking move validity...
[32;1m[Board] [0mInitializing board...
[32;1m[Board] [0mLoading history file `stats/Black/game-22/history.csv`...
[32;1m[Board] [0mLoaded 13 move(s).
[32;1m[Board] [0mLoading move file `stats/Black/game-22/move.csv`...
[32;1m[Board] [0mBlack player is playing e7 to e5.
[32;1m[Board] [0m
[32;1m[Board] [0m    a b c d e f g h 
[32;1m[Board] [0m  -------------------
[32;1m[Board] [0m8 ||[30;1mr[0m|[30;1mk[0m|[30;1mb[0m|[30;1mQ[0m|[30;1mK[0m|[30;1mb[0m|[30;1mk[0m|[30;1mr[0m|| 8
[32;1m[Board] [0m  -------------------
[32;1m[Board] [0m7 || |[7;1m [0m| |[7;1m [0m| |[7;1m [0m| |[30;1mp[0m|| 7
[32;1m[Board] [0m  -------------------
[32;1m[Board] [0m6 ||[7;1m [0m| |[7;1m [0m| |[7;1m [0m| |[7;1m [0m| || 6
[32;1m[Board] [0m  -------------------
[32;1m[Board] [0m5 ||[30;1mp[0m|[30;1mp[0m|[30;1mp[0m|[30;1mp[0m|[30;1mp[0m|[30;1mp[0m|[30;1mp[0m|[7;1m [0m|| 5
[32;1m[Board] [0m  -------------------
[32;1m[Board] [0m4 ||[0;1mp[0m| |[7;1m [0m| |[7;1m [0m| |[7;1m [0m|[0;1mp[0m|| 4
[32;1m[Board] [0m  -------------------
[32;1m[Board] [0m3 || |[0;1mp[0m|[0;1mp[0m|[0;1mp[0m| |[7;1m [0m|[0;1mp[0m|[7;1m [0m|| 3
[32;1m[Board] [0m  -------------------
[32;1m[Board] [0m2 ||[7;1m [0m| |[7;1m [0m| |[0;1mp[0m|[0;1mp[0m|[7;1m [0m|[0;1mr[0m|| 2
[32;1m[Board] [0m  -------------------
[32;1m[Board] [0m1 ||[0;1mr[0m|[0;1mk[0m|[0;1mb[0m|[0;1mQ[0m|[0;1mK[0m|[0;1mb[0m|[0;1mk[0m|[7;1m [0m|| 1
[32;1m[Board] [0m  -------------------
[32;1m[Board] [0m    a b c d e f g h
[32;1m[Board] [0m
[32;1m[Referee] [0mThis is the turn of the White player...
[32;1m[Board] [0mInitializing board...
[32;1m[Board] [0mLoading history file `stats/Black/game-22/history.csv`...
[32;1m[Board] [0mLoaded 14 move(s).
[32;1m[RandomPlayer] [0mComputing possible moves...
[32;1m[RandomPlayer] [0m31 possible move(s)
[32;1m[RandomPlayer] [0mPlaying random move 3 out of 31
[32;1m[Game] [0mPlayer's error code: 0
[32;1m[Game] [0mChecking move validity...
[32;1m[Board] [0mInitializing board...
[32;1m[Board] [0mLoading history file `stats/Black/game-22/history.csv`...
[32;1m[Board] [0mLoaded 14 move(s).
[32;1m[Board] [0mLoading move file `stats/Black/game-22/move.csv`...
[32;1m[Board] [0mWhite player is playing d3 to d4.
[32;1m[Board] [0m
[32;1m[Board] [0m    a b c d e f g h 
[32;1m[Board] [0m  -------------------
[32;1m[Board] [0m8 ||[30;1mr[0m|[30;1mk[0m|[30;1mb[0m|[30;1mQ[0m|[30;1mK[0m|[30;1mb[0m|[30;1mk[0m|[30;1mr[0m|| 8
[32;1m[Board] [0m  -------------------
[32;1m[Board] [0m7 || |[7;1m [0m| |[7;1m [0m| |[7;1m [0m| |[30;1mp[0m|| 7
[32;1m[Board] [0m  -------------------
[32;1m[Board] [0m6 ||[7;1m [0m| |[7;1m [0m| |[7;1m [0m| |[7;1m [0m| || 6
[32;1m[Board] [0m  -------------------
[32;1m[Board] [0m5 ||[30;1mp[0m|[30;1mp[0m|[30;1mp[0m|[30;1mp[0m|[30;1mp[0m|[30;1mp[0m|[30;1mp[0m|[7;1m [0m|| 5
[32;1m[Board] [0m  -------------------
[32;1m[Board] [0m4 ||[0;1mp[0m| |[7;1m [0m|[0;1mp[0m|[7;1m [0m| |[7;1m [0m|[0;1mp[0m|| 4
[32;1m[Board] [0m  -------------------
[32;1m[Board] [0m3 || |[0;1mp[0m|[0;1mp[0m|[7;1m [0m| |[7;1m [0m|[0;1mp[0m|[7;1m [0m|| 3
[32;1m[Board] [0m  -------------------
[32;1m[Board] [0m2 ||[7;1m [0m| |[7;1m [0m| |[0;1mp[0m|[0;1mp[0m|[7;1m [0m|[0;1mr[0m|| 2
[32;1m[Board] [0m  -------------------
[32;1m[Board] [0m1 ||[0;1mr[0m|[0;1mk[0m|[0;1mb[0m|[0;1mQ[0m|[0;1mK[0m|[0;1mb[0m|[0;1mk[0m|[7;1m [0m|| 1
[32;1m[Board] [0m  -------------------
[32;1m[Board] [0m    a b c d e f g h
[32;1m[Board] [0m
[32;1m[Referee] [0mThis is the turn of the Black player...
Position after history:

  +-----------------+
8 | r n b q k b n r |
7 | . . . . . . . p |
6 | . . . . . . . . |
5 | p p p p p p p . |
4 | P . . P . . . P |
3 | . P P . . . P . |
2 | . . . . P P . R |
1 | R N B Q K B N . |
  +-----------------+
    a b c d e f g h
Side to move: Black
Next move: f5f4 (score: 35)
[32;1m[Game] [0mPlayer's error code: 0
[32;1m[Game] [0mChecking move validity...
[32;1m[Board] [0mInitializing board...
[32;1m[Board] [0mLoading history file `stats/Black/game-22/history.csv`...
[32;1m[Board] [0mLoaded 15 move(s).
[32;1m[Board] [0mLoading move file `stats/Black/game-22/move.csv`...
[32;1m[Board] [0mBlack player is playing f5 to f4.
[32;1m[Board] [0m
[32;1m[Board] [0m    a b c d e f g h 
[32;1m[Board] [0m  -------------------
[32;1m[Board] [0m8 ||[30;1mr[0m|[30;1mk[0m|[30;1mb[0m|[30;1mQ[0m|[30;1mK[0m|[30;1mb[0m|[30;1mk[0m|[30;1mr[0m|| 8
[32;1m[Board] [0m  -------------------
[32;1m[Board] [0m7 || |[7;1m [0m| |[7;1m [0m| |[7;1m [0m| |[30;1mp[0m|| 7
[32;1m[Board] [0m  -------------------
[32;1m[Board] [0m6 ||[7;1m [0m| |[7;1m [0m| |[7;1m [0m| |[7;1m [0m| || 6
[32;1m[Board] [0m  -------------------
[32;1m[Board] [0m5 ||[30;1mp[0m|[30;1mp[0m|[30;1mp[0m|[30;1mp[0m|[30;1mp[0m|[7;1m [0m|[30;1mp[0m|[7;1m [0m|| 5
[32;1m[Board] [0m  -------------------
[32;1m[Board] [0m4 ||[0;1mp[0m| |[7;1m [0m|[0;1mp[0m|[7;1m [0m|[30;1mp[0m|[7;1m [0m|[0;1mp[0m|| 4
[32;1m[Board] [0m  -------------------
[32;1m[Board] [0m3 || |[0;1mp[0m|[0;1mp[0m|[7;1m [0m| |[7;1m [0m|[0;1mp[0m|[7;1m [0m|| 3
[32;1m[Board] [0m  -------------------
[32;1m[Board] [0m2 ||[7;1m [0m| |[7;1m [0m| |[0;1mp[0m|[0;1mp[0m|[7;1m [0m|[0;1mr[0m|| 2
[32;1m[Board] [0m  -------------------
[32;1m[Board] [0m1 ||[0;1mr[0m|[0;1mk[0m|[0;1mb[0m|[0;1mQ[0m|[0;1mK[0m|[0;1mb[0m|[0;1mk[0m|[7;1m [0m|| 1
[32;1m[Board] [0m  -------------------
[32;1m[Board] [0m    a b c d e f g h
[32;1m[Board] [0m
[32;1m[Referee] [0mThis is the turn of the White player...
[32;1m[Board] [0mInitializing board...
[32;1m[Board] [0mLoading history file `stats/Black/game-22/history.csv`...
[32;1m[Board] [0mLoaded 16 move(s).
[32;1m[RandomPlayer] [0mComputing possible moves...
[32;1m[RandomPlayer] [0m32 possible move(s)
[32;1m[RandomPlayer] [0mPlaying random move 9 out of 32
[32;1m[Game] [0mPlayer's error code: 0
[32;1m[Game] [0mChecking move validity...
[32;1m[Board] [0mInitializing board...
[32;1m[Board] [0mLoading history file `stats/Black/game-22/history.csv`...
[32;1m[Board] [0mLoaded 16 move(s).
[32;1m[Board] [0mLoading move file `stats/Black/game-22/move.csv`...
[32;1m[Board] [0mWhite player is playing g3 to f4.
[32;1m[Board] [0m[5;1mWhite Pawn is taking Black Pawn.[0m
[32;1m[Board] [0m
[32;1m[Board] [0m    a b c d e f g h 
[32;1m[Board] [0m  -------------------
[32;1m[Board] [0m8 ||[30;1mr[0m|[30;1mk[0m|[30;1mb[0m|[30;1mQ[0m|[30;1mK[0m|[30;1mb[0m|[30;1mk[0m|[30;1mr[0m|| 8
[32;1m[Board] [0m  -------------------
[32;1m[Board] [0m7 || |[7;1m [0m| |[7;1m [0m| |[7;1m [0m| |[30;1mp[0m|| 7
[32;1m[Board] [0m  -------------------
[32;1m[Board] [0m6 ||[7;1m [0m| |[7;1m [0m| |[7;1m [0m| |[7;1m [0m| || 6
[32;1m[Board] [0m  -------------------
[32;1m[Board] [0m5 ||[30;1mp[0m|[30;1mp[0m|[30;1mp[0m|[30;1mp[0m|[30;1mp[0m|[7;1m [0m|[30;1mp[0m|[7;1m [0m|| 5
[32;1m[Board] [0m  -------------------
[32;1m[Board] [0m4 ||[0;1mp[0m| |[7;1m [0m|[0;1mp[0m|[7;1m [0m|[0;1mp[0m|[7;1m [0m|[0;1mp[0m|| 4
[32;1m[Board] [0m  -------------------
[32;1m[Board] [0m3 || |[0;1mp[0m|[0;1mp[0m|[7;1m [0m| |[7;1m [0m| |[7;1m [0m|| 3
[32;1m[Board] [0m  -------------------
[32;1m[Board] [0m2 ||[7;1m [0m| |[7;1m [0m| |[0;1mp[0m|[0;1mp[0m|[7;1m [0m|[0;1mr[0m|| 2
[32;1m[Board] [0m  -------------------
[32;1m[Board] [0m1 ||[0;1mr[0m|[0;1mk[0m|[0;1mb[0m|[0;1mQ[0m|[0;1mK[0m|[0;1mb[0m|[0;1mk[0m|[7;1m [0m|| 1
[32;1m[Board] [0m  -------------------
[32;1m[Board] [0m    a b c d e f g h
[32;1m[Board] [0m
[32;1m[Referee] [0mThis is the turn of the Black player...
Position after history:

  +-----------------+
8 | r n b q k b n r |
7 | . . . . . . . p |
6 | . . . . . . . . |
5 | p p p p p . p . |
4 | P . . P . P . P |
3 | . P P . . . . . |
2 | . . . . P P . R |
1 | R N B Q K B N . |
  +-----------------+
    a b c d e f g h
Side to move: Black
Next move: c5c4 (score: 105)
[32;1m[Game] [0mPlayer's error code: 0
[32;1m[Game] [0mChecking move validity...
[32;1m[Board] [0mInitializing board...
[32;1m[Board] [0mLoading history file `stats/Black/game-22/history.csv`...
[32;1m[Board] [0mLoaded 17 move(s).
[32;1m[Board] [0mLoading move file `stats/Black/game-22/move.csv`...
[32;1m[Board] [0mBlack player is playing c5 to c4.
[32;1m[Board] [0m
[32;1m[Board] [0m    a b c d e f g h 
[32;1m[Board] [0m  -------------------
[32;1m[Board] [0m8 ||[30;1mr[0m|[30;1mk[0m|[30;1mb[0m|[30;1mQ[0m|[30;1mK[0m|[30;1mb[0m|[30;1mk[0m|[30;1mr[0m|| 8
[32;1m[Board] [0m  -------------------
[32;1m[Board] [0m7 || |[7;1m [0m| |[7;1m [0m| |[7;1m [0m| |[30;1mp[0m|| 7
[32;1m[Board] [0m  -------------------
[32;1m[Board] [0m6 ||[7;1m [0m| |[7;1m [0m| |[7;1m [0m| |[7;1m [0m| || 6
[32;1m[Board] [0m  -------------------
[32;1m[Board] [0m5 ||[30;1mp[0m|[30;1mp[0m| |[30;1mp[0m|[30;1mp[0m|[7;1m [0m|[30;1mp[0m|[7;1m [0m|| 5
[32;1m[Board] [0m  -------------------
[32;1m[Board] [0m4 ||[0;1mp[0m| |[30;1mp[0m|[0;1mp[0m|[7;1m [0m|[0;1mp[0m|[7;1m [0m|[0;1mp[0m|| 4
[32;1m[Board] [0m  -------------------
[32;1m[Board] [0m3 || |[0;1mp[0m|[0;1mp[0m|[7;1m [0m| |[7;1m [0m| |[7;1m [0m|| 3
[32;1m[Board] [0m  -------------------
[32;1m[Board] [0m2 ||[7;1m [0m| |[7;1m [0m| |[0;1mp[0m|[0;1mp[0m|[7;1m [0m|[0;1mr[0m|| 2
[32;1m[Board] [0m  -------------------
[32;1m[Board] [0m1 ||[0;1mr[0m|[0;1mk[0m|[0;1mb[0m|[0;1mQ[0m|[0;1mK[0m|[0;1mb[0m|[0;1mk[0m|[7;1m [0m|| 1
[32;1m[Board] [0m  -------------------
[32;1m[Board] [0m    a b c d e f g h
[32;1m[Board] [0m
[32;1m[Referee] [0mThis is the turn of the White player...
[32;1m[Board] [0mInitializing board...
[32;1m[Board] [0mLoading history file `stats/Black/game-22/history.csv`...
[32;1m[Board] [0mLoaded 18 move(s).
[32;1m[RandomPlayer] [0mComputing possible moves...
[32;1m[RandomPlayer] [0m31 possible move(s)
[32;1m[RandomPlayer] [0mPlaying random move 8 out of 31
[32;1m[Game] [0mPlayer's error code: 0
[32;1m[Game] [0mChecking move validity...
[32;1m[Board] [0mInitializing board...
[32;1m[Board] [0mLoading history file `stats/Black/game-22/history.csv`...
[32;1m[Board] [0mLoaded 18 move(s).
[32;1m[Board] [0mLoading move file `stats/Black/game-22/move.csv`...
[32;1m[Board] [0mWhite player is playing f4 to g5.
[32;1m[Board] [0m[5;1mWhite Pawn is taking Black Pawn.[0m
[32;1m[Board] [0m
[32;1m[Board] [0m    a b c d e f g h 
[32;1m[Board] [0m  -------------------
[32;1m[Board] [0m8 ||[30;1mr[0m|[30;1mk[0m|[30;1mb[0m|[30;1mQ[0m|[30;1mK[0m|[30;1mb[0m|[30;1mk[0m|[30;1mr[0m|| 8
[32;1m[Board] [0m  -------------------
[32;1m[Board] [0m7 || |[7;1m [0m| |[7;1m [0m| |[7;1m [0m| |[30;1mp[0m|| 7
[32;1m[Board] [0m  -------------------
[32;1m[Board] [0m6 ||[7;1m [0m| |[7;1m [0m| |[7;1m [0m| |[7;1m [0m| || 6
[32;1m[Board] [0m  -------------------
[32;1m[Board] [0m5 ||[30;1mp[0m|[30;1mp[0m| |[30;1mp[0m|[30;1mp[0m|[7;1m [0m|[0;1mp[0m|[7;1m [0m|| 5
[32;1m[Board] [0m  -------------------
[32;1m[Board] [0m4 ||[0;1mp[0m| |[30;1mp[0m|[0;1mp[0m|[7;1m [0m| |[7;1m [0m|[0;1mp[0m|| 4
[32;1m[Board] [0m  -------------------
[32;1m[Board] [0m3 || |[0;1mp[0m|[0;1mp[0m|[7;1m [0m| |[7;1m [0m| |[7;1m [0m|| 3
[32;1m[Board] [0m  -------------------
[32;1m[Board] [0m2 ||[7;1m [0m| |[7;1m [0m| |[0;1mp[0m|[0;1mp[0m|[7;1m [0m|[0;1mr[0m|| 2
[32;1m[Board] [0m  -------------------
[32;1m[Board] [0m1 ||[0;1mr[0m|[0;1mk[0m|[0;1mb[0m|[0;1mQ[0m|[0;1mK[0m|[0;1mb[0m|[0;1mk[0m|[7;1m [0m|| 1
[32;1m[Board] [0m  -------------------
[32;1m[Board] [0m    a b c d e f g h
[32;1m[Board] [0m
[32;1m[Referee] [0mThis is the turn of the Black player...
Position after history:

  +-----------------+
8 | r n b q k b n r |
7 | . . . . . . . p |
6 | . . . . . . . . |
5 | p p . p p . P . |
4 | P . p P . . . P |
3 | . P P . . . . . |
2 | . . . . P P . R |
1 | R N B Q K B N . |
  +-----------------+
    a b c d e f g h
Side to move: Black
Next move: h7h5 (score: 305)
[32;1m[Game] [0mPlayer's error code: 0
[32;1m[Game] [0mChecking move validity...
[32;1m[Board] [0mInitializing board...
[32;1m[Board] [0mLoading history file `stats/Black/game-22/history.csv`...
[32;1m[Board] [0mLoaded 19 move(s).
[32;1m[Board] [0mLoading move file `stats/Black/game-22/move.csv`...
[32;1m[Board] [0mBlack player is playing h7 to h5.
[32;1m[Board] [0m
[32;1m[Board] [0m    a b c d e f g h 
[32;1m[Board] [0m  -------------------
[32;1m[Board] [0m8 ||[30;1mr[0m|[30;1mk[0m|[30;1mb[0m|[30;1mQ[0m|[30;1mK[0m|[30;1mb[0m|[30;1mk[0m|[30;1mr[0m|| 8
[32;1m[Board] [0m  -------------------
[32;1m[Board] [0m7 || |[7;1m [0m| |[7;1m [0m| |[7;1m [0m| |[7;1m [0m|| 7
[32;1m[Board] [0m  -------------------
[32;1m[Board] [0m6 ||[7;1m [0m| |[7;1m [0m| |[7;1m [0m| |[7;1m [0m| || 6
[32;1m[Board] [0m  -------------------
[32;1m[Board] [0m5 ||[30;1mp[0m|[30;1mp[0m| |[30;1mp[0m|[30;1mp[0m|[7;1m [0m|[0;1mp[0m|[30;1mp[0m|| 5
[32;1m[Board] [0m  -------------------
[32;1m[Board] [0m4 ||[0;1mp[0m| |[30;1mp[0m|[0;1mp[0m|[7;1m [0m| |[7;1m [0m|[0;1mp[0m|| 4
[32;1m[Board] [0m  -------------------
[32;1m[Board] [0m3 || |[0;1mp[0m|[0;1mp[0m|[7;1m [0m| |[7;1m [0m| |[7;1m [0m|| 3
[32;1m[Board] [0m  -------------------
[32;1m[Board] [0m2 ||[7;1m [0m| |[7;1m [0m| |[0;1mp[0m|[0;1mp[0m|[7;1m [0m|[0;1mr[0m|| 2
[32;1m[Board] [0m  -------------------
[32;1m[Board] [0m1 ||[0;1mr[0m|[0;1mk[0m|[0;1mb[0m|[0;1mQ[0m|[0;1mK[0m|[0;1mb[0m|[0;1mk[0m|[7;1m [0m|| 1
[32;1m[Board] [0m  -------------------
[32;1m[Board] [0m    a b c d e f g h
[32;1m[Board] [0m
[32;1m[Referee] [0mThis is the turn of the White player...
[32;1m[Board] [0mInitializing board...
[32;1m[Board] [0mLoading history file `stats/Black/game-22/history.csv`...
[32;1m[Board] [0mLoaded 20 move(s).
[32;1m[RandomPlayer] [0mComputing possible moves...
[32;1m[RandomPlayer] [0m30 possible move(s)
[32;1m[RandomPlayer] [0mPlaying random move 7 out of 30
[32;1m[Game] [0mPlayer's error code: 0
[32;1m[Game] [0mChecking move validity...
[32;1m[Board] [0mInitializing board...
[32;1m[Board] [0mLoading history file `stats/Black/game-22/history.csv`...
[32;1m[Board] [0mLoaded 20 move(s).
[32;1m[Board] [0mLoading move file `stats/Black/game-22/move.csv`...
[32;1m[Board] [0mWhite player is playing f2 to f4.
[32;1m[Board] [0m
[32;1m[Board] [0m    a b c d e f g h 
[32;1m[Board] [0m  -------------------
[32;1m[Board] [0m8 ||[30;1mr[0m|[30;1mk[0m|[30;1mb[0m|[30;1mQ[0m|[30;1mK[0m|[30;1mb[0m|[30;1mk[0m|[30;1mr[0m|| 8
[32;1m[Board] [0m  -------------------
[32;1m[Board] [0m7 || |[7;1m [0m| |[7;1m [0m| |[7;1m [0m| |[7;1m [0m|| 7
[32;1m[Board] [0m  -------------------
[32;1m[Board] [0m6 ||[7;1m [0m| |[7;1m [0m| |[7;1m [0m| |[7;1m [0m| || 6
[32;1m[Board] [0m  -------------------
[32;1m[Board] [0m5 ||[30;1mp[0m|[30;1mp[0m| |[30;1mp[0m|[30;1mp[0m|[7;1m [0m|[0;1mp[0m|[30;1mp[0m|| 5
[32;1m[Board] [0m  -------------------
[32;1m[Board] [0m4 ||[0;1mp[0m| |[30;1mp[0m|[0;1mp[0m|[7;1m [0m|[0;1mp[0m|[7;1m [0m|[0;1mp[0m|| 4
[32;1m[Board] [0m  -------------------
[32;1m[Board] [0m3 || |[0;1mp[0m|[0;1mp[0m|[7;1m [0m| |[7;1m [0m| |[7;1m [0m|| 3
[32;1m[Board] [0m  -------------------
[32;1m[Board] [0m2 ||[7;1m [0m| |[7;1m [0m| |[0;1mp[0m| |[7;1m [0m|[0;1mr[0m|| 2
[32;1m[Board] [0m  -------------------
[32;1m[Board] [0m1 ||[0;1mr[0m|[0;1mk[0m|[0;1mb[0m|[0;1mQ[0m|[0;1mK[0m|[0;1mb[0m|[0;1mk[0m|[7;1m [0m|| 1
[32;1m[Board] [0m  -------------------
[32;1m[Board] [0m    a b c d e f g h
[32;1m[Board] [0m
[32;1m[Referee] [0mThis is the turn of the Black player...
Position after history:

  +-----------------+
8 | r n b q k b n r |
7 | . . . . . . . . |
6 | . . . . . . . . |
5 | p p . p p . P p |
4 | P . p P . P . P |
3 | . P P . . . . . |
2 | . . . . P . . R |
1 | R N B Q K B N . |
  +-----------------+
    a b c d e f g h
Side to move: Black
Next move: e5e4 (score: 345)
[32;1m[Game] [0mPlayer's error code: 0
[32;1m[Game] [0mChecking move validity...
[32;1m[Board] [0mInitializing board...
[32;1m[Board] [0mLoading history file `stats/Black/game-22/history.csv`...
[32;1m[Board] [0mLoaded 21 move(s).
[32;1m[Board] [0mLoading move file `stats/Black/game-22/move.csv`...
[32;1m[Board] [0mBlack player is playing e5 to e4.
[32;1m[Board] [0m
[32;1m[Board] [0m    a b c d e f g h 
[32;1m[Board] [0m  -------------------
[32;1m[Board] [0m8 ||[30;1mr[0m|[30;1mk[0m|[30;1mb[0m|[30;1mQ[0m|[30;1mK[0m|[30;1mb[0m|[30;1mk[0m|[30;1mr[0m|| 8
[32;1m[Board] [0m  -------------------
[32;1m[Board] [0m7 || |[7;1m [0m| |[7;1m [0m| |[7;1m [0m| |[7;1m [0m|| 7
[32;1m[Board] [0m  -------------------
[32;1m[Board] [0m6 ||[7;1m [0m| |[7;1m [0m| |[7;1m [0m| |[7;1m [0m| || 6
[32;1m[Board] [0m  -------------------
[32;1m[Board] [0m5 ||[30;1mp[0m|[30;1mp[0m| |[30;1mp[0m| |[7;1m [0m|[0;1mp[0m|[30;1mp[0m|| 5
[32;1m[Board] [0m  -------------------
[32;1m[Board] [0m4 ||[0;1mp[0m| |[30;1mp[0m|[0;1mp[0m|[30;1mp[0m|[0;1mp[0m|[7;1m [0m|[0;1mp[0m|| 4
[32;1m[Board] [0m  -------------------
[32;1m[Board] [0m3 || |[0;1mp[0m|[0;1mp[0m|[7;1m [0m| |[7;1m [0m| |[7;1m [0m|| 3
[32;1m[Board] [0m  -------------------
[32;1m[Board] [0m2 ||[7;1m [0m| |[7;1m [0m| |[0;1mp[0m| |[7;1m [0m|[0;1mr[0m|| 2
[32;1m[Board] [0m  -------------------
[32;1m[Board] [0m1 ||[0;1mr[0m|[0;1mk[0m|[0;1mb[0m|[0;1mQ[0m|[0;1mK[0m|[0;1mb[0m|[0;1mk[0m|[7;1m [0m|| 1
[32;1m[Board] [0m  -------------------
[32;1m[Board] [0m    a b c d e f g h
[32;1m[Board] [0m
[32;1m[Referee] [0mThis is the turn of the White player...
[32;1m[Board] [0mInitializing board...
[32;1m[Board] [0mLoading history file `stats/Black/game-22/history.csv`...
[32;1m[Board] [0mLoaded 22 move(s).
[32;1m[RandomPlayer] [0mComputing possible moves...
[32;1m[RandomPlayer] [0m27 possible move(s)
[32;1m[RandomPlayer] [0mPlaying random move 19 out of 27
[32;1m[Game] [0mPlayer's error code: 0
[32;1m[Game] [0mChecking move validity...
[32;1m[Board] [0mInitializing board...
[32;1m[Board] [0mLoading history file `stats/Black/game-22/history.csv`...
[32;1m[Board] [0mLoaded 22 move(s).
[32;1m[Board] [0mLoading move file `stats/Black/game-22/move.csv`...
[32;1m[Board] [0mWhite player is playing c1 to a3.
[32;1m[Board] [0m
[32;1m[Board] [0m    a b c d e f g h 
[32;1m[Board] [0m  -------------------
[32;1m[Board] [0m8 ||[30;1mr[0m|[30;1mk[0m|[30;1mb[0m|[30;1mQ[0m|[30;1mK[0m|[30;1mb[0m|[30;1mk[0m|[30;1mr[0m|| 8
[32;1m[Board] [0m  -------------------
[32;1m[Board] [0m7 || |[7;1m [0m| |[7;1m [0m| |[7;1m [0m| |[7;1m [0m|| 7
[32;1m[Board] [0m  -------------------
[32;1m[Board] [0m6 ||[7;1m [0m| |[7;1m [0m| |[7;1m [0m| |[7;1m [0m| || 6
[32;1m[Board] [0m  -------------------
[32;1m[Board] [0m5 ||[30;1mp[0m|[30;1mp[0m| |[30;1mp[0m| |[7;1m [0m|[0;1mp[0m|[30;1mp[0m|| 5
[32;1m[Board] [0m  -------------------
[32;1m[Board] [0m4 ||[0;1mp[0m| |[30;1mp[0m|[0;1mp[0m|[30;1mp[0m|[0;1mp[0m|[7;1m [0m|[0;1mp[0m|| 4
[32;1m[Board] [0m  -------------------
[32;1m[Board] [0m3 ||[0;1mb[0m|[0;1mp[0m|[0;1mp[0m|[7;1m [0m| |[7;1m [0m| |[7;1m [0m|| 3
[32;1m[Board] [0m  -------------------
[32;1m[Board] [0m2 ||[7;1m [0m| |[7;1m [0m| |[0;1mp[0m| |[7;1m [0m|[0;1mr[0m|| 2
[32;1m[Board] [0m  -------------------
[32;1m[Board] [0m1 ||[0;1mr[0m|[0;1mk[0m| |[0;1mQ[0m|[0;1mK[0m|[0;1mb[0m|[0;1mk[0m|[7;1m [0m|| 1
[32;1m[Board] [0m  -------------------
[32;1m[Board] [0m    a b c d e f g h
[32;1m[Board] [0m
[32;1m[Referee] [0mThis is the turn of the Black player...
Position after history:

  +-----------------+
8 | r n b q k b n r |
7 | . . . . . . . . |
6 | . . . . . . . . |
5 | p p . p . . P p |
4 | P . p P p P . P |
3 | B P P . . . . . |
2 | . . . . P . . R |
1 | R N . Q K B N . |
  +-----------------+
    a b c d e f g h
Side to move: Black
Next move: e4e3 (score: 380)
[32;1m[Game] [0mPlayer's error code: 0
[32;1m[Game] [0mChecking move validity...
[32;1m[Board] [0mInitializing board...
[32;1m[Board] [0mLoading history file `stats/Black/game-22/history.csv`...
[32;1m[Board] [0mLoaded 23 move(s).
[32;1m[Board] [0mLoading move file `stats/Black/game-22/move.csv`...
[32;1m[Board] [0mBlack player is playing e4 to e3.
[32;1m[Board] [0m
[32;1m[Board] [0m    a b c d e f g h 
[32;1m[Board] [0m  -------------------
[32;1m[Board] [0m8 ||[30;1mr[0m|[30;1mk[0m|[30;1mb[0m|[30;1mQ[0m|[30;1mK[0m|[30;1mb[0m|[30;1mk[0m|[30;1mr[0m|| 8
[32;1m[Board] [0m  -------------------
[32;1m[Board] [0m7 || |[7;1m [0m| |[7;1m [0m| |[7;1m [0m| |[7;1m [0m|| 7
[32;1m[Board] [0m  -------------------
[32;1m[Board] [0m6 ||[7;1m [0m| |[7;1m [0m| |[7;1m [0m| |[7;1m [0m| || 6
[32;1m[Board] [0m  -------------------
[32;1m[Board] [0m5 ||[30;1mp[0m|[30;1mp[0m| |[30;1mp[0m| |[7;1m [0m|[0;1mp[0m|[30;1mp[0m|| 5
[32;1m[Board] [0m  -------------------
[32;1m[Board] [0m4 ||[0;1mp[0m| |[30;1mp[0m|[0;1mp[0m|[7;1m [0m|[0;1mp[0m|[7;1m [0m|[0;1mp[0m|| 4
[32;1m[Board] [0m  -------------------
[32;1m[Board] [0m3 ||[0;1mb[0m|[0;1mp[0m|[0;1mp[0m|[7;1m [0m|[30;1mp[0m|[7;1m [0m| |[7;1m [0m|| 3
[32;1m[Board] [0m  -------------------
[32;1m[Board] [0m2 ||[7;1m [0m| |[7;1m [0m| |[0;1mp[0m| |[7;1m [0m|[0;1mr[0m|| 2
[32;1m[Board] [0m  -------------------
[32;1m[Board] [0m1 ||[0;1mr[0m|[0;1mk[0m| |[0;1mQ[0m|[0;1mK[0m|[0;1mb[0m|[0;1mk[0m|[7;1m [0m|| 1
[32;1m[Board] [0m  -------------------
[32;1m[Board] [0m    a b c d e f g h
[32;1m[Board] [0m
[32;1m[Referee] [0mThis is the turn of the White player...
[32;1m[Board] [0mInitializing board...
[32;1m[Board] [0mLoading history file `stats/Black/game-22/history.csv`...
[32;1m[Board] [0mLoaded 24 move(s).
[32;1m[RandomPlayer] [0mComputing possible moves...
[32;1m[RandomPlayer] [0m26 possible move(s)
[32;1m[RandomPlayer] [0mPlaying random move 13 out of 26
[32;1m[Game] [0mPlayer's error code: 0
[32;1m[Game] [0mChecking move validity...
[32;1m[Board] [0mInitializing board...
[32;1m[Board] [0mLoading history file `stats/Black/game-22/history.csv`...
[32;1m[Board] [0mLoaded 24 move(s).
[32;1m[Board] [0mLoading move file `stats/Black/game-22/move.csv`...
[32;1m[Board] [0mWhite player is playing a3 to b4.
[32;1m[Board] [0m
[32;1m[Board] [0m    a b c d e f g h 
[32;1m[Board] [0m  -------------------
[32;1m[Board] [0m8 ||[30;1mr[0m|[30;1mk[0m|[30;1mb[0m|[30;1mQ[0m|[30;1mK[0m|[30;1mb[0m|[30;1mk[0m|[30;1mr[0m|| 8
[32;1m[Board] [0m  -------------------
[32;1m[Board] [0m7 || |[7;1m [0m| |[7;1m [0m| |[7;1m [0m| |[7;1m [0m|| 7
[32;1m[Board] [0m  -------------------
[32;1m[Board] [0m6 ||[7;1m [0m| |[7;1m [0m| |[7;1m [0m| |[7;1m [0m| || 6
[32;1m[Board] [0m  -------------------
[32;1m[Board] [0m5 ||[30;1mp[0m|[30;1mp[0m| |[30;1mp[0m| |[7;1m [0m|[0;1mp[0m|[30;1mp[0m|| 5
[32;1m[Board] [0m  -------------------
[32;1m[Board] [0m4 ||[0;1mp[0m|[0;1mb[0m|[30;1mp[0m|[0;1mp[0m|[7;1m [0m|[0;1mp[0m|[7;1m [0m|[0;1mp[0m|| 4
[32;1m[Board] [0m  -------------------
[32;1m[Board] [0m3 || |[0;1mp[0m|[0;1mp[0m|[7;1m [0m|[30;1mp[0m|[7;1m [0m| |[7;1m [0m|| 3
[32;1m[Board] [0m  -------------------
[32;1m[Board] [0m2 ||[7;1m [0m| |[7;1m [0m| |[0;1mp[0m| |[7;1m [0m|[0;1mr[0m|| 2
[32;1m[Board] [0m  -------------------
[32;1m[Board] [0m1 ||[0;1mr[0m|[0;1mk[0m| |[0;1mQ[0m|[0;1mK[0m|[0;1mb[0m|[0;1mk[0m|[7;1m [0m|| 1
[32;1m[Board] [0m  -------------------
[32;1m[Board] [0m    a b c d e f g h
[32;1m[Board] [0m
[32;1m[Referee] [0mThis is the turn of the Black player...
Position after history:

  +-----------------+
8 | r n b q k b n r |
7 | . . . . . . . . |
6 | . . . . . . . . |
5 | p p . p . . P p |
4 | P B p P . P . P |
3 | . P P . p . . . |
2 | . . . . P . . R |
1 | R N . Q K B N . |
  +-----------------+
    a b c d e f g h
Side to move: Black
Next move: a8a6 (score: 390)
[32;1m[Game] [0mPlayer's error code: 0
[32;1m[Game] [0mChecking move validity...
[32;1m[Board] [0mInitializing board...
[32;1m[Board] [0mLoading history file `stats/Black/game-22/history.csv`...
[32;1m[Board] [0mLoaded 25 move(s).
[32;1m[Board] [0mLoading move file `stats/Black/game-22/move.csv`...
[32;1m[Board] [0mBlack player is playing a8 to a6.
[32;1m[Board] [0m
[32;1m[Board] [0m    a b c d e f g h 
[32;1m[Board] [0m  -------------------
[32;1m[Board] [0m8 ||[7;1m [0m|[30;1mk[0m|[30;1mb[0m|[30;1mQ[0m|[30;1mK[0m|[30;1mb[0m|[30;1mk[0m|[30;1mr[0m|| 8
[32;1m[Board] [0m  -------------------
[32;1m[Board] [0m7 || |[7;1m [0m| |[7;1m [0m| |[7;1m [0m| |[7;1m [0m|| 7
[32;1m[Board] [0m  -------------------
[32;1m[Board] [0m6 ||[30;1mr[0m| |[7;1m [0m| |[7;1m [0m| |[7;1m [0m| || 6
[32;1m[Board] [0m  -------------------
[32;1m[Board] [0m5 ||[30;1mp[0m|[30;1mp[0m| |[30;1mp[0m| |[7;1m [0m|[0;1mp[0m|[30;1mp[0m|| 5
[32;1m[Board] [0m  -------------------
[32;1m[Board] [0m4 ||[0;1mp[0m|[0;1mb[0m|[30;1mp[0m|[0;1mp[0m|[7;1m [0m|[0;1mp[0m|[7;1m [0m|[0;1mp[0m|| 4
[32;1m[Board] [0m  -------------------
[32;1m[Board] [0m3 || |[0;1mp[0m|[0;1mp[0m|[7;1m [0m|[30;1mp[0m|[7;1m [0m| |[7;1m [0m|| 3
[32;1m[Board] [0m  -------------------
[32;1m[Board] [0m2 ||[7;1m [0m| |[7;1m [0m| |[0;1mp[0m| |[7;1m [0m|[0;1mr[0m|| 2
[32;1m[Board] [0m  -------------------
[32;1m[Board] [0m1 ||[0;1mr[0m|[0;1mk[0m| |[0;1mQ[0m|[0;1mK[0m|[0;1mb[0m|[0;1mk[0m|[7;1m [0m|| 1
[32;1m[Board] [0m  -------------------
[32;1m[Board] [0m    a b c d e f g h
[32;1m[Board] [0m
[32;1m[Referee] [0mThis is the turn of the White player...
[32;1m[Board] [0mInitializing board...
[32;1m[Board] [0mLoading history file `stats/Black/game-22/history.csv`...
[32;1m[Board] [0mLoaded 26 move(s).
[32;1m[RandomPlayer] [0mComputing possible moves...
[32;1m[RandomPlayer] [0m26 possible move(s)
[32;1m[RandomPlayer] [0mPlaying random move 11 out of 26
[32;1m[Game] [0mPlayer's error code: 0
[32;1m[Game] [0mChecking move validity...
[32;1m[Board] [0mInitializing board...
[32;1m[Board] [0mLoading history file `stats/Black/game-22/history.csv`...
[32;1m[Board] [0mLoaded 26 move(s).
[32;1m[Board] [0mLoading move file `stats/Black/game-22/move.csv`...
[32;1m[Board] [0mWhite player is playing b1 to a3.
[32;1m[Board] [0m
[32;1m[Board] [0m    a b c d e f g h 
[32;1m[Board] [0m  -------------------
[32;1m[Board] [0m8 ||[7;1m [0m|[30;1mk[0m|[30;1mb[0m|[30;1mQ[0m|[30;1mK[0m|[30;1mb[0m|[30;1mk[0m|[30;1mr[0m|| 8
[32;1m[Board] [0m  -------------------
[32;1m[Board] [0m7 || |[7;1m [0m| |[7;1m [0m| |[7;1m [0m| |[7;1m [0m|| 7
[32;1m[Board] [0m  -------------------
[32;1m[Board] [0m6 ||[30;1mr[0m| |[7;1m [0m| |[7;1m [0m| |[7;1m [0m| || 6
[32;1m[Board] [0m  -------------------
[32;1m[Board] [0m5 ||[30;1mp[0m|[30;1mp[0m| |[30;1mp[0m| |[7;1m [0m|[0;1mp[0m|[30;1mp[0m|| 5
[32;1m[Board] [0m  -------------------
[32;1m[Board] [0m4 ||[0;1mp[0m|[0;1mb[0m|[30;1mp[0m|[0;1mp[0m|[7;1m [0m|[0;1mp[0m|[7;1m [0m|[0;1mp[0m|| 4
[32;1m[Board] [0m  -------------------
[32;1m[Board] [0m3 ||[0;1mk[0m|[0;1mp[0m|[0;1mp[0m|[7;1m [0m|[30;1mp[0m|[7;1m [0m| |[7;1m [0m|| 3
[32;1m[Board] [0m  -------------------
[32;1m[Board] [0m2 ||[7;1m [0m| |[7;1m [0m| |[0;1mp[0m| |[7;1m [0m|[0;1mr[0m|| 2
[32;1m[Board] [0m  -------------------
[32;1m[Board] [0m1 ||[0;1mr[0m|[7;1m [0m| |[0;1mQ[0m|[0;1mK[0m|[0;1mb[0m|[0;1mk[0m|[7;1m [0m|| 1
[32;1m[Board] [0m  -------------------
[32;1m[Board] [0m    a b c d e f g h
[32;1m[Board] [0m
[32;1m[Referee] [0mThis is the turn of the Black player...
Position after history:

  +-----------------+
8 | . n b q k b n r |
7 | . . . . . . . . |
6 | r . . . . . . . |
5 | p p . p . . P p |
4 | P B p P . P . P |
3 | N P P . p . . . |
2 | . . . . P . . R |
1 | R . . Q K B N . |
  +-----------------+
    a b c d e f g h
Side to move: Black
Next move: c8b7 (score: 405)
[32;1m[Game] [0mPlayer's error code: 0
[32;1m[Game] [0mChecking move validity...
[32;1m[Board] [0mInitializing board...
[32;1m[Board] [0mLoading history file `stats/Black/game-22/history.csv`...
[32;1m[Board] [0mLoaded 27 move(s).
[32;1m[Board] [0mLoading move file `stats/Black/game-22/move.csv`...
[32;1m[Board] [0mBlack player is playing c8 to b7.
[32;1m[Board] [0m
[32;1m[Board] [0m    a b c d e f g h 
[32;1m[Board] [0m  -------------------
[32;1m[Board] [0m8 ||[7;1m [0m|[30;1mk[0m|[7;1m [0m|[30;1mQ[0m|[30;1mK[0m|[30;1mb[0m|[30;1mk[0m|[30;1mr[0m|| 8
[32;1m[Board] [0m  -------------------
[32;1m[Board] [0m7 || |[30;1mb[0m| |[7;1m [0m| |[7;1m [0m| |[7;1m [0m|| 7
[32;1m[Board] [0m  -------------------
[32;1m[Board] [0m6 ||[30;1mr[0m| |[7;1m [0m| |[7;1m [0m| |[7;1m [0m| || 6
[32;1m[Board] [0m  -------------------
[32;1m[Board] [0m5 ||[30;1mp[0m|[30;1mp[0m| |[30;1mp[0m| |[7;1m [0m|[0;1mp[0m|[30;1mp[0m|| 5
[32;1m[Board] [0m  -------------------
[32;1m[Board] [0m4 ||[0;1mp[0m|[0;1mb[0m|[30;1mp[0m|[0;1mp[0m|[7;1m [0m|[0;1mp[0m|[7;1m [0m|[0;1mp[0m|| 4
[32;1m[Board] [0m  -------------------
[32;1m[Board] [0m3 ||[0;1mk[0m|[0;1mp[0m|[0;1mp[0m|[7;1m [0m|[30;1mp[0m|[7;1m [0m| |[7;1m [0m|| 3
[32;1m[Board] [0m  -------------------
[32;1m[Board] [0m2 ||[7;1m [0m| |[7;1m [0m| |[0;1mp[0m| |[7;1m [0m|[0;1mr[0m|| 2
[32;1m[Board] [0m  -------------------
[32;1m[Board] [0m1 ||[0;1mr[0m|[7;1m [0m| |[0;1mQ[0m|[0;1mK[0m|[0;1mb[0m|[0;1mk[0m|[7;1m [0m|| 1
[32;1m[Board] [0m  -------------------
[32;1m[Board] [0m    a b c d e f g h
[32;1m[Board] [0m
[32;1m[Referee] [0mThis is the turn of the White player...
[32;1m[Board] [0mInitializing board...
[32;1m[Board] [0mLoading history file `stats/Black/game-22/history.csv`...
[32;1m[Board] [0mLoaded 28 move(s).
[32;1m[RandomPlayer] [0mComputing possible moves...
[32;1m[RandomPlayer] [0m29 possible move(s)
[32;1m[RandomPlayer] [0mPlaying random move 5 out of 29
[32;1m[Game] [0mPlayer's error code: 0
[32;1m[Game] [0mChecking move validity...
[32;1m[Board] [0mInitializing board...
[32;1m[Board] [0mLoading history file `stats/Black/game-22/history.csv`...
[32;1m[Board] [0mLoaded 28 move(s).
[32;1m[Board] [0mLoading move file `stats/Black/game-22/move.csv`...
[32;1m[Board] [0mWhite player is playing a1 to c1.
[32;1m[Board] [0m
[32;1m[Board] [0m    a b c d e f g h 
[32;1m[Board] [0m  -------------------
[32;1m[Board] [0m8 ||[7;1m [0m|[30;1mk[0m|[7;1m [0m|[30;1mQ[0m|[30;1mK[0m|[30;1mb[0m|[30;1mk[0m|[30;1mr[0m|| 8
[32;1m[Board] [0m  -------------------
[32;1m[Board] [0m7 || |[30;1mb[0m| |[7;1m [0m| |[7;1m [0m| |[7;1m [0m|| 7
[32;1m[Board] [0m  -------------------
[32;1m[Board] [0m6 ||[30;1mr[0m| |[7;1m [0m| |[7;1m [0m| |[7;1m [0m| || 6
[32;1m[Board] [0m  -------------------
[32;1m[Board] [0m5 ||[30;1mp[0m|[30;1mp[0m| |[30;1mp[0m| |[7;1m [0m|[0;1mp[0m|[30;1mp[0m|| 5
[32;1m[Board] [0m  -------------------
[32;1m[Board] [0m4 ||[0;1mp[0m|[0;1mb[0m|[30;1mp[0m|[0;1mp[0m|[7;1m [0m|[0;1mp[0m|[7;1m [0m|[0;1mp[0m|| 4
[32;1m[Board] [0m  -------------------
[32;1m[Board] [0m3 ||[0;1mk[0m|[0;1mp[0m|[0;1mp[0m|[7;1m [0m|[30;1mp[0m|[7;1m [0m| |[7;1m [0m|| 3
[32;1m[Board] [0m  -------------------
[32;1m[Board] [0m2 ||[7;1m [0m| |[7;1m [0m| |[0;1mp[0m| |[7;1m [0m|[0;1mr[0m|| 2
[32;1m[Board] [0m  -------------------
[32;1m[Board] [0m1 || |[7;1m [0m|[0;1mr[0m|[0;1mQ[0m|[0;1mK[0m|[0;1mb[0m|[0;1mk[0m|[7;1m [0m|| 1
[32;1m[Board] [0m  -------------------
[32;1m[Board] [0m    a b c d e f g h
[32;1m[Board] [0m
[32;1m[Referee] [0mThis is the turn of the Black player...
Position after history:

  +-----------------+
8 | . n . q k b n r |
7 | . b . . . . . . |
6 | r . . . . . . . |
5 | p p . p . . P p |
4 | P B p P . P . P |
3 | N P P . p . . . |
2 | . . . . P . . R |
1 | . . R Q K B N . |
  +-----------------+
    a b c d e f g h
Side to move: Black
Next move: h8h6 (score: 410)
[32;1m[Game] [0mPlayer's error code: 0
[32;1m[Game] [0mChecking move validity...
[32;1m[Board] [0mInitializing board...
[32;1m[Board] [0mLoading history file `stats/Black/game-22/history.csv`...
[32;1m[Board] [0mLoaded 29 move(s).
[32;1m[Board] [0mLoading move file `stats/Black/game-22/move.csv`...
[32;1m[Board] [0mBlack player is playing h8 to h6.
[32;1m[Board] [0m
[32;1m[Board] [0m    a b c d e f g h 
[32;1m[Board] [0m  -------------------
[32;1m[Board] [0m8 ||[7;1m [0m|[30;1mk[0m|[7;1m [0m|[30;1mQ[0m|[30;1mK[0m|[30;1mb[0m|[30;1mk[0m| || 8
[32;1m[Board] [0m  -------------------
[32;1m[Board] [0m7 || |[30;1mb[0m| |[7;1m [0m| |[7;1m [0m| |[7;1m [0m|| 7
[32;1m[Board] [0m  -------------------
[32;1m[Board] [0m6 ||[30;1mr[0m| |[7;1m [0m| |[7;1m [0m| |[7;1m [0m|[30;1mr[0m|| 6
[32;1m[Board] [0m  -------------------
[32;1m[Board] [0m5 ||[30;1mp[0m|[30;1mp[0m| |[30;1mp[0m| |[7;1m [0m|[0;1mp[0m|[30;1mp[0m|| 5
[32;1m[Board] [0m  -------------------
[32;1m[Board] [0m4 ||[0;1mp[0m|[0;1mb[0m|[30;1mp[0m|[0;1mp[0m|[7;1m [0m|[0;1mp[0m|[7;1m [0m|[0;1mp[0m|| 4
[32;1m[Board] [0m  -------------------
[32;1m[Board] [0m3 ||[0;1mk[0m|[0;1mp[0m|[0;1mp[0m|[7;1m [0m|[30;1mp[0m|[7;1m [0m| |[7;1m [0m|| 3
[32;1m[Board] [0m  -------------------
[32;1m[Board] [0m2 ||[7;1m [0m| |[7;1m [0m| |[0;1mp[0m| |[7;1m [0m|[0;1mr[0m|| 2
[32;1m[Board] [0m  -------------------
[32;1m[Board] [0m1 || |[7;1m [0m|[0;1mr[0m|[0;1mQ[0m|[0;1mK[0m|[0;1mb[0m|[0;1mk[0m|[7;1m [0m|| 1
[32;1m[Board] [0m  -------------------
[32;1m[Board] [0m    a b c d e f g h
[32;1m[Board] [0m
[32;1m[Referee] [0mThis is the turn of the White player...
[32;1m[Board] [0mInitializing board...
[32;1m[Board] [0mLoading history file `stats/Black/game-22/history.csv`...
[32;1m[Board] [0mLoaded 30 move(s).
[32;1m[RandomPlayer] [0mComputing possible moves...
[32;1m[RandomPlayer] [0m28 possible move(s)
[32;1m[RandomPlayer] [0mPlaying random move 15 out of 28
[32;1m[Game] [0mPlayer's error code: 0
[32;1m[Game] [0mChecking move validity...
[32;1m[Board] [0mInitializing board...
[32;1m[Board] [0mLoading history file `stats/Black/game-22/history.csv`...
[32;1m[Board] [0mLoaded 30 move(s).
[32;1m[Board] [0mLoading move file `stats/Black/game-22/move.csv`...
[32;1m[Board] [0mWhite player is playing a3 to b1.
[32;1m[Board] [0m
[32;1m[Board] [0m    a b c d e f g h 
[32;1m[Board] [0m  -------------------
[32;1m[Board] [0m8 ||[7;1m [0m|[30;1mk[0m|[7;1m [0m|[30;1mQ[0m|[30;1mK[0m|[30;1mb[0m|[30;1mk[0m| || 8
[32;1m[Board] [0m  -------------------
[32;1m[Board] [0m7 || |[30;1mb[0m| |[7;1m [0m| |[7;1m [0m| |[7;1m [0m|| 7
[32;1m[Board] [0m  -------------------
[32;1m[Board] [0m6 ||[30;1mr[0m| |[7;1m [0m| |[7;1m [0m| |[7;1m [0m|[30;1mr[0m|| 6
[32;1m[Board] [0m  -------------------
[32;1m[Board] [0m5 ||[30;1mp[0m|[30;1mp[0m| |[30;1mp[0m| |[7;1m [0m|[0;1mp[0m|[30;1mp[0m|| 5
[32;1m[Board] [0m  -------------------
[32;1m[Board] [0m4 ||[0;1mp[0m|[0;1mb[0m|[30;1mp[0m|[0;1mp[0m|[7;1m [0m|[0;1mp[0m|[7;1m [0m|[0;1mp[0m|| 4
[32;1m[Board] [0m  -------------------
[32;1m[Board] [0m3 || |[0;1mp[0m|[0;1mp[0m|[7;1m [0m|[30;1mp[0m|[7;1m [0m| |[7;1m [0m|| 3
[32;1m[Board] [0m  -------------------
[32;1m[Board] [0m2 ||[7;1m [0m| |[7;1m [0m| |[0;1mp[0m| |[7;1m [0m|[0;1mr[0m|| 2
[32;1m[Board] [0m  -------------------
[32;1m[Board] [0m1 || |[0;1mk[0m|[0;1mr[0m|[0;1mQ[0m|[0;1mK[0m|[0;1mb[0m|[0;1mk[0m|[7;1m [0m|| 1
[32;1m[Board] [0m  -------------------
[32;1m[Board] [0m    a b c d e f g h
[32;1m[Board] [0m
[32;1m[Referee] [0mThis is the turn of the Black player...
Position after history:

  +-----------------+
8 | . n . q k b n . |
7 | . b . . . . . . |
6 | r . . . . . . r |
5 | p p . p . . P p |
4 | P B p P . P . P |
3 | . P P . p . . . |
2 | . . . . P . . R |
1 | . N R Q K B N . |
  +-----------------+
    a b c d e f g h
Side to move: Black
Next move: b7a8 (score: 405)
[32;1m[Game] [0mPlayer's error code: 0
[32;1m[Game] [0mChecking move validity...
[32;1m[Board] [0mInitializing board...
[32;1m[Board] [0mLoading history file `stats/Black/game-22/history.csv`...
[32;1m[Board] [0mLoaded 31 move(s).
[32;1m[Board] [0mLoading move file `stats/Black/game-22/move.csv`...
[32;1m[Board] [0mBlack player is playing b7 to a8.
[32;1m[Board] [0m
[32;1m[Board] [0m    a b c d e f g h 
[32;1m[Board] [0m  -------------------
[32;1m[Board] [0m8 ||[30;1mb[0m|[30;1mk[0m|[7;1m [0m|[30;1mQ[0m|[30;1mK[0m|[30;1mb[0m|[30;1mk[0m| || 8
[32;1m[Board] [0m  -------------------
[32;1m[Board] [0m7 || |[7;1m [0m| |[7;1m [0m| |[7;1m [0m| |[7;1m [0m|| 7
[32;1m[Board] [0m  -------------------
[32;1m[Board] [0m6 ||[30;1mr[0m| |[7;1m [0m| |[7;1m [0m| |[7;1m [0m|[30;1mr[0m|| 6
[32;1m[Board] [0m  -------------------
[32;1m[Board] [0m5 ||[30;1mp[0m|[30;1mp[0m| |[30;1mp[0m| |[7;1m [0m|[0;1mp[0m|[30;1mp[0m|| 5
[32;1m[Board] [0m  -------------------
[32;1m[Board] [0m4 ||[0;1mp[0m|[0;1mb[0m|[30;1mp[0m|[0;1mp[0m|[7;1m [0m|[0;1mp[0m|[7;1m [0m|[0;1mp[0m|| 4
[32;1m[Board] [0m  -------------------
[32;1m[Board] [0m3 || |[0;1mp[0m|[0;1mp[0m|[7;1m [0m|[30;1mp[0m|[7;1m [0m| |[7;1m [0m|| 3
[32;1m[Board] [0m  -------------------
[32;1m[Board] [0m2 ||[7;1m [0m| |[7;1m [0m| |[0;1mp[0m| |[7;1m [0m|[0;1mr[0m|| 2
[32;1m[Board] [0m  -------------------
[32;1m[Board] [0m1 || |[0;1mk[0m|[0;1mr[0m|[0;1mQ[0m|[0;1mK[0m|[0;1mb[0m|[0;1mk[0m|[7;1m [0m|| 1
[32;1m[Board] [0m  -------------------
[32;1m[Board] [0m    a b c d e f g h
[32;1m[Board] [0m
[32;1m[Referee] [0mThis is the turn of the White player...
[32;1m[Board] [0mInitializing board...
[32;1m[Board] [0mLoading history file `stats/Black/game-22/history.csv`...
[32;1m[Board] [0mLoaded 32 move(s).
[32;1m[RandomPlayer] [0mComputing possible moves...
[32;1m[RandomPlayer] [0m25 possible move(s)
[32;1m[RandomPlayer] [0mPlaying random move 6 out of 25
[32;1m[Game] [0mPlayer's error code: 0
[32;1m[Game] [0mChecking move validity...
[32;1m[Board] [0mInitializing board...
[32;1m[Board] [0mLoading history file `stats/Black/game-22/history.csv`...
[32;1m[Board] [0mLoaded 32 move(s).
[32;1m[Board] [0mLoading move file `stats/Black/game-22/move.csv`...
[32;1m[Board] [0mWhite player is playing h2 to g2.
[32;1m[Board] [0m
[32;1m[Board] [0m    a b c d e f g h 
[32;1m[Board] [0m  -------------------
[32;1m[Board] [0m8 ||[30;1mb[0m|[30;1mk[0m|[7;1m [0m|[30;1mQ[0m|[30;1mK[0m|[30;1mb[0m|[30;1mk[0m| || 8
[32;1m[Board] [0m  -------------------
[32;1m[Board] [0m7 || |[7;1m [0m| |[7;1m [0m| |[7;1m [0m| |[7;1m [0m|| 7
[32;1m[Board] [0m  -------------------
[32;1m[Board] [0m6 ||[30;1mr[0m| |[7;1m [0m| |[7;1m [0m| |[7;1m [0m|[30;1mr[0m|| 6
[32;1m[Board] [0m  -------------------
[32;1m[Board] [0m5 ||[30;1mp[0m|[30;1mp[0m| |[30;1mp[0m| |[7;1m [0m|[0;1mp[0m|[30;1mp[0m|| 5
[32;1m[Board] [0m  -------------------
[32;1m[Board] [0m4 ||[0;1mp[0m|[0;1mb[0m|[30;1mp[0m|[0;1mp[0m|[7;1m [0m|[0;1mp[0m|[7;1m [0m|[0;1mp[0m|| 4
[32;1m[Board] [0m  -------------------
[32;1m[Board] [0m3 || |[0;1mp[0m|[0;1mp[0m|[7;1m [0m|[30;1mp[0m|[7;1m [0m| |[7;1m [0m|| 3
[32;1m[Board] [0m  -------------------
[32;1m[Board] [0m2 ||[7;1m [0m| |[7;1m [0m| |[0;1mp[0m| |[0;1mr[0m| || 2
[32;1m[Board] [0m  -------------------
[32;1m[Board] [0m1 || |[0;1mk[0m|[0;1mr[0m|[0;1mQ[0m|[0;1mK[0m|[0;1mb[0m|[0;1mk[0m|[7;1m [0m|| 1
[32;1m[Board] [0m  -------------------
[32;1m[Board] [0m    a b c d e f g h
[32;1m[Board] [0m
[32;1m[Referee] [0mThis is the turn of the Black player...
Position after history:

  +-----------------+
8 | b n . q k b n . |
7 | . . . . . . . . |
6 | r . . . . . . r |
5 | p p . p . . P p |
4 | P B p P . P . P |
3 | . P P . p . . . |
2 | . . . . P . R . |
1 | . N R Q K B N . |
  +-----------------+
    a b c d e f g h
Side to move: Black
Next move: d8f6 (score: 420)
[32;1m[Game] [0mPlayer's error code: 0
[32;1m[Game] [0mChecking move validity...
[32;1m[Board] [0mInitializing board...
[32;1m[Board] [0mLoading history file `stats/Black/game-22/history.csv`...
[32;1m[Board] [0mLoaded 33 move(s).
[32;1m[Board] [0mLoading move file `stats/Black/game-22/move.csv`...
[32;1m[Board] [0mBlack player is playing d8 to f6.
[32;1m[Board] [0m
[32;1m[Board] [0m    a b c d e f g h 
[32;1m[Board] [0m  -------------------
[32;1m[Board] [0m8 ||[30;1mb[0m|[30;1mk[0m|[7;1m [0m| |[30;1mK[0m|[30;1mb[0m|[30;1mk[0m| || 8
[32;1m[Board] [0m  -------------------
[32;1m[Board] [0m7 || |[7;1m [0m| |[7;1m [0m| |[7;1m [0m| |[7;1m [0m|| 7
[32;1m[Board] [0m  -------------------
[32;1m[Board] [0m6 ||[30;1mr[0m| |[7;1m [0m| |[7;1m [0m|[30;1mQ[0m|[7;1m [0m|[30;1mr[0m|| 6
[32;1m[Board] [0m  -------------------
[32;1m[Board] [0m5 ||[30;1mp[0m|[30;1mp[0m| |[30;1mp[0m| |[7;1m [0m|[0;1mp[0m|[30;1mp[0m|| 5
[32;1m[Board] [0m  -------------------
[32;1m[Board] [0m4 ||[0;1mp[0m|[0;1mb[0m|[30;1mp[0m|[0;1mp[0m|[7;1m [0m|[0;1mp[0m|[7;1m [0m|[0;1mp[0m|| 4
[32;1m[Board] [0m  -------------------
[32;1m[Board] [0m3 || |[0;1mp[0m|[0;1mp[0m|[7;1m [0m|[30;1mp[0m|[7;1m [0m| |[7;1m [0m|| 3
[32;1m[Board] [0m  -------------------
[32;1m[Board] [0m2 ||[7;1m [0m| |[7;1m [0m| |[0;1mp[0m| |[0;1mr[0m| || 2
[32;1m[Board] [0m  -------------------
[32;1m[Board] [0m1 || |[0;1mk[0m|[0;1mr[0m|[0;1mQ[0m|[0;1mK[0m|[0;1mb[0m|[0;1mk[0m|[7;1m [0m|| 1
[32;1m[Board] [0m  -------------------
[32;1m[Board] [0m    a b c d e f g h
[32;1m[Board] [0m
[32;1m[Referee] [0mThis is the turn of the White player...
[32;1m[Board] [0mInitializing board...
[32;1m[Board] [0mLoading history file `stats/Black/game-22/history.csv`...
[32;1m[Board] [0mLoaded 34 move(s).
[32;1m[RandomPlayer] [0mComputing possible moves...
[32;1m[RandomPlayer] [0m24 possible move(s)
[32;1m[RandomPlayer] [0mPlaying random move 11 out of 24
[32;1m[Game] [0mPlayer's error code: 0
[32;1m[Game] [0mChecking move validity...
[32;1m[Board] [0mInitializing board...
[32;1m[Board] [0mLoading history file `stats/Black/game-22/history.csv`...
[32;1m[Board] [0mLoaded 34 move(s).
[32;1m[Board] [0mLoading move file `stats/Black/game-22/move.csv`...
[32;1m[Board] [0mWhite player is playing b1 to d2.
[32;1m[Board] [0m
[32;1m[Board] [0m    a b c d e f g h 
[32;1m[Board] [0m  -------------------
[32;1m[Board] [0m8 ||[30;1mb[0m|[30;1mk[0m|[7;1m [0m| |[30;1mK[0m|[30;1mb[0m|[30;1mk[0m| || 8
[32;1m[Board] [0m  -------------------
[32;1m[Board] [0m7 || |[7;1m [0m| |[7;1m [0m| |[7;1m [0m| |[7;1m [0m|| 7
[32;1m[Board] [0m  -------------------
[32;1m[Board] [0m6 ||[30;1mr[0m| |[7;1m [0m| |[7;1m [0m|[30;1mQ[0m|[7;1m [0m|[30;1mr[0m|| 6
[32;1m[Board] [0m  -------------------
[32;1m[Board] [0m5 ||[30;1mp[0m|[30;1mp[0m| |[30;1mp[0m| |[7;1m [0m|[0;1mp[0m|[30;1mp[0m|| 5
[32;1m[Board] [0m  -------------------
[32;1m[Board] [0m4 ||[0;1mp[0m|[0;1mb[0m|[30;1mp[0m|[0;1mp[0m|[7;1m [0m|[0;1mp[0m|[7;1m [0m|[0;1mp[0m|| 4
[32;1m[Board] [0m  -------------------
[32;1m[Board] [0m3 || |[0;1mp[0m|[0;1mp[0m|[7;1m [0m|[30;1mp[0m|[7;1m [0m| |[7;1m [0m|| 3
[32;1m[Board] [0m  -------------------
[32;1m[Board] [0m2 ||[7;1m [0m| |[7;1m [0m|[0;1mk[0m|[0;1mp[0m| |[0;1mr[0m| || 2
[32;1m[Board] [0m  -------------------
[32;1m[Board] [0m1 || |[7;1m [0m|[0;1mr[0m|[0;1mQ[0m|[0;1mK[0m|[0;1mb[0m|[0;1mk[0m|[7;1m [0m|| 1
[32;1m[Board] [0m  -------------------
[32;1m[Board] [0m    a b c d e f g h
[32;1m[Board] [0m
[32;1m[Referee] [0mThis is the turn of the Black player...
Position after history:

  +-----------------+
8 | b n . . k b n . |
7 | . . . . . . . . |
6 | r . . . . q . r |
5 | p p . p . . P p |
4 | P B p P . P . P |
3 | . P P . p . . . |
2 | . . . N P . R . |
1 | . . R Q K B N . |
  +-----------------+
    a b c d e f g h
Side to move: Black
Next move: f6d4 (score: 910)
[32;1m[Game] [0mPlayer's error code: 0
[32;1m[Game] [0mChecking move validity...
[32;1m[Board] [0mInitializing board...
[32;1m[Board] [0mLoading history file `stats/Black/game-22/history.csv`...
[32;1m[Board] [0mLoaded 35 move(s).
[32;1m[Board] [0mLoading move file `stats/Black/game-22/move.csv`...
[32;1m[Board] [0mBlack player is playing f6 to d4.
[32;1m[Board] [0m[5;1mBlack Queen is taking White Pawn.[0m
[32;1m[Board] [0m
[32;1m[Board] [0m    a b c d e f g h 
[32;1m[Board] [0m  -------------------
[32;1m[Board] [0m8 ||[30;1mb[0m|[30;1mk[0m|[7;1m [0m| |[30;1mK[0m|[30;1mb[0m|[30;1mk[0m| || 8
[32;1m[Board] [0m  -------------------
[32;1m[Board] [0m7 || |[7;1m [0m| |[7;1m [0m| |[7;1m [0m| |[7;1m [0m|| 7
[32;1m[Board] [0m  -------------------
[32;1m[Board] [0m6 ||[30;1mr[0m| |[7;1m [0m| |[7;1m [0m| |[7;1m [0m|[30;1mr[0m|| 6
[32;1m[Board] [0m  -------------------
[32;1m[Board] [0m5 ||[30;1mp[0m|[30;1mp[0m| |[30;1mp[0m| |[7;1m [0m|[0;1mp[0m|[30;1mp[0m|| 5
[32;1m[Board] [0m  -------------------
[32;1m[Board] [0m4 ||[0;1mp[0m|[0;1mb[0m|[30;1mp[0m|[30;1mQ[0m|[7;1m [0m|[0;1mp[0m|[7;1m [0m|[0;1mp[0m|| 4
[32;1m[Board] [0m  -------------------
[32;1m[Board] [0m3 || |[0;1mp[0m|[0;1mp[0m|[7;1m [0m|[30;1mp[0m|[7;1m [0m| |[7;1m [0m|| 3
[32;1m[Board] [0m  -------------------
[32;1m[Board] [0m2 ||[7;1m [0m| |[7;1m [0m|[0;1mk[0m|[0;1mp[0m| |[0;1mr[0m| || 2
[32;1m[Board] [0m  -------------------
[32;1m[Board] [0m1 || |[7;1m [0m|[0;1mr[0m|[0;1mQ[0m|[0;1mK[0m|[0;1mb[0m|[0;1mk[0m|[7;1m [0m|| 1
[32;1m[Board] [0m  -------------------
[32;1m[Board] [0m    a b c d e f g h
[32;1m[Board] [0m
[32;1m[Referee] [0mThis is the turn of the White player...
[32;1m[Board] [0mInitializing board...
[32;1m[Board] [0mLoading history file `stats/Black/game-22/history.csv`...
[32;1m[Board] [0mLoaded 36 move(s).
[32;1m[RandomPlayer] [0mComputing possible moves...
[32;1m[RandomPlayer] [0m26 possible move(s)
[32;1m[RandomPlayer] [0mPlaying random move 2 out of 26
[32;1m[Game] [0mPlayer's error code: 0
[32;1m[Game] [0mChecking move validity...
[32;1m[Board] [0mInitializing board...
[32;1m[Board] [0mLoading history file `stats/Black/game-22/history.csv`...
[32;1m[Board] [0mLoaded 36 move(s).
[32;1m[Board] [0mLoading move file `stats/Black/game-22/move.csv`...
[32;1m[Board] [0mWhite player is playing c3 to d4.
[32;1m[Board] [0m[5;1mWhite Pawn is taking Black Queen.[0m
[32;1m[Board] [0m
[32;1m[Board] [0m    a b c d e f g h 
[32;1m[Board] [0m  -------------------
[32;1m[Board] [0m8 ||[30;1mb[0m|[30;1mk[0m|[7;1m [0m| |[30;1mK[0m|[30;1mb[0m|[30;1mk[0m| || 8
[32;1m[Board] [0m  -------------------
[32;1m[Board] [0m7 || |[7;1m [0m| |[7;1m [0m| |[7;1m [0m| |[7;1m [0m|| 7
[32;1m[Board] [0m  -------------------
[32;1m[Board] [0m6 ||[30;1mr[0m| |[7;1m [0m| |[7;1m [0m| |[7;1m [0m|[30;1mr[0m|| 6
[32;1m[Board] [0m  -------------------
[32;1m[Board] [0m5 ||[30;1mp[0m|[30;1mp[0m| |[30;1mp[0m| |[7;1m [0m|[0;1mp[0m|[30;1mp[0m|| 5
[32;1m[Board] [0m  -------------------
[32;1m[Board] [0m4 ||[0;1mp[0m|[0;1mb[0m|[30;1mp[0m|[0;1mp[0m|[7;1m [0m|[0;1mp[0m|[7;1m [0m|[0;1mp[0m|| 4
[32;1m[Board] [0m  -------------------
[32;1m[Board] [0m3 || |[0;1mp[0m| |[7;1m [0m|[30;1mp[0m|[7;1m [0m| |[7;1m [0m|| 3
[32;1m[Board] [0m  -------------------
[32;1m[Board] [0m2 ||[7;1m [0m| |[7;1m [0m|[0;1mk[0m|[0;1mp[0m| |[0;1mr[0m| || 2
[32;1m[Board] [0m  -------------------
[32;1m[Board] [0m1 || |[7;1m [0m|[0;1mr[0m|[0;1mQ[0m|[0;1mK[0m|[0;1mb[0m|[0;1mk[0m|[7;1m [0m|| 1
[32;1m[Board] [0m  -------------------
[32;1m[Board] [0m    a b c d e f g h
[32;1m[Board] [0m
[32;1m[Referee] [0mThis is the turn of the Black player...
Position after history:

  +-----------------+
8 | b n . . k b n . |
7 | . . . . . . . . |
6 | r . . . . . . r |
5 | p p . p . . P p |
4 | P B p P . P . P |
3 | . P . . p . . . |
2 | . . . N P . R . |
1 | . . R Q K B N . |
  +-----------------+
    a b c d e f g h
Side to move: Black
Next move: e8d7 (score: 1200)
[32;1m[Game] [0mPlayer's error code: 0
[32;1m[Game] [0mChecking move validity...
[32;1m[Board] [0mInitializing board...
[32;1m[Board] [0mLoading history file `stats/Black/game-22/history.csv`...
[32;1m[Board] [0mLoaded 37 move(s).
[32;1m[Board] [0mLoading move file `stats/Black/game-22/move.csv`...
[32;1m[Board] [0mBlack player is playing e8 to d7.
[32;1m[Board] [0m
[32;1m[Board] [0m    a b c d e f g h 
[32;1m[Board] [0m  -------------------
[32;1m[Board] [0m8 ||[30;1mb[0m|[30;1mk[0m|[7;1m [0m| |[7;1m [0m|[30;1mb[0m|[30;1mk[0m| || 8
[32;1m[Board] [0m  -------------------
[32;1m[Board] [0m7 || |[7;1m [0m| |[30;1mK[0m| |[7;1m [0m| |[7;1m [0m|| 7
[32;1m[Board] [0m  -------------------
[32;1m[Board] [0m6 ||[30;1mr[0m| |[7;1m [0m| |[7;1m [0m| |[7;1m [0m|[30;1mr[0m|| 6
[32;1m[Board] [0m  -------------------
[32;1m[Board] [0m5 ||[30;1mp[0m|[30;1mp[0m| |[30;1mp[0m| |[7;1m [0m|[0;1mp[0m|[30;1mp[0m|| 5
[32;1m[Board] [0m  -------------------
[32;1m[Board] [0m4 ||[0;1mp[0m|[0;1mb[0m|[30;1mp[0m|[0;1mp[0m|[7;1m [0m|[0;1mp[0m|[7;1m [0m|[0;1mp[0m|| 4
[32;1m[Board] [0m  -------------------
[32;1m[Board] [0m3 || |[0;1mp[0m| |[7;1m [0m|[30;1mp[0m|[7;1m [0m| |[7;1m [0m|| 3
[32;1m[Board] [0m  -------------------
[32;1m[Board] [0m2 ||[7;1m [0m| |[7;1m [0m|[0;1mk[0m|[0;1mp[0m| |[0;1mr[0m| || 2
[32;1m[Board] [0m  -------------------
[32;1m[Board] [0m1 || |[7;1m [0m|[0;1mr[0m|[0;1mQ[0m|[0;1mK[0m|[0;1mb[0m|[0;1mk[0m|[7;1m [0m|| 1
[32;1m[Board] [0m  -------------------
[32;1m[Board] [0m    a b c d e f g h
[32;1m[Board] [0m
[32;1m[Referee] [0mThis is the turn of the White player...
[32;1m[Board] [0mInitializing board...
[32;1m[Board] [0mLoading history file `stats/Black/game-22/history.csv`...
[32;1m[Board] [0mLoaded 38 move(s).
[32;1m[RandomPlayer] [0mComputing possible moves...
[32;1m[RandomPlayer] [0m28 possible move(s)
[32;1m[RandomPlayer] [0mPlaying random move 5 out of 28
[32;1m[Game] [0mPlayer's error code: 0
[32;1m[Game] [0mChecking move validity...
[32;1m[Board] [0mInitializing board...
[32;1m[Board] [0mLoading history file `stats/Black/game-22/history.csv`...
[32;1m[Board] [0mLoaded 38 move(s).
[32;1m[Board] [0mLoading move file `stats/Black/game-22/move.csv`...
[32;1m[Board] [0mWhite player is playing c1 to b1.
[32;1m[Board] [0m
[32;1m[Board] [0m    a b c d e f g h 
[32;1m[Board] [0m  -------------------
[32;1m[Board] [0m8 ||[30;1mb[0m|[30;1mk[0m|[7;1m [0m| |[7;1m [0m|[30;1mb[0m|[30;1mk[0m| || 8
[32;1m[Board] [0m  -------------------
[32;1m[Board] [0m7 || |[7;1m [0m| |[30;1mK[0m| |[7;1m [0m| |[7;1m [0m|| 7
[32;1m[Board] [0m  -------------------
[32;1m[Board] [0m6 ||[30;1mr[0m| |[7;1m [0m| |[7;1m [0m| |[7;1m [0m|[30;1mr[0m|| 6
[32;1m[Board] [0m  -------------------
[32;1m[Board] [0m5 ||[30;1mp[0m|[30;1mp[0m| |[30;1mp[0m| |[7;1m [0m|[0;1mp[0m|[30;1mp[0m|| 5
[32;1m[Board] [0m  -------------------
[32;1m[Board] [0m4 ||[0;1mp[0m|[0;1mb[0m|[30;1mp[0m|[0;1mp[0m|[7;1m [0m|[0;1mp[0m|[7;1m [0m|[0;1mp[0m|| 4
[32;1m[Board] [0m  -------------------
[32;1m[Board] [0m3 || |[0;1mp[0m| |[7;1m [0m|[30;1mp[0m|[7;1m [0m| |[7;1m [0m|| 3
[32;1m[Board] [0m  -------------------
[32;1m[Board] [0m2 ||[7;1m [0m| |[7;1m [0m|[0;1mk[0m|[0;1mp[0m| |[0;1mr[0m| || 2
[32;1m[Board] [0m  -------------------
[32;1m[Board] [0m1 || |[0;1mr[0m| |[0;1mQ[0m|[0;1mK[0m|[0;1mb[0m|[0;1mk[0m|[7;1m [0m|| 1
[32;1m[Board] [0m  -------------------
[32;1m[Board] [0m    a b c d e f g h
[32;1m[Board] [0m
[32;1m[Referee] [0mThis is the turn of the Black player...
Position after history:

  +-----------------+
8 | b n . . . b n . |
7 | . . . k . . . . |
6 | r . . . . . . r |
5 | p p . p . . P p |
4 | P B p P . P . P |
3 | . P . . p . . . |
2 | . . . N P . R . |
1 | . R . Q K B N . |
  +-----------------+
    a b c d e f g h
Side to move: Black
Next move: f8g7 (score: 1215)
[32;1m[Game] [0mPlayer's error code: 0
[32;1m[Game] [0mChecking move validity...
[32;1m[Board] [0mInitializing board...
[32;1m[Board] [0mLoading history file `stats/Black/game-22/history.csv`...
[32;1m[Board] [0mLoaded 39 move(s).
[32;1m[Board] [0mLoading move file `stats/Black/game-22/move.csv`...
[32;1m[Board] [0mBlack player is playing f8 to g7.
[32;1m[Board] [0m
[32;1m[Board] [0m    a b c d e f g h 
[32;1m[Board] [0m  -------------------
[32;1m[Board] [0m8 ||[30;1mb[0m|[30;1mk[0m|[7;1m [0m| |[7;1m [0m| |[30;1mk[0m| || 8
[32;1m[Board] [0m  -------------------
[32;1m[Board] [0m7 || |[7;1m [0m| |[30;1mK[0m| |[7;1m [0m|[30;1mb[0m|[7;1m [0m|| 7
[32;1m[Board] [0m  -------------------
[32;1m[Board] [0m6 ||[30;1mr[0m| |[7;1m [0m| |[7;1m [0m| |[7;1m [0m|[30;1mr[0m|| 6
[32;1m[Board] [0m  -------------------
[32;1m[Board] [0m5 ||[30;1mp[0m|[30;1mp[0m| |[30;1mp[0m| |[7;1m [0m|[0;1mp[0m|[30;1mp[0m|| 5
[32;1m[Board] [0m  -------------------
[32;1m[Board] [0m4 ||[0;1mp[0m|[0;1mb[0m|[30;1mp[0m|[0;1mp[0m|[7;1m [0m|[0;1mp[0m|[7;1m [0m|[0;1mp[0m|| 4
[32;1m[Board] [0m  -------------------
[32;1m[Board] [0m3 || |[0;1mp[0m| |[7;1m [0m|[30;1mp[0m|[7;1m [0m| |[7;1m [0m|| 3
[32;1m[Board] [0m  -------------------
[32;1m[Board] [0m2 ||[7;1m [0m| |[7;1m [0m|[0;1mk[0m|[0;1mp[0m| |[0;1mr[0m| || 2
[32;1m[Board] [0m  -------------------
[32;1m[Board] [0m1 || |[0;1mr[0m| |[0;1mQ[0m|[0;1mK[0m|[0;1mb[0m|[0;1mk[0m|[7;1m [0m|| 1
[32;1m[Board] [0m  -------------------
[32;1m[Board] [0m    a b c d e f g h
[32;1m[Board] [0m
[32;1m[Referee] [0mThis is the turn of the White player...
[32;1m[Board] [0mInitializing board...
[32;1m[Board] [0mLoading history file `stats/Black/game-22/history.csv`...
[32;1m[Board] [0mLoaded 40 move(s).
[32;1m[RandomPlayer] [0mComputing possible moves...
[32;1m[RandomPlayer] [0m26 possible move(s)
[32;1m[RandomPlayer] [0mPlaying random move 7 out of 26
[32;1m[Game] [0mPlayer's error code: 0
[32;1m[Game] [0mChecking move validity...
[32;1m[Board] [0mInitializing board...
[32;1m[Board] [0mLoading history file `stats/Black/game-22/history.csv`...
[32;1m[Board] [0mLoaded 40 move(s).
[32;1m[Board] [0mLoading move file `stats/Black/game-22/move.csv`...
[32;1m[Board] [0mWhite player is playing b1 to b2.
[32;1m[Board] [0m
[32;1m[Board] [0m    a b c d e f g h 
[32;1m[Board] [0m  -------------------
[32;1m[Board] [0m8 ||[30;1mb[0m|[30;1mk[0m|[7;1m [0m| |[7;1m [0m| |[30;1mk[0m| || 8
[32;1m[Board] [0m  -------------------
[32;1m[Board] [0m7 || |[7;1m [0m| |[30;1mK[0m| |[7;1m [0m|[30;1mb[0m|[7;1m [0m|| 7
[32;1m[Board] [0m  -------------------
[32;1m[Board] [0m6 ||[30;1mr[0m| |[7;1m [0m| |[7;1m [0m| |[7;1m [0m|[30;1mr[0m|| 6
[32;1m[Board] [0m  -------------------
[32;1m[Board] [0m5 ||[30;1mp[0m|[30;1mp[0m| |[30;1mp[0m| |[7;1m [0m|[0;1mp[0m|[30;1mp[0m|| 5
[32;1m[Board] [0m  -------------------
[32;1m[Board] [0m4 ||[0;1mp[0m|[0;1mb[0m|[30;1mp[0m|[0;1mp[0m|[7;1m [0m|[0;1mp[0m|[7;1m [0m|[0;1mp[0m|| 4
[32;1m[Board] [0m  -------------------
[32;1m[Board] [0m3 || |[0;1mp[0m| |[7;1m [0m|[30;1mp[0m|[7;1m [0m| |[7;1m [0m|| 3
[32;1m[Board] [0m  -------------------
[32;1m[Board] [0m2 ||[7;1m [0m|[0;1mr[0m|[7;1m [0m|[0;1mk[0m|[0;1mp[0m| |[0;1mr[0m| || 2
[32;1m[Board] [0m  -------------------
[32;1m[Board] [0m1 || |[7;1m [0m| |[0;1mQ[0m|[0;1mK[0m|[0;1mb[0m|[0;1mk[0m|[7;1m [0m|| 1
[32;1m[Board] [0m  -------------------
[32;1m[Board] [0m    a b c d e f g h
[32;1m[Board] [0m
[32;1m[Referee] [0mThis is the turn of the Black player...
Position after history:

  +-----------------+
8 | b n . . . . n . |
7 | . . . k . . b . |
6 | r . . . . . . r |
5 | p p . p . . P p |
4 | P B p P . P . P |
3 | . P . . p . . . |
2 | . R . N P . R . |
1 | . . . Q K B N . |
  +-----------------+
    a b c d e f g h
Side to move: Black
Next move: g7h8 (score: 1210)
[32;1m[Game] [0mPlayer's error code: 0
[32;1m[Game] [0mChecking move validity...
[32;1m[Board] [0mInitializing board...
[32;1m[Board] [0mLoading history file `stats/Black/game-22/history.csv`...
[32;1m[Board] [0mLoaded 41 move(s).
[32;1m[Board] [0mLoading move file `stats/Black/game-22/move.csv`...
[32;1m[Board] [0mBlack player is playing g7 to h8.
[32;1m[Board] [0m
[32;1m[Board] [0m    a b c d e f g h 
[32;1m[Board] [0m  -------------------
[32;1m[Board] [0m8 ||[30;1mb[0m|[30;1mk[0m|[7;1m [0m| |[7;1m [0m| |[30;1mk[0m|[30;1mb[0m|| 8
[32;1m[Board] [0m  -------------------
[32;1m[Board] [0m7 || |[7;1m [0m| |[30;1mK[0m| |[7;1m [0m| |[7;1m [0m|| 7
[32;1m[Board] [0m  -------------------
[32;1m[Board] [0m6 ||[30;1mr[0m| |[7;1m [0m| |[7;1m [0m| |[7;1m [0m|[30;1mr[0m|| 6
[32;1m[Board] [0m  -------------------
[32;1m[Board] [0m5 ||[30;1mp[0m|[30;1mp[0m| |[30;1mp[0m| |[7;1m [0m|[0;1mp[0m|[30;1mp[0m|| 5
[32;1m[Board] [0m  -------------------
[32;1m[Board] [0m4 ||[0;1mp[0m|[0;1mb[0m|[30;1mp[0m|[0;1mp[0m|[7;1m [0m|[0;1mp[0m|[7;1m [0m|[0;1mp[0m|| 4
[32;1m[Board] [0m  -------------------
[32;1m[Board] [0m3 || |[0;1mp[0m| |[7;1m [0m|[30;1mp[0m|[7;1m [0m| |[7;1m [0m|| 3
[32;1m[Board] [0m  -------------------
[32;1m[Board] [0m2 ||[7;1m [0m|[0;1mr[0m|[7;1m [0m|[0;1mk[0m|[0;1mp[0m| |[0;1mr[0m| || 2
[32;1m[Board] [0m  -------------------
[32;1m[Board] [0m1 || |[7;1m [0m| |[0;1mQ[0m|[0;1mK[0m|[0;1mb[0m|[0;1mk[0m|[7;1m [0m|| 1
[32;1m[Board] [0m  -------------------
[32;1m[Board] [0m    a b c d e f g h
[32;1m[Board] [0m
[32;1m[Referee] [0mThis is the turn of the White player...
[32;1m[Board] [0mInitializing board...
[32;1m[Board] [0mLoading history file `stats/Black/game-22/history.csv`...
[32;1m[Board] [0mLoaded 42 move(s).
[32;1m[RandomPlayer] [0mComputing possible moves...
[32;1m[RandomPlayer] [0m29 possible move(s)
[32;1m[RandomPlayer] [0mPlaying random move 21 out of 29
[32;1m[Game] [0mPlayer's error code: 0
[32;1m[Game] [0mChecking move validity...
[32;1m[Board] [0mInitializing board...
[32;1m[Board] [0mLoading history file `stats/Black/game-22/history.csv`...
[32;1m[Board] [0mLoaded 42 move(s).
[32;1m[Board] [0mLoading move file `stats/Black/game-22/move.csv`...
[32;1m[Board] [0mWhite player is playing b4 to a3.
[32;1m[Board] [0m
[32;1m[Board] [0m    a b c d e f g h 
[32;1m[Board] [0m  -------------------
[32;1m[Board] [0m8 ||[30;1mb[0m|[30;1mk[0m|[7;1m [0m| |[7;1m [0m| |[30;1mk[0m|[30;1mb[0m|| 8
[32;1m[Board] [0m  -------------------
[32;1m[Board] [0m7 || |[7;1m [0m| |[30;1mK[0m| |[7;1m [0m| |[7;1m [0m|| 7
[32;1m[Board] [0m  -------------------
[32;1m[Board] [0m6 ||[30;1mr[0m| |[7;1m [0m| |[7;1m [0m| |[7;1m [0m|[30;1mr[0m|| 6
[32;1m[Board] [0m  -------------------
[32;1m[Board] [0m5 ||[30;1mp[0m|[30;1mp[0m| |[30;1mp[0m| |[7;1m [0m|[0;1mp[0m|[30;1mp[0m|| 5
[32;1m[Board] [0m  -------------------
[32;1m[Board] [0m4 ||[0;1mp[0m| |[30;1mp[0m|[0;1mp[0m|[7;1m [0m|[0;1mp[0m|[7;1m [0m|[0;1mp[0m|| 4
[32;1m[Board] [0m  -------------------
[32;1m[Board] [0m3 ||[0;1mb[0m|[0;1mp[0m| |[7;1m [0m|[30;1mp[0m|[7;1m [0m| |[7;1m [0m|| 3
[32;1m[Board] [0m  -------------------
[32;1m[Board] [0m2 ||[7;1m [0m|[0;1mr[0m|[7;1m [0m|[0;1mk[0m|[0;1mp[0m| |[0;1mr[0m| || 2
[32;1m[Board] [0m  -------------------
[32;1m[Board] [0m1 || |[7;1m [0m| |[0;1mQ[0m|[0;1mK[0m|[0;1mb[0m|[0;1mk[0m|[7;1m [0m|| 1
[32;1m[Board] [0m  -------------------
[32;1m[Board] [0m    a b c d e f g h
[32;1m[Board] [0m
[32;1m[Referee] [0mThis is the turn of the Black player...
Position after history:

  +-----------------+
8 | b n . . . . n b |
7 | . . . k . . . . |
6 | r . . . . . . r |
5 | p p . p . . P p |
4 | P . p P . P . P |
3 | B P . . p . . . |
2 | . R . N P . R . |
1 | . . . Q K B N . |
  +-----------------+
    a b c d e f g h
Side to move: Black
Next move: b5b4 (score: 1200)
[32;1m[Game] [0mPlayer's error code: 0
[32;1m[Game] [0mChecking move validity...
[32;1m[Board] [0mInitializing board...
[32;1m[Board] [0mLoading history file `stats/Black/game-22/history.csv`...
[32;1m[Board] [0mLoaded 43 move(s).
[32;1m[Board] [0mLoading move file `stats/Black/game-22/move.csv`...
[32;1m[Board] [0mBlack player is playing b5 to b4.
[32;1m[Board] [0m
[32;1m[Board] [0m    a b c d e f g h 
[32;1m[Board] [0m  -------------------
[32;1m[Board] [0m8 ||[30;1mb[0m|[30;1mk[0m|[7;1m [0m| |[7;1m [0m| |[30;1mk[0m|[30;1mb[0m|| 8
[32;1m[Board] [0m  -------------------
[32;1m[Board] [0m7 || |[7;1m [0m| |[30;1mK[0m| |[7;1m [0m| |[7;1m [0m|| 7
[32;1m[Board] [0m  -------------------
[32;1m[Board] [0m6 ||[30;1mr[0m| |[7;1m [0m| |[7;1m [0m| |[7;1m [0m|[30;1mr[0m|| 6
[32;1m[Board] [0m  -------------------
[32;1m[Board] [0m5 ||[30;1mp[0m|[7;1m [0m| |[30;1mp[0m| |[7;1m [0m|[0;1mp[0m|[30;1mp[0m|| 5
[32;1m[Board] [0m  -------------------
[32;1m[Board] [0m4 ||[0;1mp[0m|[30;1mp[0m|[30;1mp[0m|[0;1mp[0m|[7;1m [0m|[0;1mp[0m|[7;1m [0m|[0;1mp[0m|| 4
[32;1m[Board] [0m  -------------------
[32;1m[Board] [0m3 ||[0;1mb[0m|[0;1mp[0m| |[7;1m [0m|[30;1mp[0m|[7;1m [0m| |[7;1m [0m|| 3
[32;1m[Board] [0m  -------------------
[32;1m[Board] [0m2 ||[7;1m [0m|[0;1mr[0m|[7;1m [0m|[0;1mk[0m|[0;1mp[0m| |[0;1mr[0m| || 2
[32;1m[Board] [0m  -------------------
[32;1m[Board] [0m1 || |[7;1m [0m| |[0;1mQ[0m|[0;1mK[0m|[0;1mb[0m|[0;1mk[0m|[7;1m [0m|| 1
[32;1m[Board] [0m  -------------------
[32;1m[Board] [0m    a b c d e f g h
[32;1m[Board] [0m
[32;1m[Referee] [0mThis is the turn of the White player...
[32;1m[Board] [0mInitializing board...
[32;1m[Board] [0mLoading history file `stats/Black/game-22/history.csv`...
[32;1m[Board] [0mLoaded 44 move(s).
[32;1m[RandomPlayer] [0mComputing possible moves...
[32;1m[RandomPlayer] [0m22 possible move(s)
[32;1m[RandomPlayer] [0mPlaying random move 0 out of 22
[32;1m[Game] [0mPlayer's error code: 0
[32;1m[Game] [0mChecking move validity...
[32;1m[Board] [0mInitializing board...
[32;1m[Board] [0mLoading history file `stats/Black/game-22/history.csv`...
[32;1m[Board] [0mLoaded 44 move(s).
[32;1m[Board] [0mLoading move file `stats/Black/game-22/move.csv`...
[32;1m[Board] [0mWhite player is playing b3 to c4.
[32;1m[Board] [0m[5;1mWhite Pawn is taking Black Pawn.[0m
[32;1m[Board] [0m
[32;1m[Board] [0m    a b c d e f g h 
[32;1m[Board] [0m  -------------------
[32;1m[Board] [0m8 ||[30;1mb[0m|[30;1mk[0m|[7;1m [0m| |[7;1m [0m| |[30;1mk[0m|[30;1mb[0m|| 8
[32;1m[Board] [0m  -------------------
[32;1m[Board] [0m7 || |[7;1m [0m| |[30;1mK[0m| |[7;1m [0m| |[7;1m [0m|| 7
[32;1m[Board] [0m  -------------------
[32;1m[Board] [0m6 ||[30;1mr[0m| |[7;1m [0m| |[7;1m [0m| |[7;1m [0m|[30;1mr[0m|| 6
[32;1m[Board] [0m  -------------------
[32;1m[Board] [0m5 ||[30;1mp[0m|[7;1m [0m| |[30;1mp[0m| |[7;1m [0m|[0;1mp[0m|[30;1mp[0m|| 5
[32;1m[Board] [0m  -------------------
[32;1m[Board] [0m4 ||[0;1mp[0m|[30;1mp[0m|[0;1mp[0m|[0;1mp[0m|[7;1m [0m|[0;1mp[0m|[7;1m [0m|[0;1mp[0m|| 4
[32;1m[Board] [0m  -------------------
[32;1m[Board] [0m3 ||[0;1mb[0m|[7;1m [0m| |[7;1m [0m|[30;1mp[0m|[7;1m [0m| |[7;1m [0m|| 3
[32;1m[Board] [0m  -------------------
[32;1m[Board] [0m2 ||[7;1m [0m|[0;1mr[0m|[7;1m [0m|[0;1mk[0m|[0;1mp[0m| |[0;1mr[0m| || 2
[32;1m[Board] [0m  -------------------
[32;1m[Board] [0m1 || |[7;1m [0m| |[0;1mQ[0m|[0;1mK[0m|[0;1mb[0m|[0;1mk[0m|[7;1m [0m|| 1
[32;1m[Board] [0m  -------------------
[32;1m[Board] [0m    a b c d e f g h
[32;1m[Board] [0m
[32;1m[Referee] [0mThis is the turn of the Black player...
Position after history:

  +-----------------+
8 | b n . . . . n b |
7 | . . . k . . . . |
6 | r . . . . . . r |
5 | p . . p . . P p |
4 | P p P P . P . P |
3 | B . . . p . . . |
2 | . R . N P . R . |
1 | . . . Q K B N . |
  +-----------------+
    a b c d e f g h
Side to move: Black
Next move: b8c6 (score: 1240)
[32;1m[Game] [0mPlayer's error code: 0
[32;1m[Game] [0mChecking move validity...
[32;1m[Board] [0mInitializing board...
[32;1m[Board] [0mLoading history file `stats/Black/game-22/history.csv`...
[32;1m[Board] [0mLoaded 45 move(s).
[32;1m[Board] [0mLoading move file `stats/Black/game-22/move.csv`...
[32;1m[Board] [0mBlack player is playing b8 to c6.
[32;1m[Board] [0m
[32;1m[Board] [0m    a b c d e f g h 
[32;1m[Board] [0m  -------------------
[32;1m[Board] [0m8 ||[30;1mb[0m| |[7;1m [0m| |[7;1m [0m| |[30;1mk[0m|[30;1mb[0m|| 8
[32;1m[Board] [0m  -------------------
[32;1m[Board] [0m7 || |[7;1m [0m| |[30;1mK[0m| |[7;1m [0m| |[7;1m [0m|| 7
[32;1m[Board] [0m  -------------------
[32;1m[Board] [0m6 ||[30;1mr[0m| |[30;1mk[0m| |[7;1m [0m| |[7;1m [0m|[30;1mr[0m|| 6
[32;1m[Board] [0m  -------------------
[32;1m[Board] [0m5 ||[30;1mp[0m|[7;1m [0m| |[30;1mp[0m| |[7;1m [0m|[0;1mp[0m|[30;1mp[0m|| 5
[32;1m[Board] [0m  -------------------
[32;1m[Board] [0m4 ||[0;1mp[0m|[30;1mp[0m|[0;1mp[0m|[0;1mp[0m|[7;1m [0m|[0;1mp[0m|[7;1m [0m|[0;1mp[0m|| 4
[32;1m[Board] [0m  -------------------
[32;1m[Board] [0m3 ||[0;1mb[0m|[7;1m [0m| |[7;1m [0m|[30;1mp[0m|[7;1m [0m| |[7;1m [0m|| 3
[32;1m[Board] [0m  -------------------
[32;1m[Board] [0m2 ||[7;1m [0m|[0;1mr[0m|[7;1m [0m|[0;1mk[0m|[0;1mp[0m| |[0;1mr[0m| || 2
[32;1m[Board] [0m  -------------------
[32;1m[Board] [0m1 || |[7;1m [0m| |[0;1mQ[0m|[0;1mK[0m|[0;1mb[0m|[0;1mk[0m|[7;1m [0m|| 1
[32;1m[Board] [0m  -------------------
[32;1m[Board] [0m    a b c d e f g h
[32;1m[Board] [0m
[32;1m[Referee] [0mThis is the turn of the White player...
[32;1m[Board] [0mInitializing board...
[32;1m[Board] [0mLoading history file `stats/Black/game-22/history.csv`...
[32;1m[Board] [0mLoaded 46 move(s).
[32;1m[RandomPlayer] [0mComputing possible moves...
[32;1m[RandomPlayer] [0m26 possible move(s)
[32;1m[RandomPlayer] [0mPlaying random move 22 out of 26
[32;1m[Game] [0mPlayer's error code: 0
[32;1m[Game] [0mChecking move validity...
[32;1m[Board] [0mInitializing board...
[32;1m[Board] [0mLoading history file `stats/Black/game-22/history.csv`...
[32;1m[Board] [0mLoaded 46 move(s).
[32;1m[Board] [0mLoading move file `stats/Black/game-22/move.csv`...
[32;1m[Board] [0mWhite player is playing d1 to b1.
[32;1m[Board] [0m
[32;1m[Board] [0m    a b c d e f g h 
[32;1m[Board] [0m  -------------------
[32;1m[Board] [0m8 ||[30;1mb[0m| |[7;1m [0m| |[7;1m [0m| |[30;1mk[0m|[30;1mb[0m|| 8
[32;1m[Board] [0m  -------------------
[32;1m[Board] [0m7 || |[7;1m [0m| |[30;1mK[0m| |[7;1m [0m| |[7;1m [0m|| 7
[32;1m[Board] [0m  -------------------
[32;1m[Board] [0m6 ||[30;1mr[0m| |[30;1mk[0m| |[7;1m [0m| |[7;1m [0m|[30;1mr[0m|| 6
[32;1m[Board] [0m  -------------------
[32;1m[Board] [0m5 ||[30;1mp[0m|[7;1m [0m| |[30;1mp[0m| |[7;1m [0m|[0;1mp[0m|[30;1mp[0m|| 5
[32;1m[Board] [0m  -------------------
[32;1m[Board] [0m4 ||[0;1mp[0m|[30;1mp[0m|[0;1mp[0m|[0;1mp[0m|[7;1m [0m|[0;1mp[0m|[7;1m [0m|[0;1mp[0m|| 4
[32;1m[Board] [0m  -------------------
[32;1m[Board] [0m3 ||[0;1mb[0m|[7;1m [0m| |[7;1m [0m|[30;1mp[0m|[7;1m [0m| |[7;1m [0m|| 3
[32;1m[Board] [0m  -------------------
[32;1m[Board] [0m2 ||[7;1m [0m|[0;1mr[0m|[7;1m [0m|[0;1mk[0m|[0;1mp[0m| |[0;1mr[0m| || 2
[32;1m[Board] [0m  -------------------
[32;1m[Board] [0m1 || |[0;1mQ[0m| |[7;1m [0m|[0;1mK[0m|[0;1mb[0m|[0;1mk[0m|[7;1m [0m|| 1
[32;1m[Board] [0m  -------------------
[32;1m[Board] [0m    a b c d e f g h
[32;1m[Board] [0m
[32;1m[Referee] [0mThis is the turn of the Black player...
Position after history:

  +-----------------+
8 | b . . . . . n b |
7 | . . . k . . . . |
6 | r . n . . . . r |
5 | p . . p . . P p |
4 | P p P P . P . P |
3 | B . . . p . . . |
2 | . R . N P . R . |
1 | . Q . . K B N . |
  +-----------------+
    a b c d e f g h
Side to move: Black
Next move: c6a7 (score: 1240)
[32;1m[Game] [0mPlayer's error code: 0
[32;1m[Game] [0mChecking move validity...
[32;1m[Board] [0mInitializing board...
[32;1m[Board] [0mLoading history file `stats/Black/game-22/history.csv`...
[32;1m[Board] [0mLoaded 47 move(s).
[32;1m[Board] [0mLoading move file `stats/Black/game-22/move.csv`...
[32;1m[Board] [0mBlack player is playing c6 to a7.
[32;1m[Board] [0m
[32;1m[Board] [0m    a b c d e f g h 
[32;1m[Board] [0m  -------------------
[32;1m[Board] [0m8 ||[30;1mb[0m| |[7;1m [0m| |[7;1m [0m| |[30;1mk[0m|[30;1mb[0m|| 8
[32;1m[Board] [0m  -------------------
[32;1m[Board] [0m7 ||[30;1mk[0m|[7;1m [0m| |[30;1mK[0m| |[7;1m [0m| |[7;1m [0m|| 7
[32;1m[Board] [0m  -------------------
[32;1m[Board] [0m6 ||[30;1mr[0m| |[7;1m [0m| |[7;1m [0m| |[7;1m [0m|[30;1mr[0m|| 6
[32;1m[Board] [0m  -------------------
[32;1m[Board] [0m5 ||[30;1mp[0m|[7;1m [0m| |[30;1mp[0m| |[7;1m [0m|[0;1mp[0m|[30;1mp[0m|| 5
[32;1m[Board] [0m  -------------------
[32;1m[Board] [0m4 ||[0;1mp[0m|[30;1mp[0m|[0;1mp[0m|[0;1mp[0m|[7;1m [0m|[0;1mp[0m|[7;1m [0m|[0;1mp[0m|| 4
[32;1m[Board] [0m  -------------------
[32;1m[Board] [0m3 ||[0;1mb[0m|[7;1m [0m| |[7;1m [0m|[30;1mp[0m|[7;1m [0m| |[7;1m [0m|| 3
[32;1m[Board] [0m  -------------------
[32;1m[Board] [0m2 ||[7;1m [0m|[0;1mr[0m|[7;1m [0m|[0;1mk[0m|[0;1mp[0m| |[0;1mr[0m| || 2
[32;1m[Board] [0m  -------------------
[32;1m[Board] [0m1 || |[0;1mQ[0m| |[7;1m [0m|[0;1mK[0m|[0;1mb[0m|[0;1mk[0m|[7;1m [0m|| 1
[32;1m[Board] [0m  -------------------
[32;1m[Board] [0m    a b c d e f g h
[32;1m[Board] [0m
[32;1m[Referee] [0mThis is the turn of the White player...
[32;1m[Board] [0mInitializing board...
[32;1m[Board] [0mLoading history file `stats/Black/game-22/history.csv`...
[32;1m[Board] [0mLoaded 48 move(s).
[32;1m[RandomPlayer] [0mComputing possible moves...
[32;1m[RandomPlayer] [0m30 possible move(s)
[32;1m[RandomPlayer] [0mPlaying random move 11 out of 30
[32;1m[Game] [0mPlayer's error code: 0
[32;1m[Game] [0mChecking move validity...
[32;1m[Board] [0mInitializing board...
[32;1m[Board] [0mLoading history file `stats/Black/game-22/history.csv`...
[32;1m[Board] [0mLoaded 48 move(s).
[32;1m[Board] [0mLoading move file `stats/Black/game-22/move.csv`...
[32;1m[Board] [0mWhite player is playing g2 to g3.
[32;1m[Board] [0m
[32;1m[Board] [0m    a b c d e f g h 
[32;1m[Board] [0m  -------------------
[32;1m[Board] [0m8 ||[30;1mb[0m| |[7;1m [0m| |[7;1m [0m| |[30;1mk[0m|[30;1mb[0m|| 8
[32;1m[Board] [0m  -------------------
[32;1m[Board] [0m7 ||[30;1mk[0m|[7;1m [0m| |[30;1mK[0m| |[7;1m [0m| |[7;1m [0m|| 7
[32;1m[Board] [0m  -------------------
[32;1m[Board] [0m6 ||[30;1mr[0m| |[7;1m [0m| |[7;1m [0m| |[7;1m [0m|[30;1mr[0m|| 6
[32;1m[Board] [0m  -------------------
[32;1m[Board] [0m5 ||[30;1mp[0m|[7;1m [0m| |[30;1mp[0m| |[7;1m [0m|[0;1mp[0m|[30;1mp[0m|| 5
[32;1m[Board] [0m  -------------------
[32;1m[Board] [0m4 ||[0;1mp[0m|[30;1mp[0m|[0;1mp[0m|[0;1mp[0m|[7;1m [0m|[0;1mp[0m|[7;1m [0m|[0;1mp[0m|| 4
[32;1m[Board] [0m  -------------------
[32;1m[Board] [0m3 ||[0;1mb[0m|[7;1m [0m| |[7;1m [0m|[30;1mp[0m|[7;1m [0m|[0;1mr[0m|[7;1m [0m|| 3
[32;1m[Board] [0m  -------------------
[32;1m[Board] [0m2 ||[7;1m [0m|[0;1mr[0m|[7;1m [0m|[0;1mk[0m|[0;1mp[0m| |[7;1m [0m| || 2
[32;1m[Board] [0m  -------------------
[32;1m[Board] [0m1 || |[0;1mQ[0m| |[7;1m [0m|[0;1mK[0m|[0;1mb[0m|[0;1mk[0m|[7;1m [0m|| 1
[32;1m[Board] [0m  -------------------
[32;1m[Board] [0m    a b c d e f g h
[32;1m[Board] [0m
[32;1m[Referee] [0mThis is the turn of the Black player...
Position after history:

  +-----------------+
8 | b . . . . . n b |
7 | n . . k . . . . |
6 | r . . . . . . r |
5 | p . . p . . P p |
4 | P p P P . P . P |
3 | B . . . p . R . |
2 | . R . N P . . . |
1 | . Q . . K B N . |
  +-----------------+
    a b c d e f g h
Side to move: Black
Next move: a7c8 (score: 1230)
[32;1m[Game] [0mPlayer's error code: 0
[32;1m[Game] [0mChecking move validity...
[32;1m[Board] [0mInitializing board...
[32;1m[Board] [0mLoading history file `stats/Black/game-22/history.csv`...
[32;1m[Board] [0mLoaded 49 move(s).
[32;1m[Board] [0mLoading move file `stats/Black/game-22/move.csv`...
[32;1m[Board] [0mBlack player is playing a7 to c8.
[32;1m[Board] [0m
[32;1m[Board] [0m    a b c d e f g h 
[32;1m[Board] [0m  -------------------
[32;1m[Board] [0m8 ||[30;1mb[0m| |[30;1mk[0m| |[7;1m [0m| |[30;1mk[0m|[30;1mb[0m|| 8
[32;1m[Board] [0m  -------------------
[32;1m[Board] [0m7 || |[7;1m [0m| |[30;1mK[0m| |[7;1m [0m| |[7;1m [0m|| 7
[32;1m[Board] [0m  -------------------
[32;1m[Board] [0m6 ||[30;1mr[0m| |[7;1m [0m| |[7;1m [0m| |[7;1m [0m|[30;1mr[0m|| 6
[32;1m[Board] [0m  -------------------
[32;1m[Board] [0m5 ||[30;1mp[0m|[7;1m [0m| |[30;1mp[0m| |[7;1m [0m|[0;1mp[0m|[30;1mp[0m|| 5
[32;1m[Board] [0m  -------------------
[32;1m[Board] [0m4 ||[0;1mp[0m|[30;1mp[0m|[0;1mp[0m|[0;1mp[0m|[7;1m [0m|[0;1mp[0m|[7;1m [0m|[0;1mp[0m|| 4
[32;1m[Board] [0m  -------------------
[32;1m[Board] [0m3 ||[0;1mb[0m|[7;1m [0m| |[7;1m [0m|[30;1mp[0m|[7;1m [0m|[0;1mr[0m|[7;1m [0m|| 3
[32;1m[Board] [0m  -------------------
[32;1m[Board] [0m2 ||[7;1m [0m|[0;1mr[0m|[7;1m [0m|[0;1mk[0m|[0;1mp[0m| |[7;1m [0m| || 2
[32;1m[Board] [0m  -------------------
[32;1m[Board] [0m1 || |[0;1mQ[0m| |[7;1m [0m|[0;1mK[0m|[0;1mb[0m|[0;1mk[0m|[7;1m [0m|| 1
[32;1m[Board] [0m  -------------------
[32;1m[Board] [0m    a b c d e f g h
[32;1m[Board] [0m
[32;1m[Referee] [0mThis is the turn of the White player...
[32;1m[Board] [0mInitializing board...
[32;1m[Board] [0mLoading history file `stats/Black/game-22/history.csv`...
[32;1m[Board] [0mLoaded 50 move(s).
[32;1m[RandomPlayer] [0mComputing possible moves...
[32;1m[RandomPlayer] [0m33 possible move(s)
[32;1m[RandomPlayer] [0mPlaying random move 12 out of 33
[32;1m[Game] [0mPlayer's error code: 0
[32;1m[Game] [0mChecking move validity...
[32;1m[Board] [0mInitializing board...
[32;1m[Board] [0mLoading history file `stats/Black/game-22/history.csv`...
[32;1m[Board] [0mLoaded 50 move(s).
[32;1m[Board] [0mLoading move file `stats/Black/game-22/move.csv`...
[32;1m[Board] [0mWhite player is playing g3 to g4.
[32;1m[Board] [0m
[32;1m[Board] [0m    a b c d e f g h 
[32;1m[Board] [0m  -------------------
[32;1m[Board] [0m8 ||[30;1mb[0m| |[30;1mk[0m| |[7;1m [0m| |[30;1mk[0m|[30;1mb[0m|| 8
[32;1m[Board] [0m  -------------------
[32;1m[Board] [0m7 || |[7;1m [0m| |[30;1mK[0m| |[7;1m [0m| |[7;1m [0m|| 7
[32;1m[Board] [0m  -------------------
[32;1m[Board] [0m6 ||[30;1mr[0m| |[7;1m [0m| |[7;1m [0m| |[7;1m [0m|[30;1mr[0m|| 6
[32;1m[Board] [0m  -------------------
[32;1m[Board] [0m5 ||[30;1mp[0m|[7;1m [0m| |[30;1mp[0m| |[7;1m [0m|[0;1mp[0m|[30;1mp[0m|| 5
[32;1m[Board] [0m  -------------------
[32;1m[Board] [0m4 ||[0;1mp[0m|[30;1mp[0m|[0;1mp[0m|[0;1mp[0m|[7;1m [0m|[0;1mp[0m|[0;1mr[0m|[0;1mp[0m|| 4
[32;1m[Board] [0m  -------------------
[32;1m[Board] [0m3 ||[0;1mb[0m|[7;1m [0m| |[7;1m [0m|[30;1mp[0m|[7;1m [0m| |[7;1m [0m|| 3
[32;1m[Board] [0m  -------------------
[32;1m[Board] [0m2 ||[7;1m [0m|[0;1mr[0m|[7;1m [0m|[0;1mk[0m|[0;1mp[0m| |[7;1m [0m| || 2
[32;1m[Board] [0m  -------------------
[32;1m[Board] [0m1 || |[0;1mQ[0m| |[7;1m [0m|[0;1mK[0m|[0;1mb[0m|[0;1mk[0m|[7;1m [0m|| 1
[32;1m[Board] [0m  -------------------
[32;1m[Board] [0m    a b c d e f g h
[32;1m[Board] [0m
[32;1m[Referee] [0mThis is the turn of the Black player...
Position after history:

  +-----------------+
8 | b . n . . . n b |
7 | . . . k . . . . |
6 | r . . . . . . r |
5 | p . . p . . P p |
4 | P p P P . P R P |
3 | B . . . p . . . |
2 | . R . N P . . . |
1 | . Q . . K B N . |
  +-----------------+
    a b c d e f g h
Side to move: Black
Next move: c8a7 (score: 1230)
[32;1m[Game] [0mPlayer's error code: 0
[32;1m[Game] [0mChecking move validity...
[32;1m[Board] [0mInitializing board...
[32;1m[Board] [0mLoading history file `stats/Black/game-22/history.csv`...
[32;1m[Board] [0mLoaded 51 move(s).
[32;1m[Board] [0mLoading move file `stats/Black/game-22/move.csv`...
[32;1m[Board] [0mBlack player is playing c8 to a7.
[32;1m[Board] [0m
[32;1m[Board] [0m    a b c d e f g h 
[32;1m[Board] [0m  -------------------
[32;1m[Board] [0m8 ||[30;1mb[0m| |[7;1m [0m| |[7;1m [0m| |[30;1mk[0m|[30;1mb[0m|| 8
[32;1m[Board] [0m  -------------------
[32;1m[Board] [0m7 ||[30;1mk[0m|[7;1m [0m| |[30;1mK[0m| |[7;1m [0m| |[7;1m [0m|| 7
[32;1m[Board] [0m  -------------------
[32;1m[Board] [0m6 ||[30;1mr[0m| |[7;1m [0m| |[7;1m [0m| |[7;1m [0m|[30;1mr[0m|| 6
[32;1m[Board] [0m  -------------------
[32;1m[Board] [0m5 ||[30;1mp[0m|[7;1m [0m| |[30;1mp[0m| |[7;1m [0m|[0;1mp[0m|[30;1mp[0m|| 5
[32;1m[Board] [0m  -------------------
[32;1m[Board] [0m4 ||[0;1mp[0m|[30;1mp[0m|[0;1mp[0m|[0;1mp[0m|[7;1m [0m|[0;1mp[0m|[0;1mr[0m|[0;1mp[0m|| 4
[32;1m[Board] [0m  -------------------
[32;1m[Board] [0m3 ||[0;1mb[0m|[7;1m [0m| |[7;1m [0m|[30;1mp[0m|[7;1m [0m| |[7;1m [0m|| 3
[32;1m[Board] [0m  -------------------
[32;1m[Board] [0m2 ||[7;1m [0m|[0;1mr[0m|[7;1m [0m|[0;1mk[0m|[0;1mp[0m| |[7;1m [0m| || 2
[32;1m[Board] [0m  -------------------
[32;1m[Board] [0m1 || |[0;1mQ[0m| |[7;1m [0m|[0;1mK[0m|[0;1mb[0m|[0;1mk[0m|[7;1m [0m|| 1
[32;1m[Board] [0m  -------------------
[32;1m[Board] [0m    a b c d e f g h
[32;1m[Board] [0m
[32;1m[Referee] [0mThis is the turn of the White player...
[32;1m[Board] [0mInitializing board...
[32;1m[Board] [0mLoading history file `stats/Black/game-22/history.csv`...
[32;1m[Board] [0mLoaded 52 move(s).
[32;1m[RandomPlayer] [0mComputing possible moves...
[32;1m[RandomPlayer] [0m30 possible move(s)
[32;1m[RandomPlayer] [0mPlaying random move 25 out of 30
[32;1m[Game] [0mPlayer's error code: 0
[32;1m[Game] [0mChecking move validity...
[32;1m[Board] [0mInitializing board...
[32;1m[Board] [0mLoading history file `stats/Black/game-22/history.csv`...
[32;1m[Board] [0mLoaded 52 move(s).
[32;1m[Board] [0mLoading move file `stats/Black/game-22/move.csv`...
[32;1m[Board] [0mWhite player is playing b1 to e4.
[32;1m[Board] [0m
[32;1m[Board] [0m    a b c d e f g h 
[32;1m[Board] [0m  -------------------
[32;1m[Board] [0m8 ||[30;1mb[0m| |[7;1m [0m| |[7;1m [0m| |[30;1mk[0m|[30;1mb[0m|| 8
[32;1m[Board] [0m  -------------------
[32;1m[Board] [0m7 ||[30;1mk[0m|[7;1m [0m| |[30;1mK[0m| |[7;1m [0m| |[7;1m [0m|| 7
[32;1m[Board] [0m  -------------------
[32;1m[Board] [0m6 ||[30;1mr[0m| |[7;1m [0m| |[7;1m [0m| |[7;1m [0m|[30;1mr[0m|| 6
[32;1m[Board] [0m  -------------------
[32;1m[Board] [0m5 ||[30;1mp[0m|[7;1m [0m| |[30;1mp[0m| |[7;1m [0m|[0;1mp[0m|[30;1mp[0m|| 5
[32;1m[Board] [0m  -------------------
[32;1m[Board] [0m4 ||[0;1mp[0m|[30;1mp[0m|[0;1mp[0m|[0;1mp[0m|[0;1mQ[0m|[0;1mp[0m|[0;1mr[0m|[0;1mp[0m|| 4
[32;1m[Board] [0m  -------------------
[32;1m[Board] [0m3 ||[0;1mb[0m|[7;1m [0m| |[7;1m [0m|[30;1mp[0m|[7;1m [0m| |[7;1m [0m|| 3
[32;1m[Board] [0m  -------------------
[32;1m[Board] [0m2 ||[7;1m [0m|[0;1mr[0m|[7;1m [0m|[0;1mk[0m|[0;1mp[0m| |[7;1m [0m| || 2
[32;1m[Board] [0m  -------------------
[32;1m[Board] [0m1 || |[7;1m [0m| |[7;1m [0m|[0;1mK[0m|[0;1mb[0m|[0;1mk[0m|[7;1m [0m|| 1
[32;1m[Board] [0m  -------------------
[32;1m[Board] [0m    a b c d e f g h
[32;1m[Board] [0m
[32;1m[Referee] [0mThis is the turn of the Black player...
Position after history:

  +-----------------+
8 | b . . . . . n b |
7 | n . . k . . . . |
6 | r . . . . . . r |
5 | p . . p . . P p |
4 | P p P P Q P R P |
3 | B . . . p . . . |
2 | . R . N P . . . |
1 | . . . . K B N . |
  +-----------------+
    a b c d e f g h
Side to move: Black
Next move: a7c8 (score: 1230)
[32;1m[Game] [0mPlayer's error code: 0
[32;1m[Game] [0mChecking move validity...
[32;1m[Board] [0mInitializing board...
[32;1m[Board] [0mLoading history file `stats/Black/game-22/history.csv`...
[32;1m[Board] [0mLoaded 53 move(s).
[32;1m[Board] [0mLoading move file `stats/Black/game-22/move.csv`...
[32;1m[Board] [0mBlack player is playing a7 to c8.
[32;1m[Board] [0m
[32;1m[Board] [0m    a b c d e f g h 
[32;1m[Board] [0m  -------------------
[32;1m[Board] [0m8 ||[30;1mb[0m| |[30;1mk[0m| |[7;1m [0m| |[30;1mk[0m|[30;1mb[0m|| 8
[32;1m[Board] [0m  -------------------
[32;1m[Board] [0m7 || |[7;1m [0m| |[30;1mK[0m| |[7;1m [0m| |[7;1m [0m|| 7
[32;1m[Board] [0m  -------------------
[32;1m[Board] [0m6 ||[30;1mr[0m| |[7;1m [0m| |[7;1m [0m| |[7;1m [0m|[30;1mr[0m|| 6
[32;1m[Board] [0m  -------------------
[32;1m[Board] [0m5 ||[30;1mp[0m|[7;1m [0m| |[30;1mp[0m| |[7;1m [0m|[0;1mp[0m|[30;1mp[0m|| 5
[32;1m[Board] [0m  -------------------
[32;1m[Board] [0m4 ||[0;1mp[0m|[30;1mp[0m|[0;1mp[0m|[0;1mp[0m|[0;1mQ[0m|[0;1mp[0m|[0;1mr[0m|[0;1mp[0m|| 4
[32;1m[Board] [0m  -------------------
[32;1m[Board] [0m3 ||[0;1mb[0m|[7;1m [0m| |[7;1m [0m|[30;1mp[0m|[7;1m [0m| |[7;1m [0m|| 3
[32;1m[Board] [0m  -------------------
[32;1m[Board] [0m2 ||[7;1m [0m|[0;1mr[0m|[7;1m [0m|[0;1mk[0m|[0;1mp[0m| |[7;1m [0m| || 2
[32;1m[Board] [0m  -------------------
[32;1m[Board] [0m1 || |[7;1m [0m| |[7;1m [0m|[0;1mK[0m|[0;1mb[0m|[0;1mk[0m|[7;1m [0m|| 1
[32;1m[Board] [0m  -------------------
[32;1m[Board] [0m    a b c d e f g h
[32;1m[Board] [0m
[32;1m[Referee] [0mThis is the turn of the White player...
[32;1m[Board] [0mInitializing board...
[32;1m[Board] [0mLoading history file `stats/Black/game-22/history.csv`...
[32;1m[Board] [0mLoaded 54 move(s).
[32;1m[RandomPlayer] [0mComputing possible moves...
[32;1m[RandomPlayer] [0m36 possible move(s)
[32;1m[RandomPlayer] [0mPlaying random move 25 out of 36
[32;1m[Game] [0mPlayer's error code: 0
[32;1m[Game] [0mChecking move validity...
[32;1m[Board] [0mInitializing board...
[32;1m[Board] [0mLoading history file `stats/Black/game-22/history.csv`...
[32;1m[Board] [0mLoaded 54 move(s).
[32;1m[Board] [0mLoading move file `stats/Black/game-22/move.csv`...
[32;1m[Board] [0mWhite player is playing e4 to f5.
[32;1m[Board] [0m
[32;1m[Board] [0m    a b c d e f g h 
[32;1m[Board] [0m  -------------------
[32;1m[Board] [0m8 ||[30;1mb[0m| |[30;1mk[0m| |[7;1m [0m| |[30;1mk[0m|[30;1mb[0m|| 8
[32;1m[Board] [0m  -------------------
[32;1m[Board] [0m7 || |[7;1m [0m| |[30;1mK[0m| |[7;1m [0m| |[7;1m [0m|| 7
[32;1m[Board] [0m  -------------------
[32;1m[Board] [0m6 ||[30;1mr[0m| |[7;1m [0m| |[7;1m [0m| |[7;1m [0m|[30;1mr[0m|| 6
[32;1m[Board] [0m  -------------------
[32;1m[Board] [0m5 ||[30;1mp[0m|[7;1m [0m| |[30;1mp[0m| |[0;1mQ[0m|[0;1mp[0m|[30;1mp[0m|| 5
[32;1m[Board] [0m  -------------------
[32;1m[Board] [0m4 ||[0;1mp[0m|[30;1mp[0m|[0;1mp[0m|[0;1mp[0m|[7;1m [0m|[0;1mp[0m|[0;1mr[0m|[0;1mp[0m|| 4
[32;1m[Board] [0m  -------------------
[32;1m[Board] [0m3 ||[0;1mb[0m|[7;1m [0m| |[7;1m [0m|[30;1mp[0m|[7;1m [0m| |[7;1m [0m|| 3
[32;1m[Board] [0m  -------------------
[32;1m[Board] [0m2 ||[7;1m [0m|[0;1mr[0m|[7;1m [0m|[0;1mk[0m|[0;1mp[0m| |[7;1m [0m| || 2
[32;1m[Board] [0m  -------------------
[32;1m[Board] [0m1 || |[7;1m [0m| |[7;1m [0m|[0;1mK[0m|[0;1mb[0m|[0;1mk[0m|[7;1m [0m|| 1
[32;1m[Board] [0m  -------------------
[32;1m[Board] [0m    a b c d e f g h
[32;1m[Board] [0m
[32;1m[Referee] [0mThis is the turn of the Black player...
Position after history:

  +-----------------+
8 | b . n . . . n b |
7 | . . . k . . . . |
6 | r . . . . . . r |
5 | p . . p . Q P p |
4 | P p P P . P R P |
3 | B . . . p . . . |
2 | . R . N P . . . |
1 | . . . . K B N . |
  +-----------------+
    a b c d e f g h
Side to move: Black
Next move: d7c6 (score: 1230)
[32;1m[Game] [0mPlayer's error code: 0
[32;1m[Game] [0mChecking move validity...
[32;1m[Board] [0mInitializing board...
[32;1m[Board] [0mLoading history file `stats/Black/game-22/history.csv`...
[32;1m[Board] [0mLoaded 55 move(s).
[32;1m[Board] [0mLoading move file `stats/Black/game-22/move.csv`...
[32;1m[Board] [0mBlack player is playing d7 to c6.
[32;1m[Board] [0m
[32;1m[Board] [0m    a b c d e f g h 
[32;1m[Board] [0m  -------------------
[32;1m[Board] [0m8 ||[30;1mb[0m| |[30;1mk[0m| |[7;1m [0m| |[30;1mk[0m|[30;1mb[0m|| 8
[32;1m[Board] [0m  -------------------
[32;1m[Board] [0m7 || |[7;1m [0m| |[7;1m [0m| |[7;1m [0m| |[7;1m [0m|| 7
[32;1m[Board] [0m  -------------------
[32;1m[Board] [0m6 ||[30;1mr[0m| |[30;1mK[0m| |[7;1m [0m| |[7;1m [0m|[30;1mr[0m|| 6
[32;1m[Board] [0m  -------------------
[32;1m[Board] [0m5 ||[30;1mp[0m|[7;1m [0m| |[30;1mp[0m| |[0;1mQ[0m|[0;1mp[0m|[30;1mp[0m|| 5
[32;1m[Board] [0m  -------------------
[32;1m[Board] [0m4 ||[0;1mp[0m|[30;1mp[0m|[0;1mp[0m|[0;1mp[0m|[7;1m [0m|[0;1mp[0m|[0;1mr[0m|[0;1mp[0m|| 4
[32;1m[Board] [0m  -------------------
[32;1m[Board] [0m3 ||[0;1mb[0m|[7;1m [0m| |[7;1m [0m|[30;1mp[0m|[7;1m [0m| |[7;1m [0m|| 3
[32;1m[Board] [0m  -------------------
[32;1m[Board] [0m2 ||[7;1m [0m|[0;1mr[0m|[7;1m [0m|[0;1mk[0m|[0;1mp[0m| |[7;1m [0m| || 2
[32;1m[Board] [0m  -------------------
[32;1m[Board] [0m1 || |[7;1m [0m| |[7;1m [0m|[0;1mK[0m|[0;1mb[0m|[0;1mk[0m|[7;1m [0m|| 1
[32;1m[Board] [0m  -------------------
[32;1m[Board] [0m    a b c d e f g h
[32;1m[Board] [0m
[32;1m[Referee] [0mThis is the turn of the White player...
[32;1m[Board] [0mInitializing board...
[32;1m[Board] [0mLoading history file `stats/Black/game-22/history.csv`...
[32;1m[Board] [0mLoaded 56 move(s).
[32;1m[RandomPlayer] [0mComputing possible moves...
[32;1m[RandomPlayer] [0m35 possible move(s)
[32;1m[RandomPlayer] [0mPlaying random move 1 out of 35
[32;1m[Game] [0mPlayer's error code: 0
[32;1m[Game] [0mChecking move validity...
[32;1m[Board] [0mInitializing board...
[32;1m[Board] [0mLoading history file `stats/Black/game-22/history.csv`...
[32;1m[Board] [0mLoaded 56 move(s).
[32;1m[Board] [0mLoading move file `stats/Black/game-22/move.csv`...
[32;1m[Board] [0mWhite player is playing c4 to d5.
[32;1m[Board] [0m[5;1mWhite Pawn is taking Black Pawn.[0m
[32;1m[Board] [0m
[32;1m[Board] [0m    a b c d e f g h 
[32;1m[Board] [0m  -------------------
[32;1m[Board] [0m8 ||[30;1mb[0m| |[30;1mk[0m| |[7;1m [0m| |[30;1mk[0m|[30;1mb[0m|| 8
[32;1m[Board] [0m  -------------------
[32;1m[Board] [0m7 || |[7;1m [0m| |[7;1m [0m| |[7;1m [0m| |[7;1m [0m|| 7
[32;1m[Board] [0m  -------------------
[32;1m[Board] [0m6 ||[30;1mr[0m| |[30;1mK[0m| |[7;1m [0m| |[7;1m [0m|[30;1mr[0m|| 6
[32;1m[Board] [0m  -------------------
[32;1m[Board] [0m5 ||[30;1mp[0m|[7;1m [0m| |[0;1mp[0m| |[0;1mQ[0m|[0;1mp[0m|[30;1mp[0m|| 5
[32;1m[Board] [0m  -------------------
[32;1m[Board] [0m4 ||[0;1mp[0m|[30;1mp[0m|[7;1m [0m|[0;1mp[0m|[7;1m [0m|[0;1mp[0m|[0;1mr[0m|[0;1mp[0m|| 4
[32;1m[Board] [0m  -------------------
[32;1m[Board] [0m3 ||[0;1mb[0m|[7;1m [0m| |[7;1m [0m|[30;1mp[0m|[7;1m [0m| |[7;1m [0m|| 3
[32;1m[Board] [0m  -------------------
[32;1m[Board] [0m2 ||[7;1m [0m|[0;1mr[0m|[7;1m [0m|[0;1mk[0m|[0;1mp[0m| |[7;1m [0m| || 2
[32;1m[Board] [0m  -------------------
[32;1m[Board] [0m1 || |[7;1m [0m| |[7;1m [0m|[0;1mK[0m|[0;1mb[0m|[0;1mk[0m|[7;1m [0m|| 1
[32;1m[Board] [0m  -------------------
[32;1m[Board] [0m    a b c d e f g h
[32;1m[Board] [0m
[32;1m[Referee] [0mThis is the turn of the Black player...
Position after history:

  +-----------------+
8 | b . n . . . n b |
7 | . . . . . . . . |
6 | r . k . . . . r |
5 | p . . P . Q P p |
4 | P p . P . P R P |
3 | B . . . p . . . |
2 | . R . N P . . . |
1 | . . . . K B N . |
  +-----------------+
    a b c d e f g h
Side to move: Black
Next move: c6b6 (score: 1445)
[32;1m[Game] [0mPlayer's error code: 0
[32;1m[Game] [0mChecking move validity...
[32;1m[Board] [0mInitializing board...
[32;1m[Board] [0mLoading history file `stats/Black/game-22/history.csv`...
[32;1m[Board] [0mLoaded 57 move(s).
[32;1m[Board] [0mLoading move file `stats/Black/game-22/move.csv`...
[32;1m[Board] [0mBlack player is playing c6 to b6.
[32;1m[Board] [0m
[32;1m[Board] [0m    a b c d e f g h 
[32;1m[Board] [0m  -------------------
[32;1m[Board] [0m8 ||[30;1mb[0m| |[30;1mk[0m| |[7;1m [0m| |[30;1mk[0m|[30;1mb[0m|| 8
[32;1m[Board] [0m  -------------------
[32;1m[Board] [0m7 || |[7;1m [0m| |[7;1m [0m| |[7;1m [0m| |[7;1m [0m|| 7
[32;1m[Board] [0m  -------------------
[32;1m[Board] [0m6 ||[30;1mr[0m|[30;1mK[0m|[7;1m [0m| |[7;1m [0m| |[7;1m [0m|[30;1mr[0m|| 6
[32;1m[Board] [0m  -------------------
[32;1m[Board] [0m5 ||[30;1mp[0m|[7;1m [0m| |[0;1mp[0m| |[0;1mQ[0m|[0;1mp[0m|[30;1mp[0m|| 5
[32;1m[Board] [0m  -------------------
[32;1m[Board] [0m4 ||[0;1mp[0m|[30;1mp[0m|[7;1m [0m|[0;1mp[0m|[7;1m [0m|[0;1mp[0m|[0;1mr[0m|[0;1mp[0m|| 4
[32;1m[Board] [0m  -------------------
[32;1m[Board] [0m3 ||[0;1mb[0m|[7;1m [0m| |[7;1m [0m|[30;1mp[0m|[7;1m [0m| |[7;1m [0m|| 3
[32;1m[Board] [0m  -------------------
[32;1m[Board] [0m2 ||[7;1m [0m|[0;1mr[0m|[7;1m [0m|[0;1mk[0m|[0;1mp[0m| |[7;1m [0m| || 2
[32;1m[Board] [0m  -------------------
[32;1m[Board] [0m1 || |[7;1m [0m| |[7;1m [0m|[0;1mK[0m|[0;1mb[0m|[0;1mk[0m|[7;1m [0m|| 1
[32;1m[Board] [0m  -------------------
[32;1m[Board] [0m    a b c d e f g h
[32;1m[Board] [0m
[32;1m[Referee] [0mThis is the turn of the White player...
[32;1m[Board] [0mInitializing board...
[32;1m[Board] [0mLoading history file `stats/Black/game-22/history.csv`...
[32;1m[Board] [0mLoaded 58 move(s).
[32;1m[RandomPlayer] [0mComputing possible moves...
[32;1m[RandomPlayer] [0m34 possible move(s)
[32;1m[RandomPlayer] [0mPlaying random move 24 out of 34
[32;1m[Game] [0mPlayer's error code: 0
[32;1m[Game] [0mChecking move validity...
[32;1m[Board] [0mInitializing board...
[32;1m[Board] [0mLoading history file `stats/Black/game-22/history.csv`...
[32;1m[Board] [0mLoaded 58 move(s).
[32;1m[Board] [0mLoading move file `stats/Black/game-22/move.csv`...
[32;1m[Board] [0mWhite player is playing f5 to g6.
[32;1m[Board] [0m
[32;1m[Board] [0m    a b c d e f g h 
[32;1m[Board] [0m  -------------------
[32;1m[Board] [0m8 ||[30;1mb[0m| |[30;1mk[0m| |[7;1m [0m| |[30;1mk[0m|[30;1mb[0m|| 8
[32;1m[Board] [0m  -------------------
[32;1m[Board] [0m7 || |[7;1m [0m| |[7;1m [0m| |[7;1m [0m| |[7;1m [0m|| 7
[32;1m[Board] [0m  -------------------
[32;1m[Board] [0m6 ||[30;1mr[0m|[30;1mK[0m|[7;1m [0m| |[7;1m [0m| |[0;1mQ[0m|[30;1mr[0m|| 6
[32;1m[Board] [0m  -------------------
[32;1m[Board] [0m5 ||[30;1mp[0m|[7;1m [0m| |[0;1mp[0m| |[7;1m [0m|[0;1mp[0m|[30;1mp[0m|| 5
[32;1m[Board] [0m  -------------------
[32;1m[Board] [0m4 ||[0;1mp[0m|[30;1mp[0m|[7;1m [0m|[0;1mp[0m|[7;1m [0m|[0;1mp[0m|[0;1mr[0m|[0;1mp[0m|| 4
[32;1m[Board] [0m  -------------------
[32;1m[Board] [0m3 ||[0;1mb[0m|[7;1m [0m| |[7;1m [0m|[30;1mp[0m|[7;1m [0m| |[7;1m [0m|| 3
[32;1m[Board] [0m  -------------------
[32;1m[Board] [0m2 ||[7;1m [0m|[0;1mr[0m|[7;1m [0m|[0;1mk[0m|[0;1mp[0m| |[7;1m [0m| || 2
[32;1m[Board] [0m  -------------------
[32;1m[Board] [0m1 || |[7;1m [0m| |[7;1m [0m|[0;1mK[0m|[0;1mb[0m|[0;1mk[0m|[7;1m [0m|| 1
[32;1m[Board] [0m  -------------------
[32;1m[Board] [0m    a b c d e f g h
[32;1m[Board] [0m
[32;1m[Referee] [0mThis is the turn of the Black player...
Position after history:

  +-----------------+
8 | b . n . . . n b |
7 | . . . . . . . . |
6 | r k . . . . Q r |
5 | p . . P . . P p |
4 | P p . P . P R P |
3 | B . . . p . . . |
2 | . R . N P . . . |
1 | . . . . K B N . |
  +-----------------+
    a b c d e f g h
Side to move: Black
Next move: b6c7 (score: 1440)
[32;1m[Game] [0mPlayer's error code: 0
[32;1m[Game] [0mChecking move validity...
[32;1m[Board] [0mInitializing board...
[32;1m[Board] [0mLoading history file `stats/Black/game-22/history.csv`...
[32;1m[Board] [0mLoaded 59 move(s).
[32;1m[Board] [0mLoading move file `stats/Black/game-22/move.csv`...
[32;1m[Board] [0mBlack player is playing b6 to c7.
[32;1m[Board] [0m
[32;1m[Board] [0m    a b c d e f g h 
[32;1m[Board] [0m  -------------------
[32;1m[Board] [0m8 ||[30;1mb[0m| |[30;1mk[0m| |[7;1m [0m| |[30;1mk[0m|[30;1mb[0m|| 8
[32;1m[Board] [0m  -------------------
[32;1m[Board] [0m7 || |[7;1m [0m|[30;1mK[0m|[7;1m [0m| |[7;1m [0m| |[7;1m [0m|| 7
[32;1m[Board] [0m  -------------------
[32;1m[Board] [0m6 ||[30;1mr[0m| |[7;1m [0m| |[7;1m [0m| |[0;1mQ[0m|[30;1mr[0m|| 6
[32;1m[Board] [0m  -------------------
[32;1m[Board] [0m5 ||[30;1mp[0m|[7;1m [0m| |[0;1mp[0m| |[7;1m [0m|[0;1mp[0m|[30;1mp[0m|| 5
[32;1m[Board] [0m  -------------------
[32;1m[Board] [0m4 ||[0;1mp[0m|[30;1mp[0m|[7;1m [0m|[0;1mp[0m|[7;1m [0m|[0;1mp[0m|[0;1mr[0m|[0;1mp[0m|| 4
[32;1m[Board] [0m  -------------------
[32;1m[Board] [0m3 ||[0;1mb[0m|[7;1m [0m| |[7;1m [0m|[30;1mp[0m|[7;1m [0m| |[7;1m [0m|| 3
[32;1m[Board] [0m  -------------------
[32;1m[Board] [0m2 ||[7;1m [0m|[0;1mr[0m|[7;1m [0m|[0;1mk[0m|[0;1mp[0m| |[7;1m [0m| || 2
[32;1m[Board] [0m  -------------------
[32;1m[Board] [0m1 || |[7;1m [0m| |[7;1m [0m|[0;1mK[0m|[0;1mb[0m|[0;1mk[0m|[7;1m [0m|| 1
[32;1m[Board] [0m  -------------------
[32;1m[Board] [0m    a b c d e f g h
[32;1m[Board] [0m
[32;1m[Referee] [0mThis is the turn of the White player...
[32;1m[Board] [0mInitializing board...
[32;1m[Board] [0mLoading history file `stats/Black/game-22/history.csv`...
[32;1m[Board] [0mLoaded 60 move(s).
[32;1m[RandomPlayer] [0mComputing possible moves...
[32;1m[RandomPlayer] [0m39 possible move(s)
[32;1m[RandomPlayer] [0mPlaying random move 28 out of 39
[32;1m[Game] [0mPlayer's error code: 0
[32;1m[Game] [0mChecking move validity...
[32;1m[Board] [0mInitializing board...
[32;1m[Board] [0mLoading history file `stats/Black/game-22/history.csv`...
[32;1m[Board] [0mLoaded 60 move(s).
[32;1m[Board] [0mLoading move file `stats/Black/game-22/move.csv`...
[32;1m[Board] [0mWhite player is playing g6 to g8.
[32;1m[Board] [0m[5;1mWhite Queen is taking Black Knight.[0m
[32;1m[Board] [0m
[32;1m[Board] [0m    a b c d e f g h 
[32;1m[Board] [0m  -------------------
[32;1m[Board] [0m8 ||[30;1mb[0m| |[30;1mk[0m| |[7;1m [0m| |[0;1mQ[0m|[30;1mb[0m|| 8
[32;1m[Board] [0m  -------------------
[32;1m[Board] [0m7 || |[7;1m [0m|[30;1mK[0m|[7;1m [0m| |[7;1m [0m| |[7;1m [0m|| 7
[32;1m[Board] [0m  -------------------
[32;1m[Board] [0m6 ||[30;1mr[0m| |[7;1m [0m| |[7;1m [0m| |[7;1m [0m|[30;1mr[0m|| 6
[32;1m[Board] [0m  -------------------
[32;1m[Board] [0m5 ||[30;1mp[0m|[7;1m [0m| |[0;1mp[0m| |[7;1m [0m|[0;1mp[0m|[30;1mp[0m|| 5
[32;1m[Board] [0m  -------------------
[32;1m[Board] [0m4 ||[0;1mp[0m|[30;1mp[0m|[7;1m [0m|[0;1mp[0m|[7;1m [0m|[0;1mp[0m|[0;1mr[0m|[0;1mp[0m|| 4
[32;1m[Board] [0m  -------------------
[32;1m[Board] [0m3 ||[0;1mb[0m|[7;1m [0m| |[7;1m [0m|[30;1mp[0m|[7;1m [0m| |[7;1m [0m|| 3
[32;1m[Board] [0m  -------------------
[32;1m[Board] [0m2 ||[7;1m [0m|[0;1mr[0m|[7;1m [0m|[0;1mk[0m|[0;1mp[0m| |[7;1m [0m| || 2
[32;1m[Board] [0m  -------------------
[32;1m[Board] [0m1 || |[7;1m [0m| |[7;1m [0m|[0;1mK[0m|[0;1mb[0m|[0;1mk[0m|[7;1m [0m|| 1
[32;1m[Board] [0m  -------------------
[32;1m[Board] [0m    a b c d e f g h
[32;1m[Board] [0m
[32;1m[Referee] [0mThis is the turn of the Black player...
Position after history:

  +-----------------+
8 | b . n . . . Q b |
7 | . . k . . . . . |
6 | r . . . . . . r |
5 | p . . P . . P p |
4 | P p . P . P R P |
3 | B . . . p . . . |
2 | . R . N P . . . |
1 | . . . . K B N . |
  +-----------------+
    a b c d e f g h
Side to move: Black
Next move: c8a7 (score: 1720)
[32;1m[Game] [0mPlayer's error code: 0
[32;1m[Game] [0mChecking move validity...
[32;1m[Board] [0mInitializing board...
[32;1m[Board] [0mLoading history file `stats/Black/game-22/history.csv`...
[32;1m[Board] [0mLoaded 61 move(s).
[32;1m[Board] [0mLoading move file `stats/Black/game-22/move.csv`...
[32;1m[Board] [0mBlack player is playing c8 to a7.
[32;1m[Board] [0m
[32;1m[Board] [0m    a b c d e f g h 
[32;1m[Board] [0m  -------------------
[32;1m[Board] [0m8 ||[30;1mb[0m| |[7;1m [0m| |[7;1m [0m| |[0;1mQ[0m|[30;1mb[0m|| 8
[32;1m[Board] [0m  -------------------
[32;1m[Board] [0m7 ||[30;1mk[0m|[7;1m [0m|[30;1mK[0m|[7;1m [0m| |[7;1m [0m| |[7;1m [0m|| 7
[32;1m[Board] [0m  -------------------
[32;1m[Board] [0m6 ||[30;1mr[0m| |[7;1m [0m| |[7;1m [0m| |[7;1m [0m|[30;1mr[0m|| 6
[32;1m[Board] [0m  -------------------
[32;1m[Board] [0m5 ||[30;1mp[0m|[7;1m [0m| |[0;1mp[0m| |[7;1m [0m|[0;1mp[0m|[30;1mp[0m|| 5
[32;1m[Board] [0m  -------------------
[32;1m[Board] [0m4 ||[0;1mp[0m|[30;1mp[0m|[7;1m [0m|[0;1mp[0m|[7;1m [0m|[0;1mp[0m|[0;1mr[0m|[0;1mp[0m|| 4
[32;1m[Board] [0m  -------------------
[32;1m[Board] [0m3 ||[0;1mb[0m|[7;1m [0m| |[7;1m [0m|[30;1mp[0m|[7;1m [0m| |[7;1m [0m|| 3
[32;1m[Board] [0m  -------------------
[32;1m[Board] [0m2 ||[7;1m [0m|[0;1mr[0m|[7;1m [0m|[0;1mk[0m|[0;1mp[0m| |[7;1m [0m| || 2
[32;1m[Board] [0m  -------------------
[32;1m[Board] [0m1 || |[7;1m [0m| |[7;1m [0m|[0;1mK[0m|[0;1mb[0m|[0;1mk[0m|[7;1m [0m|| 1
[32;1m[Board] [0m  -------------------
[32;1m[Board] [0m    a b c d e f g h
[32;1m[Board] [0m
[32;1m[Referee] [0mThis is the turn of the White player...
[32;1m[Board] [0mInitializing board...
[32;1m[Board] [0mLoading history file `stats/Black/game-22/history.csv`...
[32;1m[Board] [0mLoaded 62 move(s).
[32;1m[RandomPlayer] [0mComputing possible moves...
[32;1m[RandomPlayer] [0m34 possible move(s)
[32;1m[RandomPlayer] [0mPlaying random move 20 out of 34
[32;1m[Game] [0mPlayer's error code: 0
[32;1m[Game] [0mChecking move validity...
[32;1m[Board] [0mInitializing board...
[32;1m[Board] [0mLoading history file `stats/Black/game-22/history.csv`...
[32;1m[Board] [0mLoaded 62 move(s).
[32;1m[Board] [0mLoading move file `stats/Black/game-22/move.csv`...
[32;1m[Board] [0mWhite player is playing f1 to h3.
[32;1m[Board] [0m
[32;1m[Board] [0m    a b c d e f g h 
[32;1m[Board] [0m  -------------------
[32;1m[Board] [0m8 ||[30;1mb[0m| |[7;1m [0m| |[7;1m [0m| |[0;1mQ[0m|[30;1mb[0m|| 8
[32;1m[Board] [0m  -------------------
[32;1m[Board] [0m7 ||[30;1mk[0m|[7;1m [0m|[30;1mK[0m|[7;1m [0m| |[7;1m [0m| |[7;1m [0m|| 7
[32;1m[Board] [0m  -------------------
[32;1m[Board] [0m6 ||[30;1mr[0m| |[7;1m [0m| |[7;1m [0m| |[7;1m [0m|[30;1mr[0m|| 6
[32;1m[Board] [0m  -------------------
[32;1m[Board] [0m5 ||[30;1mp[0m|[7;1m [0m| |[0;1mp[0m| |[7;1m [0m|[0;1mp[0m|[30;1mp[0m|| 5
[32;1m[Board] [0m  -------------------
[32;1m[Board] [0m4 ||[0;1mp[0m|[30;1mp[0m|[7;1m [0m|[0;1mp[0m|[7;1m [0m|[0;1mp[0m|[0;1mr[0m|[0;1mp[0m|| 4
[32;1m[Board] [0m  -------------------
[32;1m[Board] [0m3 ||[0;1mb[0m|[7;1m [0m| |[7;1m [0m|[30;1mp[0m|[7;1m [0m| |[0;1mb[0m|| 3
[32;1m[Board] [0m  -------------------
[32;1m[Board] [0m2 ||[7;1m [0m|[0;1mr[0m|[7;1m [0m|[0;1mk[0m|[0;1mp[0m| |[7;1m [0m| || 2
[32;1m[Board] [0m  -------------------
[32;1m[Board] [0m1 || |[7;1m [0m| |[7;1m [0m|[0;1mK[0m|[7;1m [0m|[0;1mk[0m|[7;1m [0m|| 1
[32;1m[Board] [0m  -------------------
[32;1m[Board] [0m    a b c d e f g h
[32;1m[Board] [0m
[32;1m[Referee] [0mThis is the turn of the Black player...
Position after history:

  +-----------------+
8 | b . . . . . Q b |
7 | n . k . . . . . |
6 | r . . . . . . r |
5 | p . . P . . P p |
4 | P p . P . P R P |
3 | B . . . p . . B |
2 | . R . N P . . . |
1 | . . . . K . N . |
  +-----------------+
    a b c d e f g h
Side to move: Black
Next move: a6b6 (score: 1715)
[32;1m[Game] [0mPlayer's error code: 0
[32;1m[Game] [0mChecking move validity...
[32;1m[Board] [0mInitializing board...
[32;1m[Board] [0mLoading history file `stats/Black/game-22/history.csv`...
[32;1m[Board] [0mLoaded 63 move(s).
[32;1m[Board] [0mLoading move file `stats/Black/game-22/move.csv`...
[32;1m[Board] [0mBlack player is playing a6 to b6.
[32;1m[Board] [0m
[32;1m[Board] [0m    a b c d e f g h 
[32;1m[Board] [0m  -------------------
[32;1m[Board] [0m8 ||[30;1mb[0m| |[7;1m [0m| |[7;1m [0m| |[0;1mQ[0m|[30;1mb[0m|| 8
[32;1m[Board] [0m  -------------------
[32;1m[Board] [0m7 ||[30;1mk[0m|[7;1m [0m|[30;1mK[0m|[7;1m [0m| |[7;1m [0m| |[7;1m [0m|| 7
[32;1m[Board] [0m  -------------------
[32;1m[Board] [0m6 ||[7;1m [0m|[30;1mr[0m|[7;1m [0m| |[7;1m [0m| |[7;1m [0m|[30;1mr[0m|| 6
[32;1m[Board] [0m  -------------------
[32;1m[Board] [0m5 ||[30;1mp[0m|[7;1m [0m| |[0;1mp[0m| |[7;1m [0m|[0;1mp[0m|[30;1mp[0m|| 5
[32;1m[Board] [0m  -------------------
[32;1m[Board] [0m4 ||[0;1mp[0m|[30;1mp[0m|[7;1m [0m|[0;1mp[0m|[7;1m [0m|[0;1mp[0m|[0;1mr[0m|[0;1mp[0m|| 4
[32;1m[Board] [0m  -------------------
[32;1m[Board] [0m3 ||[0;1mb[0m|[7;1m [0m| |[7;1m [0m|[30;1mp[0m|[7;1m [0m| |[0;1mb[0m|| 3
[32;1m[Board] [0m  -------------------
[32;1m[Board] [0m2 ||[7;1m [0m|[0;1mr[0m|[7;1m [0m|[0;1mk[0m|[0;1mp[0m| |[7;1m [0m| || 2
[32;1m[Board] [0m  -------------------
[32;1m[Board] [0m1 || |[7;1m [0m| |[7;1m [0m|[0;1mK[0m|[7;1m [0m|[0;1mk[0m|[7;1m [0m|| 1
[32;1m[Board] [0m  -------------------
[32;1m[Board] [0m    a b c d e f g h
[32;1m[Board] [0m
[32;1m[Referee] [0mThis is the turn of the White player...
[32;1m[Board] [0mInitializing board...
[32;1m[Board] [0mLoading history file `stats/Black/game-22/history.csv`...
[32;1m[Board] [0mLoaded 64 move(s).
[32;1m[RandomPlayer] [0mComputing possible moves...
[32;1m[RandomPlayer] [0m35 possible move(s)
[32;1m[RandomPlayer] [0mPlaying random move 10 out of 35
[32;1m[Game] [0mPlayer's error code: 0
[32;1m[Game] [0mChecking move validity...
[32;1m[Board] [0mInitializing board...
[32;1m[Board] [0mLoading history file `stats/Black/game-22/history.csv`...
[32;1m[Board] [0mLoaded 64 move(s).
[32;1m[Board] [0mLoading move file `stats/Black/game-22/move.csv`...
[32;1m[Board] [0mWhite player is playing g4 to g2.
[32;1m[Board] [0m
[32;1m[Board] [0m    a b c d e f g h 
[32;1m[Board] [0m  -------------------
[32;1m[Board] [0m8 ||[30;1mb[0m| |[7;1m [0m| |[7;1m [0m| |[0;1mQ[0m|[30;1mb[0m|| 8
[32;1m[Board] [0m  -------------------
[32;1m[Board] [0m7 ||[30;1mk[0m|[7;1m [0m|[30;1mK[0m|[7;1m [0m| |[7;1m [0m| |[7;1m [0m|| 7
[32;1m[Board] [0m  -------------------
[32;1m[Board] [0m6 ||[7;1m [0m|[30;1mr[0m|[7;1m [0m| |[7;1m [0m| |[7;1m [0m|[30;1mr[0m|| 6
[32;1m[Board] [0m  -------------------
[32;1m[Board] [0m5 ||[30;1mp[0m|[7;1m [0m| |[0;1mp[0m| |[7;1m [0m|[0;1mp[0m|[30;1mp[0m|| 5
[32;1m[Board] [0m  -------------------
[32;1m[Board] [0m4 ||[0;1mp[0m|[30;1mp[0m|[7;1m [0m|[0;1mp[0m|[7;1m [0m|[0;1mp[0m|[7;1m [0m|[0;1mp[0m|| 4
[32;1m[Board] [0m  -------------------
[32;1m[Board] [0m3 ||[0;1mb[0m|[7;1m [0m| |[7;1m [0m|[30;1mp[0m|[7;1m [0m| |[0;1mb[0m|| 3
[32;1m[Board] [0m  -------------------
[32;1m[Board] [0m2 ||[7;1m [0m|[0;1mr[0m|[7;1m [0m|[0;1mk[0m|[0;1mp[0m| |[0;1mr[0m| || 2
[32;1m[Board] [0m  -------------------
[32;1m[Board] [0m1 || |[7;1m [0m| |[7;1m [0m|[0;1mK[0m|[7;1m [0m|[0;1mk[0m|[7;1m [0m|| 1
[32;1m[Board] [0m  -------------------
[32;1m[Board] [0m    a b c d e f g h
[32;1m[Board] [0m
[32;1m[Referee] [0mThis is the turn of the Black player...
Position after history:

  +-----------------+
8 | b . . . . . Q b |
7 | n . k . . . . . |
6 | . r . . . . . r |
5 | p . . P . . P p |
4 | P p . P . P . P |
3 | B . . . p . . B |
2 | . R . N P . R . |
1 | . . . . K . N . |
  +-----------------+
    a b c d e f g h
Side to move: Black
Next move: b6e6 (score: 1725)
[32;1m[Game] [0mPlayer's error code: 0
[32;1m[Game] [0mChecking move validity...
[32;1m[Board] [0mInitializing board...
[32;1m[Board] [0mLoading history file `stats/Black/game-22/history.csv`...
[32;1m[Board] [0mLoaded 65 move(s).
[32;1m[Board] [0mLoading move file `stats/Black/game-22/move.csv`...
[32;1m[Board] [0mBlack player is playing b6 to e6.
[32;1m[Board] [0m
[32;1m[Board] [0m    a b c d e f g h 
[32;1m[Board] [0m  -------------------
[32;1m[Board] [0m8 ||[30;1mb[0m| |[7;1m [0m| |[7;1m [0m| |[0;1mQ[0m|[30;1mb[0m|| 8
[32;1m[Board] [0m  -------------------
[32;1m[Board] [0m7 ||[30;1mk[0m|[7;1m [0m|[30;1mK[0m|[7;1m [0m| |[7;1m [0m| |[7;1m [0m|| 7
[32;1m[Board] [0m  -------------------
[32;1m[Board] [0m6 ||[7;1m [0m| |[7;1m [0m| |[30;1mr[0m| |[7;1m [0m|[30;1mr[0m|| 6
[32;1m[Board] [0m  -------------------
[32;1m[Board] [0m5 ||[30;1mp[0m|[7;1m [0m| |[0;1mp[0m| |[7;1m [0m|[0;1mp[0m|[30;1mp[0m|| 5
[32;1m[Board] [0m  -------------------
[32;1m[Board] [0m4 ||[0;1mp[0m|[30;1mp[0m|[7;1m [0m|[0;1mp[0m|[7;1m [0m|[0;1mp[0m|[7;1m [0m|[0;1mp[0m|| 4
[32;1m[Board] [0m  -------------------
[32;1m[Board] [0m3 ||[0;1mb[0m|[7;1m [0m| |[7;1m [0m|[30;1mp[0m|[7;1m [0m| |[0;1mb[0m|| 3
[32;1m[Board] [0m  -------------------
[32;1m[Board] [0m2 ||[7;1m [0m|[0;1mr[0m|[7;1m [0m|[0;1mk[0m|[0;1mp[0m| |[0;1mr[0m| || 2
[32;1m[Board] [0m  -------------------
[32;1m[Board] [0m1 || |[7;1m [0m| |[7;1m [0m|[0;1mK[0m|[7;1m [0m|[0;1mk[0m|[7;1m [0m|| 1
[32;1m[Board] [0m  -------------------
[32;1m[Board] [0m    a b c d e f g h
[32;1m[Board] [0m
[32;1m[Referee] [0mThis is the turn of the White player...
[32;1m[Board] [0mInitializing board...
[32;1m[Board] [0mLoading history file `stats/Black/game-22/history.csv`...
[32;1m[Board] [0mLoaded 66 move(s).
[32;1m[RandomPlayer] [0mComputing possible moves...
[32;1m[RandomPlayer] [0m39 possible move(s)
[32;1m[RandomPlayer] [0mPlaying random move 34 out of 39
[32;1m[Game] [0mPlayer's error code: 0
[32;1m[Game] [0mChecking move validity...
[32;1m[Board] [0mInitializing board...
[32;1m[Board] [0mLoading history file `stats/Black/game-22/history.csv`...
[32;1m[Board] [0mLoaded 66 move(s).
[32;1m[Board] [0mLoading move file `stats/Black/game-22/move.csv`...
[32;1m[Board] [0mWhite player is playing g8 to h7.
[32;1m[Board] [0m
[32;1m[Board] [0m    a b c d e f g h 
[32;1m[Board] [0m  -------------------
[32;1m[Board] [0m8 ||[30;1mb[0m| |[7;1m [0m| |[7;1m [0m| |[7;1m [0m|[30;1mb[0m|| 8
[32;1m[Board] [0m  -------------------
[32;1m[Board] [0m7 ||[30;1mk[0m|[7;1m [0m|[30;1mK[0m|[7;1m [0m| |[7;1m [0m| |[0;1mQ[0m|| 7
[32;1m[Board] [0m  -------------------
[32;1m[Board] [0m6 ||[7;1m [0m| |[7;1m [0m| |[30;1mr[0m| |[7;1m [0m|[30;1mr[0m|| 6
[32;1m[Board] [0m  -------------------
[32;1m[Board] [0m5 ||[30;1mp[0m|[7;1m [0m| |[0;1mp[0m| |[7;1m [0m|[0;1mp[0m|[30;1mp[0m|| 5
[32;1m[Board] [0m  -------------------
[32;1m[Board] [0m4 ||[0;1mp[0m|[30;1mp[0m|[7;1m [0m|[0;1mp[0m|[7;1m [0m|[0;1mp[0m|[7;1m [0m|[0;1mp[0m|| 4
[32;1m[Board] [0m  -------------------
[32;1m[Board] [0m3 ||[0;1mb[0m|[7;1m [0m| |[7;1m [0m|[30;1mp[0m|[7;1m [0m| |[0;1mb[0m|| 3
[32;1m[Board] [0m  -------------------
[32;1m[Board] [0m2 ||[7;1m [0m|[0;1mr[0m|[7;1m [0m|[0;1mk[0m|[0;1mp[0m| |[0;1mr[0m| || 2
[32;1m[Board] [0m  -------------------
[32;1m[Board] [0m1 || |[7;1m [0m| |[7;1m [0m|[0;1mK[0m|[7;1m [0m|[0;1mk[0m|[7;1m [0m|| 1
[32;1m[Board] [0m  -------------------
[32;1m[Board] [0m    a b c d e f g h
[32;1m[Board] [0m
[32;1m[Referee] [0mThis is the turn of the Black player...
Position after history:

  +-----------------+
8 | b . . . . . . b |
7 | n . k . . . . Q |
6 | . . . . r . . r |
5 | p . . P . . P p |
4 | P p . P . P . P |
3 | B . . . p . . B |
2 | . R . N P . R . |
1 | . . . . K . N . |
  +-----------------+
    a b c d e f g h
Side to move: Black
Next move: e6e7 (score: 1715)
[32;1m[Game] [0mPlayer's error code: 0
[32;1m[Game] [0mChecking move validity...
[32;1m[Board] [0mInitializing board...
[32;1m[Board] [0mLoading history file `stats/Black/game-22/history.csv`...
[32;1m[Board] [0mLoaded 67 move(s).
[32;1m[Board] [0mLoading move file `stats/Black/game-22/move.csv`...
[32;1m[Board] [0mBlack player is playing e6 to e7.
[32;1m[Board] [0m
[32;1m[Board] [0m    a b c d e f g h 
[32;1m[Board] [0m  -------------------
[32;1m[Board] [0m8 ||[30;1mb[0m| |[7;1m [0m| |[7;1m [0m| |[7;1m [0m|[30;1mb[0m|| 8
[32;1m[Board] [0m  -------------------
[32;1m[Board] [0m7 ||[30;1mk[0m|[7;1m [0m|[30;1mK[0m|[7;1m [0m|[30;1mr[0m|[7;1m [0m| |[0;1mQ[0m|| 7
[32;1m[Board] [0m  -------------------
[32;1m[Board] [0m6 ||[7;1m [0m| |[7;1m [0m| |[7;1m [0m| |[7;1m [0m|[30;1mr[0m|| 6
[32;1m[Board] [0m  -------------------
[32;1m[Board] [0m5 ||[30;1mp[0m|[7;1m [0m| |[0;1mp[0m| |[7;1m [0m|[0;1mp[0m|[30;1mp[0m|| 5
[32;1m[Board] [0m  -------------------
[32;1m[Board] [0m4 ||[0;1mp[0m|[30;1mp[0m|[7;1m [0m|[0;1mp[0m|[7;1m [0m|[0;1mp[0m|[7;1m [0m|[0;1mp[0m|| 4
[32;1m[Board] [0m  -------------------
[32;1m[Board] [0m3 ||[0;1mb[0m|[7;1m [0m| |[7;1m [0m|[30;1mp[0m|[7;1m [0m| |[0;1mb[0m|| 3
[32;1m[Board] [0m  -------------------
[32;1m[Board] [0m2 ||[7;1m [0m|[0;1mr[0m|[7;1m [0m|[0;1mk[0m|[0;1mp[0m| |[0;1mr[0m| || 2
[32;1m[Board] [0m  -------------------
[32;1m[Board] [0m1 || |[7;1m [0m| |[7;1m [0m|[0;1mK[0m|[7;1m [0m|[0;1mk[0m|[7;1m [0m|| 1
[32;1m[Board] [0m  -------------------
[32;1m[Board] [0m    a b c d e f g h
[32;1m[Board] [0m
[32;1m[Referee] [0mThis is the turn of the White player...
[32;1m[Board] [0mInitializing board...
[32;1m[Board] [0mLoading history file `stats/Black/game-22/history.csv`...
[32;1m[Board] [0mLoaded 68 move(s).
[32;1m[RandomPlayer] [0mComputing possible moves...
[32;1m[RandomPlayer] [0m40 possible move(s)
[32;1m[RandomPlayer] [0mPlaying random move 31 out of 40
[32;1m[Game] [0mPlayer's error code: 0
[32;1m[Game] [0mChecking move validity...
[32;1m[Board] [0mInitializing board...
[32;1m[Board] [0mLoading history file `stats/Black/game-22/history.csv`...
[32;1m[Board] [0mLoaded 68 move(s).
[32;1m[Board] [0mLoading move file `stats/Black/game-22/move.csv`...
[32;1m[Board] [0mWhite player is playing h7 to g8.
[32;1m[Board] [0m
[32;1m[Board] [0m    a b c d e f g h 
[32;1m[Board] [0m  -------------------
[32;1m[Board] [0m8 ||[30;1mb[0m| |[7;1m [0m| |[7;1m [0m| |[0;1mQ[0m|[30;1mb[0m|| 8
[32;1m[Board] [0m  -------------------
[32;1m[Board] [0m7 ||[30;1mk[0m|[7;1m [0m|[30;1mK[0m|[7;1m [0m|[30;1mr[0m|[7;1m [0m| |[7;1m [0m|| 7
[32;1m[Board] [0m  -------------------
[32;1m[Board] [0m6 ||[7;1m [0m| |[7;1m [0m| |[7;1m [0m| |[7;1m [0m|[30;1mr[0m|| 6
[32;1m[Board] [0m  -------------------
[32;1m[Board] [0m5 ||[30;1mp[0m|[7;1m [0m| |[0;1mp[0m| |[7;1m [0m|[0;1mp[0m|[30;1mp[0m|| 5
[32;1m[Board] [0m  -------------------
[32;1m[Board] [0m4 ||[0;1mp[0m|[30;1mp[0m|[7;1m [0m|[0;1mp[0m|[7;1m [0m|[0;1mp[0m|[7;1m [0m|[0;1mp[0m|| 4
[32;1m[Board] [0m  -------------------
[32;1m[Board] [0m3 ||[0;1mb[0m|[7;1m [0m| |[7;1m [0m|[30;1mp[0m|[7;1m [0m| |[0;1mb[0m|| 3
[32;1m[Board] [0m  -------------------
[32;1m[Board] [0m2 ||[7;1m [0m|[0;1mr[0m|[7;1m [0m|[0;1mk[0m|[0;1mp[0m| |[0;1mr[0m| || 2
[32;1m[Board] [0m  -------------------
[32;1m[Board] [0m1 || |[7;1m [0m| |[7;1m [0m|[0;1mK[0m|[7;1m [0m|[0;1mk[0m|[7;1m [0m|| 1
[32;1m[Board] [0m  -------------------
[32;1m[Board] [0m    a b c d e f g h
[32;1m[Board] [0m
[32;1m[Referee] [0mThis is the turn of the Black player...
Position after history:

  +-----------------+
8 | b . . . . . Q b |
7 | n . k . r . . . |
6 | . . . . . . . r |
5 | p . . P . . P p |
4 | P p . P . P . P |
3 | B . . . p . . B |
2 | . R . N P . R . |
1 | . . . . K . N . |
  +-----------------+
    a b c d e f g h
Side to move: Black
Next move: e7e6 (score: 1725)
[32;1m[Game] [0mPlayer's error code: 0
[32;1m[Game] [0mChecking move validity...
[32;1m[Board] [0mInitializing board...
[32;1m[Board] [0mLoading history file `stats/Black/game-22/history.csv`...
[32;1m[Board] [0mLoaded 69 move(s).
[32;1m[Board] [0mLoading move file `stats/Black/game-22/move.csv`...
[32;1m[Board] [0mBlack player is playing e7 to e6.
[32;1m[Board] [0m
[32;1m[Board] [0m    a b c d e f g h 
[32;1m[Board] [0m  -------------------
[32;1m[Board] [0m8 ||[30;1mb[0m| |[7;1m [0m| |[7;1m [0m| |[0;1mQ[0m|[30;1mb[0m|| 8
[32;1m[Board] [0m  -------------------
[32;1m[Board] [0m7 ||[30;1mk[0m|[7;1m [0m|[30;1mK[0m|[7;1m [0m| |[7;1m [0m| |[7;1m [0m|| 7
[32;1m[Board] [0m  -------------------
[32;1m[Board] [0m6 ||[7;1m [0m| |[7;1m [0m| |[30;1mr[0m| |[7;1m [0m|[30;1mr[0m|| 6
[32;1m[Board] [0m  -------------------
[32;1m[Board] [0m5 ||[30;1mp[0m|[7;1m [0m| |[0;1mp[0m| |[7;1m [0m|[0;1mp[0m|[30;1mp[0m|| 5
[32;1m[Board] [0m  -------------------
[32;1m[Board] [0m4 ||[0;1mp[0m|[30;1mp[0m|[7;1m [0m|[0;1mp[0m|[7;1m [0m|[0;1mp[0m|[7;1m [0m|[0;1mp[0m|| 4
[32;1m[Board] [0m  -------------------
[32;1m[Board] [0m3 ||[0;1mb[0m|[7;1m [0m| |[7;1m [0m|[30;1mp[0m|[7;1m [0m| |[0;1mb[0m|| 3
[32;1m[Board] [0m  -------------------
[32;1m[Board] [0m2 ||[7;1m [0m|[0;1mr[0m|[7;1m [0m|[0;1mk[0m|[0;1mp[0m| |[0;1mr[0m| || 2
[32;1m[Board] [0m  -------------------
[32;1m[Board] [0m1 || |[7;1m [0m| |[7;1m [0m|[0;1mK[0m|[7;1m [0m|[0;1mk[0m|[7;1m [0m|| 1
[32;1m[Board] [0m  -------------------
[32;1m[Board] [0m    a b c d e f g h
[32;1m[Board] [0m
[32;1m[Referee] [0mThis is the turn of the White player...
[32;1m[Board] [0mInitializing board...
[32;1m[Board] [0mLoading history file `stats/Black/game-22/history.csv`...
[32;1m[Board] [0mLoaded 70 move(s).
[32;1m[RandomPlayer] [0mComputing possible moves...
[32;1m[RandomPlayer] [0m39 possible move(s)
[32;1m[RandomPlayer] [0mPlaying random move 17 out of 39
[32;1m[Game] [0mPlayer's error code: 0
[32;1m[Game] [0mChecking move validity...
[32;1m[Board] [0mInitializing board...
[32;1m[Board] [0mLoading history file `stats/Black/game-22/history.csv`...
[32;1m[Board] [0mLoaded 70 move(s).
[32;1m[Board] [0mLoading move file `stats/Black/game-22/move.csv`...
[32;1m[Board] [0mWhite player is playing d2 to c4.
[32;1m[Board] [0m
[32;1m[Board] [0m    a b c d e f g h 
[32;1m[Board] [0m  -------------------
[32;1m[Board] [0m8 ||[30;1mb[0m| |[7;1m [0m| |[7;1m [0m| |[0;1mQ[0m|[30;1mb[0m|| 8
[32;1m[Board] [0m  -------------------
[32;1m[Board] [0m7 ||[30;1mk[0m|[7;1m [0m|[30;1mK[0m|[7;1m [0m| |[7;1m [0m| |[7;1m [0m|| 7
[32;1m[Board] [0m  -------------------
[32;1m[Board] [0m6 ||[7;1m [0m| |[7;1m [0m| |[30;1mr[0m| |[7;1m [0m|[30;1mr[0m|| 6
[32;1m[Board] [0m  -------------------
[32;1m[Board] [0m5 ||[30;1mp[0m|[7;1m [0m| |[0;1mp[0m| |[7;1m [0m|[0;1mp[0m|[30;1mp[0m|| 5
[32;1m[Board] [0m  -------------------
[32;1m[Board] [0m4 ||[0;1mp[0m|[30;1mp[0m|[0;1mk[0m|[0;1mp[0m|[7;1m [0m|[0;1mp[0m|[7;1m [0m|[0;1mp[0m|| 4
[32;1m[Board] [0m  -------------------
[32;1m[Board] [0m3 ||[0;1mb[0m|[7;1m [0m| |[7;1m [0m|[30;1mp[0m|[7;1m [0m| |[0;1mb[0m|| 3
[32;1m[Board] [0m  -------------------
[32;1m[Board] [0m2 ||[7;1m [0m|[0;1mr[0m|[7;1m [0m| |[0;1mp[0m| |[0;1mr[0m| || 2
[32;1m[Board] [0m  -------------------
[32;1m[Board] [0m1 || |[7;1m [0m| |[7;1m [0m|[0;1mK[0m|[7;1m [0m|[0;1mk[0m|[7;1m [0m|| 1
[32;1m[Board] [0m  -------------------
[32;1m[Board] [0m    a b c d e f g h
[32;1m[Board] [0m
[32;1m[Referee] [0mThis is the turn of the Black player...
Position after history:

  +-----------------+
8 | b . . . . . Q b |
7 | n . k . . . . . |
6 | . . . . r . . r |
5 | p . . P . . P p |
4 | P p N P . P . P |
3 | B . . . p . . B |
2 | . R . . P . R . |
1 | . . . . K . N . |
  +-----------------+
    a b c d e f g h
Side to move: Black
Next move: e6e8 (score: 1740)
[32;1m[Game] [0mPlayer's error code: 0
[32;1m[Game] [0mChecking move validity...
[32;1m[Board] [0mInitializing board...
[32;1m[Board] [0mLoading history file `stats/Black/game-22/history.csv`...
[32;1m[Board] [0mLoaded 71 move(s).
[32;1m[Board] [0mLoading move file `stats/Black/game-22/move.csv`...
[32;1m[Board] [0mBlack player is playing e6 to e8.
[32;1m[Board] [0m
[32;1m[Board] [0m    a b c d e f g h 
[32;1m[Board] [0m  -------------------
[32;1m[Board] [0m8 ||[30;1mb[0m| |[7;1m [0m| |[30;1mr[0m| |[0;1mQ[0m|[30;1mb[0m|| 8
[32;1m[Board] [0m  -------------------
[32;1m[Board] [0m7 ||[30;1mk[0m|[7;1m [0m|[30;1mK[0m|[7;1m [0m| |[7;1m [0m| |[7;1m [0m|| 7
[32;1m[Board] [0m  -------------------
[32;1m[Board] [0m6 ||[7;1m [0m| |[7;1m [0m| |[7;1m [0m| |[7;1m [0m|[30;1mr[0m|| 6
[32;1m[Board] [0m  -------------------
[32;1m[Board] [0m5 ||[30;1mp[0m|[7;1m [0m| |[0;1mp[0m| |[7;1m [0m|[0;1mp[0m|[30;1mp[0m|| 5
[32;1m[Board] [0m  -------------------
[32;1m[Board] [0m4 ||[0;1mp[0m|[30;1mp[0m|[0;1mk[0m|[0;1mp[0m|[7;1m [0m|[0;1mp[0m|[7;1m [0m|[0;1mp[0m|| 4
[32;1m[Board] [0m  -------------------
[32;1m[Board] [0m3 ||[0;1mb[0m|[7;1m [0m| |[7;1m [0m|[30;1mp[0m|[7;1m [0m| |[0;1mb[0m|| 3
[32;1m[Board] [0m  -------------------
[32;1m[Board] [0m2 ||[7;1m [0m|[0;1mr[0m|[7;1m [0m| |[0;1mp[0m| |[0;1mr[0m| || 2
[32;1m[Board] [0m  -------------------
[32;1m[Board] [0m1 || |[7;1m [0m| |[7;1m [0m|[0;1mK[0m|[7;1m [0m|[0;1mk[0m|[7;1m [0m|| 1
[32;1m[Board] [0m  -------------------
[32;1m[Board] [0m    a b c d e f g h
[32;1m[Board] [0m
[32;1m[Referee] [0mThis is the turn of the White player...
[32;1m[Board] [0mInitializing board...
[32;1m[Board] [0mLoading history file `stats/Black/game-22/history.csv`...
[32;1m[Board] [0mLoaded 72 move(s).
[32;1m[RandomPlayer] [0mComputing possible moves...
[32;1m[RandomPlayer] [0m37 possible move(s)
[32;1m[RandomPlayer] [0mPlaying random move 17 out of 37
[32;1m[Game] [0mPlayer's error code: 0
[32;1m[Game] [0mChecking move validity...
[32;1m[Board] [0mInitializing board...
[32;1m[Board] [0mLoading history file `stats/Black/game-22/history.csv`...
[32;1m[Board] [0mLoaded 72 move(s).
[32;1m[Board] [0mLoading move file `stats/Black/game-22/move.csv`...
[32;1m[Board] [0mWhite player is playing c4 to b6.
[32;1m[Board] [0m
[32;1m[Board] [0m    a b c d e f g h 
[32;1m[Board] [0m  -------------------
[32;1m[Board] [0m8 ||[30;1mb[0m| |[7;1m [0m| |[30;1mr[0m| |[0;1mQ[0m|[30;1mb[0m|| 8
[32;1m[Board] [0m  -------------------
[32;1m[Board] [0m7 ||[30;1mk[0m|[7;1m [0m|[30;1mK[0m|[7;1m [0m| |[7;1m [0m| |[7;1m [0m|| 7
[32;1m[Board] [0m  -------------------
[32;1m[Board] [0m6 ||[7;1m [0m|[0;1mk[0m|[7;1m [0m| |[7;1m [0m| |[7;1m [0m|[30;1mr[0m|| 6
[32;1m[Board] [0m  -------------------
[32;1m[Board] [0m5 ||[30;1mp[0m|[7;1m [0m| |[0;1mp[0m| |[7;1m [0m|[0;1mp[0m|[30;1mp[0m|| 5
[32;1m[Board] [0m  -------------------
[32;1m[Board] [0m4 ||[0;1mp[0m|[30;1mp[0m|[7;1m [0m|[0;1mp[0m|[7;1m [0m|[0;1mp[0m|[7;1m [0m|[0;1mp[0m|| 4
[32;1m[Board] [0m  -------------------
[32;1m[Board] [0m3 ||[0;1mb[0m|[7;1m [0m| |[7;1m [0m|[30;1mp[0m|[7;1m [0m| |[0;1mb[0m|| 3
[32;1m[Board] [0m  -------------------
[32;1m[Board] [0m2 ||[7;1m [0m|[0;1mr[0m|[7;1m [0m| |[0;1mp[0m| |[0;1mr[0m| || 2
[32;1m[Board] [0m  -------------------
[32;1m[Board] [0m1 || |[7;1m [0m| |[7;1m [0m|[0;1mK[0m|[7;1m [0m|[0;1mk[0m|[7;1m [0m|| 1
[32;1m[Board] [0m  -------------------
[32;1m[Board] [0m    a b c d e f g h
[32;1m[Board] [0m
[32;1m[Referee] [0mThis is the turn of the Black player...
Position after history:

  +-----------------+
8 | b . . . r . Q b |
7 | n . k . . . . . |
6 | . N . . . . . r |
5 | p . . P . . P p |
4 | P p . P . P . P |
3 | B . . . p . . B |
2 | . R . . P . R . |
1 | . . . . K . N . |
  +-----------------+
    a b c d e f g h
Side to move: Black
Next move: e8c8 (score: 1740)
[32;1m[Game] [0mPlayer's error code: 0
[32;1m[Game] [0mChecking move validity...
[32;1m[Board] [0mInitializing board...
[32;1m[Board] [0mLoading history file `stats/Black/game-22/history.csv`...
[32;1m[Board] [0mLoaded 73 move(s).
[32;1m[Board] [0mLoading move file `stats/Black/game-22/move.csv`...
[32;1m[Board] [0mBlack player is playing e8 to c8.
[32;1m[Board] [0m
[32;1m[Board] [0m    a b c d e f g h 
[32;1m[Board] [0m  -------------------
[32;1m[Board] [0m8 ||[30;1mb[0m| |[30;1mr[0m| |[7;1m [0m| |[0;1mQ[0m|[30;1mb[0m|| 8
[32;1m[Board] [0m  -------------------
[32;1m[Board] [0m7 ||[30;1mk[0m|[7;1m [0m|[30;1mK[0m|[7;1m [0m| |[7;1m [0m| |[7;1m [0m|| 7
[32;1m[Board] [0m  -------------------
[32;1m[Board] [0m6 ||[7;1m [0m|[0;1mk[0m|[7;1m [0m| |[7;1m [0m| |[7;1m [0m|[30;1mr[0m|| 6
[32;1m[Board] [0m  -------------------
[32;1m[Board] [0m5 ||[30;1mp[0m|[7;1m [0m| |[0;1mp[0m| |[7;1m [0m|[0;1mp[0m|[30;1mp[0m|| 5
[32;1m[Board] [0m  -------------------
[32;1m[Board] [0m4 ||[0;1mp[0m|[30;1mp[0m|[7;1m [0m|[0;1mp[0m|[7;1m [0m|[0;1mp[0m|[7;1m [0m|[0;1mp[0m|| 4
[32;1m[Board] [0m  -------------------
[32;1m[Board] [0m3 ||[0;1mb[0m|[7;1m [0m| |[7;1m [0m|[30;1mp[0m|[7;1m [0m| |[0;1mb[0m|| 3
[32;1m[Board] [0m  -------------------
[32;1m[Board] [0m2 ||[7;1m [0m|[0;1mr[0m|[7;1m [0m| |[0;1mp[0m| |[0;1mr[0m| || 2
[32;1m[Board] [0m  -------------------
[32;1m[Board] [0m1 || |[7;1m [0m| |[7;1m [0m|[0;1mK[0m|[7;1m [0m|[0;1mk[0m|[7;1m [0m|| 1
[32;1m[Board] [0m  -------------------
[32;1m[Board] [0m    a b c d e f g h
[32;1m[Board] [0m
[32;1m[Referee] [0mThis is the turn of the White player...
[32;1m[Board] [0mInitializing board...
[32;1m[Board] [0mLoading history file `stats/Black/game-22/history.csv`...
[32;1m[Board] [0mLoaded 74 move(s).
[32;1m[RandomPlayer] [0mComputing possible moves...
[32;1m[RandomPlayer] [0m37 possible move(s)
[32;1m[RandomPlayer] [0mPlaying random move 26 out of 37
[32;1m[Game] [0mPlayer's error code: 0
[32;1m[Game] [0mChecking move validity...
[32;1m[Board] [0mInitializing board...
[32;1m[Board] [0mLoading history file `stats/Black/game-22/history.csv`...
[32;1m[Board] [0mLoaded 74 move(s).
[32;1m[Board] [0mLoading move file `stats/Black/game-22/move.csv`...
[32;1m[Board] [0mWhite player is playing g8 to f8.
[32;1m[Board] [0m
[32;1m[Board] [0m    a b c d e f g h 
[32;1m[Board] [0m  -------------------
[32;1m[Board] [0m8 ||[30;1mb[0m| |[30;1mr[0m| |[7;1m [0m|[0;1mQ[0m|[7;1m [0m|[30;1mb[0m|| 8
[32;1m[Board] [0m  -------------------
[32;1m[Board] [0m7 ||[30;1mk[0m|[7;1m [0m|[30;1mK[0m|[7;1m [0m| |[7;1m [0m| |[7;1m [0m|| 7
[32;1m[Board] [0m  -------------------
[32;1m[Board] [0m6 ||[7;1m [0m|[0;1mk[0m|[7;1m [0m| |[7;1m [0m| |[7;1m [0m|[30;1mr[0m|| 6
[32;1m[Board] [0m  -------------------
[32;1m[Board] [0m5 ||[30;1mp[0m|[7;1m [0m| |[0;1mp[0m| |[7;1m [0m|[0;1mp[0m|[30;1mp[0m|| 5
[32;1m[Board] [0m  -------------------
[32;1m[Board] [0m4 ||[0;1mp[0m|[30;1mp[0m|[7;1m [0m|[0;1mp[0m|[7;1m [0m|[0;1mp[0m|[7;1m [0m|[0;1mp[0m|| 4
[32;1m[Board] [0m  -------------------
[32;1m[Board] [0m3 ||[0;1mb[0m|[7;1m [0m| |[7;1m [0m|[30;1mp[0m|[7;1m [0m| |[0;1mb[0m|| 3
[32;1m[Board] [0m  -------------------
[32;1m[Board] [0m2 ||[7;1m [0m|[0;1mr[0m|[7;1m [0m| |[0;1mp[0m| |[0;1mr[0m| || 2
[32;1m[Board] [0m  -------------------
[32;1m[Board] [0m1 || |[7;1m [0m| |[7;1m [0m|[0;1mK[0m|[7;1m [0m|[0;1mk[0m|[7;1m [0m|| 1
[32;1m[Board] [0m  -------------------
[32;1m[Board] [0m    a b c d e f g h
[32;1m[Board] [0m
[32;1m[Referee] [0mThis is the turn of the Black player...
Position after history:

  +-----------------+
8 | b . r . . Q . b |
7 | n . k . . . . . |
6 | . N . . . . . r |
5 | p . . P . . P p |
4 | P p . P . P . P |
3 | B . . . p . . B |
2 | . R . . P . R . |
1 | . . . . K . N . |
  +-----------------+
    a b c d e f g h
Side to move: Black
Next move: c7b7 (score: 1735)
[32;1m[Game] [0mPlayer's error code: 0
[32;1m[Game] [0mChecking move validity...
[32;1m[Board] [0mInitializing board...
[32;1m[Board] [0mLoading history file `stats/Black/game-22/history.csv`...
[32;1m[Board] [0mLoaded 75 move(s).
[32;1m[Board] [0mLoading move file `stats/Black/game-22/move.csv`...
[32;1m[Board] [0mBlack player is playing c7 to b7.
[32;1m[Board] [0m
[32;1m[Board] [0m    a b c d e f g h 
[32;1m[Board] [0m  -------------------
[32;1m[Board] [0m8 ||[30;1mb[0m| |[30;1mr[0m| |[7;1m [0m|[0;1mQ[0m|[7;1m [0m|[30;1mb[0m|| 8
[32;1m[Board] [0m  -------------------
[32;1m[Board] [0m7 ||[30;1mk[0m|[30;1mK[0m| |[7;1m [0m| |[7;1m [0m| |[7;1m [0m|| 7
[32;1m[Board] [0m  -------------------
[32;1m[Board] [0m6 ||[7;1m [0m|[0;1mk[0m|[7;1m [0m| |[7;1m [0m| |[7;1m [0m|[30;1mr[0m|| 6
[32;1m[Board] [0m  -------------------
[32;1m[Board] [0m5 ||[30;1mp[0m|[7;1m [0m| |[0;1mp[0m| |[7;1m [0m|[0;1mp[0m|[30;1mp[0m|| 5
[32;1m[Board] [0m  -------------------
[32;1m[Board] [0m4 ||[0;1mp[0m|[30;1mp[0m|[7;1m [0m|[0;1mp[0m|[7;1m [0m|[0;1mp[0m|[7;1m [0m|[0;1mp[0m|| 4
[32;1m[Board] [0m  -------------------
[32;1m[Board] [0m3 ||[0;1mb[0m|[7;1m [0m| |[7;1m [0m|[30;1mp[0m|[7;1m [0m| |[0;1mb[0m|| 3
[32;1m[Board] [0m  -------------------
[32;1m[Board] [0m2 ||[7;1m [0m|[0;1mr[0m|[7;1m [0m| |[0;1mp[0m| |[0;1mr[0m| || 2
[32;1m[Board] [0m  -------------------
[32;1m[Board] [0m1 || |[7;1m [0m| |[7;1m [0m|[0;1mK[0m|[7;1m [0m|[0;1mk[0m|[7;1m [0m|| 1
[32;1m[Board] [0m  -------------------
[32;1m[Board] [0m    a b c d e f g h
[32;1m[Board] [0m
[32;1m[Referee] [0mThis is the turn of the White player...
[32;1m[Board] [0mInitializing board...
[32;1m[Board] [0mLoading history file `stats/Black/game-22/history.csv`...
[32;1m[Board] [0mLoaded 76 move(s).
[32;1m[RandomPlayer] [0mComputing possible moves...
[32;1m[RandomPlayer] [0m41 possible move(s)
[32;1m[RandomPlayer] [0mPlaying random move 0 out of 41
[32;1m[Game] [0mPlayer's error code: 0
[32;1m[Game] [0mChecking move validity...
[32;1m[Board] [0mInitializing board...
[32;1m[Board] [0mLoading history file `stats/Black/game-22/history.csv`...
[32;1m[Board] [0mLoaded 76 move(s).
[32;1m[Board] [0mLoading move file `stats/Black/game-22/move.csv`...
[32;1m[Board] [0mWhite player is playing d5 to d6.
[32;1m[Board] [0m
[32;1m[Board] [0m    a b c d e f g h 
[32;1m[Board] [0m  -------------------
[32;1m[Board] [0m8 ||[30;1mb[0m| |[30;1mr[0m| |[7;1m [0m|[0;1mQ[0m|[7;1m [0m|[30;1mb[0m|| 8
[32;1m[Board] [0m  -------------------
[32;1m[Board] [0m7 ||[30;1mk[0m|[30;1mK[0m| |[7;1m [0m| |[7;1m [0m| |[7;1m [0m|| 7
[32;1m[Board] [0m  -------------------
[32;1m[Board] [0m6 ||[7;1m [0m|[0;1mk[0m|[7;1m [0m|[0;1mp[0m|[7;1m [0m| |[7;1m [0m|[30;1mr[0m|| 6
[32;1m[Board] [0m  -------------------
[32;1m[Board] [0m5 ||[30;1mp[0m|[7;1m [0m| |[7;1m [0m| |[7;1m [0m|[0;1mp[0m|[30;1mp[0m|| 5
[32;1m[Board] [0m  -------------------
[32;1m[Board] [0m4 ||[0;1mp[0m|[30;1mp[0m|[7;1m [0m|[0;1mp[0m|[7;1m [0m|[0;1mp[0m|[7;1m [0m|[0;1mp[0m|| 4
[32;1m[Board] [0m  -------------------
[32;1m[Board] [0m3 ||[0;1mb[0m|[7;1m [0m| |[7;1m [0m|[30;1mp[0m|[7;1m [0m| |[0;1mb[0m|| 3
[32;1m[Board] [0m  -------------------
[32;1m[Board] [0m2 ||[7;1m [0m|[0;1mr[0m|[7;1m [0m| |[0;1mp[0m| |[0;1mr[0m| || 2
[32;1m[Board] [0m  -------------------
[32;1m[Board] [0m1 || |[7;1m [0m| |[7;1m [0m|[0;1mK[0m|[7;1m [0m|[0;1mk[0m|[7;1m [0m|| 1
[32;1m[Board] [0m  -------------------
[32;1m[Board] [0m    a b c d e f g h
[32;1m[Board] [0m
[32;1m[Referee] [0mThis is the turn of the Black player...
Position after history:

  +-----------------+
8 | b . r . . Q . b |
7 | n k . . . . . . |
6 | . N . P . . . r |
5 | p . . . . . P p |
4 | P p . P . P . P |
3 | B . . . p . . B |
2 | . R . . P . R . |
1 | . . . . K . N . |
  +-----------------+
    a b c d e f g h
Side to move: Black
Next move: c8c1 (score: 2147483646)
[32;1m[Game] [0mPlayer's error code: 0
[32;1m[Game] [0mChecking move validity...
[32;1m[Board] [0mInitializing board...
[32;1m[Board] [0mLoading history file `stats/Black/game-22/history.csv`...
[32;1m[Board] [0mLoaded 77 move(s).
[32;1m[Board] [0mLoading move file `stats/Black/game-22/move.csv`...
[32;1m[Board] [0mBlack player is playing c8 to c1.
[32;1m[Board] [0m
[32;1m[Board] [0m    a b c d e f g h 
[32;1m[Board] [0m  -------------------
[32;1m[Board] [0m8 ||[30;1mb[0m| |[7;1m [0m| |[7;1m [0m|[0;1mQ[0m|[7;1m [0m|[30;1mb[0m|| 8
[32;1m[Board] [0m  -------------------
[32;1m[Board] [0m7 ||[30;1mk[0m|[30;1mK[0m| |[7;1m [0m| |[7;1m [0m| |[7;1m [0m|| 7
[32;1m[Board] [0m  -------------------
[32;1m[Board] [0m6 ||[7;1m [0m|[0;1mk[0m|[7;1m [0m|[0;1mp[0m|[7;1m [0m| |[7;1m [0m|[30;1mr[0m|| 6
[32;1m[Board] [0m  -------------------
[32;1m[Board] [0m5 ||[30;1mp[0m|[7;1m [0m| |[7;1m [0m| |[7;1m [0m|[0;1mp[0m|[30;1mp[0m|| 5
[32;1m[Board] [0m  -------------------
[32;1m[Board] [0m4 ||[0;1mp[0m|[30;1mp[0m|[7;1m [0m|[0;1mp[0m|[7;1m [0m|[0;1mp[0m|[7;1m [0m|[0;1mp[0m|| 4
[32;1m[Board] [0m  -------------------
[32;1m[Board] [0m3 ||[0;1mb[0m|[7;1m [0m| |[7;1m [0m|[30;1mp[0m|[7;1m [0m| |[0;1mb[0m|| 3
[32;1m[Board] [0m  -------------------
[32;1m[Board] [0m2 ||[7;1m [0m|[0;1mr[0m|[7;1m [0m| |[0;1mp[0m| |[0;1mr[0m| || 2
[32;1m[Board] [0m  -------------------
[32;1m[Board] [0m1 || |[7;1m [0m|[30;1mr[0m|[7;1m [0m|[0;1mK[0m|[7;1m [0m|[0;1mk[0m|[7;1m [0m|| 1
[32;1m[Board] [0m  -------------------
[32;1m[Board] [0m    a b c d e f g h
[32;1m[Board] [0m
[32;1m[Referee] [0mThis is the turn of the White player...
