[32;1m[Board] [0mInitializing board (size: 8)...
[32;1m[Board] [0m32 piece(s) on board.
[32;1m[Board] [0m
[32;1m[Board] [0m     a b c d e f g h
[32;1m[Board] [0m   -------------------
[32;1m[Board] [0m 8 ||[30;1mr[0m|[30;1mk[0m|[30;1mb[0m|[30;1mQ[0m|[30;1mK[0m|[30;1mb[0m|[30;1mk[0m|[30;1mr[0m|| 8
[32;1m[Board] [0m   -------------------
[32;1m[Board] [0m 7 ||[30;1mp[0m|[30;1mp[0m|[30;1mp[0m|[30;1mp[0m|[30;1mp[0m|[30;1mp[0m|[30;1mp[0m|[30;1mp[0m|| 7
[32;1m[Board] [0m   -------------------
[32;1m[Board] [0m 6 ||[7;1m [0m| |[7;1m [0m| |[7;1m [0m| |[7;1m [0m| || 6
[32;1m[Board] [0m   -------------------
[32;1m[Board] [0m 5 || |[7;1m [0m| |[7;1m [0m| |[7;1m [0m| |[7;1m [0m|| 5
[32;1m[Board] [0m   -------------------
[32;1m[Board] [0m 4 ||[7;1m [0m| |[7;1m [0m| |[7;1m [0m| |[7;1m [0m| || 4
[32;1m[Board] [0m   -------------------
[32;1m[Board] [0m 3 || |[7;1m [0m| |[7;1m [0m| |[7;1m [0m| |[7;1m [0m|| 3
[32;1m[Board] [0m   -------------------
[32;1m[Board] [0m 2 ||[0;1mp[0m|[0;1mp[0m|[0;1mp[0m|[0;1mp[0m|[0;1mp[0m|[0;1mp[0m|[0;1mp[0m|[0;1mp[0m|| 2
[32;1m[Board] [0m   -------------------
[32;1m[Board] [0m 1 ||[0;1mr[0m|[0;1mk[0m|[0;1mb[0m|[0;1mQ[0m|[0;1mK[0m|[0;1mb[0m|[0;1mk[0m|[0;1mr[0m|| 1
[32;1m[Board] [0m   -------------------
[32;1m[Board] [0m     a b c d e f g h
[32;1m[Board] [0m
[32;1m[Referee] [0mThis is the turn of the White player...
Setup Overhead:0.005865
8  bRbNbBbQbKbBbNbR
7  bPbPbPbPbPbPbPbP
6  . . . . . . . . 
5  . . . . . . . . 
4  . . . . . . . . 
3  . . . . . . . . 
2  wPwPwPwPwPwPwPwP
1  wRwNwBwQwKwBwNwR

   A B C D E F G H 
  Side:    White
  En passant:    None
  Castling rights:    
wK  wQ  bK  bQ 
Middle Game Positional Score: 0
End Game Positional Score: 0
Phase: 24
Total Score: 0
Fifty Move Counter: 0
Captured Piece Type: --
Depth 1 best move: 2099508best index: 9
Depth time: 0.039923ms
Depth 2 best move: 2099508best index: 0
Depth time: 0.137385ms
Depth 3 best move: 2099443best index: 7
Depth time: 3.12321ms
Depth 4 best move: 7038best index: 18
Depth time: 5.77944ms
Depth 5 best move: 7038best index: 0
Depth time: 51.5515ms
Depth 6 best move: 6841best index: 17
Depth time: 279.905ms
Depth 7 best move: 6841best index: 0
Depth time: 1098.94ms
Depth 8 best move: 2099443best index: 18
Depth time: 5409.11ms
Played move: d2d4
8  bRbNbBbQbKbBbNbR
7  bPbPbPbPbPbPbPbP
6  . . . . . . . . 
5  . . . . . . . . 
4  . . . wP. . . . 
3  . . . . . . . . 
2  wPwPwP. wPwPwPwP
1  wRwNwBwQwKwBwNwR

   A B C D E F G H 
  Side:    Black
  En passant:    d3
  Castling rights:    
wK  wQ  bK  bQ 
Middle Game Positional Score: 35
End Game Positional Score: -17
Phase: 24
Total Score: 35
Fifty Move Counter: 0
Captured Piece Type: --
[32;1m[Game] [0mPlayer's error code: 0
[32;1m[Game] [0mChecking move validity...
[32;1m[Board] [0mInitializing board (size: 8)...
[32;1m[Board] [0m32 piece(s) on board.
[32;1m[Board] [0mLoading history file `championship/o-of-yes-chess-engine3/history.csv`...
[32;1m[Board] [0mLoaded 0 move(s).
[32;1m[Board] [0mHistory replayed, 32 piece(s) on board.
[32;1m[Board] [0mLoading move file `championship/o-of-yes-chess-engine3/move.csv`...
[32;1m[Board] [0mWhite player is playing d2 to d4.
[32;1m[Board] [0m
[32;1m[Board] [0m     a b c d e f g h
[32;1m[Board] [0m   -------------------
[32;1m[Board] [0m 8 ||[30;1mr[0m|[30;1mk[0m|[30;1mb[0m|[30;1mQ[0m|[30;1mK[0m|[30;1mb[0m|[30;1mk[0m|[30;1mr[0m|| 8
[32;1m[Board] [0m   -------------------
[32;1m[Board] [0m 7 ||[30;1mp[0m|[30;1mp[0m|[30;1mp[0m|[30;1mp[0m|[30;1mp[0m|[30;1mp[0m|[30;1mp[0m|[30;1mp[0m|| 7
[32;1m[Board] [0m   -------------------
[32;1m[Board] [0m 6 ||[7;1m [0m| |[7;1m [0m| |[7;1m [0m| |[7;1m [0m| || 6
[32;1m[Board] [0m   -------------------
[32;1m[Board] [0m 5 || |[7;1m [0m| |[7;1m [0m| |[7;1m [0m| |[7;1m [0m|| 5
[32;1m[Board] [0m   -------------------
[32;1m[Board] [0m 4 ||[7;1m [0m| |[7;1m [0m|[0;1mp[0m|[7;1m [0m| |[7;1m [0m| || 4
[32;1m[Board] [0m   -------------------
[32;1m[Board] [0m 3 || |[7;1m [0m| |[7;1m [0m| |[7;1m [0m| |[7;1m [0m|| 3
[32;1m[Board] [0m   -------------------
[32;1m[Board] [0m 2 ||[0;1mp[0m|[0;1mp[0m|[0;1mp[0m| |[0;1mp[0m|[0;1mp[0m|[0;1mp[0m|[0;1mp[0m|| 2
[32;1m[Board] [0m   -------------------
[32;1m[Board] [0m 1 ||[0;1mr[0m|[0;1mk[0m|[0;1mb[0m|[0;1mQ[0m|[0;1mK[0m|[0;1mb[0m|[0;1mk[0m|[0;1mr[0m|| 1
[32;1m[Board] [0m   -------------------
[32;1m[Board] [0m     a b c d e f g h
[32;1m[Board] [0m
[32;1m[Referee] [0mThis is the turn of the Black player...
Chess engine starting...
Hash OK after replay.
Book move found!
move played: g8f6
in coordinates: from (0,6) to (2,5)
[32;1m[Game] [0mPlayer's error code: 256
[32;1m[Game] [0mChecking move validity...
[32;1m[Board] [0mInitializing board (size: 8)...
[32;1m[Board] [0m32 piece(s) on board.
[32;1m[Board] [0mLoading history file `championship/o-of-yes-chess-engine3/history.csv`...
[32;1m[Board] [0mLoaded 1 move(s).
[32;1m[Board] [0mHistory replayed, 32 piece(s) on board.
[32;1m[Board] [0mLoading move file `championship/o-of-yes-chess-engine3/move.csv`...
[32;1m[Board] [0mBlack player is playing g8 to f6.
[32;1m[Board] [0m
[32;1m[Board] [0m     a b c d e f g h
[32;1m[Board] [0m   -------------------
[32;1m[Board] [0m 8 ||[30;1mr[0m|[30;1mk[0m|[30;1mb[0m|[30;1mQ[0m|[30;1mK[0m|[30;1mb[0m|[7;1m [0m|[30;1mr[0m|| 8
[32;1m[Board] [0m   -------------------
[32;1m[Board] [0m 7 ||[30;1mp[0m|[30;1mp[0m|[30;1mp[0m|[30;1mp[0m|[30;1mp[0m|[30;1mp[0m|[30;1mp[0m|[30;1mp[0m|| 7
[32;1m[Board] [0m   -------------------
[32;1m[Board] [0m 6 ||[7;1m [0m| |[7;1m [0m| |[7;1m [0m|[30;1mk[0m|[7;1m [0m| || 6
[32;1m[Board] [0m   -------------------
[32;1m[Board] [0m 5 || |[7;1m [0m| |[7;1m [0m| |[7;1m [0m| |[7;1m [0m|| 5
[32;1m[Board] [0m   -------------------
[32;1m[Board] [0m 4 ||[7;1m [0m| |[7;1m [0m|[0;1mp[0m|[7;1m [0m| |[7;1m [0m| || 4
[32;1m[Board] [0m   -------------------
[32;1m[Board] [0m 3 || |[7;1m [0m| |[7;1m [0m| |[7;1m [0m| |[7;1m [0m|| 3
[32;1m[Board] [0m   -------------------
[32;1m[Board] [0m 2 ||[0;1mp[0m|[0;1mp[0m|[0;1mp[0m| |[0;1mp[0m|[0;1mp[0m|[0;1mp[0m|[0;1mp[0m|| 2
[32;1m[Board] [0m   -------------------
[32;1m[Board] [0m 1 ||[0;1mr[0m|[0;1mk[0m|[0;1mb[0m|[0;1mQ[0m|[0;1mK[0m|[0;1mb[0m|[0;1mk[0m|[0;1mr[0m|| 1
[32;1m[Board] [0m   -------------------
[32;1m[Board] [0m     a b c d e f g h
[32;1m[Board] [0m
[32;1m[Referee] [0mThis is the turn of the White player...
Setup Overhead:0.006802
Move made
Move made
8  bRbNbBbQbKbB. bR
7  bPbPbPbPbPbPbPbP
6  . . . . . bN. . 
5  . . . . . . . . 
4  . . . wP. . . . 
3  . . . . . . . . 
2  wPwPwP. wPwPwPwP
1  wRwNwBwQwKwBwNwR

   A B C D E F G H 
  Side:    White
  En passant:    None
  Castling rights:    
wK  wQ  bK  bQ 
Middle Game Positional Score: -1
End Game Positional Score: -64
Phase: 24
Total Score: -1
Fifty Move Counter: 1
Captured Piece Type: --
Depth 1 best move: 2099508best index: 8
Depth time: 0.063686ms
Depth 2 best move: 7038best index: 18
Depth time: 0.288857ms
Depth 3 best move: 10170best index: 21
Depth time: 1.8077ms
Depth 4 best move: 6841best index: 16
Depth time: 10.2508ms
Depth 5 best move: 6841best index: 0
Depth time: 61.1739ms
Depth 6 best move: 6841best index: 0
Depth time: 212.086ms
Depth 7 best move: 2099508best index: 18
Depth time: 2338.86ms
Played move: e2e4
8  bRbNbBbQbKbB. bR
7  bPbPbPbPbPbPbPbP
6  . . . . . bN. . 
5  . . . . . . . . 
4  . . . wPwP. . . 
3  . . . . . . . . 
2  wPwPwP. . wPwPwP
1  wRwNwBwQwKwBwNwR

   A B C D E F G H 
  Side:    Black
  En passant:    e3
  Castling rights:    
wK  wQ  bK  bQ 
Middle Game Positional Score: 31
End Game Positional Score: -84
Phase: 24
Total Score: 31
Fifty Move Counter: 0
Captured Piece Type: --
[32;1m[Game] [0mPlayer's error code: 0
[32;1m[Game] [0mChecking move validity...
[32;1m[Board] [0mInitializing board (size: 8)...
[32;1m[Board] [0m32 piece(s) on board.
[32;1m[Board] [0mLoading history file `championship/o-of-yes-chess-engine3/history.csv`...
[32;1m[Board] [0mLoaded 2 move(s).
[32;1m[Board] [0mHistory replayed, 32 piece(s) on board.
[32;1m[Board] [0mLoading move file `championship/o-of-yes-chess-engine3/move.csv`...
[32;1m[Board] [0mWhite player is playing e2 to e4.
[32;1m[Board] [0m
[32;1m[Board] [0m     a b c d e f g h
[32;1m[Board] [0m   -------------------
[32;1m[Board] [0m 8 ||[30;1mr[0m|[30;1mk[0m|[30;1mb[0m|[30;1mQ[0m|[30;1mK[0m|[30;1mb[0m|[7;1m [0m|[30;1mr[0m|| 8
[32;1m[Board] [0m   -------------------
[32;1m[Board] [0m 7 ||[30;1mp[0m|[30;1mp[0m|[30;1mp[0m|[30;1mp[0m|[30;1mp[0m|[30;1mp[0m|[30;1mp[0m|[30;1mp[0m|| 7
[32;1m[Board] [0m   -------------------
[32;1m[Board] [0m 6 ||[7;1m [0m| |[7;1m [0m| |[7;1m [0m|[30;1mk[0m|[7;1m [0m| || 6
[32;1m[Board] [0m   -------------------
[32;1m[Board] [0m 5 || |[7;1m [0m| |[7;1m [0m| |[7;1m [0m| |[7;1m [0m|| 5
[32;1m[Board] [0m   -------------------
[32;1m[Board] [0m 4 ||[7;1m [0m| |[7;1m [0m|[0;1mp[0m|[0;1mp[0m| |[7;1m [0m| || 4
[32;1m[Board] [0m   -------------------
[32;1m[Board] [0m 3 || |[7;1m [0m| |[7;1m [0m| |[7;1m [0m| |[7;1m [0m|| 3
[32;1m[Board] [0m   -------------------
[32;1m[Board] [0m 2 ||[0;1mp[0m|[0;1mp[0m|[0;1mp[0m| |[7;1m [0m|[0;1mp[0m|[0;1mp[0m|[0;1mp[0m|| 2
[32;1m[Board] [0m   -------------------
[32;1m[Board] [0m 1 ||[0;1mr[0m|[0;1mk[0m|[0;1mb[0m|[0;1mQ[0m|[0;1mK[0m|[0;1mb[0m|[0;1mk[0m|[0;1mr[0m|| 1
[32;1m[Board] [0m   -------------------
[32;1m[Board] [0m     a b c d e f g h
[32;1m[Board] [0m
[32;1m[Referee] [0mThis is the turn of the Black player...
Chess engine starting...
Hash OK after replay.
move played: f6e4
in coordinates: from (2,5) to (4,4)
[32;1m[Game] [0mPlayer's error code: 256
[32;1m[Game] [0mChecking move validity...
[32;1m[Board] [0mInitializing board (size: 8)...
[32;1m[Board] [0m32 piece(s) on board.
[32;1m[Board] [0mLoading history file `championship/o-of-yes-chess-engine3/history.csv`...
[32;1m[Board] [0mLoaded 3 move(s).
[32;1m[Board] [0mHistory replayed, 32 piece(s) on board.
[32;1m[Board] [0mLoading move file `championship/o-of-yes-chess-engine3/move.csv`...
[32;1m[Board] [0mBlack player is playing f6 to e4.
[32;1m[Board] [0m[5;1mBlack Knight is taking White Pawn.[0m
[32;1m[Board] [0m
[32;1m[Board] [0m     a b c d e f g h
[32;1m[Board] [0m   -------------------
[32;1m[Board] [0m 8 ||[30;1mr[0m|[30;1mk[0m|[30;1mb[0m|[30;1mQ[0m|[30;1mK[0m|[30;1mb[0m|[7;1m [0m|[30;1mr[0m|| 8
[32;1m[Board] [0m   -------------------
[32;1m[Board] [0m 7 ||[30;1mp[0m|[30;1mp[0m|[30;1mp[0m|[30;1mp[0m|[30;1mp[0m|[30;1mp[0m|[30;1mp[0m|[30;1mp[0m|| 7
[32;1m[Board] [0m   -------------------
[32;1m[Board] [0m 6 ||[7;1m [0m| |[7;1m [0m| |[7;1m [0m| |[7;1m [0m| || 6
[32;1m[Board] [0m   -------------------
[32;1m[Board] [0m 5 || |[7;1m [0m| |[7;1m [0m| |[7;1m [0m| |[7;1m [0m|| 5
[32;1m[Board] [0m   -------------------
[32;1m[Board] [0m 4 ||[7;1m [0m| |[7;1m [0m|[0;1mp[0m|[30;1mk[0m| |[7;1m [0m| || 4
[32;1m[Board] [0m   -------------------
[32;1m[Board] [0m 3 || |[7;1m [0m| |[7;1m [0m| |[7;1m [0m| |[7;1m [0m|| 3
[32;1m[Board] [0m   -------------------
[32;1m[Board] [0m 2 ||[0;1mp[0m|[0;1mp[0m|[0;1mp[0m| |[7;1m [0m|[0;1mp[0m|[0;1mp[0m|[0;1mp[0m|| 2
[32;1m[Board] [0m   -------------------
[32;1m[Board] [0m 1 ||[0;1mr[0m|[0;1mk[0m|[0;1mb[0m|[0;1mQ[0m|[0;1mK[0m|[0;1mb[0m|[0;1mk[0m|[0;1mr[0m|| 1
[32;1m[Board] [0m   -------------------
[32;1m[Board] [0m     a b c d e f g h
[32;1m[Board] [0m
[32;1m[Referee] [0mThis is the turn of the White player...
Setup Overhead:0.008292
Move made
Move made
Move made
Move made
8  bRbNbBbQbKbB. bR
7  bPbPbPbPbPbPbPbP
6  . . . . . . . . 
5  . . . . . . . . 
4  . . . wPbN. . . 
3  . . . . . . . . 
2  wPwPwP. . wPwPwP
1  wRwNwBwQwKwBwNwR

   A B C D E F G H 
  Side:    White
  En passant:    None
  Castling rights:    
wK  wQ  bK  bQ 
Middle Game Positional Score: -88
End Game Positional Score: -196
Phase: 24
Total Score: -88
Fifty Move Counter: 0
Captured Piece Type: wP
Depth 1 best move: 6841best index: 14
Depth time: 0.069719ms
Depth 2 best move: 10618best index: 21
Depth time: 0.461257ms
Depth 3 best move: 18875best index: 30
Depth time: 7.6477ms
Depth 4 best move: 7417best index: 15
Depth time: 28.7992ms
Depth 5 best move: 19323best index: 32
Depth time: 170.216ms
Depth 6 best move: 6841best index: 21
Depth time: 779.665ms
Depth 7 best move: 19323best index: 21
Depth time: 6459.72ms
Played move: d1f3
8  bRbNbBbQbKbB. bR
7  bPbPbPbPbPbPbPbP
6  . . . . . . . . 
5  . . . . . . . . 
4  . . . wPbN. . . 
3  . . . . . wQ. . 
2  wPwPwP. . wPwPwP
1  wRwNwB. wKwBwNwR

   A B C D E F G H 
  Side:    Black
  En passant:    None
  Castling rights:    
wK  wQ  bK  bQ 
Middle Game Positional Score: -96
End Game Positional Score: -136
Phase: 24
Total Score: -96
Fifty Move Counter: 1
Captured Piece Type: --
[32;1m[Game] [0mPlayer's error code: 0
[32;1m[Game] [0mChecking move validity...
[32;1m[Board] [0mInitializing board (size: 8)...
[32;1m[Board] [0m32 piece(s) on board.
[32;1m[Board] [0mLoading history file `championship/o-of-yes-chess-engine3/history.csv`...
[32;1m[Board] [0mLoaded 4 move(s).
[32;1m[Board] [0mHistory replayed, 31 piece(s) on board.
[32;1m[Board] [0mLoading move file `championship/o-of-yes-chess-engine3/move.csv`...
[32;1m[Board] [0mWhite player is playing d1 to f3.
[32;1m[Board] [0m
[32;1m[Board] [0m     a b c d e f g h
[32;1m[Board] [0m   -------------------
[32;1m[Board] [0m 8 ||[30;1mr[0m|[30;1mk[0m|[30;1mb[0m|[30;1mQ[0m|[30;1mK[0m|[30;1mb[0m|[7;1m [0m|[30;1mr[0m|| 8
[32;1m[Board] [0m   -------------------
[32;1m[Board] [0m 7 ||[30;1mp[0m|[30;1mp[0m|[30;1mp[0m|[30;1mp[0m|[30;1mp[0m|[30;1mp[0m|[30;1mp[0m|[30;1mp[0m|| 7
[32;1m[Board] [0m   -------------------
[32;1m[Board] [0m 6 ||[7;1m [0m| |[7;1m [0m| |[7;1m [0m| |[7;1m [0m| || 6
[32;1m[Board] [0m   -------------------
[32;1m[Board] [0m 5 || |[7;1m [0m| |[7;1m [0m| |[7;1m [0m| |[7;1m [0m|| 5
[32;1m[Board] [0m   -------------------
[32;1m[Board] [0m 4 ||[7;1m [0m| |[7;1m [0m|[0;1mp[0m|[30;1mk[0m| |[7;1m [0m| || 4
[32;1m[Board] [0m   -------------------
[32;1m[Board] [0m 3 || |[7;1m [0m| |[7;1m [0m| |[0;1mQ[0m| |[7;1m [0m|| 3
[32;1m[Board] [0m   -------------------
[32;1m[Board] [0m 2 ||[0;1mp[0m|[0;1mp[0m|[0;1mp[0m| |[7;1m [0m|[0;1mp[0m|[0;1mp[0m|[0;1mp[0m|| 2
[32;1m[Board] [0m   -------------------
[32;1m[Board] [0m 1 ||[0;1mr[0m|[0;1mk[0m|[0;1mb[0m|[7;1m [0m|[0;1mK[0m|[0;1mb[0m|[0;1mk[0m|[0;1mr[0m|| 1
[32;1m[Board] [0m   -------------------
[32;1m[Board] [0m     a b c d e f g h
[32;1m[Board] [0m
[32;1m[Referee] [0mThis is the turn of the Black player...
Chess engine starting...
Hash OK after replay.
move played: d7d5
in coordinates: from (1,3) to (3,3)
[32;1m[Game] [0mPlayer's error code: 256
[32;1m[Game] [0mChecking move validity...
[32;1m[Board] [0mInitializing board (size: 8)...
[32;1m[Board] [0m32 piece(s) on board.
[32;1m[Board] [0mLoading history file `championship/o-of-yes-chess-engine3/history.csv`...
[32;1m[Board] [0mLoaded 5 move(s).
[32;1m[Board] [0mHistory replayed, 31 piece(s) on board.
[32;1m[Board] [0mLoading move file `championship/o-of-yes-chess-engine3/move.csv`...
[32;1m[Board] [0mBlack player is playing d7 to d5.
[32;1m[Board] [0m
[32;1m[Board] [0m     a b c d e f g h
[32;1m[Board] [0m   -------------------
[32;1m[Board] [0m 8 ||[30;1mr[0m|[30;1mk[0m|[30;1mb[0m|[30;1mQ[0m|[30;1mK[0m|[30;1mb[0m|[7;1m [0m|[30;1mr[0m|| 8
[32;1m[Board] [0m   -------------------
[32;1m[Board] [0m 7 ||[30;1mp[0m|[30;1mp[0m|[30;1mp[0m|[7;1m [0m|[30;1mp[0m|[30;1mp[0m|[30;1mp[0m|[30;1mp[0m|| 7
[32;1m[Board] [0m   -------------------
[32;1m[Board] [0m 6 ||[7;1m [0m| |[7;1m [0m| |[7;1m [0m| |[7;1m [0m| || 6
[32;1m[Board] [0m   -------------------
[32;1m[Board] [0m 5 || |[7;1m [0m| |[30;1mp[0m| |[7;1m [0m| |[7;1m [0m|| 5
[32;1m[Board] [0m   -------------------
[32;1m[Board] [0m 4 ||[7;1m [0m| |[7;1m [0m|[0;1mp[0m|[30;1mk[0m| |[7;1m [0m| || 4
[32;1m[Board] [0m   -------------------
[32;1m[Board] [0m 3 || |[7;1m [0m| |[7;1m [0m| |[0;1mQ[0m| |[7;1m [0m|| 3
[32;1m[Board] [0m   -------------------
[32;1m[Board] [0m 2 ||[0;1mp[0m|[0;1mp[0m|[0;1mp[0m| |[7;1m [0m|[0;1mp[0m|[0;1mp[0m|[0;1mp[0m|| 2
[32;1m[Board] [0m   -------------------
[32;1m[Board] [0m 1 ||[0;1mr[0m|[0;1mk[0m|[0;1mb[0m|[7;1m [0m|[0;1mK[0m|[0;1mb[0m|[0;1mk[0m|[0;1mr[0m|| 1
[32;1m[Board] [0m   -------------------
[32;1m[Board] [0m     a b c d e f g h
[32;1m[Board] [0m
[32;1m[Referee] [0mThis is the turn of the White player...
Setup Overhead:0.009862
Move made
Move made
Move made
Move made
Move made
Move made
8  bRbNbBbQbKbB. bR
7  bPbPbP. bPbPbPbP
6  . . . . . . . . 
5  . . . bP. . . . 
4  . . . wPbN. . . 
3  . . . . . wQ. . 
2  wPwPwP. . wPwPwP
1  wRwNwB. wKwBwNwR

   A B C D E F G H 
  Side:    White
  En passant:    d6
  Castling rights:    
wK  wQ  bK  bQ 
Middle Game Positional Score: -131
End Game Positional Score: -119
Phase: 24
Total Score: -131
Fifty Move Counter: 0
Captured Piece Type: --
Depth 1 best move: 1067309best index: 1
Depth time: 0.083037ms
Depth 2 best move: 9853best index: 21
Depth time: 0.481831ms
Depth 3 best move: 9853best index: 0
Depth time: 2.50453ms
Depth 4 best move: 6841best index: 11
Depth time: 25.2129ms
Depth 5 best move: 2099313best index: 3
Depth time: 215.327ms
Depth 6 best move: 6841best index: 3
Depth time: 1158.75ms
Played move: b1c3
8  bRbNbBbQbKbB. bR
7  bPbPbP. bPbPbPbP
6  . . . . . . . . 
5  . . . bP. . . . 
4  . . . wPbN. . . 
3  . . wN. . wQ. . 
2  wPwPwP. . wPwPwP
1  wR. wB. wKwBwNwR

   A B C D E F G H 
  Side:    Black
  En passant:    None
  Castling rights:    
wK  wQ  bK  bQ 
Middle Game Positional Score: -98
End Game Positional Score: -69
Phase: 24
Total Score: -98
Fifty Move Counter: 1
Captured Piece Type: --
[32;1m[Game] [0mPlayer's error code: 0
[32;1m[Game] [0mChecking move validity...
[32;1m[Board] [0mInitializing board (size: 8)...
[32;1m[Board] [0m32 piece(s) on board.
[32;1m[Board] [0mLoading history file `championship/o-of-yes-chess-engine3/history.csv`...
[32;1m[Board] [0mLoaded 6 move(s).
[32;1m[Board] [0mHistory replayed, 31 piece(s) on board.
[32;1m[Board] [0mLoading move file `championship/o-of-yes-chess-engine3/move.csv`...
[32;1m[Board] [0mWhite player is playing b1 to c3.
[32;1m[Board] [0m
[32;1m[Board] [0m     a b c d e f g h
[32;1m[Board] [0m   -------------------
[32;1m[Board] [0m 8 ||[30;1mr[0m|[30;1mk[0m|[30;1mb[0m|[30;1mQ[0m|[30;1mK[0m|[30;1mb[0m|[7;1m [0m|[30;1mr[0m|| 8
[32;1m[Board] [0m   -------------------
[32;1m[Board] [0m 7 ||[30;1mp[0m|[30;1mp[0m|[30;1mp[0m|[7;1m [0m|[30;1mp[0m|[30;1mp[0m|[30;1mp[0m|[30;1mp[0m|| 7
[32;1m[Board] [0m   -------------------
[32;1m[Board] [0m 6 ||[7;1m [0m| |[7;1m [0m| |[7;1m [0m| |[7;1m [0m| || 6
[32;1m[Board] [0m   -------------------
[32;1m[Board] [0m 5 || |[7;1m [0m| |[30;1mp[0m| |[7;1m [0m| |[7;1m [0m|| 5
[32;1m[Board] [0m   -------------------
[32;1m[Board] [0m 4 ||[7;1m [0m| |[7;1m [0m|[0;1mp[0m|[30;1mk[0m| |[7;1m [0m| || 4
[32;1m[Board] [0m   -------------------
[32;1m[Board] [0m 3 || |[7;1m [0m|[0;1mk[0m|[7;1m [0m| |[0;1mQ[0m| |[7;1m [0m|| 3
[32;1m[Board] [0m   -------------------
[32;1m[Board] [0m 2 ||[0;1mp[0m|[0;1mp[0m|[0;1mp[0m| |[7;1m [0m|[0;1mp[0m|[0;1mp[0m|[0;1mp[0m|| 2
[32;1m[Board] [0m   -------------------
[32;1m[Board] [0m 1 ||[0;1mr[0m|[7;1m [0m|[0;1mb[0m|[7;1m [0m|[0;1mK[0m|[0;1mb[0m|[0;1mk[0m|[0;1mr[0m|| 1
[32;1m[Board] [0m   -------------------
[32;1m[Board] [0m     a b c d e f g h
[32;1m[Board] [0m
[32;1m[Referee] [0mThis is the turn of the Black player...
Chess engine starting...
Hash OK after replay.
move played: e4c3
in coordinates: from (4,4) to (5,2)
[32;1m[Game] [0mPlayer's error code: 256
[32;1m[Game] [0mChecking move validity...
[32;1m[Board] [0mInitializing board (size: 8)...
[32;1m[Board] [0m32 piece(s) on board.
[32;1m[Board] [0mLoading history file `championship/o-of-yes-chess-engine3/history.csv`...
[32;1m[Board] [0mLoaded 7 move(s).
[32;1m[Board] [0mHistory replayed, 31 piece(s) on board.
[32;1m[Board] [0mLoading move file `championship/o-of-yes-chess-engine3/move.csv`...
[32;1m[Board] [0mBlack player is playing e4 to c3.
[32;1m[Board] [0m[5;1mBlack Knight is taking White Knight.[0m
[32;1m[Board] [0m
[32;1m[Board] [0m     a b c d e f g h
[32;1m[Board] [0m   -------------------
[32;1m[Board] [0m 8 ||[30;1mr[0m|[30;1mk[0m|[30;1mb[0m|[30;1mQ[0m|[30;1mK[0m|[30;1mb[0m|[7;1m [0m|[30;1mr[0m|| 8
[32;1m[Board] [0m   -------------------
[32;1m[Board] [0m 7 ||[30;1mp[0m|[30;1mp[0m|[30;1mp[0m|[7;1m [0m|[30;1mp[0m|[30;1mp[0m|[30;1mp[0m|[30;1mp[0m|| 7
[32;1m[Board] [0m   -------------------
[32;1m[Board] [0m 6 ||[7;1m [0m| |[7;1m [0m| |[7;1m [0m| |[7;1m [0m| || 6
[32;1m[Board] [0m   -------------------
[32;1m[Board] [0m 5 || |[7;1m [0m| |[30;1mp[0m| |[7;1m [0m| |[7;1m [0m|| 5
[32;1m[Board] [0m   -------------------
[32;1m[Board] [0m 4 ||[7;1m [0m| |[7;1m [0m|[0;1mp[0m|[7;1m [0m| |[7;1m [0m| || 4
[32;1m[Board] [0m   -------------------
[32;1m[Board] [0m 3 || |[7;1m [0m|[30;1mk[0m|[7;1m [0m| |[0;1mQ[0m| |[7;1m [0m|| 3
[32;1m[Board] [0m   -------------------
[32;1m[Board] [0m 2 ||[0;1mp[0m|[0;1mp[0m|[0;1mp[0m| |[7;1m [0m|[0;1mp[0m|[0;1mp[0m|[0;1mp[0m|| 2
[32;1m[Board] [0m   -------------------
[32;1m[Board] [0m 1 ||[0;1mr[0m|[7;1m [0m|[0;1mb[0m|[7;1m [0m|[0;1mK[0m|[0;1mb[0m|[0;1mk[0m|[0;1mr[0m|| 1
[32;1m[Board] [0m   -------------------
[32;1m[Board] [0m     a b c d e f g h
[32;1m[Board] [0m
[32;1m[Referee] [0mThis is the turn of the White player...
Setup Overhead:0.011565
Move made
Move made
Move made
Move made
Move made
Move made
Move made
Move made
8  bRbNbBbQbKbB. bR
7  bPbPbP. bPbPbPbP
6  . . . . . . . . 
5  . . . bP. . . . 
4  . . . wP. . . . 
3  . . bN. . wQ. . 
2  wPwPwP. . wPwPwP
1  wR. wB. wKwBwNwR

   A B C D E F G H 
  Side:    White
  En passant:    None
  Castling rights:    
wK  wQ  bK  bQ 
Middle Game Positional Score: -447
End Game Positional Score: -337
Phase: 23
Total Score: -442
Fifty Move Counter: 0
Captured Piece Type: wN
Depth 1 best move: 1051313best index: 1
Depth time: 0.072055ms
Depth 2 best move: 1051313best index: 0
Depth time: 0.287213ms
Depth 3 best move: 1051313best index: 0
Depth time: 2.42125ms
Depth 4 best move: 1051313best index: 0
Depth time: 10.4414ms
Depth 5 best move: 1051313best index: 0
Depth time: 79.635ms
Depth 6 best move: 1051313best index: 0
Depth time: 436.751ms
Depth 7 best move: 1051313best index: 0
Depth time: 2777.24ms
Played move: b2c3
8  bRbNbBbQbKbB. bR
7  bPbPbP. bPbPbPbP
6  . . . . . . . . 
5  . . . bP. . . . 
4  . . . wP. . . . 
3  . . wP. . wQ. . 
2  wP. wP. . wPwPwP
1  wR. wB. wKwBwNwR

   A B C D E F G H 
  Side:    Black
  En passant:    None
  Castling rights:    
wK  wQ  bK  bQ 
Middle Game Positional Score: -76
End Game Positional Score: -60
Phase: 22
Total Score: -74
Fifty Move Counter: 0
Captured Piece Type: bN
[32;1m[Game] [0mPlayer's error code: 0
[32;1m[Game] [0mChecking move validity...
[32;1m[Board] [0mInitializing board (size: 8)...
[32;1m[Board] [0m32 piece(s) on board.
[32;1m[Board] [0mLoading history file `championship/o-of-yes-chess-engine3/history.csv`...
[32;1m[Board] [0mLoaded 8 move(s).
[32;1m[Board] [0mHistory replayed, 30 piece(s) on board.
[32;1m[Board] [0mLoading move file `championship/o-of-yes-chess-engine3/move.csv`...
[32;1m[Board] [0mWhite player is playing b2 to c3.
[32;1m[Board] [0m[5;1mWhite Pawn is taking Black Knight.[0m
[32;1m[Board] [0m
[32;1m[Board] [0m     a b c d e f g h
[32;1m[Board] [0m   -------------------
[32;1m[Board] [0m 8 ||[30;1mr[0m|[30;1mk[0m|[30;1mb[0m|[30;1mQ[0m|[30;1mK[0m|[30;1mb[0m|[7;1m [0m|[30;1mr[0m|| 8
[32;1m[Board] [0m   -------------------
[32;1m[Board] [0m 7 ||[30;1mp[0m|[30;1mp[0m|[30;1mp[0m|[7;1m [0m|[30;1mp[0m|[30;1mp[0m|[30;1mp[0m|[30;1mp[0m|| 7
[32;1m[Board] [0m   -------------------
[32;1m[Board] [0m 6 ||[7;1m [0m| |[7;1m [0m| |[7;1m [0m| |[7;1m [0m| || 6
[32;1m[Board] [0m   -------------------
[32;1m[Board] [0m 5 || |[7;1m [0m| |[30;1mp[0m| |[7;1m [0m| |[7;1m [0m|| 5
[32;1m[Board] [0m   -------------------
[32;1m[Board] [0m 4 ||[7;1m [0m| |[7;1m [0m|[0;1mp[0m|[7;1m [0m| |[7;1m [0m| || 4
[32;1m[Board] [0m   -------------------
[32;1m[Board] [0m 3 || |[7;1m [0m|[0;1mp[0m|[7;1m [0m| |[0;1mQ[0m| |[7;1m [0m|| 3
[32;1m[Board] [0m   -------------------
[32;1m[Board] [0m 2 ||[0;1mp[0m| |[0;1mp[0m| |[7;1m [0m|[0;1mp[0m|[0;1mp[0m|[0;1mp[0m|| 2
[32;1m[Board] [0m   -------------------
[32;1m[Board] [0m 1 ||[0;1mr[0m|[7;1m [0m|[0;1mb[0m|[7;1m [0m|[0;1mK[0m|[0;1mb[0m|[0;1mk[0m|[0;1mr[0m|| 1
[32;1m[Board] [0m   -------------------
[32;1m[Board] [0m     a b c d e f g h
[32;1m[Board] [0m
[32;1m[Referee] [0mThis is the turn of the Black player...
Chess engine starting...
Hash OK after replay.
move played: b8c6
in coordinates: from (0,1) to (2,2)
[32;1m[Game] [0mPlayer's error code: 256
[32;1m[Game] [0mChecking move validity...
[32;1m[Board] [0mInitializing board (size: 8)...
[32;1m[Board] [0m32 piece(s) on board.
[32;1m[Board] [0mLoading history file `championship/o-of-yes-chess-engine3/history.csv`...
[32;1m[Board] [0mLoaded 9 move(s).
[32;1m[Board] [0mHistory replayed, 29 piece(s) on board.
[32;1m[Board] [0mLoading move file `championship/o-of-yes-chess-engine3/move.csv`...
[32;1m[Board] [0mBlack player is playing b8 to c6.
[32;1m[Board] [0m
[32;1m[Board] [0m     a b c d e f g h
[32;1m[Board] [0m   -------------------
[32;1m[Board] [0m 8 ||[30;1mr[0m| |[30;1mb[0m|[30;1mQ[0m|[30;1mK[0m|[30;1mb[0m|[7;1m [0m|[30;1mr[0m|| 8
[32;1m[Board] [0m   -------------------
[32;1m[Board] [0m 7 ||[30;1mp[0m|[30;1mp[0m|[30;1mp[0m|[7;1m [0m|[30;1mp[0m|[30;1mp[0m|[30;1mp[0m|[30;1mp[0m|| 7
[32;1m[Board] [0m   -------------------
[32;1m[Board] [0m 6 ||[7;1m [0m| |[30;1mk[0m| |[7;1m [0m| |[7;1m [0m| || 6
[32;1m[Board] [0m   -------------------
[32;1m[Board] [0m 5 || |[7;1m [0m| |[30;1mp[0m| |[7;1m [0m| |[7;1m [0m|| 5
[32;1m[Board] [0m   -------------------
[32;1m[Board] [0m 4 ||[7;1m [0m| |[7;1m [0m|[0;1mp[0m|[7;1m [0m| |[7;1m [0m| || 4
[32;1m[Board] [0m   -------------------
[32;1m[Board] [0m 3 || |[7;1m [0m|[0;1mp[0m|[7;1m [0m| |[0;1mQ[0m| |[7;1m [0m|| 3
[32;1m[Board] [0m   -------------------
[32;1m[Board] [0m 2 ||[0;1mp[0m| |[0;1mp[0m| |[7;1m [0m|[0;1mp[0m|[0;1mp[0m|[0;1mp[0m|| 2
[32;1m[Board] [0m   -------------------
[32;1m[Board] [0m 1 ||[0;1mr[0m|[7;1m [0m|[0;1mb[0m|[7;1m [0m|[0;1mK[0m|[0;1mb[0m|[0;1mk[0m|[0;1mr[0m|| 1
[32;1m[Board] [0m   -------------------
[32;1m[Board] [0m     a b c d e f g h
[32;1m[Board] [0m
[32;1m[Referee] [0mThis is the turn of the White player...
Setup Overhead:0.007853
Move made
Move made
Move made
Move made
Move made
Move made
Move made
Move made
Move made
Move made
8  bR. bBbQbKbB. bR
7  bPbPbP. bPbPbPbP
6  . . bN. . . . . 
5  . . . bP. . . . 
4  . . . wP. . . . 
3  . . wP. . wQ. . 
2  wP. wP. . wPwPwP
1  wR. wB. wKwBwNwR

   A B C D E F G H 
  Side:    White
  En passant:    None
  Castling rights:    
wK  wQ  bK  bQ 
Middle Game Positional Score: -109
End Game Positional Score: -110
Phase: 22
Total Score: -109
Fifty Move Counter: 1
Captured Piece Type: --
Depth 1 best move: 1066733best index: 2
Depth time: 0.068901ms
Depth 2 best move: 9853best index: 17
Depth time: 0.485399ms
Depth 3 best move: 15992best index: 21
Depth time: 8.14032ms
Depth 4 best move: 9853best index: 21
Depth time: 34.1776ms
Depth 5 best move: 7166best index: 7
Depth time: 227.22ms
Depth 6 best move: 10618best index: 11
Depth time: 1087.45ms
Depth 7 best move: 10618best index: 0
Depth time: 5443.83ms
Played move: c1f4
8  bR. bBbQbKbB. bR
7  bPbPbP. bPbPbPbP
6  . . bN. . . . . 
5  . . . bP. . . . 
4  . . . wP. wB. . 
3  . . wP. . wQ. . 
2  wP. wP. . wPwPwP
1  wR. . . wKwBwNwR

   A B C D E F G H 
  Side:    Black
  En passant:    None
  Castling rights:    
wK  wQ  bK  bQ 
Middle Game Positional Score: -83
End Game Positional Score: -77
Phase: 22
Total Score: -82
Fifty Move Counter: 2
Captured Piece Type: --
[32;1m[Game] [0mPlayer's error code: 0
[32;1m[Game] [0mChecking move validity...
[32;1m[Board] [0mInitializing board (size: 8)...
[32;1m[Board] [0m32 piece(s) on board.
[32;1m[Board] [0mLoading history file `championship/o-of-yes-chess-engine3/history.csv`...
[32;1m[Board] [0mLoaded 10 move(s).
[32;1m[Board] [0mHistory replayed, 29 piece(s) on board.
[32;1m[Board] [0mLoading move file `championship/o-of-yes-chess-engine3/move.csv`...
[32;1m[Board] [0mWhite player is playing c1 to f4.
[32;1m[Board] [0m
[32;1m[Board] [0m     a b c d e f g h
[32;1m[Board] [0m   -------------------
[32;1m[Board] [0m 8 ||[30;1mr[0m| |[30;1mb[0m|[30;1mQ[0m|[30;1mK[0m|[30;1mb[0m|[7;1m [0m|[30;1mr[0m|| 8
[32;1m[Board] [0m   -------------------
[32;1m[Board] [0m 7 ||[30;1mp[0m|[30;1mp[0m|[30;1mp[0m|[7;1m [0m|[30;1mp[0m|[30;1mp[0m|[30;1mp[0m|[30;1mp[0m|| 7
[32;1m[Board] [0m   -------------------
[32;1m[Board] [0m 6 ||[7;1m [0m| |[30;1mk[0m| |[7;1m [0m| |[7;1m [0m| || 6
[32;1m[Board] [0m   -------------------
[32;1m[Board] [0m 5 || |[7;1m [0m| |[30;1mp[0m| |[7;1m [0m| |[7;1m [0m|| 5
[32;1m[Board] [0m   -------------------
[32;1m[Board] [0m 4 ||[7;1m [0m| |[7;1m [0m|[0;1mp[0m|[7;1m [0m|[0;1mb[0m|[7;1m [0m| || 4
[32;1m[Board] [0m   -------------------
[32;1m[Board] [0m 3 || |[7;1m [0m|[0;1mp[0m|[7;1m [0m| |[0;1mQ[0m| |[7;1m [0m|| 3
[32;1m[Board] [0m   -------------------
[32;1m[Board] [0m 2 ||[0;1mp[0m| |[0;1mp[0m| |[7;1m [0m|[0;1mp[0m|[0;1mp[0m|[0;1mp[0m|| 2
[32;1m[Board] [0m   -------------------
[32;1m[Board] [0m 1 ||[0;1mr[0m|[7;1m [0m| |[7;1m [0m|[0;1mK[0m|[0;1mb[0m|[0;1mk[0m|[0;1mr[0m|| 1
[32;1m[Board] [0m   -------------------
[32;1m[Board] [0m     a b c d e f g h
[32;1m[Board] [0m
[32;1m[Referee] [0mThis is the turn of the Black player...
Chess engine starting...
Hash OK after replay.
move played: e7e6
in coordinates: from (1,4) to (2,4)
[32;1m[Game] [0mPlayer's error code: 256
[32;1m[Game] [0mChecking move validity...
[32;1m[Board] [0mInitializing board (size: 8)...
[32;1m[Board] [0m32 piece(s) on board.
[32;1m[Board] [0mLoading history file `championship/o-of-yes-chess-engine3/history.csv`...
[32;1m[Board] [0mLoaded 11 move(s).
[32;1m[Board] [0mHistory replayed, 29 piece(s) on board.
[32;1m[Board] [0mLoading move file `championship/o-of-yes-chess-engine3/move.csv`...
[32;1m[Board] [0mBlack player is playing e7 to e6.
[32;1m[Board] [0m
[32;1m[Board] [0m     a b c d e f g h
[32;1m[Board] [0m   -------------------
[32;1m[Board] [0m 8 ||[30;1mr[0m| |[30;1mb[0m|[30;1mQ[0m|[30;1mK[0m|[30;1mb[0m|[7;1m [0m|[30;1mr[0m|| 8
[32;1m[Board] [0m   -------------------
[32;1m[Board] [0m 7 ||[30;1mp[0m|[30;1mp[0m|[30;1mp[0m|[7;1m [0m| |[30;1mp[0m|[30;1mp[0m|[30;1mp[0m|| 7
[32;1m[Board] [0m   -------------------
[32;1m[Board] [0m 6 ||[7;1m [0m| |[30;1mk[0m| |[30;1mp[0m| |[7;1m [0m| || 6
[32;1m[Board] [0m   -------------------
[32;1m[Board] [0m 5 || |[7;1m [0m| |[30;1mp[0m| |[7;1m [0m| |[7;1m [0m|| 5
[32;1m[Board] [0m   -------------------
[32;1m[Board] [0m 4 ||[7;1m [0m| |[7;1m [0m|[0;1mp[0m|[7;1m [0m|[0;1mb[0m|[7;1m [0m| || 4
[32;1m[Board] [0m   -------------------
[32;1m[Board] [0m 3 || |[7;1m [0m|[0;1mp[0m|[7;1m [0m| |[0;1mQ[0m| |[7;1m [0m|| 3
[32;1m[Board] [0m   -------------------
[32;1m[Board] [0m 2 ||[0;1mp[0m| |[0;1mp[0m| |[7;1m [0m|[0;1mp[0m|[0;1mp[0m|[0;1mp[0m|| 2
[32;1m[Board] [0m   -------------------
[32;1m[Board] [0m 1 ||[0;1mr[0m|[7;1m [0m| |[7;1m [0m|[0;1mK[0m|[0;1mb[0m|[0;1mk[0m|[0;1mr[0m|| 1
[32;1m[Board] [0m   -------------------
[32;1m[Board] [0m     a b c d e f g h
[32;1m[Board] [0m
[32;1m[Referee] [0mThis is the turn of the White player...
Setup Overhead:0.006911
Move made
Move made
Move made
Move made
Move made
Move made
Move made
Move made
Move made
Move made
Move made
Move made
8  bR. bBbQbKbB. bR
7  bPbPbP. . bPbPbP
6  . . bN. bP. . . 
5  . . . bP. . . . 
4  . . . wP. wB. . 
3  . . wP. . wQ. . 
2  wP. wP. . wPwPwP
1  wR. . . wKwBwNwR

   A B C D E F G H 
  Side:    White
  En passant:    None
  Castling rights:    
wK  wQ  bK  bQ 
Middle Game Positional Score: -101
End Game Positional Score: -64
Phase: 22
Total Score: -97
Fifty Move Counter: 0
Captured Piece Type: --
Depth 1 best move: 1066733best index: 2
Depth time: 0.071403ms
Depth 2 best move: 9853best index: 19
Depth time: 3.9613ms
Depth 3 best move: 15992best index: 23
Depth time: 8.24705ms
Depth 4 best move: 9853best index: 23
Depth time: 81.061ms
Depth 5 best move: 19373best index: 32
Depth time: 207.786ms
Depth 6 best move: 9853best index: 32
Depth time: 1278.08ms
Depth 7 best move: 19373best index: 32
Depth time: 6644.67ms
Played move: f3g3
8  bR. bBbQbKbB. bR
7  bPbPbP. . bPbPbP
6  . . bN. bP. . . 
5  . . . bP. . . . 
4  . . . wP. wB. . 
3  . . wP. . . wQ. 
2  wP. wP. . wPwPwP
1  wR. . . wKwBwNwR

   A B C D E F G H 
  Side:    Black
  En passant:    None
  Castling rights:    
wK  wQ  bK  bQ 
Middle Game Positional Score: -89
End Game Positional Score: -71
Phase: 22
Total Score: -87
Fifty Move Counter: 1
Captured Piece Type: --
[32;1m[Game] [0mPlayer's error code: 0
[32;1m[Game] [0mChecking move validity...
[32;1m[Board] [0mInitializing board (size: 8)...
[32;1m[Board] [0m32 piece(s) on board.
[32;1m[Board] [0mLoading history file `championship/o-of-yes-chess-engine3/history.csv`...
[32;1m[Board] [0mLoaded 12 move(s).
[32;1m[Board] [0mHistory replayed, 29 piece(s) on board.
[32;1m[Board] [0mLoading move file `championship/o-of-yes-chess-engine3/move.csv`...
[32;1m[Board] [0mWhite player is playing f3 to g3.
[32;1m[Board] [0m
[32;1m[Board] [0m     a b c d e f g h
[32;1m[Board] [0m   -------------------
[32;1m[Board] [0m 8 ||[30;1mr[0m| |[30;1mb[0m|[30;1mQ[0m|[30;1mK[0m|[30;1mb[0m|[7;1m [0m|[30;1mr[0m|| 8
[32;1m[Board] [0m   -------------------
[32;1m[Board] [0m 7 ||[30;1mp[0m|[30;1mp[0m|[30;1mp[0m|[7;1m [0m| |[30;1mp[0m|[30;1mp[0m|[30;1mp[0m|| 7
[32;1m[Board] [0m   -------------------
[32;1m[Board] [0m 6 ||[7;1m [0m| |[30;1mk[0m| |[30;1mp[0m| |[7;1m [0m| || 6
[32;1m[Board] [0m   -------------------
[32;1m[Board] [0m 5 || |[7;1m [0m| |[30;1mp[0m| |[7;1m [0m| |[7;1m [0m|| 5
[32;1m[Board] [0m   -------------------
[32;1m[Board] [0m 4 ||[7;1m [0m| |[7;1m [0m|[0;1mp[0m|[7;1m [0m|[0;1mb[0m|[7;1m [0m| || 4
[32;1m[Board] [0m   -------------------
[32;1m[Board] [0m 3 || |[7;1m [0m|[0;1mp[0m|[7;1m [0m| |[7;1m [0m|[0;1mQ[0m|[7;1m [0m|| 3
[32;1m[Board] [0m   -------------------
[32;1m[Board] [0m 2 ||[0;1mp[0m| |[0;1mp[0m| |[7;1m [0m|[0;1mp[0m|[0;1mp[0m|[0;1mp[0m|| 2
[32;1m[Board] [0m   -------------------
[32;1m[Board] [0m 1 ||[0;1mr[0m|[7;1m [0m| |[7;1m [0m|[0;1mK[0m|[0;1mb[0m|[0;1mk[0m|[0;1mr[0m|| 1
[32;1m[Board] [0m   -------------------
[32;1m[Board] [0m     a b c d e f g h
[32;1m[Board] [0m
[32;1m[Referee] [0mThis is the turn of the Black player...
Chess engine starting...
Hash OK after replay.
move played: e8d7
in coordinates: from (0,4) to (1,3)
[32;1m[Game] [0mPlayer's error code: 256
[32;1m[Game] [0mChecking move validity...
[32;1m[Board] [0mInitializing board (size: 8)...
[32;1m[Board] [0m32 piece(s) on board.
[32;1m[Board] [0mLoading history file `championship/o-of-yes-chess-engine3/history.csv`...
[32;1m[Board] [0mLoaded 13 move(s).
[32;1m[Board] [0mHistory replayed, 29 piece(s) on board.
[32;1m[Board] [0mLoading move file `championship/o-of-yes-chess-engine3/move.csv`...
[32;1m[Board] [0mBlack player is playing e8 to d7.
[32;1m[Board] [0m
[32;1m[Board] [0m     a b c d e f g h
[32;1m[Board] [0m   -------------------
[32;1m[Board] [0m 8 ||[30;1mr[0m| |[30;1mb[0m|[30;1mQ[0m|[7;1m [0m|[30;1mb[0m|[7;1m [0m|[30;1mr[0m|| 8
[32;1m[Board] [0m   -------------------
[32;1m[Board] [0m 7 ||[30;1mp[0m|[30;1mp[0m|[30;1mp[0m|[30;1mK[0m| |[30;1mp[0m|[30;1mp[0m|[30;1mp[0m|| 7
[32;1m[Board] [0m   -------------------
[32;1m[Board] [0m 6 ||[7;1m [0m| |[30;1mk[0m| |[30;1mp[0m| |[7;1m [0m| || 6
[32;1m[Board] [0m   -------------------
[32;1m[Board] [0m 5 || |[7;1m [0m| |[30;1mp[0m| |[7;1m [0m| |[7;1m [0m|| 5
[32;1m[Board] [0m   -------------------
[32;1m[Board] [0m 4 ||[7;1m [0m| |[7;1m [0m|[0;1mp[0m|[7;1m [0m|[0;1mb[0m|[7;1m [0m| || 4
[32;1m[Board] [0m   -------------------
[32;1m[Board] [0m 3 || |[7;1m [0m|[0;1mp[0m|[7;1m [0m| |[7;1m [0m|[0;1mQ[0m|[7;1m [0m|| 3
[32;1m[Board] [0m   -------------------
[32;1m[Board] [0m 2 ||[0;1mp[0m| |[0;1mp[0m| |[7;1m [0m|[0;1mp[0m|[0;1mp[0m|[0;1mp[0m|| 2
[32;1m[Board] [0m   -------------------
[32;1m[Board] [0m 1 ||[0;1mr[0m|[7;1m [0m| |[7;1m [0m|[0;1mK[0m|[0;1mb[0m|[0;1mk[0m|[0;1mr[0m|| 1
[32;1m[Board] [0m   -------------------
[32;1m[Board] [0m     a b c d e f g h
[32;1m[Board] [0m
[32;1m[Referee] [0mThis is the turn of the White player...
Setup Overhead:0.006059
Move made
Move made
Move made
Move made
Move made
Move made
Move made
Move made
Move made
Move made
Move made
Move made
Move made
Move made
8  bR. bBbQ. bB. bR
7  bPbPbPbK. bPbPbP
6  . . bN. bP. . . 
5  . . . bP. . . . 
4  . . . wP. wB. . 
3  . . wP. . . wQ. 
2  wP. wP. . wPwPwP
1  wR. . . wKwBwNwR

   A B C D E F G H 
  Side:    White
  En passant:    None
  Castling rights:    
wK  wQ  .  . 
Middle Game Positional Score: -17
End Game Positional Score: -112
Phase: 22
Total Score: -24
Fifty Move Counter: 2
Captured Piece Type: --
Depth 1 best move: 1065902best index: 2
Depth time: 0.063167ms
Depth 2 best move: 9853best index: 18
Depth time: 0.485223ms
Depth 3 best move: 7038best index: 6
Depth time: 4.41198ms
Depth 4 best move: 7038best index: 0
Depth time: 28.5321ms
Depth 5 best move: 7038best index: 0
Depth time: 168.458ms
Depth 6 best move: 9853best index: 6
Depth time: 1060ms
Depth 7 best move: 7038best index: 6
Depth time: 6992.85ms
Played move: g1f3
8  bR. bBbQ. bB. bR
7  bPbPbPbK. bPbPbP
6  . . bN. bP. . . 
5  . . . bP. . . . 
4  . . . wP. wB. . 
3  . . wP. . wNwQ. 
2  wP. wP. . wPwPwP
1  wR. . . wKwB. wR

   A B C D E F G H 
  Side:    Black
  En passant:    None
  Castling rights:    
wK  wQ  .  . 
Middle Game Positional Score: 19
End Game Positional Score: -65
Phase: 22
Total Score: 12
Fifty Move Counter: 3
Captured Piece Type: --
[32;1m[Game] [0mPlayer's error code: 0
[32;1m[Game] [0mChecking move validity...
[32;1m[Board] [0mInitializing board (size: 8)...
[32;1m[Board] [0m32 piece(s) on board.
[32;1m[Board] [0mLoading history file `championship/o-of-yes-chess-engine3/history.csv`...
[32;1m[Board] [0mLoaded 14 move(s).
[32;1m[Board] [0mHistory replayed, 29 piece(s) on board.
[32;1m[Board] [0mLoading move file `championship/o-of-yes-chess-engine3/move.csv`...
[32;1m[Board] [0mWhite player is playing g1 to f3.
[32;1m[Board] [0m
[32;1m[Board] [0m     a b c d e f g h
[32;1m[Board] [0m   -------------------
[32;1m[Board] [0m 8 ||[30;1mr[0m| |[30;1mb[0m|[30;1mQ[0m|[7;1m [0m|[30;1mb[0m|[7;1m [0m|[30;1mr[0m|| 8
[32;1m[Board] [0m   -------------------
[32;1m[Board] [0m 7 ||[30;1mp[0m|[30;1mp[0m|[30;1mp[0m|[30;1mK[0m| |[30;1mp[0m|[30;1mp[0m|[30;1mp[0m|| 7
[32;1m[Board] [0m   -------------------
[32;1m[Board] [0m 6 ||[7;1m [0m| |[30;1mk[0m| |[30;1mp[0m| |[7;1m [0m| || 6
[32;1m[Board] [0m   -------------------
[32;1m[Board] [0m 5 || |[7;1m [0m| |[30;1mp[0m| |[7;1m [0m| |[7;1m [0m|| 5
[32;1m[Board] [0m   -------------------
[32;1m[Board] [0m 4 ||[7;1m [0m| |[7;1m [0m|[0;1mp[0m|[7;1m [0m|[0;1mb[0m|[7;1m [0m| || 4
[32;1m[Board] [0m   -------------------
[32;1m[Board] [0m 3 || |[7;1m [0m|[0;1mp[0m|[7;1m [0m| |[0;1mk[0m|[0;1mQ[0m|[7;1m [0m|| 3
[32;1m[Board] [0m   -------------------
[32;1m[Board] [0m 2 ||[0;1mp[0m| |[0;1mp[0m| |[7;1m [0m|[0;1mp[0m|[0;1mp[0m|[0;1mp[0m|| 2
[32;1m[Board] [0m   -------------------
[32;1m[Board] [0m 1 ||[0;1mr[0m|[7;1m [0m| |[7;1m [0m|[0;1mK[0m|[0;1mb[0m| |[0;1mr[0m|| 1
[32;1m[Board] [0m   -------------------
[32;1m[Board] [0m     a b c d e f g h
[32;1m[Board] [0m
[32;1m[Referee] [0mThis is the turn of the Black player...
Chess engine starting...
Hash OK after replay.
move played: c6e7
in coordinates: from (2,2) to (1,4)
[32;1m[Game] [0mPlayer's error code: 256
[32;1m[Game] [0mChecking move validity...
[32;1m[Board] [0mInitializing board (size: 8)...
[32;1m[Board] [0m32 piece(s) on board.
[32;1m[Board] [0mLoading history file `championship/o-of-yes-chess-engine3/history.csv`...
[32;1m[Board] [0mLoaded 15 move(s).
[32;1m[Board] [0mHistory replayed, 29 piece(s) on board.
[32;1m[Board] [0mLoading move file `championship/o-of-yes-chess-engine3/move.csv`...
[32;1m[Board] [0mBlack player is playing c6 to e7.
[32;1m[Board] [0m
[32;1m[Board] [0m     a b c d e f g h
[32;1m[Board] [0m   -------------------
[32;1m[Board] [0m 8 ||[30;1mr[0m| |[30;1mb[0m|[30;1mQ[0m|[7;1m [0m|[30;1mb[0m|[7;1m [0m|[30;1mr[0m|| 8
[32;1m[Board] [0m   -------------------
[32;1m[Board] [0m 7 ||[30;1mp[0m|[30;1mp[0m|[30;1mp[0m|[30;1mK[0m|[30;1mk[0m|[30;1mp[0m|[30;1mp[0m|[30;1mp[0m|| 7
[32;1m[Board] [0m   -------------------
[32;1m[Board] [0m 6 ||[7;1m [0m| |[7;1m [0m| |[30;1mp[0m| |[7;1m [0m| || 6
[32;1m[Board] [0m   -------------------
[32;1m[Board] [0m 5 || |[7;1m [0m| |[30;1mp[0m| |[7;1m [0m| |[7;1m [0m|| 5
[32;1m[Board] [0m   -------------------
[32;1m[Board] [0m 4 ||[7;1m [0m| |[7;1m [0m|[0;1mp[0m|[7;1m [0m|[0;1mb[0m|[7;1m [0m| || 4
[32;1m[Board] [0m   -------------------
[32;1m[Board] [0m 3 || |[7;1m [0m|[0;1mp[0m|[7;1m [0m| |[0;1mk[0m|[0;1mQ[0m|[7;1m [0m|| 3
[32;1m[Board] [0m   -------------------
[32;1m[Board] [0m 2 ||[0;1mp[0m| |[0;1mp[0m| |[7;1m [0m|[0;1mp[0m|[0;1mp[0m|[0;1mp[0m|| 2
[32;1m[Board] [0m   -------------------
[32;1m[Board] [0m 1 ||[0;1mr[0m|[7;1m [0m| |[7;1m [0m|[0;1mK[0m|[0;1mb[0m| |[0;1mr[0m|| 1
[32;1m[Board] [0m   -------------------
[32;1m[Board] [0m     a b c d e f g h
[32;1m[Board] [0m
[32;1m[Referee] [0mThis is the turn of the White player...
Setup Overhead:0.006681
Move made
Move made
Move made
Move made
Move made
Move made
Move made
Move made
Move made
Move made
Move made
Move made
Move made
Move made
Move made
Move made
8  bR. bBbQ. bB. bR
7  bPbPbPbKbNbPbPbP
6  . . . . bP. . . 
5  . . . bP. . . . 
4  . . . wP. wB. . 
3  . . wP. . wNwQ. 
2  wP. wP. . wPwPwP
1  wR. . . wKwB. wR

   A B C D E F G H 
  Side:    White
  En passant:    None
  Castling rights:    
wK  wQ  .  . 
Middle Game Positional Score: 32
End Game Positional Score: -64
Phase: 22
Total Score: 24
Fifty Move Counter: 4
Captured Piece Type: --
Depth 1 best move: 1065902best index: 2
Depth time: 0.08031ms
Depth 2 best move: 9853best index: 19
Depth time: 0.368797ms
Depth 3 best move: 10149best index: 14
Depth time: 2.22854ms
Depth 4 best move: 8412860best index: 33
Depth time: 13.0667ms
Depth 5 best move: 6061best index: 6
Depth time: 130.232ms
Depth 6 best move: 16120best index: 25
Depth time: 572.118ms
Depth 7 best move: 6061best index: 25
Depth time: 5938.09ms
Played move: f3g5
8  bR. bBbQ. bB. bR
7  bPbPbPbKbNbPbPbP
6  . . . . bP. . . 
5  . . . bP. . wN. 
4  . . . wP. wB. . 
3  . . wP. . . wQ. 
2  wP. wP. . wPwPwP
1  wR. . . wKwB. wR

   A B C D E F G H 
  Side:    Black
  En passant:    None
  Castling rights:    
wK  wQ  .  . 
Middle Game Positional Score: 33
End Game Positional Score: -53
Phase: 22
Total Score: 25
Fifty Move Counter: 5
Captured Piece Type: --
[32;1m[Game] [0mPlayer's error code: 0
[32;1m[Game] [0mChecking move validity...
[32;1m[Board] [0mInitializing board (size: 8)...
[32;1m[Board] [0m32 piece(s) on board.
[32;1m[Board] [0mLoading history file `championship/o-of-yes-chess-engine3/history.csv`...
[32;1m[Board] [0mLoaded 16 move(s).
[32;1m[Board] [0mHistory replayed, 29 piece(s) on board.
[32;1m[Board] [0mLoading move file `championship/o-of-yes-chess-engine3/move.csv`...
[32;1m[Board] [0mWhite player is playing f3 to g5.
[32;1m[Board] [0m
[32;1m[Board] [0m     a b c d e f g h
[32;1m[Board] [0m   -------------------
[32;1m[Board] [0m 8 ||[30;1mr[0m| |[30;1mb[0m|[30;1mQ[0m|[7;1m [0m|[30;1mb[0m|[7;1m [0m|[30;1mr[0m|| 8
[32;1m[Board] [0m   -------------------
[32;1m[Board] [0m 7 ||[30;1mp[0m|[30;1mp[0m|[30;1mp[0m|[30;1mK[0m|[30;1mk[0m|[30;1mp[0m|[30;1mp[0m|[30;1mp[0m|| 7
[32;1m[Board] [0m   -------------------
[32;1m[Board] [0m 6 ||[7;1m [0m| |[7;1m [0m| |[30;1mp[0m| |[7;1m [0m| || 6
[32;1m[Board] [0m   -------------------
[32;1m[Board] [0m 5 || |[7;1m [0m| |[30;1mp[0m| |[7;1m [0m|[0;1mk[0m|[7;1m [0m|| 5
[32;1m[Board] [0m   -------------------
[32;1m[Board] [0m 4 ||[7;1m [0m| |[7;1m [0m|[0;1mp[0m|[7;1m [0m|[0;1mb[0m|[7;1m [0m| || 4
[32;1m[Board] [0m   -------------------
[32;1m[Board] [0m 3 || |[7;1m [0m|[0;1mp[0m|[7;1m [0m| |[7;1m [0m|[0;1mQ[0m|[7;1m [0m|| 3
[32;1m[Board] [0m   -------------------
[32;1m[Board] [0m 2 ||[0;1mp[0m| |[0;1mp[0m| |[7;1m [0m|[0;1mp[0m|[0;1mp[0m|[0;1mp[0m|| 2
[32;1m[Board] [0m   -------------------
[32;1m[Board] [0m 1 ||[0;1mr[0m|[7;1m [0m| |[7;1m [0m|[0;1mK[0m|[0;1mb[0m| |[0;1mr[0m|| 1
[32;1m[Board] [0m   -------------------
[32;1m[Board] [0m     a b c d e f g h
[32;1m[Board] [0m
[32;1m[Referee] [0mThis is the turn of the Black player...
Chess engine starting...
Hash OK after replay.
move played: e7f5
in coordinates: from (1,4) to (3,5)
[32;1m[Game] [0mPlayer's error code: 256
[32;1m[Game] [0mChecking move validity...
[32;1m[Board] [0mInitializing board (size: 8)...
[32;1m[Board] [0m32 piece(s) on board.
[32;1m[Board] [0mLoading history file `championship/o-of-yes-chess-engine3/history.csv`...
[32;1m[Board] [0mLoaded 17 move(s).
[32;1m[Board] [0mHistory replayed, 29 piece(s) on board.
[32;1m[Board] [0mLoading move file `championship/o-of-yes-chess-engine3/move.csv`...
[32;1m[Board] [0mBlack player is playing e7 to f5.
[32;1m[Board] [0m
[32;1m[Board] [0m     a b c d e f g h
[32;1m[Board] [0m   -------------------
[32;1m[Board] [0m 8 ||[30;1mr[0m| |[30;1mb[0m|[30;1mQ[0m|[7;1m [0m|[30;1mb[0m|[7;1m [0m|[30;1mr[0m|| 8
[32;1m[Board] [0m   -------------------
[32;1m[Board] [0m 7 ||[30;1mp[0m|[30;1mp[0m|[30;1mp[0m|[30;1mK[0m| |[30;1mp[0m|[30;1mp[0m|[30;1mp[0m|| 7
[32;1m[Board] [0m   -------------------
[32;1m[Board] [0m 6 ||[7;1m [0m| |[7;1m [0m| |[30;1mp[0m| |[7;1m [0m| || 6
[32;1m[Board] [0m   -------------------
[32;1m[Board] [0m 5 || |[7;1m [0m| |[30;1mp[0m| |[30;1mk[0m|[0;1mk[0m|[7;1m [0m|| 5
[32;1m[Board] [0m   -------------------
[32;1m[Board] [0m 4 ||[7;1m [0m| |[7;1m [0m|[0;1mp[0m|[7;1m [0m|[0;1mb[0m|[7;1m [0m| || 4
[32;1m[Board] [0m   -------------------
[32;1m[Board] [0m 3 || |[7;1m [0m|[0;1mp[0m|[7;1m [0m| |[7;1m [0m|[0;1mQ[0m|[7;1m [0m|| 3
[32;1m[Board] [0m   -------------------
[32;1m[Board] [0m 2 ||[0;1mp[0m| |[0;1mp[0m| |[7;1m [0m|[0;1mp[0m|[0;1mp[0m|[0;1mp[0m|| 2
[32;1m[Board] [0m   -------------------
[32;1m[Board] [0m 1 ||[0;1mr[0m|[7;1m [0m| |[7;1m [0m|[0;1mK[0m|[0;1mb[0m| |[0;1mr[0m|| 1
[32;1m[Board] [0m   -------------------
[32;1m[Board] [0m     a b c d e f g h
[32;1m[Board] [0m
[32;1m[Referee] [0mThis is the turn of the White player...
Setup Overhead:0.006796
Move made
Move made
Move made
Move made
Move made
Move made
Move made
Move made
Move made
Move made
Move made
Move made
Move made
Move made
Move made
Move made
Move made
Move made
8  bR. bBbQ. bB. bR
7  bPbPbPbK. bPbPbP
6  . . . . bP. . . 
5  . . . bP. bNwN. 
4  . . . wP. wB. . 
3  . . wP. . . wQ. 
2  wP. wP. . wPwPwP
1  wR. . . wKwB. wR

   A B C D E F G H 
  Side:    White
  En passant:    None
  Castling rights:    
wK  wQ  .  . 
Middle Game Positional Score: 13
End Game Positional Score: -72
Phase: 22
Total Score: 5
Fifty Move Counter: 6
Captured Piece Type: --
Depth 1 best move: 1053982best index: 3
Depth time: 0.078037ms
Depth 2 best move: 9853best index: 19
Depth time: 0.388214ms
Depth 3 best move: 19438best index: 32
Depth time: 2.88582ms
Depth 4 best move: 18862best index: 27
Depth time: 14.2531ms
Depth 5 best move: 18862best index: 0
Depth time: 145.69ms
Depth 6 best move: 18862best index: 0
Depth time: 471.939ms
Depth 7 best move: 19438best index: 27
Depth time: 3153.69ms
Played move: g3h3
8  bR. bBbQ. bB. bR
7  bPbPbPbK. bPbPbP
6  . . . . bP. . . 
5  . . . bP. bNwN. 
4  . . . wP. wB. . 
3  . . wP. . . . wQ
2  wP. wP. . wPwPwP
1  wR. . . wKwB. wR

   A B C D E F G H 
  Side:    Black
  En passant:    None
  Castling rights:    
wK  wQ  .  . 
Middle Game Positional Score: 4
End Game Positional Score: -77
Phase: 22
Total Score: -2
Fifty Move Counter: 7
Captured Piece Type: --
[32;1m[Game] [0mPlayer's error code: 0
[32;1m[Game] [0mChecking move validity...
[32;1m[Board] [0mInitializing board (size: 8)...
[32;1m[Board] [0m32 piece(s) on board.
[32;1m[Board] [0mLoading history file `championship/o-of-yes-chess-engine3/history.csv`...
[32;1m[Board] [0mLoaded 18 move(s).
[32;1m[Board] [0mHistory replayed, 29 piece(s) on board.
[32;1m[Board] [0mLoading move file `championship/o-of-yes-chess-engine3/move.csv`...
[32;1m[Board] [0mWhite player is playing g3 to h3.
[32;1m[Board] [0m
[32;1m[Board] [0m     a b c d e f g h
[32;1m[Board] [0m   -------------------
[32;1m[Board] [0m 8 ||[30;1mr[0m| |[30;1mb[0m|[30;1mQ[0m|[7;1m [0m|[30;1mb[0m|[7;1m [0m|[30;1mr[0m|| 8
[32;1m[Board] [0m   -------------------
[32;1m[Board] [0m 7 ||[30;1mp[0m|[30;1mp[0m|[30;1mp[0m|[30;1mK[0m| |[30;1mp[0m|[30;1mp[0m|[30;1mp[0m|| 7
[32;1m[Board] [0m   -------------------
[32;1m[Board] [0m 6 ||[7;1m [0m| |[7;1m [0m| |[30;1mp[0m| |[7;1m [0m| || 6
[32;1m[Board] [0m   -------------------
[32;1m[Board] [0m 5 || |[7;1m [0m| |[30;1mp[0m| |[30;1mk[0m|[0;1mk[0m|[7;1m [0m|| 5
[32;1m[Board] [0m   -------------------
[32;1m[Board] [0m 4 ||[7;1m [0m| |[7;1m [0m|[0;1mp[0m|[7;1m [0m|[0;1mb[0m|[7;1m [0m| || 4
[32;1m[Board] [0m   -------------------
[32;1m[Board] [0m 3 || |[7;1m [0m|[0;1mp[0m|[7;1m [0m| |[7;1m [0m| |[0;1mQ[0m|| 3
[32;1m[Board] [0m   -------------------
[32;1m[Board] [0m 2 ||[0;1mp[0m| |[0;1mp[0m| |[7;1m [0m|[0;1mp[0m|[0;1mp[0m|[0;1mp[0m|| 2
[32;1m[Board] [0m   -------------------
[32;1m[Board] [0m 1 ||[0;1mr[0m|[7;1m [0m| |[7;1m [0m|[0;1mK[0m|[0;1mb[0m| |[0;1mr[0m|| 1
[32;1m[Board] [0m   -------------------
[32;1m[Board] [0m     a b c d e f g h
[32;1m[Board] [0m
[32;1m[Referee] [0mThis is the turn of the Black player...
Chess engine starting...
Hash OK after replay.
move played: d7e7
in coordinates: from (1,3) to (1,4)
[32;1m[Game] [0mPlayer's error code: 256
[32;1m[Game] [0mChecking move validity...
[32;1m[Board] [0mInitializing board (size: 8)...
[32;1m[Board] [0m32 piece(s) on board.
[32;1m[Board] [0mLoading history file `championship/o-of-yes-chess-engine3/history.csv`...
[32;1m[Board] [0mLoaded 19 move(s).
[32;1m[Board] [0mHistory replayed, 29 piece(s) on board.
[32;1m[Board] [0mLoading move file `championship/o-of-yes-chess-engine3/move.csv`...
[32;1m[Board] [0mBlack player is playing d7 to e7.
[32;1m[Board] [0m
[32;1m[Board] [0m     a b c d e f g h
[32;1m[Board] [0m   -------------------
[32;1m[Board] [0m 8 ||[30;1mr[0m| |[30;1mb[0m|[30;1mQ[0m|[7;1m [0m|[30;1mb[0m|[7;1m [0m|[30;1mr[0m|| 8
[32;1m[Board] [0m   -------------------
[32;1m[Board] [0m 7 ||[30;1mp[0m|[30;1mp[0m|[30;1mp[0m|[7;1m [0m|[30;1mK[0m|[30;1mp[0m|[30;1mp[0m|[30;1mp[0m|| 7
[32;1m[Board] [0m   -------------------
[32;1m[Board] [0m 6 ||[7;1m [0m| |[7;1m [0m| |[30;1mp[0m| |[7;1m [0m| || 6
[32;1m[Board] [0m   -------------------
[32;1m[Board] [0m 5 || |[7;1m [0m| |[30;1mp[0m| |[30;1mk[0m|[0;1mk[0m|[7;1m [0m|| 5
[32;1m[Board] [0m   -------------------
[32;1m[Board] [0m 4 ||[7;1m [0m| |[7;1m [0m|[0;1mp[0m|[7;1m [0m|[0;1mb[0m|[7;1m [0m| || 4
[32;1m[Board] [0m   -------------------
[32;1m[Board] [0m 3 || |[7;1m [0m|[0;1mp[0m|[7;1m [0m| |[7;1m [0m| |[0;1mQ[0m|| 3
[32;1m[Board] [0m   -------------------
[32;1m[Board] [0m 2 ||[0;1mp[0m| |[0;1mp[0m| |[7;1m [0m|[0;1mp[0m|[0;1mp[0m|[0;1mp[0m|| 2
[32;1m[Board] [0m   -------------------
[32;1m[Board] [0m 1 ||[0;1mr[0m|[7;1m [0m| |[7;1m [0m|[0;1mK[0m|[0;1mb[0m| |[0;1mr[0m|| 1
[32;1m[Board] [0m   -------------------
[32;1m[Board] [0m     a b c d e f g h
[32;1m[Board] [0m
[32;1m[Referee] [0mThis is the turn of the White player...
Setup Overhead:0.006872
Move made
Move made
Move made
Move made
Move made
Move made
Move made
Move made
Move made
Move made
Move made
Move made
Move made
Move made
Move made
Move made
Move made
Move made
Move made
Move made
8  bR. bBbQ. bB. bR
7  bPbPbP. bKbPbPbP
6  . . . . bP. . . 
5  . . . bP. bNwN. 
4  . . . wP. wB. . 
3  . . wP. . . . wQ
2  wP. wP. . wPwPwP
1  wR. . . wKwB. wR

   A B C D E F G H 
  Side:    White
  En passant:    None
  Castling rights:    
wK  wQ  .  . 
Middle Game Positional Score: -17
End Game Positional Score: -78
Phase: 22
Total Score: -22
Fifty Move Counter: 8
Captured Piece Type: --
Depth 1 best move: 1066863best index: 1
Depth time: 0.074053ms
Depth 2 best move: 16120best index: 25
Depth time: 0.617182ms
Depth 3 best move: 1053662best index: 2
Depth time: 7.36556ms
Depth 4 best move: 11005best index: 21
Depth time: 38.6365ms
Depth 5 best move: 1053662best index: 4
Depth time: 221.511ms
Depth 6 best move: 11005best index: 6
Depth time: 1073.49ms
Depth 7 best move: 1053662best index: 4
Depth time: 5718.9ms
Played move: g5h7
8  bR. bBbQ. bB. bR
7  bPbPbP. bKbPbPwN
6  . . . . bP. . . 
5  . . . bP. bN. . 
4  . . . wP. wB. . 
3  . . wP. . . . wQ
2  wP. wP. . wPwPwP
1  wR. . . wKwB. wR

   A B C D E F G H 
  Side:    Black
  En passant:    None
  Castling rights:    
wK  wQ  .  . 
Middle Game Positional Score: 8
End Game Positional Score: -51
Phase: 22
Total Score: 3
Fifty Move Counter: 0
Captured Piece Type: bP
[32;1m[Game] [0mPlayer's error code: 0
[32;1m[Game] [0mChecking move validity...
[32;1m[Board] [0mInitializing board (size: 8)...
[32;1m[Board] [0m32 piece(s) on board.
[32;1m[Board] [0mLoading history file `championship/o-of-yes-chess-engine3/history.csv`...
[32;1m[Board] [0mLoaded 20 move(s).
[32;1m[Board] [0mHistory replayed, 29 piece(s) on board.
[32;1m[Board] [0mLoading move file `championship/o-of-yes-chess-engine3/move.csv`...
[32;1m[Board] [0mWhite player is playing g5 to h7.
[32;1m[Board] [0m[5;1mWhite Knight is taking Black Pawn.[0m
[32;1m[Board] [0m
[32;1m[Board] [0m     a b c d e f g h
[32;1m[Board] [0m   -------------------
[32;1m[Board] [0m 8 ||[30;1mr[0m| |[30;1mb[0m|[30;1mQ[0m|[7;1m [0m|[30;1mb[0m|[7;1m [0m|[30;1mr[0m|| 8
[32;1m[Board] [0m   -------------------
[32;1m[Board] [0m 7 ||[30;1mp[0m|[30;1mp[0m|[30;1mp[0m|[7;1m [0m|[30;1mK[0m|[30;1mp[0m|[30;1mp[0m|[0;1mk[0m|| 7
[32;1m[Board] [0m   -------------------
[32;1m[Board] [0m 6 ||[7;1m [0m| |[7;1m [0m| |[30;1mp[0m| |[7;1m [0m| || 6
[32;1m[Board] [0m   -------------------
[32;1m[Board] [0m 5 || |[7;1m [0m| |[30;1mp[0m| |[30;1mk[0m| |[7;1m [0m|| 5
[32;1m[Board] [0m   -------------------
[32;1m[Board] [0m 4 ||[7;1m [0m| |[7;1m [0m|[0;1mp[0m|[7;1m [0m|[0;1mb[0m|[7;1m [0m| || 4
[32;1m[Board] [0m   -------------------
[32;1m[Board] [0m 3 || |[7;1m [0m|[0;1mp[0m|[7;1m [0m| |[7;1m [0m| |[0;1mQ[0m|| 3
[32;1m[Board] [0m   -------------------
[32;1m[Board] [0m 2 ||[0;1mp[0m| |[0;1mp[0m| |[7;1m [0m|[0;1mp[0m|[0;1mp[0m|[0;1mp[0m|| 2
[32;1m[Board] [0m   -------------------
[32;1m[Board] [0m 1 ||[0;1mr[0m|[7;1m [0m| |[7;1m [0m|[0;1mK[0m|[0;1mb[0m| |[0;1mr[0m|| 1
[32;1m[Board] [0m   -------------------
[32;1m[Board] [0m     a b c d e f g h
[32;1m[Board] [0m
[32;1m[Referee] [0mThis is the turn of the Black player...
Chess engine starting...
Hash OK after replay.
move played: c8d7
in coordinates: from (0,2) to (1,3)
[32;1m[Game] [0mPlayer's error code: 256
[32;1m[Game] [0mChecking move validity...
[32;1m[Board] [0mInitializing board (size: 8)...
[32;1m[Board] [0m32 piece(s) on board.
[32;1m[Board] [0mLoading history file `championship/o-of-yes-chess-engine3/history.csv`...
[32;1m[Board] [0mLoaded 21 move(s).
[32;1m[Board] [0mHistory replayed, 28 piece(s) on board.
[32;1m[Board] [0mLoading move file `championship/o-of-yes-chess-engine3/move.csv`...
[32;1m[Board] [0mBlack player is playing c8 to d7.
[32;1m[Board] [0m
[32;1m[Board] [0m     a b c d e f g h
[32;1m[Board] [0m   -------------------
[32;1m[Board] [0m 8 ||[30;1mr[0m| |[7;1m [0m|[30;1mQ[0m|[7;1m [0m|[30;1mb[0m|[7;1m [0m|[30;1mr[0m|| 8
[32;1m[Board] [0m   -------------------
[32;1m[Board] [0m 7 ||[30;1mp[0m|[30;1mp[0m|[30;1mp[0m|[30;1mb[0m|[30;1mK[0m|[30;1mp[0m|[30;1mp[0m|[0;1mk[0m|| 7
[32;1m[Board] [0m   -------------------
[32;1m[Board] [0m 6 ||[7;1m [0m| |[7;1m [0m| |[30;1mp[0m| |[7;1m [0m| || 6
[32;1m[Board] [0m   -------------------
[32;1m[Board] [0m 5 || |[7;1m [0m| |[30;1mp[0m| |[30;1mk[0m| |[7;1m [0m|| 5
[32;1m[Board] [0m   -------------------
[32;1m[Board] [0m 4 ||[7;1m [0m| |[7;1m [0m|[0;1mp[0m|[7;1m [0m|[0;1mb[0m|[7;1m [0m| || 4
[32;1m[Board] [0m   -------------------
[32;1m[Board] [0m 3 || |[7;1m [0m|[0;1mp[0m|[7;1m [0m| |[7;1m [0m| |[0;1mQ[0m|| 3
[32;1m[Board] [0m   -------------------
[32;1m[Board] [0m 2 ||[0;1mp[0m| |[0;1mp[0m| |[7;1m [0m|[0;1mp[0m|[0;1mp[0m|[0;1mp[0m|| 2
[32;1m[Board] [0m   -------------------
[32;1m[Board] [0m 1 ||[0;1mr[0m|[7;1m [0m| |[7;1m [0m|[0;1mK[0m|[0;1mb[0m| |[0;1mr[0m|| 1
[32;1m[Board] [0m   -------------------
[32;1m[Board] [0m     a b c d e f g h
[32;1m[Board] [0m
[32;1m[Referee] [0mThis is the turn of the White player...
Setup Overhead:0.009156
Move made
Move made
Move made
Move made
Move made
Move made
Move made
Move made
Move made
Move made
Move made
Move made
Move made
Move made
Move made
Move made
Move made
Move made
Move made
Move made
Move made
Move made
8  bR. . bQ. bB. bR
7  bPbPbPbBbKbPbPwN
6  . . . . bP. . . 
5  . . . bP. bN. . 
4  . . . wP. wB. . 
3  . . wP. . . . wQ
2  wP. wP. . wPwPwP
1  wR. . . wKwB. wR

   A B C D E F G H 
  Side:    White
  En passant:    None
  Castling rights:    
wK  wQ  .  . 
Middle Game Positional Score: -6
End Game Positional Score: -73
Phase: 22
Total Score: -11
Fifty Move Counter: 1
Captured Piece Type: --
Depth 1 best move: 1066863best index: 2
Depth time: 0.089629ms
Depth 2 best move: 10149best index: 13
Depth time: 0.446519ms
Depth 3 best move: 10149best index: 0
Depth time: 2.22858ms
Depth 4 best move: 11005best index: 21
Depth time: 21.2276ms
Depth 5 best move: 11005best index: 0
Depth time: 93.0788ms
Depth 6 best move: 11005best index: 0
Depth time: 773.061ms
Depth 7 best move: 11005best index: 0
Depth time: 4103.24ms
Played move: f1d3
8  bR. . bQ. bB. bR
7  bPbPbPbBbKbPbPwN
6  . . . . bP. . . 
5  . . . bP. bN. . 
4  . . . wP. wB. . 
3  . . wPwB. . . wQ
2  wP. wP. . wPwPwP
1  wR. . . wK. . wR

   A B C D E F G H 
  Side:    Black
  En passant:    None
  Castling rights:    
wK  wQ  .  . 
Middle Game Positional Score: 21
End Game Positional Score: -47
Phase: 22
Total Score: 15
Fifty Move Counter: 2
Captured Piece Type: --
[32;1m[Game] [0mPlayer's error code: 0
[32;1m[Game] [0mChecking move validity...
[32;1m[Board] [0mInitializing board (size: 8)...
[32;1m[Board] [0m32 piece(s) on board.
[32;1m[Board] [0mLoading history file `championship/o-of-yes-chess-engine3/history.csv`...
[32;1m[Board] [0mLoaded 22 move(s).
[32;1m[Board] [0mHistory replayed, 28 piece(s) on board.
[32;1m[Board] [0mLoading move file `championship/o-of-yes-chess-engine3/move.csv`...
[32;1m[Board] [0mWhite player is playing f1 to d3.
[32;1m[Board] [0m
[32;1m[Board] [0m     a b c d e f g h
[32;1m[Board] [0m   -------------------
[32;1m[Board] [0m 8 ||[30;1mr[0m| |[7;1m [0m|[30;1mQ[0m|[7;1m [0m|[30;1mb[0m|[7;1m [0m|[30;1mr[0m|| 8
[32;1m[Board] [0m   -------------------
[32;1m[Board] [0m 7 ||[30;1mp[0m|[30;1mp[0m|[30;1mp[0m|[30;1mb[0m|[30;1mK[0m|[30;1mp[0m|[30;1mp[0m|[0;1mk[0m|| 7
[32;1m[Board] [0m   -------------------
[32;1m[Board] [0m 6 ||[7;1m [0m| |[7;1m [0m| |[30;1mp[0m| |[7;1m [0m| || 6
[32;1m[Board] [0m   -------------------
[32;1m[Board] [0m 5 || |[7;1m [0m| |[30;1mp[0m| |[30;1mk[0m| |[7;1m [0m|| 5
[32;1m[Board] [0m   -------------------
[32;1m[Board] [0m 4 ||[7;1m [0m| |[7;1m [0m|[0;1mp[0m|[7;1m [0m|[0;1mb[0m|[7;1m [0m| || 4
[32;1m[Board] [0m   -------------------
[32;1m[Board] [0m 3 || |[7;1m [0m|[0;1mp[0m|[0;1mb[0m| |[7;1m [0m| |[0;1mQ[0m|| 3
[32;1m[Board] [0m   -------------------
[32;1m[Board] [0m 2 ||[0;1mp[0m| |[0;1mp[0m| |[7;1m [0m|[0;1mp[0m|[0;1mp[0m|[0;1mp[0m|| 2
[32;1m[Board] [0m   -------------------
[32;1m[Board] [0m 1 ||[0;1mr[0m|[7;1m [0m| |[7;1m [0m|[0;1mK[0m|[7;1m [0m| |[0;1mr[0m|| 1
[32;1m[Board] [0m   -------------------
[32;1m[Board] [0m     a b c d e f g h
[32;1m[Board] [0m
[32;1m[Referee] [0mThis is the turn of the Black player...
Chess engine starting...
Hash OK after replay.
move played: a8c8
in coordinates: from (0,0) to (0,2)
[32;1m[Game] [0mPlayer's error code: 256
[32;1m[Game] [0mChecking move validity...
[32;1m[Board] [0mInitializing board (size: 8)...
[32;1m[Board] [0m32 piece(s) on board.
[32;1m[Board] [0mLoading history file `championship/o-of-yes-chess-engine3/history.csv`...
[32;1m[Board] [0mLoaded 23 move(s).
[32;1m[Board] [0mHistory replayed, 28 piece(s) on board.
[32;1m[Board] [0mLoading move file `championship/o-of-yes-chess-engine3/move.csv`...
[32;1m[Board] [0mBlack player is playing a8 to c8.
[32;1m[Board] [0m
[32;1m[Board] [0m     a b c d e f g h
[32;1m[Board] [0m   -------------------
[32;1m[Board] [0m 8 ||[7;1m [0m| |[30;1mr[0m|[30;1mQ[0m|[7;1m [0m|[30;1mb[0m|[7;1m [0m|[30;1mr[0m|| 8
[32;1m[Board] [0m   -------------------
[32;1m[Board] [0m 7 ||[30;1mp[0m|[30;1mp[0m|[30;1mp[0m|[30;1mb[0m|[30;1mK[0m|[30;1mp[0m|[30;1mp[0m|[0;1mk[0m|| 7
[32;1m[Board] [0m   -------------------
[32;1m[Board] [0m 6 ||[7;1m [0m| |[7;1m [0m| |[30;1mp[0m| |[7;1m [0m| || 6
[32;1m[Board] [0m   -------------------
[32;1m[Board] [0m 5 || |[7;1m [0m| |[30;1mp[0m| |[30;1mk[0m| |[7;1m [0m|| 5
[32;1m[Board] [0m   -------------------
[32;1m[Board] [0m 4 ||[7;1m [0m| |[7;1m [0m|[0;1mp[0m|[7;1m [0m|[0;1mb[0m|[7;1m [0m| || 4
[32;1m[Board] [0m   -------------------
[32;1m[Board] [0m 3 || |[7;1m [0m|[0;1mp[0m|[0;1mb[0m| |[7;1m [0m| |[0;1mQ[0m|| 3
[32;1m[Board] [0m   -------------------
[32;1m[Board] [0m 2 ||[0;1mp[0m| |[0;1mp[0m| |[7;1m [0m|[0;1mp[0m|[0;1mp[0m|[0;1mp[0m|| 2
[32;1m[Board] [0m   -------------------
[32;1m[Board] [0m 1 ||[0;1mr[0m|[7;1m [0m| |[7;1m [0m|[0;1mK[0m|[7;1m [0m| |[0;1mr[0m|| 1
[32;1m[Board] [0m   -------------------
[32;1m[Board] [0m     a b c d e f g h
[32;1m[Board] [0m
[32;1m[Referee] [0mThis is the turn of the White player...
Setup Overhead:0.010017
Move made
Move made
Move made
Move made
Move made
Move made
Move made
Move made
Move made
Move made
Move made
Move made
Move made
Move made
Move made
Move made
Move made
Move made
Move made
Move made
Move made
Move made
Move made
Move made
8  . . bRbQ. bB. bR
7  bPbPbPbBbKbPbPwN
6  . . . . bP. . . 
5  . . . bP. bN. . 
4  . . . wP. wB. . 
3  . . wPwB. . . wQ
2  wP. wP. . wPwPwP
1  wR. . . wK. . wR

   A B C D E F G H 
  Side:    White
  En passant:    None
  Castling rights:    
wK  wQ  .  . 
Middle Game Positional Score: 1
End Game Positional Score: -59
Phase: 22
Total Score: -4
Fifty Move Counter: 3
Captured Piece Type: --
Depth 1 best move: 1058667best index: 2
Depth time: 0.098638ms
Depth 2 best move: 1058667best index: 0
Depth time: 3.69675ms
Depth 3 best move: 10149best index: 13
Depth time: 3.12496ms
Depth 4 best move: 10149best index: 0
Depth time: 43.8484ms
Depth 5 best move: 15992best index: 25
Depth time: 202.928ms
Depth 6 best move: 8413116best index: 38
Depth time: 1198.19ms
Depth 7 best move: 1058667best index: 2
Depth time: 4412.71ms
Played move: d3f5
8  . . bRbQ. bB. bR
7  bPbPbPbBbKbPbPwN
6  . . . . bP. . . 
5  . . . bP. wB. . 
4  . . . wP. wB. . 
3  . . wP. . . . wQ
2  wP. wP. . wPwPwP
1  wR. . . wK. . wR

   A B C D E F G H 
  Side:    Black
  En passant:    None
  Castling rights:    
wK  wQ  .  . 
Middle Game Positional Score: 379
End Game Positional Score: 239
Phase: 21
Total Score: 361
Fifty Move Counter: 0
Captured Piece Type: bN
[32;1m[Game] [0mPlayer's error code: 0
[32;1m[Game] [0mChecking move validity...
[32;1m[Board] [0mInitializing board (size: 8)...
[32;1m[Board] [0m32 piece(s) on board.
[32;1m[Board] [0mLoading history file `championship/o-of-yes-chess-engine3/history.csv`...
[32;1m[Board] [0mLoaded 24 move(s).
[32;1m[Board] [0mHistory replayed, 28 piece(s) on board.
[32;1m[Board] [0mLoading move file `championship/o-of-yes-chess-engine3/move.csv`...
[32;1m[Board] [0mWhite player is playing d3 to f5.
[32;1m[Board] [0m[5;1mWhite Bishop is taking Black Knight.[0m
[32;1m[Board] [0m
[32;1m[Board] [0m     a b c d e f g h
[32;1m[Board] [0m   -------------------
[32;1m[Board] [0m 8 ||[7;1m [0m| |[30;1mr[0m|[30;1mQ[0m|[7;1m [0m|[30;1mb[0m|[7;1m [0m|[30;1mr[0m|| 8
[32;1m[Board] [0m   -------------------
[32;1m[Board] [0m 7 ||[30;1mp[0m|[30;1mp[0m|[30;1mp[0m|[30;1mb[0m|[30;1mK[0m|[30;1mp[0m|[30;1mp[0m|[0;1mk[0m|| 7
[32;1m[Board] [0m   -------------------
[32;1m[Board] [0m 6 ||[7;1m [0m| |[7;1m [0m| |[30;1mp[0m| |[7;1m [0m| || 6
[32;1m[Board] [0m   -------------------
[32;1m[Board] [0m 5 || |[7;1m [0m| |[30;1mp[0m| |[0;1mb[0m| |[7;1m [0m|| 5
[32;1m[Board] [0m   -------------------
[32;1m[Board] [0m 4 ||[7;1m [0m| |[7;1m [0m|[0;1mp[0m|[7;1m [0m|[0;1mb[0m|[7;1m [0m| || 4
[32;1m[Board] [0m   -------------------
[32;1m[Board] [0m 3 || |[7;1m [0m|[0;1mp[0m|[7;1m [0m| |[7;1m [0m| |[0;1mQ[0m|| 3
[32;1m[Board] [0m   -------------------
[32;1m[Board] [0m 2 ||[0;1mp[0m| |[0;1mp[0m| |[7;1m [0m|[0;1mp[0m|[0;1mp[0m|[0;1mp[0m|| 2
[32;1m[Board] [0m   -------------------
[32;1m[Board] [0m 1 ||[0;1mr[0m|[7;1m [0m| |[7;1m [0m|[0;1mK[0m|[7;1m [0m| |[0;1mr[0m|| 1
[32;1m[Board] [0m   -------------------
[32;1m[Board] [0m     a b c d e f g h
[32;1m[Board] [0m
[32;1m[Referee] [0mThis is the turn of the Black player...
Chess engine starting...
Hash OK after replay.
move played: e6f5
in coordinates: from (2,4) to (3,5)
[32;1m[Game] [0mPlayer's error code: 256
[32;1m[Game] [0mChecking move validity...
[32;1m[Board] [0mInitializing board (size: 8)...
[32;1m[Board] [0m32 piece(s) on board.
[32;1m[Board] [0mLoading history file `championship/o-of-yes-chess-engine3/history.csv`...
[32;1m[Board] [0mLoaded 25 move(s).
[32;1m[Board] [0mHistory replayed, 27 piece(s) on board.
[32;1m[Board] [0mLoading move file `championship/o-of-yes-chess-engine3/move.csv`...
[32;1m[Board] [0mBlack player is playing e6 to f5.
[32;1m[Board] [0m[5;1mBlack Pawn is taking White Bishop.[0m
[32;1m[Board] [0m
[32;1m[Board] [0m     a b c d e f g h
[32;1m[Board] [0m   -------------------
[32;1m[Board] [0m 8 ||[7;1m [0m| |[30;1mr[0m|[30;1mQ[0m|[7;1m [0m|[30;1mb[0m|[7;1m [0m|[30;1mr[0m|| 8
[32;1m[Board] [0m   -------------------
[32;1m[Board] [0m 7 ||[30;1mp[0m|[30;1mp[0m|[30;1mp[0m|[30;1mb[0m|[30;1mK[0m|[30;1mp[0m|[30;1mp[0m|[0;1mk[0m|| 7
[32;1m[Board] [0m   -------------------
[32;1m[Board] [0m 6 ||[7;1m [0m| |[7;1m [0m| |[7;1m [0m| |[7;1m [0m| || 6
[32;1m[Board] [0m   -------------------
[32;1m[Board] [0m 5 || |[7;1m [0m| |[30;1mp[0m| |[30;1mp[0m| |[7;1m [0m|| 5
[32;1m[Board] [0m   -------------------
[32;1m[Board] [0m 4 ||[7;1m [0m| |[7;1m [0m|[0;1mp[0m|[7;1m [0m|[0;1mb[0m|[7;1m [0m| || 4
[32;1m[Board] [0m   -------------------
[32;1m[Board] [0m 3 || |[7;1m [0m|[0;1mp[0m|[7;1m [0m| |[7;1m [0m| |[0;1mQ[0m|| 3
[32;1m[Board] [0m   -------------------
[32;1m[Board] [0m 2 ||[0;1mp[0m| |[0;1mp[0m| |[7;1m [0m|[0;1mp[0m|[0;1mp[0m|[0;1mp[0m|| 2
[32;1m[Board] [0m   -------------------
[32;1m[Board] [0m 1 ||[0;1mr[0m|[7;1m [0m| |[7;1m [0m|[0;1mK[0m|[7;1m [0m| |[0;1mr[0m|| 1
[32;1m[Board] [0m   -------------------
[32;1m[Board] [0m     a b c d e f g h
[32;1m[Board] [0m
[32;1m[Referee] [0mThis is the turn of the White player...
Setup Overhead:0.006163
Move made
Move made
Move made
Move made
Move made
Move made
Move made
Move made
Move made
Move made
Move made
Move made
Move made
Move made
Move made
Move made
Move made
Move made
Move made
Move made
Move made
Move made
Move made
Move made
Move made
Move made
8  . . bRbQ. bB. bR
7  bPbPbPbBbKbPbPwN
6  . . . . . . . . 
5  . . . bP. bP. . 
4  . . . wP. wB. . 
3  . . wP. . . . wQ
2  wP. wP. . wPwPwP
1  wR. . . wK. . wR

   A B C D E F G H 
  Side:    White
  En passant:    None
  Castling rights:    
wK  wQ  .  . 
Middle Game Positional Score: -26
End Game Positional Score: -60
Phase: 20
Total Score: -31
Fifty Move Counter: 0
Captured Piece Type: wB
Depth 1 best move: 1053007best index: 1
Depth time: 0.092026ms
Depth 2 best move: 19247best index: 29
Depth time: 0.388208ms
Depth 3 best move: 8413116best index: 32
Depth time: 2.69879ms
Depth 4 best move: 8413116best index: 0
Depth time: 15.2126ms
Depth 5 best move: 19247best index: 32
Depth time: 79.9628ms
Depth 6 best move: 19247best index: 0
Depth time: 537.745ms
Depth 7 best move: 15992best index: 18
Depth time: 2837.96ms
Played move: a1b1
8  . . bRbQ. bB. bR
7  bPbPbPbBbKbPbPwN
6  . . . . . . . . 
5  . . . bP. bP. . 
4  . . . wP. wB. . 
3  . . wP. . . . wQ
2  wP. wP. . wPwPwP
1  . wR. . wK. . wR

   A B C D E F G H 
  Side:    Black
  En passant:    None
  Castling rights:    
wK  .  .  . 
Middle Game Positional Score: -20
End Game Positional Score: -49
Phase: 20
Total Score: -24
Fifty Move Counter: 1
Captured Piece Type: --
[32;1m[Game] [0mPlayer's error code: 0
[32;1m[Game] [0mChecking move validity...
[32;1m[Board] [0mInitializing board (size: 8)...
[32;1m[Board] [0m32 piece(s) on board.
[32;1m[Board] [0mLoading history file `championship/o-of-yes-chess-engine3/history.csv`...
[32;1m[Board] [0mLoaded 26 move(s).
[32;1m[Board] [0mHistory replayed, 26 piece(s) on board.
[32;1m[Board] [0mLoading move file `championship/o-of-yes-chess-engine3/move.csv`...
[32;1m[Board] [0mWhite player is playing a1 to b1.
[32;1m[Board] [0m
[32;1m[Board] [0m     a b c d e f g h
[32;1m[Board] [0m   -------------------
[32;1m[Board] [0m 8 ||[7;1m [0m| |[30;1mr[0m|[30;1mQ[0m|[7;1m [0m|[30;1mb[0m|[7;1m [0m|[30;1mr[0m|| 8
[32;1m[Board] [0m   -------------------
[32;1m[Board] [0m 7 ||[30;1mp[0m|[30;1mp[0m|[30;1mp[0m|[30;1mb[0m|[30;1mK[0m|[30;1mp[0m|[30;1mp[0m|[0;1mk[0m|| 7
[32;1m[Board] [0m   -------------------
[32;1m[Board] [0m 6 ||[7;1m [0m| |[7;1m [0m| |[7;1m [0m| |[7;1m [0m| || 6
[32;1m[Board] [0m   -------------------
[32;1m[Board] [0m 5 || |[7;1m [0m| |[30;1mp[0m| |[30;1mp[0m| |[7;1m [0m|| 5
[32;1m[Board] [0m   -------------------
[32;1m[Board] [0m 4 ||[7;1m [0m| |[7;1m [0m|[0;1mp[0m|[7;1m [0m|[0;1mb[0m|[7;1m [0m| || 4
[32;1m[Board] [0m   -------------------
[32;1m[Board] [0m 3 || |[7;1m [0m|[0;1mp[0m|[7;1m [0m| |[7;1m [0m| |[0;1mQ[0m|| 3
[32;1m[Board] [0m   -------------------
[32;1m[Board] [0m 2 ||[0;1mp[0m| |[0;1mp[0m| |[7;1m [0m|[0;1mp[0m|[0;1mp[0m|[0;1mp[0m|| 2
[32;1m[Board] [0m   -------------------
[32;1m[Board] [0m 1 || |[0;1mr[0m| |[7;1m [0m|[0;1mK[0m|[7;1m [0m| |[0;1mr[0m|| 1
[32;1m[Board] [0m   -------------------
[32;1m[Board] [0m     a b c d e f g h
[32;1m[Board] [0m
[32;1m[Referee] [0mThis is the turn of the Black player...
Chess engine starting...
Hash OK after replay.
move played: c8b8
in coordinates: from (0,2) to (0,1)
[32;1m[Game] [0mPlayer's error code: 256
[32;1m[Game] [0mChecking move validity...
[32;1m[Board] [0mInitializing board (size: 8)...
[32;1m[Board] [0m32 piece(s) on board.
[32;1m[Board] [0mLoading history file `championship/o-of-yes-chess-engine3/history.csv`...
[32;1m[Board] [0mLoaded 27 move(s).
[32;1m[Board] [0mHistory replayed, 26 piece(s) on board.
[32;1m[Board] [0mLoading move file `championship/o-of-yes-chess-engine3/move.csv`...
[32;1m[Board] [0mBlack player is playing c8 to b8.
[32;1m[Board] [0m
[32;1m[Board] [0m     a b c d e f g h
[32;1m[Board] [0m   -------------------
[32;1m[Board] [0m 8 ||[7;1m [0m|[30;1mr[0m|[7;1m [0m|[30;1mQ[0m|[7;1m [0m|[30;1mb[0m|[7;1m [0m|[30;1mr[0m|| 8
[32;1m[Board] [0m   -------------------
[32;1m[Board] [0m 7 ||[30;1mp[0m|[30;1mp[0m|[30;1mp[0m|[30;1mb[0m|[30;1mK[0m|[30;1mp[0m|[30;1mp[0m|[0;1mk[0m|| 7
[32;1m[Board] [0m   -------------------
[32;1m[Board] [0m 6 ||[7;1m [0m| |[7;1m [0m| |[7;1m [0m| |[7;1m [0m| || 6
[32;1m[Board] [0m   -------------------
[32;1m[Board] [0m 5 || |[7;1m [0m| |[30;1mp[0m| |[30;1mp[0m| |[7;1m [0m|| 5
[32;1m[Board] [0m   -------------------
[32;1m[Board] [0m 4 ||[7;1m [0m| |[7;1m [0m|[0;1mp[0m|[7;1m [0m|[0;1mb[0m|[7;1m [0m| || 4
[32;1m[Board] [0m   -------------------
[32;1m[Board] [0m 3 || |[7;1m [0m|[0;1mp[0m|[7;1m [0m| |[7;1m [0m| |[0;1mQ[0m|| 3
[32;1m[Board] [0m   -------------------
[32;1m[Board] [0m 2 ||[0;1mp[0m| |[0;1mp[0m| |[7;1m [0m|[0;1mp[0m|[0;1mp[0m|[0;1mp[0m|| 2
[32;1m[Board] [0m   -------------------
[32;1m[Board] [0m 1 || |[0;1mr[0m| |[7;1m [0m|[0;1mK[0m|[7;1m [0m| |[0;1mr[0m|| 1
[32;1m[Board] [0m   -------------------
[32;1m[Board] [0m     a b c d e f g h
[32;1m[Board] [0m
[32;1m[Referee] [0mThis is the turn of the White player...
Setup Overhead:0.006066
Move made
Move made
Move made
Move made
Move made
Move made
Move made
Move made
Move made
Move made
Move made
Move made
Move made
Move made
Move made
Move made
Move made
Move made
Move made
Move made
Move made
Move made
Move made
Move made
Move made
Move made
Move made
Move made
8  . bR. bQ. bB. bR
7  bPbPbPbBbKbPbPwN
6  . . . . . . . . 
5  . . . bP. bP. . 
4  . . . wP. wB. . 
3  . . wP. . . . wQ
2  wP. wP. . wPwPwP
1  . wR. . wK. . wR

   A B C D E F G H 
  Side:    White
  En passant:    None
  Castling rights:    
wK  .  .  . 
Middle Game Positional Score: -6
End Game Positional Score: -48
Phase: 20
Total Score: -13
Fifty Move Counter: 2
Captured Piece Type: --
Depth 1 best move: 1053007best index: 1
Depth time: 0.106589ms
Depth 2 best move: 19247best index: 35
Depth time: 0.459845ms
Depth 3 best move: 8413116best index: 38
Depth time: 2.9254ms
Depth 4 best move: 8413116best index: 0
Depth time: 18.5879ms
Depth 5 best move: 19247best index: 38
Depth time: 106.024ms
Depth 6 best move: 19247best index: 0
Depth time: 727.588ms
Depth 7 best move: 8413116best index: 38
Depth time: 4193.95ms
Played move: e1g1
8  . bR. bQ. bB. bR
7  bPbPbPbBbKbPbPwN
6  . . . . . . . . 
5  . . . bP. bP. . 
4  . . . wP. wB. . 
3  . . wP. . . . wQ
2  wP. wP. . wPwPwP
1  . wR. . . wRwK. 

   A B C D E F G H 
  Side:    Black
  En passant:    None
  Castling rights:    
.  .  .  . 
Middle Game Positional Score: 43
End Game Positional Score: -37
Phase: 20
Total Score: 29
Fifty Move Counter: 3
Captured Piece Type: --
[32;1m[Game] [0mPlayer's error code: 0
[32;1m[Game] [0mChecking move validity...
[32;1m[Board] [0mInitializing board (size: 8)...
[32;1m[Board] [0m32 piece(s) on board.
[32;1m[Board] [0mLoading history file `championship/o-of-yes-chess-engine3/history.csv`...
[32;1m[Board] [0mLoaded 28 move(s).
[32;1m[Board] [0mHistory replayed, 26 piece(s) on board.
[32;1m[Board] [0mLoading move file `championship/o-of-yes-chess-engine3/move.csv`...
[32;1m[Board] [0mWhite player is playing e1 to g1.
[32;1m[Board] [0mWhite player is castling kingside...
[32;1m[Board] [0m
[32;1m[Board] [0m     a b c d e f g h
[32;1m[Board] [0m   -------------------
[32;1m[Board] [0m 8 ||[7;1m [0m|[30;1mr[0m|[7;1m [0m|[30;1mQ[0m|[7;1m [0m|[30;1mb[0m|[7;1m [0m|[30;1mr[0m|| 8
[32;1m[Board] [0m   -------------------
[32;1m[Board] [0m 7 ||[30;1mp[0m|[30;1mp[0m|[30;1mp[0m|[30;1mb[0m|[30;1mK[0m|[30;1mp[0m|[30;1mp[0m|[0;1mk[0m|| 7
[32;1m[Board] [0m   -------------------
[32;1m[Board] [0m 6 ||[7;1m [0m| |[7;1m [0m| |[7;1m [0m| |[7;1m [0m| || 6
[32;1m[Board] [0m   -------------------
[32;1m[Board] [0m 5 || |[7;1m [0m| |[30;1mp[0m| |[30;1mp[0m| |[7;1m [0m|| 5
[32;1m[Board] [0m   -------------------
[32;1m[Board] [0m 4 ||[7;1m [0m| |[7;1m [0m|[0;1mp[0m|[7;1m [0m|[0;1mb[0m|[7;1m [0m| || 4
[32;1m[Board] [0m   -------------------
[32;1m[Board] [0m 3 || |[7;1m [0m|[0;1mp[0m|[7;1m [0m| |[7;1m [0m| |[0;1mQ[0m|| 3
[32;1m[Board] [0m   -------------------
[32;1m[Board] [0m 2 ||[0;1mp[0m| |[0;1mp[0m| |[7;1m [0m|[0;1mp[0m|[0;1mp[0m|[0;1mp[0m|| 2
[32;1m[Board] [0m   -------------------
[32;1m[Board] [0m 1 || |[0;1mr[0m| |[7;1m [0m| |[0;1mr[0m|[0;1mK[0m|[7;1m [0m|| 1
[32;1m[Board] [0m   -------------------
[32;1m[Board] [0m     a b c d e f g h
[32;1m[Board] [0m
[32;1m[Referee] [0mThis is the turn of the Black player...
Chess engine starting...
Hash OK after replay.
move played: f7f6
in coordinates: from (1,5) to (2,5)
[32;1m[Game] [0mPlayer's error code: 256
[32;1m[Game] [0mChecking move validity...
[32;1m[Board] [0mInitializing board (size: 8)...
[32;1m[Board] [0m32 piece(s) on board.
[32;1m[Board] [0mLoading history file `championship/o-of-yes-chess-engine3/history.csv`...
[32;1m[Board] [0mLoaded 29 move(s).
[32;1m[Board] [0mHistory replayed, 26 piece(s) on board.
[32;1m[Board] [0mLoading move file `championship/o-of-yes-chess-engine3/move.csv`...
[32;1m[Board] [0mBlack player is playing f7 to f6.
[32;1m[Board] [0m
[32;1m[Board] [0m     a b c d e f g h
[32;1m[Board] [0m   -------------------
[32;1m[Board] [0m 8 ||[7;1m [0m|[30;1mr[0m|[7;1m [0m|[30;1mQ[0m|[7;1m [0m|[30;1mb[0m|[7;1m [0m|[30;1mr[0m|| 8
[32;1m[Board] [0m   -------------------
[32;1m[Board] [0m 7 ||[30;1mp[0m|[30;1mp[0m|[30;1mp[0m|[30;1mb[0m|[30;1mK[0m|[7;1m [0m|[30;1mp[0m|[0;1mk[0m|| 7
[32;1m[Board] [0m   -------------------
[32;1m[Board] [0m 6 ||[7;1m [0m| |[7;1m [0m| |[7;1m [0m|[30;1mp[0m|[7;1m [0m| || 6
[32;1m[Board] [0m   -------------------
[32;1m[Board] [0m 5 || |[7;1m [0m| |[30;1mp[0m| |[30;1mp[0m| |[7;1m [0m|| 5
[32;1m[Board] [0m   -------------------
[32;1m[Board] [0m 4 ||[7;1m [0m| |[7;1m [0m|[0;1mp[0m|[7;1m [0m|[0;1mb[0m|[7;1m [0m| || 4
[32;1m[Board] [0m   -------------------
[32;1m[Board] [0m 3 || |[7;1m [0m|[0;1mp[0m|[7;1m [0m| |[7;1m [0m| |[0;1mQ[0m|| 3
[32;1m[Board] [0m   -------------------
[32;1m[Board] [0m 2 ||[0;1mp[0m| |[0;1mp[0m| |[7;1m [0m|[0;1mp[0m|[0;1mp[0m|[0;1mp[0m|| 2
[32;1m[Board] [0m   -------------------
[32;1m[Board] [0m 1 || |[0;1mr[0m| |[7;1m [0m| |[0;1mr[0m|[0;1mK[0m|[7;1m [0m|| 1
[32;1m[Board] [0m   -------------------
[32;1m[Board] [0m     a b c d e f g h
[32;1m[Board] [0m
[32;1m[Referee] [0mThis is the turn of the White player...
Setup Overhead:0.010104
Move made
Move made
Move made
Move made
Move made
Move made
Move made
Move made
Move made
Move made
Move made
Move made
Move made
Move made
Move made
Move made
Move made
Move made
Move made
Move made
Move made
Move made
Move made
Move made
Move made
Move made
Move made
Move made
Move made
Move made
8  . bR. bQ. bB. bR
7  bPbPbPbBbK. bPwN
6  . . . . . bP. . 
5  . . . bP. bP. . 
4  . . . wP. wB. . 
3  . . wP. . . . wQ
2  wP. wP. . wPwPwP
1  . wR. . . wRwK. 

   A B C D E F G H 
  Side:    White
  En passant:    None
  Castling rights:    
.  .  .  . 
Middle Game Positional Score: 64
End Game Positional Score: -32
Phase: 20
Total Score: 48
Fifty Move Counter: 0
Captured Piece Type: --
Depth 1 best move: 1053007best index: 1
Depth time: 0.097448ms
Depth 2 best move: 16189best index: 30
Depth time: 0.403387ms
Depth 3 best move: 16189best index: 0
Depth time: 5.7521ms
Depth 4 best move: 19247best index: 37
Depth time: 33.5334ms
Depth 5 best move: 16189best index: 37
Depth time: 314.815ms
Depth 6 best move: 19247best index: 37
Depth time: 870.296ms
Depth 7 best move: 18415best index: 33
Depth time: 4693.28ms
Played move: h3h5
8  . bR. bQ. bB. bR
7  bPbPbPbBbK. bPwN
6  . . . . . bP. . 
5  . . . bP. bP. wQ
4  . . . wP. wB. . 
3  . . wP. . . . . 
2  wP. wP. . wPwPwP
1  . wR. . . wRwK. 

   A B C D E F G H 
  Side:    Black
  En passant:    None
  Castling rights:    
.  .  .  . 
Middle Game Positional Score: 60
End Game Positional Score: -1
Phase: 20
Total Score: 49
Fifty Move Counter: 1
Captured Piece Type: --
[32;1m[Game] [0mPlayer's error code: 0
[32;1m[Game] [0mChecking move validity...
[32;1m[Board] [0mInitializing board (size: 8)...
[32;1m[Board] [0m32 piece(s) on board.
[32;1m[Board] [0mLoading history file `championship/o-of-yes-chess-engine3/history.csv`...
[32;1m[Board] [0mLoaded 30 move(s).
[32;1m[Board] [0mHistory replayed, 26 piece(s) on board.
[32;1m[Board] [0mLoading move file `championship/o-of-yes-chess-engine3/move.csv`...
[32;1m[Board] [0mWhite player is playing h3 to h5.
[32;1m[Board] [0m
[32;1m[Board] [0m     a b c d e f g h
[32;1m[Board] [0m   -------------------
[32;1m[Board] [0m 8 ||[7;1m [0m|[30;1mr[0m|[7;1m [0m|[30;1mQ[0m|[7;1m [0m|[30;1mb[0m|[7;1m [0m|[30;1mr[0m|| 8
[32;1m[Board] [0m   -------------------
[32;1m[Board] [0m 7 ||[30;1mp[0m|[30;1mp[0m|[30;1mp[0m|[30;1mb[0m|[30;1mK[0m|[7;1m [0m|[30;1mp[0m|[0;1mk[0m|| 7
[32;1m[Board] [0m   -------------------
[32;1m[Board] [0m 6 ||[7;1m [0m| |[7;1m [0m| |[7;1m [0m|[30;1mp[0m|[7;1m [0m| || 6
[32;1m[Board] [0m   -------------------
[32;1m[Board] [0m 5 || |[7;1m [0m| |[30;1mp[0m| |[30;1mp[0m| |[0;1mQ[0m|| 5
[32;1m[Board] [0m   -------------------
[32;1m[Board] [0m 4 ||[7;1m [0m| |[7;1m [0m|[0;1mp[0m|[7;1m [0m|[0;1mb[0m|[7;1m [0m| || 4
[32;1m[Board] [0m   -------------------
[32;1m[Board] [0m 3 || |[7;1m [0m|[0;1mp[0m|[7;1m [0m| |[7;1m [0m| |[7;1m [0m|| 3
[32;1m[Board] [0m   -------------------
[32;1m[Board] [0m 2 ||[0;1mp[0m| |[0;1mp[0m| |[7;1m [0m|[0;1mp[0m|[0;1mp[0m|[0;1mp[0m|| 2
[32;1m[Board] [0m   -------------------
[32;1m[Board] [0m 1 || |[0;1mr[0m| |[7;1m [0m| |[0;1mr[0m|[0;1mK[0m|[7;1m [0m|| 1
[32;1m[Board] [0m   -------------------
[32;1m[Board] [0m     a b c d e f g h
[32;1m[Board] [0m
[32;1m[Referee] [0mThis is the turn of the Black player...
Chess engine starting...
Hash OK after replay.
move played: g7g5
in coordinates: from (1,6) to (3,6)
[32;1m[Game] [0mPlayer's error code: 256
[32;1m[Game] [0mChecking move validity...
[32;1m[Board] [0mInitializing board (size: 8)...
[32;1m[Board] [0m32 piece(s) on board.
[32;1m[Board] [0mLoading history file `championship/o-of-yes-chess-engine3/history.csv`...
[32;1m[Board] [0mLoaded 31 move(s).
[32;1m[Board] [0mHistory replayed, 26 piece(s) on board.
[32;1m[Board] [0mLoading move file `championship/o-of-yes-chess-engine3/move.csv`...
[32;1m[Board] [0mBlack player is playing g7 to g5.
[32;1m[Board] [0m
[32;1m[Board] [0m     a b c d e f g h
[32;1m[Board] [0m   -------------------
[32;1m[Board] [0m 8 ||[7;1m [0m|[30;1mr[0m|[7;1m [0m|[30;1mQ[0m|[7;1m [0m|[30;1mb[0m|[7;1m [0m|[30;1mr[0m|| 8
[32;1m[Board] [0m   -------------------
[32;1m[Board] [0m 7 ||[30;1mp[0m|[30;1mp[0m|[30;1mp[0m|[30;1mb[0m|[30;1mK[0m|[7;1m [0m| |[0;1mk[0m|| 7
[32;1m[Board] [0m   -------------------
[32;1m[Board] [0m 6 ||[7;1m [0m| |[7;1m [0m| |[7;1m [0m|[30;1mp[0m|[7;1m [0m| || 6
[32;1m[Board] [0m   -------------------
[32;1m[Board] [0m 5 || |[7;1m [0m| |[30;1mp[0m| |[30;1mp[0m|[30;1mp[0m|[0;1mQ[0m|| 5
[32;1m[Board] [0m   -------------------
[32;1m[Board] [0m 4 ||[7;1m [0m| |[7;1m [0m|[0;1mp[0m|[7;1m [0m|[0;1mb[0m|[7;1m [0m| || 4
[32;1m[Board] [0m   -------------------
[32;1m[Board] [0m 3 || |[7;1m [0m|[0;1mp[0m|[7;1m [0m| |[7;1m [0m| |[7;1m [0m|| 3
[32;1m[Board] [0m   -------------------
[32;1m[Board] [0m 2 ||[0;1mp[0m| |[0;1mp[0m| |[7;1m [0m|[0;1mp[0m|[0;1mp[0m|[0;1mp[0m|| 2
[32;1m[Board] [0m   -------------------
[32;1m[Board] [0m 1 || |[0;1mr[0m| |[7;1m [0m| |[0;1mr[0m|[0;1mK[0m|[7;1m [0m|| 1
[32;1m[Board] [0m   -------------------
[32;1m[Board] [0m     a b c d e f g h
[32;1m[Board] [0m
[32;1m[Referee] [0mThis is the turn of the White player...
Setup Overhead:0.005889
Move made
Move made
Move made
Move made
Move made
Move made
Move made
Move made
Move made
Move made
Move made
Move made
Move made
Move made
Move made
Move made
Move made
Move made
Move made
Move made
Move made
Move made
Move made
Move made
Move made
Move made
Move made
Move made
Move made
Move made
Move made
Move made
8  . bR. bQ. bB. bR
7  bPbPbPbBbK. . wN
6  . . . . . bP. . 
5  . . . bP. bPbPwQ
4  . . . wP. wB. . 
3  . . wP. . . . . 
2  wP. wP. . wPwPwP
1  . wR. . . wRwK. 

   A B C D E F G H 
  Side:    White
  En passant:    g6
  Castling rights:    
.  .  .  . 
Middle Game Positional Score: 88
End Game Positional Score: -2
Phase: 20
Total Score: 73
Fifty Move Counter: 0
Captured Piece Type: --
Depth 1 best move: 1053007best index: 1
Depth time: 0.129229ms
Depth 2 best move: 16189best index: 31
Depth time: 0.422632ms
Depth 3 best move: 16189best index: 0
Depth time: 2.64191ms
Depth 4 best move: 11941best index: 18
Depth time: 10.4149ms
Depth 5 best move: 16189best index: 18
Depth time: 114.122ms
Depth 6 best move: 17823best index: 34
Depth time: 511.697ms
Depth 7 best move: 17823best index: 0
Depth time: 2580.83ms
Played move: h5g6
8  . bR. bQ. bB. bR
7  bPbPbPbBbK. . wN
6  . . . . . bPwQ. 
5  . . . bP. bPbP. 
4  . . . wP. wB. . 
3  . . wP. . . . . 
2  wP. wP. . wPwPwP
1  . wR. . . wRwK. 

   A B C D E F G H 
  Side:    Black
  En passant:    None
  Castling rights:    
.  .  .  . 
Middle Game Positional Score: 134
End Game Positional Score: -19
Phase: 20
Total Score: 108
Fifty Move Counter: 1
Captured Piece Type: --
[32;1m[Game] [0mPlayer's error code: 0
[32;1m[Game] [0mChecking move validity...
[32;1m[Board] [0mInitializing board (size: 8)...
[32;1m[Board] [0m32 piece(s) on board.
[32;1m[Board] [0mLoading history file `championship/o-of-yes-chess-engine3/history.csv`...
[32;1m[Board] [0mLoaded 32 move(s).
[32;1m[Board] [0mHistory replayed, 26 piece(s) on board.
[32;1m[Board] [0mLoading move file `championship/o-of-yes-chess-engine3/move.csv`...
[32;1m[Board] [0mWhite player is playing h5 to g6.
[32;1m[Board] [0m
[32;1m[Board] [0m     a b c d e f g h
[32;1m[Board] [0m   -------------------
[32;1m[Board] [0m 8 ||[7;1m [0m|[30;1mr[0m|[7;1m [0m|[30;1mQ[0m|[7;1m [0m|[30;1mb[0m|[7;1m [0m|[30;1mr[0m|| 8
[32;1m[Board] [0m   -------------------
[32;1m[Board] [0m 7 ||[30;1mp[0m|[30;1mp[0m|[30;1mp[0m|[30;1mb[0m|[30;1mK[0m|[7;1m [0m| |[0;1mk[0m|| 7
[32;1m[Board] [0m   -------------------
[32;1m[Board] [0m 6 ||[7;1m [0m| |[7;1m [0m| |[7;1m [0m|[30;1mp[0m|[0;1mQ[0m| || 6
[32;1m[Board] [0m   -------------------
[32;1m[Board] [0m 5 || |[7;1m [0m| |[30;1mp[0m| |[30;1mp[0m|[30;1mp[0m|[7;1m [0m|| 5
[32;1m[Board] [0m   -------------------
[32;1m[Board] [0m 4 ||[7;1m [0m| |[7;1m [0m|[0;1mp[0m|[7;1m [0m|[0;1mb[0m|[7;1m [0m| || 4
[32;1m[Board] [0m   -------------------
[32;1m[Board] [0m 3 || |[7;1m [0m|[0;1mp[0m|[7;1m [0m| |[7;1m [0m| |[7;1m [0m|| 3
[32;1m[Board] [0m   -------------------
[32;1m[Board] [0m 2 ||[0;1mp[0m| |[0;1mp[0m| |[7;1m [0m|[0;1mp[0m|[0;1mp[0m|[0;1mp[0m|| 2
[32;1m[Board] [0m   -------------------
[32;1m[Board] [0m 1 || |[0;1mr[0m| |[7;1m [0m| |[0;1mr[0m|[0;1mK[0m|[7;1m [0m|| 1
[32;1m[Board] [0m   -------------------
[32;1m[Board] [0m     a b c d e f g h
[32;1m[Board] [0m
[32;1m[Referee] [0mThis is the turn of the Black player...
Chess engine starting...
Hash OK after replay.
move played: g5f4
in coordinates: from (3,6) to (4,5)
[32;1m[Game] [0mPlayer's error code: 256
[32;1m[Game] [0mChecking move validity...
[32;1m[Board] [0mInitializing board (size: 8)...
[32;1m[Board] [0m32 piece(s) on board.
[32;1m[Board] [0mLoading history file `championship/o-of-yes-chess-engine3/history.csv`...
[32;1m[Board] [0mLoaded 33 move(s).
[32;1m[Board] [0mHistory replayed, 26 piece(s) on board.
[32;1m[Board] [0mLoading move file `championship/o-of-yes-chess-engine3/move.csv`...
[32;1m[Board] [0mBlack player is playing g5 to f4.
[32;1m[Board] [0m[5;1mBlack Pawn is taking White Bishop.[0m
[32;1m[Board] [0m
[32;1m[Board] [0m     a b c d e f g h
[32;1m[Board] [0m   -------------------
[32;1m[Board] [0m 8 ||[7;1m [0m|[30;1mr[0m|[7;1m [0m|[30;1mQ[0m|[7;1m [0m|[30;1mb[0m|[7;1m [0m|[30;1mr[0m|| 8
[32;1m[Board] [0m   -------------------
[32;1m[Board] [0m 7 ||[30;1mp[0m|[30;1mp[0m|[30;1mp[0m|[30;1mb[0m|[30;1mK[0m|[7;1m [0m| |[0;1mk[0m|| 7
[32;1m[Board] [0m   -------------------
[32;1m[Board] [0m 6 ||[7;1m [0m| |[7;1m [0m| |[7;1m [0m|[30;1mp[0m|[0;1mQ[0m| || 6
[32;1m[Board] [0m   -------------------
[32;1m[Board] [0m 5 || |[7;1m [0m| |[30;1mp[0m| |[30;1mp[0m| |[7;1m [0m|| 5
[32;1m[Board] [0m   -------------------
[32;1m[Board] [0m 4 ||[7;1m [0m| |[7;1m [0m|[0;1mp[0m|[7;1m [0m|[30;1mp[0m|[7;1m [0m| || 4
[32;1m[Board] [0m   -------------------
[32;1m[Board] [0m 3 || |[7;1m [0m|[0;1mp[0m|[7;1m [0m| |[7;1m [0m| |[7;1m [0m|| 3
[32;1m[Board] [0m   -------------------
[32;1m[Board] [0m 2 ||[0;1mp[0m| |[0;1mp[0m| |[7;1m [0m|[0;1mp[0m|[0;1mp[0m|[0;1mp[0m|| 2
[32;1m[Board] [0m   -------------------
[32;1m[Board] [0m 1 || |[0;1mr[0m| |[7;1m [0m| |[0;1mr[0m|[0;1mK[0m|[7;1m [0m|| 1
[32;1m[Board] [0m   -------------------
[32;1m[Board] [0m     a b c d e f g h
[32;1m[Board] [0m
[32;1m[Referee] [0mThis is the turn of the White player...
Setup Overhead:0.00544
Move made
Move made
Move made
Move made
Move made
Move made
Move made
Move made
Move made
Move made
Move made
Move made
Move made
Move made
Move made
Move made
Move made
Move made
Move made
Move made
Move made
Move made
Move made
Move made
Move made
Move made
Move made
Move made
Move made
Move made
Move made
Move made
Move made
Move made
8  . bR. bQ. bB. bR
7  bPbPbPbBbK. . wN
6  . . . . . bPwQ. 
5  . . . bP. bP. . 
4  . . . wP. bP. . 
3  . . wP. . . . . 
2  wP. wP. . wPwPwP
1  . wR. . . wRwK. 

   A B C D E F G H 
  Side:    White
  En passant:    None
  Castling rights:    
.  .  .  . 
Middle Game Positional Score: -245
End Game Positional Score: -327
Phase: 19
Total Score: -262
Fifty Move Counter: 0
Captured Piece Type: wB
Depth 1 best move: 1053007best index: 1
Depth time: 0.099178ms
Depth 2 best move: 1054031best index: 1
Depth time: 0.260368ms
Depth 3 best move: 1066326best index: 3
Depth time: 2.45856ms
Depth 4 best move: 1066326best index: 0
Depth time: 6.3203ms
Depth 5 best move: 1066326best index: 0
Depth time: 52.7214ms
Depth 6 best move: 1066326best index: 0
Depth time: 185.305ms
Depth 7 best move: 1066326best index: 0
Depth time: 1088.62ms
Depth 8 best move: 1066326best index: 0
Depth time: 4062.27ms
Played move: g6f6
8  . bR. bQ. bB. bR
7  bPbPbPbBbK. . wN
6  . . . . . wQ. . 
5  . . . bP. bP. . 
4  . . . wP. bP. . 
3  . . wP. . . . . 
2  wP. wP. . wPwPwP
1  . wR. . . wRwK. 

   A B C D E F G H 
  Side:    Black
  En passant:    None
  Castling rights:    
.  .  .  . 
Middle Game Positional Score: -151
End Game Positional Score: -222
Phase: 19
Total Score: -165
Fifty Move Counter: 0
Captured Piece Type: bP
[32;1m[Game] [0mPlayer's error code: 0
[32;1m[Game] [0mChecking move validity...
[32;1m[Board] [0mInitializing board (size: 8)...
[32;1m[Board] [0m32 piece(s) on board.
[32;1m[Board] [0mLoading history file `championship/o-of-yes-chess-engine3/history.csv`...
[32;1m[Board] [0mLoaded 34 move(s).
[32;1m[Board] [0mHistory replayed, 25 piece(s) on board.
[32;1m[Board] [0mLoading move file `championship/o-of-yes-chess-engine3/move.csv`...
[32;1m[Board] [0mWhite player is playing g6 to f6.
[32;1m[Board] [0m[5;1mWhite Queen is taking Black Pawn.[0m
[32;1m[Board] [0m
[32;1m[Board] [0m     a b c d e f g h
[32;1m[Board] [0m   -------------------
[32;1m[Board] [0m 8 ||[7;1m [0m|[30;1mr[0m|[7;1m [0m|[30;1mQ[0m|[7;1m [0m|[30;1mb[0m|[7;1m [0m|[30;1mr[0m|| 8
[32;1m[Board] [0m   -------------------
[32;1m[Board] [0m 7 ||[30;1mp[0m|[30;1mp[0m|[30;1mp[0m|[30;1mb[0m|[30;1mK[0m|[7;1m [0m| |[0;1mk[0m|| 7
[32;1m[Board] [0m   -------------------
[32;1m[Board] [0m 6 ||[7;1m [0m| |[7;1m [0m| |[7;1m [0m|[0;1mQ[0m|[7;1m [0m| || 6
[32;1m[Board] [0m   -------------------
[32;1m[Board] [0m 5 || |[7;1m [0m| |[30;1mp[0m| |[30;1mp[0m| |[7;1m [0m|| 5
[32;1m[Board] [0m   -------------------
[32;1m[Board] [0m 4 ||[7;1m [0m| |[7;1m [0m|[0;1mp[0m|[7;1m [0m|[30;1mp[0m|[7;1m [0m| || 4
[32;1m[Board] [0m   -------------------
[32;1m[Board] [0m 3 || |[7;1m [0m|[0;1mp[0m|[7;1m [0m| |[7;1m [0m| |[7;1m [0m|| 3
[32;1m[Board] [0m   -------------------
[32;1m[Board] [0m 2 ||[0;1mp[0m| |[0;1mp[0m| |[7;1m [0m|[0;1mp[0m|[0;1mp[0m|[0;1mp[0m|| 2
[32;1m[Board] [0m   -------------------
[32;1m[Board] [0m 1 || |[0;1mr[0m| |[7;1m [0m| |[0;1mr[0m|[0;1mK[0m|[7;1m [0m|| 1
[32;1m[Board] [0m   -------------------
[32;1m[Board] [0m     a b c d e f g h
[32;1m[Board] [0m
[32;1m[Referee] [0mThis is the turn of the Black player...
Chess engine starting...
Hash OK after replay.
move played: e7e8
in coordinates: from (1,4) to (0,4)
[32;1m[Game] [0mPlayer's error code: 256
[32;1m[Game] [0mChecking move validity...
[32;1m[Board] [0mInitializing board (size: 8)...
[32;1m[Board] [0m32 piece(s) on board.
[32;1m[Board] [0mLoading history file `championship/o-of-yes-chess-engine3/history.csv`...
[32;1m[Board] [0mLoaded 35 move(s).
[32;1m[Board] [0mHistory replayed, 24 piece(s) on board.
[32;1m[Board] [0mLoading move file `championship/o-of-yes-chess-engine3/move.csv`...
[32;1m[Board] [0mBlack player is playing e7 to e8.
[32;1m[Board] [0m
[32;1m[Board] [0m     a b c d e f g h
[32;1m[Board] [0m   -------------------
[32;1m[Board] [0m 8 ||[7;1m [0m|[30;1mr[0m|[7;1m [0m|[30;1mQ[0m|[30;1mK[0m|[30;1mb[0m|[7;1m [0m|[30;1mr[0m|| 8
[32;1m[Board] [0m   -------------------
[32;1m[Board] [0m 7 ||[30;1mp[0m|[30;1mp[0m|[30;1mp[0m|[30;1mb[0m| |[7;1m [0m| |[0;1mk[0m|| 7
[32;1m[Board] [0m   -------------------
[32;1m[Board] [0m 6 ||[7;1m [0m| |[7;1m [0m| |[7;1m [0m|[0;1mQ[0m|[7;1m [0m| || 6
[32;1m[Board] [0m   -------------------
[32;1m[Board] [0m 5 || |[7;1m [0m| |[30;1mp[0m| |[30;1mp[0m| |[7;1m [0m|| 5
[32;1m[Board] [0m   -------------------
[32;1m[Board] [0m 4 ||[7;1m [0m| |[7;1m [0m|[0;1mp[0m|[7;1m [0m|[30;1mp[0m|[7;1m [0m| || 4
[32;1m[Board] [0m   -------------------
[32;1m[Board] [0m 3 || |[7;1m [0m|[0;1mp[0m|[7;1m [0m| |[7;1m [0m| |[7;1m [0m|| 3
[32;1m[Board] [0m   -------------------
[32;1m[Board] [0m 2 ||[0;1mp[0m| |[0;1mp[0m| |[7;1m [0m|[0;1mp[0m|[0;1mp[0m|[0;1mp[0m|| 2
[32;1m[Board] [0m   -------------------
[32;1m[Board] [0m 1 || |[0;1mr[0m| |[7;1m [0m| |[0;1mr[0m|[0;1mK[0m|[7;1m [0m|| 1
[32;1m[Board] [0m   -------------------
[32;1m[Board] [0m     a b c d e f g h
[32;1m[Board] [0m
[32;1m[Referee] [0mThis is the turn of the White player...
Setup Overhead:0.007661
Move made
Move made
Move made
Move made
Move made
Move made
Move made
Move made
Move made
Move made
Move made
Move made
Move made
Move made
Move made
Move made
Move made
Move made
Move made
Move made
Move made
Move made
Move made
Move made
Move made
Move made
Move made
Move made
Move made
Move made
Move made
Move made
Move made
Move made
Move made
Move made
8  . bR. bQbKbB. bR
7  bPbPbPbB. . . wN
6  . . . . . wQ. . 
5  . . . bP. bP. . 
4  . . . wP. bP. . 
3  . . wP. . . . . 
2  wP. wP. . wPwPwP
1  . wR. . . wRwK. 

   A B C D E F G H 
  Side:    White
  En passant:    None
  Castling rights:    
.  .  .  . 
Middle Game Positional Score: -202
End Game Positional Score: -180
Phase: 19
Total Score: -197
Fifty Move Counter: 1
Captured Piece Type: --
Depth 1 best move: 1065429best index: 2
Depth time: 0.116822ms
Depth 2 best move: 1065429best index: 0
Depth time: 0.231389ms
Depth 3 best move: 1065429best index: 0
Depth time: 2.06207ms
Depth 4 best move: 1065429best index: 0
Depth time: 6.06583ms
Depth 5 best move: 17813best index: 34
Depth time: 49.2407ms
Depth 6 best move: 17813best index: 0
Depth time: 123.806ms
Depth 7 best move: 17813best index: 0
Depth time: 672.708ms
Depth 8 best move: 17813best index: 0
Depth time: 2927.92ms
Played move: f6g6
8  . bR. bQbKbB. bR
7  bPbPbPbB. . . wN
6  . . . . . . wQ. 
5  . . . bP. bP. . 
4  . . . wP. bP. . 
3  . . wP. . . . . 
2  wP. wP. . wPwPwP
1  . wR. . . wRwK. 

   A B C D E F G H 
  Side:    Black
  En passant:    None
  Castling rights:    
.  .  .  . 
Middle Game Positional Score: -211
End Game Positional Score: -196
Phase: 19
Total Score: -207
Fifty Move Counter: 2
Captured Piece Type: --
[32;1m[Game] [0mPlayer's error code: 0
[32;1m[Game] [0mChecking move validity...
[32;1m[Board] [0mInitializing board (size: 8)...
[32;1m[Board] [0m32 piece(s) on board.
[32;1m[Board] [0mLoading history file `championship/o-of-yes-chess-engine3/history.csv`...
[32;1m[Board] [0mLoaded 36 move(s).
[32;1m[Board] [0mHistory replayed, 24 piece(s) on board.
[32;1m[Board] [0mLoading move file `championship/o-of-yes-chess-engine3/move.csv`...
[32;1m[Board] [0mWhite player is playing f6 to g6.
[32;1m[Board] [0m
[32;1m[Board] [0m     a b c d e f g h
[32;1m[Board] [0m   -------------------
[32;1m[Board] [0m 8 ||[7;1m [0m|[30;1mr[0m|[7;1m [0m|[30;1mQ[0m|[30;1mK[0m|[30;1mb[0m|[7;1m [0m|[30;1mr[0m|| 8
[32;1m[Board] [0m   -------------------
[32;1m[Board] [0m 7 ||[30;1mp[0m|[30;1mp[0m|[30;1mp[0m|[30;1mb[0m| |[7;1m [0m| |[0;1mk[0m|| 7
[32;1m[Board] [0m   -------------------
[32;1m[Board] [0m 6 ||[7;1m [0m| |[7;1m [0m| |[7;1m [0m| |[0;1mQ[0m| || 6
[32;1m[Board] [0m   -------------------
[32;1m[Board] [0m 5 || |[7;1m [0m| |[30;1mp[0m| |[30;1mp[0m| |[7;1m [0m|| 5
[32;1m[Board] [0m   -------------------
[32;1m[Board] [0m 4 ||[7;1m [0m| |[7;1m [0m|[0;1mp[0m|[7;1m [0m|[30;1mp[0m|[7;1m [0m| || 4
[32;1m[Board] [0m   -------------------
[32;1m[Board] [0m 3 || |[7;1m [0m|[0;1mp[0m|[7;1m [0m| |[7;1m [0m| |[7;1m [0m|| 3
[32;1m[Board] [0m   -------------------
[32;1m[Board] [0m 2 ||[0;1mp[0m| |[0;1mp[0m| |[7;1m [0m|[0;1mp[0m|[0;1mp[0m|[0;1mp[0m|| 2
[32;1m[Board] [0m   -------------------
[32;1m[Board] [0m 1 || |[0;1mr[0m| |[7;1m [0m| |[0;1mr[0m|[0;1mK[0m|[7;1m [0m|| 1
[32;1m[Board] [0m   -------------------
[32;1m[Board] [0m     a b c d e f g h
[32;1m[Board] [0m
[32;1m[Referee] [0mThis is the turn of the Black player...
Chess engine starting...
Hash OK after replay.
move played: e8e7
in coordinates: from (0,4) to (1,4)
[32;1m[Game] [0mPlayer's error code: 256
[32;1m[Game] [0mChecking move validity...
[32;1m[Board] [0mInitializing board (size: 8)...
[32;1m[Board] [0m32 piece(s) on board.
[32;1m[Board] [0mLoading history file `championship/o-of-yes-chess-engine3/history.csv`...
[32;1m[Board] [0mLoaded 37 move(s).
[32;1m[Board] [0mHistory replayed, 24 piece(s) on board.
[32;1m[Board] [0mLoading move file `championship/o-of-yes-chess-engine3/move.csv`...
[32;1m[Board] [0mBlack player is playing e8 to e7.
[32;1m[Board] [0m
[32;1m[Board] [0m     a b c d e f g h
[32;1m[Board] [0m   -------------------
[32;1m[Board] [0m 8 ||[7;1m [0m|[30;1mr[0m|[7;1m [0m|[30;1mQ[0m|[7;1m [0m|[30;1mb[0m|[7;1m [0m|[30;1mr[0m|| 8
[32;1m[Board] [0m   -------------------
[32;1m[Board] [0m 7 ||[30;1mp[0m|[30;1mp[0m|[30;1mp[0m|[30;1mb[0m|[30;1mK[0m|[7;1m [0m| |[0;1mk[0m|| 7
[32;1m[Board] [0m   -------------------
[32;1m[Board] [0m 6 ||[7;1m [0m| |[7;1m [0m| |[7;1m [0m| |[0;1mQ[0m| || 6
[32;1m[Board] [0m   -------------------
[32;1m[Board] [0m 5 || |[7;1m [0m| |[30;1mp[0m| |[30;1mp[0m| |[7;1m [0m|| 5
[32;1m[Board] [0m   -------------------
[32;1m[Board] [0m 4 ||[7;1m [0m| |[7;1m [0m|[0;1mp[0m|[7;1m [0m|[30;1mp[0m|[7;1m [0m| || 4
[32;1m[Board] [0m   -------------------
[32;1m[Board] [0m 3 || |[7;1m [0m|[0;1mp[0m|[7;1m [0m| |[7;1m [0m| |[7;1m [0m|| 3
[32;1m[Board] [0m   -------------------
[32;1m[Board] [0m 2 ||[0;1mp[0m| |[0;1mp[0m| |[7;1m [0m|[0;1mp[0m|[0;1mp[0m|[0;1mp[0m|| 2
[32;1m[Board] [0m   -------------------
[32;1m[Board] [0m 1 || |[0;1mr[0m| |[7;1m [0m| |[0;1mr[0m|[0;1mK[0m|[7;1m [0m|| 1
[32;1m[Board] [0m   -------------------
[32;1m[Board] [0m     a b c d e f g h
[32;1m[Board] [0m
[32;1m[Referee] [0mThis is the turn of the White player...
Setup Overhead:0.008732
Move made
Move made
Move made
Move made
Move made
Move made
Move made
Move made
Move made
Move made
Move made
Move made
Move made
Move made
Move made
Move made
Move made
Move made
Move made
Move made
Move made
Move made
Move made
Move made
Move made
Move made
Move made
Move made
Move made
Move made
Move made
Move made
Move made
Move made
Move made
Move made
Move made
Move made
8  . bR. bQ. bB. bR
7  bPbPbPbBbK. . wN
6  . . . . . . wQ. 
5  . . . bP. bP. . 
4  . . . wP. bP. . 
3  . . wP. . . . . 
2  wP. wP. . wPwPwP
1  . wR. . . wRwK. 

   A B C D E F G H 
  Side:    White
  En passant:    None
  Castling rights:    
.  .  .  . 
Middle Game Positional Score: -160
End Game Positional Score: -238
Phase: 19
Total Score: -176
Fifty Move Counter: 3
Captured Piece Type: --
Depth 1 best move: 1053007best index: 1
Depth time: 0.117015ms
Depth 2 best move: 16189best index: 23
Depth time: 0.271565ms
Depth 3 best move: 16189best index: 0
Depth time: 2.66524ms
Depth 4 best move: 16189best index: 0
Depth time: 7.51325ms
Depth 5 best move: 16189best index: 0
Depth time: 64.4361ms
Depth 6 best move: 16189best index: 0
Depth time: 209.675ms
Depth 7 best move: 16189best index: 0
Depth time: 1380.53ms
Depth 8 best move: 16189best index: 0
Depth time: 4749.81ms
Played move: f1e1
8  . bR. bQ. bB. bR
7  bPbPbPbBbK. . wN
6  . . . . . . wQ. 
5  . . . bP. bP. . 
4  . . . wP. bP. . 
3  . . wP. . . . . 
2  wP. wP. . wPwPwP
1  . wR. . wR. wK. 

   A B C D E F G H 
  Side:    Black
  En passant:    None
  Castling rights:    
.  .  .  . 
Middle Game Positional Score: -151
End Game Positional Score: -230
Phase: 19
Total Score: -167
Fifty Move Counter: 4
Captured Piece Type: --
[32;1m[Game] [0mPlayer's error code: 0
[32;1m[Game] [0mChecking move validity...
[32;1m[Board] [0mInitializing board (size: 8)...
[32;1m[Board] [0m32 piece(s) on board.
[32;1m[Board] [0mLoading history file `championship/o-of-yes-chess-engine3/history.csv`...
[32;1m[Board] [0mLoaded 38 move(s).
[32;1m[Board] [0mHistory replayed, 24 piece(s) on board.
[32;1m[Board] [0mLoading move file `championship/o-of-yes-chess-engine3/move.csv`...
[32;1m[Board] [0mWhite player is playing f1 to e1.
[32;1m[Board] [0m
[32;1m[Board] [0m     a b c d e f g h
[32;1m[Board] [0m   -------------------
[32;1m[Board] [0m 8 ||[7;1m [0m|[30;1mr[0m|[7;1m [0m|[30;1mQ[0m|[7;1m [0m|[30;1mb[0m|[7;1m [0m|[30;1mr[0m|| 8
[32;1m[Board] [0m   -------------------
[32;1m[Board] [0m 7 ||[30;1mp[0m|[30;1mp[0m|[30;1mp[0m|[30;1mb[0m|[30;1mK[0m|[7;1m [0m| |[0;1mk[0m|| 7
[32;1m[Board] [0m   -------------------
[32;1m[Board] [0m 6 ||[7;1m [0m| |[7;1m [0m| |[7;1m [0m| |[0;1mQ[0m| || 6
[32;1m[Board] [0m   -------------------
[32;1m[Board] [0m 5 || |[7;1m [0m| |[30;1mp[0m| |[30;1mp[0m| |[7;1m [0m|| 5
[32;1m[Board] [0m   -------------------
[32;1m[Board] [0m 4 ||[7;1m [0m| |[7;1m [0m|[0;1mp[0m|[7;1m [0m|[30;1mp[0m|[7;1m [0m| || 4
[32;1m[Board] [0m   -------------------
[32;1m[Board] [0m 3 || |[7;1m [0m|[0;1mp[0m|[7;1m [0m| |[7;1m [0m| |[7;1m [0m|| 3
[32;1m[Board] [0m   -------------------
[32;1m[Board] [0m 2 ||[0;1mp[0m| |[0;1mp[0m| |[7;1m [0m|[0;1mp[0m|[0;1mp[0m|[0;1mp[0m|| 2
[32;1m[Board] [0m   -------------------
[32;1m[Board] [0m 1 || |[0;1mr[0m| |[7;1m [0m|[0;1mr[0m|[7;1m [0m|[0;1mK[0m|[7;1m [0m|| 1
[32;1m[Board] [0m   -------------------
[32;1m[Board] [0m     a b c d e f g h
[32;1m[Board] [0m
[32;1m[Referee] [0mThis is the turn of the Black player...
Chess engine starting...
Hash OK after replay.
move played: d7e6
in coordinates: from (1,3) to (2,4)
[32;1m[Game] [0mPlayer's error code: 256
[32;1m[Game] [0mChecking move validity...
[32;1m[Board] [0mInitializing board (size: 8)...
[32;1m[Board] [0m32 piece(s) on board.
[32;1m[Board] [0mLoading history file `championship/o-of-yes-chess-engine3/history.csv`...
[32;1m[Board] [0mLoaded 39 move(s).
[32;1m[Board] [0mHistory replayed, 24 piece(s) on board.
[32;1m[Board] [0mLoading move file `championship/o-of-yes-chess-engine3/move.csv`...
[32;1m[Board] [0mBlack player is playing d7 to e6.
[32;1m[Board] [0m
[32;1m[Board] [0m     a b c d e f g h
[32;1m[Board] [0m   -------------------
[32;1m[Board] [0m 8 ||[7;1m [0m|[30;1mr[0m|[7;1m [0m|[30;1mQ[0m|[7;1m [0m|[30;1mb[0m|[7;1m [0m|[30;1mr[0m|| 8
[32;1m[Board] [0m   -------------------
[32;1m[Board] [0m 7 ||[30;1mp[0m|[30;1mp[0m|[30;1mp[0m|[7;1m [0m|[30;1mK[0m|[7;1m [0m| |[0;1mk[0m|| 7
[32;1m[Board] [0m   -------------------
[32;1m[Board] [0m 6 ||[7;1m [0m| |[7;1m [0m| |[30;1mb[0m| |[0;1mQ[0m| || 6
[32;1m[Board] [0m   -------------------
[32;1m[Board] [0m 5 || |[7;1m [0m| |[30;1mp[0m| |[30;1mp[0m| |[7;1m [0m|| 5
[32;1m[Board] [0m   -------------------
[32;1m[Board] [0m 4 ||[7;1m [0m| |[7;1m [0m|[0;1mp[0m|[7;1m [0m|[30;1mp[0m|[7;1m [0m| || 4
[32;1m[Board] [0m   -------------------
[32;1m[Board] [0m 3 || |[7;1m [0m|[0;1mp[0m|[7;1m [0m| |[7;1m [0m| |[7;1m [0m|| 3
[32;1m[Board] [0m   -------------------
[32;1m[Board] [0m 2 ||[0;1mp[0m| |[0;1mp[0m| |[7;1m [0m|[0;1mp[0m|[0;1mp[0m|[0;1mp[0m|| 2
[32;1m[Board] [0m   -------------------
[32;1m[Board] [0m 1 || |[0;1mr[0m| |[7;1m [0m|[0;1mr[0m|[7;1m [0m|[0;1mK[0m|[7;1m [0m|| 1
[32;1m[Board] [0m   -------------------
[32;1m[Board] [0m     a b c d e f g h
[32;1m[Board] [0m
[32;1m[Referee] [0mThis is the turn of the White player...
Setup Overhead:0.005506
Move made
Move made
Move made
Move made
Move made
Move made
Move made
Move made
Move made
Move made
Move made
Move made
Move made
Move made
Move made
Move made
Move made
Move made
Move made
Move made
Move made
Move made
Move made
Move made
Move made
Move made
Move made
Move made
Move made
Move made
Move made
Move made
Move made
Move made
Move made
Move made
Move made
Move made
Move made
Move made
8  . bR. bQ. bB. bR
7  bPbPbP. bK. . wN
6  . . . . bB. wQ. 
5  . . . bP. bP. . 
4  . . . wP. bP. . 
3  . . wP. . . . . 
2  wP. wP. . wPwPwP
1  . wR. . wR. wK. 

   A B C D E F G H 
  Side:    White
  En passant:    None
  Castling rights:    
.  .  .  . 
Middle Game Positional Score: -165
End Game Positional Score: -244
Phase: 19
Total Score: -181
Fifty Move Counter: 5
Captured Piece Type: --
Depth 1 best move: 1066262best index: 3
Depth time: 0.108018ms
Depth 2 best move: 1066262best index: 0
Depth time: 0.236502ms
Depth 3 best move: 1066262best index: 0
Depth time: 2.95103ms
Depth 4 best move: 1066262best index: 0
Depth time: 11.9651ms
Depth 5 best move: 1066262best index: 0
Depth time: 78.6822ms
Depth 6 best move: 1066262best index: 0
Depth time: 404.518ms
Depth 7 best move: 1066262best index: 0
Depth time: 2031.05ms
Played move: g6e6
8  . bR. bQ. bB. bR
7  bPbPbP. bK. . wN
6  . . . . wQ. . . 
5  . . . bP. bP. . 
4  . . . wP. bP. . 
3  . . wP. . . . . 
2  wP. wP. . wPwPwP
1  . wR. . wR. wK. 

   A B C D E F G H 
  Side:    Black
  En passant:    None
  Castling rights:    
.  .  .  . 
Middle Game Positional Score: 196
End Game Positional Score: 94
Phase: 18
Total Score: 170
Fifty Move Counter: 0
Captured Piece Type: bB
[32;1m[Game] [0mPlayer's error code: 0
[32;1m[Game] [0mChecking move validity...
[32;1m[Board] [0mInitializing board (size: 8)...
[32;1m[Board] [0m32 piece(s) on board.
[32;1m[Board] [0mLoading history file `championship/o-of-yes-chess-engine3/history.csv`...
[32;1m[Board] [0mLoaded 40 move(s).
[32;1m[Board] [0mHistory replayed, 24 piece(s) on board.
[32;1m[Board] [0mLoading move file `championship/o-of-yes-chess-engine3/move.csv`...
[32;1m[Board] [0mWhite player is playing g6 to e6.
[32;1m[Board] [0m[5;1mWhite Queen is taking Black Bishop.[0m
[32;1m[Board] [0m
[32;1m[Board] [0m     a b c d e f g h
[32;1m[Board] [0m   -------------------
[32;1m[Board] [0m 8 ||[7;1m [0m|[30;1mr[0m|[7;1m [0m|[30;1mQ[0m|[7;1m [0m|[30;1mb[0m|[7;1m [0m|[30;1mr[0m|| 8
[32;1m[Board] [0m   -------------------
[32;1m[Board] [0m 7 ||[30;1mp[0m|[30;1mp[0m|[30;1mp[0m|[7;1m [0m|[30;1mK[0m|[7;1m [0m| |[0;1mk[0m|| 7
[32;1m[Board] [0m   -------------------
[32;1m[Board] [0m 6 ||[7;1m [0m| |[7;1m [0m| |[0;1mQ[0m| |[7;1m [0m| || 6
[32;1m[Board] [0m   -------------------
[32;1m[Board] [0m 5 || |[7;1m [0m| |[30;1mp[0m| |[30;1mp[0m| |[7;1m [0m|| 5
[32;1m[Board] [0m   -------------------
[32;1m[Board] [0m 4 ||[7;1m [0m| |[7;1m [0m|[0;1mp[0m|[7;1m [0m|[30;1mp[0m|[7;1m [0m| || 4
[32;1m[Board] [0m   -------------------
[32;1m[Board] [0m 3 || |[7;1m [0m|[0;1mp[0m|[7;1m [0m| |[7;1m [0m| |[7;1m [0m|| 3
[32;1m[Board] [0m   -------------------
[32;1m[Board] [0m 2 ||[0;1mp[0m| |[0;1mp[0m| |[7;1m [0m|[0;1mp[0m|[0;1mp[0m|[0;1mp[0m|| 2
[32;1m[Board] [0m   -------------------
[32;1m[Board] [0m 1 || |[0;1mr[0m| |[7;1m [0m|[0;1mr[0m|[7;1m [0m|[0;1mK[0m|[7;1m [0m|| 1
[32;1m[Board] [0m   -------------------
[32;1m[Board] [0m     a b c d e f g h
[32;1m[Board] [0m
[32;1m[Referee] [0mThis is the turn of the Black player...
