[32;1m[Board] [0mInitializing board (size: 8)...
[32;1m[Board] [0m32 piece(s) on board.
[32;1m[Board] [0m
[32;1m[Board] [0m     a b c d e f g h
[32;1m[Board] [0m   -------------------
[32;1m[Board] [0m 8 ||[30;1mr[0m|[30;1mk[0m|[30;1mb[0m|[30;1mQ[0m|[30;1mK[0m|[30;1mb[0m|[30;1mk[0m|[30;1mr[0m|| 8
[32;1m[Board] [0m   -------------------
[32;1m[Board] [0m 7 ||[30;1mp[0m|[30;1mp[0m|[30;1mp[0m|[30;1mp[0m|[30;1mp[0m|[30;1mp[0m|[30;1mp[0m|[30;1mp[0m|| 7
[32;1m[Board] [0m   -------------------
[32;1m[Board] [0m 6 ||[7;1m [0m| |[7;1m [0m| |[7;1m [0m| |[7;1m [0m| || 6
[32;1m[Board] [0m   -------------------
[32;1m[Board] [0m 5 || |[7;1m [0m| |[7;1m [0m| |[7;1m [0m| |[7;1m [0m|| 5
[32;1m[Board] [0m   -------------------
[32;1m[Board] [0m 4 ||[7;1m [0m| |[7;1m [0m| |[7;1m [0m| |[7;1m [0m| || 4
[32;1m[Board] [0m   -------------------
[32;1m[Board] [0m 3 || |[7;1m [0m| |[7;1m [0m| |[7;1m [0m| |[7;1m [0m|| 3
[32;1m[Board] [0m   -------------------
[32;1m[Board] [0m 2 ||[0;1mp[0m|[0;1mp[0m|[0;1mp[0m|[0;1mp[0m|[0;1mp[0m|[0;1mp[0m|[0;1mp[0m|[0;1mp[0m|| 2
[32;1m[Board] [0m   -------------------
[32;1m[Board] [0m 1 ||[0;1mr[0m|[0;1mk[0m|[0;1mb[0m|[0;1mQ[0m|[0;1mK[0m|[0;1mb[0m|[0;1mk[0m|[0;1mr[0m|| 1
[32;1m[Board] [0m   -------------------
[32;1m[Board] [0m     a b c d e f g h
[32;1m[Board] [0m
[32;1m[Referee] [0mThis is the turn of the White player...
Inputed Board

We are going to play White...

------------------------------Current Search Space--------------------------------------------
Possible moves for piece: P:
 P: (6,0)->(5,0) / a2a3
 P: (6,0)->(4,0) / a2a4
 P: (6,1)->(5,1) / b2b3
 P: (6,1)->(4,1) / b2b4
 P: (6,2)->(5,2) / c2c3
 P: (6,2)->(4,2) / c2c4
 P: (6,3)->(5,3) / d2d3
 P: (6,3)->(4,3) / d2d4
 P: (6,4)->(5,4) / e2e3
 P: (6,4)->(4,4) / e2e4
 P: (6,5)->(5,5) / f2f3
 P: (6,5)->(4,5) / f2f4
 P: (6,6)->(5,6) / g2g3
 P: (6,6)->(4,6) / g2g4
 P: (6,7)->(5,7) / h2h3
 P: (6,7)->(4,7) / h2h4
Possible moves for piece: N:
 N: (7,1)->(5,2) / b1c3
 N: (7,1)->(5,0) / b1a3
 N: (7,6)->(5,7) / g1h3
 N: (7,6)->(5,5) / g1f3

------------------------------Filtered Search Space--------------------------------------------
Possible moves for piece: P:
 P: (6,0)->(5,0) / a2a3
 P: (6,0)->(4,0) / a2a4
 P: (6,1)->(5,1) / b2b3
 P: (6,1)->(4,1) / b2b4
 P: (6,2)->(5,2) / c2c3
 P: (6,2)->(4,2) / c2c4
 P: (6,3)->(5,3) / d2d3
 P: (6,3)->(4,3) / d2d4
 P: (6,4)->(5,4) / e2e3
 P: (6,4)->(4,4) / e2e4
 P: (6,5)->(5,5) / f2f3
 P: (6,5)->(4,5) / f2f4
 P: (6,6)->(5,6) / g2g3
 P: (6,6)->(4,6) / g2g4
 P: (6,7)->(5,7) / h2h3
 P: (6,7)->(4,7) / h2h4
Possible moves for piece: N:
 N: (7,1)->(5,2) / b1c3
 N: (7,1)->(5,0) / b1a3
 N: (7,6)->(5,7) / g1h3
 N: (7,6)->(5,5) / g1f3

--------------------------------Info on Attacks---------------------------------------------------
Squares attacked by Black pieces:
(2,0) (2,1) (2,2) (2,3) (2,4) (2,5) (2,6) (2,7) 

-------------------------------Squares controlled by the enemy------------------------------------
* * * * * * * * 
* * * * * * * * 
X X X X X X X X 
* * * * * * * * 
* * * * * * * * 
* * * * * * * * 
* * * * * * * * 
* * * * * * * * 

------------------------------Check Information---------------------------------------------------
White King located at: (7,4)
White King is safe, no check at this position.

------------------------------Special Move Information-------------------------------------------
No en passant allowed right now
------------------------------Castling Rights Information-------------------------------------------
White Kingside Castle:  AVAILABLE
White Queenside Castle: AVAILABLE
Black Kingside Castle:  AVAILABLE
Black Queenside Castle: AVAILABLE
---------------------------------------------------------------------------------------------------

========== CAPTURE EXPLORATION ==========
========================================

========== CHECK EXPLORATION ==========
(no checks found)
======================================
--------------------------------------------------------------------------------------------------
Chosen Move: (7,1) --> (5,2)
 / b1c3

r n b q k b n r 
p p p p p p p p 
* * * * * * * * 
* * * * * * * * 
* * * * * * * * 
* * N * * * * * 
P P P P P P P P 
R * B Q K B N R 

[32;1m[Game] [0mPlayer's error code: 0
[32;1m[Game] [0mChecking move validity...
[32;1m[Board] [0mInitializing board (size: 8)...
[32;1m[Board] [0m32 piece(s) on board.
[32;1m[Board] [0mLoading history file `championship/chessgambit-matex/history.csv`...
[32;1m[Board] [0mLoaded 0 move(s).
[32;1m[Board] [0mHistory replayed, 32 piece(s) on board.
[32;1m[Board] [0mLoading move file `championship/chessgambit-matex/move.csv`...
[32;1m[Board] [0mWhite player is playing b1 to c3.
[32;1m[Board] [0m
[32;1m[Board] [0m     a b c d e f g h
[32;1m[Board] [0m   -------------------
[32;1m[Board] [0m 8 ||[30;1mr[0m|[30;1mk[0m|[30;1mb[0m|[30;1mQ[0m|[30;1mK[0m|[30;1mb[0m|[30;1mk[0m|[30;1mr[0m|| 8
[32;1m[Board] [0m   -------------------
[32;1m[Board] [0m 7 ||[30;1mp[0m|[30;1mp[0m|[30;1mp[0m|[30;1mp[0m|[30;1mp[0m|[30;1mp[0m|[30;1mp[0m|[30;1mp[0m|| 7
[32;1m[Board] [0m   -------------------
[32;1m[Board] [0m 6 ||[7;1m [0m| |[7;1m [0m| |[7;1m [0m| |[7;1m [0m| || 6
[32;1m[Board] [0m   -------------------
[32;1m[Board] [0m 5 || |[7;1m [0m| |[7;1m [0m| |[7;1m [0m| |[7;1m [0m|| 5
[32;1m[Board] [0m   -------------------
[32;1m[Board] [0m 4 ||[7;1m [0m| |[7;1m [0m| |[7;1m [0m| |[7;1m [0m| || 4
[32;1m[Board] [0m   -------------------
[32;1m[Board] [0m 3 || |[7;1m [0m|[0;1mk[0m|[7;1m [0m| |[7;1m [0m| |[7;1m [0m|| 3
[32;1m[Board] [0m   -------------------
[32;1m[Board] [0m 2 ||[0;1mp[0m|[0;1mp[0m|[0;1mp[0m|[0;1mp[0m|[0;1mp[0m|[0;1mp[0m|[0;1mp[0m|[0;1mp[0m|| 2
[32;1m[Board] [0m   -------------------
[32;1m[Board] [0m 1 ||[0;1mr[0m|[7;1m [0m|[0;1mb[0m|[0;1mQ[0m|[0;1mK[0m|[0;1mb[0m|[0;1mk[0m|[0;1mr[0m|| 1
[32;1m[Board] [0m   -------------------
[32;1m[Board] [0m     a b c d e f g h
[32;1m[Board] [0m
[32;1m[Referee] [0mThis is the turn of the Black player...
info depth 1 nodes 20 score cp 0 pv b8c6
info depth 2 nodes 84 score cp -50 pv b8c6
info depth 3 nodes 712 score cp 0 pv b8c6
info depth 4 nodes 3349 score cp 0 pv g8f6
info depth 5 nodes 29648 score cp 0 pv e7e5
info depth 6 nodes 93300 score cp 0 pv b8c6
info depth 7 nodes 416743 score cp 0 pv d7d6
  a b c d e f g h
8 r n b q k b n r 
7 p p p . p p p p 
6 . . . p . . . . 
5 . . . . . . . . 
4 . . . . . . . . 
3 . . N . . . . . 
2 P P P P P P P P 
1 R . B Q K B N R 
[32;1m[Game] [0mPlayer's error code: 0
[32;1m[Game] [0mChecking move validity...
[32;1m[Board] [0mInitializing board (size: 8)...
[32;1m[Board] [0m32 piece(s) on board.
[32;1m[Board] [0mLoading history file `championship/chessgambit-matex/history.csv`...
[32;1m[Board] [0mLoaded 1 move(s).
[32;1m[Board] [0mHistory replayed, 32 piece(s) on board.
[32;1m[Board] [0mLoading move file `championship/chessgambit-matex/move.csv`...
[32;1m[Board] [0mBlack player is playing d7 to d6.
[32;1m[Board] [0m
[32;1m[Board] [0m     a b c d e f g h
[32;1m[Board] [0m   -------------------
[32;1m[Board] [0m 8 ||[30;1mr[0m|[30;1mk[0m|[30;1mb[0m|[30;1mQ[0m|[30;1mK[0m|[30;1mb[0m|[30;1mk[0m|[30;1mr[0m|| 8
[32;1m[Board] [0m   -------------------
[32;1m[Board] [0m 7 ||[30;1mp[0m|[30;1mp[0m|[30;1mp[0m|[7;1m [0m|[30;1mp[0m|[30;1mp[0m|[30;1mp[0m|[30;1mp[0m|| 7
[32;1m[Board] [0m   -------------------
[32;1m[Board] [0m 6 ||[7;1m [0m| |[7;1m [0m|[30;1mp[0m|[7;1m [0m| |[7;1m [0m| || 6
[32;1m[Board] [0m   -------------------
[32;1m[Board] [0m 5 || |[7;1m [0m| |[7;1m [0m| |[7;1m [0m| |[7;1m [0m|| 5
[32;1m[Board] [0m   -------------------
[32;1m[Board] [0m 4 ||[7;1m [0m| |[7;1m [0m| |[7;1m [0m| |[7;1m [0m| || 4
[32;1m[Board] [0m   -------------------
[32;1m[Board] [0m 3 || |[7;1m [0m|[0;1mk[0m|[7;1m [0m| |[7;1m [0m| |[7;1m [0m|| 3
[32;1m[Board] [0m   -------------------
[32;1m[Board] [0m 2 ||[0;1mp[0m|[0;1mp[0m|[0;1mp[0m|[0;1mp[0m|[0;1mp[0m|[0;1mp[0m|[0;1mp[0m|[0;1mp[0m|| 2
[32;1m[Board] [0m   -------------------
[32;1m[Board] [0m 1 ||[0;1mr[0m|[7;1m [0m|[0;1mb[0m|[0;1mQ[0m|[0;1mK[0m|[0;1mb[0m|[0;1mk[0m|[0;1mr[0m|| 1
[32;1m[Board] [0m   -------------------
[32;1m[Board] [0m     a b c d e f g h
[32;1m[Board] [0m
[32;1m[Referee] [0mThis is the turn of the White player...
Inputed Board
Currently playing: White

------------------------------Current Search Space--------------------------------------------
Possible moves for piece: P:
 P: (6,0)->(5,0) / a2a3
 P: (6,0)->(4,0) / a2a4
 P: (6,1)->(5,1) / b2b3
 P: (6,1)->(4,1) / b2b4
 P: (6,3)->(5,3) / d2d3
 P: (6,3)->(4,3) / d2d4
 P: (6,4)->(5,4) / e2e3
 P: (6,4)->(4,4) / e2e4
 P: (6,5)->(5,5) / f2f3
 P: (6,5)->(4,5) / f2f4
 P: (6,6)->(5,6) / g2g3
 P: (6,6)->(4,6) / g2g4
 P: (6,7)->(5,7) / h2h3
 P: (6,7)->(4,7) / h2h4
Possible moves for piece: R:
 R: (7,0)->(7,1) / a1b1
Possible moves for piece: N:
 N: (5,2)->(7,1) / c3b1
 N: (5,2)->(3,3) / c3d5
 N: (5,2)->(3,1) / c3b5
 N: (5,2)->(4,4) / c3e4
 N: (5,2)->(4,0) / c3a4
 N: (7,6)->(5,7) / g1h3
 N: (7,6)->(5,5) / g1f3

------------------------------Filtered Search Space--------------------------------------------
Possible moves for piece: P:
 P: (6,0)->(5,0) / a2a3
 P: (6,0)->(4,0) / a2a4
 P: (6,1)->(5,1) / b2b3
 P: (6,1)->(4,1) / b2b4
 P: (6,3)->(5,3) / d2d3
 P: (6,3)->(4,3) / d2d4
 P: (6,4)->(5,4) / e2e3
 P: (6,4)->(4,4) / e2e4
 P: (6,5)->(5,5) / f2f3
 P: (6,5)->(4,5) / f2f4
 P: (6,6)->(5,6) / g2g3
 P: (6,6)->(4,6) / g2g4
 P: (6,7)->(5,7) / h2h3
 P: (6,7)->(4,7) / h2h4
Possible moves for piece: R:
 R: (7,0)->(7,1) / a1b1
Possible moves for piece: N:
 N: (5,2)->(7,1) / c3b1
 N: (5,2)->(3,3) / c3d5
 N: (5,2)->(3,1) / c3b5
 N: (5,2)->(4,4) / c3e4
 N: (5,2)->(4,0) / c3a4
 N: (7,6)->(5,7) / g1h3
 N: (7,6)->(5,5) / g1f3

--------------------------------Info on Attacks---------------------------------------------------
Squares attacked by Black pieces:
(1,3) (2,0) (2,1) (2,2) (2,4) (2,5) (2,6) (2,7) (3,2) (3,4) (3,5) (4,6) (5,7) 

-------------------------------Squares controlled by the enemy------------------------------------
* * * * * * * * 
* * * X * * * * 
X X X * X X X X 
* * X * X X * * 
* * * * * * X * 
* * * * * * * X 
* * * * * * * * 
* * * * * * * * 

------------------------------Check Information---------------------------------------------------
White King located at: (7,4)
White King is safe, no check at this position.

------------------------------Special Move Information-------------------------------------------
No en passant allowed right now
------------------------------Castling Rights Information-------------------------------------------
White Kingside Castle:  AVAILABLE
White Queenside Castle: AVAILABLE
Black Kingside Castle:  AVAILABLE
Black Queenside Castle: AVAILABLE
---------------------------------------------------------------------------------------------------

========== CAPTURE EXPLORATION ==========
========================================

========== CHECK EXPLORATION ==========
(no checks found)
======================================
--------------------------------------------------------------------------------------------------
Chosen Move: (6,4) --> (4,4)
 / e2e4

r n b q k b n r 
p p p * p p p p 
* * * p * * * * 
* * * * * * * * 
* * * * P * * * 
* * N * * * * * 
P P P P * P P P 
R * B Q K B N R 

[32;1m[Game] [0mPlayer's error code: 0
[32;1m[Game] [0mChecking move validity...
[32;1m[Board] [0mInitializing board (size: 8)...
[32;1m[Board] [0m32 piece(s) on board.
[32;1m[Board] [0mLoading history file `championship/chessgambit-matex/history.csv`...
[32;1m[Board] [0mLoaded 2 move(s).
[32;1m[Board] [0mHistory replayed, 32 piece(s) on board.
[32;1m[Board] [0mLoading move file `championship/chessgambit-matex/move.csv`...
[32;1m[Board] [0mWhite player is playing e2 to e4.
[32;1m[Board] [0m
[32;1m[Board] [0m     a b c d e f g h
[32;1m[Board] [0m   -------------------
[32;1m[Board] [0m 8 ||[30;1mr[0m|[30;1mk[0m|[30;1mb[0m|[30;1mQ[0m|[30;1mK[0m|[30;1mb[0m|[30;1mk[0m|[30;1mr[0m|| 8
[32;1m[Board] [0m   -------------------
[32;1m[Board] [0m 7 ||[30;1mp[0m|[30;1mp[0m|[30;1mp[0m|[7;1m [0m|[30;1mp[0m|[30;1mp[0m|[30;1mp[0m|[30;1mp[0m|| 7
[32;1m[Board] [0m   -------------------
[32;1m[Board] [0m 6 ||[7;1m [0m| |[7;1m [0m|[30;1mp[0m|[7;1m [0m| |[7;1m [0m| || 6
[32;1m[Board] [0m   -------------------
[32;1m[Board] [0m 5 || |[7;1m [0m| |[7;1m [0m| |[7;1m [0m| |[7;1m [0m|| 5
[32;1m[Board] [0m   -------------------
[32;1m[Board] [0m 4 ||[7;1m [0m| |[7;1m [0m| |[0;1mp[0m| |[7;1m [0m| || 4
[32;1m[Board] [0m   -------------------
[32;1m[Board] [0m 3 || |[7;1m [0m|[0;1mk[0m|[7;1m [0m| |[7;1m [0m| |[7;1m [0m|| 3
[32;1m[Board] [0m   -------------------
[32;1m[Board] [0m 2 ||[0;1mp[0m|[0;1mp[0m|[0;1mp[0m|[0;1mp[0m|[7;1m [0m|[0;1mp[0m|[0;1mp[0m|[0;1mp[0m|| 2
[32;1m[Board] [0m   -------------------
[32;1m[Board] [0m 1 ||[0;1mr[0m|[7;1m [0m|[0;1mb[0m|[0;1mQ[0m|[0;1mK[0m|[0;1mb[0m|[0;1mk[0m|[0;1mr[0m|| 1
[32;1m[Board] [0m   -------------------
[32;1m[Board] [0m     a b c d e f g h
[32;1m[Board] [0m
[32;1m[Referee] [0mThis is the turn of the Black player...
info depth 1 nodes 30 score cp 5 pv b8c6
info depth 2 nodes 244 score cp -45 pv g8f6
info depth 3 nodes 1184 score cp 5 pv b8c6
info depth 4 nodes 10710 score cp 110 pv g8f6
info depth 5 nodes 263843 score cp 100 pv b8c6
  a b c d e f g h
8 r . b q k b n r 
7 p p p . p p p p 
6 . . n p . . . . 
5 . . . . . . . . 
4 . . . . . . . . 
3 . . N . . . . . 
2 P P P P . P P P 
1 R . B Q K B N R 
[32;1m[Game] [0mPlayer's error code: 0
[32;1m[Game] [0mChecking move validity...
[32;1m[Board] [0mInitializing board (size: 8)...
[32;1m[Board] [0m32 piece(s) on board.
[32;1m[Board] [0mLoading history file `championship/chessgambit-matex/history.csv`...
[32;1m[Board] [0mLoaded 3 move(s).
[32;1m[Board] [0mHistory replayed, 32 piece(s) on board.
[32;1m[Board] [0mLoading move file `championship/chessgambit-matex/move.csv`...
[32;1m[Board] [0mBlack player is playing b8 to c6.
[32;1m[Board] [0m
[32;1m[Board] [0m     a b c d e f g h
[32;1m[Board] [0m   -------------------
[32;1m[Board] [0m 8 ||[30;1mr[0m| |[30;1mb[0m|[30;1mQ[0m|[30;1mK[0m|[30;1mb[0m|[30;1mk[0m|[30;1mr[0m|| 8
[32;1m[Board] [0m   -------------------
[32;1m[Board] [0m 7 ||[30;1mp[0m|[30;1mp[0m|[30;1mp[0m|[7;1m [0m|[30;1mp[0m|[30;1mp[0m|[30;1mp[0m|[30;1mp[0m|| 7
[32;1m[Board] [0m   -------------------
[32;1m[Board] [0m 6 ||[7;1m [0m| |[30;1mk[0m|[30;1mp[0m|[7;1m [0m| |[7;1m [0m| || 6
[32;1m[Board] [0m   -------------------
[32;1m[Board] [0m 5 || |[7;1m [0m| |[7;1m [0m| |[7;1m [0m| |[7;1m [0m|| 5
[32;1m[Board] [0m   -------------------
[32;1m[Board] [0m 4 ||[7;1m [0m| |[7;1m [0m| |[0;1mp[0m| |[7;1m [0m| || 4
[32;1m[Board] [0m   -------------------
[32;1m[Board] [0m 3 || |[7;1m [0m|[0;1mk[0m|[7;1m [0m| |[7;1m [0m| |[7;1m [0m|| 3
[32;1m[Board] [0m   -------------------
[32;1m[Board] [0m 2 ||[0;1mp[0m|[0;1mp[0m|[0;1mp[0m|[0;1mp[0m|[7;1m [0m|[0;1mp[0m|[0;1mp[0m|[0;1mp[0m|| 2
[32;1m[Board] [0m   -------------------
[32;1m[Board] [0m 1 ||[0;1mr[0m|[7;1m [0m|[0;1mb[0m|[0;1mQ[0m|[0;1mK[0m|[0;1mb[0m|[0;1mk[0m|[0;1mr[0m|| 1
[32;1m[Board] [0m   -------------------
[32;1m[Board] [0m     a b c d e f g h
[32;1m[Board] [0m
[32;1m[Referee] [0mThis is the turn of the White player...
Inputed Board
Currently playing: White

------------------------------Current Search Space--------------------------------------------
Possible moves for piece: P:
 P: (4,4)->(3,4) / e4e5
 P: (6,0)->(5,0) / a2a3
 P: (6,0)->(4,0) / a2a4
 P: (6,1)->(5,1) / b2b3
 P: (6,1)->(4,1) / b2b4
 P: (6,3)->(5,3) / d2d3
 P: (6,3)->(4,3) / d2d4
 P: (6,5)->(5,5) / f2f3
 P: (6,5)->(4,5) / f2f4
 P: (6,6)->(5,6) / g2g3
 P: (6,6)->(4,6) / g2g4
 P: (6,7)->(5,7) / h2h3
 P: (6,7)->(4,7) / h2h4
Possible moves for piece: R:
 R: (7,0)->(7,1) / a1b1
Possible moves for piece: N:
 N: (5,2)->(7,1) / c3b1
 N: (5,2)->(3,3) / c3d5
 N: (5,2)->(3,1) / c3b5
 N: (5,2)->(6,4) / c3e2
 N: (5,2)->(4,0) / c3a4
 N: (7,6)->(5,7) / g1h3
 N: (7,6)->(5,5) / g1f3
 N: (7,6)->(6,4) / g1e2
Possible moves for piece: B:
 B: (7,5)->(6,4) / f1e2
 B: (7,5)->(5,3) / f1d3
 B: (7,5)->(4,2) / f1c4
 B: (7,5)->(3,1) / f1b5
 B: (7,5)->(2,0) / f1a6
Possible moves for piece: Q:
 Q: (7,3)->(6,4) / d1e2
 Q: (7,3)->(5,5) / d1f3
 Q: (7,3)->(4,6) / d1g4
 Q: (7,3)->(3,7) / d1h5
Possible moves for piece: K:
 K: (7,4)->(6,4) / e1e2

------------------------------Filtered Search Space--------------------------------------------
Possible moves for piece: P:
 P: (4,4)->(3,4) / e4e5
 P: (6,0)->(5,0) / a2a3
 P: (6,0)->(4,0) / a2a4
 P: (6,1)->(5,1) / b2b3
 P: (6,1)->(4,1) / b2b4
 P: (6,3)->(5,3) / d2d3
 P: (6,3)->(4,3) / d2d4
 P: (6,5)->(5,5) / f2f3
 P: (6,5)->(4,5) / f2f4
 P: (6,6)->(5,6) / g2g3
 P: (6,6)->(4,6) / g2g4
 P: (6,7)->(5,7) / h2h3
 P: (6,7)->(4,7) / h2h4
Possible moves for piece: R:
 R: (7,0)->(7,1) / a1b1
Possible moves for piece: N:
 N: (5,2)->(7,1) / c3b1
 N: (5,2)->(3,3) / c3d5
 N: (5,2)->(3,1) / c3b5
 N: (5,2)->(6,4) / c3e2
 N: (5,2)->(4,0) / c3a4
 N: (7,6)->(5,7) / g1h3
 N: (7,6)->(5,5) / g1f3
 N: (7,6)->(6,4) / g1e2
Possible moves for piece: B:
 B: (7,5)->(6,4) / f1e2
 B: (7,5)->(5,3) / f1d3
 B: (7,5)->(4,2) / f1c4
 B: (7,5)->(3,1) / f1b5
 B: (7,5)->(2,0) / f1a6
Possible moves for piece: Q:
 Q: (7,3)->(6,4) / d1e2
 Q: (7,3)->(5,5) / d1f3
 Q: (7,3)->(4,6) / d1g4
 Q: (7,3)->(3,7) / d1h5
Possible moves for piece: K:
 K: (7,4)->(6,4) / e1e2

--------------------------------Info on Attacks---------------------------------------------------
Squares attacked by Black pieces:
(0,1) (1,3) (2,0) (2,1) (2,4) (2,5) (2,6) (2,7) (3,0) (3,2) (3,4) (3,5) (4,1) (4,3) (4,6) (5,7) 

-------------------------------Squares controlled by the enemy------------------------------------
* X * * * * * * 
* * * X * * * * 
X X * * X X X X 
X * X * X X * * 
* X * X * * X * 
* * * * * * * X 
* * * * * * * * 
* * * * * * * * 

------------------------------Check Information---------------------------------------------------
White King located at: (7,4)
White King is safe, no check at this position.

------------------------------Special Move Information-------------------------------------------
No en passant allowed right now
------------------------------Castling Rights Information-------------------------------------------
White Kingside Castle:  AVAILABLE
White Queenside Castle: AVAILABLE
Black Kingside Castle:  AVAILABLE
Black Queenside Castle: AVAILABLE
---------------------------------------------------------------------------------------------------

========== CAPTURE EXPLORATION ==========
========================================

========== CHECK EXPLORATION ==========
(no checks found)
======================================
--------------------------------------------------------------------------------------------------
Chosen Move: (7,6) --> (6,4)
 / g1e2

r * b q k b n r 
p p p * p p p p 
* * n p * * * * 
* * * * * * * * 
* * * * P * * * 
* * N * * * * * 
P P P P N P P P 
R * B Q K B * R 

[32;1m[Game] [0mPlayer's error code: 0
[32;1m[Game] [0mChecking move validity...
[32;1m[Board] [0mInitializing board (size: 8)...
[32;1m[Board] [0m32 piece(s) on board.
[32;1m[Board] [0mLoading history file `championship/chessgambit-matex/history.csv`...
[32;1m[Board] [0mLoaded 4 move(s).
[32;1m[Board] [0mHistory replayed, 32 piece(s) on board.
[32;1m[Board] [0mLoading move file `championship/chessgambit-matex/move.csv`...
[32;1m[Board] [0mWhite player is playing g1 to e2.
[32;1m[Board] [0m
[32;1m[Board] [0m     a b c d e f g h
[32;1m[Board] [0m   -------------------
[32;1m[Board] [0m 8 ||[30;1mr[0m| |[30;1mb[0m|[30;1mQ[0m|[30;1mK[0m|[30;1mb[0m|[30;1mk[0m|[30;1mr[0m|| 8
[32;1m[Board] [0m   -------------------
[32;1m[Board] [0m 7 ||[30;1mp[0m|[30;1mp[0m|[30;1mp[0m|[7;1m [0m|[30;1mp[0m|[30;1mp[0m|[30;1mp[0m|[30;1mp[0m|| 7
[32;1m[Board] [0m   -------------------
[32;1m[Board] [0m 6 ||[7;1m [0m| |[30;1mk[0m|[30;1mp[0m|[7;1m [0m| |[7;1m [0m| || 6
[32;1m[Board] [0m   -------------------
[32;1m[Board] [0m 5 || |[7;1m [0m| |[7;1m [0m| |[7;1m [0m| |[7;1m [0m|| 5
[32;1m[Board] [0m   -------------------
[32;1m[Board] [0m 4 ||[7;1m [0m| |[7;1m [0m| |[0;1mp[0m| |[7;1m [0m| || 4
[32;1m[Board] [0m   -------------------
[32;1m[Board] [0m 3 || |[7;1m [0m|[0;1mk[0m|[7;1m [0m| |[7;1m [0m| |[7;1m [0m|| 3
[32;1m[Board] [0m   -------------------
[32;1m[Board] [0m 2 ||[0;1mp[0m|[0;1mp[0m|[0;1mp[0m|[0;1mp[0m|[0;1mk[0m|[0;1mp[0m|[0;1mp[0m|[0;1mp[0m|| 2
[32;1m[Board] [0m   -------------------
[32;1m[Board] [0m 1 ||[0;1mr[0m|[7;1m [0m|[0;1mb[0m|[0;1mQ[0m|[0;1mK[0m|[0;1mb[0m| |[0;1mr[0m|| 1
[32;1m[Board] [0m   -------------------
[32;1m[Board] [0m     a b c d e f g h
[32;1m[Board] [0m
[32;1m[Referee] [0mThis is the turn of the Black player...
info depth 1 nodes 31 score cp 15 pv g8f6
info depth 2 nodes 243 score cp 0 pv g8f6
info depth 3 nodes 1850 score cp 10 pv g8f6
info depth 4 nodes 10642 score cp 0 pv c8e6
info depth 5 nodes 41478 score cp 0 pv c6e5
info depth 6 nodes 211861 score cp 0 pv c6e5
  a b c d e f g h
8 r . b q k b n r 
7 p p p . p p p p 
6 . . . p . . . . 
5 . . . . n . . . 
4 . . . . P . . . 
3 . . N . . . . . 
2 P P P P N P P P 
1 R . B Q K B . R 
[32;1m[Game] [0mPlayer's error code: 0
[32;1m[Game] [0mChecking move validity...
[32;1m[Board] [0mInitializing board (size: 8)...
[32;1m[Board] [0m32 piece(s) on board.
[32;1m[Board] [0mLoading history file `championship/chessgambit-matex/history.csv`...
[32;1m[Board] [0mLoaded 5 move(s).
[32;1m[Board] [0mHistory replayed, 32 piece(s) on board.
[32;1m[Board] [0mLoading move file `championship/chessgambit-matex/move.csv`...
[32;1m[Board] [0mBlack player is playing c6 to e5.
[32;1m[Board] [0m
[32;1m[Board] [0m     a b c d e f g h
[32;1m[Board] [0m   -------------------
[32;1m[Board] [0m 8 ||[30;1mr[0m| |[30;1mb[0m|[30;1mQ[0m|[30;1mK[0m|[30;1mb[0m|[30;1mk[0m|[30;1mr[0m|| 8
[32;1m[Board] [0m   -------------------
[32;1m[Board] [0m 7 ||[30;1mp[0m|[30;1mp[0m|[30;1mp[0m|[7;1m [0m|[30;1mp[0m|[30;1mp[0m|[30;1mp[0m|[30;1mp[0m|| 7
[32;1m[Board] [0m   -------------------
[32;1m[Board] [0m 6 ||[7;1m [0m| |[7;1m [0m|[30;1mp[0m|[7;1m [0m| |[7;1m [0m| || 6
[32;1m[Board] [0m   -------------------
[32;1m[Board] [0m 5 || |[7;1m [0m| |[7;1m [0m|[30;1mk[0m|[7;1m [0m| |[7;1m [0m|| 5
[32;1m[Board] [0m   -------------------
[32;1m[Board] [0m 4 ||[7;1m [0m| |[7;1m [0m| |[0;1mp[0m| |[7;1m [0m| || 4
[32;1m[Board] [0m   -------------------
[32;1m[Board] [0m 3 || |[7;1m [0m|[0;1mk[0m|[7;1m [0m| |[7;1m [0m| |[7;1m [0m|| 3
[32;1m[Board] [0m   -------------------
[32;1m[Board] [0m 2 ||[0;1mp[0m|[0;1mp[0m|[0;1mp[0m|[0;1mp[0m|[0;1mk[0m|[0;1mp[0m|[0;1mp[0m|[0;1mp[0m|| 2
[32;1m[Board] [0m   -------------------
[32;1m[Board] [0m 1 ||[0;1mr[0m|[7;1m [0m|[0;1mb[0m|[0;1mQ[0m|[0;1mK[0m|[0;1mb[0m| |[0;1mr[0m|| 1
[32;1m[Board] [0m   -------------------
[32;1m[Board] [0m     a b c d e f g h
[32;1m[Board] [0m
[32;1m[Referee] [0mThis is the turn of the White player...
Inputed Board
Currently playing: White

------------------------------Current Search Space--------------------------------------------
Possible moves for piece: P:
 P: (6,0)->(5,0) / a2a3
 P: (6,0)->(4,0) / a2a4
 P: (6,1)->(5,1) / b2b3
 P: (6,1)->(4,1) / b2b4
 P: (6,3)->(5,3) / d2d3
 P: (6,3)->(4,3) / d2d4
 P: (6,5)->(5,5) / f2f3
 P: (6,5)->(4,5) / f2f4
 P: (6,6)->(5,6) / g2g3
 P: (6,6)->(4,6) / g2g4
 P: (6,7)->(5,7) / h2h3
 P: (6,7)->(4,7) / h2h4
Possible moves for piece: R:
 R: (7,0)->(7,1) / a1b1
 R: (7,7)->(7,6) / h1g1
Possible moves for piece: N:
 N: (5,2)->(7,1) / c3b1
 N: (5,2)->(3,3) / c3d5
 N: (5,2)->(3,1) / c3b5
 N: (5,2)->(4,0) / c3a4
 N: (6,4)->(4,5) / e2f4
 N: (6,4)->(4,3) / e2d4
 N: (6,4)->(7,6) / e2g1
 N: (6,4)->(5,6) / e2g3

------------------------------Filtered Search Space--------------------------------------------
Possible moves for piece: P:
 P: (6,0)->(5,0) / a2a3
 P: (6,0)->(4,0) / a2a4
 P: (6,1)->(5,1) / b2b3
 P: (6,1)->(4,1) / b2b4
 P: (6,3)->(5,3) / d2d3
 P: (6,3)->(4,3) / d2d4
 P: (6,5)->(5,5) / f2f3
 P: (6,5)->(4,5) / f2f4
 P: (6,6)->(5,6) / g2g3
 P: (6,6)->(4,6) / g2g4
 P: (6,7)->(5,7) / h2h3
 P: (6,7)->(4,7) / h2h4
Possible moves for piece: R:
 R: (7,0)->(7,1) / a1b1
 R: (7,7)->(7,6) / h1g1
Possible moves for piece: N:
 N: (5,2)->(7,1) / c3b1
 N: (5,2)->(3,3) / c3d5
 N: (5,2)->(3,1) / c3b5
 N: (5,2)->(4,0) / c3a4
 N: (6,4)->(4,5) / e2f4
 N: (6,4)->(4,3) / e2d4
 N: (6,4)->(7,6) / e2g1
 N: (6,4)->(5,6) / e2g3

--------------------------------Info on Attacks---------------------------------------------------
Squares attacked by Black pieces:
(0,1) (1,3) (2,0) (2,1) (2,2) (2,4) (2,5) (2,6) (2,7) (3,2) (3,5) (4,2) (4,6) (5,3) (5,5) (5,7) 

-------------------------------Squares controlled by the enemy------------------------------------
* X * * * * * * 
* * * X * * * * 
X X X * X X X X 
* * X * * X * * 
* * X * * * X * 
* * * X * X * X 
* * * * * * * * 
* * * * * * * * 

------------------------------Check Information---------------------------------------------------
White King located at: (7,4)
White King is safe, no check at this position.

------------------------------Special Move Information-------------------------------------------
No en passant allowed right now
------------------------------Castling Rights Information-------------------------------------------
White Kingside Castle:  AVAILABLE
White Queenside Castle: AVAILABLE
Black Kingside Castle:  AVAILABLE
Black Queenside Castle: AVAILABLE
---------------------------------------------------------------------------------------------------

========== CAPTURE EXPLORATION ==========
========================================

========== CHECK EXPLORATION ==========
(no checks found)
======================================
--------------------------------------------------------------------------------------------------
Chosen Move: (6,4) --> (4,5)
 / e2f4

r * b q k b n r 
p p p * p p p p 
* * * p * * * * 
* * * * n * * * 
* * * * P N * * 
* * N * * * * * 
P P P P * P P P 
R * B Q K B * R 

[32;1m[Game] [0mPlayer's error code: 0
[32;1m[Game] [0mChecking move validity...
[32;1m[Board] [0mInitializing board (size: 8)...
[32;1m[Board] [0m32 piece(s) on board.
[32;1m[Board] [0mLoading history file `championship/chessgambit-matex/history.csv`...
[32;1m[Board] [0mLoaded 6 move(s).
[32;1m[Board] [0mHistory replayed, 32 piece(s) on board.
[32;1m[Board] [0mLoading move file `championship/chessgambit-matex/move.csv`...
[32;1m[Board] [0mWhite player is playing e2 to f4.
[32;1m[Board] [0m
[32;1m[Board] [0m     a b c d e f g h
[32;1m[Board] [0m   -------------------
[32;1m[Board] [0m 8 ||[30;1mr[0m| |[30;1mb[0m|[30;1mQ[0m|[30;1mK[0m|[30;1mb[0m|[30;1mk[0m|[30;1mr[0m|| 8
[32;1m[Board] [0m   -------------------
[32;1m[Board] [0m 7 ||[30;1mp[0m|[30;1mp[0m|[30;1mp[0m|[7;1m [0m|[30;1mp[0m|[30;1mp[0m|[30;1mp[0m|[30;1mp[0m|| 7
[32;1m[Board] [0m   -------------------
[32;1m[Board] [0m 6 ||[7;1m [0m| |[7;1m [0m|[30;1mp[0m|[7;1m [0m| |[7;1m [0m| || 6
[32;1m[Board] [0m   -------------------
[32;1m[Board] [0m 5 || |[7;1m [0m| |[7;1m [0m|[30;1mk[0m|[7;1m [0m| |[7;1m [0m|| 5
[32;1m[Board] [0m   -------------------
[32;1m[Board] [0m 4 ||[7;1m [0m| |[7;1m [0m| |[0;1mp[0m|[0;1mk[0m|[7;1m [0m| || 4
[32;1m[Board] [0m   -------------------
[32;1m[Board] [0m 3 || |[7;1m [0m|[0;1mk[0m|[7;1m [0m| |[7;1m [0m| |[7;1m [0m|| 3
[32;1m[Board] [0m   -------------------
[32;1m[Board] [0m 2 ||[0;1mp[0m|[0;1mp[0m|[0;1mp[0m|[0;1mp[0m|[7;1m [0m|[0;1mp[0m|[0;1mp[0m|[0;1mp[0m|| 2
[32;1m[Board] [0m   -------------------
[32;1m[Board] [0m 1 ||[0;1mr[0m|[7;1m [0m|[0;1mb[0m|[0;1mQ[0m|[0;1mK[0m|[0;1mb[0m| |[0;1mr[0m|| 1
[32;1m[Board] [0m   -------------------
[32;1m[Board] [0m     a b c d e f g h
[32;1m[Board] [0m
[32;1m[Referee] [0mThis is the turn of the Black player...
info depth 1 nodes 37 score cp 10 pv g8f6
info depth 2 nodes 442 score cp 0 pv e5f3
info depth 3 nodes 3043 score cp 0 pv g8f6
info depth 4 nodes 18637 score cp 0 pv c8g4
info depth 5 nodes 187388 score cp 0 pv g8f6
info depth 6 nodes 512753 score cp 0 pv e5c6
  a b c d e f g h
8 r . b q k b n r 
7 p p p . p p p p 
6 . . n p . . . . 
5 . . . . . . . . 
4 . . . . P N . . 
3 . . N . . . . . 
2 P P P P . P P P 
1 R . B Q K B . R 
[32;1m[Game] [0mPlayer's error code: 0
[32;1m[Game] [0mChecking move validity...
[32;1m[Board] [0mInitializing board (size: 8)...
[32;1m[Board] [0m32 piece(s) on board.
[32;1m[Board] [0mLoading history file `championship/chessgambit-matex/history.csv`...
[32;1m[Board] [0mLoaded 7 move(s).
[32;1m[Board] [0mHistory replayed, 32 piece(s) on board.
[32;1m[Board] [0mLoading move file `championship/chessgambit-matex/move.csv`...
[32;1m[Board] [0mBlack player is playing e5 to c6.
[32;1m[Board] [0m
[32;1m[Board] [0m     a b c d e f g h
[32;1m[Board] [0m   -------------------
[32;1m[Board] [0m 8 ||[30;1mr[0m| |[30;1mb[0m|[30;1mQ[0m|[30;1mK[0m|[30;1mb[0m|[30;1mk[0m|[30;1mr[0m|| 8
[32;1m[Board] [0m   -------------------
[32;1m[Board] [0m 7 ||[30;1mp[0m|[30;1mp[0m|[30;1mp[0m|[7;1m [0m|[30;1mp[0m|[30;1mp[0m|[30;1mp[0m|[30;1mp[0m|| 7
[32;1m[Board] [0m   -------------------
[32;1m[Board] [0m 6 ||[7;1m [0m| |[30;1mk[0m|[30;1mp[0m|[7;1m [0m| |[7;1m [0m| || 6
[32;1m[Board] [0m   -------------------
[32;1m[Board] [0m 5 || |[7;1m [0m| |[7;1m [0m| |[7;1m [0m| |[7;1m [0m|| 5
[32;1m[Board] [0m   -------------------
[32;1m[Board] [0m 4 ||[7;1m [0m| |[7;1m [0m| |[0;1mp[0m|[0;1mk[0m|[7;1m [0m| || 4
[32;1m[Board] [0m   -------------------
[32;1m[Board] [0m 3 || |[7;1m [0m|[0;1mk[0m|[7;1m [0m| |[7;1m [0m| |[7;1m [0m|| 3
[32;1m[Board] [0m   -------------------
[32;1m[Board] [0m 2 ||[0;1mp[0m|[0;1mp[0m|[0;1mp[0m|[0;1mp[0m|[7;1m [0m|[0;1mp[0m|[0;1mp[0m|[0;1mp[0m|| 2
[32;1m[Board] [0m   -------------------
[32;1m[Board] [0m 1 ||[0;1mr[0m|[7;1m [0m|[0;1mb[0m|[0;1mQ[0m|[0;1mK[0m|[0;1mb[0m| |[0;1mr[0m|| 1
[32;1m[Board] [0m   -------------------
[32;1m[Board] [0m     a b c d e f g h
[32;1m[Board] [0m
[32;1m[Referee] [0mThis is the turn of the White player...
Inputed Board
Currently playing: White

------------------------------Current Search Space--------------------------------------------
Possible moves for piece: P:
 P: (4,4)->(3,4) / e4e5
 P: (6,0)->(5,0) / a2a3
 P: (6,0)->(4,0) / a2a4
 P: (6,1)->(5,1) / b2b3
 P: (6,1)->(4,1) / b2b4
 P: (6,3)->(5,3) / d2d3
 P: (6,3)->(4,3) / d2d4
 P: (6,5)->(5,5) / f2f3
 P: (6,6)->(5,6) / g2g3
 P: (6,6)->(4,6) / g2g4
 P: (6,7)->(5,7) / h2h3
 P: (6,7)->(4,7) / h2h4
Possible moves for piece: R:
 R: (7,0)->(7,1) / a1b1
 R: (7,7)->(7,6) / h1g1
Possible moves for piece: N:
 N: (4,5)->(6,4) / f4e2
 N: (4,5)->(2,6) / f4g6
 N: (4,5)->(2,4) / f4e6
 N: (4,5)->(5,7) / f4h3
 N: (4,5)->(3,7) / f4h5
 N: (4,5)->(5,3) / f4d3
 N: (4,5)->(3,3) / f4d5
 N: (5,2)->(7,1) / c3b1
 N: (5,2)->(3,3) / c3d5
 N: (5,2)->(3,1) / c3b5
 N: (5,2)->(6,4) / c3e2
 N: (5,2)->(4,0) / c3a4
Possible moves for piece: B:
 B: (7,5)->(6,4) / f1e2
 B: (7,5)->(5,3) / f1d3
 B: (7,5)->(4,2) / f1c4
 B: (7,5)->(3,1) / f1b5
 B: (7,5)->(2,0) / f1a6
Possible moves for piece: Q:
 Q: (7,3)->(6,4) / d1e2
 Q: (7,3)->(5,5) / d1f3
 Q: (7,3)->(4,6) / d1g4
 Q: (7,3)->(3,7) / d1h5
Possible moves for piece: K:
 K: (7,4)->(6,4) / e1e2

------------------------------Filtered Search Space--------------------------------------------
Possible moves for piece: P:
 P: (4,4)->(3,4) / e4e5
 P: (6,0)->(5,0) / a2a3
 P: (6,0)->(4,0) / a2a4
 P: (6,1)->(5,1) / b2b3
 P: (6,1)->(4,1) / b2b4
 P: (6,3)->(5,3) / d2d3
 P: (6,3)->(4,3) / d2d4
 P: (6,5)->(5,5) / f2f3
 P: (6,6)->(5,6) / g2g3
 P: (6,6)->(4,6) / g2g4
 P: (6,7)->(5,7) / h2h3
 P: (6,7)->(4,7) / h2h4
Possible moves for piece: R:
 R: (7,0)->(7,1) / a1b1
 R: (7,7)->(7,6) / h1g1
Possible moves for piece: N:
 N: (4,5)->(6,4) / f4e2
 N: (4,5)->(2,6) / f4g6
 N: (4,5)->(2,4) / f4e6
 N: (4,5)->(5,7) / f4h3
 N: (4,5)->(3,7) / f4h5
 N: (4,5)->(5,3) / f4d3
 N: (4,5)->(3,3) / f4d5
 N: (5,2)->(7,1) / c3b1
 N: (5,2)->(3,3) / c3d5
 N: (5,2)->(3,1) / c3b5
 N: (5,2)->(6,4) / c3e2
 N: (5,2)->(4,0) / c3a4
Possible moves for piece: B:
 B: (7,5)->(6,4) / f1e2
 B: (7,5)->(5,3) / f1d3
 B: (7,5)->(4,2) / f1c4
 B: (7,5)->(3,1) / f1b5
 B: (7,5)->(2,0) / f1a6
Possible moves for piece: Q:
 Q: (7,3)->(6,4) / d1e2
 Q: (7,3)->(5,5) / d1f3
 Q: (7,3)->(4,6) / d1g4
 Q: (7,3)->(3,7) / d1h5
Possible moves for piece: K:
 K: (7,4)->(6,4) / e1e2

--------------------------------Info on Attacks---------------------------------------------------
Squares attacked by Black pieces:
(0,1) (1,3) (2,0) (2,1) (2,4) (2,5) (2,6) (2,7) (3,0) (3,2) (3,4) (3,5) (4,1) (4,3) (4,6) (5,7) 

-------------------------------Squares controlled by the enemy------------------------------------
* X * * * * * * 
* * * X * * * * 
X X * * X X X X 
X * X * X X * * 
* X * X * * X * 
* * * * * * * X 
* * * * * * * * 
* * * * * * * * 

------------------------------Check Information---------------------------------------------------
White King located at: (7,4)
White King is safe, no check at this position.

------------------------------Special Move Information-------------------------------------------
No en passant allowed right now
------------------------------Castling Rights Information-------------------------------------------
White Kingside Castle:  AVAILABLE
White Queenside Castle: AVAILABLE
Black Kingside Castle:  AVAILABLE
Black Queenside Castle: AVAILABLE
---------------------------------------------------------------------------------------------------

========== CAPTURE EXPLORATION ==========
========================================

========== CHECK EXPLORATION ==========
(no checks found)
======================================
--------------------------------------------------------------------------------------------------
Chosen Move: (7,5) --> (5,3)
 / f1d3

r * b q k b n r 
p p p * p p p p 
* * n p * * * * 
* * * * * * * * 
* * * * P N * * 
* * N B * * * * 
P P P P * P P P 
R * B Q K * * R 

[32;1m[Game] [0mPlayer's error code: 0
[32;1m[Game] [0mChecking move validity...
[32;1m[Board] [0mInitializing board (size: 8)...
[32;1m[Board] [0m32 piece(s) on board.
[32;1m[Board] [0mLoading history file `championship/chessgambit-matex/history.csv`...
[32;1m[Board] [0mLoaded 8 move(s).
[32;1m[Board] [0mHistory replayed, 32 piece(s) on board.
[32;1m[Board] [0mLoading move file `championship/chessgambit-matex/move.csv`...
[32;1m[Board] [0mWhite player is playing f1 to d3.
[32;1m[Board] [0m
[32;1m[Board] [0m     a b c d e f g h
[32;1m[Board] [0m   -------------------
[32;1m[Board] [0m 8 ||[30;1mr[0m| |[30;1mb[0m|[30;1mQ[0m|[30;1mK[0m|[30;1mb[0m|[30;1mk[0m|[30;1mr[0m|| 8
[32;1m[Board] [0m   -------------------
[32;1m[Board] [0m 7 ||[30;1mp[0m|[30;1mp[0m|[30;1mp[0m|[7;1m [0m|[30;1mp[0m|[30;1mp[0m|[30;1mp[0m|[30;1mp[0m|| 7
[32;1m[Board] [0m   -------------------
[32;1m[Board] [0m 6 ||[7;1m [0m| |[30;1mk[0m|[30;1mp[0m|[7;1m [0m| |[7;1m [0m| || 6
[32;1m[Board] [0m   -------------------
[32;1m[Board] [0m 5 || |[7;1m [0m| |[7;1m [0m| |[7;1m [0m| |[7;1m [0m|| 5
[32;1m[Board] [0m   -------------------
[32;1m[Board] [0m 4 ||[7;1m [0m| |[7;1m [0m| |[0;1mp[0m|[0;1mk[0m|[7;1m [0m| || 4
[32;1m[Board] [0m   -------------------
[32;1m[Board] [0m 3 || |[7;1m [0m|[0;1mk[0m|[0;1mb[0m| |[7;1m [0m| |[7;1m [0m|| 3
[32;1m[Board] [0m   -------------------
[32;1m[Board] [0m 2 ||[0;1mp[0m|[0;1mp[0m|[0;1mp[0m|[0;1mp[0m|[7;1m [0m|[0;1mp[0m|[0;1mp[0m|[0;1mp[0m|| 2
[32;1m[Board] [0m   -------------------
[32;1m[Board] [0m 1 ||[0;1mr[0m|[7;1m [0m|[0;1mb[0m|[0;1mQ[0m|[0;1mK[0m|[7;1m [0m| |[0;1mr[0m|| 1
[32;1m[Board] [0m   -------------------
[32;1m[Board] [0m     a b c d e f g h
[32;1m[Board] [0m
[32;1m[Referee] [0mThis is the turn of the Black player...
info depth 1 nodes 33 score cp -20 pv g8f6
info depth 2 nodes 314 score cp -30 pv g8f6
info depth 3 nodes 3247 score cp -25 pv g8f6
info depth 4 nodes 18924 score cp 0 pv g8f6
info depth 5 nodes 127631 score cp 0 pv e7e5
  a b c d e f g h
8 r . b q k b n r 
7 p p p . . p p p 
6 . . n p . . . . 
5 . . . . p . . . 
4 . . . . P N . . 
3 . . N B . . . . 
2 P P P P . P P P 
1 R . B Q K . . R 
[32;1m[Game] [0mPlayer's error code: 0
[32;1m[Game] [0mChecking move validity...
[32;1m[Board] [0mInitializing board (size: 8)...
[32;1m[Board] [0m32 piece(s) on board.
[32;1m[Board] [0mLoading history file `championship/chessgambit-matex/history.csv`...
[32;1m[Board] [0mLoaded 9 move(s).
[32;1m[Board] [0mHistory replayed, 32 piece(s) on board.
[32;1m[Board] [0mLoading move file `championship/chessgambit-matex/move.csv`...
[32;1m[Board] [0mBlack player is playing e7 to e5.
[32;1m[Board] [0m
[32;1m[Board] [0m     a b c d e f g h
[32;1m[Board] [0m   -------------------
[32;1m[Board] [0m 8 ||[30;1mr[0m| |[30;1mb[0m|[30;1mQ[0m|[30;1mK[0m|[30;1mb[0m|[30;1mk[0m|[30;1mr[0m|| 8
[32;1m[Board] [0m   -------------------
[32;1m[Board] [0m 7 ||[30;1mp[0m|[30;1mp[0m|[30;1mp[0m|[7;1m [0m| |[30;1mp[0m|[30;1mp[0m|[30;1mp[0m|| 7
[32;1m[Board] [0m   -------------------
[32;1m[Board] [0m 6 ||[7;1m [0m| |[30;1mk[0m|[30;1mp[0m|[7;1m [0m| |[7;1m [0m| || 6
[32;1m[Board] [0m   -------------------
[32;1m[Board] [0m 5 || |[7;1m [0m| |[7;1m [0m|[30;1mp[0m|[7;1m [0m| |[7;1m [0m|| 5
[32;1m[Board] [0m   -------------------
[32;1m[Board] [0m 4 ||[7;1m [0m| |[7;1m [0m| |[0;1mp[0m|[0;1mk[0m|[7;1m [0m| || 4
[32;1m[Board] [0m   -------------------
[32;1m[Board] [0m 3 || |[7;1m [0m|[0;1mk[0m|[0;1mb[0m| |[7;1m [0m| |[7;1m [0m|| 3
[32;1m[Board] [0m   -------------------
[32;1m[Board] [0m 2 ||[0;1mp[0m|[0;1mp[0m|[0;1mp[0m|[0;1mp[0m|[7;1m [0m|[0;1mp[0m|[0;1mp[0m|[0;1mp[0m|| 2
[32;1m[Board] [0m   -------------------
[32;1m[Board] [0m 1 ||[0;1mr[0m|[7;1m [0m|[0;1mb[0m|[0;1mQ[0m|[0;1mK[0m|[7;1m [0m| |[0;1mr[0m|| 1
[32;1m[Board] [0m   -------------------
[32;1m[Board] [0m     a b c d e f g h
[32;1m[Board] [0m
[32;1m[Referee] [0mThis is the turn of the White player...
Inputed Board
Currently playing: White

------------------------------Current Search Space--------------------------------------------
Possible moves for piece: P:
 P: (6,0)->(5,0) / a2a3
 P: (6,0)->(4,0) / a2a4
 P: (6,1)->(5,1) / b2b3
 P: (6,1)->(4,1) / b2b4
 P: (6,5)->(5,5) / f2f3
 P: (6,6)->(5,6) / g2g3
 P: (6,6)->(4,6) / g2g4
 P: (6,7)->(5,7) / h2h3
 P: (6,7)->(4,7) / h2h4
Possible moves for piece: R:
 R: (7,0)->(7,1) / a1b1
 R: (7,7)->(7,6) / h1g1
 R: (7,7)->(7,5) / h1f1
Possible moves for piece: N:
 N: (4,5)->(6,4) / f4e2
 N: (4,5)->(2,6) / f4g6
 N: (4,5)->(2,4) / f4e6
 N: (4,5)->(5,7) / f4h3
 N: (4,5)->(3,7) / f4h5
 N: (4,5)->(3,3) / f4d5
 N: (5,2)->(7,1) / c3b1
 N: (5,2)->(3,3) / c3d5
 N: (5,2)->(3,1) / c3b5
 N: (5,2)->(6,4) / c3e2
 N: (5,2)->(4,0) / c3a4
Possible moves for piece: B:
 B: (5,3)->(4,2) / d3c4
 B: (5,3)->(3,1) / d3b5
 B: (5,3)->(2,0) / d3a6
 B: (5,3)->(6,4) / d3e2
 B: (5,3)->(7,5) / d3f1
Possible moves for piece: Q:
 Q: (7,3)->(6,4) / d1e2
 Q: (7,3)->(5,5) / d1f3
 Q: (7,3)->(4,6) / d1g4
 Q: (7,3)->(3,7) / d1h5
Possible moves for piece: K:
 K: (7,4)->(6,4) / e1e2
 K: (7,4)->(7,5) / e1f1
 K: (7,4)->(7,6) / e1g1

------------------------------Filtered Search Space--------------------------------------------
Possible moves for piece: P:
 P: (6,0)->(5,0) / a2a3
 P: (6,0)->(4,0) / a2a4
 P: (6,1)->(5,1) / b2b3
 P: (6,1)->(4,1) / b2b4
 P: (6,5)->(5,5) / f2f3
 P: (6,6)->(5,6) / g2g3
 P: (6,6)->(4,6) / g2g4
 P: (6,7)->(5,7) / h2h3
 P: (6,7)->(4,7) / h2h4
Possible moves for piece: R:
 R: (7,0)->(7,1) / a1b1
 R: (7,7)->(7,6) / h1g1
 R: (7,7)->(7,5) / h1f1
Possible moves for piece: N:
 N: (4,5)->(6,4) / f4e2
 N: (4,5)->(2,6) / f4g6
 N: (4,5)->(2,4) / f4e6
 N: (4,5)->(5,7) / f4h3
 N: (4,5)->(3,7) / f4h5
 N: (4,5)->(3,3) / f4d5
 N: (5,2)->(7,1) / c3b1
 N: (5,2)->(3,3) / c3d5
 N: (5,2)->(3,1) / c3b5
 N: (5,2)->(6,4) / c3e2
 N: (5,2)->(4,0) / c3a4
Possible moves for piece: B:
 B: (5,3)->(4,2) / d3c4
 B: (5,3)->(3,1) / d3b5
 B: (5,3)->(2,0) / d3a6
 B: (5,3)->(6,4) / d3e2
 B: (5,3)->(7,5) / d3f1
Possible moves for piece: Q:
 Q: (7,3)->(6,4) / d1e2
 Q: (7,3)->(5,5) / d1f3
 Q: (7,3)->(4,6) / d1g4
 Q: (7,3)->(3,7) / d1h5
Possible moves for piece: K:
 K: (7,4)->(6,4) / e1e2
 K: (7,4)->(7,5) / e1f1
 K: (7,4)->(7,6) / e1g1

--------------------------------Info on Attacks---------------------------------------------------
Squares attacked by Black pieces:
(0,1) (1,3) (1,4) (2,0) (2,1) (2,4) (2,5) (2,6) (2,7) (3,0) (3,2) (3,5) (3,6) (4,1) (4,3) (4,5) (4,6) (4,7) (5,7) 

-------------------------------Squares controlled by the enemy------------------------------------
* X * * * * * * 
* * * X X * * * 
X X * * X X X X 
X * X * * X X * 
* X * X * X X X 
* * * * * * * X 
* * * * * * * * 
* * * * * * * * 

------------------------------Check Information---------------------------------------------------
White King located at: (7,4)
White King is safe, no check at this position.

------------------------------Special Move Information-------------------------------------------
No en passant allowed right now
------------------------------Castling Rights Information-------------------------------------------
White Kingside Castle:  AVAILABLE
White Queenside Castle: AVAILABLE
Black Kingside Castle:  AVAILABLE
Black Queenside Castle: AVAILABLE
---------------------------------------------------------------------------------------------------

========== CAPTURE EXPLORATION ==========
========================================

========== CHECK EXPLORATION ==========
(no checks found)
======================================
--------------------------------------------------------------------------------------------------
Chosen Move: (4,5) --> (6,4)
 / f4e2

r * b q k b n r 
p p p * * p p p 
* * n p * * * * 
* * * * p * * * 
* * * * P * * * 
* * N B * * * * 
P P P P N P P P 
R * B Q K * * R 

[32;1m[Game] [0mPlayer's error code: 0
[32;1m[Game] [0mChecking move validity...
[32;1m[Board] [0mInitializing board (size: 8)...
[32;1m[Board] [0m32 piece(s) on board.
[32;1m[Board] [0mLoading history file `championship/chessgambit-matex/history.csv`...
[32;1m[Board] [0mLoaded 10 move(s).
[32;1m[Board] [0mHistory replayed, 32 piece(s) on board.
[32;1m[Board] [0mLoading move file `championship/chessgambit-matex/move.csv`...
[32;1m[Board] [0mWhite player is playing f4 to e2.
[32;1m[Board] [0m
[32;1m[Board] [0m     a b c d e f g h
[32;1m[Board] [0m   -------------------
[32;1m[Board] [0m 8 ||[30;1mr[0m| |[30;1mb[0m|[30;1mQ[0m|[30;1mK[0m|[30;1mb[0m|[30;1mk[0m|[30;1mr[0m|| 8
[32;1m[Board] [0m   -------------------
[32;1m[Board] [0m 7 ||[30;1mp[0m|[30;1mp[0m|[30;1mp[0m|[7;1m [0m| |[30;1mp[0m|[30;1mp[0m|[30;1mp[0m|| 7
[32;1m[Board] [0m   -------------------
[32;1m[Board] [0m 6 ||[7;1m [0m| |[30;1mk[0m|[30;1mp[0m|[7;1m [0m| |[7;1m [0m| || 6
[32;1m[Board] [0m   -------------------
[32;1m[Board] [0m 5 || |[7;1m [0m| |[7;1m [0m|[30;1mp[0m|[7;1m [0m| |[7;1m [0m|| 5
[32;1m[Board] [0m   -------------------
[32;1m[Board] [0m 4 ||[7;1m [0m| |[7;1m [0m| |[0;1mp[0m| |[7;1m [0m| || 4
[32;1m[Board] [0m   -------------------
[32;1m[Board] [0m 3 || |[7;1m [0m|[0;1mk[0m|[0;1mb[0m| |[7;1m [0m| |[7;1m [0m|| 3
[32;1m[Board] [0m   -------------------
[32;1m[Board] [0m 2 ||[0;1mp[0m|[0;1mp[0m|[0;1mp[0m|[0;1mp[0m|[0;1mk[0m|[0;1mp[0m|[0;1mp[0m|[0;1mp[0m|| 2
[32;1m[Board] [0m   -------------------
[32;1m[Board] [0m 1 ||[0;1mr[0m|[7;1m [0m|[0;1mb[0m|[0;1mQ[0m|[0;1mK[0m|[7;1m [0m| |[0;1mr[0m|| 1
[32;1m[Board] [0m   -------------------
[32;1m[Board] [0m     a b c d e f g h
[32;1m[Board] [0m
[32;1m[Referee] [0mThis is the turn of the Black player...
info depth 1 nodes 33 score cp -30 pv g8f6
info depth 2 nodes 207 score cp -40 pv g8f6
info depth 3 nodes 2339 score cp -20 pv c8e6
info depth 4 nodes 19075 score cp 0 pv f8e7
info depth 5 nodes 106795 score cp 0 pv c6b8
info depth 6 nodes 421716 score cp 0 pv g8f6
  a b c d e f g h
8 r . b q k b . r 
7 p p p . . p p p 
6 . . n p . n . . 
5 . . . . p . . . 
4 . . . . P . . . 
3 . . N B . . . . 
2 P P P P N P P P 
1 R . B Q K . . R 
[32;1m[Game] [0mPlayer's error code: 0
[32;1m[Game] [0mChecking move validity...
[32;1m[Board] [0mInitializing board (size: 8)...
[32;1m[Board] [0m32 piece(s) on board.
[32;1m[Board] [0mLoading history file `championship/chessgambit-matex/history.csv`...
[32;1m[Board] [0mLoaded 11 move(s).
[32;1m[Board] [0mHistory replayed, 32 piece(s) on board.
[32;1m[Board] [0mLoading move file `championship/chessgambit-matex/move.csv`...
[32;1m[Board] [0mBlack player is playing g8 to f6.
[32;1m[Board] [0m
[32;1m[Board] [0m     a b c d e f g h
[32;1m[Board] [0m   -------------------
[32;1m[Board] [0m 8 ||[30;1mr[0m| |[30;1mb[0m|[30;1mQ[0m|[30;1mK[0m|[30;1mb[0m|[7;1m [0m|[30;1mr[0m|| 8
[32;1m[Board] [0m   -------------------
[32;1m[Board] [0m 7 ||[30;1mp[0m|[30;1mp[0m|[30;1mp[0m|[7;1m [0m| |[30;1mp[0m|[30;1mp[0m|[30;1mp[0m|| 7
[32;1m[Board] [0m   -------------------
[32;1m[Board] [0m 6 ||[7;1m [0m| |[30;1mk[0m|[30;1mp[0m|[7;1m [0m|[30;1mk[0m|[7;1m [0m| || 6
[32;1m[Board] [0m   -------------------
[32;1m[Board] [0m 5 || |[7;1m [0m| |[7;1m [0m|[30;1mp[0m|[7;1m [0m| |[7;1m [0m|| 5
[32;1m[Board] [0m   -------------------
[32;1m[Board] [0m 4 ||[7;1m [0m| |[7;1m [0m| |[0;1mp[0m| |[7;1m [0m| || 4
[32;1m[Board] [0m   -------------------
[32;1m[Board] [0m 3 || |[7;1m [0m|[0;1mk[0m|[0;1mb[0m| |[7;1m [0m| |[7;1m [0m|| 3
[32;1m[Board] [0m   -------------------
[32;1m[Board] [0m 2 ||[0;1mp[0m|[0;1mp[0m|[0;1mp[0m|[0;1mp[0m|[0;1mk[0m|[0;1mp[0m|[0;1mp[0m|[0;1mp[0m|| 2
[32;1m[Board] [0m   -------------------
[32;1m[Board] [0m 1 ||[0;1mr[0m|[7;1m [0m|[0;1mb[0m|[0;1mQ[0m|[0;1mK[0m|[7;1m [0m| |[0;1mr[0m|| 1
[32;1m[Board] [0m   -------------------
[32;1m[Board] [0m     a b c d e f g h
[32;1m[Board] [0m
[32;1m[Referee] [0mThis is the turn of the White player...
Inputed Board
Currently playing: White

------------------------------Current Search Space--------------------------------------------
Possible moves for piece: P:
 P: (6,0)->(5,0) / a2a3
 P: (6,0)->(4,0) / a2a4
 P: (6,1)->(5,1) / b2b3
 P: (6,1)->(4,1) / b2b4
 P: (6,5)->(5,5) / f2f3
 P: (6,5)->(4,5) / f2f4
 P: (6,6)->(5,6) / g2g3
 P: (6,6)->(4,6) / g2g4
 P: (6,7)->(5,7) / h2h3
 P: (6,7)->(4,7) / h2h4
Possible moves for piece: R:
 R: (7,0)->(7,1) / a1b1
 R: (7,7)->(7,6) / h1g1
 R: (7,7)->(7,5) / h1f1
Possible moves for piece: N:
 N: (5,2)->(7,1) / c3b1
 N: (5,2)->(3,3) / c3d5
 N: (5,2)->(3,1) / c3b5
 N: (5,2)->(4,0) / c3a4
 N: (6,4)->(4,5) / e2f4
 N: (6,4)->(4,3) / e2d4
 N: (6,4)->(7,6) / e2g1
 N: (6,4)->(5,6) / e2g3
Possible moves for piece: B:
 B: (5,3)->(4,2) / d3c4
 B: (5,3)->(3,1) / d3b5
 B: (5,3)->(2,0) / d3a6
Possible moves for piece: K:
 K: (7,4)->(7,5) / e1f1
 K: (7,4)->(7,6) / e1g1

------------------------------Filtered Search Space--------------------------------------------
Possible moves for piece: P:
 P: (6,0)->(5,0) / a2a3
 P: (6,0)->(4,0) / a2a4
 P: (6,1)->(5,1) / b2b3
 P: (6,1)->(4,1) / b2b4
 P: (6,5)->(5,5) / f2f3
 P: (6,5)->(4,5) / f2f4
 P: (6,6)->(5,6) / g2g3
 P: (6,6)->(4,6) / g2g4
 P: (6,7)->(5,7) / h2h3
 P: (6,7)->(4,7) / h2h4
Possible moves for piece: R:
 R: (7,0)->(7,1) / a1b1
 R: (7,7)->(7,6) / h1g1
 R: (7,7)->(7,5) / h1f1
Possible moves for piece: N:
 N: (5,2)->(7,1) / c3b1
 N: (5,2)->(3,3) / c3d5
 N: (5,2)->(3,1) / c3b5
 N: (5,2)->(4,0) / c3a4
 N: (6,4)->(4,5) / e2f4
 N: (6,4)->(4,3) / e2d4
 N: (6,4)->(7,6) / e2g1
 N: (6,4)->(5,6) / e2g3
Possible moves for piece: B:
 B: (5,3)->(4,2) / d3c4
 B: (5,3)->(3,1) / d3b5
 B: (5,3)->(2,0) / d3a6
Possible moves for piece: K:
 K: (7,4)->(7,5) / e1f1
 K: (7,4)->(7,6) / e1g1

--------------------------------Info on Attacks---------------------------------------------------
Squares attacked by Black pieces:
(0,1) (0,6) (1,3) (1,4) (2,0) (2,1) (2,4) (2,6) (2,7) (3,0) (3,2) (3,3) (3,5) (3,7) (4,1) (4,3) (4,4) (4,5) (4,6) (5,7) 

-------------------------------Squares controlled by the enemy------------------------------------
* X * * * * X * 
* * * X X * * * 
X X * * X * X X 
X * X X * X * X 
* X * X X X X * 
* * * * * * * X 
* * * * * * * * 
* * * * * * * * 

------------------------------Check Information---------------------------------------------------
White King located at: (7,4)
White King is safe, no check at this position.

------------------------------Special Move Information-------------------------------------------
No en passant allowed right now
------------------------------Castling Rights Information-------------------------------------------
White Kingside Castle:  AVAILABLE
White Queenside Castle: AVAILABLE
Black Kingside Castle:  AVAILABLE
Black Queenside Castle: AVAILABLE
---------------------------------------------------------------------------------------------------

========== CAPTURE EXPLORATION ==========
========================================

========== CHECK EXPLORATION ==========
(no checks found)
======================================
--------------------------------------------------------------------------------------------------
Chosen Move: (7,4) --> (7,6)
 / e1g1

r * b q k b * r 
p p p * * p p p 
* * n p * n * * 
* * * * p * * * 
* * * * P * * * 
* * N B * * * * 
P P P P N P P P 
R * B Q * R K * 

[32;1m[Game] [0mPlayer's error code: 0
[32;1m[Game] [0mChecking move validity...
[32;1m[Board] [0mInitializing board (size: 8)...
[32;1m[Board] [0m32 piece(s) on board.
[32;1m[Board] [0mLoading history file `championship/chessgambit-matex/history.csv`...
[32;1m[Board] [0mLoaded 12 move(s).
[32;1m[Board] [0mHistory replayed, 32 piece(s) on board.
[32;1m[Board] [0mLoading move file `championship/chessgambit-matex/move.csv`...
[32;1m[Board] [0mWhite player is playing e1 to g1.
[32;1m[Board] [0mWhite player is castling kingside...
[32;1m[Board] [0m
[32;1m[Board] [0m     a b c d e f g h
[32;1m[Board] [0m   -------------------
[32;1m[Board] [0m 8 ||[30;1mr[0m| |[30;1mb[0m|[30;1mQ[0m|[30;1mK[0m|[30;1mb[0m|[7;1m [0m|[30;1mr[0m|| 8
[32;1m[Board] [0m   -------------------
[32;1m[Board] [0m 7 ||[30;1mp[0m|[30;1mp[0m|[30;1mp[0m|[7;1m [0m| |[30;1mp[0m|[30;1mp[0m|[30;1mp[0m|| 7
[32;1m[Board] [0m   -------------------
[32;1m[Board] [0m 6 ||[7;1m [0m| |[30;1mk[0m|[30;1mp[0m|[7;1m [0m|[30;1mk[0m|[7;1m [0m| || 6
[32;1m[Board] [0m   -------------------
[32;1m[Board] [0m 5 || |[7;1m [0m| |[7;1m [0m|[30;1mp[0m|[7;1m [0m| |[7;1m [0m|| 5
[32;1m[Board] [0m   -------------------
[32;1m[Board] [0m 4 ||[7;1m [0m| |[7;1m [0m| |[0;1mp[0m| |[7;1m [0m| || 4
[32;1m[Board] [0m   -------------------
[32;1m[Board] [0m 3 || |[7;1m [0m|[0;1mk[0m|[0;1mb[0m| |[7;1m [0m| |[7;1m [0m|| 3
[32;1m[Board] [0m   -------------------
[32;1m[Board] [0m 2 ||[0;1mp[0m|[0;1mp[0m|[0;1mp[0m|[0;1mp[0m|[0;1mk[0m|[0;1mp[0m|[0;1mp[0m|[0;1mp[0m|| 2
[32;1m[Board] [0m   -------------------
[32;1m[Board] [0m 1 ||[0;1mr[0m|[7;1m [0m|[0;1mb[0m|[0;1mQ[0m| |[0;1mr[0m|[0;1mK[0m|[7;1m [0m|| 1
[32;1m[Board] [0m   -------------------
[32;1m[Board] [0m     a b c d e f g h
[32;1m[Board] [0m
[32;1m[Referee] [0mThis is the turn of the Black player...
info depth 1 nodes 47 score cp -20 pv c8e6
info depth 2 nodes 692 score cp -20 pv c8e6
info depth 3 nodes 3059 score cp -10 pv c8e6
info depth 4 nodes 18208 score cp 0 pv c8e6
info depth 5 nodes 71859 score cp 0 pv f6g8
info depth 6 nodes 324951 score cp 0 pv c8e6
  a b c d e f g h
8 r . . q k b . r 
7 p p p . . p p p 
6 . . n p b n . . 
5 . . . . p . . . 
4 . . . . P . . . 
3 . . N B . . . . 
2 P P P P N P P P 
1 R . B Q . . K R 
[32;1m[Game] [0mPlayer's error code: 0
[32;1m[Game] [0mChecking move validity...
[32;1m[Board] [0mInitializing board (size: 8)...
[32;1m[Board] [0m32 piece(s) on board.
[32;1m[Board] [0mLoading history file `championship/chessgambit-matex/history.csv`...
[32;1m[Board] [0mLoaded 13 move(s).
[32;1m[Board] [0mHistory replayed, 32 piece(s) on board.
[32;1m[Board] [0mLoading move file `championship/chessgambit-matex/move.csv`...
[32;1m[Board] [0mBlack player is playing c8 to e6.
[32;1m[Board] [0m
[32;1m[Board] [0m     a b c d e f g h
[32;1m[Board] [0m   -------------------
[32;1m[Board] [0m 8 ||[30;1mr[0m| |[7;1m [0m|[30;1mQ[0m|[30;1mK[0m|[30;1mb[0m|[7;1m [0m|[30;1mr[0m|| 8
[32;1m[Board] [0m   -------------------
[32;1m[Board] [0m 7 ||[30;1mp[0m|[30;1mp[0m|[30;1mp[0m|[7;1m [0m| |[30;1mp[0m|[30;1mp[0m|[30;1mp[0m|| 7
[32;1m[Board] [0m   -------------------
[32;1m[Board] [0m 6 ||[7;1m [0m| |[30;1mk[0m|[30;1mp[0m|[30;1mb[0m|[30;1mk[0m|[7;1m [0m| || 6
[32;1m[Board] [0m   -------------------
[32;1m[Board] [0m 5 || |[7;1m [0m| |[7;1m [0m|[30;1mp[0m|[7;1m [0m| |[7;1m [0m|| 5
[32;1m[Board] [0m   -------------------
[32;1m[Board] [0m 4 ||[7;1m [0m| |[7;1m [0m| |[0;1mp[0m| |[7;1m [0m| || 4
[32;1m[Board] [0m   -------------------
[32;1m[Board] [0m 3 || |[7;1m [0m|[0;1mk[0m|[0;1mb[0m| |[7;1m [0m| |[7;1m [0m|| 3
[32;1m[Board] [0m   -------------------
[32;1m[Board] [0m 2 ||[0;1mp[0m|[0;1mp[0m|[0;1mp[0m|[0;1mp[0m|[0;1mk[0m|[0;1mp[0m|[0;1mp[0m|[0;1mp[0m|| 2
[32;1m[Board] [0m   -------------------
[32;1m[Board] [0m 1 ||[0;1mr[0m|[7;1m [0m|[0;1mb[0m|[0;1mQ[0m| |[0;1mr[0m|[0;1mK[0m|[7;1m [0m|| 1
[32;1m[Board] [0m   -------------------
[32;1m[Board] [0m     a b c d e f g h
[32;1m[Board] [0m
[32;1m[Referee] [0mThis is the turn of the White player...
Inputed Board
Currently playing: White

------------------------------Current Search Space--------------------------------------------
Possible moves for piece: P:
 P: (6,0)->(5,0) / a2a3
 P: (6,0)->(4,0) / a2a4
 P: (6,1)->(5,1) / b2b3
 P: (6,1)->(4,1) / b2b4
 P: (6,5)->(5,5) / f2f3
 P: (6,5)->(4,5) / f2f4
 P: (6,6)->(5,6) / g2g3
 P: (6,6)->(4,6) / g2g4
 P: (6,7)->(5,7) / h2h3
 P: (6,7)->(4,7) / h2h4
Possible moves for piece: R:
 R: (7,0)->(7,1) / a1b1
 R: (7,5)->(7,4) / f1e1
Possible moves for piece: N:
 N: (5,2)->(7,1) / c3b1
 N: (5,2)->(3,3) / c3d5
 N: (5,2)->(3,1) / c3b5
 N: (5,2)->(4,0) / c3a4
 N: (6,4)->(4,5) / e2f4
 N: (6,4)->(4,3) / e2d4
 N: (6,4)->(5,6) / e2g3
Possible moves for piece: B:
 B: (5,3)->(4,2) / d3c4
 B: (5,3)->(3,1) / d3b5
 B: (5,3)->(2,0) / d3a6
Possible moves for piece: Q:
 Q: (7,3)->(7,4) / d1e1
Possible moves for piece: K:
 K: (7,6)->(7,7) / g1h1

------------------------------Filtered Search Space--------------------------------------------
Possible moves for piece: P:
 P: (6,0)->(5,0) / a2a3
 P: (6,0)->(4,0) / a2a4
 P: (6,1)->(5,1) / b2b3
 P: (6,1)->(4,1) / b2b4
 P: (6,5)->(5,5) / f2f3
 P: (6,5)->(4,5) / f2f4
 P: (6,6)->(5,6) / g2g3
 P: (6,6)->(4,6) / g2g4
 P: (6,7)->(5,7) / h2h3
 P: (6,7)->(4,7) / h2h4
Possible moves for piece: R:
 R: (7,0)->(7,1) / a1b1
 R: (7,5)->(7,4) / f1e1
Possible moves for piece: N:
 N: (5,2)->(7,1) / c3b1
 N: (5,2)->(3,3) / c3d5
 N: (5,2)->(3,1) / c3b5
 N: (5,2)->(4,0) / c3a4
 N: (6,4)->(4,5) / e2f4
 N: (6,4)->(4,3) / e2d4
 N: (6,4)->(5,6) / e2g3
Possible moves for piece: B:
 B: (5,3)->(4,2) / d3c4
 B: (5,3)->(3,1) / d3b5
 B: (5,3)->(2,0) / d3a6
Possible moves for piece: Q:
 Q: (7,3)->(7,4) / d1e1
Possible moves for piece: K:
 K: (7,6)->(7,7) / g1h1

--------------------------------Info on Attacks---------------------------------------------------
Squares attacked by Black pieces:
(0,1) (0,2) (0,6) (1,3) (1,4) (2,0) (2,1) (2,6) (2,7) (3,0) (3,2) (3,3) (3,5) (3,7) (4,1) (4,2) (4,3) (4,4) (4,5) (4,6) (5,1) (5,7) (6,0) 

-------------------------------Squares controlled by the enemy------------------------------------
* X X * * * X * 
* * * X X * * * 
X X * * * * X X 
X * X X * X * X 
* X X X X X X * 
* X * * * * * X 
X * * * * * * * 
* * * * * * * * 

------------------------------Check Information---------------------------------------------------
White King located at: (7,6)
White King is safe, no check at this position.

------------------------------Special Move Information-------------------------------------------
No en passant allowed right now
------------------------------Castling Rights Information-------------------------------------------
White Kingside Castle:  NOT AVAILABLE
White Queenside Castle: NOT AVAILABLE
Black Kingside Castle:  AVAILABLE
Black Queenside Castle: AVAILABLE
---------------------------------------------------------------------------------------------------

========== CAPTURE EXPLORATION ==========
========================================

========== CHECK EXPLORATION ==========
(no checks found)
======================================
--------------------------------------------------------------------------------------------------
Chosen Move: (5,3) --> (3,1)
 / d3b5

r * * q k b * r 
p p p * * p p p 
* * n p b n * * 
* B * * p * * * 
* * * * P * * * 
* * N * * * * * 
P P P P N P P P 
R * B Q * R K * 

[32;1m[Game] [0mPlayer's error code: 0
[32;1m[Game] [0mChecking move validity...
[32;1m[Board] [0mInitializing board (size: 8)...
[32;1m[Board] [0m32 piece(s) on board.
[32;1m[Board] [0mLoading history file `championship/chessgambit-matex/history.csv`...
[32;1m[Board] [0mLoaded 14 move(s).
[32;1m[Board] [0mHistory replayed, 32 piece(s) on board.
[32;1m[Board] [0mLoading move file `championship/chessgambit-matex/move.csv`...
[32;1m[Board] [0mWhite player is playing d3 to b5.
[32;1m[Board] [0m
[32;1m[Board] [0m     a b c d e f g h
[32;1m[Board] [0m   -------------------
[32;1m[Board] [0m 8 ||[30;1mr[0m| |[7;1m [0m|[30;1mQ[0m|[30;1mK[0m|[30;1mb[0m|[7;1m [0m|[30;1mr[0m|| 8
[32;1m[Board] [0m   -------------------
[32;1m[Board] [0m 7 ||[30;1mp[0m|[30;1mp[0m|[30;1mp[0m|[7;1m [0m| |[30;1mp[0m|[30;1mp[0m|[30;1mp[0m|| 7
[32;1m[Board] [0m   -------------------
[32;1m[Board] [0m 6 ||[7;1m [0m| |[30;1mk[0m|[30;1mp[0m|[30;1mb[0m|[30;1mk[0m|[7;1m [0m| || 6
[32;1m[Board] [0m   -------------------
[32;1m[Board] [0m 5 || |[0;1mb[0m| |[7;1m [0m|[30;1mp[0m|[7;1m [0m| |[7;1m [0m|| 5
[32;1m[Board] [0m   -------------------
[32;1m[Board] [0m 4 ||[7;1m [0m| |[7;1m [0m| |[0;1mp[0m| |[7;1m [0m| || 4
[32;1m[Board] [0m   -------------------
[32;1m[Board] [0m 3 || |[7;1m [0m|[0;1mk[0m|[7;1m [0m| |[7;1m [0m| |[7;1m [0m|| 3
[32;1m[Board] [0m   -------------------
[32;1m[Board] [0m 2 ||[0;1mp[0m|[0;1mp[0m|[0;1mp[0m|[0;1mp[0m|[0;1mk[0m|[0;1mp[0m|[0;1mp[0m|[0;1mp[0m|| 2
[32;1m[Board] [0m   -------------------
[32;1m[Board] [0m 1 ||[0;1mr[0m|[7;1m [0m|[0;1mb[0m|[0;1mQ[0m| |[0;1mr[0m|[0;1mK[0m|[7;1m [0m|| 1
[32;1m[Board] [0m   -------------------
[32;1m[Board] [0m     a b c d e f g h
[32;1m[Board] [0m
[32;1m[Referee] [0mThis is the turn of the Black player...
info depth 1 nodes 86 score cp -5 pv d8d7
info depth 2 nodes 672 score cp -15 pv d8d7
info depth 3 nodes 6080 score cp -5 pv d8d7
info depth 4 nodes 34386 score cp 0 pv e6d7
info depth 5 nodes 140925 score cp 0 pv e6d7
info depth 6 nodes 403885 score cp 0 pv d8d7
  a b c d e f g h
8 r . . . k b . r 
7 p p p q . p p p 
6 . . n p b n . . 
5 . B . . p . . . 
4 . . . . P . . . 
3 . . N . . . . . 
2 P P P P N P P P 
1 R . B Q . . K R 
[32;1m[Game] [0mPlayer's error code: 0
[32;1m[Game] [0mChecking move validity...
[32;1m[Board] [0mInitializing board (size: 8)...
[32;1m[Board] [0m32 piece(s) on board.
[32;1m[Board] [0mLoading history file `championship/chessgambit-matex/history.csv`...
[32;1m[Board] [0mLoaded 15 move(s).
[32;1m[Board] [0mHistory replayed, 32 piece(s) on board.
[32;1m[Board] [0mLoading move file `championship/chessgambit-matex/move.csv`...
[32;1m[Board] [0mBlack player is playing d8 to d7.
[32;1m[Board] [0m
[32;1m[Board] [0m     a b c d e f g h
[32;1m[Board] [0m   -------------------
[32;1m[Board] [0m 8 ||[30;1mr[0m| |[7;1m [0m| |[30;1mK[0m|[30;1mb[0m|[7;1m [0m|[30;1mr[0m|| 8
[32;1m[Board] [0m   -------------------
[32;1m[Board] [0m 7 ||[30;1mp[0m|[30;1mp[0m|[30;1mp[0m|[30;1mQ[0m| |[30;1mp[0m|[30;1mp[0m|[30;1mp[0m|| 7
[32;1m[Board] [0m   -------------------
[32;1m[Board] [0m 6 ||[7;1m [0m| |[30;1mk[0m|[30;1mp[0m|[30;1mb[0m|[30;1mk[0m|[7;1m [0m| || 6
[32;1m[Board] [0m   -------------------
[32;1m[Board] [0m 5 || |[0;1mb[0m| |[7;1m [0m|[30;1mp[0m|[7;1m [0m| |[7;1m [0m|| 5
[32;1m[Board] [0m   -------------------
[32;1m[Board] [0m 4 ||[7;1m [0m| |[7;1m [0m| |[0;1mp[0m| |[7;1m [0m| || 4
[32;1m[Board] [0m   -------------------
[32;1m[Board] [0m 3 || |[7;1m [0m|[0;1mk[0m|[7;1m [0m| |[7;1m [0m| |[7;1m [0m|| 3
[32;1m[Board] [0m   -------------------
[32;1m[Board] [0m 2 ||[0;1mp[0m|[0;1mp[0m|[0;1mp[0m|[0;1mp[0m|[0;1mk[0m|[0;1mp[0m|[0;1mp[0m|[0;1mp[0m|| 2
[32;1m[Board] [0m   -------------------
[32;1m[Board] [0m 1 ||[0;1mr[0m|[7;1m [0m|[0;1mb[0m|[0;1mQ[0m| |[0;1mr[0m|[0;1mK[0m|[7;1m [0m|| 1
[32;1m[Board] [0m   -------------------
[32;1m[Board] [0m     a b c d e f g h
[32;1m[Board] [0m
[32;1m[Referee] [0mThis is the turn of the White player...
Inputed Board
Currently playing: White

------------------------------Current Search Space--------------------------------------------
Possible moves for piece: P:
 P: (6,0)->(5,0) / a2a3
 P: (6,0)->(4,0) / a2a4
 P: (6,1)->(5,1) / b2b3
 P: (6,1)->(4,1) / b2b4
 P: (6,3)->(5,3) / d2d3
 P: (6,3)->(4,3) / d2d4
 P: (6,5)->(5,5) / f2f3
 P: (6,5)->(4,5) / f2f4
 P: (6,6)->(5,6) / g2g3
 P: (6,6)->(4,6) / g2g4
 P: (6,7)->(5,7) / h2h3
 P: (6,7)->(4,7) / h2h4
Possible moves for piece: R:
 R: (7,0)->(7,1) / a1b1
 R: (7,5)->(7,4) / f1e1
Possible moves for piece: N:
 N: (5,2)->(7,1) / c3b1
 N: (5,2)->(3,3) / c3d5
 N: (5,2)->(4,0) / c3a4
 N: (6,4)->(4,5) / e2f4
 N: (6,4)->(4,3) / e2d4
 N: (6,4)->(5,6) / e2g3
Possible moves for piece: B:
 B: (3,1)->(2,0) / b5a6
 B: (3,1)->(2,2) / b5c6
 B: (3,1)->(4,0) / b5a4
 B: (3,1)->(4,2) / b5c4
 B: (3,1)->(5,3) / b5d3
Possible moves for piece: Q:
 Q: (7,3)->(7,4) / d1e1
Possible moves for piece: K:
 K: (7,6)->(7,7) / g1h1

------------------------------Filtered Search Space--------------------------------------------
Possible moves for piece: P:
 P: (6,0)->(5,0) / a2a3
 P: (6,0)->(4,0) / a2a4
 P: (6,1)->(5,1) / b2b3
 P: (6,1)->(4,1) / b2b4
 P: (6,3)->(5,3) / d2d3
 P: (6,3)->(4,3) / d2d4
 P: (6,5)->(5,5) / f2f3
 P: (6,5)->(4,5) / f2f4
 P: (6,6)->(5,6) / g2g3
 P: (6,6)->(4,6) / g2g4
 P: (6,7)->(5,7) / h2h3
 P: (6,7)->(4,7) / h2h4
Possible moves for piece: R:
 R: (7,0)->(7,1) / a1b1
 R: (7,5)->(7,4) / f1e1
Possible moves for piece: N:
 N: (5,2)->(7,1) / c3b1
 N: (5,2)->(3,3) / c3d5
 N: (5,2)->(4,0) / c3a4
 N: (6,4)->(4,5) / e2f4
 N: (6,4)->(4,3) / e2d4
 N: (6,4)->(5,6) / e2g3
Possible moves for piece: B:
 B: (3,1)->(2,0) / b5a6
 B: (3,1)->(2,2) / b5c6
 B: (3,1)->(4,0) / b5a4
 B: (3,1)->(4,2) / b5c4
 B: (3,1)->(5,3) / b5d3
Possible moves for piece: Q:
 Q: (7,3)->(7,4) / d1e1
Possible moves for piece: K:
 K: (7,6)->(7,7) / g1h1

--------------------------------Info on Attacks---------------------------------------------------
Squares attacked by Black pieces:
(0,1) (0,2) (0,3) (0,6) (1,4) (2,0) (2,1) (2,6) (2,7) (3,0) (3,2) (3,3) (3,5) (3,7) (4,1) (4,2) (4,3) (4,4) (4,5) (4,6) (5,1) (5,7) (6,0) 

-------------------------------Squares controlled by the enemy------------------------------------
* X X X * * X * 
* * * * X * * * 
X X * * * * X X 
X * X X * X * X 
* X X X X X X * 
* X * * * * * X 
X * * * * * * * 
* * * * * * * * 

------------------------------Check Information---------------------------------------------------
White King located at: (7,6)
White King is safe, no check at this position.

------------------------------Special Move Information-------------------------------------------
No en passant allowed right now
------------------------------Castling Rights Information-------------------------------------------
White Kingside Castle:  NOT AVAILABLE
White Queenside Castle: NOT AVAILABLE
Black Kingside Castle:  AVAILABLE
Black Queenside Castle: AVAILABLE
---------------------------------------------------------------------------------------------------

========== CAPTURE EXPLORATION ==========
[0] B x n | Potential loss: NO | Score: -320
========================================

========== CHECK EXPLORATION ==========
(no checks found)
======================================
--------------------------------------------------------------------------------------------------
Chosen Move: (6,3) --> (5,3)
 / d2d3

r * * * k b * r 
p p p q * p p p 
* * n p b n * * 
* B * * p * * * 
* * * * P * * * 
* * N P * * * * 
P P P * N P P P 
R * B Q * R K * 

[32;1m[Game] [0mPlayer's error code: 0
[32;1m[Game] [0mChecking move validity...
[32;1m[Board] [0mInitializing board (size: 8)...
[32;1m[Board] [0m32 piece(s) on board.
[32;1m[Board] [0mLoading history file `championship/chessgambit-matex/history.csv`...
[32;1m[Board] [0mLoaded 16 move(s).
[32;1m[Board] [0mHistory replayed, 32 piece(s) on board.
[32;1m[Board] [0mLoading move file `championship/chessgambit-matex/move.csv`...
[32;1m[Board] [0mWhite player is playing d2 to d3.
[32;1m[Board] [0m
[32;1m[Board] [0m     a b c d e f g h
[32;1m[Board] [0m   -------------------
[32;1m[Board] [0m 8 ||[30;1mr[0m| |[7;1m [0m| |[30;1mK[0m|[30;1mb[0m|[7;1m [0m|[30;1mr[0m|| 8
[32;1m[Board] [0m   -------------------
[32;1m[Board] [0m 7 ||[30;1mp[0m|[30;1mp[0m|[30;1mp[0m|[30;1mQ[0m| |[30;1mp[0m|[30;1mp[0m|[30;1mp[0m|| 7
[32;1m[Board] [0m   -------------------
[32;1m[Board] [0m 6 ||[7;1m [0m| |[30;1mk[0m|[30;1mp[0m|[30;1mb[0m|[30;1mk[0m|[7;1m [0m| || 6
[32;1m[Board] [0m   -------------------
[32;1m[Board] [0m 5 || |[0;1mb[0m| |[7;1m [0m|[30;1mp[0m|[7;1m [0m| |[7;1m [0m|| 5
[32;1m[Board] [0m   -------------------
[32;1m[Board] [0m 4 ||[7;1m [0m| |[7;1m [0m| |[0;1mp[0m| |[7;1m [0m| || 4
[32;1m[Board] [0m   -------------------
[32;1m[Board] [0m 3 || |[7;1m [0m|[0;1mk[0m|[0;1mp[0m| |[7;1m [0m| |[7;1m [0m|| 3
[32;1m[Board] [0m   -------------------
[32;1m[Board] [0m 2 ||[0;1mp[0m|[0;1mp[0m|[0;1mp[0m| |[0;1mk[0m|[0;1mp[0m|[0;1mp[0m|[0;1mp[0m|| 2
[32;1m[Board] [0m   -------------------
[32;1m[Board] [0m 1 ||[0;1mr[0m|[7;1m [0m|[0;1mb[0m|[0;1mQ[0m| |[0;1mr[0m|[0;1mK[0m|[7;1m [0m|| 1
[32;1m[Board] [0m   -------------------
[32;1m[Board] [0m     a b c d e f g h
[32;1m[Board] [0m
[32;1m[Referee] [0mThis is the turn of the Black player...
info depth 1 nodes 296 score cp 25 pv f8e7
info depth 2 nodes 2160 score cp 15 pv d6d5
info depth 3 nodes 12695 score cp 10 pv f8e7
info depth 4 nodes 46275 score cp 10 pv f8e7
info depth 5 nodes 181832 score cp 0 pv d6d5
info depth 6 nodes 613913 score cp 0 pv f8e7
  a b c d e f g h
8 r . . . k . . r 
7 p p p q b p p p 
6 . . n p b n . . 
5 . B . . p . . . 
4 . . . . P . . . 
3 . . N P . . . . 
2 P P P . N P P P 
1 R . B Q . . K R 
[32;1m[Game] [0mPlayer's error code: 0
[32;1m[Game] [0mChecking move validity...
[32;1m[Board] [0mInitializing board (size: 8)...
[32;1m[Board] [0m32 piece(s) on board.
[32;1m[Board] [0mLoading history file `championship/chessgambit-matex/history.csv`...
[32;1m[Board] [0mLoaded 17 move(s).
[32;1m[Board] [0mHistory replayed, 32 piece(s) on board.
[32;1m[Board] [0mLoading move file `championship/chessgambit-matex/move.csv`...
[32;1m[Board] [0mBlack player is playing f8 to e7.
[32;1m[Board] [0m
[32;1m[Board] [0m     a b c d e f g h
[32;1m[Board] [0m   -------------------
[32;1m[Board] [0m 8 ||[30;1mr[0m| |[7;1m [0m| |[30;1mK[0m| |[7;1m [0m|[30;1mr[0m|| 8
[32;1m[Board] [0m   -------------------
[32;1m[Board] [0m 7 ||[30;1mp[0m|[30;1mp[0m|[30;1mp[0m|[30;1mQ[0m|[30;1mb[0m|[30;1mp[0m|[30;1mp[0m|[30;1mp[0m|| 7
[32;1m[Board] [0m   -------------------
[32;1m[Board] [0m 6 ||[7;1m [0m| |[30;1mk[0m|[30;1mp[0m|[30;1mb[0m|[30;1mk[0m|[7;1m [0m| || 6
[32;1m[Board] [0m   -------------------
[32;1m[Board] [0m 5 || |[0;1mb[0m| |[7;1m [0m|[30;1mp[0m|[7;1m [0m| |[7;1m [0m|| 5
[32;1m[Board] [0m   -------------------
[32;1m[Board] [0m 4 ||[7;1m [0m| |[7;1m [0m| |[0;1mp[0m| |[7;1m [0m| || 4
[32;1m[Board] [0m   -------------------
[32;1m[Board] [0m 3 || |[7;1m [0m|[0;1mk[0m|[0;1mp[0m| |[7;1m [0m| |[7;1m [0m|| 3
[32;1m[Board] [0m   -------------------
[32;1m[Board] [0m 2 ||[0;1mp[0m|[0;1mp[0m|[0;1mp[0m| |[0;1mk[0m|[0;1mp[0m|[0;1mp[0m|[0;1mp[0m|| 2
[32;1m[Board] [0m   -------------------
[32;1m[Board] [0m 1 ||[0;1mr[0m|[7;1m [0m|[0;1mb[0m|[0;1mQ[0m| |[0;1mr[0m|[0;1mK[0m|[7;1m [0m|| 1
[32;1m[Board] [0m   -------------------
[32;1m[Board] [0m     a b c d e f g h
[32;1m[Board] [0m
[32;1m[Referee] [0mThis is the turn of the White player...
Inputed Board
Currently playing: White

------------------------------Current Search Space--------------------------------------------
Possible moves for piece: P:
 P: (5,3)->(4,3) / d3d4
 P: (6,0)->(5,0) / a2a3
 P: (6,0)->(4,0) / a2a4
 P: (6,1)->(5,1) / b2b3
 P: (6,1)->(4,1) / b2b4
 P: (6,5)->(5,5) / f2f3
 P: (6,5)->(4,5) / f2f4
 P: (6,6)->(5,6) / g2g3
 P: (6,6)->(4,6) / g2g4
 P: (6,7)->(5,7) / h2h3
 P: (6,7)->(4,7) / h2h4
Possible moves for piece: R:
 R: (7,0)->(7,1) / a1b1
 R: (7,5)->(7,4) / f1e1
Possible moves for piece: N:
 N: (5,2)->(7,1) / c3b1
 N: (5,2)->(3,3) / c3d5
 N: (5,2)->(4,0) / c3a4
 N: (6,4)->(4,5) / e2f4
 N: (6,4)->(4,3) / e2d4
 N: (6,4)->(5,6) / e2g3
Possible moves for piece: B:
 B: (3,1)->(2,0) / b5a6
 B: (3,1)->(2,2) / b5c6
 B: (3,1)->(4,0) / b5a4
 B: (3,1)->(4,2) / b5c4
 B: (7,2)->(6,3) / c1d2
 B: (7,2)->(5,4) / c1e3
 B: (7,2)->(4,5) / c1f4
 B: (7,2)->(3,6) / c1g5
 B: (7,2)->(2,7) / c1h6
Possible moves for piece: Q:
 Q: (7,3)->(6,3) / d1d2
 Q: (7,3)->(7,4) / d1e1
Possible moves for piece: K:
 K: (7,6)->(7,7) / g1h1

------------------------------Filtered Search Space--------------------------------------------
Possible moves for piece: P:
 P: (5,3)->(4,3) / d3d4
 P: (6,0)->(5,0) / a2a3
 P: (6,0)->(4,0) / a2a4
 P: (6,1)->(5,1) / b2b3
 P: (6,1)->(4,1) / b2b4
 P: (6,5)->(5,5) / f2f3
 P: (6,5)->(4,5) / f2f4
 P: (6,6)->(5,6) / g2g3
 P: (6,6)->(4,6) / g2g4
 P: (6,7)->(5,7) / h2h3
 P: (6,7)->(4,7) / h2h4
Possible moves for piece: R:
 R: (7,0)->(7,1) / a1b1
 R: (7,5)->(7,4) / f1e1
Possible moves for piece: N:
 N: (5,2)->(7,1) / c3b1
 N: (5,2)->(3,3) / c3d5
 N: (5,2)->(4,0) / c3a4
 N: (6,4)->(4,5) / e2f4
 N: (6,4)->(4,3) / e2d4
 N: (6,4)->(5,6) / e2g3
Possible moves for piece: B:
 B: (3,1)->(2,0) / b5a6
 B: (3,1)->(2,2) / b5c6
 B: (3,1)->(4,0) / b5a4
 B: (3,1)->(4,2) / b5c4
 B: (7,2)->(6,3) / c1d2
 B: (7,2)->(5,4) / c1e3
 B: (7,2)->(4,5) / c1f4
 B: (7,2)->(3,6) / c1g5
 B: (7,2)->(2,7) / c1h6
Possible moves for piece: Q:
 Q: (7,3)->(6,3) / d1d2
 Q: (7,3)->(7,4) / d1e1
Possible moves for piece: K:
 K: (7,6)->(7,7) / g1h1

--------------------------------Info on Attacks---------------------------------------------------
Squares attacked by Black pieces:
(0,1) (0,2) (0,3) (0,5) (0,6) (2,0) (2,1) (2,6) (2,7) (3,0) (3,2) (3,3) (3,5) (3,7) (4,1) (4,2) (4,3) (4,4) (4,5) (4,6) (5,1) (5,7) (6,0) 

-------------------------------Squares controlled by the enemy------------------------------------
* X X X * X X * 
* * * * * * * * 
X X * * * * X X 
X * X X * X * X 
* X X X X X X * 
* X * * * * * X 
X * * * * * * * 
* * * * * * * * 

------------------------------Check Information---------------------------------------------------
White King located at: (7,6)
White King is safe, no check at this position.

------------------------------Special Move Information-------------------------------------------
No en passant allowed right now
------------------------------Castling Rights Information-------------------------------------------
White Kingside Castle:  NOT AVAILABLE
White Queenside Castle: NOT AVAILABLE
Black Kingside Castle:  AVAILABLE
Black Queenside Castle: AVAILABLE
---------------------------------------------------------------------------------------------------

========== CAPTURE EXPLORATION ==========
[0] B x n | Potential loss: NO | Score: -320
========================================

========== CHECK EXPLORATION ==========
(no checks found)
======================================
--------------------------------------------------------------------------------------------------
Chosen Move: (7,2) --> (5,4)
 / c1e3

r * * * k * * r 
p p p q b p p p 
* * n p b n * * 
* B * * p * * * 
* * * * P * * * 
* * N P B * * * 
P P P * N P P P 
R * * Q * R K * 

[32;1m[Game] [0mPlayer's error code: 0
[32;1m[Game] [0mChecking move validity...
[32;1m[Board] [0mInitializing board (size: 8)...
[32;1m[Board] [0m32 piece(s) on board.
[32;1m[Board] [0mLoading history file `championship/chessgambit-matex/history.csv`...
[32;1m[Board] [0mLoaded 18 move(s).
[32;1m[Board] [0mHistory replayed, 32 piece(s) on board.
[32;1m[Board] [0mLoading move file `championship/chessgambit-matex/move.csv`...
[32;1m[Board] [0mWhite player is playing c1 to e3.
[32;1m[Board] [0m
[32;1m[Board] [0m     a b c d e f g h
[32;1m[Board] [0m   -------------------
[32;1m[Board] [0m 8 ||[30;1mr[0m| |[7;1m [0m| |[30;1mK[0m| |[7;1m [0m|[30;1mr[0m|| 8
[32;1m[Board] [0m   -------------------
[32;1m[Board] [0m 7 ||[30;1mp[0m|[30;1mp[0m|[30;1mp[0m|[30;1mQ[0m|[30;1mb[0m|[30;1mp[0m|[30;1mp[0m|[30;1mp[0m|| 7
[32;1m[Board] [0m   -------------------
[32;1m[Board] [0m 6 ||[7;1m [0m| |[30;1mk[0m|[30;1mp[0m|[30;1mb[0m|[30;1mk[0m|[7;1m [0m| || 6
[32;1m[Board] [0m   -------------------
[32;1m[Board] [0m 5 || |[0;1mb[0m| |[7;1m [0m|[30;1mp[0m|[7;1m [0m| |[7;1m [0m|| 5
[32;1m[Board] [0m   -------------------
[32;1m[Board] [0m 4 ||[7;1m [0m| |[7;1m [0m| |[0;1mp[0m| |[7;1m [0m| || 4
[32;1m[Board] [0m   -------------------
[32;1m[Board] [0m 3 || |[7;1m [0m|[0;1mk[0m|[0;1mp[0m|[0;1mb[0m|[7;1m [0m| |[7;1m [0m|| 3
[32;1m[Board] [0m   -------------------
[32;1m[Board] [0m 2 ||[0;1mp[0m|[0;1mp[0m|[0;1mp[0m| |[0;1mk[0m|[0;1mp[0m|[0;1mp[0m|[0;1mp[0m|| 2
[32;1m[Board] [0m   -------------------
[32;1m[Board] [0m 1 ||[0;1mr[0m|[7;1m [0m| |[0;1mQ[0m| |[0;1mr[0m|[0;1mK[0m|[7;1m [0m|| 1
[32;1m[Board] [0m   -------------------
[32;1m[Board] [0m     a b c d e f g h
[32;1m[Board] [0m
[32;1m[Referee] [0mThis is the turn of the Black player...
info depth 1 nodes 400 score cp 15 pv e8f8
info depth 2 nodes 1630 score cp 10 pv e8f8
info depth 3 nodes 14894 score cp 135 pv e8f8
info depth 4 nodes 39747 score cp 135 pv e8f8
info depth 5 nodes 286450 score cp 0 pv f6g4
  a b c d e f g h
8 r . . . k . . r 
7 p p p q b p p p 
6 . . n p b . . . 
5 . B . . . . . . 
4 . . . . . . n . 
3 . . N P B . . . 
2 P P P . N P P P 
1 R . . Q . . K R 
[32;1m[Game] [0mPlayer's error code: 0
[32;1m[Game] [0mChecking move validity...
[32;1m[Board] [0mInitializing board (size: 8)...
[32;1m[Board] [0m32 piece(s) on board.
[32;1m[Board] [0mLoading history file `championship/chessgambit-matex/history.csv`...
[32;1m[Board] [0mLoaded 19 move(s).
[32;1m[Board] [0mHistory replayed, 32 piece(s) on board.
[32;1m[Board] [0mLoading move file `championship/chessgambit-matex/move.csv`...
[32;1m[Board] [0mBlack player is playing f6 to g4.
[32;1m[Board] [0m
[32;1m[Board] [0m     a b c d e f g h
[32;1m[Board] [0m   -------------------
[32;1m[Board] [0m 8 ||[30;1mr[0m| |[7;1m [0m| |[30;1mK[0m| |[7;1m [0m|[30;1mr[0m|| 8
[32;1m[Board] [0m   -------------------
[32;1m[Board] [0m 7 ||[30;1mp[0m|[30;1mp[0m|[30;1mp[0m|[30;1mQ[0m|[30;1mb[0m|[30;1mp[0m|[30;1mp[0m|[30;1mp[0m|| 7
[32;1m[Board] [0m   -------------------
[32;1m[Board] [0m 6 ||[7;1m [0m| |[30;1mk[0m|[30;1mp[0m|[30;1mb[0m| |[7;1m [0m| || 6
[32;1m[Board] [0m   -------------------
[32;1m[Board] [0m 5 || |[0;1mb[0m| |[7;1m [0m|[30;1mp[0m|[7;1m [0m| |[7;1m [0m|| 5
[32;1m[Board] [0m   -------------------
[32;1m[Board] [0m 4 ||[7;1m [0m| |[7;1m [0m| |[0;1mp[0m| |[30;1mk[0m| || 4
[32;1m[Board] [0m   -------------------
[32;1m[Board] [0m 3 || |[7;1m [0m|[0;1mk[0m|[0;1mp[0m|[0;1mb[0m|[7;1m [0m| |[7;1m [0m|| 3
[32;1m[Board] [0m   -------------------
[32;1m[Board] [0m 2 ||[0;1mp[0m|[0;1mp[0m|[0;1mp[0m| |[0;1mk[0m|[0;1mp[0m|[0;1mp[0m|[0;1mp[0m|| 2
[32;1m[Board] [0m   -------------------
[32;1m[Board] [0m 1 ||[0;1mr[0m|[7;1m [0m| |[0;1mQ[0m| |[0;1mr[0m|[0;1mK[0m|[7;1m [0m|| 1
[32;1m[Board] [0m   -------------------
[32;1m[Board] [0m     a b c d e f g h
[32;1m[Board] [0m
[32;1m[Referee] [0mThis is the turn of the White player...
Inputed Board
Currently playing: White

------------------------------Current Search Space--------------------------------------------
Possible moves for piece: P:
 P: (5,3)->(4,3) / d3d4
 P: (6,0)->(5,0) / a2a3
 P: (6,0)->(4,0) / a2a4
 P: (6,1)->(5,1) / b2b3
 P: (6,1)->(4,1) / b2b4
 P: (6,5)->(5,5) / f2f3
 P: (6,5)->(4,5) / f2f4
 P: (6,6)->(5,6) / g2g3
 P: (6,7)->(5,7) / h2h3
 P: (6,7)->(4,7) / h2h4
Possible moves for piece: R:
 R: (7,0)->(7,1) / a1b1
 R: (7,0)->(7,2) / a1c1
 R: (7,5)->(7,4) / f1e1
Possible moves for piece: N:
 N: (5,2)->(7,1) / c3b1
 N: (5,2)->(3,3) / c3d5
 N: (5,2)->(4,0) / c3a4
 N: (6,4)->(4,5) / e2f4
 N: (6,4)->(4,3) / e2d4
 N: (6,4)->(5,6) / e2g3
 N: (6,4)->(7,2) / e2c1
Possible moves for piece: B:
 B: (3,1)->(2,0) / b5a6
 B: (3,1)->(2,2) / b5c6
 B: (3,1)->(4,0) / b5a4
 B: (3,1)->(4,2) / b5c4
 B: (5,4)->(4,3) / e3d4
 B: (5,4)->(3,2) / e3c5
 B: (5,4)->(2,1) / e3b6
 B: (5,4)->(1,0) / e3a7
 B: (5,4)->(4,5) / e3f4
 B: (5,4)->(3,6) / e3g5
 B: (5,4)->(2,7) / e3h6
 B: (5,4)->(6,3) / e3d2
 B: (5,4)->(7,2) / e3c1
Possible moves for piece: Q:
 Q: (7,3)->(6,3) / d1d2
 Q: (7,3)->(7,4) / d1e1
 Q: (7,3)->(7,2) / d1c1
 Q: (7,3)->(7,1) / d1b1
Possible moves for piece: K:
 K: (7,6)->(7,7) / g1h1

------------------------------Filtered Search Space--------------------------------------------
Possible moves for piece: P:
 P: (5,3)->(4,3) / d3d4
 P: (6,0)->(5,0) / a2a3
 P: (6,0)->(4,0) / a2a4
 P: (6,1)->(5,1) / b2b3
 P: (6,1)->(4,1) / b2b4
 P: (6,5)->(5,5) / f2f3
 P: (6,5)->(4,5) / f2f4
 P: (6,6)->(5,6) / g2g3
 P: (6,7)->(5,7) / h2h3
 P: (6,7)->(4,7) / h2h4
Possible moves for piece: R:
 R: (7,0)->(7,1) / a1b1
 R: (7,0)->(7,2) / a1c1
 R: (7,5)->(7,4) / f1e1
Possible moves for piece: N:
 N: (5,2)->(7,1) / c3b1
 N: (5,2)->(3,3) / c3d5
 N: (5,2)->(4,0) / c3a4
 N: (6,4)->(4,5) / e2f4
 N: (6,4)->(4,3) / e2d4
 N: (6,4)->(5,6) / e2g3
 N: (6,4)->(7,2) / e2c1
Possible moves for piece: B:
 B: (3,1)->(2,0) / b5a6
 B: (3,1)->(2,2) / b5c6
 B: (3,1)->(4,0) / b5a4
 B: (3,1)->(4,2) / b5c4
 B: (5,4)->(4,3) / e3d4
 B: (5,4)->(3,2) / e3c5
 B: (5,4)->(2,1) / e3b6
 B: (5,4)->(1,0) / e3a7
 B: (5,4)->(4,5) / e3f4
 B: (5,4)->(3,6) / e3g5
 B: (5,4)->(2,7) / e3h6
 B: (5,4)->(6,3) / e3d2
 B: (5,4)->(7,2) / e3c1
Possible moves for piece: Q:
 Q: (7,3)->(6,3) / d1d2
 Q: (7,3)->(7,4) / d1e1
 Q: (7,3)->(7,2) / d1c1
 Q: (7,3)->(7,1) / d1b1
Possible moves for piece: K:
 K: (7,6)->(7,7) / g1h1

--------------------------------Info on Attacks---------------------------------------------------
Squares attacked by Black pieces:
(0,1) (0,2) (0,3) (0,5) (0,6) (2,0) (2,1) (2,5) (2,6) (2,7) (3,0) (3,2) (3,3) (3,5) (3,6) (4,1) (4,2) (4,3) (4,5) (4,7) (5,1) (5,4) (6,0) (6,5) (6,7) 

-------------------------------Squares controlled by the enemy------------------------------------
* X X X * X X * 
* * * * * * * * 
X X * * * X X X 
X * X X * X X * 
* X X X * X * X 
* X * * X * * * 
X * * * * X * X 
* * * * * * * * 

------------------------------Check Information---------------------------------------------------
White King located at: (7,6)
White King is safe, no check at this position.

------------------------------Special Move Information-------------------------------------------
No en passant allowed right now
------------------------------Castling Rights Information-------------------------------------------
White Kingside Castle:  NOT AVAILABLE
White Queenside Castle: NOT AVAILABLE
Black Kingside Castle:  AVAILABLE
Black Queenside Castle: AVAILABLE
---------------------------------------------------------------------------------------------------

========== CAPTURE EXPLORATION ==========
[0] B x n | Potential loss: NO | Score: -320
[1] B x p | Potential loss: NO | Score: -100
========================================

========== CHECK EXPLORATION ==========
(no checks found)
======================================
--------------------------------------------------------------------------------------------------
Chosen Move: (5,4) --> (6,3)
 / e3d2

r * * * k * * r 
p p p q b p p p 
* * n p b * * * 
* B * * p * * * 
* * * * P * n * 
* * N P * * * * 
P P P B N P P P 
R * * Q * R K * 

[32;1m[Game] [0mPlayer's error code: 0
[32;1m[Game] [0mChecking move validity...
[32;1m[Board] [0mInitializing board (size: 8)...
[32;1m[Board] [0m32 piece(s) on board.
[32;1m[Board] [0mLoading history file `championship/chessgambit-matex/history.csv`...
[32;1m[Board] [0mLoaded 20 move(s).
[32;1m[Board] [0mHistory replayed, 32 piece(s) on board.
[32;1m[Board] [0mLoading move file `championship/chessgambit-matex/move.csv`...
[32;1m[Board] [0mWhite player is playing e3 to d2.
[32;1m[Board] [0m
[32;1m[Board] [0m     a b c d e f g h
[32;1m[Board] [0m   -------------------
[32;1m[Board] [0m 8 ||[30;1mr[0m| |[7;1m [0m| |[30;1mK[0m| |[7;1m [0m|[30;1mr[0m|| 8
[32;1m[Board] [0m   -------------------
[32;1m[Board] [0m 7 ||[30;1mp[0m|[30;1mp[0m|[30;1mp[0m|[30;1mQ[0m|[30;1mb[0m|[30;1mp[0m|[30;1mp[0m|[30;1mp[0m|| 7
[32;1m[Board] [0m   -------------------
[32;1m[Board] [0m 6 ||[7;1m [0m| |[30;1mk[0m|[30;1mp[0m|[30;1mb[0m| |[7;1m [0m| || 6
[32;1m[Board] [0m   -------------------
[32;1m[Board] [0m 5 || |[0;1mb[0m| |[7;1m [0m|[30;1mp[0m|[7;1m [0m| |[7;1m [0m|| 5
[32;1m[Board] [0m   -------------------
[32;1m[Board] [0m 4 ||[7;1m [0m| |[7;1m [0m| |[0;1mp[0m| |[30;1mk[0m| || 4
[32;1m[Board] [0m   -------------------
[32;1m[Board] [0m 3 || |[7;1m [0m|[0;1mk[0m|[0;1mp[0m| |[7;1m [0m| |[7;1m [0m|| 3
[32;1m[Board] [0m   -------------------
[32;1m[Board] [0m 2 ||[0;1mp[0m|[0;1mp[0m|[0;1mp[0m|[0;1mb[0m|[0;1mk[0m|[0;1mp[0m|[0;1mp[0m|[0;1mp[0m|| 2
[32;1m[Board] [0m   -------------------
[32;1m[Board] [0m 1 ||[0;1mr[0m|[7;1m [0m| |[0;1mQ[0m| |[0;1mr[0m|[0;1mK[0m|[7;1m [0m|| 1
[32;1m[Board] [0m   -------------------
[32;1m[Board] [0m     a b c d e f g h
[32;1m[Board] [0m
[32;1m[Referee] [0mThis is the turn of the Black player...
info depth 1 nodes 251 score cp 15 pv g4f6
info depth 2 nodes 1567 score cp 15 pv e8f8
info depth 3 nodes 20933 score cp 20 pv e8f8
info depth 4 nodes 60237 score cp 15 pv e8f8
info depth 5 nodes 589677 score cp 0 pv g4f6
  a b c d e f g h
8 r . . . k . . r 
7 p p p q b p p p 
6 . . n p b n . . 
5 . B . . p . . . 
4 . . . . P . . . 
3 . . N P . . . . 
2 P P P B N P P P 
1 R . . Q . . K R 
[32;1m[Game] [0mPlayer's error code: 0
[32;1m[Game] [0mChecking move validity...
[32;1m[Board] [0mInitializing board (size: 8)...
[32;1m[Board] [0m32 piece(s) on board.
[32;1m[Board] [0mLoading history file `championship/chessgambit-matex/history.csv`...
[32;1m[Board] [0mLoaded 21 move(s).
[32;1m[Board] [0mHistory replayed, 32 piece(s) on board.
[32;1m[Board] [0mLoading move file `championship/chessgambit-matex/move.csv`...
[32;1m[Board] [0mBlack player is playing g4 to f6.
[32;1m[Board] [0m
[32;1m[Board] [0m     a b c d e f g h
[32;1m[Board] [0m   -------------------
[32;1m[Board] [0m 8 ||[30;1mr[0m| |[7;1m [0m| |[30;1mK[0m| |[7;1m [0m|[30;1mr[0m|| 8
[32;1m[Board] [0m   -------------------
[32;1m[Board] [0m 7 ||[30;1mp[0m|[30;1mp[0m|[30;1mp[0m|[30;1mQ[0m|[30;1mb[0m|[30;1mp[0m|[30;1mp[0m|[30;1mp[0m|| 7
[32;1m[Board] [0m   -------------------
[32;1m[Board] [0m 6 ||[7;1m [0m| |[30;1mk[0m|[30;1mp[0m|[30;1mb[0m|[30;1mk[0m|[7;1m [0m| || 6
[32;1m[Board] [0m   -------------------
[32;1m[Board] [0m 5 || |[0;1mb[0m| |[7;1m [0m|[30;1mp[0m|[7;1m [0m| |[7;1m [0m|| 5
[32;1m[Board] [0m   -------------------
[32;1m[Board] [0m 4 ||[7;1m [0m| |[7;1m [0m| |[0;1mp[0m| |[7;1m [0m| || 4
[32;1m[Board] [0m   -------------------
[32;1m[Board] [0m 3 || |[7;1m [0m|[0;1mk[0m|[0;1mp[0m| |[7;1m [0m| |[7;1m [0m|| 3
[32;1m[Board] [0m   -------------------
[32;1m[Board] [0m 2 ||[0;1mp[0m|[0;1mp[0m|[0;1mp[0m|[0;1mb[0m|[0;1mk[0m|[0;1mp[0m|[0;1mp[0m|[0;1mp[0m|| 2
[32;1m[Board] [0m   -------------------
[32;1m[Board] [0m 1 ||[0;1mr[0m|[7;1m [0m| |[0;1mQ[0m| |[0;1mr[0m|[0;1mK[0m|[7;1m [0m|| 1
[32;1m[Board] [0m   -------------------
[32;1m[Board] [0m     a b c d e f g h
[32;1m[Board] [0m
[32;1m[Referee] [0mThis is the turn of the White player...
Inputed Board
Currently playing: White

------------------------------Current Search Space--------------------------------------------
Possible moves for piece: P:
 P: (5,3)->(4,3) / d3d4
 P: (6,0)->(5,0) / a2a3
 P: (6,0)->(4,0) / a2a4
 P: (6,1)->(5,1) / b2b3
 P: (6,1)->(4,1) / b2b4
 P: (6,5)->(5,5) / f2f3
 P: (6,5)->(4,5) / f2f4
 P: (6,6)->(5,6) / g2g3
 P: (6,6)->(4,6) / g2g4
 P: (6,7)->(5,7) / h2h3
 P: (6,7)->(4,7) / h2h4
Possible moves for piece: R:
 R: (7,0)->(7,1) / a1b1
 R: (7,0)->(7,2) / a1c1
 R: (7,5)->(7,4) / f1e1
Possible moves for piece: N:
 N: (5,2)->(7,1) / c3b1
 N: (5,2)->(3,3) / c3d5
 N: (5,2)->(4,0) / c3a4
 N: (6,4)->(4,5) / e2f4
 N: (6,4)->(4,3) / e2d4
 N: (6,4)->(5,6) / e2g3
 N: (6,4)->(7,2) / e2c1
Possible moves for piece: B:
 B: (3,1)->(2,0) / b5a6
 B: (3,1)->(2,2) / b5c6
 B: (3,1)->(4,0) / b5a4
 B: (3,1)->(4,2) / b5c4
 B: (6,3)->(5,4) / d2e3
 B: (6,3)->(4,5) / d2f4
 B: (6,3)->(3,6) / d2g5
 B: (6,3)->(2,7) / d2h6
 B: (6,3)->(7,2) / d2c1
 B: (6,3)->(7,4) / d2e1
Possible moves for piece: Q:
 Q: (7,3)->(7,4) / d1e1
 Q: (7,3)->(7,2) / d1c1
 Q: (7,3)->(7,1) / d1b1
Possible moves for piece: K:
 K: (7,6)->(7,7) / g1h1

------------------------------Filtered Search Space--------------------------------------------
Possible moves for piece: P:
 P: (5,3)->(4,3) / d3d4
 P: (6,0)->(5,0) / a2a3
 P: (6,0)->(4,0) / a2a4
 P: (6,1)->(5,1) / b2b3
 P: (6,1)->(4,1) / b2b4
 P: (6,5)->(5,5) / f2f3
 P: (6,5)->(4,5) / f2f4
 P: (6,6)->(5,6) / g2g3
 P: (6,6)->(4,6) / g2g4
 P: (6,7)->(5,7) / h2h3
 P: (6,7)->(4,7) / h2h4
Possible moves for piece: R:
 R: (7,0)->(7,1) / a1b1
 R: (7,0)->(7,2) / a1c1
 R: (7,5)->(7,4) / f1e1
Possible moves for piece: N:
 N: (5,2)->(7,1) / c3b1
 N: (5,2)->(3,3) / c3d5
 N: (5,2)->(4,0) / c3a4
 N: (6,4)->(4,5) / e2f4
 N: (6,4)->(4,3) / e2d4
 N: (6,4)->(5,6) / e2g3
 N: (6,4)->(7,2) / e2c1
Possible moves for piece: B:
 B: (3,1)->(2,0) / b5a6
 B: (3,1)->(2,2) / b5c6
 B: (3,1)->(4,0) / b5a4
 B: (3,1)->(4,2) / b5c4
 B: (6,3)->(5,4) / d2e3
 B: (6,3)->(4,5) / d2f4
 B: (6,3)->(3,6) / d2g5
 B: (6,3)->(2,7) / d2h6
 B: (6,3)->(7,2) / d2c1
 B: (6,3)->(7,4) / d2e1
Possible moves for piece: Q:
 Q: (7,3)->(7,4) / d1e1
 Q: (7,3)->(7,2) / d1c1
 Q: (7,3)->(7,1) / d1b1
Possible moves for piece: K:
 K: (7,6)->(7,7) / g1h1

--------------------------------Info on Attacks---------------------------------------------------
Squares attacked by Black pieces:
(0,1) (0,2) (0,3) (0,5) (0,6) (2,0) (2,1) (2,6) (2,7) (3,0) (3,2) (3,3) (3,5) (3,7) (4,1) (4,2) (4,3) (4,4) (4,5) (4,6) (5,1) (5,7) (6,0) 

-------------------------------Squares controlled by the enemy------------------------------------
* X X X * X X * 
* * * * * * * * 
X X * * * * X X 
X * X X * X * X 
* X X X X X X * 
* X * * * * * X 
X * * * * * * * 
* * * * * * * * 

------------------------------Check Information---------------------------------------------------
White King located at: (7,6)
White King is safe, no check at this position.

------------------------------Special Move Information-------------------------------------------
No en passant allowed right now
------------------------------Castling Rights Information-------------------------------------------
White Kingside Castle:  NOT AVAILABLE
White Queenside Castle: NOT AVAILABLE
Black Kingside Castle:  AVAILABLE
Black Queenside Castle: AVAILABLE
---------------------------------------------------------------------------------------------------

========== CAPTURE EXPLORATION ==========
[0] B x n | Potential loss: NO | Score: -320
========================================

========== CHECK EXPLORATION ==========
(no checks found)
======================================
--------------------------------------------------------------------------------------------------
Chosen Move: (6,3) --> (5,4)
 / d2e3

r * * * k * * r 
p p p q b p p p 
* * n p b n * * 
* B * * p * * * 
* * * * P * * * 
* * N P B * * * 
P P P * N P P P 
R * * Q * R K * 

[32;1m[Game] [0mPlayer's error code: 0
[32;1m[Game] [0mChecking move validity...
[32;1m[Board] [0mInitializing board (size: 8)...
[32;1m[Board] [0m32 piece(s) on board.
[32;1m[Board] [0mLoading history file `championship/chessgambit-matex/history.csv`...
[32;1m[Board] [0mLoaded 22 move(s).
[32;1m[Board] [0mHistory replayed, 32 piece(s) on board.
[32;1m[Board] [0mLoading move file `championship/chessgambit-matex/move.csv`...
[32;1m[Board] [0mWhite player is playing d2 to e3.
[32;1m[Board] [0m
[32;1m[Board] [0m     a b c d e f g h
[32;1m[Board] [0m   -------------------
[32;1m[Board] [0m 8 ||[30;1mr[0m| |[7;1m [0m| |[30;1mK[0m| |[7;1m [0m|[30;1mr[0m|| 8
[32;1m[Board] [0m   -------------------
[32;1m[Board] [0m 7 ||[30;1mp[0m|[30;1mp[0m|[30;1mp[0m|[30;1mQ[0m|[30;1mb[0m|[30;1mp[0m|[30;1mp[0m|[30;1mp[0m|| 7
[32;1m[Board] [0m   -------------------
[32;1m[Board] [0m 6 ||[7;1m [0m| |[30;1mk[0m|[30;1mp[0m|[30;1mb[0m|[30;1mk[0m|[7;1m [0m| || 6
[32;1m[Board] [0m   -------------------
[32;1m[Board] [0m 5 || |[0;1mb[0m| |[7;1m [0m|[30;1mp[0m|[7;1m [0m| |[7;1m [0m|| 5
[32;1m[Board] [0m   -------------------
[32;1m[Board] [0m 4 ||[7;1m [0m| |[7;1m [0m| |[0;1mp[0m| |[7;1m [0m| || 4
[32;1m[Board] [0m   -------------------
[32;1m[Board] [0m 3 || |[7;1m [0m|[0;1mk[0m|[0;1mp[0m|[0;1mb[0m|[7;1m [0m| |[7;1m [0m|| 3
[32;1m[Board] [0m   -------------------
[32;1m[Board] [0m 2 ||[0;1mp[0m|[0;1mp[0m|[0;1mp[0m| |[0;1mk[0m|[0;1mp[0m|[0;1mp[0m|[0;1mp[0m|| 2
[32;1m[Board] [0m   -------------------
[32;1m[Board] [0m 1 ||[0;1mr[0m|[7;1m [0m| |[0;1mQ[0m| |[0;1mr[0m|[0;1mK[0m|[7;1m [0m|| 1
[32;1m[Board] [0m   -------------------
[32;1m[Board] [0m     a b c d e f g h
[32;1m[Board] [0m
[32;1m[Referee] [0mThis is the turn of the Black player...
info depth 1 nodes 400 score cp 15 pv e8f8
info depth 2 nodes 1630 score cp 10 pv e8f8
info depth 3 nodes 11122 score cp 0 pv f6g4
info depth 4 nodes 67607 score cp 10 pv e8f8
info depth 5 nodes 298787 score cp 0 pv d6d5
  a b c d e f g h
8 r . . . k . . r 
7 p p p q b p p p 
6 . . n . b n . . 
5 . B . p p . . . 
4 . . . . P . . . 
3 . . N P B . . . 
2 P P P . N P P P 
1 R . . Q . . K R 
[32;1m[Game] [0mPlayer's error code: 0
[32;1m[Game] [0mChecking move validity...
[32;1m[Board] [0mInitializing board (size: 8)...
[32;1m[Board] [0m32 piece(s) on board.
[32;1m[Board] [0mLoading history file `championship/chessgambit-matex/history.csv`...
[32;1m[Board] [0mLoaded 23 move(s).
[32;1m[Board] [0mHistory replayed, 32 piece(s) on board.
[32;1m[Board] [0mLoading move file `championship/chessgambit-matex/move.csv`...
[32;1m[Board] [0mBlack player is playing d6 to d5.
[32;1m[Board] [0m
[32;1m[Board] [0m     a b c d e f g h
[32;1m[Board] [0m   -------------------
[32;1m[Board] [0m 8 ||[30;1mr[0m| |[7;1m [0m| |[30;1mK[0m| |[7;1m [0m|[30;1mr[0m|| 8
[32;1m[Board] [0m   -------------------
[32;1m[Board] [0m 7 ||[30;1mp[0m|[30;1mp[0m|[30;1mp[0m|[30;1mQ[0m|[30;1mb[0m|[30;1mp[0m|[30;1mp[0m|[30;1mp[0m|| 7
[32;1m[Board] [0m   -------------------
[32;1m[Board] [0m 6 ||[7;1m [0m| |[30;1mk[0m| |[30;1mb[0m|[30;1mk[0m|[7;1m [0m| || 6
[32;1m[Board] [0m   -------------------
[32;1m[Board] [0m 5 || |[0;1mb[0m| |[30;1mp[0m|[30;1mp[0m|[7;1m [0m| |[7;1m [0m|| 5
[32;1m[Board] [0m   -------------------
[32;1m[Board] [0m 4 ||[7;1m [0m| |[7;1m [0m| |[0;1mp[0m| |[7;1m [0m| || 4
[32;1m[Board] [0m   -------------------
[32;1m[Board] [0m 3 || |[7;1m [0m|[0;1mk[0m|[0;1mp[0m|[0;1mb[0m|[7;1m [0m| |[7;1m [0m|| 3
[32;1m[Board] [0m   -------------------
[32;1m[Board] [0m 2 ||[0;1mp[0m|[0;1mp[0m|[0;1mp[0m| |[0;1mk[0m|[0;1mp[0m|[0;1mp[0m|[0;1mp[0m|| 2
[32;1m[Board] [0m   -------------------
[32;1m[Board] [0m 1 ||[0;1mr[0m|[7;1m [0m| |[0;1mQ[0m| |[0;1mr[0m|[0;1mK[0m|[7;1m [0m|| 1
[32;1m[Board] [0m   -------------------
[32;1m[Board] [0m     a b c d e f g h
[32;1m[Board] [0m
[32;1m[Referee] [0mThis is the turn of the White player...
Inputed Board
Currently playing: White

------------------------------Current Search Space--------------------------------------------
Possible moves for piece: P:
 P: (4,4)->(3,3) / e4d5
 P: (5,3)->(4,3) / d3d4
 P: (6,0)->(5,0) / a2a3
 P: (6,0)->(4,0) / a2a4
 P: (6,1)->(5,1) / b2b3
 P: (6,1)->(4,1) / b2b4
 P: (6,5)->(5,5) / f2f3
 P: (6,5)->(4,5) / f2f4
 P: (6,6)->(5,6) / g2g3
 P: (6,6)->(4,6) / g2g4
 P: (6,7)->(5,7) / h2h3
 P: (6,7)->(4,7) / h2h4
Possible moves for piece: R:
 R: (7,0)->(7,1) / a1b1
 R: (7,0)->(7,2) / a1c1
 R: (7,5)->(7,4) / f1e1
Possible moves for piece: N:
 N: (5,2)->(7,1) / c3b1
 N: (5,2)->(3,3) / c3d5
 N: (5,2)->(4,0) / c3a4
 N: (6,4)->(4,5) / e2f4
 N: (6,4)->(4,3) / e2d4
 N: (6,4)->(5,6) / e2g3
 N: (6,4)->(7,2) / e2c1
Possible moves for piece: B:
 B: (3,1)->(2,0) / b5a6
 B: (3,1)->(2,2) / b5c6
 B: (3,1)->(4,0) / b5a4
 B: (3,1)->(4,2) / b5c4
 B: (5,4)->(4,3) / e3d4
 B: (5,4)->(3,2) / e3c5
 B: (5,4)->(2,1) / e3b6
 B: (5,4)->(1,0) / e3a7
 B: (5,4)->(4,5) / e3f4
 B: (5,4)->(3,6) / e3g5
 B: (5,4)->(2,7) / e3h6
 B: (5,4)->(6,3) / e3d2
 B: (5,4)->(7,2) / e3c1
Possible moves for piece: Q:
 Q: (7,3)->(6,3) / d1d2
 Q: (7,3)->(7,4) / d1e1
 Q: (7,3)->(7,2) / d1c1
 Q: (7,3)->(7,1) / d1b1
Possible moves for piece: K:
 K: (7,6)->(7,7) / g1h1

------------------------------Filtered Search Space--------------------------------------------
Possible moves for piece: P:
 P: (4,4)->(3,3) / e4d5
 P: (5,3)->(4,3) / d3d4
 P: (6,0)->(5,0) / a2a3
 P: (6,0)->(4,0) / a2a4
 P: (6,1)->(5,1) / b2b3
 P: (6,1)->(4,1) / b2b4
 P: (6,5)->(5,5) / f2f3
 P: (6,5)->(4,5) / f2f4
 P: (6,6)->(5,6) / g2g3
 P: (6,6)->(4,6) / g2g4
 P: (6,7)->(5,7) / h2h3
 P: (6,7)->(4,7) / h2h4
Possible moves for piece: R:
 R: (7,0)->(7,1) / a1b1
 R: (7,0)->(7,2) / a1c1
 R: (7,5)->(7,4) / f1e1
Possible moves for piece: N:
 N: (5,2)->(7,1) / c3b1
 N: (5,2)->(3,3) / c3d5
 N: (5,2)->(4,0) / c3a4
 N: (6,4)->(4,5) / e2f4
 N: (6,4)->(4,3) / e2d4
 N: (6,4)->(5,6) / e2g3
 N: (6,4)->(7,2) / e2c1
Possible moves for piece: B:
 B: (3,1)->(2,0) / b5a6
 B: (3,1)->(2,2) / b5c6
 B: (3,1)->(4,0) / b5a4
 B: (3,1)->(4,2) / b5c4
 B: (5,4)->(4,3) / e3d4
 B: (5,4)->(3,2) / e3c5
 B: (5,4)->(2,1) / e3b6
 B: (5,4)->(1,0) / e3a7
 B: (5,4)->(4,5) / e3f4
 B: (5,4)->(3,6) / e3g5
 B: (5,4)->(2,7) / e3h6
 B: (5,4)->(6,3) / e3d2
 B: (5,4)->(7,2) / e3c1
Possible moves for piece: Q:
 Q: (7,3)->(6,3) / d1d2
 Q: (7,3)->(7,4) / d1e1
 Q: (7,3)->(7,2) / d1c1
 Q: (7,3)->(7,1) / d1b1
Possible moves for piece: K:
 K: (7,6)->(7,7) / g1h1

--------------------------------Info on Attacks---------------------------------------------------
Squares attacked by Black pieces:
(0,1) (0,2) (0,3) (0,5) (0,6) (2,0) (2,1) (2,3) (2,6) (2,7) (3,0) (3,2) (3,5) (3,7) (4,1) (4,2) (4,3) (4,4) (4,5) (4,6) (5,0) (5,7) 

-------------------------------Squares controlled by the enemy------------------------------------
* X X X * X X * 
* * * * * * * * 
X X * X * * X X 
X * X * * X * X 
* X X X X X X * 
X * * * * * * X 
* * * * * * * * 
* * * * * * * * 

------------------------------Check Information---------------------------------------------------
White King located at: (7,6)
White King is safe, no check at this position.

------------------------------Special Move Information-------------------------------------------
No en passant allowed right now
------------------------------Castling Rights Information-------------------------------------------
White Kingside Castle:  NOT AVAILABLE
White Queenside Castle: NOT AVAILABLE
Black Kingside Castle:  AVAILABLE
Black Queenside Castle: AVAILABLE
---------------------------------------------------------------------------------------------------

========== CAPTURE EXPLORATION ==========
[0] B x n | Potential loss: NO | Score: -320
[1] P x p | Potential loss: NO | Score: -100
[2] N x p | Potential loss: NO | Score: -100
[3] B x p | Potential loss: NO | Score: -100
========================================

========== CHECK EXPLORATION ==========
(no checks found)
======================================
--------------------------------------------------------------------------------------------------
Chosen Move: (5,3) --> (4,3)
 / d3d4

r * * * k * * r 
p p p q b p p p 
* * n * b n * * 
* B * p p * * * 
* * * P P * * * 
* * N * B * * * 
P P P * N P P P 
R * * Q * R K * 

[32;1m[Game] [0mPlayer's error code: 0
[32;1m[Game] [0mChecking move validity...
[32;1m[Board] [0mInitializing board (size: 8)...
[32;1m[Board] [0m32 piece(s) on board.
[32;1m[Board] [0mLoading history file `championship/chessgambit-matex/history.csv`...
[32;1m[Board] [0mLoaded 24 move(s).
[32;1m[Board] [0mHistory replayed, 32 piece(s) on board.
[32;1m[Board] [0mLoading move file `championship/chessgambit-matex/move.csv`...
[32;1m[Board] [0mWhite player is playing d3 to d4.
[32;1m[Board] [0m
[32;1m[Board] [0m     a b c d e f g h
[32;1m[Board] [0m   -------------------
[32;1m[Board] [0m 8 ||[30;1mr[0m| |[7;1m [0m| |[30;1mK[0m| |[7;1m [0m|[30;1mr[0m|| 8
[32;1m[Board] [0m   -------------------
[32;1m[Board] [0m 7 ||[30;1mp[0m|[30;1mp[0m|[30;1mp[0m|[30;1mQ[0m|[30;1mb[0m|[30;1mp[0m|[30;1mp[0m|[30;1mp[0m|| 7
[32;1m[Board] [0m   -------------------
[32;1m[Board] [0m 6 ||[7;1m [0m| |[30;1mk[0m| |[30;1mb[0m|[30;1mk[0m|[7;1m [0m| || 6
[32;1m[Board] [0m   -------------------
[32;1m[Board] [0m 5 || |[0;1mb[0m| |[30;1mp[0m|[30;1mp[0m|[7;1m [0m| |[7;1m [0m|| 5
[32;1m[Board] [0m   -------------------
[32;1m[Board] [0m 4 ||[7;1m [0m| |[7;1m [0m|[0;1mp[0m|[0;1mp[0m| |[7;1m [0m| || 4
[32;1m[Board] [0m   -------------------
[32;1m[Board] [0m 3 || |[7;1m [0m|[0;1mk[0m|[7;1m [0m|[0;1mb[0m|[7;1m [0m| |[7;1m [0m|| 3
[32;1m[Board] [0m   -------------------
[32;1m[Board] [0m 2 ||[0;1mp[0m|[0;1mp[0m|[0;1mp[0m| |[0;1mk[0m|[0;1mp[0m|[0;1mp[0m|[0;1mp[0m|| 2
[32;1m[Board] [0m   -------------------
[32;1m[Board] [0m 1 ||[0;1mr[0m|[7;1m [0m| |[0;1mQ[0m| |[0;1mr[0m|[0;1mK[0m|[7;1m [0m|| 1
[32;1m[Board] [0m   -------------------
[32;1m[Board] [0m     a b c d e f g h
[32;1m[Board] [0m
[32;1m[Referee] [0mThis is the turn of the Black player...
info depth 1 nodes 360 score cp 5 pv d5e4
info depth 2 nodes 1344 score cp 55 pv e5d4
info depth 3 nodes 4947 score cp 0 pv f6e4
info depth 4 nodes 19911 score cp 55 pv e5d4
info depth 5 nodes 248670 score cp 0 pv a8c8
  a b c d e f g h
8 . . r . k . . r 
7 p p p q b p p p 
6 . . n . b n . . 
5 . B . p p . . . 
4 . . . P P . . . 
3 . . N . B . . . 
2 P P P . N P P P 
1 R . . Q . . K R 
[32;1m[Game] [0mPlayer's error code: 0
[32;1m[Game] [0mChecking move validity...
[32;1m[Board] [0mInitializing board (size: 8)...
[32;1m[Board] [0m32 piece(s) on board.
[32;1m[Board] [0mLoading history file `championship/chessgambit-matex/history.csv`...
[32;1m[Board] [0mLoaded 25 move(s).
[32;1m[Board] [0mHistory replayed, 32 piece(s) on board.
[32;1m[Board] [0mLoading move file `championship/chessgambit-matex/move.csv`...
[32;1m[Board] [0mBlack player is playing a8 to c8.
[32;1m[Board] [0m
[32;1m[Board] [0m     a b c d e f g h
[32;1m[Board] [0m   -------------------
[32;1m[Board] [0m 8 ||[7;1m [0m| |[30;1mr[0m| |[30;1mK[0m| |[7;1m [0m|[30;1mr[0m|| 8
[32;1m[Board] [0m   -------------------
[32;1m[Board] [0m 7 ||[30;1mp[0m|[30;1mp[0m|[30;1mp[0m|[30;1mQ[0m|[30;1mb[0m|[30;1mp[0m|[30;1mp[0m|[30;1mp[0m|| 7
[32;1m[Board] [0m   -------------------
[32;1m[Board] [0m 6 ||[7;1m [0m| |[30;1mk[0m| |[30;1mb[0m|[30;1mk[0m|[7;1m [0m| || 6
[32;1m[Board] [0m   -------------------
[32;1m[Board] [0m 5 || |[0;1mb[0m| |[30;1mp[0m|[30;1mp[0m|[7;1m [0m| |[7;1m [0m|| 5
[32;1m[Board] [0m   -------------------
[32;1m[Board] [0m 4 ||[7;1m [0m| |[7;1m [0m|[0;1mp[0m|[0;1mp[0m| |[7;1m [0m| || 4
[32;1m[Board] [0m   -------------------
[32;1m[Board] [0m 3 || |[7;1m [0m|[0;1mk[0m|[7;1m [0m|[0;1mb[0m|[7;1m [0m| |[7;1m [0m|| 3
[32;1m[Board] [0m   -------------------
[32;1m[Board] [0m 2 ||[0;1mp[0m|[0;1mp[0m|[0;1mp[0m| |[0;1mk[0m|[0;1mp[0m|[0;1mp[0m|[0;1mp[0m|| 2
[32;1m[Board] [0m   -------------------
[32;1m[Board] [0m 1 ||[0;1mr[0m|[7;1m [0m| |[0;1mQ[0m| |[0;1mr[0m|[0;1mK[0m|[7;1m [0m|| 1
[32;1m[Board] [0m   -------------------
[32;1m[Board] [0m     a b c d e f g h
[32;1m[Board] [0m
[32;1m[Referee] [0mThis is the turn of the White player...
Inputed Board
Currently playing: White

------------------------------Current Search Space--------------------------------------------
Possible moves for piece: P:
 P: (4,3)->(3,4) / d4e5
 P: (4,4)->(3,3) / e4d5
 P: (6,0)->(5,0) / a2a3
 P: (6,0)->(4,0) / a2a4
 P: (6,1)->(5,1) / b2b3
 P: (6,1)->(4,1) / b2b4
 P: (6,5)->(5,5) / f2f3
 P: (6,5)->(4,5) / f2f4
 P: (6,6)->(5,6) / g2g3
 P: (6,6)->(4,6) / g2g4
 P: (6,7)->(5,7) / h2h3
 P: (6,7)->(4,7) / h2h4
Possible moves for piece: R:
 R: (7,0)->(7,1) / a1b1
 R: (7,0)->(7,2) / a1c1
 R: (7,5)->(7,4) / f1e1
Possible moves for piece: N:
 N: (5,2)->(7,1) / c3b1
 N: (5,2)->(3,3) / c3d5
 N: (5,2)->(4,0) / c3a4
 N: (6,4)->(4,5) / e2f4
 N: (6,4)->(5,6) / e2g3
 N: (6,4)->(7,2) / e2c1
Possible moves for piece: B:
 B: (3,1)->(2,0) / b5a6
 B: (3,1)->(2,2) / b5c6
 B: (3,1)->(4,0) / b5a4
 B: (3,1)->(4,2) / b5c4
 B: (3,1)->(5,3) / b5d3
 B: (5,4)->(4,5) / e3f4
 B: (5,4)->(3,6) / e3g5
 B: (5,4)->(2,7) / e3h6
 B: (5,4)->(6,3) / e3d2
 B: (5,4)->(7,2) / e3c1
Possible moves for piece: Q:
 Q: (7,3)->(6,3) / d1d2
 Q: (7,3)->(5,3) / d1d3
 Q: (7,3)->(7,4) / d1e1
 Q: (7,3)->(7,2) / d1c1
 Q: (7,3)->(7,1) / d1b1
Possible moves for piece: K:
 K: (7,6)->(7,7) / g1h1

------------------------------Filtered Search Space--------------------------------------------
Possible moves for piece: P:
 P: (4,3)->(3,4) / d4e5
 P: (4,4)->(3,3) / e4d5
 P: (6,0)->(5,0) / a2a3
 P: (6,0)->(4,0) / a2a4
 P: (6,1)->(5,1) / b2b3
 P: (6,1)->(4,1) / b2b4
 P: (6,5)->(5,5) / f2f3
 P: (6,5)->(4,5) / f2f4
 P: (6,6)->(5,6) / g2g3
 P: (6,6)->(4,6) / g2g4
 P: (6,7)->(5,7) / h2h3
 P: (6,7)->(4,7) / h2h4
Possible moves for piece: R:
 R: (7,0)->(7,1) / a1b1
 R: (7,0)->(7,2) / a1c1
 R: (7,5)->(7,4) / f1e1
Possible moves for piece: N:
 N: (5,2)->(7,1) / c3b1
 N: (5,2)->(3,3) / c3d5
 N: (5,2)->(4,0) / c3a4
 N: (6,4)->(4,5) / e2f4
 N: (6,4)->(5,6) / e2g3
 N: (6,4)->(7,2) / e2c1
Possible moves for piece: B:
 B: (3,1)->(2,0) / b5a6
 B: (3,1)->(2,2) / b5c6
 B: (3,1)->(4,0) / b5a4
 B: (3,1)->(4,2) / b5c4
 B: (3,1)->(5,3) / b5d3
 B: (5,4)->(4,5) / e3f4
 B: (5,4)->(3,6) / e3g5
 B: (5,4)->(2,7) / e3h6
 B: (5,4)->(6,3) / e3d2
 B: (5,4)->(7,2) / e3c1
Possible moves for piece: Q:
 Q: (7,3)->(6,3) / d1d2
 Q: (7,3)->(5,3) / d1d3
 Q: (7,3)->(7,4) / d1e1
 Q: (7,3)->(7,2) / d1c1
 Q: (7,3)->(7,1) / d1b1
Possible moves for piece: K:
 K: (7,6)->(7,7) / g1h1

--------------------------------Info on Attacks---------------------------------------------------
Squares attacked by Black pieces:
(0,0) (0,1) (0,3) (0,5) (0,6) (2,0) (2,1) (2,3) (2,6) (2,7) (3,0) (3,2) (3,5) (3,7) (4,1) (4,2) (4,3) (4,4) (4,5) (4,6) (5,0) (5,7) 

-------------------------------Squares controlled by the enemy------------------------------------
X X * X * X X * 
* * * * * * * * 
X X * X * * X X 
X * X * * X * X 
* X X X X X X * 
X * * * * * * X 
* * * * * * * * 
* * * * * * * * 

------------------------------Check Information---------------------------------------------------
White King located at: (7,6)
White King is safe, no check at this position.

------------------------------Special Move Information-------------------------------------------
No en passant allowed right now
------------------------------Castling Rights Information-------------------------------------------
White Kingside Castle:  NOT AVAILABLE
White Queenside Castle: NOT AVAILABLE
Black Kingside Castle:  AVAILABLE
Black Queenside Castle: NOT AVAILABLE
---------------------------------------------------------------------------------------------------

========== CAPTURE EXPLORATION ==========
[0] B x n | Potential loss: NO | Score: -320
[1] P x p | Potential loss: NO | Score: -100
[2] P x p | Potential loss: NO | Score: -100
[3] N x p | Potential loss: NO | Score: -100
========================================

========== CHECK EXPLORATION ==========
(no checks found)
======================================
--------------------------------------------------------------------------------------------------
Chosen Move: (7,3) --> (5,3)
 / d1d3

* * r * k * * r 
p p p q b p p p 
* * n * b n * * 
* B * p p * * * 
* * * P P * * * 
* * N Q B * * * 
P P P * N P P P 
R * * * * R K * 

[32;1m[Game] [0mPlayer's error code: 0
[32;1m[Game] [0mChecking move validity...
[32;1m[Board] [0mInitializing board (size: 8)...
[32;1m[Board] [0m32 piece(s) on board.
[32;1m[Board] [0mLoading history file `championship/chessgambit-matex/history.csv`...
[32;1m[Board] [0mLoaded 26 move(s).
[32;1m[Board] [0mHistory replayed, 32 piece(s) on board.
[32;1m[Board] [0mLoading move file `championship/chessgambit-matex/move.csv`...
[32;1m[Board] [0mWhite player is playing d1 to d3.
[32;1m[Board] [0m
[32;1m[Board] [0m     a b c d e f g h
[32;1m[Board] [0m   -------------------
[32;1m[Board] [0m 8 ||[7;1m [0m| |[30;1mr[0m| |[30;1mK[0m| |[7;1m [0m|[30;1mr[0m|| 8
[32;1m[Board] [0m   -------------------
[32;1m[Board] [0m 7 ||[30;1mp[0m|[30;1mp[0m|[30;1mp[0m|[30;1mQ[0m|[30;1mb[0m|[30;1mp[0m|[30;1mp[0m|[30;1mp[0m|| 7
[32;1m[Board] [0m   -------------------
[32;1m[Board] [0m 6 ||[7;1m [0m| |[30;1mk[0m| |[30;1mb[0m|[30;1mk[0m|[7;1m [0m| || 6
[32;1m[Board] [0m   -------------------
[32;1m[Board] [0m 5 || |[0;1mb[0m| |[30;1mp[0m|[30;1mp[0m|[7;1m [0m| |[7;1m [0m|| 5
[32;1m[Board] [0m   -------------------
[32;1m[Board] [0m 4 ||[7;1m [0m| |[7;1m [0m|[0;1mp[0m|[0;1mp[0m| |[7;1m [0m| || 4
[32;1m[Board] [0m   -------------------
[32;1m[Board] [0m 3 || |[7;1m [0m|[0;1mk[0m|[0;1mQ[0m|[0;1mb[0m|[7;1m [0m| |[7;1m [0m|| 3
[32;1m[Board] [0m   -------------------
[32;1m[Board] [0m 2 ||[0;1mp[0m|[0;1mp[0m|[0;1mp[0m| |[0;1mk[0m|[0;1mp[0m|[0;1mp[0m|[0;1mp[0m|| 2
[32;1m[Board] [0m   -------------------
[32;1m[Board] [0m 1 ||[0;1mr[0m|[7;1m [0m| |[7;1m [0m| |[0;1mr[0m|[0;1mK[0m|[7;1m [0m|| 1
[32;1m[Board] [0m   -------------------
[32;1m[Board] [0m     a b c d e f g h
[32;1m[Board] [0m
[32;1m[Referee] [0mThis is the turn of the Black player...
info depth 1 nodes 453 score cp -5 pv d5e4
info depth 2 nodes 1761 score cp 100 pv d5e4
info depth 3 nodes 8097 score cp -5 pv d5e4
info depth 4 nodes 35856 score cp 0 pv e5d4
info depth 5 nodes 221685 score cp 0 pv f6e4
  a b c d e f g h
8 . . r . k . . r 
7 p p p q b p p p 
6 . . n . b . . . 
5 . B . p p . . . 
4 . . . . n . . . 
3 . . N Q B . . . 
2 P P P . N P P P 
1 R . . . . . K R 
[32;1m[Game] [0mPlayer's error code: 0
[32;1m[Game] [0mChecking move validity...
[32;1m[Board] [0mInitializing board (size: 8)...
[32;1m[Board] [0m32 piece(s) on board.
[32;1m[Board] [0mLoading history file `championship/chessgambit-matex/history.csv`...
[32;1m[Board] [0mLoaded 27 move(s).
[32;1m[Board] [0mHistory replayed, 32 piece(s) on board.
[32;1m[Board] [0mLoading move file `championship/chessgambit-matex/move.csv`...
[32;1m[Board] [0mBlack player is playing f6 to e4.
[32;1m[Board] [0m[5;1mBlack Knight is taking White Pawn.[0m
[32;1m[Board] [0m
[32;1m[Board] [0m     a b c d e f g h
[32;1m[Board] [0m   -------------------
[32;1m[Board] [0m 8 ||[7;1m [0m| |[30;1mr[0m| |[30;1mK[0m| |[7;1m [0m|[30;1mr[0m|| 8
[32;1m[Board] [0m   -------------------
[32;1m[Board] [0m 7 ||[30;1mp[0m|[30;1mp[0m|[30;1mp[0m|[30;1mQ[0m|[30;1mb[0m|[30;1mp[0m|[30;1mp[0m|[30;1mp[0m|| 7
[32;1m[Board] [0m   -------------------
[32;1m[Board] [0m 6 ||[7;1m [0m| |[30;1mk[0m| |[30;1mb[0m| |[7;1m [0m| || 6
[32;1m[Board] [0m   -------------------
[32;1m[Board] [0m 5 || |[0;1mb[0m| |[30;1mp[0m|[30;1mp[0m|[7;1m [0m| |[7;1m [0m|| 5
[32;1m[Board] [0m   -------------------
[32;1m[Board] [0m 4 ||[7;1m [0m| |[7;1m [0m|[0;1mp[0m|[30;1mk[0m| |[7;1m [0m| || 4
[32;1m[Board] [0m   -------------------
[32;1m[Board] [0m 3 || |[7;1m [0m|[0;1mk[0m|[0;1mQ[0m|[0;1mb[0m|[7;1m [0m| |[7;1m [0m|| 3
[32;1m[Board] [0m   -------------------
[32;1m[Board] [0m 2 ||[0;1mp[0m|[0;1mp[0m|[0;1mp[0m| |[0;1mk[0m|[0;1mp[0m|[0;1mp[0m|[0;1mp[0m|| 2
[32;1m[Board] [0m   -------------------
[32;1m[Board] [0m 1 ||[0;1mr[0m|[7;1m [0m| |[7;1m [0m| |[0;1mr[0m|[0;1mK[0m|[7;1m [0m|| 1
[32;1m[Board] [0m   -------------------
[32;1m[Board] [0m     a b c d e f g h
[32;1m[Board] [0m
[32;1m[Referee] [0mThis is the turn of the White player...
Inputed Board
Currently playing: White

------------------------------Current Search Space--------------------------------------------
Possible moves for piece: P:
 P: (4,3)->(3,4) / d4e5
 P: (6,0)->(5,0) / a2a3
 P: (6,0)->(4,0) / a2a4
 P: (6,1)->(5,1) / b2b3
 P: (6,1)->(4,1) / b2b4
 P: (6,5)->(5,5) / f2f3
 P: (6,5)->(4,5) / f2f4
 P: (6,6)->(5,6) / g2g3
 P: (6,6)->(4,6) / g2g4
 P: (6,7)->(5,7) / h2h3
 P: (6,7)->(4,7) / h2h4
Possible moves for piece: R:
 R: (7,0)->(7,1) / a1b1
 R: (7,0)->(7,2) / a1c1
 R: (7,0)->(7,3) / a1d1
 R: (7,0)->(7,4) / a1e1
 R: (7,5)->(7,4) / f1e1
 R: (7,5)->(7,3) / f1d1
 R: (7,5)->(7,2) / f1c1
 R: (7,5)->(7,1) / f1b1
Possible moves for piece: N:
 N: (5,2)->(7,3) / c3d1
 N: (5,2)->(7,1) / c3b1
 N: (5,2)->(3,3) / c3d5
 N: (5,2)->(4,4) / c3e4
 N: (5,2)->(4,0) / c3a4
 N: (6,4)->(4,5) / e2f4
 N: (6,4)->(5,6) / e2g3
 N: (6,4)->(7,2) / e2c1
Possible moves for piece: B:
 B: (3,1)->(2,0) / b5a6
 B: (3,1)->(2,2) / b5c6
 B: (3,1)->(4,0) / b5a4
 B: (3,1)->(4,2) / b5c4
 B: (5,4)->(4,5) / e3f4
 B: (5,4)->(3,6) / e3g5
 B: (5,4)->(2,7) / e3h6
 B: (5,4)->(6,3) / e3d2
 B: (5,4)->(7,2) / e3c1
Possible moves for piece: Q:
 Q: (5,3)->(6,3) / d3d2
 Q: (5,3)->(7,3) / d3d1
 Q: (5,3)->(4,2) / d3c4
 Q: (5,3)->(4,4) / d3e4
Possible moves for piece: K:
 K: (7,6)->(7,7) / g1h1

------------------------------Filtered Search Space--------------------------------------------
Possible moves for piece: P:
 P: (4,3)->(3,4) / d4e5
 P: (6,0)->(5,0) / a2a3
 P: (6,0)->(4,0) / a2a4
 P: (6,1)->(5,1) / b2b3
 P: (6,1)->(4,1) / b2b4
 P: (6,5)->(5,5) / f2f3
 P: (6,5)->(4,5) / f2f4
 P: (6,6)->(5,6) / g2g3
 P: (6,6)->(4,6) / g2g4
 P: (6,7)->(5,7) / h2h3
 P: (6,7)->(4,7) / h2h4
Possible moves for piece: R:
 R: (7,0)->(7,1) / a1b1
 R: (7,0)->(7,2) / a1c1
 R: (7,0)->(7,3) / a1d1
 R: (7,0)->(7,4) / a1e1
 R: (7,5)->(7,4) / f1e1
 R: (7,5)->(7,3) / f1d1
 R: (7,5)->(7,2) / f1c1
 R: (7,5)->(7,1) / f1b1
Possible moves for piece: N:
 N: (5,2)->(7,3) / c3d1
 N: (5,2)->(7,1) / c3b1
 N: (5,2)->(3,3) / c3d5
 N: (5,2)->(4,4) / c3e4
 N: (5,2)->(4,0) / c3a4
 N: (6,4)->(4,5) / e2f4
 N: (6,4)->(5,6) / e2g3
 N: (6,4)->(7,2) / e2c1
Possible moves for piece: B:
 B: (3,1)->(2,0) / b5a6
 B: (3,1)->(2,2) / b5c6
 B: (3,1)->(4,0) / b5a4
 B: (3,1)->(4,2) / b5c4
 B: (5,4)->(4,5) / e3f4
 B: (5,4)->(3,6) / e3g5
 B: (5,4)->(2,7) / e3h6
 B: (5,4)->(6,3) / e3d2
 B: (5,4)->(7,2) / e3c1
Possible moves for piece: Q:
 Q: (5,3)->(6,3) / d3d2
 Q: (5,3)->(7,3) / d3d1
 Q: (5,3)->(4,2) / d3c4
 Q: (5,3)->(4,4) / d3e4
Possible moves for piece: K:
 K: (7,6)->(7,7) / g1h1

--------------------------------Info on Attacks---------------------------------------------------
Squares attacked by Black pieces:
(0,0) (0,1) (0,3) (0,5) (0,6) (2,0) (2,1) (2,3) (2,5) (2,6) (2,7) (3,0) (3,2) (3,5) (3,6) (4,1) (4,2) (4,3) (4,5) (4,6) (4,7) (5,0) (5,2) (5,6) (5,7) (6,3) (6,5) 

-------------------------------Squares controlled by the enemy------------------------------------
X X * X * X X * 
* * * * * * * * 
X X * X * X X X 
X * X * * X X * 
* X X X * X X X 
X * X * * * X X 
* * * X * X * * 
* * * * * * * * 

------------------------------Check Information---------------------------------------------------
White King located at: (7,6)
White King is safe, no check at this position.

------------------------------Special Move Information-------------------------------------------
No en passant allowed right now
------------------------------Castling Rights Information-------------------------------------------
White Kingside Castle:  NOT AVAILABLE
White Queenside Castle: NOT AVAILABLE
Black Kingside Castle:  AVAILABLE
Black Queenside Castle: NOT AVAILABLE
---------------------------------------------------------------------------------------------------

========== CAPTURE EXPLORATION ==========
[0] B x n | Potential loss: NO | Score: -320
[1] P x p | Potential loss: NO | Score: -100
[2] N x p | Potential loss: NO | Score: -100
[3] N x n | Potential loss: NO | Score: -320
[4] Q x n | Potential loss: NO | Score: -320
========================================

========== CHECK EXPLORATION ==========
(no checks found)
======================================
--------------------------------------------------------------------------------------------------
Chosen Move: (5,2) --> (7,3)
 / c3d1

* * r * k * * r 
p p p q b p p p 
* * n * b * * * 
* B * p p * * * 
* * * P n * * * 
* * * Q B * * * 
P P P * N P P P 
R * * N * R K * 

[32;1m[Game] [0mPlayer's error code: 0
[32;1m[Game] [0mChecking move validity...
[32;1m[Board] [0mInitializing board (size: 8)...
[32;1m[Board] [0m32 piece(s) on board.
[32;1m[Board] [0mLoading history file `championship/chessgambit-matex/history.csv`...
[32;1m[Board] [0mLoaded 28 move(s).
[32;1m[Board] [0mHistory replayed, 31 piece(s) on board.
[32;1m[Board] [0mLoading move file `championship/chessgambit-matex/move.csv`...
[32;1m[Board] [0mWhite player is playing c3 to d1.
[32;1m[Board] [0m
[32;1m[Board] [0m     a b c d e f g h
[32;1m[Board] [0m   -------------------
[32;1m[Board] [0m 8 ||[7;1m [0m| |[30;1mr[0m| |[30;1mK[0m| |[7;1m [0m|[30;1mr[0m|| 8
[32;1m[Board] [0m   -------------------
[32;1m[Board] [0m 7 ||[30;1mp[0m|[30;1mp[0m|[30;1mp[0m|[30;1mQ[0m|[30;1mb[0m|[30;1mp[0m|[30;1mp[0m|[30;1mp[0m|| 7
[32;1m[Board] [0m   -------------------
[32;1m[Board] [0m 6 ||[7;1m [0m| |[30;1mk[0m| |[30;1mb[0m| |[7;1m [0m| || 6
[32;1m[Board] [0m   -------------------
[32;1m[Board] [0m 5 || |[0;1mb[0m| |[30;1mp[0m|[30;1mp[0m|[7;1m [0m| |[7;1m [0m|| 5
[32;1m[Board] [0m   -------------------
[32;1m[Board] [0m 4 ||[7;1m [0m| |[7;1m [0m|[0;1mp[0m|[30;1mk[0m| |[7;1m [0m| || 4
[32;1m[Board] [0m   -------------------
[32;1m[Board] [0m 3 || |[7;1m [0m| |[0;1mQ[0m|[0;1mb[0m|[7;1m [0m| |[7;1m [0m|| 3
[32;1m[Board] [0m   -------------------
[32;1m[Board] [0m 2 ||[0;1mp[0m|[0;1mp[0m|[0;1mp[0m| |[0;1mk[0m|[0;1mp[0m|[0;1mp[0m|[0;1mp[0m|| 2
[32;1m[Board] [0m   -------------------
[32;1m[Board] [0m 1 ||[0;1mr[0m|[7;1m [0m| |[0;1mk[0m| |[0;1mr[0m|[0;1mK[0m|[7;1m [0m|| 1
[32;1m[Board] [0m   -------------------
[32;1m[Board] [0m     a b c d e f g h
[32;1m[Board] [0m
[32;1m[Referee] [0mThis is the turn of the Black player...
info depth 1 nodes 603 score cp 150 pv e5d4
info depth 2 nodes 2937 score cp 170 pv e6f5
info depth 3 nodes 12234 score cp 114 pv e6f5
info depth 4 nodes 44064 score cp 125 pv e5d4
info depth 5 nodes 424070 score cp 60 pv e6f5
  a b c d e f g h
8 . . r . k . . r 
7 p p p q b p p p 
6 . . n . . . . . 
5 . B . p p b . . 
4 . . . P n . . . 
3 . . . Q B . . . 
2 P P P . N P P P 
1 R . . N . . K R 
[32;1m[Game] [0mPlayer's error code: 0
[32;1m[Game] [0mChecking move validity...
[32;1m[Board] [0mInitializing board (size: 8)...
[32;1m[Board] [0m32 piece(s) on board.
[32;1m[Board] [0mLoading history file `championship/chessgambit-matex/history.csv`...
[32;1m[Board] [0mLoaded 29 move(s).
[32;1m[Board] [0mHistory replayed, 31 piece(s) on board.
[32;1m[Board] [0mLoading move file `championship/chessgambit-matex/move.csv`...
[32;1m[Board] [0mBlack player is playing e6 to f5.
[32;1m[Board] [0m
[32;1m[Board] [0m     a b c d e f g h
[32;1m[Board] [0m   -------------------
[32;1m[Board] [0m 8 ||[7;1m [0m| |[30;1mr[0m| |[30;1mK[0m| |[7;1m [0m|[30;1mr[0m|| 8
[32;1m[Board] [0m   -------------------
[32;1m[Board] [0m 7 ||[30;1mp[0m|[30;1mp[0m|[30;1mp[0m|[30;1mQ[0m|[30;1mb[0m|[30;1mp[0m|[30;1mp[0m|[30;1mp[0m|| 7
[32;1m[Board] [0m   -------------------
[32;1m[Board] [0m 6 ||[7;1m [0m| |[30;1mk[0m| |[7;1m [0m| |[7;1m [0m| || 6
[32;1m[Board] [0m   -------------------
[32;1m[Board] [0m 5 || |[0;1mb[0m| |[30;1mp[0m|[30;1mp[0m|[30;1mb[0m| |[7;1m [0m|| 5
[32;1m[Board] [0m   -------------------
[32;1m[Board] [0m 4 ||[7;1m [0m| |[7;1m [0m|[0;1mp[0m|[30;1mk[0m| |[7;1m [0m| || 4
[32;1m[Board] [0m   -------------------
[32;1m[Board] [0m 3 || |[7;1m [0m| |[0;1mQ[0m|[0;1mb[0m|[7;1m [0m| |[7;1m [0m|| 3
[32;1m[Board] [0m   -------------------
[32;1m[Board] [0m 2 ||[0;1mp[0m|[0;1mp[0m|[0;1mp[0m| |[0;1mk[0m|[0;1mp[0m|[0;1mp[0m|[0;1mp[0m|| 2
[32;1m[Board] [0m   -------------------
[32;1m[Board] [0m 1 ||[0;1mr[0m|[7;1m [0m| |[0;1mk[0m| |[0;1mr[0m|[0;1mK[0m|[7;1m [0m|| 1
[32;1m[Board] [0m   -------------------
[32;1m[Board] [0m     a b c d e f g h
[32;1m[Board] [0m
[32;1m[Referee] [0mThis is the turn of the White player...
Inputed Board
Currently playing: White

------------------------------Current Search Space--------------------------------------------
Possible moves for piece: P:
 P: (4,3)->(3,4) / d4e5
 P: (6,0)->(5,0) / a2a3
 P: (6,0)->(4,0) / a2a4
 P: (6,1)->(5,1) / b2b3
 P: (6,1)->(4,1) / b2b4
 P: (6,2)->(5,2) / c2c3
 P: (6,2)->(4,2) / c2c4
 P: (6,5)->(5,5) / f2f3
 P: (6,5)->(4,5) / f2f4
 P: (6,6)->(5,6) / g2g3
 P: (6,6)->(4,6) / g2g4
 P: (6,7)->(5,7) / h2h3
 P: (6,7)->(4,7) / h2h4
Possible moves for piece: R:
 R: (7,0)->(7,1) / a1b1
 R: (7,0)->(7,2) / a1c1
 R: (7,5)->(7,4) / f1e1
Possible moves for piece: N:
 N: (6,4)->(4,5) / e2f4
 N: (6,4)->(5,6) / e2g3
 N: (6,4)->(7,2) / e2c1
 N: (6,4)->(5,2) / e2c3
 N: (7,3)->(5,2) / d1c3
Possible moves for piece: B:
 B: (3,1)->(2,0) / b5a6
 B: (3,1)->(2,2) / b5c6
 B: (3,1)->(4,0) / b5a4
 B: (3,1)->(4,2) / b5c4
 B: (5,4)->(4,5) / e3f4
 B: (5,4)->(3,6) / e3g5
 B: (5,4)->(2,7) / e3h6
 B: (5,4)->(6,3) / e3d2
 B: (5,4)->(7,2) / e3c1
Possible moves for piece: Q:
 Q: (5,3)->(6,3) / d3d2
 Q: (5,3)->(5,2) / d3c3
 Q: (5,3)->(5,1) / d3b3
 Q: (5,3)->(5,0) / d3a3
 Q: (5,3)->(4,2) / d3c4
 Q: (5,3)->(4,4) / d3e4
Possible moves for piece: K:
 K: (7,6)->(7,7) / g1h1

------------------------------Filtered Search Space--------------------------------------------
Possible moves for piece: P:
 P: (4,3)->(3,4) / d4e5
 P: (6,0)->(5,0) / a2a3
 P: (6,0)->(4,0) / a2a4
 P: (6,1)->(5,1) / b2b3
 P: (6,1)->(4,1) / b2b4
 P: (6,2)->(5,2) / c2c3
 P: (6,2)->(4,2) / c2c4
 P: (6,5)->(5,5) / f2f3
 P: (6,5)->(4,5) / f2f4
 P: (6,6)->(5,6) / g2g3
 P: (6,6)->(4,6) / g2g4
 P: (6,7)->(5,7) / h2h3
 P: (6,7)->(4,7) / h2h4
Possible moves for piece: R:
 R: (7,0)->(7,1) / a1b1
 R: (7,0)->(7,2) / a1c1
 R: (7,5)->(7,4) / f1e1
Possible moves for piece: N:
 N: (6,4)->(4,5) / e2f4
 N: (6,4)->(5,6) / e2g3
 N: (6,4)->(7,2) / e2c1
 N: (6,4)->(5,2) / e2c3
 N: (7,3)->(5,2) / d1c3
Possible moves for piece: B:
 B: (3,1)->(2,0) / b5a6
 B: (3,1)->(2,2) / b5c6
 B: (3,1)->(4,0) / b5a4
 B: (3,1)->(4,2) / b5c4
 B: (5,4)->(4,5) / e3f4
 B: (5,4)->(3,6) / e3g5
 B: (5,4)->(2,7) / e3h6
 B: (5,4)->(6,3) / e3d2
 B: (5,4)->(7,2) / e3c1
Possible moves for piece: Q:
 Q: (5,3)->(6,3) / d3d2
 Q: (5,3)->(5,2) / d3c3
 Q: (5,3)->(5,1) / d3b3
 Q: (5,3)->(5,0) / d3a3
 Q: (5,3)->(4,2) / d3c4
 Q: (5,3)->(4,4) / d3e4
Possible moves for piece: K:
 K: (7,6)->(7,7) / g1h1

--------------------------------Info on Attacks---------------------------------------------------
Squares attacked by Black pieces:
(0,0) (0,1) (0,3) (0,5) (0,6) (2,0) (2,1) (2,3) (2,4) (2,5) (2,6) (2,7) (3,0) (3,2) (3,6) (4,1) (4,2) (4,3) (4,5) (4,6) (4,7) (5,0) (5,2) (5,6) (5,7) (6,3) (6,5) 

-------------------------------Squares controlled by the enemy------------------------------------
X X * X * X X * 
* * * * * * * * 
X X * X X X X X 
X * X * * * X * 
* X X X * X X X 
X * X * * * X X 
* * * X * X * * 
* * * * * * * * 

------------------------------Check Information---------------------------------------------------
White King located at: (7,6)
White King is safe, no check at this position.

------------------------------Special Move Information-------------------------------------------
No en passant allowed right now
------------------------------Castling Rights Information-------------------------------------------
White Kingside Castle:  NOT AVAILABLE
White Queenside Castle: NOT AVAILABLE
Black Kingside Castle:  AVAILABLE
Black Queenside Castle: NOT AVAILABLE
---------------------------------------------------------------------------------------------------

========== CAPTURE EXPLORATION ==========
[0] B x n | Potential loss: NO | Score: -320
[1] P x p | Potential loss: NO | Score: -100
[2] Q x n | Potential loss: NO | Score: -320
========================================

========== CHECK EXPLORATION ==========
(no checks found)
======================================
--------------------------------------------------------------------------------------------------
Chosen Move: (7,5) --> (7,4)
 / f1e1

* * r * k * * r 
p p p q b p p p 
* * n * * * * * 
* B * p p b * * 
* * * P n * * * 
* * * Q B * * * 
P P P * N P P P 
R * * N R * K * 

[32;1m[Game] [0mPlayer's error code: 0
[32;1m[Game] [0mChecking move validity...
[32;1m[Board] [0mInitializing board (size: 8)...
[32;1m[Board] [0m32 piece(s) on board.
[32;1m[Board] [0mLoading history file `championship/chessgambit-matex/history.csv`...
[32;1m[Board] [0mLoaded 30 move(s).
[32;1m[Board] [0mHistory replayed, 31 piece(s) on board.
[32;1m[Board] [0mLoading move file `championship/chessgambit-matex/move.csv`...
[32;1m[Board] [0mWhite player is playing f1 to e1.
[32;1m[Board] [0m
[32;1m[Board] [0m     a b c d e f g h
[32;1m[Board] [0m   -------------------
[32;1m[Board] [0m 8 ||[7;1m [0m| |[30;1mr[0m| |[30;1mK[0m| |[7;1m [0m|[30;1mr[0m|| 8
[32;1m[Board] [0m   -------------------
[32;1m[Board] [0m 7 ||[30;1mp[0m|[30;1mp[0m|[30;1mp[0m|[30;1mQ[0m|[30;1mb[0m|[30;1mp[0m|[30;1mp[0m|[30;1mp[0m|| 7
[32;1m[Board] [0m   -------------------
[32;1m[Board] [0m 6 ||[7;1m [0m| |[30;1mk[0m| |[7;1m [0m| |[7;1m [0m| || 6
[32;1m[Board] [0m   -------------------
[32;1m[Board] [0m 5 || |[0;1mb[0m| |[30;1mp[0m|[30;1mp[0m|[30;1mb[0m| |[7;1m [0m|| 5
[32;1m[Board] [0m   -------------------
[32;1m[Board] [0m 4 ||[7;1m [0m| |[7;1m [0m|[0;1mp[0m|[30;1mk[0m| |[7;1m [0m| || 4
[32;1m[Board] [0m   -------------------
[32;1m[Board] [0m 3 || |[7;1m [0m| |[0;1mQ[0m|[0;1mb[0m|[7;1m [0m| |[7;1m [0m|| 3
[32;1m[Board] [0m   -------------------
[32;1m[Board] [0m 2 ||[0;1mp[0m|[0;1mp[0m|[0;1mp[0m| |[0;1mk[0m|[0;1mp[0m|[0;1mp[0m|[0;1mp[0m|| 2
[32;1m[Board] [0m   -------------------
[32;1m[Board] [0m 1 ||[0;1mr[0m|[7;1m [0m| |[0;1mk[0m|[0;1mr[0m|[7;1m [0m|[0;1mK[0m|[7;1m [0m|| 1
[32;1m[Board] [0m   -------------------
[32;1m[Board] [0m     a b c d e f g h
[32;1m[Board] [0m
[32;1m[Referee] [0mThis is the turn of the Black player...
info depth 1 nodes 263 score cp 245 pv e4f2
info depth 2 nodes 1606 score cp 270 pv e5d4
info depth 3 nodes 6281 score cp 245 pv e4f2
info depth 4 nodes 25063 score cp 450 pv e4f2
info depth 5 nodes 56440 score cp 400 pv e4f2
info depth 6 nodes 608497 score cp 400 pv e4f2
  a b c d e f g h
8 . . r . k . . r 
7 p p p q b p p p 
6 . . n . . . . . 
5 . B . p p b . . 
4 . . . P . . . . 
3 . . . Q B . . . 
2 P P P . N n P P 
1 R . . N . . K R 
[32;1m[Game] [0mPlayer's error code: 0
[32;1m[Game] [0mChecking move validity...
[32;1m[Board] [0mInitializing board (size: 8)...
[32;1m[Board] [0m32 piece(s) on board.
[32;1m[Board] [0mLoading history file `championship/chessgambit-matex/history.csv`...
[32;1m[Board] [0mLoaded 31 move(s).
[32;1m[Board] [0mHistory replayed, 31 piece(s) on board.
[32;1m[Board] [0mLoading move file `championship/chessgambit-matex/move.csv`...
[32;1m[Board] [0mBlack player is playing e4 to f2.
[32;1m[Board] [0m[5;1mBlack Knight is taking White Pawn.[0m
[32;1m[Board] [0m
[32;1m[Board] [0m     a b c d e f g h
[32;1m[Board] [0m   -------------------
[32;1m[Board] [0m 8 ||[7;1m [0m| |[30;1mr[0m| |[30;1mK[0m| |[7;1m [0m|[30;1mr[0m|| 8
[32;1m[Board] [0m   -------------------
[32;1m[Board] [0m 7 ||[30;1mp[0m|[30;1mp[0m|[30;1mp[0m|[30;1mQ[0m|[30;1mb[0m|[30;1mp[0m|[30;1mp[0m|[30;1mp[0m|| 7
[32;1m[Board] [0m   -------------------
[32;1m[Board] [0m 6 ||[7;1m [0m| |[30;1mk[0m| |[7;1m [0m| |[7;1m [0m| || 6
[32;1m[Board] [0m   -------------------
[32;1m[Board] [0m 5 || |[0;1mb[0m| |[30;1mp[0m|[30;1mp[0m|[30;1mb[0m| |[7;1m [0m|| 5
[32;1m[Board] [0m   -------------------
[32;1m[Board] [0m 4 ||[7;1m [0m| |[7;1m [0m|[0;1mp[0m|[7;1m [0m| |[7;1m [0m| || 4
[32;1m[Board] [0m   -------------------
[32;1m[Board] [0m 3 || |[7;1m [0m| |[0;1mQ[0m|[0;1mb[0m|[7;1m [0m| |[7;1m [0m|| 3
[32;1m[Board] [0m   -------------------
[32;1m[Board] [0m 2 ||[0;1mp[0m|[0;1mp[0m|[0;1mp[0m| |[0;1mk[0m|[30;1mk[0m|[0;1mp[0m|[0;1mp[0m|| 2
[32;1m[Board] [0m   -------------------
[32;1m[Board] [0m 1 ||[0;1mr[0m|[7;1m [0m| |[0;1mk[0m|[0;1mr[0m|[7;1m [0m|[0;1mK[0m|[7;1m [0m|| 1
[32;1m[Board] [0m   -------------------
[32;1m[Board] [0m     a b c d e f g h
[32;1m[Board] [0m
[32;1m[Referee] [0mThis is the turn of the White player...
Inputed Board
Currently playing: White

------------------------------Current Search Space--------------------------------------------
Possible moves for piece: P:
 P: (4,3)->(3,4) / d4e5
 P: (6,0)->(5,0) / a2a3
 P: (6,0)->(4,0) / a2a4
 P: (6,1)->(5,1) / b2b3
 P: (6,1)->(4,1) / b2b4
 P: (6,2)->(5,2) / c2c3
 P: (6,2)->(4,2) / c2c4
 P: (6,6)->(5,6) / g2g3
 P: (6,6)->(4,6) / g2g4
 P: (6,7)->(5,7) / h2h3
 P: (6,7)->(4,7) / h2h4
Possible moves for piece: R:
 R: (7,0)->(7,1) / a1b1
 R: (7,0)->(7,2) / a1c1
 R: (7,4)->(7,5) / e1f1
Possible moves for piece: N:
 N: (6,4)->(4,5) / e2f4
 N: (6,4)->(5,6) / e2g3
 N: (6,4)->(7,2) / e2c1
 N: (6,4)->(5,2) / e2c3
 N: (7,3)->(5,2) / d1c3
 N: (7,3)->(6,5) / d1f2
Possible moves for piece: B:
 B: (3,1)->(2,0) / b5a6
 B: (3,1)->(2,2) / b5c6
 B: (3,1)->(4,0) / b5a4
 B: (3,1)->(4,2) / b5c4
 B: (5,4)->(4,5) / e3f4
 B: (5,4)->(3,6) / e3g5
 B: (5,4)->(2,7) / e3h6
 B: (5,4)->(6,3) / e3d2
 B: (5,4)->(7,2) / e3c1
 B: (5,4)->(6,5) / e3f2
Possible moves for piece: Q:
 Q: (5,3)->(6,3) / d3d2
 Q: (5,3)->(5,2) / d3c3
 Q: (5,3)->(5,1) / d3b3
 Q: (5,3)->(5,0) / d3a3
 Q: (5,3)->(4,2) / d3c4
 Q: (5,3)->(4,4) / d3e4
 Q: (5,3)->(3,5) / d3f5
Possible moves for piece: K:
 K: (7,6)->(7,7) / g1h1
 K: (7,6)->(7,5) / g1f1
 K: (7,6)->(6,5) / g1f2

------------------------------Filtered Search Space--------------------------------------------
Possible moves for piece: P:
 P: (4,3)->(3,4) / d4e5
 P: (6,0)->(5,0) / a2a3
 P: (6,0)->(4,0) / a2a4
 P: (6,1)->(5,1) / b2b3
 P: (6,1)->(4,1) / b2b4
 P: (6,2)->(5,2) / c2c3
 P: (6,2)->(4,2) / c2c4
 P: (6,6)->(5,6) / g2g3
 P: (6,6)->(4,6) / g2g4
 P: (6,7)->(5,7) / h2h3
 P: (6,7)->(4,7) / h2h4
Possible moves for piece: R:
 R: (7,0)->(7,1) / a1b1
 R: (7,0)->(7,2) / a1c1
 R: (7,4)->(7,5) / e1f1
Possible moves for piece: N:
 N: (6,4)->(4,5) / e2f4
 N: (6,4)->(5,6) / e2g3
 N: (6,4)->(7,2) / e2c1
 N: (6,4)->(5,2) / e2c3
 N: (7,3)->(5,2) / d1c3
 N: (7,3)->(6,5) / d1f2
Possible moves for piece: B:
 B: (3,1)->(2,0) / b5a6
 B: (3,1)->(2,2) / b5c6
 B: (3,1)->(4,0) / b5a4
 B: (3,1)->(4,2) / b5c4
 B: (5,4)->(4,5) / e3f4
 B: (5,4)->(3,6) / e3g5
 B: (5,4)->(2,7) / e3h6
 B: (5,4)->(6,3) / e3d2
 B: (5,4)->(7,2) / e3c1
 B: (5,4)->(6,5) / e3f2
Possible moves for piece: Q:
 Q: (5,3)->(6,3) / d3d2
 Q: (5,3)->(5,2) / d3c3
 Q: (5,3)->(5,1) / d3b3
 Q: (5,3)->(5,0) / d3a3
 Q: (5,3)->(4,2) / d3c4
 Q: (5,3)->(4,4) / d3e4
 Q: (5,3)->(3,5) / d3f5
Possible moves for piece: K:
 K: (7,6)->(7,5) / g1f1
 K: (7,6)->(6,5) / g1f2

--------------------------------Info on Attacks---------------------------------------------------
Squares attacked by Black pieces:
(0,0) (0,1) (0,3) (0,5) (0,6) (2,0) (2,1) (2,3) (2,4) (2,5) (2,6) (2,7) (3,0) (3,2) (3,6) (4,1) (4,2) (4,3) (4,4) (4,5) (4,6) (4,7) (5,0) (5,3) (5,7) (7,3) (7,7) 

-------------------------------Squares controlled by the enemy------------------------------------
X X * X * X X * 
* * * * * * * * 
X X * X X X X X 
X * X * * * X * 
* X X X X X X X 
X * * X * * * X 
* * * * * * * * 
* * * X * * * X 

------------------------------Check Information---------------------------------------------------
White King located at: (7,6)
White King is safe, no check at this position.

------------------------------Special Move Information-------------------------------------------
No en passant allowed right now
------------------------------Castling Rights Information-------------------------------------------
White Kingside Castle:  NOT AVAILABLE
White Queenside Castle: NOT AVAILABLE
Black Kingside Castle:  AVAILABLE
Black Queenside Castle: NOT AVAILABLE
---------------------------------------------------------------------------------------------------

========== CAPTURE EXPLORATION ==========
[0] B x n | Potential loss: NO | Score: -320
[1] P x p | Potential loss: NO | Score: -100
[2] Q x b | Potential loss: NO | Score: -330
[3] B x n | Potential loss: NO | Score: -320
[4] N x n | Potential loss: NO | Score: -320
[5] K x n | Potential loss: NO | Score: -320
========================================

========== CHECK EXPLORATION ==========
(no checks found)
======================================
--------------------------------------------------------------------------------------------------
Chosen Move: (5,3) --> (5,2)
 / d3c3

* * r * k * * r 
p p p q b p p p 
* * n * * * * * 
* B * p p b * * 
* * * P * * * * 
* * Q * B * * * 
P P P * N n P P 
R * * N R * K * 

[32;1m[Game] [0mPlayer's error code: 0
[32;1m[Game] [0mChecking move validity...
[32;1m[Board] [0mInitializing board (size: 8)...
[32;1m[Board] [0m32 piece(s) on board.
[32;1m[Board] [0mLoading history file `championship/chessgambit-matex/history.csv`...
[32;1m[Board] [0mLoaded 32 move(s).
[32;1m[Board] [0mHistory replayed, 30 piece(s) on board.
[32;1m[Board] [0mLoading move file `championship/chessgambit-matex/move.csv`...
[32;1m[Board] [0mWhite player is playing d3 to c3.
[32;1m[Board] [0m
[32;1m[Board] [0m     a b c d e f g h
[32;1m[Board] [0m   -------------------
[32;1m[Board] [0m 8 ||[7;1m [0m| |[30;1mr[0m| |[30;1mK[0m| |[7;1m [0m|[30;1mr[0m|| 8
[32;1m[Board] [0m   -------------------
[32;1m[Board] [0m 7 ||[30;1mp[0m|[30;1mp[0m|[30;1mp[0m|[30;1mQ[0m|[30;1mb[0m|[30;1mp[0m|[30;1mp[0m|[30;1mp[0m|| 7
[32;1m[Board] [0m   -------------------
[32;1m[Board] [0m 6 ||[7;1m [0m| |[30;1mk[0m| |[7;1m [0m| |[7;1m [0m| || 6
[32;1m[Board] [0m   -------------------
[32;1m[Board] [0m 5 || |[0;1mb[0m| |[30;1mp[0m|[30;1mp[0m|[30;1mb[0m| |[7;1m [0m|| 5
[32;1m[Board] [0m   -------------------
[32;1m[Board] [0m 4 ||[7;1m [0m| |[7;1m [0m|[0;1mp[0m|[7;1m [0m| |[7;1m [0m| || 4
[32;1m[Board] [0m   -------------------
[32;1m[Board] [0m 3 || |[7;1m [0m|[0;1mQ[0m|[7;1m [0m|[0;1mb[0m|[7;1m [0m| |[7;1m [0m|| 3
[32;1m[Board] [0m   -------------------
[32;1m[Board] [0m 2 ||[0;1mp[0m|[0;1mp[0m|[0;1mp[0m| |[0;1mk[0m|[30;1mk[0m|[0;1mp[0m|[0;1mp[0m|| 2
[32;1m[Board] [0m   -------------------
[32;1m[Board] [0m 1 ||[0;1mr[0m|[7;1m [0m| |[0;1mk[0m|[0;1mr[0m|[7;1m [0m|[0;1mK[0m|[7;1m [0m|| 1
[32;1m[Board] [0m   -------------------
[32;1m[Board] [0m     a b c d e f g h
[32;1m[Board] [0m
[32;1m[Referee] [0mThis is the turn of the Black player...
info depth 1 nodes 316 score cp 420 pv f2h1
info depth 2 nodes 1229 score cp 465 pv f2h1
info depth 3 nodes 10967 score cp 415 pv f2h1
info depth 4 nodes 45172 score cp 445 pv f2h1
info depth 5 nodes 211890 score cp 385 pv f2h1
info depth 6 nodes 581994 score cp 395 pv f2h1
  a b c d e f g h
8 . . r . k . . r 
7 p p p q b p p p 
6 . . n . . . . . 
5 . B . p p b . . 
4 . . . P . . . . 
3 . . Q . B . . . 
2 P P P . N . P P 
1 R . . N . . K n 
[32;1m[Game] [0mPlayer's error code: 0
[32;1m[Game] [0mChecking move validity...
[32;1m[Board] [0mInitializing board (size: 8)...
[32;1m[Board] [0m32 piece(s) on board.
[32;1m[Board] [0mLoading history file `championship/chessgambit-matex/history.csv`...
[32;1m[Board] [0mLoaded 33 move(s).
[32;1m[Board] [0mHistory replayed, 30 piece(s) on board.
[32;1m[Board] [0mLoading move file `championship/chessgambit-matex/move.csv`...
[32;1m[Board] [0mBlack player is playing f2 to h1.
[32;1m[Board] [0m
[32;1m[Board] [0m     a b c d e f g h
[32;1m[Board] [0m   -------------------
[32;1m[Board] [0m 8 ||[7;1m [0m| |[30;1mr[0m| |[30;1mK[0m| |[7;1m [0m|[30;1mr[0m|| 8
[32;1m[Board] [0m   -------------------
[32;1m[Board] [0m 7 ||[30;1mp[0m|[30;1mp[0m|[30;1mp[0m|[30;1mQ[0m|[30;1mb[0m|[30;1mp[0m|[30;1mp[0m|[30;1mp[0m|| 7
[32;1m[Board] [0m   -------------------
[32;1m[Board] [0m 6 ||[7;1m [0m| |[30;1mk[0m| |[7;1m [0m| |[7;1m [0m| || 6
[32;1m[Board] [0m   -------------------
[32;1m[Board] [0m 5 || |[0;1mb[0m| |[30;1mp[0m|[30;1mp[0m|[30;1mb[0m| |[7;1m [0m|| 5
[32;1m[Board] [0m   -------------------
[32;1m[Board] [0m 4 ||[7;1m [0m| |[7;1m [0m|[0;1mp[0m|[7;1m [0m| |[7;1m [0m| || 4
[32;1m[Board] [0m   -------------------
[32;1m[Board] [0m 3 || |[7;1m [0m|[0;1mQ[0m|[7;1m [0m|[0;1mb[0m|[7;1m [0m| |[7;1m [0m|| 3
[32;1m[Board] [0m   -------------------
[32;1m[Board] [0m 2 ||[0;1mp[0m|[0;1mp[0m|[0;1mp[0m| |[0;1mk[0m| |[0;1mp[0m|[0;1mp[0m|| 2
[32;1m[Board] [0m   -------------------
[32;1m[Board] [0m 1 ||[0;1mr[0m|[7;1m [0m| |[0;1mk[0m|[0;1mr[0m|[7;1m [0m|[0;1mK[0m|[30;1mk[0m|| 1
[32;1m[Board] [0m   -------------------
[32;1m[Board] [0m     a b c d e f g h
[32;1m[Board] [0m
[32;1m[Referee] [0mThis is the turn of the White player...
Inputed Board
Currently playing: White

------------------------------Current Search Space--------------------------------------------
Possible moves for piece: P:
 P: (4,3)->(3,4) / d4e5
 P: (6,0)->(5,0) / a2a3
 P: (6,0)->(4,0) / a2a4
 P: (6,1)->(5,1) / b2b3
 P: (6,1)->(4,1) / b2b4
 P: (6,6)->(5,6) / g2g3
 P: (6,6)->(4,6) / g2g4
 P: (6,7)->(5,7) / h2h3
 P: (6,7)->(4,7) / h2h4
Possible moves for piece: R:
 R: (7,0)->(7,1) / a1b1
 R: (7,0)->(7,2) / a1c1
 R: (7,4)->(7,5) / e1f1
Possible moves for piece: N:
 N: (6,4)->(4,5) / e2f4
 N: (6,4)->(5,6) / e2g3
 N: (6,4)->(7,2) / e2c1
 N: (7,3)->(6,5) / d1f2
Possible moves for piece: B:
 B: (3,1)->(2,0) / b5a6
 B: (3,1)->(2,2) / b5c6
 B: (3,1)->(4,0) / b5a4
 B: (3,1)->(4,2) / b5c4
 B: (3,1)->(5,3) / b5d3
 B: (5,4)->(4,5) / e3f4
 B: (5,4)->(3,6) / e3g5
 B: (5,4)->(2,7) / e3h6
 B: (5,4)->(6,3) / e3d2
 B: (5,4)->(7,2) / e3c1
 B: (5,4)->(6,5) / e3f2
Possible moves for piece: Q:
 Q: (5,2)->(4,2) / c3c4
 Q: (5,2)->(3,2) / c3c5
 Q: (5,2)->(2,2) / c3c6
 Q: (5,2)->(5,3) / c3d3
 Q: (5,2)->(5,1) / c3b3
 Q: (5,2)->(5,0) / c3a3
 Q: (5,2)->(4,1) / c3b4
 Q: (5,2)->(3,0) / c3a5
 Q: (5,2)->(6,3) / c3d2
Possible moves for piece: K:
 K: (7,6)->(7,7) / g1h1
 K: (7,6)->(7,5) / g1f1
 K: (7,6)->(6,5) / g1f2

------------------------------Filtered Search Space--------------------------------------------
Possible moves for piece: P:
 P: (4,3)->(3,4) / d4e5
 P: (6,0)->(5,0) / a2a3
 P: (6,0)->(4,0) / a2a4
 P: (6,1)->(5,1) / b2b3
 P: (6,1)->(4,1) / b2b4
 P: (6,6)->(5,6) / g2g3
 P: (6,6)->(4,6) / g2g4
 P: (6,7)->(5,7) / h2h3
 P: (6,7)->(4,7) / h2h4
Possible moves for piece: R:
 R: (7,0)->(7,1) / a1b1
 R: (7,0)->(7,2) / a1c1
 R: (7,4)->(7,5) / e1f1
Possible moves for piece: N:
 N: (6,4)->(4,5) / e2f4
 N: (6,4)->(5,6) / e2g3
 N: (6,4)->(7,2) / e2c1
 N: (7,3)->(6,5) / d1f2
Possible moves for piece: B:
 B: (3,1)->(2,0) / b5a6
 B: (3,1)->(2,2) / b5c6
 B: (3,1)->(4,0) / b5a4
 B: (3,1)->(4,2) / b5c4
 B: (3,1)->(5,3) / b5d3
 B: (5,4)->(4,5) / e3f4
 B: (5,4)->(3,6) / e3g5
 B: (5,4)->(2,7) / e3h6
 B: (5,4)->(6,3) / e3d2
 B: (5,4)->(7,2) / e3c1
 B: (5,4)->(6,5) / e3f2
Possible moves for piece: Q:
 Q: (5,2)->(4,2) / c3c4
 Q: (5,2)->(3,2) / c3c5
 Q: (5,2)->(2,2) / c3c6
 Q: (5,2)->(5,3) / c3d3
 Q: (5,2)->(5,1) / c3b3
 Q: (5,2)->(5,0) / c3a3
 Q: (5,2)->(4,1) / c3b4
 Q: (5,2)->(3,0) / c3a5
 Q: (5,2)->(6,3) / c3d2
Possible moves for piece: K:
 K: (7,6)->(7,7) / g1h1
 K: (7,6)->(7,5) / g1f1

--------------------------------Info on Attacks---------------------------------------------------
Squares attacked by Black pieces:
(0,0) (0,1) (0,3) (0,5) (0,6) (2,0) (2,1) (2,3) (2,4) (2,5) (2,6) (2,7) (3,0) (3,2) (3,6) (4,1) (4,2) (4,3) (4,4) (4,5) (4,6) (4,7) (5,0) (5,3) (5,6) (5,7) (6,2) (6,5) 

-------------------------------Squares controlled by the enemy------------------------------------
X X * X * X X * 
* * * * * * * * 
X X * X X X X X 
X * X * * * X * 
* X X X X X X X 
X * * X * * X X 
* * X * * X * * 
* * * * * * * * 

------------------------------Check Information---------------------------------------------------
White King located at: (7,6)
White King is safe, no check at this position.

------------------------------Special Move Information-------------------------------------------
No en passant allowed right now
------------------------------Castling Rights Information-------------------------------------------
White Kingside Castle:  NOT AVAILABLE
White Queenside Castle: NOT AVAILABLE
Black Kingside Castle:  AVAILABLE
Black Queenside Castle: NOT AVAILABLE
---------------------------------------------------------------------------------------------------

========== CAPTURE EXPLORATION ==========
[0] B x n | Potential loss: NO | Score: -320
[1] P x p | Potential loss: NO | Score: -100
[2] Q x n | Potential loss: NO | Score: -320
[3] K x n | Potential loss: NO | Score: -320
========================================

========== CHECK EXPLORATION ==========
(no checks found)
======================================
--------------------------------------------------------------------------------------------------
Chosen Move: (5,2) --> (5,1)
 / c3b3

* * r * k * * r 
p p p q b p p p 
* * n * * * * * 
* B * p p b * * 
* * * P * * * * 
* Q * * B * * * 
P P P * N * P P 
R * * N R * K n 

[32;1m[Game] [0mPlayer's error code: 0
[32;1m[Game] [0mChecking move validity...
[32;1m[Board] [0mInitializing board (size: 8)...
[32;1m[Board] [0m32 piece(s) on board.
[32;1m[Board] [0mLoading history file `championship/chessgambit-matex/history.csv`...
[32;1m[Board] [0mLoaded 34 move(s).
[32;1m[Board] [0mHistory replayed, 30 piece(s) on board.
[32;1m[Board] [0mLoading move file `championship/chessgambit-matex/move.csv`...
[32;1m[Board] [0mWhite player is playing c3 to b3.
[32;1m[Board] [0m
[32;1m[Board] [0m     a b c d e f g h
[32;1m[Board] [0m   -------------------
[32;1m[Board] [0m 8 ||[7;1m [0m| |[30;1mr[0m| |[30;1mK[0m| |[7;1m [0m|[30;1mr[0m|| 8
[32;1m[Board] [0m   -------------------
[32;1m[Board] [0m 7 ||[30;1mp[0m|[30;1mp[0m|[30;1mp[0m|[30;1mQ[0m|[30;1mb[0m|[30;1mp[0m|[30;1mp[0m|[30;1mp[0m|| 7
[32;1m[Board] [0m   -------------------
[32;1m[Board] [0m 6 ||[7;1m [0m| |[30;1mk[0m| |[7;1m [0m| |[7;1m [0m| || 6
[32;1m[Board] [0m   -------------------
[32;1m[Board] [0m 5 || |[0;1mb[0m| |[30;1mp[0m|[30;1mp[0m|[30;1mb[0m| |[7;1m [0m|| 5
[32;1m[Board] [0m   -------------------
[32;1m[Board] [0m 4 ||[7;1m [0m| |[7;1m [0m|[0;1mp[0m|[7;1m [0m| |[7;1m [0m| || 4
[32;1m[Board] [0m   -------------------
[32;1m[Board] [0m 3 || |[0;1mQ[0m| |[7;1m [0m|[0;1mb[0m|[7;1m [0m| |[7;1m [0m|| 3
[32;1m[Board] [0m   -------------------
[32;1m[Board] [0m 2 ||[0;1mp[0m|[0;1mp[0m|[0;1mp[0m| |[0;1mk[0m| |[0;1mp[0m|[0;1mp[0m|| 2
[32;1m[Board] [0m   -------------------
[32;1m[Board] [0m 1 ||[0;1mr[0m|[7;1m [0m| |[0;1mk[0m|[0;1mr[0m|[7;1m [0m|[0;1mK[0m|[30;1mk[0m|| 1
[32;1m[Board] [0m   -------------------
[32;1m[Board] [0m     a b c d e f g h
[32;1m[Board] [0m
[32;1m[Referee] [0mThis is the turn of the Black player...
info depth 1 nodes 577 score cp 730 pv e5d4
info depth 2 nodes 1863 score cp 730 pv e5d4
info depth 3 nodes 8195 score cp 580 pv a7a6
info depth 4 nodes 31242 score cp 580 pv a7a6
info depth 5 nodes 243890 score cp 500 pv f5g4
  a b c d e f g h
8 . . r . k . . r 
7 p p p q b p p p 
6 . . n . . . . . 
5 . B . p p . . . 
4 . . . P . . b . 
3 . Q . . B . . . 
2 P P P . N . P P 
1 R . . N . . K n 
[32;1m[Game] [0mPlayer's error code: 0
[32;1m[Game] [0mChecking move validity...
[32;1m[Board] [0mInitializing board (size: 8)...
[32;1m[Board] [0m32 piece(s) on board.
[32;1m[Board] [0mLoading history file `championship/chessgambit-matex/history.csv`...
[32;1m[Board] [0mLoaded 35 move(s).
[32;1m[Board] [0mHistory replayed, 30 piece(s) on board.
[32;1m[Board] [0mLoading move file `championship/chessgambit-matex/move.csv`...
[32;1m[Board] [0mBlack player is playing f5 to g4.
[32;1m[Board] [0m
[32;1m[Board] [0m     a b c d e f g h
[32;1m[Board] [0m   -------------------
[32;1m[Board] [0m 8 ||[7;1m [0m| |[30;1mr[0m| |[30;1mK[0m| |[7;1m [0m|[30;1mr[0m|| 8
[32;1m[Board] [0m   -------------------
[32;1m[Board] [0m 7 ||[30;1mp[0m|[30;1mp[0m|[30;1mp[0m|[30;1mQ[0m|[30;1mb[0m|[30;1mp[0m|[30;1mp[0m|[30;1mp[0m|| 7
[32;1m[Board] [0m   -------------------
[32;1m[Board] [0m 6 ||[7;1m [0m| |[30;1mk[0m| |[7;1m [0m| |[7;1m [0m| || 6
[32;1m[Board] [0m   -------------------
[32;1m[Board] [0m 5 || |[0;1mb[0m| |[30;1mp[0m|[30;1mp[0m|[7;1m [0m| |[7;1m [0m|| 5
[32;1m[Board] [0m   -------------------
[32;1m[Board] [0m 4 ||[7;1m [0m| |[7;1m [0m|[0;1mp[0m|[7;1m [0m| |[30;1mb[0m| || 4
[32;1m[Board] [0m   -------------------
[32;1m[Board] [0m 3 || |[0;1mQ[0m| |[7;1m [0m|[0;1mb[0m|[7;1m [0m| |[7;1m [0m|| 3
[32;1m[Board] [0m   -------------------
[32;1m[Board] [0m 2 ||[0;1mp[0m|[0;1mp[0m|[0;1mp[0m| |[0;1mk[0m| |[0;1mp[0m|[0;1mp[0m|| 2
[32;1m[Board] [0m   -------------------
[32;1m[Board] [0m 1 ||[0;1mr[0m|[7;1m [0m| |[0;1mk[0m|[0;1mr[0m|[7;1m [0m|[0;1mK[0m|[30;1mk[0m|| 1
[32;1m[Board] [0m   -------------------
[32;1m[Board] [0m     a b c d e f g h
[32;1m[Board] [0m
[32;1m[Referee] [0mThis is the turn of the White player...
Inputed Board
Currently playing: White

------------------------------Current Search Space--------------------------------------------
Possible moves for piece: P:
 P: (4,3)->(3,4) / d4e5
 P: (6,0)->(5,0) / a2a3
 P: (6,0)->(4,0) / a2a4
 P: (6,2)->(5,2) / c2c3
 P: (6,2)->(4,2) / c2c4
 P: (6,6)->(5,6) / g2g3
 P: (6,7)->(5,7) / h2h3
 P: (6,7)->(4,7) / h2h4
Possible moves for piece: R:
 R: (7,0)->(7,1) / a1b1
 R: (7,0)->(7,2) / a1c1
 R: (7,4)->(7,5) / e1f1
Possible moves for piece: N:
 N: (6,4)->(4,5) / e2f4
 N: (6,4)->(5,6) / e2g3
 N: (6,4)->(7,2) / e2c1
 N: (6,4)->(5,2) / e2c3
 N: (7,3)->(5,2) / d1c3
 N: (7,3)->(6,5) / d1f2
Possible moves for piece: B:
 B: (3,1)->(2,0) / b5a6
 B: (3,1)->(2,2) / b5c6
 B: (3,1)->(4,0) / b5a4
 B: (3,1)->(4,2) / b5c4
 B: (3,1)->(5,3) / b5d3
 B: (5,4)->(4,5) / e3f4
 B: (5,4)->(3,6) / e3g5
 B: (5,4)->(2,7) / e3h6
 B: (5,4)->(6,3) / e3d2
 B: (5,4)->(7,2) / e3c1
 B: (5,4)->(6,5) / e3f2
Possible moves for piece: Q:
 Q: (5,1)->(4,1) / b3b4
 Q: (5,1)->(5,2) / b3c3
 Q: (5,1)->(5,3) / b3d3
 Q: (5,1)->(5,0) / b3a3
 Q: (5,1)->(4,0) / b3a4
 Q: (5,1)->(4,2) / b3c4
 Q: (5,1)->(3,3) / b3d5
Possible moves for piece: K:
 K: (7,6)->(7,7) / g1h1
 K: (7,6)->(7,5) / g1f1
 K: (7,6)->(6,5) / g1f2

------------------------------Filtered Search Space--------------------------------------------
Possible moves for piece: P:
 P: (4,3)->(3,4) / d4e5
 P: (6,0)->(5,0) / a2a3
 P: (6,0)->(4,0) / a2a4
 P: (6,2)->(5,2) / c2c3
 P: (6,2)->(4,2) / c2c4
 P: (6,6)->(5,6) / g2g3
 P: (6,7)->(5,7) / h2h3
 P: (6,7)->(4,7) / h2h4
Possible moves for piece: R:
 R: (7,0)->(7,1) / a1b1
 R: (7,0)->(7,2) / a1c1
 R: (7,4)->(7,5) / e1f1
Possible moves for piece: N:
 N: (6,4)->(4,5) / e2f4
 N: (6,4)->(5,6) / e2g3
 N: (6,4)->(7,2) / e2c1
 N: (6,4)->(5,2) / e2c3
 N: (7,3)->(5,2) / d1c3
 N: (7,3)->(6,5) / d1f2
Possible moves for piece: B:
 B: (3,1)->(2,0) / b5a6
 B: (3,1)->(2,2) / b5c6
 B: (3,1)->(4,0) / b5a4
 B: (3,1)->(4,2) / b5c4
 B: (3,1)->(5,3) / b5d3
 B: (5,4)->(4,5) / e3f4
 B: (5,4)->(3,6) / e3g5
 B: (5,4)->(2,7) / e3h6
 B: (5,4)->(6,3) / e3d2
 B: (5,4)->(7,2) / e3c1
 B: (5,4)->(6,5) / e3f2
Possible moves for piece: Q:
 Q: (5,1)->(4,1) / b3b4
 Q: (5,1)->(5,2) / b3c3
 Q: (5,1)->(5,3) / b3d3
 Q: (5,1)->(5,0) / b3a3
 Q: (5,1)->(4,0) / b3a4
 Q: (5,1)->(4,2) / b3c4
 Q: (5,1)->(3,3) / b3d5
Possible moves for piece: K:
 K: (7,6)->(7,7) / g1h1
 K: (7,6)->(7,5) / g1f1

--------------------------------Info on Attacks---------------------------------------------------
Squares attacked by Black pieces:
(0,0) (0,1) (0,3) (0,5) (0,6) (2,0) (2,1) (2,3) (2,4) (2,5) (2,6) (2,7) (3,0) (3,2) (3,5) (3,6) (3,7) (4,1) (4,2) (4,3) (4,4) (4,5) (4,7) (5,0) (5,5) (5,6) (5,7) (6,4) (6,5) 

-------------------------------Squares controlled by the enemy------------------------------------
X X * X * X X * 
* * * * * * * * 
X X * X X X X X 
X * X * * X X X 
* X X X X X * X 
X * * * * X X X 
* * * * X X * * 
* * * * * * * * 

------------------------------Check Information---------------------------------------------------
White King located at: (7,6)
White King is safe, no check at this position.

------------------------------Special Move Information-------------------------------------------
No en passant allowed right now
------------------------------Castling Rights Information-------------------------------------------
White Kingside Castle:  NOT AVAILABLE
White Queenside Castle: NOT AVAILABLE
Black Kingside Castle:  AVAILABLE
Black Queenside Castle: NOT AVAILABLE
---------------------------------------------------------------------------------------------------

========== CAPTURE EXPLORATION ==========
[0] B x n | Potential loss: NO | Score: -320
[1] P x p | Potential loss: NO | Score: -100
[2] Q x p | Potential loss: NO | Score: -100
[3] K x n | Potential loss: NO | Score: -320
========================================

========== CHECK EXPLORATION ==========
(no checks found)
======================================
--------------------------------------------------------------------------------------------------
Chosen Move: (6,4) --> (5,2)
 / e2c3

* * r * k * * r 
p p p q b p p p 
* * n * * * * * 
* B * p p * * * 
* * * P * * b * 
* Q N * B * * * 
P P P * * * P P 
R * * N R * K n 

[32;1m[Game] [0mPlayer's error code: 0
[32;1m[Game] [0mChecking move validity...
[32;1m[Board] [0mInitializing board (size: 8)...
[32;1m[Board] [0m32 piece(s) on board.
[32;1m[Board] [0mLoading history file `championship/chessgambit-matex/history.csv`...
[32;1m[Board] [0mLoaded 36 move(s).
[32;1m[Board] [0mHistory replayed, 30 piece(s) on board.
[32;1m[Board] [0mLoading move file `championship/chessgambit-matex/move.csv`...
[32;1m[Board] [0mWhite player is playing e2 to c3.
[32;1m[Board] [0m
[32;1m[Board] [0m     a b c d e f g h
[32;1m[Board] [0m   -------------------
[32;1m[Board] [0m 8 ||[7;1m [0m| |[30;1mr[0m| |[30;1mK[0m| |[7;1m [0m|[30;1mr[0m|| 8
[32;1m[Board] [0m   -------------------
[32;1m[Board] [0m 7 ||[30;1mp[0m|[30;1mp[0m|[30;1mp[0m|[30;1mQ[0m|[30;1mb[0m|[30;1mp[0m|[30;1mp[0m|[30;1mp[0m|| 7
[32;1m[Board] [0m   -------------------
[32;1m[Board] [0m 6 ||[7;1m [0m| |[30;1mk[0m| |[7;1m [0m| |[7;1m [0m| || 6
[32;1m[Board] [0m   -------------------
[32;1m[Board] [0m 5 || |[0;1mb[0m| |[30;1mp[0m|[30;1mp[0m|[7;1m [0m| |[7;1m [0m|| 5
[32;1m[Board] [0m   -------------------
[32;1m[Board] [0m 4 ||[7;1m [0m| |[7;1m [0m|[0;1mp[0m|[7;1m [0m| |[30;1mb[0m| || 4
[32;1m[Board] [0m   -------------------
[32;1m[Board] [0m 3 || |[0;1mQ[0m|[0;1mk[0m|[7;1m [0m|[0;1mb[0m|[7;1m [0m| |[7;1m [0m|| 3
[32;1m[Board] [0m   -------------------
[32;1m[Board] [0m 2 ||[0;1mp[0m|[0;1mp[0m|[0;1mp[0m| |[7;1m [0m| |[0;1mp[0m|[0;1mp[0m|| 2
[32;1m[Board] [0m   -------------------
[32;1m[Board] [0m 1 ||[0;1mr[0m|[7;1m [0m| |[0;1mk[0m|[0;1mr[0m|[7;1m [0m|[0;1mK[0m|[30;1mk[0m|| 1
[32;1m[Board] [0m   -------------------
[32;1m[Board] [0m     a b c d e f g h
[32;1m[Board] [0m
[32;1m[Referee] [0mThis is the turn of the Black player...
info depth 1 nodes 727 score cp 725 pv e5d4
info depth 2 nodes 2355 score cp 735 pv e5d4
info depth 3 nodes 6447 score cp 695 pv e5d4
info depth 4 nodes 21861 score cp 695 pv g4d1
info depth 5 nodes 217887 score cp 495 pv e5d4
info depth 6 nodes 764202 score cp 484 pv e5d4
  a b c d e f g h
8 . . r . k . . r 
7 p p p q b p p p 
6 . . n . . . . . 
5 . B . p . . . . 
4 . . . p . . b . 
3 . Q N . B . . . 
2 P P P . . . P P 
1 R . . N . . K n 
[32;1m[Game] [0mPlayer's error code: 0
[32;1m[Game] [0mChecking move validity...
[32;1m[Board] [0mInitializing board (size: 8)...
[32;1m[Board] [0m32 piece(s) on board.
[32;1m[Board] [0mLoading history file `championship/chessgambit-matex/history.csv`...
[32;1m[Board] [0mLoaded 37 move(s).
[32;1m[Board] [0mHistory replayed, 30 piece(s) on board.
[32;1m[Board] [0mLoading move file `championship/chessgambit-matex/move.csv`...
[32;1m[Board] [0mBlack player is playing e5 to d4.
[32;1m[Board] [0m[5;1mBlack Pawn is taking White Pawn.[0m
[32;1m[Board] [0m
[32;1m[Board] [0m     a b c d e f g h
[32;1m[Board] [0m   -------------------
[32;1m[Board] [0m 8 ||[7;1m [0m| |[30;1mr[0m| |[30;1mK[0m| |[7;1m [0m|[30;1mr[0m|| 8
[32;1m[Board] [0m   -------------------
[32;1m[Board] [0m 7 ||[30;1mp[0m|[30;1mp[0m|[30;1mp[0m|[30;1mQ[0m|[30;1mb[0m|[30;1mp[0m|[30;1mp[0m|[30;1mp[0m|| 7
[32;1m[Board] [0m   -------------------
[32;1m[Board] [0m 6 ||[7;1m [0m| |[30;1mk[0m| |[7;1m [0m| |[7;1m [0m| || 6
[32;1m[Board] [0m   -------------------
[32;1m[Board] [0m 5 || |[0;1mb[0m| |[30;1mp[0m| |[7;1m [0m| |[7;1m [0m|| 5
[32;1m[Board] [0m   -------------------
[32;1m[Board] [0m 4 ||[7;1m [0m| |[7;1m [0m|[30;1mp[0m|[7;1m [0m| |[30;1mb[0m| || 4
[32;1m[Board] [0m   -------------------
[32;1m[Board] [0m 3 || |[0;1mQ[0m|[0;1mk[0m|[7;1m [0m|[0;1mb[0m|[7;1m [0m| |[7;1m [0m|| 3
[32;1m[Board] [0m   -------------------
[32;1m[Board] [0m 2 ||[0;1mp[0m|[0;1mp[0m|[0;1mp[0m| |[7;1m [0m| |[0;1mp[0m|[0;1mp[0m|| 2
[32;1m[Board] [0m   -------------------
[32;1m[Board] [0m 1 ||[0;1mr[0m|[7;1m [0m| |[0;1mk[0m|[0;1mr[0m|[7;1m [0m|[0;1mK[0m|[30;1mk[0m|| 1
[32;1m[Board] [0m   -------------------
[32;1m[Board] [0m     a b c d e f g h
[32;1m[Board] [0m
[32;1m[Referee] [0mThis is the turn of the White player...
Inputed Board
Currently playing: White

------------------------------Current Search Space--------------------------------------------
Possible moves for piece: P:
 P: (6,0)->(5,0) / a2a3
 P: (6,0)->(4,0) / a2a4
 P: (6,6)->(5,6) / g2g3
 P: (6,7)->(5,7) / h2h3
 P: (6,7)->(4,7) / h2h4
Possible moves for piece: R:
 R: (7,0)->(7,1) / a1b1
 R: (7,0)->(7,2) / a1c1
 R: (7,4)->(6,4) / e1e2
 R: (7,4)->(7,5) / e1f1
Possible moves for piece: N:
 N: (5,2)->(7,1) / c3b1
 N: (5,2)->(3,3) / c3d5
 N: (5,2)->(6,4) / c3e2
 N: (5,2)->(4,4) / c3e4
 N: (5,2)->(4,0) / c3a4
 N: (7,3)->(6,5) / d1f2
Possible moves for piece: B:
 B: (3,1)->(2,0) / b5a6
 B: (3,1)->(2,2) / b5c6
 B: (3,1)->(4,0) / b5a4
 B: (3,1)->(4,2) / b5c4
 B: (3,1)->(5,3) / b5d3
 B: (3,1)->(6,4) / b5e2
 B: (3,1)->(7,5) / b5f1
 B: (5,4)->(4,3) / e3d4
 B: (5,4)->(4,5) / e3f4
 B: (5,4)->(3,6) / e3g5
 B: (5,4)->(2,7) / e3h6
 B: (5,4)->(6,3) / e3d2
 B: (5,4)->(7,2) / e3c1
 B: (5,4)->(6,5) / e3f2
Possible moves for piece: Q:
 Q: (5,1)->(4,1) / b3b4
 Q: (5,1)->(5,0) / b3a3
 Q: (5,1)->(4,0) / b3a4
 Q: (5,1)->(4,2) / b3c4
 Q: (5,1)->(3,3) / b3d5
Possible moves for piece: K:
 K: (7,6)->(7,7) / g1h1
 K: (7,6)->(7,5) / g1f1
 K: (7,6)->(6,5) / g1f2

------------------------------Filtered Search Space--------------------------------------------
Possible moves for piece: P:
 P: (6,0)->(5,0) / a2a3
 P: (6,0)->(4,0) / a2a4
 P: (6,6)->(5,6) / g2g3
 P: (6,7)->(5,7) / h2h3
 P: (6,7)->(4,7) / h2h4
Possible moves for piece: R:
 R: (7,0)->(7,1) / a1b1
 R: (7,0)->(7,2) / a1c1
 R: (7,4)->(6,4) / e1e2
 R: (7,4)->(7,5) / e1f1
Possible moves for piece: N:
 N: (5,2)->(7,1) / c3b1
 N: (5,2)->(3,3) / c3d5
 N: (5,2)->(6,4) / c3e2
 N: (5,2)->(4,4) / c3e4
 N: (5,2)->(4,0) / c3a4
 N: (7,3)->(6,5) / d1f2
Possible moves for piece: B:
 B: (3,1)->(2,0) / b5a6
 B: (3,1)->(2,2) / b5c6
 B: (3,1)->(4,0) / b5a4
 B: (3,1)->(4,2) / b5c4
 B: (3,1)->(5,3) / b5d3
 B: (3,1)->(6,4) / b5e2
 B: (3,1)->(7,5) / b5f1
 B: (5,4)->(4,3) / e3d4
 B: (5,4)->(4,5) / e3f4
 B: (5,4)->(3,6) / e3g5
 B: (5,4)->(2,7) / e3h6
 B: (5,4)->(6,3) / e3d2
 B: (5,4)->(7,2) / e3c1
 B: (5,4)->(6,5) / e3f2
Possible moves for piece: Q:
 Q: (5,1)->(4,1) / b3b4
 Q: (5,1)->(5,0) / b3a3
 Q: (5,1)->(4,0) / b3a4
 Q: (5,1)->(4,2) / b3c4
 Q: (5,1)->(3,3) / b3d5
Possible moves for piece: K:
 K: (7,6)->(7,7) / g1h1
 K: (7,6)->(7,5) / g1f1

--------------------------------Info on Attacks---------------------------------------------------
Squares attacked by Black pieces:
(0,0) (0,1) (0,3) (0,5) (0,6) (2,0) (2,1) (2,3) (2,4) (2,5) (2,6) (2,7) (3,0) (3,2) (3,4) (3,5) (3,6) (3,7) (4,1) (4,2) (4,4) (4,7) (5,0) (5,2) (5,4) (5,5) (5,6) (5,7) (6,4) (6,5) (7,3) 

-------------------------------Squares controlled by the enemy------------------------------------
X X * X * X X * 
* * * * * * * * 
X X * X X X X X 
X * X * X X X X 
* X X * X * * X 
X * X * X X X X 
* * * * X X * * 
* * * X * * * * 

------------------------------Check Information---------------------------------------------------
White King located at: (7,6)
White King is safe, no check at this position.

------------------------------Special Move Information-------------------------------------------
No en passant allowed right now
------------------------------Castling Rights Information-------------------------------------------
White Kingside Castle:  NOT AVAILABLE
White Queenside Castle: NOT AVAILABLE
Black Kingside Castle:  AVAILABLE
Black Queenside Castle: NOT AVAILABLE
---------------------------------------------------------------------------------------------------

========== CAPTURE EXPLORATION ==========
[0] B x n | Potential loss: NO | Score: -320
[1] Q x p | Potential loss: NO | Score: -100
[2] N x p | Potential loss: NO | Score: -100
[3] B x p | Potential loss: NO | Score: -100
[4] K x n | Potential loss: NO | Score: -320
========================================

========== CHECK EXPLORATION ==========
(no checks found)
======================================
--------------------------------------------------------------------------------------------------
Chosen Move: (5,4) --> (4,5)
 / e3f4

* * r * k * * r 
p p p q b p p p 
* * n * * * * * 
* B * p * * * * 
* * * p * B b * 
* Q N * * * * * 
P P P * * * P P 
R * * N R * K n 

[32;1m[Game] [0mPlayer's error code: 0
[32;1m[Game] [0mChecking move validity...
[32;1m[Board] [0mInitializing board (size: 8)...
[32;1m[Board] [0m32 piece(s) on board.
[32;1m[Board] [0mLoading history file `championship/chessgambit-matex/history.csv`...
[32;1m[Board] [0mLoaded 38 move(s).
[32;1m[Board] [0mHistory replayed, 29 piece(s) on board.
[32;1m[Board] [0mLoading move file `championship/chessgambit-matex/move.csv`...
[32;1m[Board] [0mWhite player is playing e3 to f4.
[32;1m[Board] [0m
[32;1m[Board] [0m     a b c d e f g h
[32;1m[Board] [0m   -------------------
[32;1m[Board] [0m 8 ||[7;1m [0m| |[30;1mr[0m| |[30;1mK[0m| |[7;1m [0m|[30;1mr[0m|| 8
[32;1m[Board] [0m   -------------------
[32;1m[Board] [0m 7 ||[30;1mp[0m|[30;1mp[0m|[30;1mp[0m|[30;1mQ[0m|[30;1mb[0m|[30;1mp[0m|[30;1mp[0m|[30;1mp[0m|| 7
[32;1m[Board] [0m   -------------------
[32;1m[Board] [0m 6 ||[7;1m [0m| |[30;1mk[0m| |[7;1m [0m| |[7;1m [0m| || 6
[32;1m[Board] [0m   -------------------
[32;1m[Board] [0m 5 || |[0;1mb[0m| |[30;1mp[0m| |[7;1m [0m| |[7;1m [0m|| 5
[32;1m[Board] [0m   -------------------
[32;1m[Board] [0m 4 ||[7;1m [0m| |[7;1m [0m|[30;1mp[0m|[7;1m [0m|[0;1mb[0m|[30;1mb[0m| || 4
[32;1m[Board] [0m   -------------------
[32;1m[Board] [0m 3 || |[0;1mQ[0m|[0;1mk[0m|[7;1m [0m| |[7;1m [0m| |[7;1m [0m|| 3
[32;1m[Board] [0m   -------------------
[32;1m[Board] [0m 2 ||[0;1mp[0m|[0;1mp[0m|[0;1mp[0m| |[7;1m [0m| |[0;1mp[0m|[0;1mp[0m|| 2
[32;1m[Board] [0m   -------------------
[32;1m[Board] [0m 1 ||[0;1mr[0m|[7;1m [0m| |[0;1mk[0m|[0;1mr[0m|[7;1m [0m|[0;1mK[0m|[30;1mk[0m|| 1
[32;1m[Board] [0m   -------------------
[32;1m[Board] [0m     a b c d e f g h
[32;1m[Board] [0m
[32;1m[Referee] [0mThis is the turn of the Black player...
info depth 1 nodes 428 score cp 890 pv d4c3
info depth 2 nodes 1074 score cp 930 pv d4c3
info depth 3 nodes 7991 score cp 900 pv d4c3
info depth 4 nodes 18689 score cp 930 pv d4c3
info depth 5 nodes 217003 score cp 865 pv d4c3
info depth 6 nodes 502345 score cp 900 pv d4c3
  a b c d e f g h
8 . . r . k . . r 
7 p p p q b p p p 
6 . . n . . . . . 
5 . B . p . . . . 
4 . . . . . B b . 
3 . Q p . . . . . 
2 P P P . . . P P 
1 R . . N . . K n 
[32;1m[Game] [0mPlayer's error code: 0
[32;1m[Game] [0mChecking move validity...
[32;1m[Board] [0mInitializing board (size: 8)...
[32;1m[Board] [0m32 piece(s) on board.
[32;1m[Board] [0mLoading history file `championship/chessgambit-matex/history.csv`...
[32;1m[Board] [0mLoaded 39 move(s).
[32;1m[Board] [0mHistory replayed, 29 piece(s) on board.
[32;1m[Board] [0mLoading move file `championship/chessgambit-matex/move.csv`...
[32;1m[Board] [0mBlack player is playing d4 to c3.
[32;1m[Board] [0m[5;1mBlack Pawn is taking White Knight.[0m
[32;1m[Board] [0m
[32;1m[Board] [0m     a b c d e f g h
[32;1m[Board] [0m   -------------------
[32;1m[Board] [0m 8 ||[7;1m [0m| |[30;1mr[0m| |[30;1mK[0m| |[7;1m [0m|[30;1mr[0m|| 8
[32;1m[Board] [0m   -------------------
[32;1m[Board] [0m 7 ||[30;1mp[0m|[30;1mp[0m|[30;1mp[0m|[30;1mQ[0m|[30;1mb[0m|[30;1mp[0m|[30;1mp[0m|[30;1mp[0m|| 7
[32;1m[Board] [0m   -------------------
[32;1m[Board] [0m 6 ||[7;1m [0m| |[30;1mk[0m| |[7;1m [0m| |[7;1m [0m| || 6
[32;1m[Board] [0m   -------------------
[32;1m[Board] [0m 5 || |[0;1mb[0m| |[30;1mp[0m| |[7;1m [0m| |[7;1m [0m|| 5
[32;1m[Board] [0m   -------------------
[32;1m[Board] [0m 4 ||[7;1m [0m| |[7;1m [0m| |[7;1m [0m|[0;1mb[0m|[30;1mb[0m| || 4
[32;1m[Board] [0m   -------------------
[32;1m[Board] [0m 3 || |[0;1mQ[0m|[30;1mp[0m|[7;1m [0m| |[7;1m [0m| |[7;1m [0m|| 3
[32;1m[Board] [0m   -------------------
[32;1m[Board] [0m 2 ||[0;1mp[0m|[0;1mp[0m|[0;1mp[0m| |[7;1m [0m| |[0;1mp[0m|[0;1mp[0m|| 2
[32;1m[Board] [0m   -------------------
[32;1m[Board] [0m 1 ||[0;1mr[0m|[7;1m [0m| |[0;1mk[0m|[0;1mr[0m|[7;1m [0m|[0;1mK[0m|[30;1mk[0m|| 1
[32;1m[Board] [0m   -------------------
[32;1m[Board] [0m     a b c d e f g h
[32;1m[Board] [0m
[32;1m[Referee] [0mThis is the turn of the White player...
Inputed Board
Currently playing: White

------------------------------Current Search Space--------------------------------------------
Possible moves for piece: P:
 P: (6,0)->(5,0) / a2a3
 P: (6,0)->(4,0) / a2a4
 P: (6,1)->(5,2) / b2c3
 P: (6,6)->(5,6) / g2g3
 P: (6,7)->(5,7) / h2h3
 P: (6,7)->(4,7) / h2h4
Possible moves for piece: R:
 R: (7,0)->(7,1) / a1b1
 R: (7,0)->(7,2) / a1c1
 R: (7,4)->(6,4) / e1e2
 R: (7,4)->(5,4) / e1e3
 R: (7,4)->(4,4) / e1e4
 R: (7,4)->(3,4) / e1e5
 R: (7,4)->(2,4) / e1e6
 R: (7,4)->(1,4) / e1e7
 R: (7,4)->(7,5) / e1f1
Possible moves for piece: N:
 N: (7,3)->(5,4) / d1e3
 N: (7,3)->(5,2) / d1c3
 N: (7,3)->(6,5) / d1f2
Possible moves for piece: B:
 B: (3,1)->(2,0) / b5a6
 B: (3,1)->(2,2) / b5c6
 B: (3,1)->(4,0) / b5a4
 B: (3,1)->(4,2) / b5c4
 B: (3,1)->(5,3) / b5d3
 B: (3,1)->(6,4) / b5e2
 B: (3,1)->(7,5) / b5f1
 B: (4,5)->(3,4) / f4e5
 B: (4,5)->(2,3) / f4d6
 B: (4,5)->(1,2) / f4c7
 B: (4,5)->(3,6) / f4g5
 B: (4,5)->(2,7) / f4h6
 B: (4,5)->(5,4) / f4e3
 B: (4,5)->(6,3) / f4d2
 B: (4,5)->(7,2) / f4c1
 B: (4,5)->(5,6) / f4g3
Possible moves for piece: Q:
 Q: (5,1)->(4,1) / b3b4
 Q: (5,1)->(5,2) / b3c3
 Q: (5,1)->(5,0) / b3a3
 Q: (5,1)->(4,0) / b3a4
 Q: (5,1)->(4,2) / b3c4
 Q: (5,1)->(3,3) / b3d5
Possible moves for piece: K:
 K: (7,6)->(7,7) / g1h1
 K: (7,6)->(7,5) / g1f1
 K: (7,6)->(6,5) / g1f2

------------------------------Filtered Search Space--------------------------------------------
Possible moves for piece: P:
 P: (6,0)->(5,0) / a2a3
 P: (6,0)->(4,0) / a2a4
 P: (6,1)->(5,2) / b2c3
 P: (6,6)->(5,6) / g2g3
 P: (6,7)->(5,7) / h2h3
 P: (6,7)->(4,7) / h2h4
Possible moves for piece: R:
 R: (7,0)->(7,1) / a1b1
 R: (7,0)->(7,2) / a1c1
 R: (7,4)->(6,4) / e1e2
 R: (7,4)->(5,4) / e1e3
 R: (7,4)->(4,4) / e1e4
 R: (7,4)->(3,4) / e1e5
 R: (7,4)->(2,4) / e1e6
 R: (7,4)->(1,4) / e1e7
 R: (7,4)->(7,5) / e1f1
Possible moves for piece: N:
 N: (7,3)->(5,4) / d1e3
 N: (7,3)->(5,2) / d1c3
 N: (7,3)->(6,5) / d1f2
Possible moves for piece: B:
 B: (3,1)->(2,0) / b5a6
 B: (3,1)->(2,2) / b5c6
 B: (3,1)->(4,0) / b5a4
 B: (3,1)->(4,2) / b5c4
 B: (3,1)->(5,3) / b5d3
 B: (3,1)->(6,4) / b5e2
 B: (3,1)->(7,5) / b5f1
 B: (4,5)->(3,4) / f4e5
 B: (4,5)->(2,3) / f4d6
 B: (4,5)->(1,2) / f4c7
 B: (4,5)->(3,6) / f4g5
 B: (4,5)->(2,7) / f4h6
 B: (4,5)->(5,4) / f4e3
 B: (4,5)->(6,3) / f4d2
 B: (4,5)->(7,2) / f4c1
 B: (4,5)->(5,6) / f4g3
Possible moves for piece: Q:
 Q: (5,1)->(4,1) / b3b4
 Q: (5,1)->(5,2) / b3c3
 Q: (5,1)->(5,0) / b3a3
 Q: (5,1)->(4,0) / b3a4
 Q: (5,1)->(4,2) / b3c4
 Q: (5,1)->(3,3) / b3d5
Possible moves for piece: K:
 K: (7,6)->(7,7) / g1h1
 K: (7,6)->(7,5) / g1f1

--------------------------------Info on Attacks---------------------------------------------------
Squares attacked by Black pieces:
(0,0) (0,1) (0,3) (0,5) (0,6) (2,0) (2,1) (2,3) (2,4) (2,5) (2,6) (2,7) (3,0) (3,2) (3,4) (3,5) (3,6) (3,7) (4,1) (4,2) (4,3) (4,4) (4,7) (5,0) (5,5) (5,6) (5,7) (6,1) (6,3) (6,4) (6,5) (7,3) 

-------------------------------Squares controlled by the enemy------------------------------------
X X * X * X X * 
* * * * * * * * 
X X * X X X X X 
X * X * X X X X 
* X X X X * * X 
X * * * * X X X 
* X * X X X * * 
* * * X * * * * 

------------------------------Check Information---------------------------------------------------
White King located at: (7,6)
White King is safe, no check at this position.

------------------------------Special Move Information-------------------------------------------
No en passant allowed right now
------------------------------Castling Rights Information-------------------------------------------
White Kingside Castle:  NOT AVAILABLE
White Queenside Castle: NOT AVAILABLE
Black Kingside Castle:  AVAILABLE
Black Queenside Castle: NOT AVAILABLE
---------------------------------------------------------------------------------------------------

========== CAPTURE EXPLORATION ==========
[0] B x n | Potential loss: NO | Score: -320
[1] B x p | Potential loss: NO | Score: -100
[2] Q x p | Potential loss: NO | Score: -100
[3] Q x p | Potential loss: NO | Score: -100
[4] P x p | Potential loss: NO | Score: -100
[5] N x p | Potential loss: NO | Score: -100
[6] R x b | Potential loss: NO | Score: -330
[7] K x n | Potential loss: NO | Score: -320
========================================

========== CHECK EXPLORATION ==========
[0] Candidate: R -> (7,4) -> (1,4) x b | Checking move: R (7,4) -> (1,4)Checkmate: NO
======================================
--------------------------------------------------------------------------------------------------
Chosen Move: (7,3) --> (5,4)
 / d1e3

* * r * k * * r 
p p p q b p p p 
* * n * * * * * 
* B * p * * * * 
* * * * * B b * 
* Q p * N * * * 
P P P * * * P P 
R * * * R * K n 

[32;1m[Game] [0mPlayer's error code: 0
[32;1m[Game] [0mChecking move validity...
[32;1m[Board] [0mInitializing board (size: 8)...
[32;1m[Board] [0m32 piece(s) on board.
[32;1m[Board] [0mLoading history file `championship/chessgambit-matex/history.csv`...
[32;1m[Board] [0mLoaded 40 move(s).
[32;1m[Board] [0mHistory replayed, 28 piece(s) on board.
[32;1m[Board] [0mLoading move file `championship/chessgambit-matex/move.csv`...
[32;1m[Board] [0mWhite player is playing d1 to e3.
[32;1m[Board] [0m
[32;1m[Board] [0m     a b c d e f g h
[32;1m[Board] [0m   -------------------
[32;1m[Board] [0m 8 ||[7;1m [0m| |[30;1mr[0m| |[30;1mK[0m| |[7;1m [0m|[30;1mr[0m|| 8
[32;1m[Board] [0m   -------------------
[32;1m[Board] [0m 7 ||[30;1mp[0m|[30;1mp[0m|[30;1mp[0m|[30;1mQ[0m|[30;1mb[0m|[30;1mp[0m|[30;1mp[0m|[30;1mp[0m|| 7
[32;1m[Board] [0m   -------------------
[32;1m[Board] [0m 6 ||[7;1m [0m| |[30;1mk[0m| |[7;1m [0m| |[7;1m [0m| || 6
[32;1m[Board] [0m   -------------------
[32;1m[Board] [0m 5 || |[0;1mb[0m| |[30;1mp[0m| |[7;1m [0m| |[7;1m [0m|| 5
[32;1m[Board] [0m   -------------------
[32;1m[Board] [0m 4 ||[7;1m [0m| |[7;1m [0m| |[7;1m [0m|[0;1mb[0m|[30;1mb[0m| || 4
[32;1m[Board] [0m   -------------------
[32;1m[Board] [0m 3 || |[0;1mQ[0m|[30;1mp[0m|[7;1m [0m|[0;1mk[0m|[7;1m [0m| |[7;1m [0m|| 3
[32;1m[Board] [0m   -------------------
[32;1m[Board] [0m 2 ||[0;1mp[0m|[0;1mp[0m|[0;1mp[0m| |[7;1m [0m| |[0;1mp[0m|[0;1mp[0m|| 2
[32;1m[Board] [0m   -------------------
[32;1m[Board] [0m 1 ||[0;1mr[0m|[7;1m [0m| |[7;1m [0m|[0;1mr[0m|[7;1m [0m|[0;1mK[0m|[30;1mk[0m|| 1
[32;1m[Board] [0m   -------------------
[32;1m[Board] [0m     a b c d e f g h
[32;1m[Board] [0m
[32;1m[Referee] [0mThis is the turn of the Black player...
info depth 1 nodes 216 score cp 1175 pv c3b2
info depth 2 nodes 1375 score cp 1175 pv c3b2
info depth 3 nodes 12135 score cp 1000 pv c3b2
info depth 4 nodes 33395 score cp 1145 pv c3b2
info depth 5 nodes 228751 score cp 985 pv c3b2
  a b c d e f g h
8 . . r . k . . r 
7 p p p q b p p p 
6 . . n . . . . . 
5 . B . p . . . . 
4 . . . . . B b . 
3 . Q . . N . . . 
2 P p P . . . P P 
1 R . . . . . K n 
[32;1m[Game] [0mPlayer's error code: 0
[32;1m[Game] [0mChecking move validity...
[32;1m[Board] [0mInitializing board (size: 8)...
[32;1m[Board] [0m32 piece(s) on board.
[32;1m[Board] [0mLoading history file `championship/chessgambit-matex/history.csv`...
[32;1m[Board] [0mLoaded 41 move(s).
[32;1m[Board] [0mHistory replayed, 28 piece(s) on board.
[32;1m[Board] [0mLoading move file `championship/chessgambit-matex/move.csv`...
[32;1m[Board] [0mBlack player is playing c3 to b2.
[32;1m[Board] [0m[5;1mBlack Pawn is taking White Pawn.[0m
[32;1m[Board] [0m
[32;1m[Board] [0m     a b c d e f g h
[32;1m[Board] [0m   -------------------
[32;1m[Board] [0m 8 ||[7;1m [0m| |[30;1mr[0m| |[30;1mK[0m| |[7;1m [0m|[30;1mr[0m|| 8
[32;1m[Board] [0m   -------------------
[32;1m[Board] [0m 7 ||[30;1mp[0m|[30;1mp[0m|[30;1mp[0m|[30;1mQ[0m|[30;1mb[0m|[30;1mp[0m|[30;1mp[0m|[30;1mp[0m|| 7
[32;1m[Board] [0m   -------------------
[32;1m[Board] [0m 6 ||[7;1m [0m| |[30;1mk[0m| |[7;1m [0m| |[7;1m [0m| || 6
[32;1m[Board] [0m   -------------------
[32;1m[Board] [0m 5 || |[0;1mb[0m| |[30;1mp[0m| |[7;1m [0m| |[7;1m [0m|| 5
[32;1m[Board] [0m   -------------------
[32;1m[Board] [0m 4 ||[7;1m [0m| |[7;1m [0m| |[7;1m [0m|[0;1mb[0m|[30;1mb[0m| || 4
[32;1m[Board] [0m   -------------------
[32;1m[Board] [0m 3 || |[0;1mQ[0m| |[7;1m [0m|[0;1mk[0m|[7;1m [0m| |[7;1m [0m|| 3
[32;1m[Board] [0m   -------------------
[32;1m[Board] [0m 2 ||[0;1mp[0m|[30;1mp[0m|[0;1mp[0m| |[7;1m [0m| |[0;1mp[0m|[0;1mp[0m|| 2
[32;1m[Board] [0m   -------------------
[32;1m[Board] [0m 1 ||[0;1mr[0m|[7;1m [0m| |[7;1m [0m|[0;1mr[0m|[7;1m [0m|[0;1mK[0m|[30;1mk[0m|| 1
[32;1m[Board] [0m   -------------------
[32;1m[Board] [0m     a b c d e f g h
[32;1m[Board] [0m
[32;1m[Referee] [0mThis is the turn of the White player...
Inputed Board
Currently playing: White

------------------------------Current Search Space--------------------------------------------
Possible moves for piece: P:
 P: (6,0)->(5,0) / a2a3
 P: (6,0)->(4,0) / a2a4
 P: (6,2)->(5,2) / c2c3
 P: (6,2)->(4,2) / c2c4
 P: (6,6)->(5,6) / g2g3
 P: (6,7)->(5,7) / h2h3
 P: (6,7)->(4,7) / h2h4
Possible moves for piece: R:
 R: (7,0)->(7,1) / a1b1
 R: (7,0)->(7,2) / a1c1
 R: (7,0)->(7,3) / a1d1
 R: (7,4)->(6,4) / e1e2
 R: (7,4)->(7,5) / e1f1
 R: (7,4)->(7,3) / e1d1
 R: (7,4)->(7,2) / e1c1
 R: (7,4)->(7,1) / e1b1
Possible moves for piece: N:
 N: (5,4)->(7,5) / e3f1
 N: (5,4)->(7,3) / e3d1
 N: (5,4)->(3,5) / e3f5
 N: (5,4)->(3,3) / e3d5
 N: (5,4)->(4,6) / e3g4
 N: (5,4)->(4,2) / e3c4
Possible moves for piece: B:
 B: (3,1)->(2,0) / b5a6
 B: (3,1)->(2,2) / b5c6
 B: (3,1)->(4,0) / b5a4
 B: (3,1)->(4,2) / b5c4
 B: (3,1)->(5,3) / b5d3
 B: (3,1)->(6,4) / b5e2
 B: (3,1)->(7,5) / b5f1
 B: (4,5)->(3,4) / f4e5
 B: (4,5)->(2,3) / f4d6
 B: (4,5)->(1,2) / f4c7
 B: (4,5)->(3,6) / f4g5
 B: (4,5)->(2,7) / f4h6
 B: (4,5)->(5,6) / f4g3
Possible moves for piece: Q:
 Q: (5,1)->(6,1) / b3b2
 Q: (5,1)->(4,1) / b3b4
 Q: (5,1)->(5,2) / b3c3
 Q: (5,1)->(5,3) / b3d3
 Q: (5,1)->(5,0) / b3a3
 Q: (5,1)->(4,0) / b3a4
 Q: (5,1)->(4,2) / b3c4
 Q: (5,1)->(3,3) / b3d5
Possible moves for piece: K:
 K: (7,6)->(7,7) / g1h1
 K: (7,6)->(7,5) / g1f1
 K: (7,6)->(6,5) / g1f2

------------------------------Filtered Search Space--------------------------------------------
Possible moves for piece: P:
 P: (6,0)->(5,0) / a2a3
 P: (6,0)->(4,0) / a2a4
 P: (6,2)->(5,2) / c2c3
 P: (6,2)->(4,2) / c2c4
 P: (6,6)->(5,6) / g2g3
 P: (6,7)->(5,7) / h2h3
 P: (6,7)->(4,7) / h2h4
Possible moves for piece: R:
 R: (7,0)->(7,1) / a1b1
 R: (7,0)->(7,2) / a1c1
 R: (7,0)->(7,3) / a1d1
 R: (7,4)->(6,4) / e1e2
 R: (7,4)->(7,5) / e1f1
 R: (7,4)->(7,3) / e1d1
 R: (7,4)->(7,2) / e1c1
 R: (7,4)->(7,1) / e1b1
Possible moves for piece: N:
 N: (5,4)->(7,5) / e3f1
 N: (5,4)->(7,3) / e3d1
 N: (5,4)->(3,5) / e3f5
 N: (5,4)->(3,3) / e3d5
 N: (5,4)->(4,6) / e3g4
 N: (5,4)->(4,2) / e3c4
Possible moves for piece: B:
 B: (3,1)->(2,0) / b5a6
 B: (3,1)->(2,2) / b5c6
 B: (3,1)->(4,0) / b5a4
 B: (3,1)->(4,2) / b5c4
 B: (3,1)->(5,3) / b5d3
 B: (3,1)->(6,4) / b5e2
 B: (3,1)->(7,5) / b5f1
 B: (4,5)->(3,4) / f4e5
 B: (4,5)->(2,3) / f4d6
 B: (4,5)->(1,2) / f4c7
 B: (4,5)->(3,6) / f4g5
 B: (4,5)->(2,7) / f4h6
 B: (4,5)->(5,6) / f4g3
Possible moves for piece: Q:
 Q: (5,1)->(6,1) / b3b2
 Q: (5,1)->(4,1) / b3b4
 Q: (5,1)->(5,2) / b3c3
 Q: (5,1)->(5,3) / b3d3
 Q: (5,1)->(5,0) / b3a3
 Q: (5,1)->(4,0) / b3a4
 Q: (5,1)->(4,2) / b3c4
 Q: (5,1)->(3,3) / b3d5
Possible moves for piece: K:
 K: (7,6)->(7,7) / g1h1
 K: (7,6)->(7,5) / g1f1

--------------------------------Info on Attacks---------------------------------------------------
Squares attacked by Black pieces:
(0,0) (0,1) (0,3) (0,5) (0,6) (2,0) (2,1) (2,3) (2,4) (2,5) (2,6) (2,7) (3,0) (3,2) (3,4) (3,5) (3,6) (3,7) (4,1) (4,2) (4,3) (4,4) (4,7) (5,0) (5,5) (5,6) (5,7) (6,4) (6,5) (7,0) (7,2) (7,3) 

-------------------------------Squares controlled by the enemy------------------------------------
X X * X * X X * 
* * * * * * * * 
X X * X X X X X 
X * X * X X X X 
* X X X X * * X 
X * * * * X X X 
* * * * X X * * 
X * X X * * * * 

------------------------------Check Information---------------------------------------------------
White King located at: (7,6)
White King is safe, no check at this position.

------------------------------Special Move Information-------------------------------------------
No en passant allowed right now
------------------------------Castling Rights Information-------------------------------------------
White Kingside Castle:  NOT AVAILABLE
White Queenside Castle: NOT AVAILABLE
Black Kingside Castle:  AVAILABLE
Black Queenside Castle: NOT AVAILABLE
---------------------------------------------------------------------------------------------------

========== CAPTURE EXPLORATION ==========
[0] B x n | Potential loss: NO | Score: -320
[1] B x p | Potential loss: NO | Score: -100
[2] Q x p | Potential loss: NO | Score: -100
[3] Q x p | Potential loss: NO | Score: -100
[4] N x p | Potential loss: NO | Score: -100
[5] N x b | Potential loss: NO | Score: -330
[6] K x n | Potential loss: NO | Score: -320
========================================

========== CHECK EXPLORATION ==========
(no checks found)
======================================
--------------------------------------------------------------------------------------------------
Chosen Move: (7,0) --> (7,1)
 / a1b1

* * r * k * * r 
p p p q b p p p 
* * n * * * * * 
* B * p * * * * 
* * * * * B b * 
* Q * * N * * * 
P p P * * * P P 
* R * * R * K n 

[32;1m[Game] [0mPlayer's error code: 0
[32;1m[Game] [0mChecking move validity...
[32;1m[Board] [0mInitializing board (size: 8)...
[32;1m[Board] [0m32 piece(s) on board.
[32;1m[Board] [0mLoading history file `championship/chessgambit-matex/history.csv`...
[32;1m[Board] [0mLoaded 42 move(s).
[32;1m[Board] [0mHistory replayed, 27 piece(s) on board.
[32;1m[Board] [0mLoading move file `championship/chessgambit-matex/move.csv`...
[32;1m[Board] [0mWhite player is playing a1 to b1.
[32;1m[Board] [0m
[32;1m[Board] [0m     a b c d e f g h
[32;1m[Board] [0m   -------------------
[32;1m[Board] [0m 8 ||[7;1m [0m| |[30;1mr[0m| |[30;1mK[0m| |[7;1m [0m|[30;1mr[0m|| 8
[32;1m[Board] [0m   -------------------
[32;1m[Board] [0m 7 ||[30;1mp[0m|[30;1mp[0m|[30;1mp[0m|[30;1mQ[0m|[30;1mb[0m|[30;1mp[0m|[30;1mp[0m|[30;1mp[0m|| 7
[32;1m[Board] [0m   -------------------
[32;1m[Board] [0m 6 ||[7;1m [0m| |[30;1mk[0m| |[7;1m [0m| |[7;1m [0m| || 6
[32;1m[Board] [0m   -------------------
[32;1m[Board] [0m 5 || |[0;1mb[0m| |[30;1mp[0m| |[7;1m [0m| |[7;1m [0m|| 5
[32;1m[Board] [0m   -------------------
[32;1m[Board] [0m 4 ||[7;1m [0m| |[7;1m [0m| |[7;1m [0m|[0;1mb[0m|[30;1mb[0m| || 4
[32;1m[Board] [0m   -------------------
[32;1m[Board] [0m 3 || |[0;1mQ[0m| |[7;1m [0m|[0;1mk[0m|[7;1m [0m| |[7;1m [0m|| 3
[32;1m[Board] [0m   -------------------
[32;1m[Board] [0m 2 ||[0;1mp[0m|[30;1mp[0m|[0;1mp[0m| |[7;1m [0m| |[0;1mp[0m|[0;1mp[0m|| 2
[32;1m[Board] [0m   -------------------
[32;1m[Board] [0m 1 || |[0;1mr[0m| |[7;1m [0m|[0;1mr[0m|[7;1m [0m|[0;1mK[0m|[30;1mk[0m|| 1
[32;1m[Board] [0m   -------------------
[32;1m[Board] [0m     a b c d e f g h
[32;1m[Board] [0m
[32;1m[Referee] [0mThis is the turn of the Black player...
info depth 1 nodes 2995 score cp 1000 pv h1g3
info depth 2 nodes 6953 score cp 1145 pv d5d4
info depth 3 nodes 24604 score cp 1100 pv d5d4
info depth 4 nodes 119060 score cp 1145 pv d5d4
info depth 5 nodes 681914 score cp 1000 pv d5d4
  a b c d e f g h
8 . . r . k . . r 
7 p p p q b p p p 
6 . . n . . . . . 
5 . B . . . . . . 
4 . . . p . B b . 
3 . Q . . N . . . 
2 P p P . . . P P 
1 . R . . . . K n 
[32;1m[Game] [0mPlayer's error code: 0
[32;1m[Game] [0mChecking move validity...
[32;1m[Board] [0mInitializing board (size: 8)...
[32;1m[Board] [0m32 piece(s) on board.
[32;1m[Board] [0mLoading history file `championship/chessgambit-matex/history.csv`...
[32;1m[Board] [0mLoaded 43 move(s).
[32;1m[Board] [0mHistory replayed, 27 piece(s) on board.
[32;1m[Board] [0mLoading move file `championship/chessgambit-matex/move.csv`...
[32;1m[Board] [0mBlack player is playing d5 to d4.
[32;1m[Board] [0m
[32;1m[Board] [0m     a b c d e f g h
[32;1m[Board] [0m   -------------------
[32;1m[Board] [0m 8 ||[7;1m [0m| |[30;1mr[0m| |[30;1mK[0m| |[7;1m [0m|[30;1mr[0m|| 8
[32;1m[Board] [0m   -------------------
[32;1m[Board] [0m 7 ||[30;1mp[0m|[30;1mp[0m|[30;1mp[0m|[30;1mQ[0m|[30;1mb[0m|[30;1mp[0m|[30;1mp[0m|[30;1mp[0m|| 7
[32;1m[Board] [0m   -------------------
[32;1m[Board] [0m 6 ||[7;1m [0m| |[30;1mk[0m| |[7;1m [0m| |[7;1m [0m| || 6
[32;1m[Board] [0m   -------------------
[32;1m[Board] [0m 5 || |[0;1mb[0m| |[7;1m [0m| |[7;1m [0m| |[7;1m [0m|| 5
[32;1m[Board] [0m   -------------------
[32;1m[Board] [0m 4 ||[7;1m [0m| |[7;1m [0m|[30;1mp[0m|[7;1m [0m|[0;1mb[0m|[30;1mb[0m| || 4
[32;1m[Board] [0m   -------------------
[32;1m[Board] [0m 3 || |[0;1mQ[0m| |[7;1m [0m|[0;1mk[0m|[7;1m [0m| |[7;1m [0m|| 3
[32;1m[Board] [0m   -------------------
[32;1m[Board] [0m 2 ||[0;1mp[0m|[30;1mp[0m|[0;1mp[0m| |[7;1m [0m| |[0;1mp[0m|[0;1mp[0m|| 2
[32;1m[Board] [0m   -------------------
[32;1m[Board] [0m 1 || |[0;1mr[0m| |[7;1m [0m|[0;1mr[0m|[7;1m [0m|[0;1mK[0m|[30;1mk[0m|| 1
[32;1m[Board] [0m   -------------------
[32;1m[Board] [0m     a b c d e f g h
[32;1m[Board] [0m
[32;1m[Referee] [0mThis is the turn of the White player...
Inputed Board
Currently playing: White

------------------------------Current Search Space--------------------------------------------
Possible moves for piece: P:
 P: (6,0)->(5,0) / a2a3
 P: (6,0)->(4,0) / a2a4
 P: (6,2)->(5,2) / c2c3
 P: (6,2)->(4,2) / c2c4
 P: (6,6)->(5,6) / g2g3
 P: (6,7)->(5,7) / h2h3
 P: (6,7)->(4,7) / h2h4
Possible moves for piece: R:
 R: (7,1)->(6,1) / b1b2
 R: (7,1)->(7,2) / b1c1
 R: (7,1)->(7,3) / b1d1
 R: (7,1)->(7,0) / b1a1
 R: (7,4)->(6,4) / e1e2
 R: (7,4)->(7,5) / e1f1
 R: (7,4)->(7,3) / e1d1
 R: (7,4)->(7,2) / e1c1
Possible moves for piece: N:
 N: (5,4)->(7,5) / e3f1
 N: (5,4)->(7,3) / e3d1
 N: (5,4)->(3,5) / e3f5
 N: (5,4)->(3,3) / e3d5
 N: (5,4)->(4,6) / e3g4
 N: (5,4)->(4,2) / e3c4
Possible moves for piece: B:
 B: (3,1)->(2,0) / b5a6
 B: (3,1)->(2,2) / b5c6
 B: (3,1)->(4,0) / b5a4
 B: (3,1)->(4,2) / b5c4
 B: (3,1)->(5,3) / b5d3
 B: (3,1)->(6,4) / b5e2
 B: (3,1)->(7,5) / b5f1
 B: (4,5)->(3,4) / f4e5
 B: (4,5)->(2,3) / f4d6
 B: (4,5)->(1,2) / f4c7
 B: (4,5)->(3,6) / f4g5
 B: (4,5)->(2,7) / f4h6
 B: (4,5)->(5,6) / f4g3
Possible moves for piece: Q:
 Q: (5,1)->(6,1) / b3b2
 Q: (5,1)->(4,1) / b3b4
 Q: (5,1)->(5,2) / b3c3
 Q: (5,1)->(5,3) / b3d3
 Q: (5,1)->(5,0) / b3a3
 Q: (5,1)->(4,0) / b3a4
 Q: (5,1)->(4,2) / b3c4
 Q: (5,1)->(3,3) / b3d5
 Q: (5,1)->(2,4) / b3e6
 Q: (5,1)->(1,5) / b3f7
Possible moves for piece: K:
 K: (7,6)->(7,7) / g1h1
 K: (7,6)->(7,5) / g1f1
 K: (7,6)->(6,5) / g1f2

------------------------------Filtered Search Space--------------------------------------------
Possible moves for piece: P:
 P: (6,0)->(5,0) / a2a3
 P: (6,0)->(4,0) / a2a4
 P: (6,2)->(5,2) / c2c3
 P: (6,2)->(4,2) / c2c4
 P: (6,6)->(5,6) / g2g3
 P: (6,7)->(5,7) / h2h3
 P: (6,7)->(4,7) / h2h4
Possible moves for piece: R:
 R: (7,1)->(6,1) / b1b2
 R: (7,1)->(7,2) / b1c1
 R: (7,1)->(7,3) / b1d1
 R: (7,1)->(7,0) / b1a1
 R: (7,4)->(6,4) / e1e2
 R: (7,4)->(7,5) / e1f1
 R: (7,4)->(7,3) / e1d1
 R: (7,4)->(7,2) / e1c1
Possible moves for piece: N:
 N: (5,4)->(7,5) / e3f1
 N: (5,4)->(7,3) / e3d1
 N: (5,4)->(3,5) / e3f5
 N: (5,4)->(3,3) / e3d5
 N: (5,4)->(4,6) / e3g4
 N: (5,4)->(4,2) / e3c4
Possible moves for piece: B:
 B: (3,1)->(2,0) / b5a6
 B: (3,1)->(2,2) / b5c6
 B: (3,1)->(4,0) / b5a4
 B: (3,1)->(4,2) / b5c4
 B: (3,1)->(5,3) / b5d3
 B: (3,1)->(6,4) / b5e2
 B: (3,1)->(7,5) / b5f1
 B: (4,5)->(3,4) / f4e5
 B: (4,5)->(2,3) / f4d6
 B: (4,5)->(1,2) / f4c7
 B: (4,5)->(3,6) / f4g5
 B: (4,5)->(2,7) / f4h6
 B: (4,5)->(5,6) / f4g3
Possible moves for piece: Q:
 Q: (5,1)->(6,1) / b3b2
 Q: (5,1)->(4,1) / b3b4
 Q: (5,1)->(5,2) / b3c3
 Q: (5,1)->(5,3) / b3d3
 Q: (5,1)->(5,0) / b3a3
 Q: (5,1)->(4,0) / b3a4
 Q: (5,1)->(4,2) / b3c4
 Q: (5,1)->(3,3) / b3d5
 Q: (5,1)->(2,4) / b3e6
 Q: (5,1)->(1,5) / b3f7
Possible moves for piece: K:
 K: (7,6)->(7,7) / g1h1
 K: (7,6)->(7,5) / g1f1

--------------------------------Info on Attacks---------------------------------------------------
Squares attacked by Black pieces:
(0,0) (0,1) (0,3) (0,5) (0,6) (2,0) (2,1) (2,3) (2,4) (2,5) (2,6) (2,7) (3,0) (3,2) (3,3) (3,4) (3,5) (3,6) (3,7) (4,1) (4,7) (5,0) (5,2) (5,4) (5,5) (5,6) (5,7) (6,4) (6,5) (7,0) (7,2) (7,3) 

-------------------------------Squares controlled by the enemy------------------------------------
X X * X * X X * 
* * * * * * * * 
X X * X X X X X 
X * X X X X X X 
* X * * * * * X 
X * X * X X X X 
* * * * X X * * 
X * X X * * * * 

------------------------------Check Information---------------------------------------------------
White King located at: (7,6)
White King is safe, no check at this position.

------------------------------Special Move Information-------------------------------------------
No en passant allowed right now
------------------------------Castling Rights Information-------------------------------------------
White Kingside Castle:  NOT AVAILABLE
White Queenside Castle: NOT AVAILABLE
Black Kingside Castle:  AVAILABLE
Black Queenside Castle: NOT AVAILABLE
---------------------------------------------------------------------------------------------------

========== CAPTURE EXPLORATION ==========
[0] B x n | Potential loss: NO | Score: -320
[1] B x p | Potential loss: NO | Score: -100
[2] Q x p | Potential loss: NO | Score: -100
[3] Q x p | Potential loss: NO | Score: -100
[4] N x b | Potential loss: NO | Score: -330
[5] R x p | Potential loss: NO | Score: -100
[6] K x n | Potential loss: NO | Score: -320
========================================

========== CHECK EXPLORATION ==========
[0] Candidate: Q -> (5,1) -> (1,5) x p | Checking move: Q (5,1) -> (1,5)Checkmate: NO
======================================
--------------------------------------------------------------------------------------------------
Chosen Move: (4,5) --> (1,2)
 / f4c7

* * r * k * * r 
p p B q b p p p 
* * n * * * * * 
* B * * * * * * 
* * * p * * b * 
* Q * * N * * * 
P p P * * * P P 
* R * * R * K n 

[32;1m[Game] [0mPlayer's error code: 0
[32;1m[Game] [0mChecking move validity...
[32;1m[Board] [0mInitializing board (size: 8)...
[32;1m[Board] [0m32 piece(s) on board.
[32;1m[Board] [0mLoading history file `championship/chessgambit-matex/history.csv`...
[32;1m[Board] [0mLoaded 44 move(s).
[32;1m[Board] [0mHistory replayed, 27 piece(s) on board.
[32;1m[Board] [0mLoading move file `championship/chessgambit-matex/move.csv`...
[32;1m[Board] [0mWhite player is playing f4 to c7.
[32;1m[Board] [0m[5;1mWhite Bishop is taking Black Pawn.[0m
[32;1m[Board] [0m
[32;1m[Board] [0m     a b c d e f g h
[32;1m[Board] [0m   -------------------
[32;1m[Board] [0m 8 ||[7;1m [0m| |[30;1mr[0m| |[30;1mK[0m| |[7;1m [0m|[30;1mr[0m|| 8
[32;1m[Board] [0m   -------------------
[32;1m[Board] [0m 7 ||[30;1mp[0m|[30;1mp[0m|[0;1mb[0m|[30;1mQ[0m|[30;1mb[0m|[30;1mp[0m|[30;1mp[0m|[30;1mp[0m|| 7
[32;1m[Board] [0m   -------------------
[32;1m[Board] [0m 6 ||[7;1m [0m| |[30;1mk[0m| |[7;1m [0m| |[7;1m [0m| || 6
[32;1m[Board] [0m   -------------------
[32;1m[Board] [0m 5 || |[0;1mb[0m| |[7;1m [0m| |[7;1m [0m| |[7;1m [0m|| 5
[32;1m[Board] [0m   -------------------
[32;1m[Board] [0m 4 ||[7;1m [0m| |[7;1m [0m|[30;1mp[0m|[7;1m [0m| |[30;1mb[0m| || 4
[32;1m[Board] [0m   -------------------
[32;1m[Board] [0m 3 || |[0;1mQ[0m| |[7;1m [0m|[0;1mk[0m|[7;1m [0m| |[7;1m [0m|| 3
[32;1m[Board] [0m   -------------------
[32;1m[Board] [0m 2 ||[0;1mp[0m|[30;1mp[0m|[0;1mp[0m| |[7;1m [0m| |[0;1mp[0m|[0;1mp[0m|| 2
[32;1m[Board] [0m   -------------------
[32;1m[Board] [0m 1 || |[0;1mr[0m| |[7;1m [0m|[0;1mr[0m|[7;1m [0m|[0;1mK[0m|[30;1mk[0m|| 1
[32;1m[Board] [0m   -------------------
[32;1m[Board] [0m     a b c d e f g h
[32;1m[Board] [0m
[32;1m[Referee] [0mThis is the turn of the Black player...
info depth 1 nodes 344 score cp 1345 pv d4e3
info depth 2 nodes 997 score cp 1385 pv d4e3
info depth 3 nodes 10645 score cp 1300 pv d4e3
info depth 4 nodes 34796 score cp 1340 pv d4e3
info depth 5 nodes 220754 score cp 1205 pv d4e3
  a b c d e f g h
8 . . r . k . . r 
7 p p B q b p p p 
6 . . n . . . . . 
5 . B . . . . . . 
4 . . . . . . b . 
3 . Q . . p . . . 
2 P p P . . . P P 
1 . R . . . . K n 
[32;1m[Game] [0mPlayer's error code: 0
[32;1m[Game] [0mChecking move validity...
[32;1m[Board] [0mInitializing board (size: 8)...
[32;1m[Board] [0m32 piece(s) on board.
[32;1m[Board] [0mLoading history file `championship/chessgambit-matex/history.csv`...
[32;1m[Board] [0mLoaded 45 move(s).
[32;1m[Board] [0mHistory replayed, 26 piece(s) on board.
[32;1m[Board] [0mLoading move file `championship/chessgambit-matex/move.csv`...
[32;1m[Board] [0mBlack player is playing d4 to e3.
[32;1m[Board] [0m[5;1mBlack Pawn is taking White Knight.[0m
[32;1m[Board] [0m
[32;1m[Board] [0m     a b c d e f g h
[32;1m[Board] [0m   -------------------
[32;1m[Board] [0m 8 ||[7;1m [0m| |[30;1mr[0m| |[30;1mK[0m| |[7;1m [0m|[30;1mr[0m|| 8
[32;1m[Board] [0m   -------------------
[32;1m[Board] [0m 7 ||[30;1mp[0m|[30;1mp[0m|[0;1mb[0m|[30;1mQ[0m|[30;1mb[0m|[30;1mp[0m|[30;1mp[0m|[30;1mp[0m|| 7
[32;1m[Board] [0m   -------------------
[32;1m[Board] [0m 6 ||[7;1m [0m| |[30;1mk[0m| |[7;1m [0m| |[7;1m [0m| || 6
[32;1m[Board] [0m   -------------------
[32;1m[Board] [0m 5 || |[0;1mb[0m| |[7;1m [0m| |[7;1m [0m| |[7;1m [0m|| 5
[32;1m[Board] [0m   -------------------
[32;1m[Board] [0m 4 ||[7;1m [0m| |[7;1m [0m| |[7;1m [0m| |[30;1mb[0m| || 4
[32;1m[Board] [0m   -------------------
[32;1m[Board] [0m 3 || |[0;1mQ[0m| |[7;1m [0m|[30;1mp[0m|[7;1m [0m| |[7;1m [0m|| 3
[32;1m[Board] [0m   -------------------
[32;1m[Board] [0m 2 ||[0;1mp[0m|[30;1mp[0m|[0;1mp[0m| |[7;1m [0m| |[0;1mp[0m|[0;1mp[0m|| 2
[32;1m[Board] [0m   -------------------
[32;1m[Board] [0m 1 || |[0;1mr[0m| |[7;1m [0m|[0;1mr[0m|[7;1m [0m|[0;1mK[0m|[30;1mk[0m|| 1
[32;1m[Board] [0m   -------------------
[32;1m[Board] [0m     a b c d e f g h
[32;1m[Board] [0m
[32;1m[Referee] [0mThis is the turn of the White player...
Inputed Board
Currently playing: White

------------------------------Current Search Space--------------------------------------------
Possible moves for piece: P:
 P: (6,0)->(5,0) / a2a3
 P: (6,0)->(4,0) / a2a4
 P: (6,2)->(5,2) / c2c3
 P: (6,2)->(4,2) / c2c4
 P: (6,6)->(5,6) / g2g3
 P: (6,7)->(5,7) / h2h3
 P: (6,7)->(4,7) / h2h4
Possible moves for piece: R:
 R: (7,1)->(6,1) / b1b2
 R: (7,1)->(7,2) / b1c1
 R: (7,1)->(7,3) / b1d1
 R: (7,1)->(7,0) / b1a1
 R: (7,4)->(6,4) / e1e2
 R: (7,4)->(5,4) / e1e3
 R: (7,4)->(7,5) / e1f1
 R: (7,4)->(7,3) / e1d1
 R: (7,4)->(7,2) / e1c1
Possible moves for piece: B:
 B: (1,2)->(0,1) / c7b8
 B: (1,2)->(0,3) / c7d8
 B: (1,2)->(2,1) / c7b6
 B: (1,2)->(3,0) / c7a5
 B: (1,2)->(2,3) / c7d6
 B: (1,2)->(3,4) / c7e5
 B: (1,2)->(4,5) / c7f4
 B: (1,2)->(5,6) / c7g3
 B: (3,1)->(2,0) / b5a6
 B: (3,1)->(2,2) / b5c6
 B: (3,1)->(4,0) / b5a4
 B: (3,1)->(4,2) / b5c4
 B: (3,1)->(5,3) / b5d3
 B: (3,1)->(6,4) / b5e2
 B: (3,1)->(7,5) / b5f1
Possible moves for piece: Q:
 Q: (5,1)->(6,1) / b3b2
 Q: (5,1)->(4,1) / b3b4
 Q: (5,1)->(5,2) / b3c3
 Q: (5,1)->(5,3) / b3d3
 Q: (5,1)->(5,4) / b3e3
 Q: (5,1)->(5,0) / b3a3
 Q: (5,1)->(4,0) / b3a4
 Q: (5,1)->(4,2) / b3c4
 Q: (5,1)->(3,3) / b3d5
 Q: (5,1)->(2,4) / b3e6
 Q: (5,1)->(1,5) / b3f7
Possible moves for piece: K:
 K: (7,6)->(7,7) / g1h1
 K: (7,6)->(7,5) / g1f1
 K: (7,6)->(6,5) / g1f2

------------------------------Filtered Search Space--------------------------------------------
Possible moves for piece: P:
 P: (6,0)->(5,0) / a2a3
 P: (6,0)->(4,0) / a2a4
 P: (6,2)->(5,2) / c2c3
 P: (6,2)->(4,2) / c2c4
 P: (6,6)->(5,6) / g2g3
 P: (6,7)->(5,7) / h2h3
 P: (6,7)->(4,7) / h2h4
Possible moves for piece: R:
 R: (7,1)->(6,1) / b1b2
 R: (7,1)->(7,2) / b1c1
 R: (7,1)->(7,3) / b1d1
 R: (7,1)->(7,0) / b1a1
 R: (7,4)->(6,4) / e1e2
 R: (7,4)->(5,4) / e1e3
 R: (7,4)->(7,5) / e1f1
 R: (7,4)->(7,3) / e1d1
 R: (7,4)->(7,2) / e1c1
Possible moves for piece: B:
 B: (1,2)->(0,1) / c7b8
 B: (1,2)->(0,3) / c7d8
 B: (1,2)->(2,1) / c7b6
 B: (1,2)->(3,0) / c7a5
 B: (1,2)->(2,3) / c7d6
 B: (1,2)->(3,4) / c7e5
 B: (1,2)->(4,5) / c7f4
 B: (1,2)->(5,6) / c7g3
 B: (3,1)->(2,0) / b5a6
 B: (3,1)->(2,2) / b5c6
 B: (3,1)->(4,0) / b5a4
 B: (3,1)->(4,2) / b5c4
 B: (3,1)->(5,3) / b5d3
 B: (3,1)->(6,4) / b5e2
 B: (3,1)->(7,5) / b5f1
Possible moves for piece: Q:
 Q: (5,1)->(6,1) / b3b2
 Q: (5,1)->(4,1) / b3b4
 Q: (5,1)->(5,2) / b3c3
 Q: (5,1)->(5,3) / b3d3
 Q: (5,1)->(5,4) / b3e3
 Q: (5,1)->(5,0) / b3a3
 Q: (5,1)->(4,0) / b3a4
 Q: (5,1)->(4,2) / b3c4
 Q: (5,1)->(3,3) / b3d5
 Q: (5,1)->(2,4) / b3e6
 Q: (5,1)->(1,5) / b3f7
Possible moves for piece: K:
 K: (7,6)->(7,7) / g1h1
 K: (7,6)->(7,5) / g1f1

--------------------------------Info on Attacks---------------------------------------------------
Squares attacked by Black pieces:
(0,0) (0,1) (0,3) (0,5) (0,6) (1,2) (2,0) (2,1) (2,3) (2,4) (2,5) (2,6) (2,7) (3,0) (3,2) (3,3) (3,4) (3,5) (3,6) (3,7) (4,1) (4,3) (4,7) (5,0) (5,3) (5,5) (5,6) (5,7) (6,3) (6,4) (6,5) (7,0) (7,2) (7,3) 

-------------------------------Squares controlled by the enemy------------------------------------
X X * X * X X * 
* * X * * * * * 
X X * X X X X X 
X * X X X X X X 
* X * X * * * X 
X * * X * X X X 
* * * X X X * * 
X * X X * * * * 

------------------------------Check Information---------------------------------------------------
White King located at: (7,6)
White King is safe, no check at this position.

------------------------------Special Move Information-------------------------------------------
No en passant allowed right now
------------------------------Castling Rights Information-------------------------------------------
White Kingside Castle:  NOT AVAILABLE
White Queenside Castle: NOT AVAILABLE
Black Kingside Castle:  AVAILABLE
Black Queenside Castle: NOT AVAILABLE
---------------------------------------------------------------------------------------------------

========== CAPTURE EXPLORATION ==========
[0] B x n | Potential loss: NO | Score: -320
[1] Q x p | Potential loss: NO | Score: -100
[2] Q x p | Potential loss: NO | Score: -100
[3] Q x p | Potential loss: NO | Score: -100
[4] R x p | Potential loss: NO | Score: -100
[5] R x p | Potential loss: NO | Score: -100
[6] K x n | Potential loss: NO | Score: -320
========================================

========== CHECK EXPLORATION ==========
[0] Candidate: Q -> (5,1) -> (1,5) x p | Checking move: Q (5,1) -> (1,5)Checkmate: NO
======================================
--------------------------------------------------------------------------------------------------
Chosen Move: (1,2) --> (4,5)
 / c7f4

* * r * k * * r 
p p * q b p p p 
* * n * * * * * 
* B * * * * * * 
* * * * * B b * 
* Q * * p * * * 
P p P * * * P P 
* R * * R * K n 

[32;1m[Game] [0mPlayer's error code: 0
[32;1m[Game] [0mChecking move validity...
[32;1m[Board] [0mInitializing board (size: 8)...
[32;1m[Board] [0m32 piece(s) on board.
[32;1m[Board] [0mLoading history file `championship/chessgambit-matex/history.csv`...
[32;1m[Board] [0mLoaded 46 move(s).
[32;1m[Board] [0mHistory replayed, 25 piece(s) on board.
[32;1m[Board] [0mLoading move file `championship/chessgambit-matex/move.csv`...
[32;1m[Board] [0mWhite player is playing c7 to f4.
[32;1m[Board] [0m
[32;1m[Board] [0m     a b c d e f g h
[32;1m[Board] [0m   -------------------
[32;1m[Board] [0m 8 ||[7;1m [0m| |[30;1mr[0m| |[30;1mK[0m| |[7;1m [0m|[30;1mr[0m|| 8
[32;1m[Board] [0m   -------------------
[32;1m[Board] [0m 7 ||[30;1mp[0m|[30;1mp[0m| |[30;1mQ[0m|[30;1mb[0m|[30;1mp[0m|[30;1mp[0m|[30;1mp[0m|| 7
[32;1m[Board] [0m   -------------------
[32;1m[Board] [0m 6 ||[7;1m [0m| |[30;1mk[0m| |[7;1m [0m| |[7;1m [0m| || 6
[32;1m[Board] [0m   -------------------
[32;1m[Board] [0m 5 || |[0;1mb[0m| |[7;1m [0m| |[7;1m [0m| |[7;1m [0m|| 5
[32;1m[Board] [0m   -------------------
[32;1m[Board] [0m 4 ||[7;1m [0m| |[7;1m [0m| |[7;1m [0m|[0;1mb[0m|[30;1mb[0m| || 4
[32;1m[Board] [0m   -------------------
[32;1m[Board] [0m 3 || |[0;1mQ[0m| |[7;1m [0m|[30;1mp[0m|[7;1m [0m| |[7;1m [0m|| 3
[32;1m[Board] [0m   -------------------
[32;1m[Board] [0m 2 ||[0;1mp[0m|[30;1mp[0m|[0;1mp[0m| |[7;1m [0m| |[0;1mp[0m|[0;1mp[0m|| 2
[32;1m[Board] [0m   -------------------
[32;1m[Board] [0m 1 || |[0;1mr[0m| |[7;1m [0m|[0;1mr[0m|[7;1m [0m|[0;1mK[0m|[30;1mk[0m|| 1
[32;1m[Board] [0m   -------------------
[32;1m[Board] [0m     a b c d e f g h
[32;1m[Board] [0m
[32;1m[Referee] [0mThis is the turn of the Black player...
info depth 1 nodes 1677 score cp 1370 pv h1f2
info depth 2 nodes 3995 score cp 1370 pv h1f2
info depth 3 nodes 42171 score cp 1320 pv g4e6
info depth 4 nodes 106319 score cp 1350 pv g4e6
  a b c d e f g h
8 . . r . k . . r 
7 p p . q b p p p 
6 . . n . b . . . 
5 . B . . . . . . 
4 . . . . . B . . 
3 . Q . . p . . . 
2 P p P . . . P P 
1 . R . . . . K n 
[32;1m[Game] [0mPlayer's error code: 0
[32;1m[Game] [0mChecking move validity...
[32;1m[Board] [0mInitializing board (size: 8)...
[32;1m[Board] [0m32 piece(s) on board.
[32;1m[Board] [0mLoading history file `championship/chessgambit-matex/history.csv`...
[32;1m[Board] [0mLoaded 47 move(s).
[32;1m[Board] [0mHistory replayed, 25 piece(s) on board.
[32;1m[Board] [0mLoading move file `championship/chessgambit-matex/move.csv`...
[32;1m[Board] [0mBlack player is playing g4 to e6.
[32;1m[Board] [0m
[32;1m[Board] [0m     a b c d e f g h
[32;1m[Board] [0m   -------------------
[32;1m[Board] [0m 8 ||[7;1m [0m| |[30;1mr[0m| |[30;1mK[0m| |[7;1m [0m|[30;1mr[0m|| 8
[32;1m[Board] [0m   -------------------
[32;1m[Board] [0m 7 ||[30;1mp[0m|[30;1mp[0m| |[30;1mQ[0m|[30;1mb[0m|[30;1mp[0m|[30;1mp[0m|[30;1mp[0m|| 7
[32;1m[Board] [0m   -------------------
[32;1m[Board] [0m 6 ||[7;1m [0m| |[30;1mk[0m| |[30;1mb[0m| |[7;1m [0m| || 6
[32;1m[Board] [0m   -------------------
[32;1m[Board] [0m 5 || |[0;1mb[0m| |[7;1m [0m| |[7;1m [0m| |[7;1m [0m|| 5
[32;1m[Board] [0m   -------------------
[32;1m[Board] [0m 4 ||[7;1m [0m| |[7;1m [0m| |[7;1m [0m|[0;1mb[0m|[7;1m [0m| || 4
[32;1m[Board] [0m   -------------------
[32;1m[Board] [0m 3 || |[0;1mQ[0m| |[7;1m [0m|[30;1mp[0m|[7;1m [0m| |[7;1m [0m|| 3
[32;1m[Board] [0m   -------------------
[32;1m[Board] [0m 2 ||[0;1mp[0m|[30;1mp[0m|[0;1mp[0m| |[7;1m [0m| |[0;1mp[0m|[0;1mp[0m|| 2
[32;1m[Board] [0m   -------------------
[32;1m[Board] [0m 1 || |[0;1mr[0m| |[7;1m [0m|[0;1mr[0m|[7;1m [0m|[0;1mK[0m|[30;1mk[0m|| 1
[32;1m[Board] [0m   -------------------
[32;1m[Board] [0m     a b c d e f g h
[32;1m[Board] [0m
[32;1m[Referee] [0mThis is the turn of the White player...
Inputed Board
Currently playing: White

------------------------------Current Search Space--------------------------------------------
Possible moves for piece: P:
 P: (6,0)->(5,0) / a2a3
 P: (6,0)->(4,0) / a2a4
 P: (6,2)->(5,2) / c2c3
 P: (6,2)->(4,2) / c2c4
 P: (6,6)->(5,6) / g2g3
 P: (6,6)->(4,6) / g2g4
 P: (6,7)->(5,7) / h2h3
 P: (6,7)->(4,7) / h2h4
Possible moves for piece: R:
 R: (7,1)->(6,1) / b1b2
 R: (7,1)->(7,2) / b1c1
 R: (7,1)->(7,3) / b1d1
 R: (7,1)->(7,0) / b1a1
 R: (7,4)->(6,4) / e1e2
 R: (7,4)->(5,4) / e1e3
 R: (7,4)->(7,5) / e1f1
 R: (7,4)->(7,3) / e1d1
 R: (7,4)->(7,2) / e1c1
Possible moves for piece: B:
 B: (3,1)->(2,0) / b5a6
 B: (3,1)->(2,2) / b5c6
 B: (3,1)->(4,0) / b5a4
 B: (3,1)->(4,2) / b5c4
 B: (3,1)->(5,3) / b5d3
 B: (3,1)->(6,4) / b5e2
 B: (3,1)->(7,5) / b5f1
 B: (4,5)->(3,4) / f4e5
 B: (4,5)->(2,3) / f4d6
 B: (4,5)->(1,2) / f4c7
 B: (4,5)->(0,1) / f4b8
 B: (4,5)->(3,6) / f4g5
 B: (4,5)->(2,7) / f4h6
 B: (4,5)->(5,4) / f4e3
 B: (4,5)->(5,6) / f4g3
Possible moves for piece: Q:
 Q: (5,1)->(6,1) / b3b2
 Q: (5,1)->(4,1) / b3b4
 Q: (5,1)->(5,2) / b3c3
 Q: (5,1)->(5,3) / b3d3
 Q: (5,1)->(5,4) / b3e3
 Q: (5,1)->(5,0) / b3a3
 Q: (5,1)->(4,0) / b3a4
 Q: (5,1)->(4,2) / b3c4
 Q: (5,1)->(3,3) / b3d5
 Q: (5,1)->(2,4) / b3e6
Possible moves for piece: K:
 K: (7,6)->(7,7) / g1h1
 K: (7,6)->(7,5) / g1f1
 K: (7,6)->(6,5) / g1f2

------------------------------Filtered Search Space--------------------------------------------
Possible moves for piece: P:
 P: (6,0)->(5,0) / a2a3
 P: (6,0)->(4,0) / a2a4
 P: (6,2)->(5,2) / c2c3
 P: (6,2)->(4,2) / c2c4
 P: (6,6)->(5,6) / g2g3
 P: (6,6)->(4,6) / g2g4
 P: (6,7)->(5,7) / h2h3
 P: (6,7)->(4,7) / h2h4
Possible moves for piece: R:
 R: (7,1)->(6,1) / b1b2
 R: (7,1)->(7,2) / b1c1
 R: (7,1)->(7,3) / b1d1
 R: (7,1)->(7,0) / b1a1
 R: (7,4)->(6,4) / e1e2
 R: (7,4)->(5,4) / e1e3
 R: (7,4)->(7,5) / e1f1
 R: (7,4)->(7,3) / e1d1
 R: (7,4)->(7,2) / e1c1
Possible moves for piece: B:
 B: (3,1)->(2,0) / b5a6
 B: (3,1)->(2,2) / b5c6
 B: (3,1)->(4,0) / b5a4
 B: (3,1)->(4,2) / b5c4
 B: (3,1)->(5,3) / b5d3
 B: (3,1)->(6,4) / b5e2
 B: (3,1)->(7,5) / b5f1
 B: (4,5)->(3,4) / f4e5
 B: (4,5)->(2,3) / f4d6
 B: (4,5)->(1,2) / f4c7
 B: (4,5)->(0,1) / f4b8
 B: (4,5)->(3,6) / f4g5
 B: (4,5)->(2,7) / f4h6
 B: (4,5)->(5,4) / f4e3
 B: (4,5)->(5,6) / f4g3
Possible moves for piece: Q:
 Q: (5,1)->(6,1) / b3b2
 Q: (5,1)->(4,1) / b3b4
 Q: (5,1)->(5,2) / b3c3
 Q: (5,1)->(5,3) / b3d3
 Q: (5,1)->(5,4) / b3e3
 Q: (5,1)->(5,0) / b3a3
 Q: (5,1)->(4,0) / b3a4
 Q: (5,1)->(4,2) / b3c4
 Q: (5,1)->(3,3) / b3d5
 Q: (5,1)->(2,4) / b3e6
Possible moves for piece: K:
 K: (7,6)->(7,7) / g1h1
 K: (7,6)->(7,5) / g1f1

--------------------------------Info on Attacks---------------------------------------------------
Squares attacked by Black pieces:
(0,0) (0,1) (0,3) (0,5) (0,6) (1,2) (2,0) (2,1) (2,3) (2,5) (2,6) (2,7) (3,0) (3,2) (3,3) (3,4) (3,5) (3,6) (4,1) (4,2) (4,3) (4,6) (4,7) (5,0) (5,1) (5,3) (5,6) (5,7) (6,3) (6,5) (7,0) (7,2) (7,3) 

-------------------------------Squares controlled by the enemy------------------------------------
X X * X * X X * 
* * X * * * * * 
X X * X * X X X 
X * X X X X X * 
* X X X * * X X 
X X * X * * X X 
* * * X * X * * 
X * X X * * * * 

------------------------------Check Information---------------------------------------------------
White King located at: (7,6)
White King is safe, no check at this position.

------------------------------Special Move Information-------------------------------------------
No en passant allowed right now
------------------------------Castling Rights Information-------------------------------------------
White Kingside Castle:  NOT AVAILABLE
White Queenside Castle: NOT AVAILABLE
Black Kingside Castle:  AVAILABLE
Black Queenside Castle: NOT AVAILABLE
---------------------------------------------------------------------------------------------------

========== CAPTURE EXPLORATION ==========
[0] B x n | Potential loss: NO | Score: -320
[1] B x p | Potential loss: NO | Score: -100
[2] Q x p | Potential loss: NO | Score: -100
[3] Q x p | Potential loss: NO | Score: -100
[4] Q x b | Potential loss: NO | Score: -330
[5] R x p | Potential loss: NO | Score: -100
[6] R x p | Potential loss: NO | Score: -100
[7] K x n | Potential loss: NO | Score: -320
========================================

========== CHECK EXPLORATION ==========
(no checks found)
======================================
--------------------------------------------------------------------------------------------------
Chosen Move: (6,2) --> (4,2)
 / c2c4

* * r * k * * r 
p p * q b p p p 
* * n * b * * * 
* B * * * * * * 
* * P * * B * * 
* Q * * p * * * 
P p * * * * P P 
* R * * R * K n 

[32;1m[Game] [0mPlayer's error code: 0
[32;1m[Game] [0mChecking move validity...
[32;1m[Board] [0mInitializing board (size: 8)...
[32;1m[Board] [0m32 piece(s) on board.
[32;1m[Board] [0mLoading history file `championship/chessgambit-matex/history.csv`...
[32;1m[Board] [0mLoaded 48 move(s).
[32;1m[Board] [0mHistory replayed, 25 piece(s) on board.
[32;1m[Board] [0mLoading move file `championship/chessgambit-matex/move.csv`...
[32;1m[Board] [0mWhite player is playing c2 to c4.
[32;1m[Board] [0m
[32;1m[Board] [0m     a b c d e f g h
[32;1m[Board] [0m   -------------------
[32;1m[Board] [0m 8 ||[7;1m [0m| |[30;1mr[0m| |[30;1mK[0m| |[7;1m [0m|[30;1mr[0m|| 8
[32;1m[Board] [0m   -------------------
[32;1m[Board] [0m 7 ||[30;1mp[0m|[30;1mp[0m| |[30;1mQ[0m|[30;1mb[0m|[30;1mp[0m|[30;1mp[0m|[30;1mp[0m|| 7
[32;1m[Board] [0m   -------------------
[32;1m[Board] [0m 6 ||[7;1m [0m| |[30;1mk[0m| |[30;1mb[0m| |[7;1m [0m| || 6
[32;1m[Board] [0m   -------------------
[32;1m[Board] [0m 5 || |[0;1mb[0m| |[7;1m [0m| |[7;1m [0m| |[7;1m [0m|| 5
[32;1m[Board] [0m   -------------------
[32;1m[Board] [0m 4 ||[7;1m [0m| |[0;1mp[0m| |[7;1m [0m|[0;1mb[0m|[7;1m [0m| || 4
[32;1m[Board] [0m   -------------------
[32;1m[Board] [0m 3 || |[0;1mQ[0m| |[7;1m [0m|[30;1mp[0m|[7;1m [0m| |[7;1m [0m|| 3
[32;1m[Board] [0m   -------------------
[32;1m[Board] [0m 2 ||[0;1mp[0m|[30;1mp[0m|[7;1m [0m| |[7;1m [0m| |[0;1mp[0m|[0;1mp[0m|| 2
[32;1m[Board] [0m   -------------------
[32;1m[Board] [0m 1 || |[0;1mr[0m| |[7;1m [0m|[0;1mr[0m|[7;1m [0m|[0;1mK[0m|[30;1mk[0m|| 1
[32;1m[Board] [0m   -------------------
[32;1m[Board] [0m     a b c d e f g h
[32;1m[Board] [0m
[32;1m[Referee] [0mThis is the turn of the Black player...
info depth 1 nodes 1391 score cp 1420 pv h1f2
info depth 2 nodes 7171 score cp 1420 pv h1f2
info depth 3 nodes 28499 score cp 1315 pv h1f2
info depth 4 nodes 106620 score cp 1315 pv h1f2
info depth 5 nodes 407566 score cp 1315 pv h1f2
  a b c d e f g h
8 . . r . k . . r 
7 p p . q b p p p 
6 . . n . b . . . 
5 . B . . . . . . 
4 . . P . . B . . 
3 . Q . . p . . . 
2 P p . . . n P P 
1 . R . . . . K . 
[32;1m[Game] [0mPlayer's error code: 0
[32;1m[Game] [0mChecking move validity...
[32;1m[Board] [0mInitializing board (size: 8)...
[32;1m[Board] [0m32 piece(s) on board.
[32;1m[Board] [0mLoading history file `championship/chessgambit-matex/history.csv`...
[32;1m[Board] [0mLoaded 49 move(s).
[32;1m[Board] [0mHistory replayed, 25 piece(s) on board.
[32;1m[Board] [0mLoading move file `championship/chessgambit-matex/move.csv`...
[32;1m[Board] [0mBlack player is playing h1 to f2.
[32;1m[Board] [0m
[32;1m[Board] [0m     a b c d e f g h
[32;1m[Board] [0m   -------------------
[32;1m[Board] [0m 8 ||[7;1m [0m| |[30;1mr[0m| |[30;1mK[0m| |[7;1m [0m|[30;1mr[0m|| 8
[32;1m[Board] [0m   -------------------
[32;1m[Board] [0m 7 ||[30;1mp[0m|[30;1mp[0m| |[30;1mQ[0m|[30;1mb[0m|[30;1mp[0m|[30;1mp[0m|[30;1mp[0m|| 7
[32;1m[Board] [0m   -------------------
[32;1m[Board] [0m 6 ||[7;1m [0m| |[30;1mk[0m| |[30;1mb[0m| |[7;1m [0m| || 6
[32;1m[Board] [0m   -------------------
[32;1m[Board] [0m 5 || |[0;1mb[0m| |[7;1m [0m| |[7;1m [0m| |[7;1m [0m|| 5
[32;1m[Board] [0m   -------------------
[32;1m[Board] [0m 4 ||[7;1m [0m| |[0;1mp[0m| |[7;1m [0m|[0;1mb[0m|[7;1m [0m| || 4
[32;1m[Board] [0m   -------------------
[32;1m[Board] [0m 3 || |[0;1mQ[0m| |[7;1m [0m|[30;1mp[0m|[7;1m [0m| |[7;1m [0m|| 3
[32;1m[Board] [0m   -------------------
[32;1m[Board] [0m 2 ||[0;1mp[0m|[30;1mp[0m|[7;1m [0m| |[7;1m [0m|[30;1mk[0m|[0;1mp[0m|[0;1mp[0m|| 2
[32;1m[Board] [0m   -------------------
[32;1m[Board] [0m 1 || |[0;1mr[0m| |[7;1m [0m|[0;1mr[0m|[7;1m [0m|[0;1mK[0m|[7;1m [0m|| 1
[32;1m[Board] [0m   -------------------
[32;1m[Board] [0m     a b c d e f g h
[32;1m[Board] [0m
[32;1m[Referee] [0mThis is the turn of the White player...
Inputed Board
Currently playing: White

------------------------------Current Search Space--------------------------------------------
Possible moves for piece: P:
 P: (4,2)->(3,2) / c4c5
 P: (6,0)->(5,0) / a2a3
 P: (6,0)->(4,0) / a2a4
 P: (6,6)->(5,6) / g2g3
 P: (6,6)->(4,6) / g2g4
 P: (6,7)->(5,7) / h2h3
 P: (6,7)->(4,7) / h2h4
Possible moves for piece: R:
 R: (7,1)->(6,1) / b1b2
 R: (7,1)->(7,2) / b1c1
 R: (7,1)->(7,3) / b1d1
 R: (7,1)->(7,0) / b1a1
 R: (7,4)->(6,4) / e1e2
 R: (7,4)->(5,4) / e1e3
 R: (7,4)->(7,5) / e1f1
 R: (7,4)->(7,3) / e1d1
 R: (7,4)->(7,2) / e1c1
Possible moves for piece: B:
 B: (3,1)->(2,0) / b5a6
 B: (3,1)->(2,2) / b5c6
 B: (3,1)->(4,0) / b5a4
 B: (4,5)->(3,4) / f4e5
 B: (4,5)->(2,3) / f4d6
 B: (4,5)->(1,2) / f4c7
 B: (4,5)->(0,1) / f4b8
 B: (4,5)->(3,6) / f4g5
 B: (4,5)->(2,7) / f4h6
 B: (4,5)->(5,4) / f4e3
 B: (4,5)->(5,6) / f4g3
Possible moves for piece: Q:
 Q: (5,1)->(6,1) / b3b2
 Q: (5,1)->(4,1) / b3b4
 Q: (5,1)->(5,2) / b3c3
 Q: (5,1)->(5,3) / b3d3
 Q: (5,1)->(5,4) / b3e3
 Q: (5,1)->(5,0) / b3a3
 Q: (5,1)->(4,0) / b3a4
 Q: (5,1)->(6,2) / b3c2
 Q: (5,1)->(7,3) / b3d1
Possible moves for piece: K:
 K: (7,6)->(7,7) / g1h1
 K: (7,6)->(7,5) / g1f1
 K: (7,6)->(6,5) / g1f2

------------------------------Filtered Search Space--------------------------------------------
Possible moves for piece: P:
 P: (4,2)->(3,2) / c4c5
 P: (6,0)->(5,0) / a2a3
 P: (6,0)->(4,0) / a2a4
 P: (6,6)->(5,6) / g2g3
 P: (6,6)->(4,6) / g2g4
 P: (6,7)->(5,7) / h2h3
 P: (6,7)->(4,7) / h2h4
Possible moves for piece: R:
 R: (7,1)->(6,1) / b1b2
 R: (7,1)->(7,2) / b1c1
 R: (7,1)->(7,3) / b1d1
 R: (7,1)->(7,0) / b1a1
 R: (7,4)->(6,4) / e1e2
 R: (7,4)->(5,4) / e1e3
 R: (7,4)->(7,5) / e1f1
 R: (7,4)->(7,3) / e1d1
 R: (7,4)->(7,2) / e1c1
Possible moves for piece: B:
 B: (3,1)->(2,0) / b5a6
 B: (3,1)->(2,2) / b5c6
 B: (3,1)->(4,0) / b5a4
 B: (4,5)->(3,4) / f4e5
 B: (4,5)->(2,3) / f4d6
 B: (4,5)->(1,2) / f4c7
 B: (4,5)->(0,1) / f4b8
 B: (4,5)->(3,6) / f4g5
 B: (4,5)->(2,7) / f4h6
 B: (4,5)->(5,4) / f4e3
 B: (4,5)->(5,6) / f4g3
Possible moves for piece: Q:
 Q: (5,1)->(6,1) / b3b2
 Q: (5,1)->(4,1) / b3b4
 Q: (5,1)->(5,2) / b3c3
 Q: (5,1)->(5,3) / b3d3
 Q: (5,1)->(5,4) / b3e3
 Q: (5,1)->(5,0) / b3a3
 Q: (5,1)->(4,0) / b3a4
 Q: (5,1)->(6,2) / b3c2
 Q: (5,1)->(7,3) / b3d1
Possible moves for piece: K:
 K: (7,6)->(7,5) / g1f1

--------------------------------Info on Attacks---------------------------------------------------
Squares attacked by Black pieces:
(0,0) (0,1) (0,3) (0,5) (0,6) (1,2) (2,0) (2,1) (2,3) (2,5) (2,6) (2,7) (3,0) (3,2) (3,3) (3,4) (3,5) (3,6) (4,1) (4,2) (4,3) (4,4) (4,6) (4,7) (5,0) (5,3) (5,7) (6,3) (7,0) (7,2) (7,3) (7,7) 

-------------------------------Squares controlled by the enemy------------------------------------
X X * X * X X * 
* * X * * * * * 
X X * X * X X X 
X * X X X X X * 
* X X X X * X X 
X * * X * * * X 
* * * X * * * * 
X * X X * * * X 

------------------------------Check Information---------------------------------------------------
White King located at: (7,6)
White King is safe, no check at this position.

------------------------------Special Move Information-------------------------------------------
No en passant allowed right now
------------------------------Castling Rights Information-------------------------------------------
White Kingside Castle:  NOT AVAILABLE
White Queenside Castle: NOT AVAILABLE
Black Kingside Castle:  AVAILABLE
Black Queenside Castle: NOT AVAILABLE
---------------------------------------------------------------------------------------------------

========== CAPTURE EXPLORATION ==========
[0] B x n | Potential loss: NO | Score: -320
[1] B x p | Potential loss: NO | Score: -100
[2] Q x p | Potential loss: NO | Score: -100
[3] Q x p | Potential loss: NO | Score: -100
[4] R x p | Potential loss: NO | Score: -100
[5] R x p | Potential loss: NO | Score: -100
========================================

========== CHECK EXPLORATION ==========
(no checks found)
======================================
--------------------------------------------------------------------------------------------------
Chosen Move: (4,5) --> (5,6)
 / f4g3

* * r * k * * r 
p p * q b p p p 
* * n * b * * * 
* B * * * * * * 
* * P * * * * * 
* Q * * p * B * 
P p * * * n P P 
* R * * R * K * 

[32;1m[Game] [0mPlayer's error code: 0
[32;1m[Game] [0mChecking move validity...
[32;1m[Board] [0mInitializing board (size: 8)...
[32;1m[Board] [0m32 piece(s) on board.
[32;1m[Board] [0mLoading history file `championship/chessgambit-matex/history.csv`...
[32;1m[Board] [0mLoaded 50 move(s).
[32;1m[Board] [0mHistory replayed, 25 piece(s) on board.
[32;1m[Board] [0mLoading move file `championship/chessgambit-matex/move.csv`...
[32;1m[Board] [0mWhite player is playing f4 to g3.
[32;1m[Board] [0m
[32;1m[Board] [0m     a b c d e f g h
[32;1m[Board] [0m   -------------------
[32;1m[Board] [0m 8 ||[7;1m [0m| |[30;1mr[0m| |[30;1mK[0m| |[7;1m [0m|[30;1mr[0m|| 8
[32;1m[Board] [0m   -------------------
[32;1m[Board] [0m 7 ||[30;1mp[0m|[30;1mp[0m| |[30;1mQ[0m|[30;1mb[0m|[30;1mp[0m|[30;1mp[0m|[30;1mp[0m|| 7
[32;1m[Board] [0m   -------------------
[32;1m[Board] [0m 6 ||[7;1m [0m| |[30;1mk[0m| |[30;1mb[0m| |[7;1m [0m| || 6
[32;1m[Board] [0m   -------------------
[32;1m[Board] [0m 5 || |[0;1mb[0m| |[7;1m [0m| |[7;1m [0m| |[7;1m [0m|| 5
[32;1m[Board] [0m   -------------------
[32;1m[Board] [0m 4 ||[7;1m [0m| |[0;1mp[0m| |[7;1m [0m| |[7;1m [0m| || 4
[32;1m[Board] [0m   -------------------
[32;1m[Board] [0m 3 || |[0;1mQ[0m| |[7;1m [0m|[30;1mp[0m|[7;1m [0m|[0;1mb[0m|[7;1m [0m|| 3
[32;1m[Board] [0m   -------------------
[32;1m[Board] [0m 2 ||[0;1mp[0m|[30;1mp[0m|[7;1m [0m| |[7;1m [0m|[30;1mk[0m|[0;1mp[0m|[0;1mp[0m|| 2
[32;1m[Board] [0m   -------------------
[32;1m[Board] [0m 1 || |[0;1mr[0m| |[7;1m [0m|[0;1mr[0m|[7;1m [0m|[0;1mK[0m|[7;1m [0m|| 1
[32;1m[Board] [0m   -------------------
[32;1m[Board] [0m     a b c d e f g h
[32;1m[Board] [0m
[32;1m[Referee] [0mThis is the turn of the Black player...
info depth 1 nodes 881 score cp 1545 pv f2d3
info depth 2 nodes 4161 score cp 1535 pv f2d3
info depth 3 nodes 16492 score cp 1455 pv f2d3
info depth 4 nodes 77988 score cp 1535 pv f2d3
info depth 5 nodes 506374 score cp 1445 pv f2d3
  a b c d e f g h
8 . . r . k . . r 
7 p p . q b p p p 
6 . . n . b . . . 
5 . B . . . . . . 
4 . . P . . . . . 
3 . Q . n p . B . 
2 P p . . . . P P 
1 . R . . . . K . 
[32;1m[Game] [0mPlayer's error code: 0
[32;1m[Game] [0mChecking move validity...
[32;1m[Board] [0mInitializing board (size: 8)...
[32;1m[Board] [0m32 piece(s) on board.
[32;1m[Board] [0mLoading history file `championship/chessgambit-matex/history.csv`...
[32;1m[Board] [0mLoaded 51 move(s).
[32;1m[Board] [0mHistory replayed, 25 piece(s) on board.
[32;1m[Board] [0mLoading move file `championship/chessgambit-matex/move.csv`...
[32;1m[Board] [0mBlack player is playing f2 to d3.
[32;1m[Board] [0m
[32;1m[Board] [0m     a b c d e f g h
[32;1m[Board] [0m   -------------------
[32;1m[Board] [0m 8 ||[7;1m [0m| |[30;1mr[0m| |[30;1mK[0m| |[7;1m [0m|[30;1mr[0m|| 8
[32;1m[Board] [0m   -------------------
[32;1m[Board] [0m 7 ||[30;1mp[0m|[30;1mp[0m| |[30;1mQ[0m|[30;1mb[0m|[30;1mp[0m|[30;1mp[0m|[30;1mp[0m|| 7
[32;1m[Board] [0m   -------------------
[32;1m[Board] [0m 6 ||[7;1m [0m| |[30;1mk[0m| |[30;1mb[0m| |[7;1m [0m| || 6
[32;1m[Board] [0m   -------------------
[32;1m[Board] [0m 5 || |[0;1mb[0m| |[7;1m [0m| |[7;1m [0m| |[7;1m [0m|| 5
[32;1m[Board] [0m   -------------------
[32;1m[Board] [0m 4 ||[7;1m [0m| |[0;1mp[0m| |[7;1m [0m| |[7;1m [0m| || 4
[32;1m[Board] [0m   -------------------
[32;1m[Board] [0m 3 || |[0;1mQ[0m| |[30;1mk[0m|[30;1mp[0m|[7;1m [0m|[0;1mb[0m|[7;1m [0m|| 3
[32;1m[Board] [0m   -------------------
[32;1m[Board] [0m 2 ||[0;1mp[0m|[30;1mp[0m|[7;1m [0m| |[7;1m [0m| |[0;1mp[0m|[0;1mp[0m|| 2
[32;1m[Board] [0m   -------------------
[32;1m[Board] [0m 1 || |[0;1mr[0m| |[7;1m [0m|[0;1mr[0m|[7;1m [0m|[0;1mK[0m|[7;1m [0m|| 1
[32;1m[Board] [0m   -------------------
[32;1m[Board] [0m     a b c d e f g h
[32;1m[Board] [0m
[32;1m[Referee] [0mThis is the turn of the White player...
Inputed Board
Currently playing: White

------------------------------Current Search Space--------------------------------------------
Possible moves for piece: P:
 P: (4,2)->(3,2) / c4c5
 P: (6,0)->(5,0) / a2a3
 P: (6,0)->(4,0) / a2a4
 P: (6,7)->(5,7) / h2h3
 P: (6,7)->(4,7) / h2h4
Possible moves for piece: R:
 R: (7,1)->(6,1) / b1b2
 R: (7,1)->(7,2) / b1c1
 R: (7,1)->(7,3) / b1d1
 R: (7,1)->(7,0) / b1a1
 R: (7,4)->(6,4) / e1e2
 R: (7,4)->(5,4) / e1e3
 R: (7,4)->(7,5) / e1f1
 R: (7,4)->(7,3) / e1d1
 R: (7,4)->(7,2) / e1c1
Possible moves for piece: B:
 B: (3,1)->(2,0) / b5a6
 B: (3,1)->(2,2) / b5c6
 B: (3,1)->(4,0) / b5a4
 B: (5,6)->(4,5) / g3f4
 B: (5,6)->(3,4) / g3e5
 B: (5,6)->(2,3) / g3d6
 B: (5,6)->(1,2) / g3c7
 B: (5,6)->(0,1) / g3b8
 B: (5,6)->(4,7) / g3h4
 B: (5,6)->(6,5) / g3f2
Possible moves for piece: Q:
 Q: (5,1)->(6,1) / b3b2
 Q: (5,1)->(4,1) / b3b4
 Q: (5,1)->(5,2) / b3c3
 Q: (5,1)->(5,3) / b3d3
 Q: (5,1)->(5,0) / b3a3
 Q: (5,1)->(4,0) / b3a4
 Q: (5,1)->(6,2) / b3c2
 Q: (5,1)->(7,3) / b3d1
Possible moves for piece: K:
 K: (7,6)->(7,7) / g1h1
 K: (7,6)->(7,5) / g1f1
 K: (7,6)->(6,5) / g1f2

------------------------------Filtered Search Space--------------------------------------------
Possible moves for piece: P:
 P: (4,2)->(3,2) / c4c5
 P: (6,0)->(5,0) / a2a3
 P: (6,0)->(4,0) / a2a4
 P: (6,7)->(5,7) / h2h3
 P: (6,7)->(4,7) / h2h4
Possible moves for piece: R:
 R: (7,1)->(6,1) / b1b2
 R: (7,1)->(7,2) / b1c1
 R: (7,1)->(7,3) / b1d1
 R: (7,1)->(7,0) / b1a1
 R: (7,4)->(6,4) / e1e2
 R: (7,4)->(5,4) / e1e3
 R: (7,4)->(7,5) / e1f1
 R: (7,4)->(7,3) / e1d1
 R: (7,4)->(7,2) / e1c1
Possible moves for piece: B:
 B: (3,1)->(2,0) / b5a6
 B: (3,1)->(2,2) / b5c6
 B: (3,1)->(4,0) / b5a4
 B: (5,6)->(4,5) / g3f4
 B: (5,6)->(3,4) / g3e5
 B: (5,6)->(2,3) / g3d6
 B: (5,6)->(1,2) / g3c7
 B: (5,6)->(0,1) / g3b8
 B: (5,6)->(4,7) / g3h4
 B: (5,6)->(6,5) / g3f2
Possible moves for piece: Q:
 Q: (5,1)->(6,1) / b3b2
 Q: (5,1)->(4,1) / b3b4
 Q: (5,1)->(5,2) / b3c3
 Q: (5,1)->(5,3) / b3d3
 Q: (5,1)->(5,0) / b3a3
 Q: (5,1)->(4,0) / b3a4
 Q: (5,1)->(6,2) / b3c2
 Q: (5,1)->(7,3) / b3d1
Possible moves for piece: K:
 K: (7,6)->(7,7) / g1h1
 K: (7,6)->(7,5) / g1f1

--------------------------------Info on Attacks---------------------------------------------------
Squares attacked by Black pieces:
(0,0) (0,1) (0,3) (0,5) (0,6) (1,2) (2,0) (2,1) (2,3) (2,5) (2,6) (2,7) (3,0) (3,2) (3,3) (3,4) (3,5) (3,6) (4,1) (4,2) (4,3) (4,5) (4,6) (4,7) (5,0) (5,7) (6,3) (6,5) (7,0) (7,2) (7,4) 

-------------------------------Squares controlled by the enemy------------------------------------
X X * X * X X * 
* * X * * * * * 
X X * X * X X X 
X * X X X X X * 
* X X X * X X X 
X * * * * * * X 
* * * X * X * * 
X * X * X * * * 

------------------------------Check Information---------------------------------------------------
White King located at: (7,6)
White King is safe, no check at this position.

------------------------------Special Move Information-------------------------------------------
No en passant allowed right now
------------------------------Castling Rights Information-------------------------------------------
White Kingside Castle:  NOT AVAILABLE
White Queenside Castle: NOT AVAILABLE
Black Kingside Castle:  AVAILABLE
Black Queenside Castle: NOT AVAILABLE
---------------------------------------------------------------------------------------------------

========== CAPTURE EXPLORATION ==========
[0] B x n | Potential loss: NO | Score: -320
[1] Q x p | Potential loss: NO | Score: -100
[2] Q x n | Potential loss: NO | Score: -320
[3] R x p | Potential loss: NO | Score: -100
[4] R x p | Potential loss: NO | Score: -100
========================================

========== CHECK EXPLORATION ==========
(no checks found)
======================================
--------------------------------------------------------------------------------------------------
Chosen Move: (7,4) --> (7,5)
 / e1f1

* * r * k * * r 
p p * q b p p p 
* * n * b * * * 
* B * * * * * * 
* * P * * * * * 
* Q * n p * B * 
P p * * * * P P 
* R * * * R K * 

[32;1m[Game] [0mPlayer's error code: 0
[32;1m[Game] [0mChecking move validity...
[32;1m[Board] [0mInitializing board (size: 8)...
[32;1m[Board] [0m32 piece(s) on board.
[32;1m[Board] [0mLoading history file `championship/chessgambit-matex/history.csv`...
[32;1m[Board] [0mLoaded 52 move(s).
[32;1m[Board] [0mHistory replayed, 25 piece(s) on board.
[32;1m[Board] [0mLoading move file `championship/chessgambit-matex/move.csv`...
[32;1m[Board] [0mWhite player is playing e1 to f1.
[32;1m[Board] [0m
[32;1m[Board] [0m     a b c d e f g h
[32;1m[Board] [0m   -------------------
[32;1m[Board] [0m 8 ||[7;1m [0m| |[30;1mr[0m| |[30;1mK[0m| |[7;1m [0m|[30;1mr[0m|| 8
[32;1m[Board] [0m   -------------------
[32;1m[Board] [0m 7 ||[30;1mp[0m|[30;1mp[0m| |[30;1mQ[0m|[30;1mb[0m|[30;1mp[0m|[30;1mp[0m|[30;1mp[0m|| 7
[32;1m[Board] [0m   -------------------
[32;1m[Board] [0m 6 ||[7;1m [0m| |[30;1mk[0m| |[30;1mb[0m| |[7;1m [0m| || 6
[32;1m[Board] [0m   -------------------
[32;1m[Board] [0m 5 || |[0;1mb[0m| |[7;1m [0m| |[7;1m [0m| |[7;1m [0m|| 5
[32;1m[Board] [0m   -------------------
[32;1m[Board] [0m 4 ||[7;1m [0m| |[0;1mp[0m| |[7;1m [0m| |[7;1m [0m| || 4
[32;1m[Board] [0m   -------------------
[32;1m[Board] [0m 3 || |[0;1mQ[0m| |[30;1mk[0m|[30;1mp[0m|[7;1m [0m|[0;1mb[0m|[7;1m [0m|| 3
[32;1m[Board] [0m   -------------------
[32;1m[Board] [0m 2 ||[0;1mp[0m|[30;1mp[0m|[7;1m [0m| |[7;1m [0m| |[0;1mp[0m|[0;1mp[0m|| 2
[32;1m[Board] [0m   -------------------
[32;1m[Board] [0m 1 || |[0;1mr[0m| |[7;1m [0m| |[0;1mr[0m|[0;1mK[0m|[7;1m [0m|| 1
[32;1m[Board] [0m   -------------------
[32;1m[Board] [0m     a b c d e f g h
[32;1m[Board] [0m
[32;1m[Referee] [0mThis is the turn of the Black player...
info depth 1 nodes 336 score cp 1555 pv e8f8
info depth 2 nodes 1946 score cp 1545 pv e8f8
info depth 3 nodes 25669 score cp 1550 pv e7c5
info depth 4 nodes 82445 score cp 1540 pv c8d8
info depth 5 nodes 570035 score cp 1530 pv e7c5
  a b c d e f g h
8 . . r . k . . r 
7 p p . q . p p p 
6 . . n . b . . . 
5 . B b . . . . . 
4 . . P . . . . . 
3 . Q . n p . B . 
2 P p . . . . P P 
1 . R . . . . K . 
[32;1m[Game] [0mPlayer's error code: 0
[32;1m[Game] [0mChecking move validity...
[32;1m[Board] [0mInitializing board (size: 8)...
[32;1m[Board] [0m32 piece(s) on board.
[32;1m[Board] [0mLoading history file `championship/chessgambit-matex/history.csv`...
[32;1m[Board] [0mLoaded 53 move(s).
[32;1m[Board] [0mHistory replayed, 25 piece(s) on board.
[32;1m[Board] [0mLoading move file `championship/chessgambit-matex/move.csv`...
[32;1m[Board] [0mBlack player is playing e7 to c5.
[32;1m[Board] [0m
[32;1m[Board] [0m     a b c d e f g h
[32;1m[Board] [0m   -------------------
[32;1m[Board] [0m 8 ||[7;1m [0m| |[30;1mr[0m| |[30;1mK[0m| |[7;1m [0m|[30;1mr[0m|| 8
[32;1m[Board] [0m   -------------------
[32;1m[Board] [0m 7 ||[30;1mp[0m|[30;1mp[0m| |[30;1mQ[0m| |[30;1mp[0m|[30;1mp[0m|[30;1mp[0m|| 7
[32;1m[Board] [0m   -------------------
[32;1m[Board] [0m 6 ||[7;1m [0m| |[30;1mk[0m| |[30;1mb[0m| |[7;1m [0m| || 6
[32;1m[Board] [0m   -------------------
[32;1m[Board] [0m 5 || |[0;1mb[0m|[30;1mb[0m|[7;1m [0m| |[7;1m [0m| |[7;1m [0m|| 5
[32;1m[Board] [0m   -------------------
[32;1m[Board] [0m 4 ||[7;1m [0m| |[0;1mp[0m| |[7;1m [0m| |[7;1m [0m| || 4
[32;1m[Board] [0m   -------------------
[32;1m[Board] [0m 3 || |[0;1mQ[0m| |[30;1mk[0m|[30;1mp[0m|[7;1m [0m|[0;1mb[0m|[7;1m [0m|| 3
[32;1m[Board] [0m   -------------------
[32;1m[Board] [0m 2 ||[0;1mp[0m|[30;1mp[0m|[7;1m [0m| |[7;1m [0m| |[0;1mp[0m|[0;1mp[0m|| 2
[32;1m[Board] [0m   -------------------
[32;1m[Board] [0m 1 || |[0;1mr[0m| |[7;1m [0m| |[0;1mr[0m|[0;1mK[0m|[7;1m [0m|| 1
[32;1m[Board] [0m   -------------------
[32;1m[Board] [0m     a b c d e f g h
[32;1m[Board] [0m
[32;1m[Referee] [0mThis is the turn of the White player...
Inputed Board
Currently playing: White

------------------------------Current Search Space--------------------------------------------
Possible moves for piece: P:
 P: (6,0)->(5,0) / a2a3
 P: (6,0)->(4,0) / a2a4
 P: (6,7)->(5,7) / h2h3
 P: (6,7)->(4,7) / h2h4
Possible moves for piece: R:
 R: (7,1)->(6,1) / b1b2
 R: (7,1)->(7,2) / b1c1
 R: (7,1)->(7,3) / b1d1
 R: (7,1)->(7,4) / b1e1
 R: (7,1)->(7,0) / b1a1
 R: (7,5)->(6,5) / f1f2
 R: (7,5)->(5,5) / f1f3
 R: (7,5)->(4,5) / f1f4
 R: (7,5)->(3,5) / f1f5
 R: (7,5)->(2,5) / f1f6
 R: (7,5)->(1,5) / f1f7
 R: (7,5)->(7,4) / f1e1
 R: (7,5)->(7,3) / f1d1
 R: (7,5)->(7,2) / f1c1
Possible moves for piece: B:
 B: (3,1)->(2,0) / b5a6
 B: (3,1)->(2,2) / b5c6
 B: (3,1)->(4,0) / b5a4
 B: (5,6)->(4,5) / g3f4
 B: (5,6)->(3,4) / g3e5
 B: (5,6)->(2,3) / g3d6
 B: (5,6)->(1,2) / g3c7
 B: (5,6)->(0,1) / g3b8
 B: (5,6)->(4,7) / g3h4
 B: (5,6)->(6,5) / g3f2
 B: (5,6)->(7,4) / g3e1
Possible moves for piece: Q:
 Q: (5,1)->(6,1) / b3b2
 Q: (5,1)->(4,1) / b3b4
 Q: (5,1)->(5,2) / b3c3
 Q: (5,1)->(5,3) / b3d3
 Q: (5,1)->(5,0) / b3a3
 Q: (5,1)->(4,0) / b3a4
 Q: (5,1)->(6,2) / b3c2
 Q: (5,1)->(7,3) / b3d1
Possible moves for piece: K:
 K: (7,6)->(7,7) / g1h1
 K: (7,6)->(6,5) / g1f2

------------------------------Filtered Search Space--------------------------------------------
Possible moves for piece: P:
 P: (6,0)->(5,0) / a2a3
 P: (6,0)->(4,0) / a2a4
 P: (6,7)->(5,7) / h2h3
 P: (6,7)->(4,7) / h2h4
Possible moves for piece: R:
 R: (7,1)->(6,1) / b1b2
 R: (7,1)->(7,2) / b1c1
 R: (7,1)->(7,3) / b1d1
 R: (7,1)->(7,4) / b1e1
 R: (7,1)->(7,0) / b1a1
 R: (7,5)->(6,5) / f1f2
 R: (7,5)->(5,5) / f1f3
 R: (7,5)->(4,5) / f1f4
 R: (7,5)->(3,5) / f1f5
 R: (7,5)->(2,5) / f1f6
 R: (7,5)->(1,5) / f1f7
 R: (7,5)->(7,4) / f1e1
 R: (7,5)->(7,3) / f1d1
 R: (7,5)->(7,2) / f1c1
Possible moves for piece: B:
 B: (3,1)->(2,0) / b5a6
 B: (3,1)->(2,2) / b5c6
 B: (3,1)->(4,0) / b5a4
 B: (5,6)->(4,5) / g3f4
 B: (5,6)->(3,4) / g3e5
 B: (5,6)->(2,3) / g3d6
 B: (5,6)->(1,2) / g3c7
 B: (5,6)->(0,1) / g3b8
 B: (5,6)->(4,7) / g3h4
 B: (5,6)->(6,5) / g3f2
 B: (5,6)->(7,4) / g3e1
Possible moves for piece: Q:
 Q: (5,1)->(6,1) / b3b2
 Q: (5,1)->(4,1) / b3b4
 Q: (5,1)->(5,2) / b3c3
 Q: (5,1)->(5,3) / b3d3
 Q: (5,1)->(5,0) / b3a3
 Q: (5,1)->(4,0) / b3a4
 Q: (5,1)->(6,2) / b3c2
 Q: (5,1)->(7,3) / b3d1
Possible moves for piece: K:
 K: (7,6)->(7,7) / g1h1

--------------------------------Info on Attacks---------------------------------------------------
Squares attacked by Black pieces:
(0,0) (0,1) (0,3) (0,5) (0,6) (1,2) (1,4) (2,0) (2,1) (2,3) (2,5) (2,6) (2,7) (3,0) (3,3) (3,4) (3,5) (4,1) (4,2) (4,3) (4,5) (4,6) (5,0) (5,7) (6,3) (6,5) (7,0) (7,2) (7,4) 

-------------------------------Squares controlled by the enemy------------------------------------
X X * X * X X * 
* * X * X * * * 
X X * X * X X X 
X * * X X X * * 
* X X X * X X * 
X * * * * * * X 
* * * X * X * * 
X * X * X * * * 

------------------------------Check Information---------------------------------------------------
White King located at: (7,6)
White King is safe, no check at this position.

------------------------------Special Move Information-------------------------------------------
No en passant allowed right now
------------------------------Castling Rights Information-------------------------------------------
White Kingside Castle:  NOT AVAILABLE
White Queenside Castle: NOT AVAILABLE
Black Kingside Castle:  AVAILABLE
Black Queenside Castle: NOT AVAILABLE
---------------------------------------------------------------------------------------------------

========== CAPTURE EXPLORATION ==========
[0] B x n | Potential loss: NO | Score: -320
[1] Q x p | Potential loss: NO | Score: -100
[2] Q x n | Potential loss: NO | Score: -320
[3] R x p | Potential loss: NO | Score: -100
[4] R x p | Potential loss: NO | Score: -100
========================================

========== CHECK EXPLORATION ==========
(no checks found)
======================================
--------------------------------------------------------------------------------------------------
Chosen Move: (7,1) --> (7,3)
 / b1d1

* * r * k * * r 
p p * q * p p p 
* * n * b * * * 
* B b * * * * * 
* * P * * * * * 
* Q * n p * B * 
P p * * * * P P 
* * * R * R K * 

[32;1m[Game] [0mPlayer's error code: 0
[32;1m[Game] [0mChecking move validity...
[32;1m[Board] [0mInitializing board (size: 8)...
[32;1m[Board] [0m32 piece(s) on board.
[32;1m[Board] [0mLoading history file `championship/chessgambit-matex/history.csv`...
[32;1m[Board] [0mLoaded 54 move(s).
[32;1m[Board] [0mHistory replayed, 25 piece(s) on board.
[32;1m[Board] [0mLoading move file `championship/chessgambit-matex/move.csv`...
[32;1m[Board] [0mWhite player is playing b1 to d1.
[32;1m[Board] [0m
[32;1m[Board] [0m     a b c d e f g h
[32;1m[Board] [0m   -------------------
[32;1m[Board] [0m 8 ||[7;1m [0m| |[30;1mr[0m| |[30;1mK[0m| |[7;1m [0m|[30;1mr[0m|| 8
[32;1m[Board] [0m   -------------------
[32;1m[Board] [0m 7 ||[30;1mp[0m|[30;1mp[0m| |[30;1mQ[0m| |[30;1mp[0m|[30;1mp[0m|[30;1mp[0m|| 7
[32;1m[Board] [0m   -------------------
[32;1m[Board] [0m 6 ||[7;1m [0m| |[30;1mk[0m| |[30;1mb[0m| |[7;1m [0m| || 6
[32;1m[Board] [0m   -------------------
[32;1m[Board] [0m 5 || |[0;1mb[0m|[30;1mb[0m|[7;1m [0m| |[7;1m [0m| |[7;1m [0m|| 5
[32;1m[Board] [0m   -------------------
[32;1m[Board] [0m 4 ||[7;1m [0m| |[0;1mp[0m| |[7;1m [0m| |[7;1m [0m| || 4
[32;1m[Board] [0m   -------------------
[32;1m[Board] [0m 3 || |[0;1mQ[0m| |[30;1mk[0m|[30;1mp[0m|[7;1m [0m|[0;1mb[0m|[7;1m [0m|| 3
[32;1m[Board] [0m   -------------------
[32;1m[Board] [0m 2 ||[0;1mp[0m|[30;1mp[0m|[7;1m [0m| |[7;1m [0m| |[0;1mp[0m|[0;1mp[0m|| 2
[32;1m[Board] [0m   -------------------
[32;1m[Board] [0m 1 || |[7;1m [0m| |[0;1mr[0m| |[0;1mr[0m|[0;1mK[0m|[7;1m [0m|| 1
[32;1m[Board] [0m   -------------------
[32;1m[Board] [0m     a b c d e f g h
[32;1m[Board] [0m
[32;1m[Referee] [0mThis is the turn of the Black player...
info depth 1 nodes 1191 score cp 1945 pv e3e2
info depth 2 nodes 3496 score cp 1900 pv e3e2
info depth 3 nodes 17277 score cp 2270 pv e3e2
info depth 4 nodes 61404 score cp 2200 pv e3e2
info depth 5 nodes 211659 score cp 2275 pv e3e2
  a b c d e f g h
8 . . r . k . . r 
7 p p . q . p p p 
6 . . n . b . . . 
5 . B b . . . . . 
4 . . P . . . . . 
3 . Q . n . . B . 
2 P p . . p . P P 
1 . . . R . . K . 
[32;1m[Game] [0mPlayer's error code: 0
[32;1m[Game] [0mChecking move validity...
[32;1m[Board] [0mInitializing board (size: 8)...
[32;1m[Board] [0m32 piece(s) on board.
[32;1m[Board] [0mLoading history file `championship/chessgambit-matex/history.csv`...
[32;1m[Board] [0mLoaded 55 move(s).
[32;1m[Board] [0mHistory replayed, 25 piece(s) on board.
[32;1m[Board] [0mLoading move file `championship/chessgambit-matex/move.csv`...
[32;1m[Board] [0mBlack player is playing e3 to e2.
[32;1m[Board] [0m
[32;1m[Board] [0m     a b c d e f g h
[32;1m[Board] [0m   -------------------
[32;1m[Board] [0m 8 ||[7;1m [0m| |[30;1mr[0m| |[30;1mK[0m| |[7;1m [0m|[30;1mr[0m|| 8
[32;1m[Board] [0m   -------------------
[32;1m[Board] [0m 7 ||[30;1mp[0m|[30;1mp[0m| |[30;1mQ[0m| |[30;1mp[0m|[30;1mp[0m|[30;1mp[0m|| 7
[32;1m[Board] [0m   -------------------
[32;1m[Board] [0m 6 ||[7;1m [0m| |[30;1mk[0m| |[30;1mb[0m| |[7;1m [0m| || 6
[32;1m[Board] [0m   -------------------
[32;1m[Board] [0m 5 || |[0;1mb[0m|[30;1mb[0m|[7;1m [0m| |[7;1m [0m| |[7;1m [0m|| 5
[32;1m[Board] [0m   -------------------
[32;1m[Board] [0m 4 ||[7;1m [0m| |[0;1mp[0m| |[7;1m [0m| |[7;1m [0m| || 4
[32;1m[Board] [0m   -------------------
[32;1m[Board] [0m 3 || |[0;1mQ[0m| |[30;1mk[0m| |[7;1m [0m|[0;1mb[0m|[7;1m [0m|| 3
[32;1m[Board] [0m   -------------------
[32;1m[Board] [0m 2 ||[0;1mp[0m|[30;1mp[0m|[7;1m [0m| |[30;1mp[0m| |[0;1mp[0m|[0;1mp[0m|| 2
[32;1m[Board] [0m   -------------------
[32;1m[Board] [0m 1 || |[7;1m [0m| |[0;1mr[0m| |[0;1mr[0m|[0;1mK[0m|[7;1m [0m|| 1
[32;1m[Board] [0m   -------------------
[32;1m[Board] [0m     a b c d e f g h
[32;1m[Board] [0m
[32;1m[Referee] [0mThis is the turn of the White player...
Inputed Board
Currently playing: White

------------------------------Current Search Space--------------------------------------------
Possible moves for piece: P:
 P: (6,0)->(5,0) / a2a3
 P: (6,0)->(4,0) / a2a4
 P: (6,7)->(5,7) / h2h3
 P: (6,7)->(4,7) / h2h4
Possible moves for piece: R:
 R: (7,3)->(6,3) / d1d2
 R: (7,3)->(5,3) / d1d3
 R: (7,3)->(7,4) / d1e1
 R: (7,3)->(7,2) / d1c1
 R: (7,3)->(7,1) / d1b1
 R: (7,3)->(7,0) / d1a1
 R: (7,5)->(6,5) / f1f2
 R: (7,5)->(5,5) / f1f3
 R: (7,5)->(4,5) / f1f4
 R: (7,5)->(3,5) / f1f5
 R: (7,5)->(2,5) / f1f6
 R: (7,5)->(1,5) / f1f7
 R: (7,5)->(7,4) / f1e1
Possible moves for piece: B:
 B: (3,1)->(2,0) / b5a6
 B: (3,1)->(2,2) / b5c6
 B: (3,1)->(4,0) / b5a4
 B: (5,6)->(4,5) / g3f4
 B: (5,6)->(3,4) / g3e5
 B: (5,6)->(2,3) / g3d6
 B: (5,6)->(1,2) / g3c7
 B: (5,6)->(0,1) / g3b8
 B: (5,6)->(4,7) / g3h4
 B: (5,6)->(6,5) / g3f2
 B: (5,6)->(7,4) / g3e1
Possible moves for piece: Q:
 Q: (5,1)->(6,1) / b3b2
 Q: (5,1)->(4,1) / b3b4
 Q: (5,1)->(5,2) / b3c3
 Q: (5,1)->(5,3) / b3d3
 Q: (5,1)->(5,0) / b3a3
 Q: (5,1)->(4,0) / b3a4
 Q: (5,1)->(6,2) / b3c2
Possible moves for piece: K:
 K: (7,6)->(7,7) / g1h1
 K: (7,6)->(6,5) / g1f2

------------------------------Filtered Search Space--------------------------------------------
Possible moves for piece: R:
 R: (7,5)->(6,5) / f1f2
Possible moves for piece: B:
 B: (5,6)->(6,5) / g3f2
Possible moves for piece: K:
 K: (7,6)->(7,7) / g1h1

--------------------------------Info on Attacks---------------------------------------------------
Squares attacked by Black pieces:
(0,0) (0,1) (0,3) (0,5) (0,6) (1,2) (1,4) (2,0) (2,1) (2,3) (2,5) (2,6) (2,7) (3,0) (3,3) (3,4) (3,5) (4,1) (4,2) (4,3) (4,5) (4,6) (5,0) (5,4) (5,7) (6,5) (7,0) (7,2) (7,3) (7,4) (7,5) (7,6) 

-------------------------------Squares controlled by the enemy------------------------------------
X X * X * X X * 
* * X * X * * * 
X X * X * X X X 
X * * X X X * * 
* X X X * X X * 
X * * * X * * X 
* * * * * X * * 
X * X X X X X * 

------------------------------Check Information---------------------------------------------------
White King located at: (7,6)
White King is in check by b at (3,2)

------------------------------Special Move Information-------------------------------------------
No en passant allowed right now
------------------------------Castling Rights Information-------------------------------------------
White Kingside Castle:  NOT AVAILABLE
White Queenside Castle: NOT AVAILABLE
Black Kingside Castle:  AVAILABLE
Black Queenside Castle: NOT AVAILABLE
---------------------------------------------------------------------------------------------------

========== CAPTURE EXPLORATION ==========
========================================

========== CHECK EXPLORATION ==========
(no checks found)
======================================
--------------------------------------------------------------------------------------------------
Chosen Move: (7,6) --> (7,7)
 / g1h1

* * r * k * * r 
p p * q * p p p 
* * n * b * * * 
* B b * * * * * 
* * P * * * * * 
* Q * n * * B * 
P p * * p * P P 
* * * R * R * K 

[32;1m[Game] [0mPlayer's error code: 0
[32;1m[Game] [0mChecking move validity...
[32;1m[Board] [0mInitializing board (size: 8)...
[32;1m[Board] [0m32 piece(s) on board.
[32;1m[Board] [0mLoading history file `championship/chessgambit-matex/history.csv`...
[32;1m[Board] [0mLoaded 56 move(s).
[32;1m[Board] [0mHistory replayed, 25 piece(s) on board.
[32;1m[Board] [0mLoading move file `championship/chessgambit-matex/move.csv`...
[32;1m[Board] [0mWhite player is playing g1 to h1.
[32;1m[Board] [0m
[32;1m[Board] [0m     a b c d e f g h
[32;1m[Board] [0m   -------------------
[32;1m[Board] [0m 8 ||[7;1m [0m| |[30;1mr[0m| |[30;1mK[0m| |[7;1m [0m|[30;1mr[0m|| 8
[32;1m[Board] [0m   -------------------
[32;1m[Board] [0m 7 ||[30;1mp[0m|[30;1mp[0m| |[30;1mQ[0m| |[30;1mp[0m|[30;1mp[0m|[30;1mp[0m|| 7
[32;1m[Board] [0m   -------------------
[32;1m[Board] [0m 6 ||[7;1m [0m| |[30;1mk[0m| |[30;1mb[0m| |[7;1m [0m| || 6
[32;1m[Board] [0m   -------------------
[32;1m[Board] [0m 5 || |[0;1mb[0m|[30;1mb[0m|[7;1m [0m| |[7;1m [0m| |[7;1m [0m|| 5
[32;1m[Board] [0m   -------------------
[32;1m[Board] [0m 4 ||[7;1m [0m| |[0;1mp[0m| |[7;1m [0m| |[7;1m [0m| || 4
[32;1m[Board] [0m   -------------------
[32;1m[Board] [0m 3 || |[0;1mQ[0m| |[30;1mk[0m| |[7;1m [0m|[0;1mb[0m|[7;1m [0m|| 3
[32;1m[Board] [0m   -------------------
[32;1m[Board] [0m 2 ||[0;1mp[0m|[30;1mp[0m|[7;1m [0m| |[30;1mp[0m| |[0;1mp[0m|[0;1mp[0m|| 2
[32;1m[Board] [0m   -------------------
[32;1m[Board] [0m 1 || |[7;1m [0m| |[0;1mr[0m| |[0;1mr[0m| |[0;1mK[0m|| 1
[32;1m[Board] [0m   -------------------
[32;1m[Board] [0m     a b c d e f g h
[32;1m[Board] [0m
[32;1m[Referee] [0mThis is the turn of the Black player...
info depth 1 nodes 233 score cp 2500 pv d3f2
info depth 2 nodes 1619 score cp 2500 pv d3f2
info depth 3 nodes 7154 score cp 2825 pv e2d1q
info depth 4 nodes 26763 score cp 2800 pv e2d1q
info depth 5 nodes 145671 score cp 19990200 pv e2d1q
  a b c d e f g h
8 . . r . k . . r 
7 p p . q . p p p 
6 . . n . b . . . 
5 . B b . . . . . 
4 . . P . . . . . 
3 . Q . n . . B . 
2 P p . . . . P P 
1 . . . q . . . K 
[32;1m[Game] [0mPlayer's error code: 0
[32;1m[Game] [0mChecking move validity...
[32;1m[Board] [0mInitializing board (size: 8)...
[32;1m[Board] [0m32 piece(s) on board.
[32;1m[Board] [0mLoading history file `championship/chessgambit-matex/history.csv`...
[32;1m[Board] [0mLoaded 57 move(s).
[32;1m[Board] [0mHistory replayed, 25 piece(s) on board.
[32;1m[Board] [0mLoading move file `championship/chessgambit-matex/move.csv`...
[32;1m[Board] [0mBlack player is playing e2 to d1.
[32;1m[Board] [0m[5;1mBlack Pawn is taking White Rook.[0m
[32;1m[Board] [0mPromoting a Black Pawn into a Queen
[32;1m[Board] [0m
[32;1m[Board] [0m     a b c d e f g h
[32;1m[Board] [0m   -------------------
[32;1m[Board] [0m 8 ||[7;1m [0m| |[30;1mr[0m| |[30;1mK[0m| |[7;1m [0m|[30;1mr[0m|| 8
[32;1m[Board] [0m   -------------------
[32;1m[Board] [0m 7 ||[30;1mp[0m|[30;1mp[0m| |[30;1mQ[0m| |[30;1mp[0m|[30;1mp[0m|[30;1mp[0m|| 7
[32;1m[Board] [0m   -------------------
[32;1m[Board] [0m 6 ||[7;1m [0m| |[30;1mk[0m| |[30;1mb[0m| |[7;1m [0m| || 6
[32;1m[Board] [0m   -------------------
[32;1m[Board] [0m 5 || |[0;1mb[0m|[30;1mb[0m|[7;1m [0m| |[7;1m [0m| |[7;1m [0m|| 5
[32;1m[Board] [0m   -------------------
[32;1m[Board] [0m 4 ||[7;1m [0m| |[0;1mp[0m| |[7;1m [0m| |[7;1m [0m| || 4
[32;1m[Board] [0m   -------------------
[32;1m[Board] [0m 3 || |[0;1mQ[0m| |[30;1mk[0m| |[7;1m [0m|[0;1mb[0m|[7;1m [0m|| 3
[32;1m[Board] [0m   -------------------
[32;1m[Board] [0m 2 ||[0;1mp[0m|[30;1mp[0m|[7;1m [0m| |[7;1m [0m| |[0;1mp[0m|[0;1mp[0m|| 2
[32;1m[Board] [0m   -------------------
[32;1m[Board] [0m 1 || |[7;1m [0m| |[30;1mQ[0m| |[0;1mr[0m| |[0;1mK[0m|| 1
[32;1m[Board] [0m   -------------------
[32;1m[Board] [0m     a b c d e f g h
[32;1m[Board] [0m
[32;1m[Referee] [0mThis is the turn of the White player...
Inputed Board
Currently playing: White

------------------------------Current Search Space--------------------------------------------
Possible moves for piece: P:
 P: (6,0)->(5,0) / a2a3
 P: (6,0)->(4,0) / a2a4
 P: (6,7)->(5,7) / h2h3
 P: (6,7)->(4,7) / h2h4
Possible moves for piece: R:
 R: (7,5)->(6,5) / f1f2
 R: (7,5)->(5,5) / f1f3
 R: (7,5)->(4,5) / f1f4
 R: (7,5)->(3,5) / f1f5
 R: (7,5)->(2,5) / f1f6
 R: (7,5)->(1,5) / f1f7
 R: (7,5)->(7,6) / f1g1
 R: (7,5)->(7,4) / f1e1
 R: (7,5)->(7,3) / f1d1
Possible moves for piece: B:
 B: (3,1)->(2,0) / b5a6
 B: (3,1)->(2,2) / b5c6
 B: (3,1)->(4,0) / b5a4
 B: (5,6)->(4,5) / g3f4
 B: (5,6)->(3,4) / g3e5
 B: (5,6)->(2,3) / g3d6
 B: (5,6)->(1,2) / g3c7
 B: (5,6)->(0,1) / g3b8
 B: (5,6)->(4,7) / g3h4
 B: (5,6)->(6,5) / g3f2
 B: (5,6)->(7,4) / g3e1
Possible moves for piece: Q:
 Q: (5,1)->(6,1) / b3b2
 Q: (5,1)->(4,1) / b3b4
 Q: (5,1)->(5,2) / b3c3
 Q: (5,1)->(5,3) / b3d3
 Q: (5,1)->(5,0) / b3a3
 Q: (5,1)->(4,0) / b3a4
 Q: (5,1)->(6,2) / b3c2
 Q: (5,1)->(7,3) / b3d1
Possible moves for piece: K:
 K: (7,7)->(7,6) / h1g1

------------------------------Filtered Search Space--------------------------------------------
Possible moves for piece: P:
 P: (6,0)->(5,0) / a2a3
 P: (6,0)->(4,0) / a2a4
 P: (6,7)->(5,7) / h2h3
 P: (6,7)->(4,7) / h2h4
Possible moves for piece: R:
 R: (7,5)->(7,6) / f1g1
 R: (7,5)->(7,4) / f1e1
 R: (7,5)->(7,3) / f1d1
Possible moves for piece: B:
 B: (3,1)->(2,0) / b5a6
 B: (3,1)->(2,2) / b5c6
 B: (3,1)->(4,0) / b5a4
 B: (5,6)->(4,5) / g3f4
 B: (5,6)->(3,4) / g3e5
 B: (5,6)->(2,3) / g3d6
 B: (5,6)->(1,2) / g3c7
 B: (5,6)->(0,1) / g3b8
 B: (5,6)->(4,7) / g3h4
 B: (5,6)->(6,5) / g3f2
 B: (5,6)->(7,4) / g3e1
Possible moves for piece: Q:
 Q: (5,1)->(6,1) / b3b2
 Q: (5,1)->(4,1) / b3b4
 Q: (5,1)->(5,2) / b3c3
 Q: (5,1)->(5,3) / b3d3
 Q: (5,1)->(5,0) / b3a3
 Q: (5,1)->(4,0) / b3a4
 Q: (5,1)->(6,2) / b3c2
 Q: (5,1)->(7,3) / b3d1

--------------------------------Info on Attacks---------------------------------------------------
Squares attacked by Black pieces:
(0,0) (0,1) (0,3) (0,5) (0,6) (1,2) (1,4) (2,0) (2,1) (2,3) (2,5) (2,6) (2,7) (3,0) (3,3) (3,4) (3,5) (3,7) (4,1) (4,2) (4,3) (4,5) (4,6) (5,0) (5,1) (5,4) (5,5) (5,7) (6,2) (6,3) (6,4) (6,5) (7,0) (7,1) (7,2) (7,4) (7,5) (7,6) 

-------------------------------Squares controlled by the enemy------------------------------------
X X * X * X X * 
* * X * X * * * 
X X * X * X X X 
X * * X X X * X 
* X X X * X X * 
X X * * X X * X 
* * X X X X * * 
X X X * X X X * 

------------------------------Check Information---------------------------------------------------
White King located at: (7,7)
White King is safe, no check at this position.

------------------------------Special Move Information-------------------------------------------
No en passant allowed right now
------------------------------Castling Rights Information-------------------------------------------
White Kingside Castle:  NOT AVAILABLE
White Queenside Castle: NOT AVAILABLE
Black Kingside Castle:  AVAILABLE
Black Queenside Castle: NOT AVAILABLE
---------------------------------------------------------------------------------------------------

========== CAPTURE EXPLORATION ==========
[0] B x n | Potential loss: NO | Score: -320
[1] Q x p | Potential loss: NO | Score: -100
[2] Q x n | Potential loss: NO | Score: -320
[3] Q x q | Potential loss: NO | Score: -900
[4] R x q | Potential loss: NO | Score: -900
========================================

========== CHECK EXPLORATION ==========
(no checks found)
======================================
--------------------------------------------------------------------------------------------------
Chosen Move: (5,6) --> (6,5)
 / g3f2

* * r * k * * r 
p p * q * p p p 
* * n * b * * * 
* B b * * * * * 
* * P * * * * * 
* Q * n * * * * 
P p * * * B P P 
* * * q * R * K 

[32;1m[Game] [0mPlayer's error code: 0
[32;1m[Game] [0mChecking move validity...
[32;1m[Board] [0mInitializing board (size: 8)...
[32;1m[Board] [0m32 piece(s) on board.
[32;1m[Board] [0mLoading history file `championship/chessgambit-matex/history.csv`...
[32;1m[Board] [0mLoaded 58 move(s).
[32;1m[Board] [0mHistory replayed, 24 piece(s) on board.
[32;1m[Board] [0mLoading move file `championship/chessgambit-matex/move.csv`...
[32;1m[Board] [0mWhite player is playing g3 to f2.
[32;1m[Board] [0m
[32;1m[Board] [0m     a b c d e f g h
[32;1m[Board] [0m   -------------------
[32;1m[Board] [0m 8 ||[7;1m [0m| |[30;1mr[0m| |[30;1mK[0m| |[7;1m [0m|[30;1mr[0m|| 8
[32;1m[Board] [0m   -------------------
[32;1m[Board] [0m 7 ||[30;1mp[0m|[30;1mp[0m| |[30;1mQ[0m| |[30;1mp[0m|[30;1mp[0m|[30;1mp[0m|| 7
[32;1m[Board] [0m   -------------------
[32;1m[Board] [0m 6 ||[7;1m [0m| |[30;1mk[0m| |[30;1mb[0m| |[7;1m [0m| || 6
[32;1m[Board] [0m   -------------------
[32;1m[Board] [0m 5 || |[0;1mb[0m|[30;1mb[0m|[7;1m [0m| |[7;1m [0m| |[7;1m [0m|| 5
[32;1m[Board] [0m   -------------------
[32;1m[Board] [0m 4 ||[7;1m [0m| |[0;1mp[0m| |[7;1m [0m| |[7;1m [0m| || 4
[32;1m[Board] [0m   -------------------
[32;1m[Board] [0m 3 || |[0;1mQ[0m| |[30;1mk[0m| |[7;1m [0m| |[7;1m [0m|| 3
[32;1m[Board] [0m   -------------------
[32;1m[Board] [0m 2 ||[0;1mp[0m|[30;1mp[0m|[7;1m [0m| |[7;1m [0m|[0;1mb[0m|[0;1mp[0m|[0;1mp[0m|| 2
[32;1m[Board] [0m   -------------------
[32;1m[Board] [0m 1 || |[7;1m [0m| |[30;1mQ[0m| |[0;1mr[0m| |[0;1mK[0m|| 1
[32;1m[Board] [0m   -------------------
[32;1m[Board] [0m     a b c d e f g h
[32;1m[Board] [0m
[32;1m[Referee] [0mThis is the turn of the Black player...
info depth 1 nodes 376 score cp 19990100 pv d3f2
  a b c d e f g h
8 . . r . k . . r 
7 p p . q . p p p 
6 . . n . b . . . 
5 . B b . . . . . 
4 . . P . . . . . 
3 . Q . . . . . . 
2 P p . . . n P P 
1 . . . q . . . K 
[32;1m[Game] [0mPlayer's error code: 0
[32;1m[Game] [0mChecking move validity...
[32;1m[Board] [0mInitializing board (size: 8)...
[32;1m[Board] [0m32 piece(s) on board.
[32;1m[Board] [0mLoading history file `championship/chessgambit-matex/history.csv`...
[32;1m[Board] [0mLoaded 59 move(s).
[32;1m[Board] [0mHistory replayed, 24 piece(s) on board.
[32;1m[Board] [0mLoading move file `championship/chessgambit-matex/move.csv`...
[32;1m[Board] [0mBlack player is playing d3 to f2.
[32;1m[Board] [0m[5;1mBlack Knight is taking White Bishop.[0m
[32;1m[Board] [0m
[32;1m[Board] [0m     a b c d e f g h
[32;1m[Board] [0m   -------------------
[32;1m[Board] [0m 8 ||[7;1m [0m| |[30;1mr[0m| |[30;1mK[0m| |[7;1m [0m|[30;1mr[0m|| 8
[32;1m[Board] [0m   -------------------
[32;1m[Board] [0m 7 ||[30;1mp[0m|[30;1mp[0m| |[30;1mQ[0m| |[30;1mp[0m|[30;1mp[0m|[30;1mp[0m|| 7
[32;1m[Board] [0m   -------------------
[32;1m[Board] [0m 6 ||[7;1m [0m| |[30;1mk[0m| |[30;1mb[0m| |[7;1m [0m| || 6
[32;1m[Board] [0m   -------------------
[32;1m[Board] [0m 5 || |[0;1mb[0m|[30;1mb[0m|[7;1m [0m| |[7;1m [0m| |[7;1m [0m|| 5
[32;1m[Board] [0m   -------------------
[32;1m[Board] [0m 4 ||[7;1m [0m| |[0;1mp[0m| |[7;1m [0m| |[7;1m [0m| || 4
[32;1m[Board] [0m   -------------------
[32;1m[Board] [0m 3 || |[0;1mQ[0m| |[7;1m [0m| |[7;1m [0m| |[7;1m [0m|| 3
[32;1m[Board] [0m   -------------------
[32;1m[Board] [0m 2 ||[0;1mp[0m|[30;1mp[0m|[7;1m [0m| |[7;1m [0m|[30;1mk[0m|[0;1mp[0m|[0;1mp[0m|| 2
[32;1m[Board] [0m   -------------------
[32;1m[Board] [0m 1 || |[7;1m [0m| |[30;1mQ[0m| |[0;1mr[0m| |[0;1mK[0m|| 1
[32;1m[Board] [0m   -------------------
[32;1m[Board] [0m     a b c d e f g h
[32;1m[Board] [0m
[32;1m[Referee] [0mThis is the turn of the White player...
Inputed Board
Currently playing: White

------------------------------Current Search Space--------------------------------------------
Possible moves for piece: P:
 P: (6,0)->(5,0) / a2a3
 P: (6,0)->(4,0) / a2a4
 P: (6,6)->(5,6) / g2g3
 P: (6,6)->(4,6) / g2g4
 P: (6,7)->(5,7) / h2h3
 P: (6,7)->(4,7) / h2h4
Possible moves for piece: R:
 R: (7,5)->(6,5) / f1f2
 R: (7,5)->(7,6) / f1g1
 R: (7,5)->(7,4) / f1e1
 R: (7,5)->(7,3) / f1d1
Possible moves for piece: B:
 B: (3,1)->(2,0) / b5a6
 B: (3,1)->(2,2) / b5c6
 B: (3,1)->(4,0) / b5a4
Possible moves for piece: Q:
 Q: (5,1)->(6,1) / b3b2
 Q: (5,1)->(4,1) / b3b4
 Q: (5,1)->(5,2) / b3c3
 Q: (5,1)->(5,3) / b3d3
 Q: (5,1)->(5,4) / b3e3
 Q: (5,1)->(5,5) / b3f3
 Q: (5,1)->(5,6) / b3g3
 Q: (5,1)->(5,7) / b3h3
 Q: (5,1)->(5,0) / b3a3
 Q: (5,1)->(4,0) / b3a4
 Q: (5,1)->(6,2) / b3c2
 Q: (5,1)->(7,3) / b3d1
Possible moves for piece: K:
 K: (7,7)->(7,6) / h1g1

------------------------------Filtered Search Space--------------------------------------------
Possible moves for piece: K:
 K: (7,7)->(7,6) / h1g1

--------------------------------Info on Attacks---------------------------------------------------
Squares attacked by Black pieces:
(0,0) (0,1) (0,3) (0,5) (0,6) (1,2) (1,4) (2,0) (2,1) (2,3) (2,5) (2,6) (2,7) (3,0) (3,3) (3,4) (3,5) (3,7) (4,1) (4,2) (4,3) (4,4) (4,6) (5,0) (5,1) (5,3) (5,4) (5,5) (5,7) (6,2) (6,3) (6,4) (7,0) (7,1) (7,2) (7,4) (7,5) (7,7) 

-------------------------------Squares controlled by the enemy------------------------------------
X X * X * X X * 
* * X * X * * * 
X X * X * X X X 
X * * X X X * X 
* X X X X * X * 
X X * X X X * X 
* * X X X * * * 
X X X * X X * X 

------------------------------Check Information---------------------------------------------------
White King located at: (7,7)
White King is in check by n at (6,5)

------------------------------Special Move Information-------------------------------------------
No en passant allowed right now
------------------------------Castling Rights Information-------------------------------------------
White Kingside Castle:  NOT AVAILABLE
White Queenside Castle: NOT AVAILABLE
Black Kingside Castle:  AVAILABLE
Black Queenside Castle: NOT AVAILABLE
---------------------------------------------------------------------------------------------------

========== CAPTURE EXPLORATION ==========
========================================

========== CHECK EXPLORATION ==========
(no checks found)
======================================
--------------------------------------------------------------------------------------------------
Chosen Move: (7,7) --> (7,6)
 / h1g1

* * r * k * * r 
p p * q * p p p 
* * n * b * * * 
* B b * * * * * 
* * P * * * * * 
* Q * * * * * * 
P p * * * n P P 
* * * q * R K * 

[32;1m[Game] [0mPlayer's error code: 0
[32;1m[Game] [0mChecking move validity...
[32;1m[Board] [0mInitializing board (size: 8)...
[32;1m[Board] [0m32 piece(s) on board.
[32;1m[Board] [0mLoading history file `championship/chessgambit-matex/history.csv`...
[32;1m[Board] [0mLoaded 60 move(s).
[32;1m[Board] [0mHistory replayed, 23 piece(s) on board.
[32;1m[Board] [0mLoading move file `championship/chessgambit-matex/move.csv`...
[32;1m[Board] [0mWhite player is playing h1 to g1.
[32;1m[Board] [0m
[32;1m[Board] [0m     a b c d e f g h
[32;1m[Board] [0m   -------------------
[32;1m[Board] [0m 8 ||[7;1m [0m| |[30;1mr[0m| |[30;1mK[0m| |[7;1m [0m|[30;1mr[0m|| 8
[32;1m[Board] [0m   -------------------
[32;1m[Board] [0m 7 ||[30;1mp[0m|[30;1mp[0m| |[30;1mQ[0m| |[30;1mp[0m|[30;1mp[0m|[30;1mp[0m|| 7
[32;1m[Board] [0m   -------------------
[32;1m[Board] [0m 6 ||[7;1m [0m| |[30;1mk[0m| |[30;1mb[0m| |[7;1m [0m| || 6
[32;1m[Board] [0m   -------------------
[32;1m[Board] [0m 5 || |[0;1mb[0m|[30;1mb[0m|[7;1m [0m| |[7;1m [0m| |[7;1m [0m|| 5
[32;1m[Board] [0m   -------------------
[32;1m[Board] [0m 4 ||[7;1m [0m| |[0;1mp[0m| |[7;1m [0m| |[7;1m [0m| || 4
[32;1m[Board] [0m   -------------------
[32;1m[Board] [0m 3 || |[0;1mQ[0m| |[7;1m [0m| |[7;1m [0m| |[7;1m [0m|| 3
[32;1m[Board] [0m   -------------------
[32;1m[Board] [0m 2 ||[0;1mp[0m|[30;1mp[0m|[7;1m [0m| |[7;1m [0m|[30;1mk[0m|[0;1mp[0m|[0;1mp[0m|| 2
[32;1m[Board] [0m   -------------------
[32;1m[Board] [0m 1 || |[7;1m [0m| |[30;1mQ[0m| |[0;1mr[0m|[0;1mK[0m|[7;1m [0m|| 1
[32;1m[Board] [0m   -------------------
[32;1m[Board] [0m     a b c d e f g h
[32;1m[Board] [0m
[32;1m[Referee] [0mThis is the turn of the Black player...
info depth 1 nodes 305 score cp 19990100 pv d1g1
  a b c d e f g h
8 . . r . k . . r 
7 p p . q . p p p 
6 . . n . b . . . 
5 . B b . . . . . 
4 . . P . . . . . 
3 . Q . . . . . . 
2 P p . . . n P P 
1 . . . . . . q . 
[32;1m[Game] [0mPlayer's error code: 0
[32;1m[Game] [0mChecking move validity...
[32;1m[Board] [0mInitializing board (size: 8)...
[32;1m[Board] [0m32 piece(s) on board.
[32;1m[Board] [0mLoading history file `championship/chessgambit-matex/history.csv`...
[32;1m[Board] [0mLoaded 61 move(s).
[32;1m[Board] [0mHistory replayed, 23 piece(s) on board.
[32;1m[Board] [0mLoading move file `championship/chessgambit-matex/move.csv`...
[32;1m[Board] [0mBlack player is playing d1 to g1.
[32;1m[Board] [0mWhite Rook (f1) is blocking the move :(
[32;1m[Referee] [0mInvalid move (code: -7) :(
[32;1m[Game] [0mBlack player has lost on illegal move.
