[32;1m[Board] [0mInitializing board...
[32;1m[Board] [0m
[32;1m[Board] [0m    a b c d e f g h 
[32;1m[Board] [0m  -------------------
[32;1m[Board] [0m8 ||[30;1mr[0m|[30;1mk[0m|[30;1mb[0m|[30;1mQ[0m|[30;1mK[0m|[30;1mb[0m|[30;1mk[0m|[30;1mr[0m|| 8
[32;1m[Board] [0m  -------------------
[32;1m[Board] [0m7 ||[30;1mp[0m|[30;1mp[0m|[30;1mp[0m|[30;1mp[0m|[30;1mp[0m|[30;1mp[0m|[30;1mp[0m|[30;1mp[0m|| 7
[32;1m[Board] [0m  -------------------
[32;1m[Board] [0m6 ||[7;1m [0m| |[7;1m [0m| |[7;1m [0m| |[7;1m [0m| || 6
[32;1m[Board] [0m  -------------------
[32;1m[Board] [0m5 || |[7;1m [0m| |[7;1m [0m| |[7;1m [0m| |[7;1m [0m|| 5
[32;1m[Board] [0m  -------------------
[32;1m[Board] [0m4 ||[7;1m [0m| |[7;1m [0m| |[7;1m [0m| |[7;1m [0m| || 4
[32;1m[Board] [0m  -------------------
[32;1m[Board] [0m3 || |[7;1m [0m| |[7;1m [0m| |[7;1m [0m| |[7;1m [0m|| 3
[32;1m[Board] [0m  -------------------
[32;1m[Board] [0m2 ||[0;1mp[0m|[0;1mp[0m|[0;1mp[0m|[0;1mp[0m|[0;1mp[0m|[0;1mp[0m|[0;1mp[0m|[0;1mp[0m|| 2
[32;1m[Board] [0m  -------------------
[32;1m[Board] [0m1 ||[0;1mr[0m|[0;1mk[0m|[0;1mb[0m|[0;1mQ[0m|[0;1mK[0m|[0;1mb[0m|[0;1mk[0m|[0;1mr[0m|| 1
[32;1m[Board] [0m  -------------------
[32;1m[Board] [0m    a b c d e f g h
[32;1m[Board] [0m
[32;1m[Referee] [0mThis is the turn of the White player...
Position after history:

  +-----------------+
8 | r n b q k b n r |
7 | p p p p p p p p |
6 | . . . . . . . . |
5 | . . . . . . . . |
4 | . . . . . . . . |
3 | . . . . . . . . |
2 | P P P P P P P P |
1 | R N B Q K B N R |
  +-----------------+
    a b c d e f g h
Side to move: White
Next move: b1c3 (score: 10)
[32;1m[Game] [0mPlayer's error code: 0
[32;1m[Game] [0mChecking move validity...
[32;1m[Board] [0mInitializing board...
[32;1m[Board] [0mLoading history file `stats/White/game-26/history.csv`...
[32;1m[Board] [0mLoaded 0 move(s).
[32;1m[Board] [0mLoading move file `stats/White/game-26/move.csv`...
[32;1m[Board] [0mWhite player is playing b1 to c3.
[32;1m[Board] [0m
[32;1m[Board] [0m    a b c d e f g h 
[32;1m[Board] [0m  -------------------
[32;1m[Board] [0m8 ||[30;1mr[0m|[30;1mk[0m|[30;1mb[0m|[30;1mQ[0m|[30;1mK[0m|[30;1mb[0m|[30;1mk[0m|[30;1mr[0m|| 8
[32;1m[Board] [0m  -------------------
[32;1m[Board] [0m7 ||[30;1mp[0m|[30;1mp[0m|[30;1mp[0m|[30;1mp[0m|[30;1mp[0m|[30;1mp[0m|[30;1mp[0m|[30;1mp[0m|| 7
[32;1m[Board] [0m  -------------------
[32;1m[Board] [0m6 ||[7;1m [0m| |[7;1m [0m| |[7;1m [0m| |[7;1m [0m| || 6
[32;1m[Board] [0m  -------------------
[32;1m[Board] [0m5 || |[7;1m [0m| |[7;1m [0m| |[7;1m [0m| |[7;1m [0m|| 5
[32;1m[Board] [0m  -------------------
[32;1m[Board] [0m4 ||[7;1m [0m| |[7;1m [0m| |[7;1m [0m| |[7;1m [0m| || 4
[32;1m[Board] [0m  -------------------
[32;1m[Board] [0m3 || |[7;1m [0m|[0;1mk[0m|[7;1m [0m| |[7;1m [0m| |[7;1m [0m|| 3
[32;1m[Board] [0m  -------------------
[32;1m[Board] [0m2 ||[0;1mp[0m|[0;1mp[0m|[0;1mp[0m|[0;1mp[0m|[0;1mp[0m|[0;1mp[0m|[0;1mp[0m|[0;1mp[0m|| 2
[32;1m[Board] [0m  -------------------
[32;1m[Board] [0m1 ||[0;1mr[0m|[7;1m [0m|[0;1mb[0m|[0;1mQ[0m|[0;1mK[0m|[0;1mb[0m|[0;1mk[0m|[0;1mr[0m|| 1
[32;1m[Board] [0m  -------------------
[32;1m[Board] [0m    a b c d e f g h
[32;1m[Board] [0m
[32;1m[Referee] [0mThis is the turn of the Black player...
[32;1m[Board] [0mInitializing board...
[32;1m[Board] [0mLoading history file `stats/White/game-26/history.csv`...
[32;1m[Board] [0mLoaded 1 move(s).
[32;1m[RandomPlayer] [0mComputing possible moves...
[32;1m[RandomPlayer] [0m20 possible move(s)
[32;1m[RandomPlayer] [0mPlaying random move 1 out of 20
[32;1m[Game] [0mPlayer's error code: 0
[32;1m[Game] [0mChecking move validity...
[32;1m[Board] [0mInitializing board...
[32;1m[Board] [0mLoading history file `stats/White/game-26/history.csv`...
[32;1m[Board] [0mLoaded 1 move(s).
[32;1m[Board] [0mLoading move file `stats/White/game-26/move.csv`...
[32;1m[Board] [0mBlack player is playing a7 to a5.
[32;1m[Board] [0m
[32;1m[Board] [0m    a b c d e f g h 
[32;1m[Board] [0m  -------------------
[32;1m[Board] [0m8 ||[30;1mr[0m|[30;1mk[0m|[30;1mb[0m|[30;1mQ[0m|[30;1mK[0m|[30;1mb[0m|[30;1mk[0m|[30;1mr[0m|| 8
[32;1m[Board] [0m  -------------------
[32;1m[Board] [0m7 || |[30;1mp[0m|[30;1mp[0m|[30;1mp[0m|[30;1mp[0m|[30;1mp[0m|[30;1mp[0m|[30;1mp[0m|| 7
[32;1m[Board] [0m  -------------------
[32;1m[Board] [0m6 ||[7;1m [0m| |[7;1m [0m| |[7;1m [0m| |[7;1m [0m| || 6
[32;1m[Board] [0m  -------------------
[32;1m[Board] [0m5 ||[30;1mp[0m|[7;1m [0m| |[7;1m [0m| |[7;1m [0m| |[7;1m [0m|| 5
[32;1m[Board] [0m  -------------------
[32;1m[Board] [0m4 ||[7;1m [0m| |[7;1m [0m| |[7;1m [0m| |[7;1m [0m| || 4
[32;1m[Board] [0m  -------------------
[32;1m[Board] [0m3 || |[7;1m [0m|[0;1mk[0m|[7;1m [0m| |[7;1m [0m| |[7;1m [0m|| 3
[32;1m[Board] [0m  -------------------
[32;1m[Board] [0m2 ||[0;1mp[0m|[0;1mp[0m|[0;1mp[0m|[0;1mp[0m|[0;1mp[0m|[0;1mp[0m|[0;1mp[0m|[0;1mp[0m|| 2
[32;1m[Board] [0m  -------------------
[32;1m[Board] [0m1 ||[0;1mr[0m|[7;1m [0m|[0;1mb[0m|[0;1mQ[0m|[0;1mK[0m|[0;1mb[0m|[0;1mk[0m|[0;1mr[0m|| 1
[32;1m[Board] [0m  -------------------
[32;1m[Board] [0m    a b c d e f g h
[32;1m[Board] [0m
[32;1m[Referee] [0mThis is the turn of the White player...
Position after history:

  +-----------------+
8 | r n b q k b n r |
7 | . p p p p p p p |
6 | . . . . . . . . |
5 | p . . . . . . . |
4 | . . . . . . . . |
3 | . . N . . . . . |
2 | P P P P P P P P |
1 | R . B Q K B N R |
  +-----------------+
    a b c d e f g h
Side to move: White
Next move: g1f3 (score: 65)
[32;1m[Game] [0mPlayer's error code: 0
[32;1m[Game] [0mChecking move validity...
[32;1m[Board] [0mInitializing board...
[32;1m[Board] [0mLoading history file `stats/White/game-26/history.csv`...
[32;1m[Board] [0mLoaded 2 move(s).
[32;1m[Board] [0mLoading move file `stats/White/game-26/move.csv`...
[32;1m[Board] [0mWhite player is playing g1 to f3.
[32;1m[Board] [0m
[32;1m[Board] [0m    a b c d e f g h 
[32;1m[Board] [0m  -------------------
[32;1m[Board] [0m8 ||[30;1mr[0m|[30;1mk[0m|[30;1mb[0m|[30;1mQ[0m|[30;1mK[0m|[30;1mb[0m|[30;1mk[0m|[30;1mr[0m|| 8
[32;1m[Board] [0m  -------------------
[32;1m[Board] [0m7 || |[30;1mp[0m|[30;1mp[0m|[30;1mp[0m|[30;1mp[0m|[30;1mp[0m|[30;1mp[0m|[30;1mp[0m|| 7
[32;1m[Board] [0m  -------------------
[32;1m[Board] [0m6 ||[7;1m [0m| |[7;1m [0m| |[7;1m [0m| |[7;1m [0m| || 6
[32;1m[Board] [0m  -------------------
[32;1m[Board] [0m5 ||[30;1mp[0m|[7;1m [0m| |[7;1m [0m| |[7;1m [0m| |[7;1m [0m|| 5
[32;1m[Board] [0m  -------------------
[32;1m[Board] [0m4 ||[7;1m [0m| |[7;1m [0m| |[7;1m [0m| |[7;1m [0m| || 4
[32;1m[Board] [0m  -------------------
[32;1m[Board] [0m3 || |[7;1m [0m|[0;1mk[0m|[7;1m [0m| |[0;1mk[0m| |[7;1m [0m|| 3
[32;1m[Board] [0m  -------------------
[32;1m[Board] [0m2 ||[0;1mp[0m|[0;1mp[0m|[0;1mp[0m|[0;1mp[0m|[0;1mp[0m|[0;1mp[0m|[0;1mp[0m|[0;1mp[0m|| 2
[32;1m[Board] [0m  -------------------
[32;1m[Board] [0m1 ||[0;1mr[0m|[7;1m [0m|[0;1mb[0m|[0;1mQ[0m|[0;1mK[0m|[0;1mb[0m| |[0;1mr[0m|| 1
[32;1m[Board] [0m  -------------------
[32;1m[Board] [0m    a b c d e f g h
[32;1m[Board] [0m
[32;1m[Referee] [0mThis is the turn of the Black player...
[32;1m[Board] [0mInitializing board...
[32;1m[Board] [0mLoading history file `stats/White/game-26/history.csv`...
[32;1m[Board] [0mLoaded 3 move(s).
[32;1m[RandomPlayer] [0mComputing possible moves...
[32;1m[RandomPlayer] [0m21 possible move(s)
[32;1m[RandomPlayer] [0mPlaying random move 13 out of 21
[32;1m[Game] [0mPlayer's error code: 0
[32;1m[Game] [0mChecking move validity...
[32;1m[Board] [0mInitializing board...
[32;1m[Board] [0mLoading history file `stats/White/game-26/history.csv`...
[32;1m[Board] [0mLoaded 3 move(s).
[32;1m[Board] [0mLoading move file `stats/White/game-26/move.csv`...
[32;1m[Board] [0mBlack player is playing h7 to h6.
[32;1m[Board] [0m
[32;1m[Board] [0m    a b c d e f g h 
[32;1m[Board] [0m  -------------------
[32;1m[Board] [0m8 ||[30;1mr[0m|[30;1mk[0m|[30;1mb[0m|[30;1mQ[0m|[30;1mK[0m|[30;1mb[0m|[30;1mk[0m|[30;1mr[0m|| 8
[32;1m[Board] [0m  -------------------
[32;1m[Board] [0m7 || |[30;1mp[0m|[30;1mp[0m|[30;1mp[0m|[30;1mp[0m|[30;1mp[0m|[30;1mp[0m|[7;1m [0m|| 7
[32;1m[Board] [0m  -------------------
[32;1m[Board] [0m6 ||[7;1m [0m| |[7;1m [0m| |[7;1m [0m| |[7;1m [0m|[30;1mp[0m|| 6
[32;1m[Board] [0m  -------------------
[32;1m[Board] [0m5 ||[30;1mp[0m|[7;1m [0m| |[7;1m [0m| |[7;1m [0m| |[7;1m [0m|| 5
[32;1m[Board] [0m  -------------------
[32;1m[Board] [0m4 ||[7;1m [0m| |[7;1m [0m| |[7;1m [0m| |[7;1m [0m| || 4
[32;1m[Board] [0m  -------------------
[32;1m[Board] [0m3 || |[7;1m [0m|[0;1mk[0m|[7;1m [0m| |[0;1mk[0m| |[7;1m [0m|| 3
[32;1m[Board] [0m  -------------------
[32;1m[Board] [0m2 ||[0;1mp[0m|[0;1mp[0m|[0;1mp[0m|[0;1mp[0m|[0;1mp[0m|[0;1mp[0m|[0;1mp[0m|[0;1mp[0m|| 2
[32;1m[Board] [0m  -------------------
[32;1m[Board] [0m1 ||[0;1mr[0m|[7;1m [0m|[0;1mb[0m|[0;1mQ[0m|[0;1mK[0m|[0;1mb[0m| |[0;1mr[0m|| 1
[32;1m[Board] [0m  -------------------
[32;1m[Board] [0m    a b c d e f g h
[32;1m[Board] [0m
[32;1m[Referee] [0mThis is the turn of the White player...
Position after history:

  +-----------------+
8 | r n b q k b n r |
7 | . p p p p p p . |
6 | . . . . . . . p |
5 | p . . . . . . . |
4 | . . . . . . . . |
3 | . . N . . N . . |
2 | P P P P P P P P |
1 | R . B Q K B . R |
  +-----------------+
    a b c d e f g h
Side to move: White
Next move: c3e4 (score: 105)
[32;1m[Game] [0mPlayer's error code: 0
[32;1m[Game] [0mChecking move validity...
[32;1m[Board] [0mInitializing board...
[32;1m[Board] [0mLoading history file `stats/White/game-26/history.csv`...
[32;1m[Board] [0mLoaded 4 move(s).
[32;1m[Board] [0mLoading move file `stats/White/game-26/move.csv`...
[32;1m[Board] [0mWhite player is playing c3 to e4.
[32;1m[Board] [0m
[32;1m[Board] [0m    a b c d e f g h 
[32;1m[Board] [0m  -------------------
[32;1m[Board] [0m8 ||[30;1mr[0m|[30;1mk[0m|[30;1mb[0m|[30;1mQ[0m|[30;1mK[0m|[30;1mb[0m|[30;1mk[0m|[30;1mr[0m|| 8
[32;1m[Board] [0m  -------------------
[32;1m[Board] [0m7 || |[30;1mp[0m|[30;1mp[0m|[30;1mp[0m|[30;1mp[0m|[30;1mp[0m|[30;1mp[0m|[7;1m [0m|| 7
[32;1m[Board] [0m  -------------------
[32;1m[Board] [0m6 ||[7;1m [0m| |[7;1m [0m| |[7;1m [0m| |[7;1m [0m|[30;1mp[0m|| 6
[32;1m[Board] [0m  -------------------
[32;1m[Board] [0m5 ||[30;1mp[0m|[7;1m [0m| |[7;1m [0m| |[7;1m [0m| |[7;1m [0m|| 5
[32;1m[Board] [0m  -------------------
[32;1m[Board] [0m4 ||[7;1m [0m| |[7;1m [0m| |[0;1mk[0m| |[7;1m [0m| || 4
[32;1m[Board] [0m  -------------------
[32;1m[Board] [0m3 || |[7;1m [0m| |[7;1m [0m| |[0;1mk[0m| |[7;1m [0m|| 3
[32;1m[Board] [0m  -------------------
[32;1m[Board] [0m2 ||[0;1mp[0m|[0;1mp[0m|[0;1mp[0m|[0;1mp[0m|[0;1mp[0m|[0;1mp[0m|[0;1mp[0m|[0;1mp[0m|| 2
[32;1m[Board] [0m  -------------------
[32;1m[Board] [0m1 ||[0;1mr[0m|[7;1m [0m|[0;1mb[0m|[0;1mQ[0m|[0;1mK[0m|[0;1mb[0m| |[0;1mr[0m|| 1
[32;1m[Board] [0m  -------------------
[32;1m[Board] [0m    a b c d e f g h
[32;1m[Board] [0m
[32;1m[Referee] [0mThis is the turn of the Black player...
[32;1m[Board] [0mInitializing board...
[32;1m[Board] [0mLoading history file `stats/White/game-26/history.csv`...
[32;1m[Board] [0mLoaded 5 move(s).
[32;1m[RandomPlayer] [0mComputing possible moves...
[32;1m[RandomPlayer] [0m20 possible move(s)
[32;1m[RandomPlayer] [0mPlaying random move 15 out of 20
[32;1m[Game] [0mPlayer's error code: 0
[32;1m[Game] [0mChecking move validity...
[32;1m[Board] [0mInitializing board...
[32;1m[Board] [0mLoading history file `stats/White/game-26/history.csv`...
[32;1m[Board] [0mLoaded 5 move(s).
[32;1m[Board] [0mLoading move file `stats/White/game-26/move.csv`...
[32;1m[Board] [0mBlack player is playing a8 to a6.
[32;1m[Board] [0m
[32;1m[Board] [0m    a b c d e f g h 
[32;1m[Board] [0m  -------------------
[32;1m[Board] [0m8 ||[7;1m [0m|[30;1mk[0m|[30;1mb[0m|[30;1mQ[0m|[30;1mK[0m|[30;1mb[0m|[30;1mk[0m|[30;1mr[0m|| 8
[32;1m[Board] [0m  -------------------
[32;1m[Board] [0m7 || |[30;1mp[0m|[30;1mp[0m|[30;1mp[0m|[30;1mp[0m|[30;1mp[0m|[30;1mp[0m|[7;1m [0m|| 7
[32;1m[Board] [0m  -------------------
[32;1m[Board] [0m6 ||[30;1mr[0m| |[7;1m [0m| |[7;1m [0m| |[7;1m [0m|[30;1mp[0m|| 6
[32;1m[Board] [0m  -------------------
[32;1m[Board] [0m5 ||[30;1mp[0m|[7;1m [0m| |[7;1m [0m| |[7;1m [0m| |[7;1m [0m|| 5
[32;1m[Board] [0m  -------------------
[32;1m[Board] [0m4 ||[7;1m [0m| |[7;1m [0m| |[0;1mk[0m| |[7;1m [0m| || 4
[32;1m[Board] [0m  -------------------
[32;1m[Board] [0m3 || |[7;1m [0m| |[7;1m [0m| |[0;1mk[0m| |[7;1m [0m|| 3
[32;1m[Board] [0m  -------------------
[32;1m[Board] [0m2 ||[0;1mp[0m|[0;1mp[0m|[0;1mp[0m|[0;1mp[0m|[0;1mp[0m|[0;1mp[0m|[0;1mp[0m|[0;1mp[0m|| 2
[32;1m[Board] [0m  -------------------
[32;1m[Board] [0m1 ||[0;1mr[0m|[7;1m [0m|[0;1mb[0m|[0;1mQ[0m|[0;1mK[0m|[0;1mb[0m| |[0;1mr[0m|| 1
[32;1m[Board] [0m  -------------------
[32;1m[Board] [0m    a b c d e f g h
[32;1m[Board] [0m
[32;1m[Referee] [0mThis is the turn of the White player...
Position after history:

  +-----------------+
8 | . n b q k b n r |
7 | . p p p p p p . |
6 | r . . . . . . p |
5 | p . . . . . . . |
4 | . . . . N . . . |
3 | . . . . . N . . |
2 | P P P P P P P P |
1 | R . B Q K B . R |
  +-----------------+
    a b c d e f g h
Side to move: White
Next move: f3d4 (score: 65)
[32;1m[Game] [0mPlayer's error code: 0
[32;1m[Game] [0mChecking move validity...
[32;1m[Board] [0mInitializing board...
[32;1m[Board] [0mLoading history file `stats/White/game-26/history.csv`...
[32;1m[Board] [0mLoaded 6 move(s).
[32;1m[Board] [0mLoading move file `stats/White/game-26/move.csv`...
[32;1m[Board] [0mWhite player is playing f3 to d4.
[32;1m[Board] [0m
[32;1m[Board] [0m    a b c d e f g h 
[32;1m[Board] [0m  -------------------
[32;1m[Board] [0m8 ||[7;1m [0m|[30;1mk[0m|[30;1mb[0m|[30;1mQ[0m|[30;1mK[0m|[30;1mb[0m|[30;1mk[0m|[30;1mr[0m|| 8
[32;1m[Board] [0m  -------------------
[32;1m[Board] [0m7 || |[30;1mp[0m|[30;1mp[0m|[30;1mp[0m|[30;1mp[0m|[30;1mp[0m|[30;1mp[0m|[7;1m [0m|| 7
[32;1m[Board] [0m  -------------------
[32;1m[Board] [0m6 ||[30;1mr[0m| |[7;1m [0m| |[7;1m [0m| |[7;1m [0m|[30;1mp[0m|| 6
[32;1m[Board] [0m  -------------------
[32;1m[Board] [0m5 ||[30;1mp[0m|[7;1m [0m| |[7;1m [0m| |[7;1m [0m| |[7;1m [0m|| 5
[32;1m[Board] [0m  -------------------
[32;1m[Board] [0m4 ||[7;1m [0m| |[7;1m [0m|[0;1mk[0m|[0;1mk[0m| |[7;1m [0m| || 4
[32;1m[Board] [0m  -------------------
[32;1m[Board] [0m3 || |[7;1m [0m| |[7;1m [0m| |[7;1m [0m| |[7;1m [0m|| 3
[32;1m[Board] [0m  -------------------
[32;1m[Board] [0m2 ||[0;1mp[0m|[0;1mp[0m|[0;1mp[0m|[0;1mp[0m|[0;1mp[0m|[0;1mp[0m|[0;1mp[0m|[0;1mp[0m|| 2
[32;1m[Board] [0m  -------------------
[32;1m[Board] [0m1 ||[0;1mr[0m|[7;1m [0m|[0;1mb[0m|[0;1mQ[0m|[0;1mK[0m|[0;1mb[0m| |[0;1mr[0m|| 1
[32;1m[Board] [0m  -------------------
[32;1m[Board] [0m    a b c d e f g h
[32;1m[Board] [0m
[32;1m[Referee] [0mThis is the turn of the Black player...
[32;1m[Board] [0mInitializing board...
[32;1m[Board] [0mLoading history file `stats/White/game-26/history.csv`...
[32;1m[Board] [0mLoaded 7 move(s).
[32;1m[RandomPlayer] [0mComputing possible moves...
[32;1m[RandomPlayer] [0m25 possible move(s)
[32;1m[RandomPlayer] [0mPlaying random move 16 out of 25
[32;1m[Game] [0mPlayer's error code: 0
[32;1m[Game] [0mChecking move validity...
[32;1m[Board] [0mInitializing board...
[32;1m[Board] [0mLoading history file `stats/White/game-26/history.csv`...
[32;1m[Board] [0mLoaded 7 move(s).
[32;1m[Board] [0mLoading move file `stats/White/game-26/move.csv`...
[32;1m[Board] [0mBlack player is playing a6 to d6.
[32;1m[Board] [0m
[32;1m[Board] [0m    a b c d e f g h 
[32;1m[Board] [0m  -------------------
[32;1m[Board] [0m8 ||[7;1m [0m|[30;1mk[0m|[30;1mb[0m|[30;1mQ[0m|[30;1mK[0m|[30;1mb[0m|[30;1mk[0m|[30;1mr[0m|| 8
[32;1m[Board] [0m  -------------------
[32;1m[Board] [0m7 || |[30;1mp[0m|[30;1mp[0m|[30;1mp[0m|[30;1mp[0m|[30;1mp[0m|[30;1mp[0m|[7;1m [0m|| 7
[32;1m[Board] [0m  -------------------
[32;1m[Board] [0m6 ||[7;1m [0m| |[7;1m [0m|[30;1mr[0m|[7;1m [0m| |[7;1m [0m|[30;1mp[0m|| 6
[32;1m[Board] [0m  -------------------
[32;1m[Board] [0m5 ||[30;1mp[0m|[7;1m [0m| |[7;1m [0m| |[7;1m [0m| |[7;1m [0m|| 5
[32;1m[Board] [0m  -------------------
[32;1m[Board] [0m4 ||[7;1m [0m| |[7;1m [0m|[0;1mk[0m|[0;1mk[0m| |[7;1m [0m| || 4
[32;1m[Board] [0m  -------------------
[32;1m[Board] [0m3 || |[7;1m [0m| |[7;1m [0m| |[7;1m [0m| |[7;1m [0m|| 3
[32;1m[Board] [0m  -------------------
[32;1m[Board] [0m2 ||[0;1mp[0m|[0;1mp[0m|[0;1mp[0m|[0;1mp[0m|[0;1mp[0m|[0;1mp[0m|[0;1mp[0m|[0;1mp[0m|| 2
[32;1m[Board] [0m  -------------------
[32;1m[Board] [0m1 ||[0;1mr[0m|[7;1m [0m|[0;1mb[0m|[0;1mQ[0m|[0;1mK[0m|[0;1mb[0m| |[0;1mr[0m|| 1
[32;1m[Board] [0m  -------------------
[32;1m[Board] [0m    a b c d e f g h
[32;1m[Board] [0m
[32;1m[Referee] [0mThis is the turn of the White player...
Position after history:

  +-----------------+
8 | . n b q k b n r |
7 | . p p p p p p . |
6 | . . . r . . . p |
5 | p . . . . . . . |
4 | . . . N N . . . |
3 | . . . . . . . . |
2 | P P P P P P P P |
1 | R . B Q K B . R |
  +-----------------+
    a b c d e f g h
Side to move: White
Next move: e4d6 (score: 375)
[32;1m[Game] [0mPlayer's error code: 0
[32;1m[Game] [0mChecking move validity...
[32;1m[Board] [0mInitializing board...
[32;1m[Board] [0mLoading history file `stats/White/game-26/history.csv`...
[32;1m[Board] [0mLoaded 8 move(s).
[32;1m[Board] [0mLoading move file `stats/White/game-26/move.csv`...
[32;1m[Board] [0mWhite player is playing e4 to d6.
[32;1m[Board] [0m[5;1mWhite Knight is taking Black Rook.[0m
[32;1m[Board] [0m
[32;1m[Board] [0m    a b c d e f g h 
[32;1m[Board] [0m  -------------------
[32;1m[Board] [0m8 ||[7;1m [0m|[30;1mk[0m|[30;1mb[0m|[30;1mQ[0m|[30;1mK[0m|[30;1mb[0m|[30;1mk[0m|[30;1mr[0m|| 8
[32;1m[Board] [0m  -------------------
[32;1m[Board] [0m7 || |[30;1mp[0m|[30;1mp[0m|[30;1mp[0m|[30;1mp[0m|[30;1mp[0m|[30;1mp[0m|[7;1m [0m|| 7
[32;1m[Board] [0m  -------------------
[32;1m[Board] [0m6 ||[7;1m [0m| |[7;1m [0m|[0;1mk[0m|[7;1m [0m| |[7;1m [0m|[30;1mp[0m|| 6
[32;1m[Board] [0m  -------------------
[32;1m[Board] [0m5 ||[30;1mp[0m|[7;1m [0m| |[7;1m [0m| |[7;1m [0m| |[7;1m [0m|| 5
[32;1m[Board] [0m  -------------------
[32;1m[Board] [0m4 ||[7;1m [0m| |[7;1m [0m|[0;1mk[0m|[7;1m [0m| |[7;1m [0m| || 4
[32;1m[Board] [0m  -------------------
[32;1m[Board] [0m3 || |[7;1m [0m| |[7;1m [0m| |[7;1m [0m| |[7;1m [0m|| 3
[32;1m[Board] [0m  -------------------
[32;1m[Board] [0m2 ||[0;1mp[0m|[0;1mp[0m|[0;1mp[0m|[0;1mp[0m|[0;1mp[0m|[0;1mp[0m|[0;1mp[0m|[0;1mp[0m|| 2
[32;1m[Board] [0m  -------------------
[32;1m[Board] [0m1 ||[0;1mr[0m|[7;1m [0m|[0;1mb[0m|[0;1mQ[0m|[0;1mK[0m|[0;1mb[0m| |[0;1mr[0m|| 1
[32;1m[Board] [0m  -------------------
[32;1m[Board] [0m    a b c d e f g h
[32;1m[Board] [0m
[32;1m[Referee] [0mThis is the turn of the Black player...
[32;1m[Board] [0mInitializing board...
[32;1m[Board] [0mLoading history file `stats/White/game-26/history.csv`...
[32;1m[Board] [0mLoaded 9 move(s).
[32;1m[RandomPlayer] [0mComputing possible moves...
[32;1m[RandomPlayer] [0m2 possible move(s)
[32;1m[RandomPlayer] [0mPlaying random move 0 out of 2
[32;1m[Game] [0mPlayer's error code: 0
[32;1m[Game] [0mChecking move validity...
[32;1m[Board] [0mInitializing board...
[32;1m[Board] [0mLoading history file `stats/White/game-26/history.csv`...
[32;1m[Board] [0mLoaded 9 move(s).
[32;1m[Board] [0mLoading move file `stats/White/game-26/move.csv`...
[32;1m[Board] [0mBlack player is playing c7 to d6.
[32;1m[Board] [0m[5;1mBlack Pawn is taking White Knight.[0m
[32;1m[Board] [0m
[32;1m[Board] [0m    a b c d e f g h 
[32;1m[Board] [0m  -------------------
[32;1m[Board] [0m8 ||[7;1m [0m|[30;1mk[0m|[30;1mb[0m|[30;1mQ[0m|[30;1mK[0m|[30;1mb[0m|[30;1mk[0m|[30;1mr[0m|| 8
[32;1m[Board] [0m  -------------------
[32;1m[Board] [0m7 || |[30;1mp[0m| |[30;1mp[0m|[30;1mp[0m|[30;1mp[0m|[30;1mp[0m|[7;1m [0m|| 7
[32;1m[Board] [0m  -------------------
[32;1m[Board] [0m6 ||[7;1m [0m| |[7;1m [0m|[30;1mp[0m|[7;1m [0m| |[7;1m [0m|[30;1mp[0m|| 6
[32;1m[Board] [0m  -------------------
[32;1m[Board] [0m5 ||[30;1mp[0m|[7;1m [0m| |[7;1m [0m| |[7;1m [0m| |[7;1m [0m|| 5
[32;1m[Board] [0m  -------------------
[32;1m[Board] [0m4 ||[7;1m [0m| |[7;1m [0m|[0;1mk[0m|[7;1m [0m| |[7;1m [0m| || 4
[32;1m[Board] [0m  -------------------
[32;1m[Board] [0m3 || |[7;1m [0m| |[7;1m [0m| |[7;1m [0m| |[7;1m [0m|| 3
[32;1m[Board] [0m  -------------------
[32;1m[Board] [0m2 ||[0;1mp[0m|[0;1mp[0m|[0;1mp[0m|[0;1mp[0m|[0;1mp[0m|[0;1mp[0m|[0;1mp[0m|[0;1mp[0m|| 2
[32;1m[Board] [0m  -------------------
[32;1m[Board] [0m1 ||[0;1mr[0m|[7;1m [0m|[0;1mb[0m|[0;1mQ[0m|[0;1mK[0m|[0;1mb[0m| |[0;1mr[0m|| 1
[32;1m[Board] [0m  -------------------
[32;1m[Board] [0m    a b c d e f g h
[32;1m[Board] [0m
[32;1m[Referee] [0mThis is the turn of the White player...
Position after history:

  +-----------------+
8 | . n b q k b n r |
7 | . p . p p p p . |
6 | . . . p . . . p |
5 | p . . . . . . . |
4 | . . . N . . . . |
3 | . . . . . . . . |
2 | P P P P P P P P |
1 | R . B Q K B . R |
  +-----------------+
    a b c d e f g h
Side to move: White
Next move: d4f5 (score: 265)
[32;1m[Game] [0mPlayer's error code: 0
[32;1m[Game] [0mChecking move validity...
[32;1m[Board] [0mInitializing board...
[32;1m[Board] [0mLoading history file `stats/White/game-26/history.csv`...
[32;1m[Board] [0mLoaded 10 move(s).
[32;1m[Board] [0mLoading move file `stats/White/game-26/move.csv`...
[32;1m[Board] [0mWhite player is playing d4 to f5.
[32;1m[Board] [0m
[32;1m[Board] [0m    a b c d e f g h 
[32;1m[Board] [0m  -------------------
[32;1m[Board] [0m8 ||[7;1m [0m|[30;1mk[0m|[30;1mb[0m|[30;1mQ[0m|[30;1mK[0m|[30;1mb[0m|[30;1mk[0m|[30;1mr[0m|| 8
[32;1m[Board] [0m  -------------------
[32;1m[Board] [0m7 || |[30;1mp[0m| |[30;1mp[0m|[30;1mp[0m|[30;1mp[0m|[30;1mp[0m|[7;1m [0m|| 7
[32;1m[Board] [0m  -------------------
[32;1m[Board] [0m6 ||[7;1m [0m| |[7;1m [0m|[30;1mp[0m|[7;1m [0m| |[7;1m [0m|[30;1mp[0m|| 6
[32;1m[Board] [0m  -------------------
[32;1m[Board] [0m5 ||[30;1mp[0m|[7;1m [0m| |[7;1m [0m| |[0;1mk[0m| |[7;1m [0m|| 5
[32;1m[Board] [0m  -------------------
[32;1m[Board] [0m4 ||[7;1m [0m| |[7;1m [0m| |[7;1m [0m| |[7;1m [0m| || 4
[32;1m[Board] [0m  -------------------
[32;1m[Board] [0m3 || |[7;1m [0m| |[7;1m [0m| |[7;1m [0m| |[7;1m [0m|| 3
[32;1m[Board] [0m  -------------------
[32;1m[Board] [0m2 ||[0;1mp[0m|[0;1mp[0m|[0;1mp[0m|[0;1mp[0m|[0;1mp[0m|[0;1mp[0m|[0;1mp[0m|[0;1mp[0m|| 2
[32;1m[Board] [0m  -------------------
[32;1m[Board] [0m1 ||[0;1mr[0m|[7;1m [0m|[0;1mb[0m|[0;1mQ[0m|[0;1mK[0m|[0;1mb[0m| |[0;1mr[0m|| 1
[32;1m[Board] [0m  -------------------
[32;1m[Board] [0m    a b c d e f g h
[32;1m[Board] [0m
[32;1m[Referee] [0mThis is the turn of the Black player...
[32;1m[Board] [0mInitializing board...
[32;1m[Board] [0mLoading history file `stats/White/game-26/history.csv`...
[32;1m[Board] [0mLoaded 11 move(s).
[32;1m[RandomPlayer] [0mComputing possible moves...
[32;1m[RandomPlayer] [0m16 possible move(s)
[32;1m[RandomPlayer] [0mPlaying random move 3 out of 16
[32;1m[Game] [0mPlayer's error code: 0
[32;1m[Game] [0mChecking move validity...
[32;1m[Board] [0mInitializing board...
[32;1m[Board] [0mLoading history file `stats/White/game-26/history.csv`...
[32;1m[Board] [0mLoaded 11 move(s).
[32;1m[Board] [0mLoading move file `stats/White/game-26/move.csv`...
[32;1m[Board] [0mBlack player is playing d6 to d5.
[32;1m[Board] [0m
[32;1m[Board] [0m    a b c d e f g h 
[32;1m[Board] [0m  -------------------
[32;1m[Board] [0m8 ||[7;1m [0m|[30;1mk[0m|[30;1mb[0m|[30;1mQ[0m|[30;1mK[0m|[30;1mb[0m|[30;1mk[0m|[30;1mr[0m|| 8
[32;1m[Board] [0m  -------------------
[32;1m[Board] [0m7 || |[30;1mp[0m| |[30;1mp[0m|[30;1mp[0m|[30;1mp[0m|[30;1mp[0m|[7;1m [0m|| 7
[32;1m[Board] [0m  -------------------
[32;1m[Board] [0m6 ||[7;1m [0m| |[7;1m [0m| |[7;1m [0m| |[7;1m [0m|[30;1mp[0m|| 6
[32;1m[Board] [0m  -------------------
[32;1m[Board] [0m5 ||[30;1mp[0m|[7;1m [0m| |[30;1mp[0m| |[0;1mk[0m| |[7;1m [0m|| 5
[32;1m[Board] [0m  -------------------
[32;1m[Board] [0m4 ||[7;1m [0m| |[7;1m [0m| |[7;1m [0m| |[7;1m [0m| || 4
[32;1m[Board] [0m  -------------------
[32;1m[Board] [0m3 || |[7;1m [0m| |[7;1m [0m| |[7;1m [0m| |[7;1m [0m|| 3
[32;1m[Board] [0m  -------------------
[32;1m[Board] [0m2 ||[0;1mp[0m|[0;1mp[0m|[0;1mp[0m|[0;1mp[0m|[0;1mp[0m|[0;1mp[0m|[0;1mp[0m|[0;1mp[0m|| 2
[32;1m[Board] [0m  -------------------
[32;1m[Board] [0m1 ||[0;1mr[0m|[7;1m [0m|[0;1mb[0m|[0;1mQ[0m|[0;1mK[0m|[0;1mb[0m| |[0;1mr[0m|| 1
[32;1m[Board] [0m  -------------------
[32;1m[Board] [0m    a b c d e f g h
[32;1m[Board] [0m
[32;1m[Referee] [0mThis is the turn of the White player...
Position after history:

  +-----------------+
8 | . n b q k b n r |
7 | . p . p p p p . |
6 | . . . . . . . p |
5 | p . . p . N . . |
4 | . . . . . . . . |
3 | . . . . . . . . |
2 | P P P P P P P P |
1 | R . B Q K B . R |
  +-----------------+
    a b c d e f g h
Side to move: White
Next move: f5e3 (score: 325)
[32;1m[Game] [0mPlayer's error code: 0
[32;1m[Game] [0mChecking move validity...
[32;1m[Board] [0mInitializing board...
[32;1m[Board] [0mLoading history file `stats/White/game-26/history.csv`...
[32;1m[Board] [0mLoaded 12 move(s).
[32;1m[Board] [0mLoading move file `stats/White/game-26/move.csv`...
[32;1m[Board] [0mWhite player is playing f5 to e3.
[32;1m[Board] [0m
[32;1m[Board] [0m    a b c d e f g h 
[32;1m[Board] [0m  -------------------
[32;1m[Board] [0m8 ||[7;1m [0m|[30;1mk[0m|[30;1mb[0m|[30;1mQ[0m|[30;1mK[0m|[30;1mb[0m|[30;1mk[0m|[30;1mr[0m|| 8
[32;1m[Board] [0m  -------------------
[32;1m[Board] [0m7 || |[30;1mp[0m| |[30;1mp[0m|[30;1mp[0m|[30;1mp[0m|[30;1mp[0m|[7;1m [0m|| 7
[32;1m[Board] [0m  -------------------
[32;1m[Board] [0m6 ||[7;1m [0m| |[7;1m [0m| |[7;1m [0m| |[7;1m [0m|[30;1mp[0m|| 6
[32;1m[Board] [0m  -------------------
[32;1m[Board] [0m5 ||[30;1mp[0m|[7;1m [0m| |[30;1mp[0m| |[7;1m [0m| |[7;1m [0m|| 5
[32;1m[Board] [0m  -------------------
[32;1m[Board] [0m4 ||[7;1m [0m| |[7;1m [0m| |[7;1m [0m| |[7;1m [0m| || 4
[32;1m[Board] [0m  -------------------
[32;1m[Board] [0m3 || |[7;1m [0m| |[7;1m [0m|[0;1mk[0m|[7;1m [0m| |[7;1m [0m|| 3
[32;1m[Board] [0m  -------------------
[32;1m[Board] [0m2 ||[0;1mp[0m|[0;1mp[0m|[0;1mp[0m|[0;1mp[0m|[0;1mp[0m|[0;1mp[0m|[0;1mp[0m|[0;1mp[0m|| 2
[32;1m[Board] [0m  -------------------
[32;1m[Board] [0m1 ||[0;1mr[0m|[7;1m [0m|[0;1mb[0m|[0;1mQ[0m|[0;1mK[0m|[0;1mb[0m| |[0;1mr[0m|| 1
[32;1m[Board] [0m  -------------------
[32;1m[Board] [0m    a b c d e f g h
[32;1m[Board] [0m
[32;1m[Referee] [0mThis is the turn of the Black player...
[32;1m[Board] [0mInitializing board...
[32;1m[Board] [0mLoading history file `stats/White/game-26/history.csv`...
[32;1m[Board] [0mLoaded 13 move(s).
[32;1m[RandomPlayer] [0mComputing possible moves...
[32;1m[RandomPlayer] [0m18 possible move(s)
[32;1m[RandomPlayer] [0mPlaying random move 4 out of 18
[32;1m[Game] [0mPlayer's error code: 0
[32;1m[Game] [0mChecking move validity...
[32;1m[Board] [0mInitializing board...
[32;1m[Board] [0mLoading history file `stats/White/game-26/history.csv`...
[32;1m[Board] [0mLoaded 13 move(s).
[32;1m[Board] [0mLoading move file `stats/White/game-26/move.csv`...
[32;1m[Board] [0mBlack player is playing d7 to d6.
[32;1m[Board] [0m
[32;1m[Board] [0m    a b c d e f g h 
[32;1m[Board] [0m  -------------------
[32;1m[Board] [0m8 ||[7;1m [0m|[30;1mk[0m|[30;1mb[0m|[30;1mQ[0m|[30;1mK[0m|[30;1mb[0m|[30;1mk[0m|[30;1mr[0m|| 8
[32;1m[Board] [0m  -------------------
[32;1m[Board] [0m7 || |[30;1mp[0m| |[7;1m [0m|[30;1mp[0m|[30;1mp[0m|[30;1mp[0m|[7;1m [0m|| 7
[32;1m[Board] [0m  -------------------
[32;1m[Board] [0m6 ||[7;1m [0m| |[7;1m [0m|[30;1mp[0m|[7;1m [0m| |[7;1m [0m|[30;1mp[0m|| 6
[32;1m[Board] [0m  -------------------
[32;1m[Board] [0m5 ||[30;1mp[0m|[7;1m [0m| |[30;1mp[0m| |[7;1m [0m| |[7;1m [0m|| 5
[32;1m[Board] [0m  -------------------
[32;1m[Board] [0m4 ||[7;1m [0m| |[7;1m [0m| |[7;1m [0m| |[7;1m [0m| || 4
[32;1m[Board] [0m  -------------------
[32;1m[Board] [0m3 || |[7;1m [0m| |[7;1m [0m|[0;1mk[0m|[7;1m [0m| |[7;1m [0m|| 3
[32;1m[Board] [0m  -------------------
[32;1m[Board] [0m2 ||[0;1mp[0m|[0;1mp[0m|[0;1mp[0m|[0;1mp[0m|[0;1mp[0m|[0;1mp[0m|[0;1mp[0m|[0;1mp[0m|| 2
[32;1m[Board] [0m  -------------------
[32;1m[Board] [0m1 ||[0;1mr[0m|[7;1m [0m|[0;1mb[0m|[0;1mQ[0m|[0;1mK[0m|[0;1mb[0m| |[0;1mr[0m|| 1
[32;1m[Board] [0m  -------------------
[32;1m[Board] [0m    a b c d e f g h
[32;1m[Board] [0m
[32;1m[Referee] [0mThis is the turn of the White player...
Position after history:

  +-----------------+
8 | . n b q k b n r |
7 | . p . . p p p . |
6 | . . . p . . . p |
5 | p . . p . . . . |
4 | . . . . . . . . |
3 | . . . . N . . . |
2 | P P P P P P P P |
1 | R . B Q K B . R |
  +-----------------+
    a b c d e f g h
Side to move: White
Next move: e3d5 (score: 385)
[32;1m[Game] [0mPlayer's error code: 0
[32;1m[Game] [0mChecking move validity...
[32;1m[Board] [0mInitializing board...
[32;1m[Board] [0mLoading history file `stats/White/game-26/history.csv`...
[32;1m[Board] [0mLoaded 14 move(s).
[32;1m[Board] [0mLoading move file `stats/White/game-26/move.csv`...
[32;1m[Board] [0mWhite player is playing e3 to d5.
[32;1m[Board] [0m[5;1mWhite Knight is taking Black Pawn.[0m
[32;1m[Board] [0m
[32;1m[Board] [0m    a b c d e f g h 
[32;1m[Board] [0m  -------------------
[32;1m[Board] [0m8 ||[7;1m [0m|[30;1mk[0m|[30;1mb[0m|[30;1mQ[0m|[30;1mK[0m|[30;1mb[0m|[30;1mk[0m|[30;1mr[0m|| 8
[32;1m[Board] [0m  -------------------
[32;1m[Board] [0m7 || |[30;1mp[0m| |[7;1m [0m|[30;1mp[0m|[30;1mp[0m|[30;1mp[0m|[7;1m [0m|| 7
[32;1m[Board] [0m  -------------------
[32;1m[Board] [0m6 ||[7;1m [0m| |[7;1m [0m|[30;1mp[0m|[7;1m [0m| |[7;1m [0m|[30;1mp[0m|| 6
[32;1m[Board] [0m  -------------------
[32;1m[Board] [0m5 ||[30;1mp[0m|[7;1m [0m| |[0;1mk[0m| |[7;1m [0m| |[7;1m [0m|| 5
[32;1m[Board] [0m  -------------------
[32;1m[Board] [0m4 ||[7;1m [0m| |[7;1m [0m| |[7;1m [0m| |[7;1m [0m| || 4
[32;1m[Board] [0m  -------------------
[32;1m[Board] [0m3 || |[7;1m [0m| |[7;1m [0m| |[7;1m [0m| |[7;1m [0m|| 3
[32;1m[Board] [0m  -------------------
[32;1m[Board] [0m2 ||[0;1mp[0m|[0;1mp[0m|[0;1mp[0m|[0;1mp[0m|[0;1mp[0m|[0;1mp[0m|[0;1mp[0m|[0;1mp[0m|| 2
[32;1m[Board] [0m  -------------------
[32;1m[Board] [0m1 ||[0;1mr[0m|[7;1m [0m|[0;1mb[0m|[0;1mQ[0m|[0;1mK[0m|[0;1mb[0m| |[0;1mr[0m|| 1
[32;1m[Board] [0m  -------------------
[32;1m[Board] [0m    a b c d e f g h
[32;1m[Board] [0m
[32;1m[Referee] [0mThis is the turn of the Black player...
[32;1m[Board] [0mInitializing board...
[32;1m[Board] [0mLoading history file `stats/White/game-26/history.csv`...
[32;1m[Board] [0mLoaded 15 move(s).
[32;1m[RandomPlayer] [0mComputing possible moves...
[32;1m[RandomPlayer] [0m24 possible move(s)
[32;1m[RandomPlayer] [0mPlaying random move 22 out of 24
[32;1m[Game] [0mPlayer's error code: 0
[32;1m[Game] [0mChecking move validity...
[32;1m[Board] [0mInitializing board...
[32;1m[Board] [0mLoading history file `stats/White/game-26/history.csv`...
[32;1m[Board] [0mLoaded 15 move(s).
[32;1m[Board] [0mLoading move file `stats/White/game-26/move.csv`...
[32;1m[Board] [0mBlack player is playing d8 to b6.
[32;1m[Board] [0m
[32;1m[Board] [0m    a b c d e f g h 
[32;1m[Board] [0m  -------------------
[32;1m[Board] [0m8 ||[7;1m [0m|[30;1mk[0m|[30;1mb[0m| |[30;1mK[0m|[30;1mb[0m|[30;1mk[0m|[30;1mr[0m|| 8
[32;1m[Board] [0m  -------------------
[32;1m[Board] [0m7 || |[30;1mp[0m| |[7;1m [0m|[30;1mp[0m|[30;1mp[0m|[30;1mp[0m|[7;1m [0m|| 7
[32;1m[Board] [0m  -------------------
[32;1m[Board] [0m6 ||[7;1m [0m|[30;1mQ[0m|[7;1m [0m|[30;1mp[0m|[7;1m [0m| |[7;1m [0m|[30;1mp[0m|| 6
[32;1m[Board] [0m  -------------------
[32;1m[Board] [0m5 ||[30;1mp[0m|[7;1m [0m| |[0;1mk[0m| |[7;1m [0m| |[7;1m [0m|| 5
[32;1m[Board] [0m  -------------------
[32;1m[Board] [0m4 ||[7;1m [0m| |[7;1m [0m| |[7;1m [0m| |[7;1m [0m| || 4
[32;1m[Board] [0m  -------------------
[32;1m[Board] [0m3 || |[7;1m [0m| |[7;1m [0m| |[7;1m [0m| |[7;1m [0m|| 3
[32;1m[Board] [0m  -------------------
[32;1m[Board] [0m2 ||[0;1mp[0m|[0;1mp[0m|[0;1mp[0m|[0;1mp[0m|[0;1mp[0m|[0;1mp[0m|[0;1mp[0m|[0;1mp[0m|| 2
[32;1m[Board] [0m  -------------------
[32;1m[Board] [0m1 ||[0;1mr[0m|[7;1m [0m|[0;1mb[0m|[0;1mQ[0m|[0;1mK[0m|[0;1mb[0m| |[0;1mr[0m|| 1
[32;1m[Board] [0m  -------------------
[32;1m[Board] [0m    a b c d e f g h
[32;1m[Board] [0m
[32;1m[Referee] [0mThis is the turn of the White player...
Position after history:

  +-----------------+
8 | . n b . k b n r |
7 | . p . . p p p . |
6 | . q . p . . . p |
5 | p . . N . . . . |
4 | . . . . . . . . |
3 | . . . . . . . . |
2 | P P P P P P P P |
1 | R . B Q K B . R |
  +-----------------+
    a b c d e f g h
Side to move: White
Next move: d5b6 (score: 1280)
[32;1m[Game] [0mPlayer's error code: 0
[32;1m[Game] [0mChecking move validity...
[32;1m[Board] [0mInitializing board...
[32;1m[Board] [0mLoading history file `stats/White/game-26/history.csv`...
[32;1m[Board] [0mLoaded 16 move(s).
[32;1m[Board] [0mLoading move file `stats/White/game-26/move.csv`...
[32;1m[Board] [0mWhite player is playing d5 to b6.
[32;1m[Board] [0m[5;1mWhite Knight is taking Black Queen.[0m
[32;1m[Board] [0m
[32;1m[Board] [0m    a b c d e f g h 
[32;1m[Board] [0m  -------------------
[32;1m[Board] [0m8 ||[7;1m [0m|[30;1mk[0m|[30;1mb[0m| |[30;1mK[0m|[30;1mb[0m|[30;1mk[0m|[30;1mr[0m|| 8
[32;1m[Board] [0m  -------------------
[32;1m[Board] [0m7 || |[30;1mp[0m| |[7;1m [0m|[30;1mp[0m|[30;1mp[0m|[30;1mp[0m|[7;1m [0m|| 7
[32;1m[Board] [0m  -------------------
[32;1m[Board] [0m6 ||[7;1m [0m|[0;1mk[0m|[7;1m [0m|[30;1mp[0m|[7;1m [0m| |[7;1m [0m|[30;1mp[0m|| 6
[32;1m[Board] [0m  -------------------
[32;1m[Board] [0m5 ||[30;1mp[0m|[7;1m [0m| |[7;1m [0m| |[7;1m [0m| |[7;1m [0m|| 5
[32;1m[Board] [0m  -------------------
[32;1m[Board] [0m4 ||[7;1m [0m| |[7;1m [0m| |[7;1m [0m| |[7;1m [0m| || 4
[32;1m[Board] [0m  -------------------
[32;1m[Board] [0m3 || |[7;1m [0m| |[7;1m [0m| |[7;1m [0m| |[7;1m [0m|| 3
[32;1m[Board] [0m  -------------------
[32;1m[Board] [0m2 ||[0;1mp[0m|[0;1mp[0m|[0;1mp[0m|[0;1mp[0m|[0;1mp[0m|[0;1mp[0m|[0;1mp[0m|[0;1mp[0m|| 2
[32;1m[Board] [0m  -------------------
[32;1m[Board] [0m1 ||[0;1mr[0m|[7;1m [0m|[0;1mb[0m|[0;1mQ[0m|[0;1mK[0m|[0;1mb[0m| |[0;1mr[0m|| 1
[32;1m[Board] [0m  -------------------
[32;1m[Board] [0m    a b c d e f g h
[32;1m[Board] [0m
[32;1m[Referee] [0mThis is the turn of the Black player...
[32;1m[Board] [0mInitializing board...
[32;1m[Board] [0mLoading history file `stats/White/game-26/history.csv`...
[32;1m[Board] [0mLoaded 17 move(s).
[32;1m[RandomPlayer] [0mComputing possible moves...
[32;1m[RandomPlayer] [0m20 possible move(s)
[32;1m[RandomPlayer] [0mPlaying random move 2 out of 20
[32;1m[Game] [0mPlayer's error code: 0
[32;1m[Game] [0mChecking move validity...
[32;1m[Board] [0mInitializing board...
[32;1m[Board] [0mLoading history file `stats/White/game-26/history.csv`...
[32;1m[Board] [0mLoaded 17 move(s).
[32;1m[Board] [0mLoading move file `stats/White/game-26/move.csv`...
[32;1m[Board] [0mBlack player is playing e7 to e6.
[32;1m[Board] [0m
[32;1m[Board] [0m    a b c d e f g h 
[32;1m[Board] [0m  -------------------
[32;1m[Board] [0m8 ||[7;1m [0m|[30;1mk[0m|[30;1mb[0m| |[30;1mK[0m|[30;1mb[0m|[30;1mk[0m|[30;1mr[0m|| 8
[32;1m[Board] [0m  -------------------
[32;1m[Board] [0m7 || |[30;1mp[0m| |[7;1m [0m| |[30;1mp[0m|[30;1mp[0m|[7;1m [0m|| 7
[32;1m[Board] [0m  -------------------
[32;1m[Board] [0m6 ||[7;1m [0m|[0;1mk[0m|[7;1m [0m|[30;1mp[0m|[30;1mp[0m| |[7;1m [0m|[30;1mp[0m|| 6
[32;1m[Board] [0m  -------------------
[32;1m[Board] [0m5 ||[30;1mp[0m|[7;1m [0m| |[7;1m [0m| |[7;1m [0m| |[7;1m [0m|| 5
[32;1m[Board] [0m  -------------------
[32;1m[Board] [0m4 ||[7;1m [0m| |[7;1m [0m| |[7;1m [0m| |[7;1m [0m| || 4
[32;1m[Board] [0m  -------------------
[32;1m[Board] [0m3 || |[7;1m [0m| |[7;1m [0m| |[7;1m [0m| |[7;1m [0m|| 3
[32;1m[Board] [0m  -------------------
[32;1m[Board] [0m2 ||[0;1mp[0m|[0;1mp[0m|[0;1mp[0m|[0;1mp[0m|[0;1mp[0m|[0;1mp[0m|[0;1mp[0m|[0;1mp[0m|| 2
[32;1m[Board] [0m  -------------------
[32;1m[Board] [0m1 ||[0;1mr[0m|[7;1m [0m|[0;1mb[0m|[0;1mQ[0m|[0;1mK[0m|[0;1mb[0m| |[0;1mr[0m|| 1
[32;1m[Board] [0m  -------------------
[32;1m[Board] [0m    a b c d e f g h
[32;1m[Board] [0m
[32;1m[Referee] [0mThis is the turn of the White player...
Position after history:

  +-----------------+
8 | . n b . k b n r |
7 | . p . . . p p . |
6 | . N . p p . . p |
5 | p . . . . . . . |
4 | . . . . . . . . |
3 | . . . . . . . . |
2 | P P P P P P P P |
1 | R . B Q K B . R |
  +-----------------+
    a b c d e f g h
Side to move: White
Next move: b6c8 (score: 1690)
[32;1m[Game] [0mPlayer's error code: 0
[32;1m[Game] [0mChecking move validity...
[32;1m[Board] [0mInitializing board...
[32;1m[Board] [0mLoading history file `stats/White/game-26/history.csv`...
[32;1m[Board] [0mLoaded 18 move(s).
[32;1m[Board] [0mLoading move file `stats/White/game-26/move.csv`...
[32;1m[Board] [0mWhite player is playing b6 to c8.
[32;1m[Board] [0m[5;1mWhite Knight is taking Black Bishop.[0m
[32;1m[Board] [0m
[32;1m[Board] [0m    a b c d e f g h 
[32;1m[Board] [0m  -------------------
[32;1m[Board] [0m8 ||[7;1m [0m|[30;1mk[0m|[0;1mk[0m| |[30;1mK[0m|[30;1mb[0m|[30;1mk[0m|[30;1mr[0m|| 8
[32;1m[Board] [0m  -------------------
[32;1m[Board] [0m7 || |[30;1mp[0m| |[7;1m [0m| |[30;1mp[0m|[30;1mp[0m|[7;1m [0m|| 7
[32;1m[Board] [0m  -------------------
[32;1m[Board] [0m6 ||[7;1m [0m| |[7;1m [0m|[30;1mp[0m|[30;1mp[0m| |[7;1m [0m|[30;1mp[0m|| 6
[32;1m[Board] [0m  -------------------
[32;1m[Board] [0m5 ||[30;1mp[0m|[7;1m [0m| |[7;1m [0m| |[7;1m [0m| |[7;1m [0m|| 5
[32;1m[Board] [0m  -------------------
[32;1m[Board] [0m4 ||[7;1m [0m| |[7;1m [0m| |[7;1m [0m| |[7;1m [0m| || 4
[32;1m[Board] [0m  -------------------
[32;1m[Board] [0m3 || |[7;1m [0m| |[7;1m [0m| |[7;1m [0m| |[7;1m [0m|| 3
[32;1m[Board] [0m  -------------------
[32;1m[Board] [0m2 ||[0;1mp[0m|[0;1mp[0m|[0;1mp[0m|[0;1mp[0m|[0;1mp[0m|[0;1mp[0m|[0;1mp[0m|[0;1mp[0m|| 2
[32;1m[Board] [0m  -------------------
[32;1m[Board] [0m1 ||[0;1mr[0m|[7;1m [0m|[0;1mb[0m|[0;1mQ[0m|[0;1mK[0m|[0;1mb[0m| |[0;1mr[0m|| 1
[32;1m[Board] [0m  -------------------
[32;1m[Board] [0m    a b c d e f g h
[32;1m[Board] [0m
[32;1m[Referee] [0mThis is the turn of the Black player...
[32;1m[Board] [0mInitializing board...
[32;1m[Board] [0mLoading history file `stats/White/game-26/history.csv`...
[32;1m[Board] [0mLoaded 19 move(s).
[32;1m[RandomPlayer] [0mComputing possible moves...
[32;1m[RandomPlayer] [0m19 possible move(s)
[32;1m[RandomPlayer] [0mPlaying random move 9 out of 19
[32;1m[Game] [0mPlayer's error code: 0
[32;1m[Game] [0mChecking move validity...
[32;1m[Board] [0mInitializing board...
[32;1m[Board] [0mLoading history file `stats/White/game-26/history.csv`...
[32;1m[Board] [0mLoaded 19 move(s).
[32;1m[Board] [0mLoading move file `stats/White/game-26/move.csv`...
[32;1m[Board] [0mBlack player is playing h6 to h5.
[32;1m[Board] [0m
[32;1m[Board] [0m    a b c d e f g h 
[32;1m[Board] [0m  -------------------
[32;1m[Board] [0m8 ||[7;1m [0m|[30;1mk[0m|[0;1mk[0m| |[30;1mK[0m|[30;1mb[0m|[30;1mk[0m|[30;1mr[0m|| 8
[32;1m[Board] [0m  -------------------
[32;1m[Board] [0m7 || |[30;1mp[0m| |[7;1m [0m| |[30;1mp[0m|[30;1mp[0m|[7;1m [0m|| 7
[32;1m[Board] [0m  -------------------
[32;1m[Board] [0m6 ||[7;1m [0m| |[7;1m [0m|[30;1mp[0m|[30;1mp[0m| |[7;1m [0m| || 6
[32;1m[Board] [0m  -------------------
[32;1m[Board] [0m5 ||[30;1mp[0m|[7;1m [0m| |[7;1m [0m| |[7;1m [0m| |[30;1mp[0m|| 5
[32;1m[Board] [0m  -------------------
[32;1m[Board] [0m4 ||[7;1m [0m| |[7;1m [0m| |[7;1m [0m| |[7;1m [0m| || 4
[32;1m[Board] [0m  -------------------
[32;1m[Board] [0m3 || |[7;1m [0m| |[7;1m [0m| |[7;1m [0m| |[7;1m [0m|| 3
[32;1m[Board] [0m  -------------------
[32;1m[Board] [0m2 ||[0;1mp[0m|[0;1mp[0m|[0;1mp[0m|[0;1mp[0m|[0;1mp[0m|[0;1mp[0m|[0;1mp[0m|[0;1mp[0m|| 2
[32;1m[Board] [0m  -------------------
[32;1m[Board] [0m1 ||[0;1mr[0m|[7;1m [0m|[0;1mb[0m|[0;1mQ[0m|[0;1mK[0m|[0;1mb[0m| |[0;1mr[0m|| 1
[32;1m[Board] [0m  -------------------
[32;1m[Board] [0m    a b c d e f g h
[32;1m[Board] [0m
[32;1m[Referee] [0mThis is the turn of the White player...
Position after history:

  +-----------------+
8 | . n N . k b n r |
7 | . p . . . p p . |
6 | . . . p p . . . |
5 | p . . . . . . p |
4 | . . . . . . . . |
3 | . . . . . . . . |
2 | P P P P P P P P |
1 | R . B Q K B . R |
  +-----------------+
    a b c d e f g h
Side to move: White
Next move: c8b6 (score: 1730)
[32;1m[Game] [0mPlayer's error code: 0
[32;1m[Game] [0mChecking move validity...
[32;1m[Board] [0mInitializing board...
[32;1m[Board] [0mLoading history file `stats/White/game-26/history.csv`...
[32;1m[Board] [0mLoaded 20 move(s).
[32;1m[Board] [0mLoading move file `stats/White/game-26/move.csv`...
[32;1m[Board] [0mWhite player is playing c8 to b6.
[32;1m[Board] [0m
[32;1m[Board] [0m    a b c d e f g h 
[32;1m[Board] [0m  -------------------
[32;1m[Board] [0m8 ||[7;1m [0m|[30;1mk[0m|[7;1m [0m| |[30;1mK[0m|[30;1mb[0m|[30;1mk[0m|[30;1mr[0m|| 8
[32;1m[Board] [0m  -------------------
[32;1m[Board] [0m7 || |[30;1mp[0m| |[7;1m [0m| |[30;1mp[0m|[30;1mp[0m|[7;1m [0m|| 7
[32;1m[Board] [0m  -------------------
[32;1m[Board] [0m6 ||[7;1m [0m|[0;1mk[0m|[7;1m [0m|[30;1mp[0m|[30;1mp[0m| |[7;1m [0m| || 6
[32;1m[Board] [0m  -------------------
[32;1m[Board] [0m5 ||[30;1mp[0m|[7;1m [0m| |[7;1m [0m| |[7;1m [0m| |[30;1mp[0m|| 5
[32;1m[Board] [0m  -------------------
[32;1m[Board] [0m4 ||[7;1m [0m| |[7;1m [0m| |[7;1m [0m| |[7;1m [0m| || 4
[32;1m[Board] [0m  -------------------
[32;1m[Board] [0m3 || |[7;1m [0m| |[7;1m [0m| |[7;1m [0m| |[7;1m [0m|| 3
[32;1m[Board] [0m  -------------------
[32;1m[Board] [0m2 ||[0;1mp[0m|[0;1mp[0m|[0;1mp[0m|[0;1mp[0m|[0;1mp[0m|[0;1mp[0m|[0;1mp[0m|[0;1mp[0m|| 2
[32;1m[Board] [0m  -------------------
[32;1m[Board] [0m1 ||[0;1mr[0m|[7;1m [0m|[0;1mb[0m|[0;1mQ[0m|[0;1mK[0m|[0;1mb[0m| |[0;1mr[0m|| 1
[32;1m[Board] [0m  -------------------
[32;1m[Board] [0m    a b c d e f g h
[32;1m[Board] [0m
[32;1m[Referee] [0mThis is the turn of the Black player...
[32;1m[Board] [0mInitializing board...
[32;1m[Board] [0mLoading history file `stats/White/game-26/history.csv`...
[32;1m[Board] [0mLoaded 21 move(s).
[32;1m[RandomPlayer] [0mComputing possible moves...
[32;1m[RandomPlayer] [0m19 possible move(s)
[32;1m[RandomPlayer] [0mPlaying random move 0 out of 19
[32;1m[Game] [0mPlayer's error code: 0
[32;1m[Game] [0mChecking move validity...
[32;1m[Board] [0mInitializing board...
[32;1m[Board] [0mLoading history file `stats/White/game-26/history.csv`...
[32;1m[Board] [0mLoaded 21 move(s).
[32;1m[Board] [0mLoading move file `stats/White/game-26/move.csv`...
[32;1m[Board] [0mBlack player is playing a5 to a4.
[32;1m[Board] [0m
[32;1m[Board] [0m    a b c d e f g h 
[32;1m[Board] [0m  -------------------
[32;1m[Board] [0m8 ||[7;1m [0m|[30;1mk[0m|[7;1m [0m| |[30;1mK[0m|[30;1mb[0m|[30;1mk[0m|[30;1mr[0m|| 8
[32;1m[Board] [0m  -------------------
[32;1m[Board] [0m7 || |[30;1mp[0m| |[7;1m [0m| |[30;1mp[0m|[30;1mp[0m|[7;1m [0m|| 7
[32;1m[Board] [0m  -------------------
[32;1m[Board] [0m6 ||[7;1m [0m|[0;1mk[0m|[7;1m [0m|[30;1mp[0m|[30;1mp[0m| |[7;1m [0m| || 6
[32;1m[Board] [0m  -------------------
[32;1m[Board] [0m5 || |[7;1m [0m| |[7;1m [0m| |[7;1m [0m| |[30;1mp[0m|| 5
[32;1m[Board] [0m  -------------------
[32;1m[Board] [0m4 ||[30;1mp[0m| |[7;1m [0m| |[7;1m [0m| |[7;1m [0m| || 4
[32;1m[Board] [0m  -------------------
[32;1m[Board] [0m3 || |[7;1m [0m| |[7;1m [0m| |[7;1m [0m| |[7;1m [0m|| 3
[32;1m[Board] [0m  -------------------
[32;1m[Board] [0m2 ||[0;1mp[0m|[0;1mp[0m|[0;1mp[0m|[0;1mp[0m|[0;1mp[0m|[0;1mp[0m|[0;1mp[0m|[0;1mp[0m|| 2
[32;1m[Board] [0m  -------------------
[32;1m[Board] [0m1 ||[0;1mr[0m|[7;1m [0m|[0;1mb[0m|[0;1mQ[0m|[0;1mK[0m|[0;1mb[0m| |[0;1mr[0m|| 1
[32;1m[Board] [0m  -------------------
[32;1m[Board] [0m    a b c d e f g h
[32;1m[Board] [0m
[32;1m[Referee] [0mThis is the turn of the White player...
Position after history:

  +-----------------+
8 | . n . . k b n r |
7 | . p . . . p p . |
6 | . N . p p . . . |
5 | . . . . . . . p |
4 | p . . . . . . . |
3 | . . . . . . . . |
2 | P P P P P P P P |
1 | R . B Q K B . R |
  +-----------------+
    a b c d e f g h
Side to move: White
Next move: b6a4 (score: 1840)
[32;1m[Game] [0mPlayer's error code: 0
[32;1m[Game] [0mChecking move validity...
[32;1m[Board] [0mInitializing board...
[32;1m[Board] [0mLoading history file `stats/White/game-26/history.csv`...
[32;1m[Board] [0mLoaded 22 move(s).
[32;1m[Board] [0mLoading move file `stats/White/game-26/move.csv`...
[32;1m[Board] [0mWhite player is playing b6 to a4.
[32;1m[Board] [0m[5;1mWhite Knight is taking Black Pawn.[0m
[32;1m[Board] [0m
[32;1m[Board] [0m    a b c d e f g h 
[32;1m[Board] [0m  -------------------
[32;1m[Board] [0m8 ||[7;1m [0m|[30;1mk[0m|[7;1m [0m| |[30;1mK[0m|[30;1mb[0m|[30;1mk[0m|[30;1mr[0m|| 8
[32;1m[Board] [0m  -------------------
[32;1m[Board] [0m7 || |[30;1mp[0m| |[7;1m [0m| |[30;1mp[0m|[30;1mp[0m|[7;1m [0m|| 7
[32;1m[Board] [0m  -------------------
[32;1m[Board] [0m6 ||[7;1m [0m| |[7;1m [0m|[30;1mp[0m|[30;1mp[0m| |[7;1m [0m| || 6
[32;1m[Board] [0m  -------------------
[32;1m[Board] [0m5 || |[7;1m [0m| |[7;1m [0m| |[7;1m [0m| |[30;1mp[0m|| 5
[32;1m[Board] [0m  -------------------
[32;1m[Board] [0m4 ||[0;1mk[0m| |[7;1m [0m| |[7;1m [0m| |[7;1m [0m| || 4
[32;1m[Board] [0m  -------------------
[32;1m[Board] [0m3 || |[7;1m [0m| |[7;1m [0m| |[7;1m [0m| |[7;1m [0m|| 3
[32;1m[Board] [0m  -------------------
[32;1m[Board] [0m2 ||[0;1mp[0m|[0;1mp[0m|[0;1mp[0m|[0;1mp[0m|[0;1mp[0m|[0;1mp[0m|[0;1mp[0m|[0;1mp[0m|| 2
[32;1m[Board] [0m  -------------------
[32;1m[Board] [0m1 ||[0;1mr[0m|[7;1m [0m|[0;1mb[0m|[0;1mQ[0m|[0;1mK[0m|[0;1mb[0m| |[0;1mr[0m|| 1
[32;1m[Board] [0m  -------------------
[32;1m[Board] [0m    a b c d e f g h
[32;1m[Board] [0m
[32;1m[Referee] [0mThis is the turn of the Black player...
[32;1m[Board] [0mInitializing board...
[32;1m[Board] [0mLoading history file `stats/White/game-26/history.csv`...
[32;1m[Board] [0mLoaded 23 move(s).
[32;1m[RandomPlayer] [0mComputing possible moves...
[32;1m[RandomPlayer] [0m21 possible move(s)
[32;1m[RandomPlayer] [0mPlaying random move 15 out of 21
[32;1m[Game] [0mPlayer's error code: 0
[32;1m[Game] [0mChecking move validity...
[32;1m[Board] [0mInitializing board...
[32;1m[Board] [0mLoading history file `stats/White/game-26/history.csv`...
[32;1m[Board] [0mLoaded 23 move(s).
[32;1m[Board] [0mLoading move file `stats/White/game-26/move.csv`...
[32;1m[Board] [0mBlack player is playing g8 to e7.
[32;1m[Board] [0m
[32;1m[Board] [0m    a b c d e f g h 
[32;1m[Board] [0m  -------------------
[32;1m[Board] [0m8 ||[7;1m [0m|[30;1mk[0m|[7;1m [0m| |[30;1mK[0m|[30;1mb[0m|[7;1m [0m|[30;1mr[0m|| 8
[32;1m[Board] [0m  -------------------
[32;1m[Board] [0m7 || |[30;1mp[0m| |[7;1m [0m|[30;1mk[0m|[30;1mp[0m|[30;1mp[0m|[7;1m [0m|| 7
[32;1m[Board] [0m  -------------------
[32;1m[Board] [0m6 ||[7;1m [0m| |[7;1m [0m|[30;1mp[0m|[30;1mp[0m| |[7;1m [0m| || 6
[32;1m[Board] [0m  -------------------
[32;1m[Board] [0m5 || |[7;1m [0m| |[7;1m [0m| |[7;1m [0m| |[30;1mp[0m|| 5
[32;1m[Board] [0m  -------------------
[32;1m[Board] [0m4 ||[0;1mk[0m| |[7;1m [0m| |[7;1m [0m| |[7;1m [0m| || 4
[32;1m[Board] [0m  -------------------
[32;1m[Board] [0m3 || |[7;1m [0m| |[7;1m [0m| |[7;1m [0m| |[7;1m [0m|| 3
[32;1m[Board] [0m  -------------------
[32;1m[Board] [0m2 ||[0;1mp[0m|[0;1mp[0m|[0;1mp[0m|[0;1mp[0m|[0;1mp[0m|[0;1mp[0m|[0;1mp[0m|[0;1mp[0m|| 2
[32;1m[Board] [0m  -------------------
[32;1m[Board] [0m1 ||[0;1mr[0m|[7;1m [0m|[0;1mb[0m|[0;1mQ[0m|[0;1mK[0m|[0;1mb[0m| |[0;1mr[0m|| 1
[32;1m[Board] [0m  -------------------
[32;1m[Board] [0m    a b c d e f g h
[32;1m[Board] [0m
[32;1m[Referee] [0mThis is the turn of the White player...
Position after history:

  +-----------------+
8 | . n . . k b . r |
7 | . p . . n p p . |
6 | . . . p p . . . |
5 | . . . . . . . p |
4 | N . . . . . . . |
3 | . . . . . . . . |
2 | P P P P P P P P |
1 | R . B Q K B . R |
  +-----------------+
    a b c d e f g h
Side to move: White
Next move: a4c3 (score: 1840)
[32;1m[Game] [0mPlayer's error code: 0
[32;1m[Game] [0mChecking move validity...
[32;1m[Board] [0mInitializing board...
[32;1m[Board] [0mLoading history file `stats/White/game-26/history.csv`...
[32;1m[Board] [0mLoaded 24 move(s).
[32;1m[Board] [0mLoading move file `stats/White/game-26/move.csv`...
[32;1m[Board] [0mWhite player is playing a4 to c3.
[32;1m[Board] [0m
[32;1m[Board] [0m    a b c d e f g h 
[32;1m[Board] [0m  -------------------
[32;1m[Board] [0m8 ||[7;1m [0m|[30;1mk[0m|[7;1m [0m| |[30;1mK[0m|[30;1mb[0m|[7;1m [0m|[30;1mr[0m|| 8
[32;1m[Board] [0m  -------------------
[32;1m[Board] [0m7 || |[30;1mp[0m| |[7;1m [0m|[30;1mk[0m|[30;1mp[0m|[30;1mp[0m|[7;1m [0m|| 7
[32;1m[Board] [0m  -------------------
[32;1m[Board] [0m6 ||[7;1m [0m| |[7;1m [0m|[30;1mp[0m|[30;1mp[0m| |[7;1m [0m| || 6
[32;1m[Board] [0m  -------------------
[32;1m[Board] [0m5 || |[7;1m [0m| |[7;1m [0m| |[7;1m [0m| |[30;1mp[0m|| 5
[32;1m[Board] [0m  -------------------
[32;1m[Board] [0m4 ||[7;1m [0m| |[7;1m [0m| |[7;1m [0m| |[7;1m [0m| || 4
[32;1m[Board] [0m  -------------------
[32;1m[Board] [0m3 || |[7;1m [0m|[0;1mk[0m|[7;1m [0m| |[7;1m [0m| |[7;1m [0m|| 3
[32;1m[Board] [0m  -------------------
[32;1m[Board] [0m2 ||[0;1mp[0m|[0;1mp[0m|[0;1mp[0m|[0;1mp[0m|[0;1mp[0m|[0;1mp[0m|[0;1mp[0m|[0;1mp[0m|| 2
[32;1m[Board] [0m  -------------------
[32;1m[Board] [0m1 ||[0;1mr[0m|[7;1m [0m|[0;1mb[0m|[0;1mQ[0m|[0;1mK[0m|[0;1mb[0m| |[0;1mr[0m|| 1
[32;1m[Board] [0m  -------------------
[32;1m[Board] [0m    a b c d e f g h
[32;1m[Board] [0m
[32;1m[Referee] [0mThis is the turn of the Black player...
[32;1m[Board] [0mInitializing board...
[32;1m[Board] [0mLoading history file `stats/White/game-26/history.csv`...
[32;1m[Board] [0mLoaded 25 move(s).
[32;1m[RandomPlayer] [0mComputing possible moves...
[32;1m[RandomPlayer] [0m23 possible move(s)
[32;1m[RandomPlayer] [0mPlaying random move 0 out of 23
[32;1m[Game] [0mPlayer's error code: 0
[32;1m[Game] [0mChecking move validity...
[32;1m[Board] [0mInitializing board...
[32;1m[Board] [0mLoading history file `stats/White/game-26/history.csv`...
[32;1m[Board] [0mLoaded 25 move(s).
[32;1m[Board] [0mLoading move file `stats/White/game-26/move.csv`...
[32;1m[Board] [0mBlack player is playing b7 to b6.
[32;1m[Board] [0m
[32;1m[Board] [0m    a b c d e f g h 
[32;1m[Board] [0m  -------------------
[32;1m[Board] [0m8 ||[7;1m [0m|[30;1mk[0m|[7;1m [0m| |[30;1mK[0m|[30;1mb[0m|[7;1m [0m|[30;1mr[0m|| 8
[32;1m[Board] [0m  -------------------
[32;1m[Board] [0m7 || |[7;1m [0m| |[7;1m [0m|[30;1mk[0m|[30;1mp[0m|[30;1mp[0m|[7;1m [0m|| 7
[32;1m[Board] [0m  -------------------
[32;1m[Board] [0m6 ||[7;1m [0m|[30;1mp[0m|[7;1m [0m|[30;1mp[0m|[30;1mp[0m| |[7;1m [0m| || 6
[32;1m[Board] [0m  -------------------
[32;1m[Board] [0m5 || |[7;1m [0m| |[7;1m [0m| |[7;1m [0m| |[30;1mp[0m|| 5
[32;1m[Board] [0m  -------------------
[32;1m[Board] [0m4 ||[7;1m [0m| |[7;1m [0m| |[7;1m [0m| |[7;1m [0m| || 4
[32;1m[Board] [0m  -------------------
[32;1m[Board] [0m3 || |[7;1m [0m|[0;1mk[0m|[7;1m [0m| |[7;1m [0m| |[7;1m [0m|| 3
[32;1m[Board] [0m  -------------------
[32;1m[Board] [0m2 ||[0;1mp[0m|[0;1mp[0m|[0;1mp[0m|[0;1mp[0m|[0;1mp[0m|[0;1mp[0m|[0;1mp[0m|[0;1mp[0m|| 2
[32;1m[Board] [0m  -------------------
[32;1m[Board] [0m1 ||[0;1mr[0m|[7;1m [0m|[0;1mb[0m|[0;1mQ[0m|[0;1mK[0m|[0;1mb[0m| |[0;1mr[0m|| 1
[32;1m[Board] [0m  -------------------
[32;1m[Board] [0m    a b c d e f g h
[32;1m[Board] [0m
[32;1m[Referee] [0mThis is the turn of the White player...
Position after history:

  +-----------------+
8 | . n . . k b . r |
7 | . . . . n p p . |
6 | . p . p p . . . |
5 | . . . . . . . p |
4 | . . . . . . . . |
3 | . . N . . . . . |
2 | P P P P P P P P |
1 | R . B Q K B . R |
  +-----------------+
    a b c d e f g h
Side to move: White
Next move: c3e4 (score: 1880)
[32;1m[Game] [0mPlayer's error code: 0
[32;1m[Game] [0mChecking move validity...
[32;1m[Board] [0mInitializing board...
[32;1m[Board] [0mLoading history file `stats/White/game-26/history.csv`...
[32;1m[Board] [0mLoaded 26 move(s).
[32;1m[Board] [0mLoading move file `stats/White/game-26/move.csv`...
[32;1m[Board] [0mWhite player is playing c3 to e4.
[32;1m[Board] [0m
[32;1m[Board] [0m    a b c d e f g h 
[32;1m[Board] [0m  -------------------
[32;1m[Board] [0m8 ||[7;1m [0m|[30;1mk[0m|[7;1m [0m| |[30;1mK[0m|[30;1mb[0m|[7;1m [0m|[30;1mr[0m|| 8
[32;1m[Board] [0m  -------------------
[32;1m[Board] [0m7 || |[7;1m [0m| |[7;1m [0m|[30;1mk[0m|[30;1mp[0m|[30;1mp[0m|[7;1m [0m|| 7
[32;1m[Board] [0m  -------------------
[32;1m[Board] [0m6 ||[7;1m [0m|[30;1mp[0m|[7;1m [0m|[30;1mp[0m|[30;1mp[0m| |[7;1m [0m| || 6
[32;1m[Board] [0m  -------------------
[32;1m[Board] [0m5 || |[7;1m [0m| |[7;1m [0m| |[7;1m [0m| |[30;1mp[0m|| 5
[32;1m[Board] [0m  -------------------
[32;1m[Board] [0m4 ||[7;1m [0m| |[7;1m [0m| |[0;1mk[0m| |[7;1m [0m| || 4
[32;1m[Board] [0m  -------------------
[32;1m[Board] [0m3 || |[7;1m [0m| |[7;1m [0m| |[7;1m [0m| |[7;1m [0m|| 3
[32;1m[Board] [0m  -------------------
[32;1m[Board] [0m2 ||[0;1mp[0m|[0;1mp[0m|[0;1mp[0m|[0;1mp[0m|[0;1mp[0m|[0;1mp[0m|[0;1mp[0m|[0;1mp[0m|| 2
[32;1m[Board] [0m  -------------------
[32;1m[Board] [0m1 ||[0;1mr[0m|[7;1m [0m|[0;1mb[0m|[0;1mQ[0m|[0;1mK[0m|[0;1mb[0m| |[0;1mr[0m|| 1
[32;1m[Board] [0m  -------------------
[32;1m[Board] [0m    a b c d e f g h
[32;1m[Board] [0m
[32;1m[Referee] [0mThis is the turn of the Black player...
[32;1m[Board] [0mInitializing board...
[32;1m[Board] [0mLoading history file `stats/White/game-26/history.csv`...
[32;1m[Board] [0mLoaded 27 move(s).
[32;1m[RandomPlayer] [0mComputing possible moves...
[32;1m[RandomPlayer] [0m22 possible move(s)
[32;1m[RandomPlayer] [0mPlaying random move 16 out of 22
[32;1m[Game] [0mPlayer's error code: 0
[32;1m[Game] [0mChecking move validity...
[32;1m[Board] [0mInitializing board...
[32;1m[Board] [0mLoading history file `stats/White/game-26/history.csv`...
[32;1m[Board] [0mLoaded 27 move(s).
[32;1m[Board] [0mLoading move file `stats/White/game-26/move.csv`...
[32;1m[Board] [0mBlack player is playing e7 to g6.
[32;1m[Board] [0m
[32;1m[Board] [0m    a b c d e f g h 
[32;1m[Board] [0m  -------------------
[32;1m[Board] [0m8 ||[7;1m [0m|[30;1mk[0m|[7;1m [0m| |[30;1mK[0m|[30;1mb[0m|[7;1m [0m|[30;1mr[0m|| 8
[32;1m[Board] [0m  -------------------
[32;1m[Board] [0m7 || |[7;1m [0m| |[7;1m [0m| |[30;1mp[0m|[30;1mp[0m|[7;1m [0m|| 7
[32;1m[Board] [0m  -------------------
[32;1m[Board] [0m6 ||[7;1m [0m|[30;1mp[0m|[7;1m [0m|[30;1mp[0m|[30;1mp[0m| |[30;1mk[0m| || 6
[32;1m[Board] [0m  -------------------
[32;1m[Board] [0m5 || |[7;1m [0m| |[7;1m [0m| |[7;1m [0m| |[30;1mp[0m|| 5
[32;1m[Board] [0m  -------------------
[32;1m[Board] [0m4 ||[7;1m [0m| |[7;1m [0m| |[0;1mk[0m| |[7;1m [0m| || 4
[32;1m[Board] [0m  -------------------
[32;1m[Board] [0m3 || |[7;1m [0m| |[7;1m [0m| |[7;1m [0m| |[7;1m [0m|| 3
[32;1m[Board] [0m  -------------------
[32;1m[Board] [0m2 ||[0;1mp[0m|[0;1mp[0m|[0;1mp[0m|[0;1mp[0m|[0;1mp[0m|[0;1mp[0m|[0;1mp[0m|[0;1mp[0m|| 2
[32;1m[Board] [0m  -------------------
[32;1m[Board] [0m1 ||[0;1mr[0m|[7;1m [0m|[0;1mb[0m|[0;1mQ[0m|[0;1mK[0m|[0;1mb[0m| |[0;1mr[0m|| 1
[32;1m[Board] [0m  -------------------
[32;1m[Board] [0m    a b c d e f g h
[32;1m[Board] [0m
[32;1m[Referee] [0mThis is the turn of the White player...
Position after history:

  +-----------------+
8 | . n . . k b . r |
7 | . . . . . p p . |
6 | . p . p p . n . |
5 | . . . . . . . p |
4 | . . . . N . . . |
3 | . . . . . . . . |
2 | P P P P P P P P |
1 | R . B Q K B . R |
  +-----------------+
    a b c d e f g h
Side to move: White
Next move: e2e3 (score: 1880)
[32;1m[Game] [0mPlayer's error code: 0
[32;1m[Game] [0mChecking move validity...
[32;1m[Board] [0mInitializing board...
[32;1m[Board] [0mLoading history file `stats/White/game-26/history.csv`...
[32;1m[Board] [0mLoaded 28 move(s).
[32;1m[Board] [0mLoading move file `stats/White/game-26/move.csv`...
[32;1m[Board] [0mWhite player is playing e2 to e3.
[32;1m[Board] [0m
[32;1m[Board] [0m    a b c d e f g h 
[32;1m[Board] [0m  -------------------
[32;1m[Board] [0m8 ||[7;1m [0m|[30;1mk[0m|[7;1m [0m| |[30;1mK[0m|[30;1mb[0m|[7;1m [0m|[30;1mr[0m|| 8
[32;1m[Board] [0m  -------------------
[32;1m[Board] [0m7 || |[7;1m [0m| |[7;1m [0m| |[30;1mp[0m|[30;1mp[0m|[7;1m [0m|| 7
[32;1m[Board] [0m  -------------------
[32;1m[Board] [0m6 ||[7;1m [0m|[30;1mp[0m|[7;1m [0m|[30;1mp[0m|[30;1mp[0m| |[30;1mk[0m| || 6
[32;1m[Board] [0m  -------------------
[32;1m[Board] [0m5 || |[7;1m [0m| |[7;1m [0m| |[7;1m [0m| |[30;1mp[0m|| 5
[32;1m[Board] [0m  -------------------
[32;1m[Board] [0m4 ||[7;1m [0m| |[7;1m [0m| |[0;1mk[0m| |[7;1m [0m| || 4
[32;1m[Board] [0m  -------------------
[32;1m[Board] [0m3 || |[7;1m [0m| |[7;1m [0m|[0;1mp[0m|[7;1m [0m| |[7;1m [0m|| 3
[32;1m[Board] [0m  -------------------
[32;1m[Board] [0m2 ||[0;1mp[0m|[0;1mp[0m|[0;1mp[0m|[0;1mp[0m|[7;1m [0m|[0;1mp[0m|[0;1mp[0m|[0;1mp[0m|| 2
[32;1m[Board] [0m  -------------------
[32;1m[Board] [0m1 ||[0;1mr[0m|[7;1m [0m|[0;1mb[0m|[0;1mQ[0m|[0;1mK[0m|[0;1mb[0m| |[0;1mr[0m|| 1
[32;1m[Board] [0m  -------------------
[32;1m[Board] [0m    a b c d e f g h
[32;1m[Board] [0m
[32;1m[Referee] [0mThis is the turn of the Black player...
[32;1m[Board] [0mInitializing board...
[32;1m[Board] [0mLoading history file `stats/White/game-26/history.csv`...
[32;1m[Board] [0mLoaded 29 move(s).
[32;1m[RandomPlayer] [0mComputing possible moves...
[32;1m[RandomPlayer] [0m20 possible move(s)
[32;1m[RandomPlayer] [0mPlaying random move 14 out of 20
[32;1m[Game] [0mPlayer's error code: 0
[32;1m[Game] [0mChecking move validity...
[32;1m[Board] [0mInitializing board...
[32;1m[Board] [0mLoading history file `stats/White/game-26/history.csv`...
[32;1m[Board] [0mLoaded 29 move(s).
[32;1m[Board] [0mLoading move file `stats/White/game-26/move.csv`...
[32;1m[Board] [0mBlack player is playing g6 to e5.
[32;1m[Board] [0m
[32;1m[Board] [0m    a b c d e f g h 
[32;1m[Board] [0m  -------------------
[32;1m[Board] [0m8 ||[7;1m [0m|[30;1mk[0m|[7;1m [0m| |[30;1mK[0m|[30;1mb[0m|[7;1m [0m|[30;1mr[0m|| 8
[32;1m[Board] [0m  -------------------
[32;1m[Board] [0m7 || |[7;1m [0m| |[7;1m [0m| |[30;1mp[0m|[30;1mp[0m|[7;1m [0m|| 7
[32;1m[Board] [0m  -------------------
[32;1m[Board] [0m6 ||[7;1m [0m|[30;1mp[0m|[7;1m [0m|[30;1mp[0m|[30;1mp[0m| |[7;1m [0m| || 6
[32;1m[Board] [0m  -------------------
[32;1m[Board] [0m5 || |[7;1m [0m| |[7;1m [0m|[30;1mk[0m|[7;1m [0m| |[30;1mp[0m|| 5
[32;1m[Board] [0m  -------------------
[32;1m[Board] [0m4 ||[7;1m [0m| |[7;1m [0m| |[0;1mk[0m| |[7;1m [0m| || 4
[32;1m[Board] [0m  -------------------
[32;1m[Board] [0m3 || |[7;1m [0m| |[7;1m [0m|[0;1mp[0m|[7;1m [0m| |[7;1m [0m|| 3
[32;1m[Board] [0m  -------------------
[32;1m[Board] [0m2 ||[0;1mp[0m|[0;1mp[0m|[0;1mp[0m|[0;1mp[0m|[7;1m [0m|[0;1mp[0m|[0;1mp[0m|[0;1mp[0m|| 2
[32;1m[Board] [0m  -------------------
[32;1m[Board] [0m1 ||[0;1mr[0m|[7;1m [0m|[0;1mb[0m|[0;1mQ[0m|[0;1mK[0m|[0;1mb[0m| |[0;1mr[0m|| 1
[32;1m[Board] [0m  -------------------
[32;1m[Board] [0m    a b c d e f g h
[32;1m[Board] [0m
[32;1m[Referee] [0mThis is the turn of the White player...
Position after history:

  +-----------------+
8 | . n . . k b . r |
7 | . . . . . p p . |
6 | . p . p p . . . |
5 | . . . . n . . p |
4 | . . . . N . . . |
3 | . . . . P . . . |
2 | P P P P . P P P |
1 | R . B Q K B . R |
  +-----------------+
    a b c d e f g h
Side to move: White
Next move: f1b5 (score: 1870)
[32;1m[Game] [0mPlayer's error code: 0
[32;1m[Game] [0mChecking move validity...
[32;1m[Board] [0mInitializing board...
[32;1m[Board] [0mLoading history file `stats/White/game-26/history.csv`...
[32;1m[Board] [0mLoaded 30 move(s).
[32;1m[Board] [0mLoading move file `stats/White/game-26/move.csv`...
[32;1m[Board] [0mWhite player is playing f1 to b5.
[32;1m[Board] [0m
[32;1m[Board] [0m    a b c d e f g h 
[32;1m[Board] [0m  -------------------
[32;1m[Board] [0m8 ||[7;1m [0m|[30;1mk[0m|[7;1m [0m| |[30;1mK[0m|[30;1mb[0m|[7;1m [0m|[30;1mr[0m|| 8
[32;1m[Board] [0m  -------------------
[32;1m[Board] [0m7 || |[7;1m [0m| |[7;1m [0m| |[30;1mp[0m|[30;1mp[0m|[7;1m [0m|| 7
[32;1m[Board] [0m  -------------------
[32;1m[Board] [0m6 ||[7;1m [0m|[30;1mp[0m|[7;1m [0m|[30;1mp[0m|[30;1mp[0m| |[7;1m [0m| || 6
[32;1m[Board] [0m  -------------------
[32;1m[Board] [0m5 || |[0;1mb[0m| |[7;1m [0m|[30;1mk[0m|[7;1m [0m| |[30;1mp[0m|| 5
[32;1m[Board] [0m  -------------------
[32;1m[Board] [0m4 ||[7;1m [0m| |[7;1m [0m| |[0;1mk[0m| |[7;1m [0m| || 4
[32;1m[Board] [0m  -------------------
[32;1m[Board] [0m3 || |[7;1m [0m| |[7;1m [0m|[0;1mp[0m|[7;1m [0m| |[7;1m [0m|| 3
[32;1m[Board] [0m  -------------------
[32;1m[Board] [0m2 ||[0;1mp[0m|[0;1mp[0m|[0;1mp[0m|[0;1mp[0m|[7;1m [0m|[0;1mp[0m|[0;1mp[0m|[0;1mp[0m|| 2
[32;1m[Board] [0m  -------------------
[32;1m[Board] [0m1 ||[0;1mr[0m|[7;1m [0m|[0;1mb[0m|[0;1mQ[0m|[0;1mK[0m|[7;1m [0m| |[0;1mr[0m|| 1
[32;1m[Board] [0m  -------------------
[32;1m[Board] [0m    a b c d e f g h
[32;1m[Board] [0m
[32;1m[Referee] [0mThis is the turn of the Black player...
[32;1m[Board] [0mInitializing board...
[32;1m[Board] [0mLoading history file `stats/White/game-26/history.csv`...
[32;1m[Board] [0mLoaded 31 move(s).
[32;1m[RandomPlayer] [0mComputing possible moves...
[32;1m[RandomPlayer] [0m6 possible move(s)
[32;1m[RandomPlayer] [0mPlaying random move 2 out of 6
[32;1m[Game] [0mPlayer's error code: 0
[32;1m[Game] [0mChecking move validity...
[32;1m[Board] [0mInitializing board...
[32;1m[Board] [0mLoading history file `stats/White/game-26/history.csv`...
[32;1m[Board] [0mLoaded 31 move(s).
[32;1m[Board] [0mLoading move file `stats/White/game-26/move.csv`...
[32;1m[Board] [0mBlack player is playing e5 to c6.
[32;1m[Board] [0m
[32;1m[Board] [0m    a b c d e f g h 
[32;1m[Board] [0m  -------------------
[32;1m[Board] [0m8 ||[7;1m [0m|[30;1mk[0m|[7;1m [0m| |[30;1mK[0m|[30;1mb[0m|[7;1m [0m|[30;1mr[0m|| 8
[32;1m[Board] [0m  -------------------
[32;1m[Board] [0m7 || |[7;1m [0m| |[7;1m [0m| |[30;1mp[0m|[30;1mp[0m|[7;1m [0m|| 7
[32;1m[Board] [0m  -------------------
[32;1m[Board] [0m6 ||[7;1m [0m|[30;1mp[0m|[30;1mk[0m|[30;1mp[0m|[30;1mp[0m| |[7;1m [0m| || 6
[32;1m[Board] [0m  -------------------
[32;1m[Board] [0m5 || |[0;1mb[0m| |[7;1m [0m| |[7;1m [0m| |[30;1mp[0m|| 5
[32;1m[Board] [0m  -------------------
[32;1m[Board] [0m4 ||[7;1m [0m| |[7;1m [0m| |[0;1mk[0m| |[7;1m [0m| || 4
[32;1m[Board] [0m  -------------------
[32;1m[Board] [0m3 || |[7;1m [0m| |[7;1m [0m|[0;1mp[0m|[7;1m [0m| |[7;1m [0m|| 3
[32;1m[Board] [0m  -------------------
[32;1m[Board] [0m2 ||[0;1mp[0m|[0;1mp[0m|[0;1mp[0m|[0;1mp[0m|[7;1m [0m|[0;1mp[0m|[0;1mp[0m|[0;1mp[0m|| 2
[32;1m[Board] [0m  -------------------
[32;1m[Board] [0m1 ||[0;1mr[0m|[7;1m [0m|[0;1mb[0m|[0;1mQ[0m|[0;1mK[0m|[7;1m [0m| |[0;1mr[0m|| 1
[32;1m[Board] [0m  -------------------
[32;1m[Board] [0m    a b c d e f g h
[32;1m[Board] [0m
[32;1m[Referee] [0mThis is the turn of the White player...
Position after history:

  +-----------------+
8 | . n . . k b . r |
7 | . . . . . p p . |
6 | . p n p p . . . |
5 | . B . . . . . p |
4 | . . . . N . . . |
3 | . . . . P . . . |
2 | P P P P . P P P |
1 | R . B Q K . . R |
  +-----------------+
    a b c d e f g h
Side to move: White
Next move: e1e2 (score: 1905)
[32;1m[Game] [0mPlayer's error code: 0
[32;1m[Game] [0mChecking move validity...
[32;1m[Board] [0mInitializing board...
[32;1m[Board] [0mLoading history file `stats/White/game-26/history.csv`...
[32;1m[Board] [0mLoaded 32 move(s).
[32;1m[Board] [0mLoading move file `stats/White/game-26/move.csv`...
[32;1m[Board] [0mWhite player is playing e1 to e2.
[32;1m[Board] [0m
[32;1m[Board] [0m    a b c d e f g h 
[32;1m[Board] [0m  -------------------
[32;1m[Board] [0m8 ||[7;1m [0m|[30;1mk[0m|[7;1m [0m| |[30;1mK[0m|[30;1mb[0m|[7;1m [0m|[30;1mr[0m|| 8
[32;1m[Board] [0m  -------------------
[32;1m[Board] [0m7 || |[7;1m [0m| |[7;1m [0m| |[30;1mp[0m|[30;1mp[0m|[7;1m [0m|| 7
[32;1m[Board] [0m  -------------------
[32;1m[Board] [0m6 ||[7;1m [0m|[30;1mp[0m|[30;1mk[0m|[30;1mp[0m|[30;1mp[0m| |[7;1m [0m| || 6
[32;1m[Board] [0m  -------------------
[32;1m[Board] [0m5 || |[0;1mb[0m| |[7;1m [0m| |[7;1m [0m| |[30;1mp[0m|| 5
[32;1m[Board] [0m  -------------------
[32;1m[Board] [0m4 ||[7;1m [0m| |[7;1m [0m| |[0;1mk[0m| |[7;1m [0m| || 4
[32;1m[Board] [0m  -------------------
[32;1m[Board] [0m3 || |[7;1m [0m| |[7;1m [0m|[0;1mp[0m|[7;1m [0m| |[7;1m [0m|| 3
[32;1m[Board] [0m  -------------------
[32;1m[Board] [0m2 ||[0;1mp[0m|[0;1mp[0m|[0;1mp[0m|[0;1mp[0m|[0;1mK[0m|[0;1mp[0m|[0;1mp[0m|[0;1mp[0m|| 2
[32;1m[Board] [0m  -------------------
[32;1m[Board] [0m1 ||[0;1mr[0m|[7;1m [0m|[0;1mb[0m|[0;1mQ[0m| |[7;1m [0m| |[0;1mr[0m|| 1
[32;1m[Board] [0m  -------------------
[32;1m[Board] [0m    a b c d e f g h
[32;1m[Board] [0m
[32;1m[Referee] [0mThis is the turn of the Black player...
[32;1m[Board] [0mInitializing board...
[32;1m[Board] [0mLoading history file `stats/White/game-26/history.csv`...
[32;1m[Board] [0mLoaded 33 move(s).
[32;1m[RandomPlayer] [0mComputing possible moves...
[32;1m[RandomPlayer] [0m16 possible move(s)
[32;1m[RandomPlayer] [0mPlaying random move 11 out of 16
[32;1m[Game] [0mPlayer's error code: 0
[32;1m[Game] [0mChecking move validity...
[32;1m[Board] [0mInitializing board...
[32;1m[Board] [0mLoading history file `stats/White/game-26/history.csv`...
[32;1m[Board] [0mLoaded 33 move(s).
[32;1m[Board] [0mLoading move file `stats/White/game-26/move.csv`...
[32;1m[Board] [0mBlack player is playing b8 to a6.
[32;1m[Board] [0m
[32;1m[Board] [0m    a b c d e f g h 
[32;1m[Board] [0m  -------------------
[32;1m[Board] [0m8 ||[7;1m [0m| |[7;1m [0m| |[30;1mK[0m|[30;1mb[0m|[7;1m [0m|[30;1mr[0m|| 8
[32;1m[Board] [0m  -------------------
[32;1m[Board] [0m7 || |[7;1m [0m| |[7;1m [0m| |[30;1mp[0m|[30;1mp[0m|[7;1m [0m|| 7
[32;1m[Board] [0m  -------------------
[32;1m[Board] [0m6 ||[30;1mk[0m|[30;1mp[0m|[30;1mk[0m|[30;1mp[0m|[30;1mp[0m| |[7;1m [0m| || 6
[32;1m[Board] [0m  -------------------
[32;1m[Board] [0m5 || |[0;1mb[0m| |[7;1m [0m| |[7;1m [0m| |[30;1mp[0m|| 5
[32;1m[Board] [0m  -------------------
[32;1m[Board] [0m4 ||[7;1m [0m| |[7;1m [0m| |[0;1mk[0m| |[7;1m [0m| || 4
[32;1m[Board] [0m  -------------------
[32;1m[Board] [0m3 || |[7;1m [0m| |[7;1m [0m|[0;1mp[0m|[7;1m [0m| |[7;1m [0m|| 3
[32;1m[Board] [0m  -------------------
[32;1m[Board] [0m2 ||[0;1mp[0m|[0;1mp[0m|[0;1mp[0m|[0;1mp[0m|[0;1mK[0m|[0;1mp[0m|[0;1mp[0m|[0;1mp[0m|| 2
[32;1m[Board] [0m  -------------------
[32;1m[Board] [0m1 ||[0;1mr[0m|[7;1m [0m|[0;1mb[0m|[0;1mQ[0m| |[7;1m [0m| |[0;1mr[0m|| 1
[32;1m[Board] [0m  -------------------
[32;1m[Board] [0m    a b c d e f g h
[32;1m[Board] [0m
[32;1m[Referee] [0mThis is the turn of the White player...
Position after history:

  +-----------------+
8 | . . . . k b . r |
7 | . . . . . p p . |
6 | n p n p p . . . |
5 | . B . . . . . p |
4 | . . . . N . . . |
3 | . . . . P . . . |
2 | P P P P K P P P |
1 | R . B Q . . . R |
  +-----------------+
    a b c d e f g h
Side to move: White
Next move: b5c6 (score: 2245)
[32;1m[Game] [0mPlayer's error code: 0
[32;1m[Game] [0mChecking move validity...
[32;1m[Board] [0mInitializing board...
[32;1m[Board] [0mLoading history file `stats/White/game-26/history.csv`...
[32;1m[Board] [0mLoaded 34 move(s).
[32;1m[Board] [0mLoading move file `stats/White/game-26/move.csv`...
[32;1m[Board] [0mWhite player is playing b5 to c6.
[32;1m[Board] [0m[5;1mWhite Bishop is taking Black Knight.[0m
[32;1m[Board] [0m
[32;1m[Board] [0m    a b c d e f g h 
[32;1m[Board] [0m  -------------------
[32;1m[Board] [0m8 ||[7;1m [0m| |[7;1m [0m| |[30;1mK[0m|[30;1mb[0m|[7;1m [0m|[30;1mr[0m|| 8
[32;1m[Board] [0m  -------------------
[32;1m[Board] [0m7 || |[7;1m [0m| |[7;1m [0m| |[30;1mp[0m|[30;1mp[0m|[7;1m [0m|| 7
[32;1m[Board] [0m  -------------------
[32;1m[Board] [0m6 ||[30;1mk[0m|[30;1mp[0m|[0;1mb[0m|[30;1mp[0m|[30;1mp[0m| |[7;1m [0m| || 6
[32;1m[Board] [0m  -------------------
[32;1m[Board] [0m5 || |[7;1m [0m| |[7;1m [0m| |[7;1m [0m| |[30;1mp[0m|| 5
[32;1m[Board] [0m  -------------------
[32;1m[Board] [0m4 ||[7;1m [0m| |[7;1m [0m| |[0;1mk[0m| |[7;1m [0m| || 4
[32;1m[Board] [0m  -------------------
[32;1m[Board] [0m3 || |[7;1m [0m| |[7;1m [0m|[0;1mp[0m|[7;1m [0m| |[7;1m [0m|| 3
[32;1m[Board] [0m  -------------------
[32;1m[Board] [0m2 ||[0;1mp[0m|[0;1mp[0m|[0;1mp[0m|[0;1mp[0m|[0;1mK[0m|[0;1mp[0m|[0;1mp[0m|[0;1mp[0m|| 2
[32;1m[Board] [0m  -------------------
[32;1m[Board] [0m1 ||[0;1mr[0m|[7;1m [0m|[0;1mb[0m|[0;1mQ[0m| |[7;1m [0m| |[0;1mr[0m|| 1
[32;1m[Board] [0m  -------------------
[32;1m[Board] [0m    a b c d e f g h
[32;1m[Board] [0m
[32;1m[Referee] [0mThis is the turn of the Black player...
[32;1m[Board] [0mInitializing board...
[32;1m[Board] [0mLoading history file `stats/White/game-26/history.csv`...
[32;1m[Board] [0mLoaded 35 move(s).
[32;1m[RandomPlayer] [0mComputing possible moves...
[32;1m[RandomPlayer] [0m2 possible move(s)
[32;1m[RandomPlayer] [0mPlaying random move 0 out of 2
[32;1m[Game] [0mPlayer's error code: 0
[32;1m[Game] [0mChecking move validity...
[32;1m[Board] [0mInitializing board...
[32;1m[Board] [0mLoading history file `stats/White/game-26/history.csv`...
[32;1m[Board] [0mLoaded 35 move(s).
[32;1m[Board] [0mLoading move file `stats/White/game-26/move.csv`...
[32;1m[Board] [0mBlack player is playing e8 to d8.
[32;1m[Board] [0m
[32;1m[Board] [0m    a b c d e f g h 
[32;1m[Board] [0m  -------------------
[32;1m[Board] [0m8 ||[7;1m [0m| |[7;1m [0m|[30;1mK[0m|[7;1m [0m|[30;1mb[0m|[7;1m [0m|[30;1mr[0m|| 8
[32;1m[Board] [0m  -------------------
[32;1m[Board] [0m7 || |[7;1m [0m| |[7;1m [0m| |[30;1mp[0m|[30;1mp[0m|[7;1m [0m|| 7
[32;1m[Board] [0m  -------------------
[32;1m[Board] [0m6 ||[30;1mk[0m|[30;1mp[0m|[0;1mb[0m|[30;1mp[0m|[30;1mp[0m| |[7;1m [0m| || 6
[32;1m[Board] [0m  -------------------
[32;1m[Board] [0m5 || |[7;1m [0m| |[7;1m [0m| |[7;1m [0m| |[30;1mp[0m|| 5
[32;1m[Board] [0m  -------------------
[32;1m[Board] [0m4 ||[7;1m [0m| |[7;1m [0m| |[0;1mk[0m| |[7;1m [0m| || 4
[32;1m[Board] [0m  -------------------
[32;1m[Board] [0m3 || |[7;1m [0m| |[7;1m [0m|[0;1mp[0m|[7;1m [0m| |[7;1m [0m|| 3
[32;1m[Board] [0m  -------------------
[32;1m[Board] [0m2 ||[0;1mp[0m|[0;1mp[0m|[0;1mp[0m|[0;1mp[0m|[0;1mK[0m|[0;1mp[0m|[0;1mp[0m|[0;1mp[0m|| 2
[32;1m[Board] [0m  -------------------
[32;1m[Board] [0m1 ||[0;1mr[0m|[7;1m [0m|[0;1mb[0m|[0;1mQ[0m| |[7;1m [0m| |[0;1mr[0m|| 1
[32;1m[Board] [0m  -------------------
[32;1m[Board] [0m    a b c d e f g h
[32;1m[Board] [0m
[32;1m[Referee] [0mThis is the turn of the White player...
Position after history:

  +-----------------+
8 | . . . k . b . r |
7 | . . . . . p p . |
6 | n p B p p . . . |
5 | . . . . . . . p |
4 | . . . . N . . . |
3 | . . . . P . . . |
2 | P P P P K P P P |
1 | R . B Q . . . R |
  +-----------------+
    a b c d e f g h
Side to move: White
Next move: e4g5 (score: 2205)
[32;1m[Game] [0mPlayer's error code: 0
[32;1m[Game] [0mChecking move validity...
[32;1m[Board] [0mInitializing board...
[32;1m[Board] [0mLoading history file `stats/White/game-26/history.csv`...
[32;1m[Board] [0mLoaded 36 move(s).
[32;1m[Board] [0mLoading move file `stats/White/game-26/move.csv`...
[32;1m[Board] [0mWhite player is playing e4 to g5.
[32;1m[Board] [0m
[32;1m[Board] [0m    a b c d e f g h 
[32;1m[Board] [0m  -------------------
[32;1m[Board] [0m8 ||[7;1m [0m| |[7;1m [0m|[30;1mK[0m|[7;1m [0m|[30;1mb[0m|[7;1m [0m|[30;1mr[0m|| 8
[32;1m[Board] [0m  -------------------
[32;1m[Board] [0m7 || |[7;1m [0m| |[7;1m [0m| |[30;1mp[0m|[30;1mp[0m|[7;1m [0m|| 7
[32;1m[Board] [0m  -------------------
[32;1m[Board] [0m6 ||[30;1mk[0m|[30;1mp[0m|[0;1mb[0m|[30;1mp[0m|[30;1mp[0m| |[7;1m [0m| || 6
[32;1m[Board] [0m  -------------------
[32;1m[Board] [0m5 || |[7;1m [0m| |[7;1m [0m| |[7;1m [0m|[0;1mk[0m|[30;1mp[0m|| 5
[32;1m[Board] [0m  -------------------
[32;1m[Board] [0m4 ||[7;1m [0m| |[7;1m [0m| |[7;1m [0m| |[7;1m [0m| || 4
[32;1m[Board] [0m  -------------------
[32;1m[Board] [0m3 || |[7;1m [0m| |[7;1m [0m|[0;1mp[0m|[7;1m [0m| |[7;1m [0m|| 3
[32;1m[Board] [0m  -------------------
[32;1m[Board] [0m2 ||[0;1mp[0m|[0;1mp[0m|[0;1mp[0m|[0;1mp[0m|[0;1mK[0m|[0;1mp[0m|[0;1mp[0m|[0;1mp[0m|| 2
[32;1m[Board] [0m  -------------------
[32;1m[Board] [0m1 ||[0;1mr[0m|[7;1m [0m|[0;1mb[0m|[0;1mQ[0m| |[7;1m [0m| |[0;1mr[0m|| 1
[32;1m[Board] [0m  -------------------
[32;1m[Board] [0m    a b c d e f g h
[32;1m[Board] [0m
[32;1m[Referee] [0mThis is the turn of the Black player...
[32;1m[Board] [0mInitializing board...
[32;1m[Board] [0mLoading history file `stats/White/game-26/history.csv`...
[32;1m[Board] [0mLoaded 37 move(s).
[32;1m[RandomPlayer] [0mComputing possible moves...
[32;1m[RandomPlayer] [0m18 possible move(s)
[32;1m[RandomPlayer] [0mPlaying random move 4 out of 18
[32;1m[Game] [0mPlayer's error code: 0
[32;1m[Game] [0mChecking move validity...
[32;1m[Board] [0mInitializing board...
[32;1m[Board] [0mLoading history file `stats/White/game-26/history.csv`...
[32;1m[Board] [0mLoaded 37 move(s).
[32;1m[Board] [0mLoading move file `stats/White/game-26/move.csv`...
[32;1m[Board] [0mBlack player is playing f7 to f5.
[32;1m[Board] [0m
[32;1m[Board] [0m    a b c d e f g h 
[32;1m[Board] [0m  -------------------
[32;1m[Board] [0m8 ||[7;1m [0m| |[7;1m [0m|[30;1mK[0m|[7;1m [0m|[30;1mb[0m|[7;1m [0m|[30;1mr[0m|| 8
[32;1m[Board] [0m  -------------------
[32;1m[Board] [0m7 || |[7;1m [0m| |[7;1m [0m| |[7;1m [0m|[30;1mp[0m|[7;1m [0m|| 7
[32;1m[Board] [0m  -------------------
[32;1m[Board] [0m6 ||[30;1mk[0m|[30;1mp[0m|[0;1mb[0m|[30;1mp[0m|[30;1mp[0m| |[7;1m [0m| || 6
[32;1m[Board] [0m  -------------------
[32;1m[Board] [0m5 || |[7;1m [0m| |[7;1m [0m| |[30;1mp[0m|[0;1mk[0m|[30;1mp[0m|| 5
[32;1m[Board] [0m  -------------------
[32;1m[Board] [0m4 ||[7;1m [0m| |[7;1m [0m| |[7;1m [0m| |[7;1m [0m| || 4
[32;1m[Board] [0m  -------------------
[32;1m[Board] [0m3 || |[7;1m [0m| |[7;1m [0m|[0;1mp[0m|[7;1m [0m| |[7;1m [0m|| 3
[32;1m[Board] [0m  -------------------
[32;1m[Board] [0m2 ||[0;1mp[0m|[0;1mp[0m|[0;1mp[0m|[0;1mp[0m|[0;1mK[0m|[0;1mp[0m|[0;1mp[0m|[0;1mp[0m|| 2
[32;1m[Board] [0m  -------------------
[32;1m[Board] [0m1 ||[0;1mr[0m|[7;1m [0m|[0;1mb[0m|[0;1mQ[0m| |[7;1m [0m| |[0;1mr[0m|| 1
[32;1m[Board] [0m  -------------------
[32;1m[Board] [0m    a b c d e f g h
[32;1m[Board] [0m
[32;1m[Referee] [0mThis is the turn of the White player...
Position after history:

  +-----------------+
8 | . . . k . b . r |
7 | . . . . . . p . |
6 | n p B p p . . . |
5 | . . . . . p N p |
4 | . . . . . . . . |
3 | . . . . P . . . |
2 | P P P P K P P P |
1 | R . B Q . . . R |
  +-----------------+
    a b c d e f g h
Side to move: White
Next move: g5e6 (score: 2420)
[32;1m[Game] [0mPlayer's error code: 0
[32;1m[Game] [0mChecking move validity...
[32;1m[Board] [0mInitializing board...
[32;1m[Board] [0mLoading history file `stats/White/game-26/history.csv`...
[32;1m[Board] [0mLoaded 38 move(s).
[32;1m[Board] [0mLoading move file `stats/White/game-26/move.csv`...
[32;1m[Board] [0mWhite player is playing g5 to e6.
[32;1m[Board] [0m[5;1mWhite Knight is taking Black Pawn.[0m
[32;1m[Board] [0m
[32;1m[Board] [0m    a b c d e f g h 
[32;1m[Board] [0m  -------------------
[32;1m[Board] [0m8 ||[7;1m [0m| |[7;1m [0m|[30;1mK[0m|[7;1m [0m|[30;1mb[0m|[7;1m [0m|[30;1mr[0m|| 8
[32;1m[Board] [0m  -------------------
[32;1m[Board] [0m7 || |[7;1m [0m| |[7;1m [0m| |[7;1m [0m|[30;1mp[0m|[7;1m [0m|| 7
[32;1m[Board] [0m  -------------------
[32;1m[Board] [0m6 ||[30;1mk[0m|[30;1mp[0m|[0;1mb[0m|[30;1mp[0m|[0;1mk[0m| |[7;1m [0m| || 6
[32;1m[Board] [0m  -------------------
[32;1m[Board] [0m5 || |[7;1m [0m| |[7;1m [0m| |[30;1mp[0m| |[30;1mp[0m|| 5
[32;1m[Board] [0m  -------------------
[32;1m[Board] [0m4 ||[7;1m [0m| |[7;1m [0m| |[7;1m [0m| |[7;1m [0m| || 4
[32;1m[Board] [0m  -------------------
[32;1m[Board] [0m3 || |[7;1m [0m| |[7;1m [0m|[0;1mp[0m|[7;1m [0m| |[7;1m [0m|| 3
[32;1m[Board] [0m  -------------------
[32;1m[Board] [0m2 ||[0;1mp[0m|[0;1mp[0m|[0;1mp[0m|[0;1mp[0m|[0;1mK[0m|[0;1mp[0m|[0;1mp[0m|[0;1mp[0m|| 2
[32;1m[Board] [0m  -------------------
[32;1m[Board] [0m1 ||[0;1mr[0m|[7;1m [0m|[0;1mb[0m|[0;1mQ[0m| |[7;1m [0m| |[0;1mr[0m|| 1
[32;1m[Board] [0m  -------------------
[32;1m[Board] [0m    a b c d e f g h
[32;1m[Board] [0m
[32;1m[Referee] [0mThis is the turn of the Black player...
[32;1m[Board] [0mInitializing board...
[32;1m[Board] [0mLoading history file `stats/White/game-26/history.csv`...
[32;1m[Board] [0mLoaded 39 move(s).
[32;1m[RandomPlayer] [0mComputing possible moves...
[32;1m[RandomPlayer] [0m2 possible move(s)
[32;1m[RandomPlayer] [0mPlaying random move 0 out of 2
[32;1m[Game] [0mPlayer's error code: 0
[32;1m[Game] [0mChecking move validity...
[32;1m[Board] [0mInitializing board...
[32;1m[Board] [0mLoading history file `stats/White/game-26/history.csv`...
[32;1m[Board] [0mLoaded 39 move(s).
[32;1m[Board] [0mLoading move file `stats/White/game-26/move.csv`...
[32;1m[Board] [0mBlack player is playing d8 to c8.
[32;1m[Board] [0m
[32;1m[Board] [0m    a b c d e f g h 
[32;1m[Board] [0m  -------------------
[32;1m[Board] [0m8 ||[7;1m [0m| |[30;1mK[0m| |[7;1m [0m|[30;1mb[0m|[7;1m [0m|[30;1mr[0m|| 8
[32;1m[Board] [0m  -------------------
[32;1m[Board] [0m7 || |[7;1m [0m| |[7;1m [0m| |[7;1m [0m|[30;1mp[0m|[7;1m [0m|| 7
[32;1m[Board] [0m  -------------------
[32;1m[Board] [0m6 ||[30;1mk[0m|[30;1mp[0m|[0;1mb[0m|[30;1mp[0m|[0;1mk[0m| |[7;1m [0m| || 6
[32;1m[Board] [0m  -------------------
[32;1m[Board] [0m5 || |[7;1m [0m| |[7;1m [0m| |[30;1mp[0m| |[30;1mp[0m|| 5
[32;1m[Board] [0m  -------------------
[32;1m[Board] [0m4 ||[7;1m [0m| |[7;1m [0m| |[7;1m [0m| |[7;1m [0m| || 4
[32;1m[Board] [0m  -------------------
[32;1m[Board] [0m3 || |[7;1m [0m| |[7;1m [0m|[0;1mp[0m|[7;1m [0m| |[7;1m [0m|| 3
[32;1m[Board] [0m  -------------------
[32;1m[Board] [0m2 ||[0;1mp[0m|[0;1mp[0m|[0;1mp[0m|[0;1mp[0m|[0;1mK[0m|[0;1mp[0m|[0;1mp[0m|[0;1mp[0m|| 2
[32;1m[Board] [0m  -------------------
[32;1m[Board] [0m1 ||[0;1mr[0m|[7;1m [0m|[0;1mb[0m|[0;1mQ[0m| |[7;1m [0m| |[0;1mr[0m|| 1
[32;1m[Board] [0m  -------------------
[32;1m[Board] [0m    a b c d e f g h
[32;1m[Board] [0m
[32;1m[Referee] [0mThis is the turn of the White player...
Position after history:

  +-----------------+
8 | . . k . . b . r |
7 | . . . . . . p . |
6 | n p B p N . . . |
5 | . . . . . p . p |
4 | . . . . . . . . |
3 | . . . . P . . . |
2 | P P P P K P P P |
1 | R . B Q . . . R |
  +-----------------+
    a b c d e f g h
Side to move: White
Next move: e6f8 (score: 2430)
[32;1m[Game] [0mPlayer's error code: 0
[32;1m[Game] [0mChecking move validity...
[32;1m[Board] [0mInitializing board...
[32;1m[Board] [0mLoading history file `stats/White/game-26/history.csv`...
[32;1m[Board] [0mLoaded 40 move(s).
[32;1m[Board] [0mLoading move file `stats/White/game-26/move.csv`...
[32;1m[Board] [0mWhite player is playing e6 to f8.
[32;1m[Board] [0m[5;1mWhite Knight is taking Black Bishop.[0m
[32;1m[Board] [0m
[32;1m[Board] [0m    a b c d e f g h 
[32;1m[Board] [0m  -------------------
[32;1m[Board] [0m8 ||[7;1m [0m| |[30;1mK[0m| |[7;1m [0m|[0;1mk[0m|[7;1m [0m|[30;1mr[0m|| 8
[32;1m[Board] [0m  -------------------
[32;1m[Board] [0m7 || |[7;1m [0m| |[7;1m [0m| |[7;1m [0m|[30;1mp[0m|[7;1m [0m|| 7
[32;1m[Board] [0m  -------------------
[32;1m[Board] [0m6 ||[30;1mk[0m|[30;1mp[0m|[0;1mb[0m|[30;1mp[0m|[7;1m [0m| |[7;1m [0m| || 6
[32;1m[Board] [0m  -------------------
[32;1m[Board] [0m5 || |[7;1m [0m| |[7;1m [0m| |[30;1mp[0m| |[30;1mp[0m|| 5
[32;1m[Board] [0m  -------------------
[32;1m[Board] [0m4 ||[7;1m [0m| |[7;1m [0m| |[7;1m [0m| |[7;1m [0m| || 4
[32;1m[Board] [0m  -------------------
[32;1m[Board] [0m3 || |[7;1m [0m| |[7;1m [0m|[0;1mp[0m|[7;1m [0m| |[7;1m [0m|| 3
[32;1m[Board] [0m  -------------------
[32;1m[Board] [0m2 ||[0;1mp[0m|[0;1mp[0m|[0;1mp[0m|[0;1mp[0m|[0;1mK[0m|[0;1mp[0m|[0;1mp[0m|[0;1mp[0m|| 2
[32;1m[Board] [0m  -------------------
[32;1m[Board] [0m1 ||[0;1mr[0m|[7;1m [0m|[0;1mb[0m|[0;1mQ[0m| |[7;1m [0m| |[0;1mr[0m|| 1
[32;1m[Board] [0m  -------------------
[32;1m[Board] [0m    a b c d e f g h
[32;1m[Board] [0m
[32;1m[Referee] [0mThis is the turn of the Black player...
[32;1m[Board] [0mInitializing board...
[32;1m[Board] [0mLoading history file `stats/White/game-26/history.csv`...
[32;1m[Board] [0mLoaded 41 move(s).
[32;1m[RandomPlayer] [0mComputing possible moves...
[32;1m[RandomPlayer] [0m17 possible move(s)
[32;1m[RandomPlayer] [0mPlaying random move 12 out of 17
[32;1m[Game] [0mPlayer's error code: 0
[32;1m[Game] [0mChecking move validity...
[32;1m[Board] [0mInitializing board...
[32;1m[Board] [0mLoading history file `stats/White/game-26/history.csv`...
[32;1m[Board] [0mLoaded 41 move(s).
[32;1m[Board] [0mLoading move file `stats/White/game-26/move.csv`...
[32;1m[Board] [0mBlack player is playing a6 to c5.
[32;1m[Board] [0m
[32;1m[Board] [0m    a b c d e f g h 
[32;1m[Board] [0m  -------------------
[32;1m[Board] [0m8 ||[7;1m [0m| |[30;1mK[0m| |[7;1m [0m|[0;1mk[0m|[7;1m [0m|[30;1mr[0m|| 8
[32;1m[Board] [0m  -------------------
[32;1m[Board] [0m7 || |[7;1m [0m| |[7;1m [0m| |[7;1m [0m|[30;1mp[0m|[7;1m [0m|| 7
[32;1m[Board] [0m  -------------------
[32;1m[Board] [0m6 ||[7;1m [0m|[30;1mp[0m|[0;1mb[0m|[30;1mp[0m|[7;1m [0m| |[7;1m [0m| || 6
[32;1m[Board] [0m  -------------------
[32;1m[Board] [0m5 || |[7;1m [0m|[30;1mk[0m|[7;1m [0m| |[30;1mp[0m| |[30;1mp[0m|| 5
[32;1m[Board] [0m  -------------------
[32;1m[Board] [0m4 ||[7;1m [0m| |[7;1m [0m| |[7;1m [0m| |[7;1m [0m| || 4
[32;1m[Board] [0m  -------------------
[32;1m[Board] [0m3 || |[7;1m [0m| |[7;1m [0m|[0;1mp[0m|[7;1m [0m| |[7;1m [0m|| 3
[32;1m[Board] [0m  -------------------
[32;1m[Board] [0m2 ||[0;1mp[0m|[0;1mp[0m|[0;1mp[0m|[0;1mp[0m|[0;1mK[0m|[0;1mp[0m|[0;1mp[0m|[0;1mp[0m|| 2
[32;1m[Board] [0m  -------------------
[32;1m[Board] [0m1 ||[0;1mr[0m|[7;1m [0m|[0;1mb[0m|[0;1mQ[0m| |[7;1m [0m| |[0;1mr[0m|| 1
[32;1m[Board] [0m  -------------------
[32;1m[Board] [0m    a b c d e f g h
[32;1m[Board] [0m
[32;1m[Referee] [0mThis is the turn of the White player...
Position after history:

  +-----------------+
8 | . . k . . N . r |
7 | . . . . . . p . |
6 | . p B p . . . . |
5 | . . n . . p . p |
4 | . . . . . . . . |
3 | . . . . P . . . |
2 | P P P P K P P P |
1 | R . B Q . . . R |
  +-----------------+
    a b c d e f g h
Side to move: White
Next move: f8g6 (score: 2725)
[32;1m[Game] [0mPlayer's error code: 0
[32;1m[Game] [0mChecking move validity...
[32;1m[Board] [0mInitializing board...
[32;1m[Board] [0mLoading history file `stats/White/game-26/history.csv`...
[32;1m[Board] [0mLoaded 42 move(s).
[32;1m[Board] [0mLoading move file `stats/White/game-26/move.csv`...
[32;1m[Board] [0mWhite player is playing f8 to g6.
[32;1m[Board] [0m
[32;1m[Board] [0m    a b c d e f g h 
[32;1m[Board] [0m  -------------------
[32;1m[Board] [0m8 ||[7;1m [0m| |[30;1mK[0m| |[7;1m [0m| |[7;1m [0m|[30;1mr[0m|| 8
[32;1m[Board] [0m  -------------------
[32;1m[Board] [0m7 || |[7;1m [0m| |[7;1m [0m| |[7;1m [0m|[30;1mp[0m|[7;1m [0m|| 7
[32;1m[Board] [0m  -------------------
[32;1m[Board] [0m6 ||[7;1m [0m|[30;1mp[0m|[0;1mb[0m|[30;1mp[0m|[7;1m [0m| |[0;1mk[0m| || 6
[32;1m[Board] [0m  -------------------
[32;1m[Board] [0m5 || |[7;1m [0m|[30;1mk[0m|[7;1m [0m| |[30;1mp[0m| |[30;1mp[0m|| 5
[32;1m[Board] [0m  -------------------
[32;1m[Board] [0m4 ||[7;1m [0m| |[7;1m [0m| |[7;1m [0m| |[7;1m [0m| || 4
[32;1m[Board] [0m  -------------------
[32;1m[Board] [0m3 || |[7;1m [0m| |[7;1m [0m|[0;1mp[0m|[7;1m [0m| |[7;1m [0m|| 3
[32;1m[Board] [0m  -------------------
[32;1m[Board] [0m2 ||[0;1mp[0m|[0;1mp[0m|[0;1mp[0m|[0;1mp[0m|[0;1mK[0m|[0;1mp[0m|[0;1mp[0m|[0;1mp[0m|| 2
[32;1m[Board] [0m  -------------------
[32;1m[Board] [0m1 ||[0;1mr[0m|[7;1m [0m|[0;1mb[0m|[0;1mQ[0m| |[7;1m [0m| |[0;1mr[0m|| 1
[32;1m[Board] [0m  -------------------
[32;1m[Board] [0m    a b c d e f g h
[32;1m[Board] [0m
[32;1m[Referee] [0mThis is the turn of the Black player...
[32;1m[Board] [0mInitializing board...
[32;1m[Board] [0mLoading history file `stats/White/game-26/history.csv`...
[32;1m[Board] [0mLoaded 43 move(s).
[32;1m[RandomPlayer] [0mComputing possible moves...
[32;1m[RandomPlayer] [0m21 possible move(s)
[32;1m[RandomPlayer] [0mPlaying random move 10 out of 21
[32;1m[Game] [0mPlayer's error code: 0
[32;1m[Game] [0mChecking move validity...
[32;1m[Board] [0mInitializing board...
[32;1m[Board] [0mLoading history file `stats/White/game-26/history.csv`...
[32;1m[Board] [0mLoaded 43 move(s).
[32;1m[Board] [0mLoading move file `stats/White/game-26/move.csv`...
[32;1m[Board] [0mBlack player is playing c5 to e6.
[32;1m[Board] [0m
[32;1m[Board] [0m    a b c d e f g h 
[32;1m[Board] [0m  -------------------
[32;1m[Board] [0m8 ||[7;1m [0m| |[30;1mK[0m| |[7;1m [0m| |[7;1m [0m|[30;1mr[0m|| 8
[32;1m[Board] [0m  -------------------
[32;1m[Board] [0m7 || |[7;1m [0m| |[7;1m [0m| |[7;1m [0m|[30;1mp[0m|[7;1m [0m|| 7
[32;1m[Board] [0m  -------------------
[32;1m[Board] [0m6 ||[7;1m [0m|[30;1mp[0m|[0;1mb[0m|[30;1mp[0m|[30;1mk[0m| |[0;1mk[0m| || 6
[32;1m[Board] [0m  -------------------
[32;1m[Board] [0m5 || |[7;1m [0m| |[7;1m [0m| |[30;1mp[0m| |[30;1mp[0m|| 5
[32;1m[Board] [0m  -------------------
[32;1m[Board] [0m4 ||[7;1m [0m| |[7;1m [0m| |[7;1m [0m| |[7;1m [0m| || 4
[32;1m[Board] [0m  -------------------
[32;1m[Board] [0m3 || |[7;1m [0m| |[7;1m [0m|[0;1mp[0m|[7;1m [0m| |[7;1m [0m|| 3
[32;1m[Board] [0m  -------------------
[32;1m[Board] [0m2 ||[0;1mp[0m|[0;1mp[0m|[0;1mp[0m|[0;1mp[0m|[0;1mK[0m|[0;1mp[0m|[0;1mp[0m|[0;1mp[0m|| 2
[32;1m[Board] [0m  -------------------
[32;1m[Board] [0m1 ||[0;1mr[0m|[7;1m [0m|[0;1mb[0m|[0;1mQ[0m| |[7;1m [0m| |[0;1mr[0m|| 1
[32;1m[Board] [0m  -------------------
[32;1m[Board] [0m    a b c d e f g h
[32;1m[Board] [0m
[32;1m[Referee] [0mThis is the turn of the White player...
Position after history:

  +-----------------+
8 | . . k . . . . r |
7 | . . . . . . p . |
6 | . p B p n . N . |
5 | . . . . . p . p |
4 | . . . . . . . . |
3 | . . . . P . . . |
2 | P P P P K P P P |
1 | R . B Q . . . R |
  +-----------------+
    a b c d e f g h
Side to move: White
Next move: g6h8 (score: 3145)
[32;1m[Game] [0mPlayer's error code: 0
[32;1m[Game] [0mChecking move validity...
[32;1m[Board] [0mInitializing board...
[32;1m[Board] [0mLoading history file `stats/White/game-26/history.csv`...
[32;1m[Board] [0mLoaded 44 move(s).
[32;1m[Board] [0mLoading move file `stats/White/game-26/move.csv`...
[32;1m[Board] [0mWhite player is playing g6 to h8.
[32;1m[Board] [0m[5;1mWhite Knight is taking Black Rook.[0m
[32;1m[Board] [0m
[32;1m[Board] [0m    a b c d e f g h 
[32;1m[Board] [0m  -------------------
[32;1m[Board] [0m8 ||[7;1m [0m| |[30;1mK[0m| |[7;1m [0m| |[7;1m [0m|[0;1mk[0m|| 8
[32;1m[Board] [0m  -------------------
[32;1m[Board] [0m7 || |[7;1m [0m| |[7;1m [0m| |[7;1m [0m|[30;1mp[0m|[7;1m [0m|| 7
[32;1m[Board] [0m  -------------------
[32;1m[Board] [0m6 ||[7;1m [0m|[30;1mp[0m|[0;1mb[0m|[30;1mp[0m|[30;1mk[0m| |[7;1m [0m| || 6
[32;1m[Board] [0m  -------------------
[32;1m[Board] [0m5 || |[7;1m [0m| |[7;1m [0m| |[30;1mp[0m| |[30;1mp[0m|| 5
[32;1m[Board] [0m  -------------------
[32;1m[Board] [0m4 ||[7;1m [0m| |[7;1m [0m| |[7;1m [0m| |[7;1m [0m| || 4
[32;1m[Board] [0m  -------------------
[32;1m[Board] [0m3 || |[7;1m [0m| |[7;1m [0m|[0;1mp[0m|[7;1m [0m| |[7;1m [0m|| 3
[32;1m[Board] [0m  -------------------
[32;1m[Board] [0m2 ||[0;1mp[0m|[0;1mp[0m|[0;1mp[0m|[0;1mp[0m|[0;1mK[0m|[0;1mp[0m|[0;1mp[0m|[0;1mp[0m|| 2
[32;1m[Board] [0m  -------------------
[32;1m[Board] [0m1 ||[0;1mr[0m|[7;1m [0m|[0;1mb[0m|[0;1mQ[0m| |[7;1m [0m| |[0;1mr[0m|| 1
[32;1m[Board] [0m  -------------------
[32;1m[Board] [0m    a b c d e f g h
[32;1m[Board] [0m
[32;1m[Referee] [0mThis is the turn of the Black player...
[32;1m[Board] [0mInitializing board...
[32;1m[Board] [0mLoading history file `stats/White/game-26/history.csv`...
[32;1m[Board] [0mLoaded 45 move(s).
[32;1m[RandomPlayer] [0mComputing possible moves...
[32;1m[RandomPlayer] [0m16 possible move(s)
[32;1m[RandomPlayer] [0mPlaying random move 3 out of 16
[32;1m[Game] [0mPlayer's error code: 0
[32;1m[Game] [0mChecking move validity...
[32;1m[Board] [0mInitializing board...
[32;1m[Board] [0mLoading history file `stats/White/game-26/history.csv`...
[32;1m[Board] [0mLoaded 45 move(s).
[32;1m[Board] [0mLoading move file `stats/White/game-26/move.csv`...
[32;1m[Board] [0mBlack player is playing g7 to g6.
[32;1m[Board] [0m
[32;1m[Board] [0m    a b c d e f g h 
[32;1m[Board] [0m  -------------------
[32;1m[Board] [0m8 ||[7;1m [0m| |[30;1mK[0m| |[7;1m [0m| |[7;1m [0m|[0;1mk[0m|| 8
[32;1m[Board] [0m  -------------------
[32;1m[Board] [0m7 || |[7;1m [0m| |[7;1m [0m| |[7;1m [0m| |[7;1m [0m|| 7
[32;1m[Board] [0m  -------------------
[32;1m[Board] [0m6 ||[7;1m [0m|[30;1mp[0m|[0;1mb[0m|[30;1mp[0m|[30;1mk[0m| |[30;1mp[0m| || 6
[32;1m[Board] [0m  -------------------
[32;1m[Board] [0m5 || |[7;1m [0m| |[7;1m [0m| |[30;1mp[0m| |[30;1mp[0m|| 5
[32;1m[Board] [0m  -------------------
[32;1m[Board] [0m4 ||[7;1m [0m| |[7;1m [0m| |[7;1m [0m| |[7;1m [0m| || 4
[32;1m[Board] [0m  -------------------
[32;1m[Board] [0m3 || |[7;1m [0m| |[7;1m [0m|[0;1mp[0m|[7;1m [0m| |[7;1m [0m|| 3
[32;1m[Board] [0m  -------------------
[32;1m[Board] [0m2 ||[0;1mp[0m|[0;1mp[0m|[0;1mp[0m|[0;1mp[0m|[0;1mK[0m|[0;1mp[0m|[0;1mp[0m|[0;1mp[0m|| 2
[32;1m[Board] [0m  -------------------
[32;1m[Board] [0m1 ||[0;1mr[0m|[7;1m [0m|[0;1mb[0m|[0;1mQ[0m| |[7;1m [0m| |[0;1mr[0m|| 1
[32;1m[Board] [0m  -------------------
[32;1m[Board] [0m    a b c d e f g h
[32;1m[Board] [0m
[32;1m[Referee] [0mThis is the turn of the White player...
Position after history:

  +-----------------+
8 | . . k . . . . N |
7 | . . . . . . . . |
6 | . p B p n . p . |
5 | . . . . . p . p |
4 | . . . . . . . . |
3 | . . . . P . . . |
2 | P P P P K P P P |
1 | R . B Q . . . R |
  +-----------------+
    a b c d e f g h
Side to move: White
Next move: h8g6 (score: 3375)
[32;1m[Game] [0mPlayer's error code: 0
[32;1m[Game] [0mChecking move validity...
[32;1m[Board] [0mInitializing board...
[32;1m[Board] [0mLoading history file `stats/White/game-26/history.csv`...
[32;1m[Board] [0mLoaded 46 move(s).
[32;1m[Board] [0mLoading move file `stats/White/game-26/move.csv`...
[32;1m[Board] [0mWhite player is playing h8 to g6.
[32;1m[Board] [0m[5;1mWhite Knight is taking Black Pawn.[0m
[32;1m[Board] [0m
[32;1m[Board] [0m    a b c d e f g h 
[32;1m[Board] [0m  -------------------
[32;1m[Board] [0m8 ||[7;1m [0m| |[30;1mK[0m| |[7;1m [0m| |[7;1m [0m| || 8
[32;1m[Board] [0m  -------------------
[32;1m[Board] [0m7 || |[7;1m [0m| |[7;1m [0m| |[7;1m [0m| |[7;1m [0m|| 7
[32;1m[Board] [0m  -------------------
[32;1m[Board] [0m6 ||[7;1m [0m|[30;1mp[0m|[0;1mb[0m|[30;1mp[0m|[30;1mk[0m| |[0;1mk[0m| || 6
[32;1m[Board] [0m  -------------------
[32;1m[Board] [0m5 || |[7;1m [0m| |[7;1m [0m| |[30;1mp[0m| |[30;1mp[0m|| 5
[32;1m[Board] [0m  -------------------
[32;1m[Board] [0m4 ||[7;1m [0m| |[7;1m [0m| |[7;1m [0m| |[7;1m [0m| || 4
[32;1m[Board] [0m  -------------------
[32;1m[Board] [0m3 || |[7;1m [0m| |[7;1m [0m|[0;1mp[0m|[7;1m [0m| |[7;1m [0m|| 3
[32;1m[Board] [0m  -------------------
[32;1m[Board] [0m2 ||[0;1mp[0m|[0;1mp[0m|[0;1mp[0m|[0;1mp[0m|[0;1mK[0m|[0;1mp[0m|[0;1mp[0m|[0;1mp[0m|| 2
[32;1m[Board] [0m  -------------------
[32;1m[Board] [0m1 ||[0;1mr[0m|[7;1m [0m|[0;1mb[0m|[0;1mQ[0m| |[7;1m [0m| |[0;1mr[0m|| 1
[32;1m[Board] [0m  -------------------
[32;1m[Board] [0m    a b c d e f g h
[32;1m[Board] [0m
[32;1m[Referee] [0mThis is the turn of the Black player...
[32;1m[Board] [0mInitializing board...
[32;1m[Board] [0mLoading history file `stats/White/game-26/history.csv`...
[32;1m[Board] [0mLoaded 47 move(s).
[32;1m[RandomPlayer] [0mComputing possible moves...
[32;1m[RandomPlayer] [0m15 possible move(s)
[32;1m[RandomPlayer] [0mPlaying random move 4 out of 15
[32;1m[Game] [0mPlayer's error code: 0
[32;1m[Game] [0mChecking move validity...
[32;1m[Board] [0mInitializing board...
[32;1m[Board] [0mLoading history file `stats/White/game-26/history.csv`...
[32;1m[Board] [0mLoaded 47 move(s).
[32;1m[Board] [0mLoading move file `stats/White/game-26/move.csv`...
[32;1m[Board] [0mBlack player is playing e6 to g7.
[32;1m[Board] [0m
[32;1m[Board] [0m    a b c d e f g h 
[32;1m[Board] [0m  -------------------
[32;1m[Board] [0m8 ||[7;1m [0m| |[30;1mK[0m| |[7;1m [0m| |[7;1m [0m| || 8
[32;1m[Board] [0m  -------------------
[32;1m[Board] [0m7 || |[7;1m [0m| |[7;1m [0m| |[7;1m [0m|[30;1mk[0m|[7;1m [0m|| 7
[32;1m[Board] [0m  -------------------
[32;1m[Board] [0m6 ||[7;1m [0m|[30;1mp[0m|[0;1mb[0m|[30;1mp[0m|[7;1m [0m| |[0;1mk[0m| || 6
[32;1m[Board] [0m  -------------------
[32;1m[Board] [0m5 || |[7;1m [0m| |[7;1m [0m| |[30;1mp[0m| |[30;1mp[0m|| 5
[32;1m[Board] [0m  -------------------
[32;1m[Board] [0m4 ||[7;1m [0m| |[7;1m [0m| |[7;1m [0m| |[7;1m [0m| || 4
[32;1m[Board] [0m  -------------------
[32;1m[Board] [0m3 || |[7;1m [0m| |[7;1m [0m|[0;1mp[0m|[7;1m [0m| |[7;1m [0m|| 3
[32;1m[Board] [0m  -------------------
[32;1m[Board] [0m2 ||[0;1mp[0m|[0;1mp[0m|[0;1mp[0m|[0;1mp[0m|[0;1mK[0m|[0;1mp[0m|[0;1mp[0m|[0;1mp[0m|| 2
[32;1m[Board] [0m  -------------------
[32;1m[Board] [0m1 ||[0;1mr[0m|[7;1m [0m|[0;1mb[0m|[0;1mQ[0m| |[7;1m [0m| |[0;1mr[0m|| 1
[32;1m[Board] [0m  -------------------
[32;1m[Board] [0m    a b c d e f g h
[32;1m[Board] [0m
[32;1m[Referee] [0mThis is the turn of the White player...
Position after history:

  +-----------------+
8 | . . k . . . . . |
7 | . . . . . . n . |
6 | . p B p . . N . |
5 | . . . . . p . p |
4 | . . . . . . . . |
3 | . . . . P . . . |
2 | P P P P K P P P |
1 | R . B Q . . . R |
  +-----------------+
    a b c d e f g h
Side to move: White
Next move: e2d3 (score: 3420)
[32;1m[Game] [0mPlayer's error code: 0
[32;1m[Game] [0mChecking move validity...
[32;1m[Board] [0mInitializing board...
[32;1m[Board] [0mLoading history file `stats/White/game-26/history.csv`...
[32;1m[Board] [0mLoaded 48 move(s).
[32;1m[Board] [0mLoading move file `stats/White/game-26/move.csv`...
[32;1m[Board] [0mWhite player is playing e2 to d3.
[32;1m[Board] [0m
[32;1m[Board] [0m    a b c d e f g h 
[32;1m[Board] [0m  -------------------
[32;1m[Board] [0m8 ||[7;1m [0m| |[30;1mK[0m| |[7;1m [0m| |[7;1m [0m| || 8
[32;1m[Board] [0m  -------------------
[32;1m[Board] [0m7 || |[7;1m [0m| |[7;1m [0m| |[7;1m [0m|[30;1mk[0m|[7;1m [0m|| 7
[32;1m[Board] [0m  -------------------
[32;1m[Board] [0m6 ||[7;1m [0m|[30;1mp[0m|[0;1mb[0m|[30;1mp[0m|[7;1m [0m| |[0;1mk[0m| || 6
[32;1m[Board] [0m  -------------------
[32;1m[Board] [0m5 || |[7;1m [0m| |[7;1m [0m| |[30;1mp[0m| |[30;1mp[0m|| 5
[32;1m[Board] [0m  -------------------
[32;1m[Board] [0m4 ||[7;1m [0m| |[7;1m [0m| |[7;1m [0m| |[7;1m [0m| || 4
[32;1m[Board] [0m  -------------------
[32;1m[Board] [0m3 || |[7;1m [0m| |[0;1mK[0m|[0;1mp[0m|[7;1m [0m| |[7;1m [0m|| 3
[32;1m[Board] [0m  -------------------
[32;1m[Board] [0m2 ||[0;1mp[0m|[0;1mp[0m|[0;1mp[0m|[0;1mp[0m|[7;1m [0m|[0;1mp[0m|[0;1mp[0m|[0;1mp[0m|| 2
[32;1m[Board] [0m  -------------------
[32;1m[Board] [0m1 ||[0;1mr[0m|[7;1m [0m|[0;1mb[0m|[0;1mQ[0m| |[7;1m [0m| |[0;1mr[0m|| 1
[32;1m[Board] [0m  -------------------
[32;1m[Board] [0m    a b c d e f g h
[32;1m[Board] [0m
[32;1m[Referee] [0mThis is the turn of the Black player...
[32;1m[Board] [0mInitializing board...
[32;1m[Board] [0mLoading history file `stats/White/game-26/history.csv`...
[32;1m[Board] [0mLoaded 49 move(s).
[32;1m[RandomPlayer] [0mComputing possible moves...
[32;1m[RandomPlayer] [0m9 possible move(s)
[32;1m[RandomPlayer] [0mPlaying random move 1 out of 9
[32;1m[Game] [0mPlayer's error code: 0
[32;1m[Game] [0mChecking move validity...
[32;1m[Board] [0mInitializing board...
[32;1m[Board] [0mLoading history file `stats/White/game-26/history.csv`...
[32;1m[Board] [0mLoaded 49 move(s).
[32;1m[Board] [0mLoading move file `stats/White/game-26/move.csv`...
[32;1m[Board] [0mBlack player is playing d6 to d5.
[32;1m[Board] [0m
[32;1m[Board] [0m    a b c d e f g h 
[32;1m[Board] [0m  -------------------
[32;1m[Board] [0m8 ||[7;1m [0m| |[30;1mK[0m| |[7;1m [0m| |[7;1m [0m| || 8
[32;1m[Board] [0m  -------------------
[32;1m[Board] [0m7 || |[7;1m [0m| |[7;1m [0m| |[7;1m [0m|[30;1mk[0m|[7;1m [0m|| 7
[32;1m[Board] [0m  -------------------
[32;1m[Board] [0m6 ||[7;1m [0m|[30;1mp[0m|[0;1mb[0m| |[7;1m [0m| |[0;1mk[0m| || 6
[32;1m[Board] [0m  -------------------
[32;1m[Board] [0m5 || |[7;1m [0m| |[30;1mp[0m| |[30;1mp[0m| |[30;1mp[0m|| 5
[32;1m[Board] [0m  -------------------
[32;1m[Board] [0m4 ||[7;1m [0m| |[7;1m [0m| |[7;1m [0m| |[7;1m [0m| || 4
[32;1m[Board] [0m  -------------------
[32;1m[Board] [0m3 || |[7;1m [0m| |[0;1mK[0m|[0;1mp[0m|[7;1m [0m| |[7;1m [0m|| 3
[32;1m[Board] [0m  -------------------
[32;1m[Board] [0m2 ||[0;1mp[0m|[0;1mp[0m|[0;1mp[0m|[0;1mp[0m|[7;1m [0m|[0;1mp[0m|[0;1mp[0m|[0;1mp[0m|| 2
[32;1m[Board] [0m  -------------------
[32;1m[Board] [0m1 ||[0;1mr[0m|[7;1m [0m|[0;1mb[0m|[0;1mQ[0m| |[7;1m [0m| |[0;1mr[0m|| 1
[32;1m[Board] [0m  -------------------
[32;1m[Board] [0m    a b c d e f g h
[32;1m[Board] [0m
[32;1m[Referee] [0mThis is the turn of the White player...
Position after history:

  +-----------------+
8 | . . k . . . . . |
7 | . . . . . . n . |
6 | . p B . . . N . |
5 | . . . p . p . p |
4 | . . . . . . . . |
3 | . . . K P . . . |
2 | P P P P . P P P |
1 | R . B Q . . . R |
  +-----------------+
    a b c d e f g h
Side to move: White
Next move: g6e5 (score: 3550)
[32;1m[Game] [0mPlayer's error code: 0
[32;1m[Game] [0mChecking move validity...
[32;1m[Board] [0mInitializing board...
[32;1m[Board] [0mLoading history file `stats/White/game-26/history.csv`...
[32;1m[Board] [0mLoaded 50 move(s).
[32;1m[Board] [0mLoading move file `stats/White/game-26/move.csv`...
[32;1m[Board] [0mWhite player is playing g6 to e5.
[32;1m[Board] [0m
[32;1m[Board] [0m    a b c d e f g h 
[32;1m[Board] [0m  -------------------
[32;1m[Board] [0m8 ||[7;1m [0m| |[30;1mK[0m| |[7;1m [0m| |[7;1m [0m| || 8
[32;1m[Board] [0m  -------------------
[32;1m[Board] [0m7 || |[7;1m [0m| |[7;1m [0m| |[7;1m [0m|[30;1mk[0m|[7;1m [0m|| 7
[32;1m[Board] [0m  -------------------
[32;1m[Board] [0m6 ||[7;1m [0m|[30;1mp[0m|[0;1mb[0m| |[7;1m [0m| |[7;1m [0m| || 6
[32;1m[Board] [0m  -------------------
[32;1m[Board] [0m5 || |[7;1m [0m| |[30;1mp[0m|[0;1mk[0m|[30;1mp[0m| |[30;1mp[0m|| 5
[32;1m[Board] [0m  -------------------
[32;1m[Board] [0m4 ||[7;1m [0m| |[7;1m [0m| |[7;1m [0m| |[7;1m [0m| || 4
[32;1m[Board] [0m  -------------------
[32;1m[Board] [0m3 || |[7;1m [0m| |[0;1mK[0m|[0;1mp[0m|[7;1m [0m| |[7;1m [0m|| 3
[32;1m[Board] [0m  -------------------
[32;1m[Board] [0m2 ||[0;1mp[0m|[0;1mp[0m|[0;1mp[0m|[0;1mp[0m|[7;1m [0m|[0;1mp[0m|[0;1mp[0m|[0;1mp[0m|| 2
[32;1m[Board] [0m  -------------------
[32;1m[Board] [0m1 ||[0;1mr[0m|[7;1m [0m|[0;1mb[0m|[0;1mQ[0m| |[7;1m [0m| |[0;1mr[0m|| 1
[32;1m[Board] [0m  -------------------
[32;1m[Board] [0m    a b c d e f g h
[32;1m[Board] [0m
[32;1m[Referee] [0mThis is the turn of the Black player...
[32;1m[Board] [0mInitializing board...
[32;1m[Board] [0mLoading history file `stats/White/game-26/history.csv`...
[32;1m[Board] [0mLoaded 51 move(s).
[32;1m[RandomPlayer] [0mComputing possible moves...
[32;1m[RandomPlayer] [0m9 possible move(s)
[32;1m[RandomPlayer] [0mPlaying random move 0 out of 9
[32;1m[Game] [0mPlayer's error code: 0
[32;1m[Game] [0mChecking move validity...
[32;1m[Board] [0mInitializing board...
[32;1m[Board] [0mLoading history file `stats/White/game-26/history.csv`...
[32;1m[Board] [0mLoaded 51 move(s).
[32;1m[Board] [0mLoading move file `stats/White/game-26/move.csv`...
[32;1m[Board] [0mBlack player is playing b6 to b5.
[32;1m[Board] [0m
[32;1m[Board] [0m    a b c d e f g h 
[32;1m[Board] [0m  -------------------
[32;1m[Board] [0m8 ||[7;1m [0m| |[30;1mK[0m| |[7;1m [0m| |[7;1m [0m| || 8
[32;1m[Board] [0m  -------------------
[32;1m[Board] [0m7 || |[7;1m [0m| |[7;1m [0m| |[7;1m [0m|[30;1mk[0m|[7;1m [0m|| 7
[32;1m[Board] [0m  -------------------
[32;1m[Board] [0m6 ||[7;1m [0m| |[0;1mb[0m| |[7;1m [0m| |[7;1m [0m| || 6
[32;1m[Board] [0m  -------------------
[32;1m[Board] [0m5 || |[30;1mp[0m| |[30;1mp[0m|[0;1mk[0m|[30;1mp[0m| |[30;1mp[0m|| 5
[32;1m[Board] [0m  -------------------
[32;1m[Board] [0m4 ||[7;1m [0m| |[7;1m [0m| |[7;1m [0m| |[7;1m [0m| || 4
[32;1m[Board] [0m  -------------------
[32;1m[Board] [0m3 || |[7;1m [0m| |[0;1mK[0m|[0;1mp[0m|[7;1m [0m| |[7;1m [0m|| 3
[32;1m[Board] [0m  -------------------
[32;1m[Board] [0m2 ||[0;1mp[0m|[0;1mp[0m|[0;1mp[0m|[0;1mp[0m|[7;1m [0m|[0;1mp[0m|[0;1mp[0m|[0;1mp[0m|| 2
[32;1m[Board] [0m  -------------------
[32;1m[Board] [0m1 ||[0;1mr[0m|[7;1m [0m|[0;1mb[0m|[0;1mQ[0m| |[7;1m [0m| |[0;1mr[0m|| 1
[32;1m[Board] [0m  -------------------
[32;1m[Board] [0m    a b c d e f g h
[32;1m[Board] [0m
[32;1m[Referee] [0mThis is the turn of the White player...
Position after history:

  +-----------------+
8 | . . k . . . . . |
7 | . . . . . . n . |
6 | . . B . . . . . |
5 | . p . p N p . p |
4 | . . . . . . . . |
3 | . . . K P . . . |
2 | P P P P . P P P |
1 | R . B Q . . . R |
  +-----------------+
    a b c d e f g h
Side to move: White
Next move: d1f3 (score: 3570)
[32;1m[Game] [0mPlayer's error code: 0
[32;1m[Game] [0mChecking move validity...
[32;1m[Board] [0mInitializing board...
[32;1m[Board] [0mLoading history file `stats/White/game-26/history.csv`...
[32;1m[Board] [0mLoaded 52 move(s).
[32;1m[Board] [0mLoading move file `stats/White/game-26/move.csv`...
[32;1m[Board] [0mWhite player is playing d1 to f3.
[32;1m[Board] [0m
[32;1m[Board] [0m    a b c d e f g h 
[32;1m[Board] [0m  -------------------
[32;1m[Board] [0m8 ||[7;1m [0m| |[30;1mK[0m| |[7;1m [0m| |[7;1m [0m| || 8
[32;1m[Board] [0m  -------------------
[32;1m[Board] [0m7 || |[7;1m [0m| |[7;1m [0m| |[7;1m [0m|[30;1mk[0m|[7;1m [0m|| 7
[32;1m[Board] [0m  -------------------
[32;1m[Board] [0m6 ||[7;1m [0m| |[0;1mb[0m| |[7;1m [0m| |[7;1m [0m| || 6
[32;1m[Board] [0m  -------------------
[32;1m[Board] [0m5 || |[30;1mp[0m| |[30;1mp[0m|[0;1mk[0m|[30;1mp[0m| |[30;1mp[0m|| 5
[32;1m[Board] [0m  -------------------
[32;1m[Board] [0m4 ||[7;1m [0m| |[7;1m [0m| |[7;1m [0m| |[7;1m [0m| || 4
[32;1m[Board] [0m  -------------------
[32;1m[Board] [0m3 || |[7;1m [0m| |[0;1mK[0m|[0;1mp[0m|[0;1mQ[0m| |[7;1m [0m|| 3
[32;1m[Board] [0m  -------------------
[32;1m[Board] [0m2 ||[0;1mp[0m|[0;1mp[0m|[0;1mp[0m|[0;1mp[0m|[7;1m [0m|[0;1mp[0m|[0;1mp[0m|[0;1mp[0m|| 2
[32;1m[Board] [0m  -------------------
[32;1m[Board] [0m1 ||[0;1mr[0m|[7;1m [0m|[0;1mb[0m|[7;1m [0m| |[7;1m [0m| |[0;1mr[0m|| 1
[32;1m[Board] [0m  -------------------
[32;1m[Board] [0m    a b c d e f g h
[32;1m[Board] [0m
[32;1m[Referee] [0mThis is the turn of the Black player...
[32;1m[Board] [0mInitializing board...
[32;1m[Board] [0mLoading history file `stats/White/game-26/history.csv`...
[32;1m[Board] [0mLoaded 53 move(s).
[32;1m[RandomPlayer] [0mComputing possible moves...
[32;1m[RandomPlayer] [0m9 possible move(s)
[32;1m[RandomPlayer] [0mPlaying random move 2 out of 9
[32;1m[Game] [0mPlayer's error code: 0
[32;1m[Game] [0mChecking move validity...
[32;1m[Board] [0mInitializing board...
[32;1m[Board] [0mLoading history file `stats/White/game-26/history.csv`...
[32;1m[Board] [0mLoaded 53 move(s).
[32;1m[Board] [0mLoading move file `stats/White/game-26/move.csv`...
[32;1m[Board] [0mBlack player is playing f5 to f4.
[32;1m[Board] [0m
[32;1m[Board] [0m    a b c d e f g h 
[32;1m[Board] [0m  -------------------
[32;1m[Board] [0m8 ||[7;1m [0m| |[30;1mK[0m| |[7;1m [0m| |[7;1m [0m| || 8
[32;1m[Board] [0m  -------------------
[32;1m[Board] [0m7 || |[7;1m [0m| |[7;1m [0m| |[7;1m [0m|[30;1mk[0m|[7;1m [0m|| 7
[32;1m[Board] [0m  -------------------
[32;1m[Board] [0m6 ||[7;1m [0m| |[0;1mb[0m| |[7;1m [0m| |[7;1m [0m| || 6
[32;1m[Board] [0m  -------------------
[32;1m[Board] [0m5 || |[30;1mp[0m| |[30;1mp[0m|[0;1mk[0m|[7;1m [0m| |[30;1mp[0m|| 5
[32;1m[Board] [0m  -------------------
[32;1m[Board] [0m4 ||[7;1m [0m| |[7;1m [0m| |[7;1m [0m|[30;1mp[0m|[7;1m [0m| || 4
[32;1m[Board] [0m  -------------------
[32;1m[Board] [0m3 || |[7;1m [0m| |[0;1mK[0m|[0;1mp[0m|[0;1mQ[0m| |[7;1m [0m|| 3
[32;1m[Board] [0m  -------------------
[32;1m[Board] [0m2 ||[0;1mp[0m|[0;1mp[0m|[0;1mp[0m|[0;1mp[0m|[7;1m [0m|[0;1mp[0m|[0;1mp[0m|[0;1mp[0m|| 2
[32;1m[Board] [0m  -------------------
[32;1m[Board] [0m1 ||[0;1mr[0m|[7;1m [0m|[0;1mb[0m|[7;1m [0m| |[7;1m [0m| |[0;1mr[0m|| 1
[32;1m[Board] [0m  -------------------
[32;1m[Board] [0m    a b c d e f g h
[32;1m[Board] [0m
[32;1m[Referee] [0mThis is the turn of the White player...
Position after history:

  +-----------------+
8 | . . k . . . . . |
7 | . . . . . . n . |
6 | . . B . . . . . |
5 | . p . p N . . p |
4 | . . . . . p . . |
3 | . . . K P Q . . |
2 | P P P P . P P P |
1 | R . B . . . . R |
  +-----------------+
    a b c d e f g h
Side to move: White
Next move: e3f4 (score: 3570)
[32;1m[Game] [0mPlayer's error code: 0
[32;1m[Game] [0mChecking move validity...
[32;1m[Board] [0mInitializing board...
[32;1m[Board] [0mLoading history file `stats/White/game-26/history.csv`...
[32;1m[Board] [0mLoaded 54 move(s).
[32;1m[Board] [0mLoading move file `stats/White/game-26/move.csv`...
[32;1m[Board] [0mWhite player is playing e3 to f4.
[32;1m[Board] [0m[5;1mWhite Pawn is taking Black Pawn.[0m
[32;1m[Board] [0m
[32;1m[Board] [0m    a b c d e f g h 
[32;1m[Board] [0m  -------------------
[32;1m[Board] [0m8 ||[7;1m [0m| |[30;1mK[0m| |[7;1m [0m| |[7;1m [0m| || 8
[32;1m[Board] [0m  -------------------
[32;1m[Board] [0m7 || |[7;1m [0m| |[7;1m [0m| |[7;1m [0m|[30;1mk[0m|[7;1m [0m|| 7
[32;1m[Board] [0m  -------------------
[32;1m[Board] [0m6 ||[7;1m [0m| |[0;1mb[0m| |[7;1m [0m| |[7;1m [0m| || 6
[32;1m[Board] [0m  -------------------
[32;1m[Board] [0m5 || |[30;1mp[0m| |[30;1mp[0m|[0;1mk[0m|[7;1m [0m| |[30;1mp[0m|| 5
[32;1m[Board] [0m  -------------------
[32;1m[Board] [0m4 ||[7;1m [0m| |[7;1m [0m| |[7;1m [0m|[0;1mp[0m|[7;1m [0m| || 4
[32;1m[Board] [0m  -------------------
[32;1m[Board] [0m3 || |[7;1m [0m| |[0;1mK[0m| |[0;1mQ[0m| |[7;1m [0m|| 3
[32;1m[Board] [0m  -------------------
[32;1m[Board] [0m2 ||[0;1mp[0m|[0;1mp[0m|[0;1mp[0m|[0;1mp[0m|[7;1m [0m|[0;1mp[0m|[0;1mp[0m|[0;1mp[0m|| 2
[32;1m[Board] [0m  -------------------
[32;1m[Board] [0m1 ||[0;1mr[0m|[7;1m [0m|[0;1mb[0m|[7;1m [0m| |[7;1m [0m| |[0;1mr[0m|| 1
[32;1m[Board] [0m  -------------------
[32;1m[Board] [0m    a b c d e f g h
[32;1m[Board] [0m
[32;1m[Referee] [0mThis is the turn of the Black player...
[32;1m[Board] [0mInitializing board...
[32;1m[Board] [0mLoading history file `stats/White/game-26/history.csv`...
[32;1m[Board] [0mLoaded 55 move(s).
[32;1m[RandomPlayer] [0mComputing possible moves...
[32;1m[RandomPlayer] [0m9 possible move(s)
[32;1m[RandomPlayer] [0mPlaying random move 1 out of 9
[32;1m[Game] [0mPlayer's error code: 0
[32;1m[Game] [0mChecking move validity...
[32;1m[Board] [0mInitializing board...
[32;1m[Board] [0mLoading history file `stats/White/game-26/history.csv`...
[32;1m[Board] [0mLoaded 55 move(s).
[32;1m[Board] [0mLoading move file `stats/White/game-26/move.csv`...
[32;1m[Board] [0mBlack player is playing d5 to d4.
[32;1m[Board] [0m
[32;1m[Board] [0m    a b c d e f g h 
[32;1m[Board] [0m  -------------------
[32;1m[Board] [0m8 ||[7;1m [0m| |[30;1mK[0m| |[7;1m [0m| |[7;1m [0m| || 8
[32;1m[Board] [0m  -------------------
[32;1m[Board] [0m7 || |[7;1m [0m| |[7;1m [0m| |[7;1m [0m|[30;1mk[0m|[7;1m [0m|| 7
[32;1m[Board] [0m  -------------------
[32;1m[Board] [0m6 ||[7;1m [0m| |[0;1mb[0m| |[7;1m [0m| |[7;1m [0m| || 6
[32;1m[Board] [0m  -------------------
[32;1m[Board] [0m5 || |[30;1mp[0m| |[7;1m [0m|[0;1mk[0m|[7;1m [0m| |[30;1mp[0m|| 5
[32;1m[Board] [0m  -------------------
[32;1m[Board] [0m4 ||[7;1m [0m| |[7;1m [0m|[30;1mp[0m|[7;1m [0m|[0;1mp[0m|[7;1m [0m| || 4
[32;1m[Board] [0m  -------------------
[32;1m[Board] [0m3 || |[7;1m [0m| |[0;1mK[0m| |[0;1mQ[0m| |[7;1m [0m|| 3
[32;1m[Board] [0m  -------------------
[32;1m[Board] [0m2 ||[0;1mp[0m|[0;1mp[0m|[0;1mp[0m|[0;1mp[0m|[7;1m [0m|[0;1mp[0m|[0;1mp[0m|[0;1mp[0m|| 2
[32;1m[Board] [0m  -------------------
[32;1m[Board] [0m1 ||[0;1mr[0m|[7;1m [0m|[0;1mb[0m|[7;1m [0m| |[7;1m [0m| |[0;1mr[0m|| 1
[32;1m[Board] [0m  -------------------
[32;1m[Board] [0m    a b c d e f g h
[32;1m[Board] [0m
[32;1m[Referee] [0mThis is the turn of the White player...
Position after history:

  +-----------------+
8 | . . k . . . . . |
7 | . . . . . . n . |
6 | . . B . . . . . |
5 | . p . . N . . p |
4 | . . . p . P . . |
3 | . . . K . Q . . |
2 | P P P P . P P P |
1 | R . B . . . . R |
  +-----------------+
    a b c d e f g h
Side to move: White
Next move: c6b7 (score: 3670)
[32;1m[Game] [0mPlayer's error code: 0
[32;1m[Game] [0mChecking move validity...
[32;1m[Board] [0mInitializing board...
[32;1m[Board] [0mLoading history file `stats/White/game-26/history.csv`...
[32;1m[Board] [0mLoaded 56 move(s).
[32;1m[Board] [0mLoading move file `stats/White/game-26/move.csv`...
[32;1m[Board] [0mWhite player is playing c6 to b7.
[32;1m[Board] [0m
[32;1m[Board] [0m    a b c d e f g h 
[32;1m[Board] [0m  -------------------
[32;1m[Board] [0m8 ||[7;1m [0m| |[30;1mK[0m| |[7;1m [0m| |[7;1m [0m| || 8
[32;1m[Board] [0m  -------------------
[32;1m[Board] [0m7 || |[0;1mb[0m| |[7;1m [0m| |[7;1m [0m|[30;1mk[0m|[7;1m [0m|| 7
[32;1m[Board] [0m  -------------------
[32;1m[Board] [0m6 ||[7;1m [0m| |[7;1m [0m| |[7;1m [0m| |[7;1m [0m| || 6
[32;1m[Board] [0m  -------------------
[32;1m[Board] [0m5 || |[30;1mp[0m| |[7;1m [0m|[0;1mk[0m|[7;1m [0m| |[30;1mp[0m|| 5
[32;1m[Board] [0m  -------------------
[32;1m[Board] [0m4 ||[7;1m [0m| |[7;1m [0m|[30;1mp[0m|[7;1m [0m|[0;1mp[0m|[7;1m [0m| || 4
[32;1m[Board] [0m  -------------------
[32;1m[Board] [0m3 || |[7;1m [0m| |[0;1mK[0m| |[0;1mQ[0m| |[7;1m [0m|| 3
[32;1m[Board] [0m  -------------------
[32;1m[Board] [0m2 ||[0;1mp[0m|[0;1mp[0m|[0;1mp[0m|[0;1mp[0m|[7;1m [0m|[0;1mp[0m|[0;1mp[0m|[0;1mp[0m|| 2
[32;1m[Board] [0m  -------------------
[32;1m[Board] [0m1 ||[0;1mr[0m|[7;1m [0m|[0;1mb[0m|[7;1m [0m| |[7;1m [0m| |[0;1mr[0m|| 1
[32;1m[Board] [0m  -------------------
[32;1m[Board] [0m    a b c d e f g h
[32;1m[Board] [0m
[32;1m[Referee] [0mThis is the turn of the Black player...
[32;1m[Board] [0mInitializing board...
[32;1m[Board] [0mLoading history file `stats/White/game-26/history.csv`...
[32;1m[Board] [0mLoaded 57 move(s).
[32;1m[RandomPlayer] [0mComputing possible moves...
[32;1m[RandomPlayer] [0m3 possible move(s)
[32;1m[RandomPlayer] [0mPlaying random move 0 out of 3
[32;1m[Game] [0mPlayer's error code: 0
[32;1m[Game] [0mChecking move validity...
[32;1m[Board] [0mInitializing board...
[32;1m[Board] [0mLoading history file `stats/White/game-26/history.csv`...
[32;1m[Board] [0mLoaded 57 move(s).
[32;1m[Board] [0mLoading move file `stats/White/game-26/move.csv`...
[32;1m[Board] [0mBlack player is playing c8 to d8.
[32;1m[Board] [0m
[32;1m[Board] [0m    a b c d e f g h 
[32;1m[Board] [0m  -------------------
[32;1m[Board] [0m8 ||[7;1m [0m| |[7;1m [0m|[30;1mK[0m|[7;1m [0m| |[7;1m [0m| || 8
[32;1m[Board] [0m  -------------------
[32;1m[Board] [0m7 || |[0;1mb[0m| |[7;1m [0m| |[7;1m [0m|[30;1mk[0m|[7;1m [0m|| 7
[32;1m[Board] [0m  -------------------
[32;1m[Board] [0m6 ||[7;1m [0m| |[7;1m [0m| |[7;1m [0m| |[7;1m [0m| || 6
[32;1m[Board] [0m  -------------------
[32;1m[Board] [0m5 || |[30;1mp[0m| |[7;1m [0m|[0;1mk[0m|[7;1m [0m| |[30;1mp[0m|| 5
[32;1m[Board] [0m  -------------------
[32;1m[Board] [0m4 ||[7;1m [0m| |[7;1m [0m|[30;1mp[0m|[7;1m [0m|[0;1mp[0m|[7;1m [0m| || 4
[32;1m[Board] [0m  -------------------
[32;1m[Board] [0m3 || |[7;1m [0m| |[0;1mK[0m| |[0;1mQ[0m| |[7;1m [0m|| 3
[32;1m[Board] [0m  -------------------
[32;1m[Board] [0m2 ||[0;1mp[0m|[0;1mp[0m|[0;1mp[0m|[0;1mp[0m|[7;1m [0m|[0;1mp[0m|[0;1mp[0m|[0;1mp[0m|| 2
[32;1m[Board] [0m  -------------------
[32;1m[Board] [0m1 ||[0;1mr[0m|[7;1m [0m|[0;1mb[0m|[7;1m [0m| |[7;1m [0m| |[0;1mr[0m|| 1
[32;1m[Board] [0m  -------------------
[32;1m[Board] [0m    a b c d e f g h
[32;1m[Board] [0m
[32;1m[Referee] [0mThis is the turn of the White player...
Position after history:

  +-----------------+
8 | . . . k . . . . |
7 | . B . . . . n . |
6 | . . . . . . . . |
5 | . p . . N . . p |
4 | . . . p . P . . |
3 | . . . K . Q . . |
2 | P P P P . P P P |
1 | R . B . . . . R |
  +-----------------+
    a b c d e f g h
Side to move: White
Next move: f3d5 (score: 3665)
[32;1m[Game] [0mPlayer's error code: 0
[32;1m[Game] [0mChecking move validity...
[32;1m[Board] [0mInitializing board...
[32;1m[Board] [0mLoading history file `stats/White/game-26/history.csv`...
[32;1m[Board] [0mLoaded 58 move(s).
[32;1m[Board] [0mLoading move file `stats/White/game-26/move.csv`...
[32;1m[Board] [0mWhite player is playing f3 to d5.
[32;1m[Board] [0m
[32;1m[Board] [0m    a b c d e f g h 
[32;1m[Board] [0m  -------------------
[32;1m[Board] [0m8 ||[7;1m [0m| |[7;1m [0m|[30;1mK[0m|[7;1m [0m| |[7;1m [0m| || 8
[32;1m[Board] [0m  -------------------
[32;1m[Board] [0m7 || |[0;1mb[0m| |[7;1m [0m| |[7;1m [0m|[30;1mk[0m|[7;1m [0m|| 7
[32;1m[Board] [0m  -------------------
[32;1m[Board] [0m6 ||[7;1m [0m| |[7;1m [0m| |[7;1m [0m| |[7;1m [0m| || 6
[32;1m[Board] [0m  -------------------
[32;1m[Board] [0m5 || |[30;1mp[0m| |[0;1mQ[0m|[0;1mk[0m|[7;1m [0m| |[30;1mp[0m|| 5
[32;1m[Board] [0m  -------------------
[32;1m[Board] [0m4 ||[7;1m [0m| |[7;1m [0m|[30;1mp[0m|[7;1m [0m|[0;1mp[0m|[7;1m [0m| || 4
[32;1m[Board] [0m  -------------------
[32;1m[Board] [0m3 || |[7;1m [0m| |[0;1mK[0m| |[7;1m [0m| |[7;1m [0m|| 3
[32;1m[Board] [0m  -------------------
[32;1m[Board] [0m2 ||[0;1mp[0m|[0;1mp[0m|[0;1mp[0m|[0;1mp[0m|[7;1m [0m|[0;1mp[0m|[0;1mp[0m|[0;1mp[0m|| 2
[32;1m[Board] [0m  -------------------
[32;1m[Board] [0m1 ||[0;1mr[0m|[7;1m [0m|[0;1mb[0m|[7;1m [0m| |[7;1m [0m| |[0;1mr[0m|| 1
[32;1m[Board] [0m  -------------------
[32;1m[Board] [0m    a b c d e f g h
[32;1m[Board] [0m
[32;1m[Referee] [0mThis is the turn of the Black player...
[32;1m[Board] [0mInitializing board...
[32;1m[Board] [0mLoading history file `stats/White/game-26/history.csv`...
[32;1m[Board] [0mLoaded 59 move(s).
[32;1m[RandomPlayer] [0mComputing possible moves...
[32;1m[RandomPlayer] [0m3 possible move(s)
[32;1m[RandomPlayer] [0mPlaying random move 1 out of 3
[32;1m[Game] [0mPlayer's error code: 0
[32;1m[Game] [0mChecking move validity...
[32;1m[Board] [0mInitializing board...
[32;1m[Board] [0mLoading history file `stats/White/game-26/history.csv`...
[32;1m[Board] [0mLoaded 59 move(s).
[32;1m[Board] [0mLoading move file `stats/White/game-26/move.csv`...
[32;1m[Board] [0mBlack player is playing d8 to e7.
[32;1m[Board] [0m
[32;1m[Board] [0m    a b c d e f g h 
[32;1m[Board] [0m  -------------------
[32;1m[Board] [0m8 ||[7;1m [0m| |[7;1m [0m| |[7;1m [0m| |[7;1m [0m| || 8
[32;1m[Board] [0m  -------------------
[32;1m[Board] [0m7 || |[0;1mb[0m| |[7;1m [0m|[30;1mK[0m|[7;1m [0m|[30;1mk[0m|[7;1m [0m|| 7
[32;1m[Board] [0m  -------------------
[32;1m[Board] [0m6 ||[7;1m [0m| |[7;1m [0m| |[7;1m [0m| |[7;1m [0m| || 6
[32;1m[Board] [0m  -------------------
[32;1m[Board] [0m5 || |[30;1mp[0m| |[0;1mQ[0m|[0;1mk[0m|[7;1m [0m| |[30;1mp[0m|| 5
[32;1m[Board] [0m  -------------------
[32;1m[Board] [0m4 ||[7;1m [0m| |[7;1m [0m|[30;1mp[0m|[7;1m [0m|[0;1mp[0m|[7;1m [0m| || 4
[32;1m[Board] [0m  -------------------
[32;1m[Board] [0m3 || |[7;1m [0m| |[0;1mK[0m| |[7;1m [0m| |[7;1m [0m|| 3
[32;1m[Board] [0m  -------------------
[32;1m[Board] [0m2 ||[0;1mp[0m|[0;1mp[0m|[0;1mp[0m|[0;1mp[0m|[7;1m [0m|[0;1mp[0m|[0;1mp[0m|[0;1mp[0m|| 2
[32;1m[Board] [0m  -------------------
[32;1m[Board] [0m1 ||[0;1mr[0m|[7;1m [0m|[0;1mb[0m|[7;1m [0m| |[7;1m [0m| |[0;1mr[0m|| 1
[32;1m[Board] [0m  -------------------
[32;1m[Board] [0m    a b c d e f g h
[32;1m[Board] [0m
[32;1m[Referee] [0mThis is the turn of the White player...
Position after history:

  +-----------------+
8 | . . . . . . . . |
7 | . B . . k . n . |
6 | . . . . . . . . |
5 | . p . Q N . . p |
4 | . . . p . P . . |
3 | . . . K . . . . |
2 | P P P P . P P P |
1 | R . B . . . . R |
  +-----------------+
    a b c d e f g h
Side to move: White
Next move: d5d7 (score: 2147483646)
[32;1m[Game] [0mPlayer's error code: 0
[32;1m[Game] [0mChecking move validity...
[32;1m[Board] [0mInitializing board...
[32;1m[Board] [0mLoading history file `stats/White/game-26/history.csv`...
[32;1m[Board] [0mLoaded 60 move(s).
[32;1m[Board] [0mLoading move file `stats/White/game-26/move.csv`...
[32;1m[Board] [0mWhite player is playing d5 to d7.
[32;1m[Board] [0m
[32;1m[Board] [0m    a b c d e f g h 
[32;1m[Board] [0m  -------------------
[32;1m[Board] [0m8 ||[7;1m [0m| |[7;1m [0m| |[7;1m [0m| |[7;1m [0m| || 8
[32;1m[Board] [0m  -------------------
[32;1m[Board] [0m7 || |[0;1mb[0m| |[0;1mQ[0m|[30;1mK[0m|[7;1m [0m|[30;1mk[0m|[7;1m [0m|| 7
[32;1m[Board] [0m  -------------------
[32;1m[Board] [0m6 ||[7;1m [0m| |[7;1m [0m| |[7;1m [0m| |[7;1m [0m| || 6
[32;1m[Board] [0m  -------------------
[32;1m[Board] [0m5 || |[30;1mp[0m| |[7;1m [0m|[0;1mk[0m|[7;1m [0m| |[30;1mp[0m|| 5
[32;1m[Board] [0m  -------------------
[32;1m[Board] [0m4 ||[7;1m [0m| |[7;1m [0m|[30;1mp[0m|[7;1m [0m|[0;1mp[0m|[7;1m [0m| || 4
[32;1m[Board] [0m  -------------------
[32;1m[Board] [0m3 || |[7;1m [0m| |[0;1mK[0m| |[7;1m [0m| |[7;1m [0m|| 3
[32;1m[Board] [0m  -------------------
[32;1m[Board] [0m2 ||[0;1mp[0m|[0;1mp[0m|[0;1mp[0m|[0;1mp[0m|[7;1m [0m|[0;1mp[0m|[0;1mp[0m|[0;1mp[0m|| 2
[32;1m[Board] [0m  -------------------
[32;1m[Board] [0m1 ||[0;1mr[0m|[7;1m [0m|[0;1mb[0m|[7;1m [0m| |[7;1m [0m| |[0;1mr[0m|| 1
[32;1m[Board] [0m  -------------------
[32;1m[Board] [0m    a b c d e f g h
[32;1m[Board] [0m
[32;1m[Referee] [0mThis is the turn of the Black player...
[32;1m[Board] [0mInitializing board...
[32;1m[Board] [0mLoading history file `stats/White/game-26/history.csv`...
[32;1m[Board] [0mLoaded 61 move(s).
[32;1m[RandomPlayer] [0mComputing possible moves...
[32;1m[RandomPlayer] [0m2 possible move(s)
[32;1m[RandomPlayer] [0mPlaying random move 0 out of 2
[32;1m[Game] [0mPlayer's error code: 0
[32;1m[Game] [0mChecking move validity...
[32;1m[Board] [0mInitializing board...
[32;1m[Board] [0mLoading history file `stats/White/game-26/history.csv`...
[32;1m[Board] [0mLoaded 61 move(s).
[32;1m[Board] [0mLoading move file `stats/White/game-26/move.csv`...
[32;1m[Board] [0mBlack player is playing e7 to f8.
[32;1m[Board] [0m
[32;1m[Board] [0m    a b c d e f g h 
[32;1m[Board] [0m  -------------------
[32;1m[Board] [0m8 ||[7;1m [0m| |[7;1m [0m| |[7;1m [0m|[30;1mK[0m|[7;1m [0m| || 8
[32;1m[Board] [0m  -------------------
[32;1m[Board] [0m7 || |[0;1mb[0m| |[0;1mQ[0m| |[7;1m [0m|[30;1mk[0m|[7;1m [0m|| 7
[32;1m[Board] [0m  -------------------
[32;1m[Board] [0m6 ||[7;1m [0m| |[7;1m [0m| |[7;1m [0m| |[7;1m [0m| || 6
[32;1m[Board] [0m  -------------------
[32;1m[Board] [0m5 || |[30;1mp[0m| |[7;1m [0m|[0;1mk[0m|[7;1m [0m| |[30;1mp[0m|| 5
[32;1m[Board] [0m  -------------------
[32;1m[Board] [0m4 ||[7;1m [0m| |[7;1m [0m|[30;1mp[0m|[7;1m [0m|[0;1mp[0m|[7;1m [0m| || 4
[32;1m[Board] [0m  -------------------
[32;1m[Board] [0m3 || |[7;1m [0m| |[0;1mK[0m| |[7;1m [0m| |[7;1m [0m|| 3
[32;1m[Board] [0m  -------------------
[32;1m[Board] [0m2 ||[0;1mp[0m|[0;1mp[0m|[0;1mp[0m|[0;1mp[0m|[7;1m [0m|[0;1mp[0m|[0;1mp[0m|[0;1mp[0m|| 2
[32;1m[Board] [0m  -------------------
[32;1m[Board] [0m1 ||[0;1mr[0m|[7;1m [0m|[0;1mb[0m|[7;1m [0m| |[7;1m [0m| |[0;1mr[0m|| 1
[32;1m[Board] [0m  -------------------
[32;1m[Board] [0m    a b c d e f g h
[32;1m[Board] [0m
[32;1m[Referee] [0mThis is the turn of the White player...
Position after history:

  +-----------------+
8 | . . . . . k . . |
7 | . B . Q . . n . |
6 | . . . . . . . . |
5 | . p . . N . . p |
4 | . . . p . P . . |
3 | . . . K . . . . |
2 | P P P P . P P P |
1 | R . B . . . . R |
  +-----------------+
    a b c d e f g h
Side to move: White
Next move: b7d5 (score: 2147483646)
[32;1m[Game] [0mPlayer's error code: 0
[32;1m[Game] [0mChecking move validity...
[32;1m[Board] [0mInitializing board...
[32;1m[Board] [0mLoading history file `stats/White/game-26/history.csv`...
[32;1m[Board] [0mLoaded 62 move(s).
[32;1m[Board] [0mLoading move file `stats/White/game-26/move.csv`...
[32;1m[Board] [0mWhite player is playing b7 to d5.
[32;1m[Board] [0m
[32;1m[Board] [0m    a b c d e f g h 
[32;1m[Board] [0m  -------------------
[32;1m[Board] [0m8 ||[7;1m [0m| |[7;1m [0m| |[7;1m [0m|[30;1mK[0m|[7;1m [0m| || 8
[32;1m[Board] [0m  -------------------
[32;1m[Board] [0m7 || |[7;1m [0m| |[0;1mQ[0m| |[7;1m [0m|[30;1mk[0m|[7;1m [0m|| 7
[32;1m[Board] [0m  -------------------
[32;1m[Board] [0m6 ||[7;1m [0m| |[7;1m [0m| |[7;1m [0m| |[7;1m [0m| || 6
[32;1m[Board] [0m  -------------------
[32;1m[Board] [0m5 || |[30;1mp[0m| |[0;1mb[0m|[0;1mk[0m|[7;1m [0m| |[30;1mp[0m|| 5
[32;1m[Board] [0m  -------------------
[32;1m[Board] [0m4 ||[7;1m [0m| |[7;1m [0m|[30;1mp[0m|[7;1m [0m|[0;1mp[0m|[7;1m [0m| || 4
[32;1m[Board] [0m  -------------------
[32;1m[Board] [0m3 || |[7;1m [0m| |[0;1mK[0m| |[7;1m [0m| |[7;1m [0m|| 3
[32;1m[Board] [0m  -------------------
[32;1m[Board] [0m2 ||[0;1mp[0m|[0;1mp[0m|[0;1mp[0m|[0;1mp[0m|[7;1m [0m|[0;1mp[0m|[0;1mp[0m|[0;1mp[0m|| 2
[32;1m[Board] [0m  -------------------
[32;1m[Board] [0m1 ||[0;1mr[0m|[7;1m [0m|[0;1mb[0m|[7;1m [0m| |[7;1m [0m| |[0;1mr[0m|| 1
[32;1m[Board] [0m  -------------------
[32;1m[Board] [0m    a b c d e f g h
[32;1m[Board] [0m
[32;1m[Referee] [0mThis is the turn of the Black player...
[32;1m[Board] [0mInitializing board...
[32;1m[Board] [0mLoading history file `stats/White/game-26/history.csv`...
[32;1m[Board] [0mLoaded 63 move(s).
[32;1m[RandomPlayer] [0mComputing possible moves...
[32;1m[RandomPlayer] [0m5 possible move(s)
[32;1m[RandomPlayer] [0mPlaying random move 3 out of 5
[32;1m[Game] [0mPlayer's error code: 0
[32;1m[Game] [0mChecking move validity...
[32;1m[Board] [0mInitializing board...
[32;1m[Board] [0mLoading history file `stats/White/game-26/history.csv`...
[32;1m[Board] [0mLoaded 63 move(s).
[32;1m[Board] [0mLoading move file `stats/White/game-26/move.csv`...
[32;1m[Board] [0mBlack player is playing g7 to e6.
[32;1m[Board] [0m
[32;1m[Board] [0m    a b c d e f g h 
[32;1m[Board] [0m  -------------------
[32;1m[Board] [0m8 ||[7;1m [0m| |[7;1m [0m| |[7;1m [0m|[30;1mK[0m|[7;1m [0m| || 8
[32;1m[Board] [0m  -------------------
[32;1m[Board] [0m7 || |[7;1m [0m| |[0;1mQ[0m| |[7;1m [0m| |[7;1m [0m|| 7
[32;1m[Board] [0m  -------------------
[32;1m[Board] [0m6 ||[7;1m [0m| |[7;1m [0m| |[30;1mk[0m| |[7;1m [0m| || 6
[32;1m[Board] [0m  -------------------
[32;1m[Board] [0m5 || |[30;1mp[0m| |[0;1mb[0m|[0;1mk[0m|[7;1m [0m| |[30;1mp[0m|| 5
[32;1m[Board] [0m  -------------------
[32;1m[Board] [0m4 ||[7;1m [0m| |[7;1m [0m|[30;1mp[0m|[7;1m [0m|[0;1mp[0m|[7;1m [0m| || 4
[32;1m[Board] [0m  -------------------
[32;1m[Board] [0m3 || |[7;1m [0m| |[0;1mK[0m| |[7;1m [0m| |[7;1m [0m|| 3
[32;1m[Board] [0m  -------------------
[32;1m[Board] [0m2 ||[0;1mp[0m|[0;1mp[0m|[0;1mp[0m|[0;1mp[0m|[7;1m [0m|[0;1mp[0m|[0;1mp[0m|[0;1mp[0m|| 2
[32;1m[Board] [0m  -------------------
[32;1m[Board] [0m1 ||[0;1mr[0m|[7;1m [0m|[0;1mb[0m|[7;1m [0m| |[7;1m [0m| |[0;1mr[0m|| 1
[32;1m[Board] [0m  -------------------
[32;1m[Board] [0m    a b c d e f g h
[32;1m[Board] [0m
[32;1m[Referee] [0mThis is the turn of the White player...
Position after history:

  +-----------------+
8 | . . . . . k . . |
7 | . . . Q . . . . |
6 | . . . . n . . . |
5 | . p . B N . . p |
4 | . . . p . P . . |
3 | . . . K . . . . |
2 | P P P P . P P P |
1 | R . B . . . . R |
  +-----------------+
    a b c d e f g h
Side to move: White
Next move: e5g6 (score: 2147483646)
[32;1m[Game] [0mPlayer's error code: 0
[32;1m[Game] [0mChecking move validity...
[32;1m[Board] [0mInitializing board...
[32;1m[Board] [0mLoading history file `stats/White/game-26/history.csv`...
[32;1m[Board] [0mLoaded 64 move(s).
[32;1m[Board] [0mLoading move file `stats/White/game-26/move.csv`...
[32;1m[Board] [0mWhite player is playing e5 to g6.
[32;1m[Board] [0m
[32;1m[Board] [0m    a b c d e f g h 
[32;1m[Board] [0m  -------------------
[32;1m[Board] [0m8 ||[7;1m [0m| |[7;1m [0m| |[7;1m [0m|[30;1mK[0m|[7;1m [0m| || 8
[32;1m[Board] [0m  -------------------
[32;1m[Board] [0m7 || |[7;1m [0m| |[0;1mQ[0m| |[7;1m [0m| |[7;1m [0m|| 7
[32;1m[Board] [0m  -------------------
[32;1m[Board] [0m6 ||[7;1m [0m| |[7;1m [0m| |[30;1mk[0m| |[0;1mk[0m| || 6
[32;1m[Board] [0m  -------------------
[32;1m[Board] [0m5 || |[30;1mp[0m| |[0;1mb[0m| |[7;1m [0m| |[30;1mp[0m|| 5
[32;1m[Board] [0m  -------------------
[32;1m[Board] [0m4 ||[7;1m [0m| |[7;1m [0m|[30;1mp[0m|[7;1m [0m|[0;1mp[0m|[7;1m [0m| || 4
[32;1m[Board] [0m  -------------------
[32;1m[Board] [0m3 || |[7;1m [0m| |[0;1mK[0m| |[7;1m [0m| |[7;1m [0m|| 3
[32;1m[Board] [0m  -------------------
[32;1m[Board] [0m2 ||[0;1mp[0m|[0;1mp[0m|[0;1mp[0m|[0;1mp[0m|[7;1m [0m|[0;1mp[0m|[0;1mp[0m|[0;1mp[0m|| 2
[32;1m[Board] [0m  -------------------
[32;1m[Board] [0m1 ||[0;1mr[0m|[7;1m [0m|[0;1mb[0m|[7;1m [0m| |[7;1m [0m| |[0;1mr[0m|| 1
[32;1m[Board] [0m  -------------------
[32;1m[Board] [0m    a b c d e f g h
[32;1m[Board] [0m
[32;1m[Referee] [0mThis is the turn of the Black player...
[32;1m[Board] [0mInitializing board...
[32;1m[Board] [0mLoading history file `stats/White/game-26/history.csv`...
[32;1m[Board] [0mLoaded 65 move(s).
[32;1m[RandomPlayer] [0mComputing possible moves...
[32;1m[RandomPlayer] [0m1 possible move(s)
[32;1m[Game] [0mPlayer's error code: 0
[32;1m[Game] [0mChecking move validity...
[32;1m[Board] [0mInitializing board...
[32;1m[Board] [0mLoading history file `stats/White/game-26/history.csv`...
[32;1m[Board] [0mLoaded 65 move(s).
[32;1m[Board] [0mLoading move file `stats/White/game-26/move.csv`...
[32;1m[Board] [0mBlack player is playing f8 to g8.
[32;1m[Board] [0m
[32;1m[Board] [0m    a b c d e f g h 
[32;1m[Board] [0m  -------------------
[32;1m[Board] [0m8 ||[7;1m [0m| |[7;1m [0m| |[7;1m [0m| |[30;1mK[0m| || 8
[32;1m[Board] [0m  -------------------
[32;1m[Board] [0m7 || |[7;1m [0m| |[0;1mQ[0m| |[7;1m [0m| |[7;1m [0m|| 7
[32;1m[Board] [0m  -------------------
[32;1m[Board] [0m6 ||[7;1m [0m| |[7;1m [0m| |[30;1mk[0m| |[0;1mk[0m| || 6
[32;1m[Board] [0m  -------------------
[32;1m[Board] [0m5 || |[30;1mp[0m| |[0;1mb[0m| |[7;1m [0m| |[30;1mp[0m|| 5
[32;1m[Board] [0m  -------------------
[32;1m[Board] [0m4 ||[7;1m [0m| |[7;1m [0m|[30;1mp[0m|[7;1m [0m|[0;1mp[0m|[7;1m [0m| || 4
[32;1m[Board] [0m  -------------------
[32;1m[Board] [0m3 || |[7;1m [0m| |[0;1mK[0m| |[7;1m [0m| |[7;1m [0m|| 3
[32;1m[Board] [0m  -------------------
[32;1m[Board] [0m2 ||[0;1mp[0m|[0;1mp[0m|[0;1mp[0m|[0;1mp[0m|[7;1m [0m|[0;1mp[0m|[0;1mp[0m|[0;1mp[0m|| 2
[32;1m[Board] [0m  -------------------
[32;1m[Board] [0m1 ||[0;1mr[0m|[7;1m [0m|[0;1mb[0m|[7;1m [0m| |[7;1m [0m| |[0;1mr[0m|| 1
[32;1m[Board] [0m  -------------------
[32;1m[Board] [0m    a b c d e f g h
[32;1m[Board] [0m
[32;1m[Referee] [0mThis is the turn of the White player...
Position after history:

  +-----------------+
8 | . . . . . . k . |
7 | . . . Q . . . . |
6 | . . . . n . N . |
5 | . p . B . . . p |
4 | . . . p . P . . |
3 | . . . K . . . . |
2 | P P P P . P P P |
1 | R . B . . . . R |
  +-----------------+
    a b c d e f g h
Side to move: White
Next move: d3e4 (score: 2147483646)
[32;1m[Game] [0mPlayer's error code: 0
[32;1m[Game] [0mChecking move validity...
[32;1m[Board] [0mInitializing board...
[32;1m[Board] [0mLoading history file `stats/White/game-26/history.csv`...
[32;1m[Board] [0mLoaded 66 move(s).
[32;1m[Board] [0mLoading move file `stats/White/game-26/move.csv`...
[32;1m[Board] [0mWhite player is playing d3 to e4.
[32;1m[Board] [0m
[32;1m[Board] [0m    a b c d e f g h 
[32;1m[Board] [0m  -------------------
[32;1m[Board] [0m8 ||[7;1m [0m| |[7;1m [0m| |[7;1m [0m| |[30;1mK[0m| || 8
[32;1m[Board] [0m  -------------------
[32;1m[Board] [0m7 || |[7;1m [0m| |[0;1mQ[0m| |[7;1m [0m| |[7;1m [0m|| 7
[32;1m[Board] [0m  -------------------
[32;1m[Board] [0m6 ||[7;1m [0m| |[7;1m [0m| |[30;1mk[0m| |[0;1mk[0m| || 6
[32;1m[Board] [0m  -------------------
[32;1m[Board] [0m5 || |[30;1mp[0m| |[0;1mb[0m| |[7;1m [0m| |[30;1mp[0m|| 5
[32;1m[Board] [0m  -------------------
[32;1m[Board] [0m4 ||[7;1m [0m| |[7;1m [0m|[30;1mp[0m|[0;1mK[0m|[0;1mp[0m|[7;1m [0m| || 4
[32;1m[Board] [0m  -------------------
[32;1m[Board] [0m3 || |[7;1m [0m| |[7;1m [0m| |[7;1m [0m| |[7;1m [0m|| 3
[32;1m[Board] [0m  -------------------
[32;1m[Board] [0m2 ||[0;1mp[0m|[0;1mp[0m|[0;1mp[0m|[0;1mp[0m|[7;1m [0m|[0;1mp[0m|[0;1mp[0m|[0;1mp[0m|| 2
[32;1m[Board] [0m  -------------------
[32;1m[Board] [0m1 ||[0;1mr[0m|[7;1m [0m|[0;1mb[0m|[7;1m [0m| |[7;1m [0m| |[0;1mr[0m|| 1
[32;1m[Board] [0m  -------------------
[32;1m[Board] [0m    a b c d e f g h
[32;1m[Board] [0m
[32;1m[Referee] [0mThis is the turn of the Black player...
[32;1m[Board] [0mInitializing board...
[32;1m[Board] [0mLoading history file `stats/White/game-26/history.csv`...
[32;1m[Board] [0mLoaded 67 move(s).
[32;1m[RandomPlayer] [0mComputing possible moves...
[32;1m[RandomPlayer] [0m3 possible move(s)
[32;1m[RandomPlayer] [0mPlaying random move 1 out of 3
[32;1m[Game] [0mPlayer's error code: 0
[32;1m[Game] [0mChecking move validity...
[32;1m[Board] [0mInitializing board...
[32;1m[Board] [0mLoading history file `stats/White/game-26/history.csv`...
[32;1m[Board] [0mLoaded 67 move(s).
[32;1m[Board] [0mLoading move file `stats/White/game-26/move.csv`...
[32;1m[Board] [0mBlack player is playing d4 to d3.
[32;1m[Board] [0m
[32;1m[Board] [0m    a b c d e f g h 
[32;1m[Board] [0m  -------------------
[32;1m[Board] [0m8 ||[7;1m [0m| |[7;1m [0m| |[7;1m [0m| |[30;1mK[0m| || 8
[32;1m[Board] [0m  -------------------
[32;1m[Board] [0m7 || |[7;1m [0m| |[0;1mQ[0m| |[7;1m [0m| |[7;1m [0m|| 7
[32;1m[Board] [0m  -------------------
[32;1m[Board] [0m6 ||[7;1m [0m| |[7;1m [0m| |[30;1mk[0m| |[0;1mk[0m| || 6
[32;1m[Board] [0m  -------------------
[32;1m[Board] [0m5 || |[30;1mp[0m| |[0;1mb[0m| |[7;1m [0m| |[30;1mp[0m|| 5
[32;1m[Board] [0m  -------------------
[32;1m[Board] [0m4 ||[7;1m [0m| |[7;1m [0m| |[0;1mK[0m|[0;1mp[0m|[7;1m [0m| || 4
[32;1m[Board] [0m  -------------------
[32;1m[Board] [0m3 || |[7;1m [0m| |[30;1mp[0m| |[7;1m [0m| |[7;1m [0m|| 3
[32;1m[Board] [0m  -------------------
[32;1m[Board] [0m2 ||[0;1mp[0m|[0;1mp[0m|[0;1mp[0m|[0;1mp[0m|[7;1m [0m|[0;1mp[0m|[0;1mp[0m|[0;1mp[0m|| 2
[32;1m[Board] [0m  -------------------
[32;1m[Board] [0m1 ||[0;1mr[0m|[7;1m [0m|[0;1mb[0m|[7;1m [0m| |[7;1m [0m| |[0;1mr[0m|| 1
[32;1m[Board] [0m  -------------------
[32;1m[Board] [0m    a b c d e f g h
[32;1m[Board] [0m
[32;1m[Referee] [0mThis is the turn of the White player...
Position after history:

  +-----------------+
8 | . . . . . . k . |
7 | . . . Q . . . . |
6 | . . . . n . N . |
5 | . p . B . . . p |
4 | . . . . K P . . |
3 | . . . p . . . . |
2 | P P P P . P P P |
1 | R . B . . . . R |
  +-----------------+
    a b c d e f g h
Side to move: White
Next move: e4d3 (score: 2147483646)
[32;1m[Game] [0mPlayer's error code: 0
[32;1m[Game] [0mChecking move validity...
[32;1m[Board] [0mInitializing board...
[32;1m[Board] [0mLoading history file `stats/White/game-26/history.csv`...
[32;1m[Board] [0mLoaded 68 move(s).
[32;1m[Board] [0mLoading move file `stats/White/game-26/move.csv`...
[32;1m[Board] [0mWhite player is playing e4 to d3.
[32;1m[Board] [0m[5;1mWhite King is taking Black Pawn.[0m
[32;1m[Board] [0m
[32;1m[Board] [0m    a b c d e f g h 
[32;1m[Board] [0m  -------------------
[32;1m[Board] [0m8 ||[7;1m [0m| |[7;1m [0m| |[7;1m [0m| |[30;1mK[0m| || 8
[32;1m[Board] [0m  -------------------
[32;1m[Board] [0m7 || |[7;1m [0m| |[0;1mQ[0m| |[7;1m [0m| |[7;1m [0m|| 7
[32;1m[Board] [0m  -------------------
[32;1m[Board] [0m6 ||[7;1m [0m| |[7;1m [0m| |[30;1mk[0m| |[0;1mk[0m| || 6
[32;1m[Board] [0m  -------------------
[32;1m[Board] [0m5 || |[30;1mp[0m| |[0;1mb[0m| |[7;1m [0m| |[30;1mp[0m|| 5
[32;1m[Board] [0m  -------------------
[32;1m[Board] [0m4 ||[7;1m [0m| |[7;1m [0m| |[7;1m [0m|[0;1mp[0m|[7;1m [0m| || 4
[32;1m[Board] [0m  -------------------
[32;1m[Board] [0m3 || |[7;1m [0m| |[0;1mK[0m| |[7;1m [0m| |[7;1m [0m|| 3
[32;1m[Board] [0m  -------------------
[32;1m[Board] [0m2 ||[0;1mp[0m|[0;1mp[0m|[0;1mp[0m|[0;1mp[0m|[7;1m [0m|[0;1mp[0m|[0;1mp[0m|[0;1mp[0m|| 2
[32;1m[Board] [0m  -------------------
[32;1m[Board] [0m1 ||[0;1mr[0m|[7;1m [0m|[0;1mb[0m|[7;1m [0m| |[7;1m [0m| |[0;1mr[0m|| 1
[32;1m[Board] [0m  -------------------
[32;1m[Board] [0m    a b c d e f g h
[32;1m[Board] [0m
[32;1m[Referee] [0mThis is the turn of the Black player...
[32;1m[Board] [0mInitializing board...
[32;1m[Board] [0mLoading history file `stats/White/game-26/history.csv`...
[32;1m[Board] [0mLoaded 69 move(s).
[32;1m[RandomPlayer] [0mComputing possible moves...
[32;1m[RandomPlayer] [0m2 possible move(s)
[32;1m[RandomPlayer] [0mPlaying random move 0 out of 2
[32;1m[Game] [0mPlayer's error code: 0
[32;1m[Game] [0mChecking move validity...
[32;1m[Board] [0mInitializing board...
[32;1m[Board] [0mLoading history file `stats/White/game-26/history.csv`...
[32;1m[Board] [0mLoaded 69 move(s).
[32;1m[Board] [0mLoading move file `stats/White/game-26/move.csv`...
[32;1m[Board] [0mBlack player is playing b5 to b4.
[32;1m[Board] [0m
[32;1m[Board] [0m    a b c d e f g h 
[32;1m[Board] [0m  -------------------
[32;1m[Board] [0m8 ||[7;1m [0m| |[7;1m [0m| |[7;1m [0m| |[30;1mK[0m| || 8
[32;1m[Board] [0m  -------------------
[32;1m[Board] [0m7 || |[7;1m [0m| |[0;1mQ[0m| |[7;1m [0m| |[7;1m [0m|| 7
[32;1m[Board] [0m  -------------------
[32;1m[Board] [0m6 ||[7;1m [0m| |[7;1m [0m| |[30;1mk[0m| |[0;1mk[0m| || 6
[32;1m[Board] [0m  -------------------
[32;1m[Board] [0m5 || |[7;1m [0m| |[0;1mb[0m| |[7;1m [0m| |[30;1mp[0m|| 5
[32;1m[Board] [0m  -------------------
[32;1m[Board] [0m4 ||[7;1m [0m|[30;1mp[0m|[7;1m [0m| |[7;1m [0m|[0;1mp[0m|[7;1m [0m| || 4
[32;1m[Board] [0m  -------------------
[32;1m[Board] [0m3 || |[7;1m [0m| |[0;1mK[0m| |[7;1m [0m| |[7;1m [0m|| 3
[32;1m[Board] [0m  -------------------
[32;1m[Board] [0m2 ||[0;1mp[0m|[0;1mp[0m|[0;1mp[0m|[0;1mp[0m|[7;1m [0m|[0;1mp[0m|[0;1mp[0m|[0;1mp[0m|| 2
[32;1m[Board] [0m  -------------------
[32;1m[Board] [0m1 ||[0;1mr[0m|[7;1m [0m|[0;1mb[0m|[7;1m [0m| |[7;1m [0m| |[0;1mr[0m|| 1
[32;1m[Board] [0m  -------------------
[32;1m[Board] [0m    a b c d e f g h
[32;1m[Board] [0m
[32;1m[Referee] [0mThis is the turn of the White player...
Position after history:

  +-----------------+
8 | . . . . . . k . |
7 | . . . Q . . . . |
6 | . . . . n . N . |
5 | . . . B . . . p |
4 | . p . . . P . . |
3 | . . . K . . . . |
2 | P P P P . P P P |
1 | R . B . . . . R |
  +-----------------+
    a b c d e f g h
Side to move: White
Next move: d3e2 (score: 2147483646)
[32;1m[Game] [0mPlayer's error code: 0
[32;1m[Game] [0mChecking move validity...
[32;1m[Board] [0mInitializing board...
[32;1m[Board] [0mLoading history file `stats/White/game-26/history.csv`...
[32;1m[Board] [0mLoaded 70 move(s).
[32;1m[Board] [0mLoading move file `stats/White/game-26/move.csv`...
[32;1m[Board] [0mWhite player is playing d3 to e2.
[32;1m[Board] [0m
[32;1m[Board] [0m    a b c d e f g h 
[32;1m[Board] [0m  -------------------
[32;1m[Board] [0m8 ||[7;1m [0m| |[7;1m [0m| |[7;1m [0m| |[30;1mK[0m| || 8
[32;1m[Board] [0m  -------------------
[32;1m[Board] [0m7 || |[7;1m [0m| |[0;1mQ[0m| |[7;1m [0m| |[7;1m [0m|| 7
[32;1m[Board] [0m  -------------------
[32;1m[Board] [0m6 ||[7;1m [0m| |[7;1m [0m| |[30;1mk[0m| |[0;1mk[0m| || 6
[32;1m[Board] [0m  -------------------
[32;1m[Board] [0m5 || |[7;1m [0m| |[0;1mb[0m| |[7;1m [0m| |[30;1mp[0m|| 5
[32;1m[Board] [0m  -------------------
[32;1m[Board] [0m4 ||[7;1m [0m|[30;1mp[0m|[7;1m [0m| |[7;1m [0m|[0;1mp[0m|[7;1m [0m| || 4
[32;1m[Board] [0m  -------------------
[32;1m[Board] [0m3 || |[7;1m [0m| |[7;1m [0m| |[7;1m [0m| |[7;1m [0m|| 3
[32;1m[Board] [0m  -------------------
[32;1m[Board] [0m2 ||[0;1mp[0m|[0;1mp[0m|[0;1mp[0m|[0;1mp[0m|[0;1mK[0m|[0;1mp[0m|[0;1mp[0m|[0;1mp[0m|| 2
[32;1m[Board] [0m  -------------------
[32;1m[Board] [0m1 ||[0;1mr[0m|[7;1m [0m|[0;1mb[0m|[7;1m [0m| |[7;1m [0m| |[0;1mr[0m|| 1
[32;1m[Board] [0m  -------------------
[32;1m[Board] [0m    a b c d e f g h
[32;1m[Board] [0m
[32;1m[Referee] [0mThis is the turn of the Black player...
[32;1m[Board] [0mInitializing board...
[32;1m[Board] [0mLoading history file `stats/White/game-26/history.csv`...
[32;1m[Board] [0mLoaded 71 move(s).
[32;1m[RandomPlayer] [0mComputing possible moves...
[32;1m[RandomPlayer] [0m2 possible move(s)
[32;1m[RandomPlayer] [0mPlaying random move 0 out of 2
[32;1m[Game] [0mPlayer's error code: 0
[32;1m[Game] [0mChecking move validity...
[32;1m[Board] [0mInitializing board...
[32;1m[Board] [0mLoading history file `stats/White/game-26/history.csv`...
[32;1m[Board] [0mLoaded 71 move(s).
[32;1m[Board] [0mLoading move file `stats/White/game-26/move.csv`...
[32;1m[Board] [0mBlack player is playing b4 to b3.
[32;1m[Board] [0m
[32;1m[Board] [0m    a b c d e f g h 
[32;1m[Board] [0m  -------------------
[32;1m[Board] [0m8 ||[7;1m [0m| |[7;1m [0m| |[7;1m [0m| |[30;1mK[0m| || 8
[32;1m[Board] [0m  -------------------
[32;1m[Board] [0m7 || |[7;1m [0m| |[0;1mQ[0m| |[7;1m [0m| |[7;1m [0m|| 7
[32;1m[Board] [0m  -------------------
[32;1m[Board] [0m6 ||[7;1m [0m| |[7;1m [0m| |[30;1mk[0m| |[0;1mk[0m| || 6
[32;1m[Board] [0m  -------------------
[32;1m[Board] [0m5 || |[7;1m [0m| |[0;1mb[0m| |[7;1m [0m| |[30;1mp[0m|| 5
[32;1m[Board] [0m  -------------------
[32;1m[Board] [0m4 ||[7;1m [0m| |[7;1m [0m| |[7;1m [0m|[0;1mp[0m|[7;1m [0m| || 4
[32;1m[Board] [0m  -------------------
[32;1m[Board] [0m3 || |[30;1mp[0m| |[7;1m [0m| |[7;1m [0m| |[7;1m [0m|| 3
[32;1m[Board] [0m  -------------------
[32;1m[Board] [0m2 ||[0;1mp[0m|[0;1mp[0m|[0;1mp[0m|[0;1mp[0m|[0;1mK[0m|[0;1mp[0m|[0;1mp[0m|[0;1mp[0m|| 2
[32;1m[Board] [0m  -------------------
[32;1m[Board] [0m1 ||[0;1mr[0m|[7;1m [0m|[0;1mb[0m|[7;1m [0m| |[7;1m [0m| |[0;1mr[0m|| 1
[32;1m[Board] [0m  -------------------
[32;1m[Board] [0m    a b c d e f g h
[32;1m[Board] [0m
[32;1m[Referee] [0mThis is the turn of the White player...
Position after history:

  +-----------------+
8 | . . . . . . k . |
7 | . . . Q . . . . |
6 | . . . . n . N . |
5 | . . . B . . . p |
4 | . . . . . P . . |
3 | . p . . . . . . |
2 | P P P P K P P P |
1 | R . B . . . . R |
  +-----------------+
    a b c d e f g h
Side to move: White
Next move: e2e1 (score: 2147483646)
[32;1m[Game] [0mPlayer's error code: 0
[32;1m[Game] [0mChecking move validity...
[32;1m[Board] [0mInitializing board...
[32;1m[Board] [0mLoading history file `stats/White/game-26/history.csv`...
[32;1m[Board] [0mLoaded 72 move(s).
[32;1m[Board] [0mLoading move file `stats/White/game-26/move.csv`...
[32;1m[Board] [0mWhite player is playing e2 to e1.
[32;1m[Board] [0m
[32;1m[Board] [0m    a b c d e f g h 
[32;1m[Board] [0m  -------------------
[32;1m[Board] [0m8 ||[7;1m [0m| |[7;1m [0m| |[7;1m [0m| |[30;1mK[0m| || 8
[32;1m[Board] [0m  -------------------
[32;1m[Board] [0m7 || |[7;1m [0m| |[0;1mQ[0m| |[7;1m [0m| |[7;1m [0m|| 7
[32;1m[Board] [0m  -------------------
[32;1m[Board] [0m6 ||[7;1m [0m| |[7;1m [0m| |[30;1mk[0m| |[0;1mk[0m| || 6
[32;1m[Board] [0m  -------------------
[32;1m[Board] [0m5 || |[7;1m [0m| |[0;1mb[0m| |[7;1m [0m| |[30;1mp[0m|| 5
[32;1m[Board] [0m  -------------------
[32;1m[Board] [0m4 ||[7;1m [0m| |[7;1m [0m| |[7;1m [0m|[0;1mp[0m|[7;1m [0m| || 4
[32;1m[Board] [0m  -------------------
[32;1m[Board] [0m3 || |[30;1mp[0m| |[7;1m [0m| |[7;1m [0m| |[7;1m [0m|| 3
[32;1m[Board] [0m  -------------------
[32;1m[Board] [0m2 ||[0;1mp[0m|[0;1mp[0m|[0;1mp[0m|[0;1mp[0m|[7;1m [0m|[0;1mp[0m|[0;1mp[0m|[0;1mp[0m|| 2
[32;1m[Board] [0m  -------------------
[32;1m[Board] [0m1 ||[0;1mr[0m|[7;1m [0m|[0;1mb[0m|[7;1m [0m|[0;1mK[0m|[7;1m [0m| |[0;1mr[0m|| 1
[32;1m[Board] [0m  -------------------
[32;1m[Board] [0m    a b c d e f g h
[32;1m[Board] [0m
[32;1m[Referee] [0mThis is the turn of the Black player...
[32;1m[Board] [0mInitializing board...
[32;1m[Board] [0mLoading history file `stats/White/game-26/history.csv`...
[32;1m[Board] [0mLoaded 73 move(s).
[32;1m[RandomPlayer] [0mComputing possible moves...
[32;1m[RandomPlayer] [0m3 possible move(s)
[32;1m[RandomPlayer] [0mPlaying random move 0 out of 3
[32;1m[Game] [0mPlayer's error code: 0
[32;1m[Game] [0mChecking move validity...
[32;1m[Board] [0mInitializing board...
[32;1m[Board] [0mLoading history file `stats/White/game-26/history.csv`...
[32;1m[Board] [0mLoaded 73 move(s).
[32;1m[Board] [0mLoading move file `stats/White/game-26/move.csv`...
[32;1m[Board] [0mBlack player is playing b3 to c2.
[32;1m[Board] [0m[5;1mBlack Pawn is taking White Pawn.[0m
[32;1m[Board] [0m
[32;1m[Board] [0m    a b c d e f g h 
[32;1m[Board] [0m  -------------------
[32;1m[Board] [0m8 ||[7;1m [0m| |[7;1m [0m| |[7;1m [0m| |[30;1mK[0m| || 8
[32;1m[Board] [0m  -------------------
[32;1m[Board] [0m7 || |[7;1m [0m| |[0;1mQ[0m| |[7;1m [0m| |[7;1m [0m|| 7
[32;1m[Board] [0m  -------------------
[32;1m[Board] [0m6 ||[7;1m [0m| |[7;1m [0m| |[30;1mk[0m| |[0;1mk[0m| || 6
[32;1m[Board] [0m  -------------------
[32;1m[Board] [0m5 || |[7;1m [0m| |[0;1mb[0m| |[7;1m [0m| |[30;1mp[0m|| 5
[32;1m[Board] [0m  -------------------
[32;1m[Board] [0m4 ||[7;1m [0m| |[7;1m [0m| |[7;1m [0m|[0;1mp[0m|[7;1m [0m| || 4
[32;1m[Board] [0m  -------------------
[32;1m[Board] [0m3 || |[7;1m [0m| |[7;1m [0m| |[7;1m [0m| |[7;1m [0m|| 3
[32;1m[Board] [0m  -------------------
[32;1m[Board] [0m2 ||[0;1mp[0m|[0;1mp[0m|[30;1mp[0m|[0;1mp[0m|[7;1m [0m|[0;1mp[0m|[0;1mp[0m|[0;1mp[0m|| 2
[32;1m[Board] [0m  -------------------
[32;1m[Board] [0m1 ||[0;1mr[0m|[7;1m [0m|[0;1mb[0m|[7;1m [0m|[0;1mK[0m|[7;1m [0m| |[0;1mr[0m|| 1
[32;1m[Board] [0m  -------------------
[32;1m[Board] [0m    a b c d e f g h
[32;1m[Board] [0m
[32;1m[Referee] [0mThis is the turn of the White player...
Position after history:

  +-----------------+
8 | . . . . . . k . |
7 | . . . Q . . . . |
6 | . . . . n . N . |
5 | . . . B . . . p |
4 | . . . . . P . . |
3 | . . . . . . . . |
2 | P P p P . P P P |
1 | R . B . K . . R |
  +-----------------+
    a b c d e f g h
Side to move: White
Next move: e1f1 (score: 2147483646)
[32;1m[Game] [0mPlayer's error code: 0
[32;1m[Game] [0mChecking move validity...
[32;1m[Board] [0mInitializing board...
[32;1m[Board] [0mLoading history file `stats/White/game-26/history.csv`...
[32;1m[Board] [0mLoaded 74 move(s).
[32;1m[Board] [0mLoading move file `stats/White/game-26/move.csv`...
[32;1m[Board] [0mWhite player is playing e1 to f1.
[32;1m[Board] [0m
[32;1m[Board] [0m    a b c d e f g h 
[32;1m[Board] [0m  -------------------
[32;1m[Board] [0m8 ||[7;1m [0m| |[7;1m [0m| |[7;1m [0m| |[30;1mK[0m| || 8
[32;1m[Board] [0m  -------------------
[32;1m[Board] [0m7 || |[7;1m [0m| |[0;1mQ[0m| |[7;1m [0m| |[7;1m [0m|| 7
[32;1m[Board] [0m  -------------------
[32;1m[Board] [0m6 ||[7;1m [0m| |[7;1m [0m| |[30;1mk[0m| |[0;1mk[0m| || 6
[32;1m[Board] [0m  -------------------
[32;1m[Board] [0m5 || |[7;1m [0m| |[0;1mb[0m| |[7;1m [0m| |[30;1mp[0m|| 5
[32;1m[Board] [0m  -------------------
[32;1m[Board] [0m4 ||[7;1m [0m| |[7;1m [0m| |[7;1m [0m|[0;1mp[0m|[7;1m [0m| || 4
[32;1m[Board] [0m  -------------------
[32;1m[Board] [0m3 || |[7;1m [0m| |[7;1m [0m| |[7;1m [0m| |[7;1m [0m|| 3
[32;1m[Board] [0m  -------------------
[32;1m[Board] [0m2 ||[0;1mp[0m|[0;1mp[0m|[30;1mp[0m|[0;1mp[0m|[7;1m [0m|[0;1mp[0m|[0;1mp[0m|[0;1mp[0m|| 2
[32;1m[Board] [0m  -------------------
[32;1m[Board] [0m1 ||[0;1mr[0m|[7;1m [0m|[0;1mb[0m|[7;1m [0m| |[0;1mK[0m| |[0;1mr[0m|| 1
[32;1m[Board] [0m  -------------------
[32;1m[Board] [0m    a b c d e f g h
[32;1m[Board] [0m
[32;1m[Referee] [0mThis is the turn of the Black player...
[32;1m[Board] [0mInitializing board...
[32;1m[Board] [0mLoading history file `stats/White/game-26/history.csv`...
[32;1m[Board] [0mLoaded 75 move(s).
[32;1m[RandomPlayer] [0mComputing possible moves...
[32;1m[RandomPlayer] [0m1 possible move(s)
[32;1m[Game] [0mPlayer's error code: 0
[32;1m[Game] [0mChecking move validity...
[32;1m[Board] [0mInitializing board...
[32;1m[Board] [0mLoading history file `stats/White/game-26/history.csv`...
[32;1m[Board] [0mLoaded 75 move(s).
[32;1m[Board] [0mLoading move file `stats/White/game-26/move.csv`...
[32;1m[Board] [0mBlack player is playing h5 to h4.
[32;1m[Board] [0m
[32;1m[Board] [0m    a b c d e f g h 
[32;1m[Board] [0m  -------------------
[32;1m[Board] [0m8 ||[7;1m [0m| |[7;1m [0m| |[7;1m [0m| |[30;1mK[0m| || 8
[32;1m[Board] [0m  -------------------
[32;1m[Board] [0m7 || |[7;1m [0m| |[0;1mQ[0m| |[7;1m [0m| |[7;1m [0m|| 7
[32;1m[Board] [0m  -------------------
[32;1m[Board] [0m6 ||[7;1m [0m| |[7;1m [0m| |[30;1mk[0m| |[0;1mk[0m| || 6
[32;1m[Board] [0m  -------------------
[32;1m[Board] [0m5 || |[7;1m [0m| |[0;1mb[0m| |[7;1m [0m| |[7;1m [0m|| 5
[32;1m[Board] [0m  -------------------
[32;1m[Board] [0m4 ||[7;1m [0m| |[7;1m [0m| |[7;1m [0m|[0;1mp[0m|[7;1m [0m|[30;1mp[0m|| 4
[32;1m[Board] [0m  -------------------
[32;1m[Board] [0m3 || |[7;1m [0m| |[7;1m [0m| |[7;1m [0m| |[7;1m [0m|| 3
[32;1m[Board] [0m  -------------------
[32;1m[Board] [0m2 ||[0;1mp[0m|[0;1mp[0m|[30;1mp[0m|[0;1mp[0m|[7;1m [0m|[0;1mp[0m|[0;1mp[0m|[0;1mp[0m|| 2
[32;1m[Board] [0m  -------------------
[32;1m[Board] [0m1 ||[0;1mr[0m|[7;1m [0m|[0;1mb[0m|[7;1m [0m| |[0;1mK[0m| |[0;1mr[0m|| 1
[32;1m[Board] [0m  -------------------
[32;1m[Board] [0m    a b c d e f g h
[32;1m[Board] [0m
[32;1m[Referee] [0mThis is the turn of the White player...
Position after history:

  +-----------------+
8 | . . . . . . k . |
7 | . . . Q . . . . |
6 | . . . . n . N . |
5 | . . . B . . . . |
4 | . . . . . P . p |
3 | . . . . . . . . |
2 | P P p P . P P P |
1 | R . B . . K . R |
  +-----------------+
    a b c d e f g h
Side to move: White
Next move: f1e1 (score: 2147483646)
[32;1m[Game] [0mPlayer's error code: 0
[32;1m[Game] [0mChecking move validity...
[32;1m[Board] [0mInitializing board...
[32;1m[Board] [0mLoading history file `stats/White/game-26/history.csv`...
[32;1m[Board] [0mLoaded 76 move(s).
[32;1m[Board] [0mLoading move file `stats/White/game-26/move.csv`...
[32;1m[Board] [0mWhite player is playing f1 to e1.
[32;1m[Board] [0m
[32;1m[Board] [0m    a b c d e f g h 
[32;1m[Board] [0m  -------------------
[32;1m[Board] [0m8 ||[7;1m [0m| |[7;1m [0m| |[7;1m [0m| |[30;1mK[0m| || 8
[32;1m[Board] [0m  -------------------
[32;1m[Board] [0m7 || |[7;1m [0m| |[0;1mQ[0m| |[7;1m [0m| |[7;1m [0m|| 7
[32;1m[Board] [0m  -------------------
[32;1m[Board] [0m6 ||[7;1m [0m| |[7;1m [0m| |[30;1mk[0m| |[0;1mk[0m| || 6
[32;1m[Board] [0m  -------------------
[32;1m[Board] [0m5 || |[7;1m [0m| |[0;1mb[0m| |[7;1m [0m| |[7;1m [0m|| 5
[32;1m[Board] [0m  -------------------
[32;1m[Board] [0m4 ||[7;1m [0m| |[7;1m [0m| |[7;1m [0m|[0;1mp[0m|[7;1m [0m|[30;1mp[0m|| 4
[32;1m[Board] [0m  -------------------
[32;1m[Board] [0m3 || |[7;1m [0m| |[7;1m [0m| |[7;1m [0m| |[7;1m [0m|| 3
[32;1m[Board] [0m  -------------------
[32;1m[Board] [0m2 ||[0;1mp[0m|[0;1mp[0m|[30;1mp[0m|[0;1mp[0m|[7;1m [0m|[0;1mp[0m|[0;1mp[0m|[0;1mp[0m|| 2
[32;1m[Board] [0m  -------------------
[32;1m[Board] [0m1 ||[0;1mr[0m|[7;1m [0m|[0;1mb[0m|[7;1m [0m|[0;1mK[0m|[7;1m [0m| |[0;1mr[0m|| 1
[32;1m[Board] [0m  -------------------
[32;1m[Board] [0m    a b c d e f g h
[32;1m[Board] [0m
[32;1m[Referee] [0mThis is the turn of the Black player...
[32;1m[Board] [0mInitializing board...
[32;1m[Board] [0mLoading history file `stats/White/game-26/history.csv`...
[32;1m[Board] [0mLoaded 77 move(s).
[32;1m[RandomPlayer] [0mComputing possible moves...
[32;1m[RandomPlayer] [0m1 possible move(s)
[32;1m[Game] [0mPlayer's error code: 0
[32;1m[Game] [0mChecking move validity...
[32;1m[Board] [0mInitializing board...
[32;1m[Board] [0mLoading history file `stats/White/game-26/history.csv`...
[32;1m[Board] [0mLoaded 77 move(s).
[32;1m[Board] [0mLoading move file `stats/White/game-26/move.csv`...
[32;1m[Board] [0mBlack player is playing h4 to h3.
[32;1m[Board] [0m
[32;1m[Board] [0m    a b c d e f g h 
[32;1m[Board] [0m  -------------------
[32;1m[Board] [0m8 ||[7;1m [0m| |[7;1m [0m| |[7;1m [0m| |[30;1mK[0m| || 8
[32;1m[Board] [0m  -------------------
[32;1m[Board] [0m7 || |[7;1m [0m| |[0;1mQ[0m| |[7;1m [0m| |[7;1m [0m|| 7
[32;1m[Board] [0m  -------------------
[32;1m[Board] [0m6 ||[7;1m [0m| |[7;1m [0m| |[30;1mk[0m| |[0;1mk[0m| || 6
[32;1m[Board] [0m  -------------------
[32;1m[Board] [0m5 || |[7;1m [0m| |[0;1mb[0m| |[7;1m [0m| |[7;1m [0m|| 5
[32;1m[Board] [0m  -------------------
[32;1m[Board] [0m4 ||[7;1m [0m| |[7;1m [0m| |[7;1m [0m|[0;1mp[0m|[7;1m [0m| || 4
[32;1m[Board] [0m  -------------------
[32;1m[Board] [0m3 || |[7;1m [0m| |[7;1m [0m| |[7;1m [0m| |[30;1mp[0m|| 3
[32;1m[Board] [0m  -------------------
[32;1m[Board] [0m2 ||[0;1mp[0m|[0;1mp[0m|[30;1mp[0m|[0;1mp[0m|[7;1m [0m|[0;1mp[0m|[0;1mp[0m|[0;1mp[0m|| 2
[32;1m[Board] [0m  -------------------
[32;1m[Board] [0m1 ||[0;1mr[0m|[7;1m [0m|[0;1mb[0m|[7;1m [0m|[0;1mK[0m|[7;1m [0m| |[0;1mr[0m|| 1
[32;1m[Board] [0m  -------------------
[32;1m[Board] [0m    a b c d e f g h
[32;1m[Board] [0m
[32;1m[Referee] [0mThis is the turn of the White player...
Position after history:

  +-----------------+
8 | . . . . . . k . |
7 | . . . Q . . . . |
6 | . . . . n . N . |
5 | . . . B . . . . |
4 | . . . . . P . . |
3 | . . . . . . . p |
2 | P P p P . P P P |
1 | R . B . K . . R |
  +-----------------+
    a b c d e f g h
Side to move: White
Next move: e1e2 (score: 2147483646)
[32;1m[Game] [0mPlayer's error code: 0
[32;1m[Game] [0mChecking move validity...
[32;1m[Board] [0mInitializing board...
[32;1m[Board] [0mLoading history file `stats/White/game-26/history.csv`...
[32;1m[Board] [0mLoaded 78 move(s).
[32;1m[Board] [0mLoading move file `stats/White/game-26/move.csv`...
[32;1m[Board] [0mWhite player is playing e1 to e2.
[32;1m[Board] [0m
[32;1m[Board] [0m    a b c d e f g h 
[32;1m[Board] [0m  -------------------
[32;1m[Board] [0m8 ||[7;1m [0m| |[7;1m [0m| |[7;1m [0m| |[30;1mK[0m| || 8
[32;1m[Board] [0m  -------------------
[32;1m[Board] [0m7 || |[7;1m [0m| |[0;1mQ[0m| |[7;1m [0m| |[7;1m [0m|| 7
[32;1m[Board] [0m  -------------------
[32;1m[Board] [0m6 ||[7;1m [0m| |[7;1m [0m| |[30;1mk[0m| |[0;1mk[0m| || 6
[32;1m[Board] [0m  -------------------
[32;1m[Board] [0m5 || |[7;1m [0m| |[0;1mb[0m| |[7;1m [0m| |[7;1m [0m|| 5
[32;1m[Board] [0m  -------------------
[32;1m[Board] [0m4 ||[7;1m [0m| |[7;1m [0m| |[7;1m [0m|[0;1mp[0m|[7;1m [0m| || 4
[32;1m[Board] [0m  -------------------
[32;1m[Board] [0m3 || |[7;1m [0m| |[7;1m [0m| |[7;1m [0m| |[30;1mp[0m|| 3
[32;1m[Board] [0m  -------------------
[32;1m[Board] [0m2 ||[0;1mp[0m|[0;1mp[0m|[30;1mp[0m|[0;1mp[0m|[0;1mK[0m|[0;1mp[0m|[0;1mp[0m|[0;1mp[0m|| 2
[32;1m[Board] [0m  -------------------
[32;1m[Board] [0m1 ||[0;1mr[0m|[7;1m [0m|[0;1mb[0m|[7;1m [0m| |[7;1m [0m| |[0;1mr[0m|| 1
[32;1m[Board] [0m  -------------------
[32;1m[Board] [0m    a b c d e f g h
[32;1m[Board] [0m
[32;1m[Referee] [0mThis is the turn of the Black player...
[32;1m[Board] [0mInitializing board...
[32;1m[Board] [0mLoading history file `stats/White/game-26/history.csv`...
[32;1m[Board] [0mLoaded 79 move(s).
[32;1m[RandomPlayer] [0mComputing possible moves...
[32;1m[RandomPlayer] [0m1 possible move(s)
[32;1m[Game] [0mPlayer's error code: 0
[32;1m[Game] [0mChecking move validity...
[32;1m[Board] [0mInitializing board...
[32;1m[Board] [0mLoading history file `stats/White/game-26/history.csv`...
[32;1m[Board] [0mLoaded 79 move(s).
[32;1m[Board] [0mLoading move file `stats/White/game-26/move.csv`...
[32;1m[Board] [0mBlack player is playing h3 to g2.
[32;1m[Board] [0m[5;1mBlack Pawn is taking White Pawn.[0m
[32;1m[Board] [0m
[32;1m[Board] [0m    a b c d e f g h 
[32;1m[Board] [0m  -------------------
[32;1m[Board] [0m8 ||[7;1m [0m| |[7;1m [0m| |[7;1m [0m| |[30;1mK[0m| || 8
[32;1m[Board] [0m  -------------------
[32;1m[Board] [0m7 || |[7;1m [0m| |[0;1mQ[0m| |[7;1m [0m| |[7;1m [0m|| 7
[32;1m[Board] [0m  -------------------
[32;1m[Board] [0m6 ||[7;1m [0m| |[7;1m [0m| |[30;1mk[0m| |[0;1mk[0m| || 6
[32;1m[Board] [0m  -------------------
[32;1m[Board] [0m5 || |[7;1m [0m| |[0;1mb[0m| |[7;1m [0m| |[7;1m [0m|| 5
[32;1m[Board] [0m  -------------------
[32;1m[Board] [0m4 ||[7;1m [0m| |[7;1m [0m| |[7;1m [0m|[0;1mp[0m|[7;1m [0m| || 4
[32;1m[Board] [0m  -------------------
[32;1m[Board] [0m3 || |[7;1m [0m| |[7;1m [0m| |[7;1m [0m| |[7;1m [0m|| 3
[32;1m[Board] [0m  -------------------
[32;1m[Board] [0m2 ||[0;1mp[0m|[0;1mp[0m|[30;1mp[0m|[0;1mp[0m|[0;1mK[0m|[0;1mp[0m|[30;1mp[0m|[0;1mp[0m|| 2
[32;1m[Board] [0m  -------------------
[32;1m[Board] [0m1 ||[0;1mr[0m|[7;1m [0m|[0;1mb[0m|[7;1m [0m| |[7;1m [0m| |[0;1mr[0m|| 1
[32;1m[Board] [0m  -------------------
[32;1m[Board] [0m    a b c d e f g h
[32;1m[Board] [0m
[32;1m[Referee] [0mThis is the turn of the White player...
Position after history:

  +-----------------+
8 | . . . . . . k . |
7 | . . . Q . . . . |
6 | . . . . n . N . |
5 | . . . B . . . . |
4 | . . . . . P . . |
3 | . . . . . . . . |
2 | P P p P K P p P |
1 | R . B . . . . R |
  +-----------------+
    a b c d e f g h
Side to move: White
Next move: e2d3 (score: 2147483646)
[32;1m[Game] [0mPlayer's error code: 0
[32;1m[Game] [0mChecking move validity...
[32;1m[Board] [0mInitializing board...
[32;1m[Board] [0mLoading history file `stats/White/game-26/history.csv`...
[32;1m[Board] [0mLoaded 80 move(s).
[32;1m[Board] [0mLoading move file `stats/White/game-26/move.csv`...
[32;1m[Board] [0mWhite player is playing e2 to d3.
[32;1m[Board] [0m
[32;1m[Board] [0m    a b c d e f g h 
[32;1m[Board] [0m  -------------------
[32;1m[Board] [0m8 ||[7;1m [0m| |[7;1m [0m| |[7;1m [0m| |[30;1mK[0m| || 8
[32;1m[Board] [0m  -------------------
[32;1m[Board] [0m7 || |[7;1m [0m| |[0;1mQ[0m| |[7;1m [0m| |[7;1m [0m|| 7
[32;1m[Board] [0m  -------------------
[32;1m[Board] [0m6 ||[7;1m [0m| |[7;1m [0m| |[30;1mk[0m| |[0;1mk[0m| || 6
[32;1m[Board] [0m  -------------------
[32;1m[Board] [0m5 || |[7;1m [0m| |[0;1mb[0m| |[7;1m [0m| |[7;1m [0m|| 5
[32;1m[Board] [0m  -------------------
[32;1m[Board] [0m4 ||[7;1m [0m| |[7;1m [0m| |[7;1m [0m|[0;1mp[0m|[7;1m [0m| || 4
[32;1m[Board] [0m  -------------------
[32;1m[Board] [0m3 || |[7;1m [0m| |[0;1mK[0m| |[7;1m [0m| |[7;1m [0m|| 3
[32;1m[Board] [0m  -------------------
[32;1m[Board] [0m2 ||[0;1mp[0m|[0;1mp[0m|[30;1mp[0m|[0;1mp[0m|[7;1m [0m|[0;1mp[0m|[30;1mp[0m|[0;1mp[0m|| 2
[32;1m[Board] [0m  -------------------
[32;1m[Board] [0m1 ||[0;1mr[0m|[7;1m [0m|[0;1mb[0m|[7;1m [0m| |[7;1m [0m| |[0;1mr[0m|| 1
[32;1m[Board] [0m  -------------------
[32;1m[Board] [0m    a b c d e f g h
[32;1m[Board] [0m
[32;1m[Referee] [0mThis is the turn of the Black player...
[32;1m[Board] [0mInitializing board...
[32;1m[Board] [0mLoading history file `stats/White/game-26/history.csv`...
[32;1m[Board] [0mLoaded 81 move(s).
[32;1m[RandomPlayer] [0mComputing possible moves...
[32;1m[RandomPlayer] [0m2 possible move(s)
[32;1m[RandomPlayer] [0mPlaying random move 0 out of 2
[32;1m[Game] [0mPlayer's error code: 0
[32;1m[Game] [0mChecking move validity...
[32;1m[Board] [0mInitializing board...
[32;1m[Board] [0mLoading history file `stats/White/game-26/history.csv`...
[32;1m[Board] [0mLoaded 81 move(s).
[32;1m[Board] [0mLoading move file `stats/White/game-26/move.csv`...
[32;1m[Board] [0mBlack player is playing g2 to g1.
[32;1m[Board] [0mPromoting a Black Pawn into a Queen
[32;1m[Board] [0m
[32;1m[Board] [0m    a b c d e f g h 
[32;1m[Board] [0m  -------------------
[32;1m[Board] [0m8 ||[7;1m [0m| |[7;1m [0m| |[7;1m [0m| |[30;1mK[0m| || 8
[32;1m[Board] [0m  -------------------
[32;1m[Board] [0m7 || |[7;1m [0m| |[0;1mQ[0m| |[7;1m [0m| |[7;1m [0m|| 7
[32;1m[Board] [0m  -------------------
[32;1m[Board] [0m6 ||[7;1m [0m| |[7;1m [0m| |[30;1mk[0m| |[0;1mk[0m| || 6
[32;1m[Board] [0m  -------------------
[32;1m[Board] [0m5 || |[7;1m [0m| |[0;1mb[0m| |[7;1m [0m| |[7;1m [0m|| 5
[32;1m[Board] [0m  -------------------
[32;1m[Board] [0m4 ||[7;1m [0m| |[7;1m [0m| |[7;1m [0m|[0;1mp[0m|[7;1m [0m| || 4
[32;1m[Board] [0m  -------------------
[32;1m[Board] [0m3 || |[7;1m [0m| |[0;1mK[0m| |[7;1m [0m| |[7;1m [0m|| 3
[32;1m[Board] [0m  -------------------
[32;1m[Board] [0m2 ||[0;1mp[0m|[0;1mp[0m|[30;1mp[0m|[0;1mp[0m|[7;1m [0m|[0;1mp[0m|[7;1m [0m|[0;1mp[0m|| 2
[32;1m[Board] [0m  -------------------
[32;1m[Board] [0m1 ||[0;1mr[0m|[7;1m [0m|[0;1mb[0m|[7;1m [0m| |[7;1m [0m|[30;1mQ[0m|[0;1mr[0m|| 1
[32;1m[Board] [0m  -------------------
[32;1m[Board] [0m    a b c d e f g h
[32;1m[Board] [0m
[32;1m[Referee] [0mThis is the turn of the White player...
Position after history:

  +-----------------+
8 | . . . . . . k . |
7 | . . . Q . . . . |
6 | . . . . n . N . |
5 | . . . B . . . . |
4 | . . . . . P . . |
3 | . . . K . . . . |
2 | P P p P . P . P |
1 | R . B . . . q R |
  +-----------------+
    a b c d e f g h
Side to move: White
Next move: d5e6 (score: 2147483646)
[32;1m[Game] [0mPlayer's error code: 0
[32;1m[Game] [0mChecking move validity...
[32;1m[Board] [0mInitializing board...
[32;1m[Board] [0mLoading history file `stats/White/game-26/history.csv`...
[32;1m[Board] [0mLoaded 82 move(s).
[32;1m[Board] [0mLoading move file `stats/White/game-26/move.csv`...
[32;1m[Board] [0mWhite player is playing d5 to e6.
[32;1m[Board] [0m[5;1mWhite Bishop is taking Black Knight.[0m
[32;1m[Board] [0m
[32;1m[Board] [0m    a b c d e f g h 
[32;1m[Board] [0m  -------------------
[32;1m[Board] [0m8 ||[7;1m [0m| |[7;1m [0m| |[7;1m [0m| |[30;1mK[0m| || 8
[32;1m[Board] [0m  -------------------
[32;1m[Board] [0m7 || |[7;1m [0m| |[0;1mQ[0m| |[7;1m [0m| |[7;1m [0m|| 7
[32;1m[Board] [0m  -------------------
[32;1m[Board] [0m6 ||[7;1m [0m| |[7;1m [0m| |[0;1mb[0m| |[0;1mk[0m| || 6
[32;1m[Board] [0m  -------------------
[32;1m[Board] [0m5 || |[7;1m [0m| |[7;1m [0m| |[7;1m [0m| |[7;1m [0m|| 5
[32;1m[Board] [0m  -------------------
[32;1m[Board] [0m4 ||[7;1m [0m| |[7;1m [0m| |[7;1m [0m|[0;1mp[0m|[7;1m [0m| || 4
[32;1m[Board] [0m  -------------------
[32;1m[Board] [0m3 || |[7;1m [0m| |[0;1mK[0m| |[7;1m [0m| |[7;1m [0m|| 3
[32;1m[Board] [0m  -------------------
[32;1m[Board] [0m2 ||[0;1mp[0m|[0;1mp[0m|[30;1mp[0m|[0;1mp[0m|[7;1m [0m|[0;1mp[0m|[7;1m [0m|[0;1mp[0m|| 2
[32;1m[Board] [0m  -------------------
[32;1m[Board] [0m1 ||[0;1mr[0m|[7;1m [0m|[0;1mb[0m|[7;1m [0m| |[7;1m [0m|[30;1mQ[0m|[0;1mr[0m|| 1
[32;1m[Board] [0m  -------------------
[32;1m[Board] [0m    a b c d e f g h
[32;1m[Board] [0m
[32;1m[Referee] [0mThis is the turn of the Black player...
