[32;1m[Board] [0mInitializing board (size: 8)...
[32;1m[Board] [0m32 piece(s) on board.
[32;1m[Board] [0m
[32;1m[Board] [0m     a b c d e f g h
[32;1m[Board] [0m   -------------------
[32;1m[Board] [0m 8 ||[30;1mr[0m|[30;1mk[0m|[30;1mb[0m|[30;1mQ[0m|[30;1mK[0m|[30;1mb[0m|[30;1mk[0m|[30;1mr[0m|| 8
[32;1m[Board] [0m   -------------------
[32;1m[Board] [0m 7 ||[30;1mp[0m|[30;1mp[0m|[30;1mp[0m|[30;1mp[0m|[30;1mp[0m|[30;1mp[0m|[30;1mp[0m|[30;1mp[0m|| 7
[32;1m[Board] [0m   -------------------
[32;1m[Board] [0m 6 ||[7;1m [0m| |[7;1m [0m| |[7;1m [0m| |[7;1m [0m| || 6
[32;1m[Board] [0m   -------------------
[32;1m[Board] [0m 5 || |[7;1m [0m| |[7;1m [0m| |[7;1m [0m| |[7;1m [0m|| 5
[32;1m[Board] [0m   -------------------
[32;1m[Board] [0m 4 ||[7;1m [0m| |[7;1m [0m| |[7;1m [0m| |[7;1m [0m| || 4
[32;1m[Board] [0m   -------------------
[32;1m[Board] [0m 3 || |[7;1m [0m| |[7;1m [0m| |[7;1m [0m| |[7;1m [0m|| 3
[32;1m[Board] [0m   -------------------
[32;1m[Board] [0m 2 ||[0;1mp[0m|[0;1mp[0m|[0;1mp[0m|[0;1mp[0m|[0;1mp[0m|[0;1mp[0m|[0;1mp[0m|[0;1mp[0m|| 2
[32;1m[Board] [0m   -------------------
[32;1m[Board] [0m 1 ||[0;1mr[0m|[0;1mk[0m|[0;1mb[0m|[0;1mQ[0m|[0;1mK[0m|[0;1mb[0m|[0;1mk[0m|[0;1mr[0m|| 1
[32;1m[Board] [0m   -------------------
[32;1m[Board] [0m     a b c d e f g h
[32;1m[Board] [0m
[32;1m[Referee] [0mThis is the turn of the White player...

rnbqkbnr
pppppppp
********
********
********
********
PPPPPPPP
RNBQKBNR
d2d4
[32;1m[Game] [0mPlayer's error code: 0
[32;1m[Game] [0mChecking move validity...
[32;1m[Board] [0mInitializing board (size: 8)...
[32;1m[Board] [0m32 piece(s) on board.
[32;1m[Board] [0mLoading history file `championship/chessmates-logic-and-proofs/history.csv`...
[32;1m[Board] [0mLoaded 0 move(s).
[32;1m[Board] [0mHistory replayed, 32 piece(s) on board.
[32;1m[Board] [0mLoading move file `championship/chessmates-logic-and-proofs/move.csv`...
[32;1m[Board] [0mWhite player is playing d2 to d4.
[32;1m[Board] [0m
[32;1m[Board] [0m     a b c d e f g h
[32;1m[Board] [0m   -------------------
[32;1m[Board] [0m 8 ||[30;1mr[0m|[30;1mk[0m|[30;1mb[0m|[30;1mQ[0m|[30;1mK[0m|[30;1mb[0m|[30;1mk[0m|[30;1mr[0m|| 8
[32;1m[Board] [0m   -------------------
[32;1m[Board] [0m 7 ||[30;1mp[0m|[30;1mp[0m|[30;1mp[0m|[30;1mp[0m|[30;1mp[0m|[30;1mp[0m|[30;1mp[0m|[30;1mp[0m|| 7
[32;1m[Board] [0m   -------------------
[32;1m[Board] [0m 6 ||[7;1m [0m| |[7;1m [0m| |[7;1m [0m| |[7;1m [0m| || 6
[32;1m[Board] [0m   -------------------
[32;1m[Board] [0m 5 || |[7;1m [0m| |[7;1m [0m| |[7;1m [0m| |[7;1m [0m|| 5
[32;1m[Board] [0m   -------------------
[32;1m[Board] [0m 4 ||[7;1m [0m| |[7;1m [0m|[0;1mp[0m|[7;1m [0m| |[7;1m [0m| || 4
[32;1m[Board] [0m   -------------------
[32;1m[Board] [0m 3 || |[7;1m [0m| |[7;1m [0m| |[7;1m [0m| |[7;1m [0m|| 3
[32;1m[Board] [0m   -------------------
[32;1m[Board] [0m 2 ||[0;1mp[0m|[0;1mp[0m|[0;1mp[0m| |[0;1mp[0m|[0;1mp[0m|[0;1mp[0m|[0;1mp[0m|| 2
[32;1m[Board] [0m   -------------------
[32;1m[Board] [0m 1 ||[0;1mr[0m|[0;1mk[0m|[0;1mb[0m|[0;1mQ[0m|[0;1mK[0m|[0;1mb[0m|[0;1mk[0m|[0;1mr[0m|| 1
[32;1m[Board] [0m   -------------------
[32;1m[Board] [0m     a b c d e f g h
[32;1m[Board] [0m
[32;1m[Referee] [0mThis is the turn of the Black player...
[DEBUG] Input history filename: championship/chessmates-logic-and-proofs/history.csv
[DEBUG] Output move file: championship/chessmates-logic-and-proofs/move.csv
[Parser][ply=] 1
how i see the board before writing next move: Turn: Black
Enpassant: d3	Castling: WK WQ BK BQ 
   ---- ---- ---- ---- ---- ---- ---- ----
8 | r  | n  | b  | q  | k  | b  | n  | r  |
   ---- ---- ---- ---- ---- ---- ---- ----
7 | p  | p  | p  | p  | p  | p  | p  | p  |
   ---- ---- ---- ---- ---- ---- ---- ----
6 |    |    |    |    |    |    |    |    |
   ---- ---- ---- ---- ---- ---- ---- ----
5 |    |    |    |    |    |    |    |    |
   ---- ---- ---- ---- ---- ---- ---- ----
4 |    |    |    | P  |    |    |    |    |
   ---- ---- ---- ---- ---- ---- ---- ----
3 |    |    |    |    |    |    |    |    |
   ---- ---- ---- ---- ---- ---- ---- ----
2 | P  | P  | P  |    | P  | P  | P  | P  |
   ---- ---- ---- ---- ---- ---- ---- ----
1 | R  | N  | B  | Q  | K  | B  | N  | R  |
   ---- ---- ---- ---- ---- ---- ---- ----
    a    b    c    d    e    f    g    h
starting search...
depth: 1 score: -86 time: 0 nodes: 44 hashfull: 0
depth: 2 score: -122 time: 0 nodes: 517 hashfull: 0
depth: 3 score: -94 time: 0 nodes: 1571 hashfull: 0
depth: 4 score: -117 time: 2 nodes: 4884 hashfull: 0
depth: 5 score: -90 time: 15 nodes: 28113 hashfull: 1
depth: 6 score: -113 time: 29 nodes: 72358 hashfull: 2
depth: 7 score: -110 time: 119 nodes: 243252 hashfull: 8
depth: 8 score: -108 time: 163 nodes: 495469 hashfull: 18
depth: 9 score: -89 time: 548 nodes: 1314951 hashfull: 47
depth: 10 score: -77 time: 2463 nodes: 4763528 hashfull: 145
[DEBUG] [Parser] Wrote to ouput file championship/chessmates-logic-and-proofs/move.csv move : g8f6
[32;1m[Game] [0mPlayer's error code: 0
[32;1m[Game] [0mChecking move validity...
[32;1m[Board] [0mInitializing board (size: 8)...
[32;1m[Board] [0m32 piece(s) on board.
[32;1m[Board] [0mLoading history file `championship/chessmates-logic-and-proofs/history.csv`...
[32;1m[Board] [0mLoaded 1 move(s).
[32;1m[Board] [0mHistory replayed, 32 piece(s) on board.
[32;1m[Board] [0mLoading move file `championship/chessmates-logic-and-proofs/move.csv`...
[32;1m[Board] [0mBlack player is playing g8 to f6.
[32;1m[Board] [0m
[32;1m[Board] [0m     a b c d e f g h
[32;1m[Board] [0m   -------------------
[32;1m[Board] [0m 8 ||[30;1mr[0m|[30;1mk[0m|[30;1mb[0m|[30;1mQ[0m|[30;1mK[0m|[30;1mb[0m|[7;1m [0m|[30;1mr[0m|| 8
[32;1m[Board] [0m   -------------------
[32;1m[Board] [0m 7 ||[30;1mp[0m|[30;1mp[0m|[30;1mp[0m|[30;1mp[0m|[30;1mp[0m|[30;1mp[0m|[30;1mp[0m|[30;1mp[0m|| 7
[32;1m[Board] [0m   -------------------
[32;1m[Board] [0m 6 ||[7;1m [0m| |[7;1m [0m| |[7;1m [0m|[30;1mk[0m|[7;1m [0m| || 6
[32;1m[Board] [0m   -------------------
[32;1m[Board] [0m 5 || |[7;1m [0m| |[7;1m [0m| |[7;1m [0m| |[7;1m [0m|| 5
[32;1m[Board] [0m   -------------------
[32;1m[Board] [0m 4 ||[7;1m [0m| |[7;1m [0m|[0;1mp[0m|[7;1m [0m| |[7;1m [0m| || 4
[32;1m[Board] [0m   -------------------
[32;1m[Board] [0m 3 || |[7;1m [0m| |[7;1m [0m| |[7;1m [0m| |[7;1m [0m|| 3
[32;1m[Board] [0m   -------------------
[32;1m[Board] [0m 2 ||[0;1mp[0m|[0;1mp[0m|[0;1mp[0m| |[0;1mp[0m|[0;1mp[0m|[0;1mp[0m|[0;1mp[0m|| 2
[32;1m[Board] [0m   -------------------
[32;1m[Board] [0m 1 ||[0;1mr[0m|[0;1mk[0m|[0;1mb[0m|[0;1mQ[0m|[0;1mK[0m|[0;1mb[0m|[0;1mk[0m|[0;1mr[0m|| 1
[32;1m[Board] [0m   -------------------
[32;1m[Board] [0m     a b c d e f g h
[32;1m[Board] [0m
[32;1m[Referee] [0mThis is the turn of the White player...

rnbqkb*r
pppppppp
*****n**
********
***P****
********
PPP*PPPP
RNBQKBNR
e2e3
[32;1m[Game] [0mPlayer's error code: 0
[32;1m[Game] [0mChecking move validity...
[32;1m[Board] [0mInitializing board (size: 8)...
[32;1m[Board] [0m32 piece(s) on board.
[32;1m[Board] [0mLoading history file `championship/chessmates-logic-and-proofs/history.csv`...
[32;1m[Board] [0mLoaded 2 move(s).
[32;1m[Board] [0mHistory replayed, 32 piece(s) on board.
[32;1m[Board] [0mLoading move file `championship/chessmates-logic-and-proofs/move.csv`...
[32;1m[Board] [0mWhite player is playing e2 to e3.
[32;1m[Board] [0m
[32;1m[Board] [0m     a b c d e f g h
[32;1m[Board] [0m   -------------------
[32;1m[Board] [0m 8 ||[30;1mr[0m|[30;1mk[0m|[30;1mb[0m|[30;1mQ[0m|[30;1mK[0m|[30;1mb[0m|[7;1m [0m|[30;1mr[0m|| 8
[32;1m[Board] [0m   -------------------
[32;1m[Board] [0m 7 ||[30;1mp[0m|[30;1mp[0m|[30;1mp[0m|[30;1mp[0m|[30;1mp[0m|[30;1mp[0m|[30;1mp[0m|[30;1mp[0m|| 7
[32;1m[Board] [0m   -------------------
[32;1m[Board] [0m 6 ||[7;1m [0m| |[7;1m [0m| |[7;1m [0m|[30;1mk[0m|[7;1m [0m| || 6
[32;1m[Board] [0m   -------------------
[32;1m[Board] [0m 5 || |[7;1m [0m| |[7;1m [0m| |[7;1m [0m| |[7;1m [0m|| 5
[32;1m[Board] [0m   -------------------
[32;1m[Board] [0m 4 ||[7;1m [0m| |[7;1m [0m|[0;1mp[0m|[7;1m [0m| |[7;1m [0m| || 4
[32;1m[Board] [0m   -------------------
[32;1m[Board] [0m 3 || |[7;1m [0m| |[7;1m [0m|[0;1mp[0m|[7;1m [0m| |[7;1m [0m|| 3
[32;1m[Board] [0m   -------------------
[32;1m[Board] [0m 2 ||[0;1mp[0m|[0;1mp[0m|[0;1mp[0m| |[7;1m [0m|[0;1mp[0m|[0;1mp[0m|[0;1mp[0m|| 2
[32;1m[Board] [0m   -------------------
[32;1m[Board] [0m 1 ||[0;1mr[0m|[0;1mk[0m|[0;1mb[0m|[0;1mQ[0m|[0;1mK[0m|[0;1mb[0m|[0;1mk[0m|[0;1mr[0m|| 1
[32;1m[Board] [0m   -------------------
[32;1m[Board] [0m     a b c d e f g h
[32;1m[Board] [0m
[32;1m[Referee] [0mThis is the turn of the Black player...
[DEBUG] Input history filename: championship/chessmates-logic-and-proofs/history.csv
[DEBUG] Output move file: championship/chessmates-logic-and-proofs/move.csv
[Parser][ply=] 3
how i see the board before writing next move: Turn: Black
Enpassant: xx	Castling: WK WQ BK BQ 
   ---- ---- ---- ---- ---- ---- ---- ----
8 | r  | n  | b  | q  | k  | b  |    | r  |
   ---- ---- ---- ---- ---- ---- ---- ----
7 | p  | p  | p  | p  | p  | p  | p  | p  |
   ---- ---- ---- ---- ---- ---- ---- ----
6 |    |    |    |    |    | n  |    |    |
   ---- ---- ---- ---- ---- ---- ---- ----
5 |    |    |    |    |    |    |    |    |
   ---- ---- ---- ---- ---- ---- ---- ----
4 |    |    |    | P  |    |    |    |    |
   ---- ---- ---- ---- ---- ---- ---- ----
3 |    |    |    |    | P  |    |    |    |
   ---- ---- ---- ---- ---- ---- ---- ----
2 | P  | P  | P  |    |    | P  | P  | P  |
   ---- ---- ---- ---- ---- ---- ---- ----
1 | R  | N  | B  | Q  | K  | B  | N  | R  |
   ---- ---- ---- ---- ---- ---- ---- ----
    a    b    c    d    e    f    g    h
starting search...
depth: 1 score: -66 time: 0 nodes: 44 hashfull: 0
depth: 2 score: -102 time: 0 nodes: 677 hashfull: 0
depth: 3 score: -84 time: 4 nodes: 1988 hashfull: 0
depth: 4 score: -103 time: 6 nodes: 4977 hashfull: 0
depth: 5 score: -88 time: 27 nodes: 21265 hashfull: 0
depth: 6 score: -68 time: 193 nodes: 107821 hashfull: 3
depth: 7 score: -65 time: 84 nodes: 192420 hashfull: 5
depth: 8 score: -65 time: 245 nodes: 408684 hashfull: 10
depth: 9 score: -60 time: 716 nodes: 1234922 hashfull: 36
depth: 10 score: -52 time: 1622 nodes: 3497472 hashfull: 97
depth: 11 score: -59 time: 5271 nodes: 9965984 hashfull: 230
[DEBUG] [Parser] Wrote to ouput file championship/chessmates-logic-and-proofs/move.csv move : e7e6
[32;1m[Game] [0mPlayer's error code: 0
[32;1m[Game] [0mChecking move validity...
[32;1m[Board] [0mInitializing board (size: 8)...
[32;1m[Board] [0m32 piece(s) on board.
[32;1m[Board] [0mLoading history file `championship/chessmates-logic-and-proofs/history.csv`...
[32;1m[Board] [0mLoaded 3 move(s).
[32;1m[Board] [0mHistory replayed, 32 piece(s) on board.
[32;1m[Board] [0mLoading move file `championship/chessmates-logic-and-proofs/move.csv`...
[32;1m[Board] [0mBlack player is playing e7 to e6.
[32;1m[Board] [0m
[32;1m[Board] [0m     a b c d e f g h
[32;1m[Board] [0m   -------------------
[32;1m[Board] [0m 8 ||[30;1mr[0m|[30;1mk[0m|[30;1mb[0m|[30;1mQ[0m|[30;1mK[0m|[30;1mb[0m|[7;1m [0m|[30;1mr[0m|| 8
[32;1m[Board] [0m   -------------------
[32;1m[Board] [0m 7 ||[30;1mp[0m|[30;1mp[0m|[30;1mp[0m|[30;1mp[0m| |[30;1mp[0m|[30;1mp[0m|[30;1mp[0m|| 7
[32;1m[Board] [0m   -------------------
[32;1m[Board] [0m 6 ||[7;1m [0m| |[7;1m [0m| |[30;1mp[0m|[30;1mk[0m|[7;1m [0m| || 6
[32;1m[Board] [0m   -------------------
[32;1m[Board] [0m 5 || |[7;1m [0m| |[7;1m [0m| |[7;1m [0m| |[7;1m [0m|| 5
[32;1m[Board] [0m   -------------------
[32;1m[Board] [0m 4 ||[7;1m [0m| |[7;1m [0m|[0;1mp[0m|[7;1m [0m| |[7;1m [0m| || 4
[32;1m[Board] [0m   -------------------
[32;1m[Board] [0m 3 || |[7;1m [0m| |[7;1m [0m|[0;1mp[0m|[7;1m [0m| |[7;1m [0m|| 3
[32;1m[Board] [0m   -------------------
[32;1m[Board] [0m 2 ||[0;1mp[0m|[0;1mp[0m|[0;1mp[0m| |[7;1m [0m|[0;1mp[0m|[0;1mp[0m|[0;1mp[0m|| 2
[32;1m[Board] [0m   -------------------
[32;1m[Board] [0m 1 ||[0;1mr[0m|[0;1mk[0m|[0;1mb[0m|[0;1mQ[0m|[0;1mK[0m|[0;1mb[0m|[0;1mk[0m|[0;1mr[0m|| 1
[32;1m[Board] [0m   -------------------
[32;1m[Board] [0m     a b c d e f g h
[32;1m[Board] [0m
[32;1m[Referee] [0mThis is the turn of the White player...

rnbqkb*r
pppp*ppp
****pn**
********
***P****
****P***
PPP**PPP
RNBQKBNR
b1c3
[32;1m[Game] [0mPlayer's error code: 0
[32;1m[Game] [0mChecking move validity...
[32;1m[Board] [0mInitializing board (size: 8)...
[32;1m[Board] [0m32 piece(s) on board.
[32;1m[Board] [0mLoading history file `championship/chessmates-logic-and-proofs/history.csv`...
[32;1m[Board] [0mLoaded 4 move(s).
[32;1m[Board] [0mHistory replayed, 32 piece(s) on board.
[32;1m[Board] [0mLoading move file `championship/chessmates-logic-and-proofs/move.csv`...
[32;1m[Board] [0mWhite player is playing b1 to c3.
[32;1m[Board] [0m
[32;1m[Board] [0m     a b c d e f g h
[32;1m[Board] [0m   -------------------
[32;1m[Board] [0m 8 ||[30;1mr[0m|[30;1mk[0m|[30;1mb[0m|[30;1mQ[0m|[30;1mK[0m|[30;1mb[0m|[7;1m [0m|[30;1mr[0m|| 8
[32;1m[Board] [0m   -------------------
[32;1m[Board] [0m 7 ||[30;1mp[0m|[30;1mp[0m|[30;1mp[0m|[30;1mp[0m| |[30;1mp[0m|[30;1mp[0m|[30;1mp[0m|| 7
[32;1m[Board] [0m   -------------------
[32;1m[Board] [0m 6 ||[7;1m [0m| |[7;1m [0m| |[30;1mp[0m|[30;1mk[0m|[7;1m [0m| || 6
[32;1m[Board] [0m   -------------------
[32;1m[Board] [0m 5 || |[7;1m [0m| |[7;1m [0m| |[7;1m [0m| |[7;1m [0m|| 5
[32;1m[Board] [0m   -------------------
[32;1m[Board] [0m 4 ||[7;1m [0m| |[7;1m [0m|[0;1mp[0m|[7;1m [0m| |[7;1m [0m| || 4
[32;1m[Board] [0m   -------------------
[32;1m[Board] [0m 3 || |[7;1m [0m|[0;1mk[0m|[7;1m [0m|[0;1mp[0m|[7;1m [0m| |[7;1m [0m|| 3
[32;1m[Board] [0m   -------------------
[32;1m[Board] [0m 2 ||[0;1mp[0m|[0;1mp[0m|[0;1mp[0m| |[7;1m [0m|[0;1mp[0m|[0;1mp[0m|[0;1mp[0m|| 2
[32;1m[Board] [0m   -------------------
[32;1m[Board] [0m 1 ||[0;1mr[0m|[7;1m [0m|[0;1mb[0m|[0;1mQ[0m|[0;1mK[0m|[0;1mb[0m|[0;1mk[0m|[0;1mr[0m|| 1
[32;1m[Board] [0m   -------------------
[32;1m[Board] [0m     a b c d e f g h
[32;1m[Board] [0m
[32;1m[Referee] [0mThis is the turn of the Black player...
[DEBUG] Input history filename: championship/chessmates-logic-and-proofs/history.csv
[DEBUG] Output move file: championship/chessmates-logic-and-proofs/move.csv
[Parser][ply=] 5
how i see the board before writing next move: Turn: Black
Enpassant: xx	Castling: WK WQ BK BQ 
   ---- ---- ---- ---- ---- ---- ---- ----
8 | r  | n  | b  | q  | k  | b  |    | r  |
   ---- ---- ---- ---- ---- ---- ---- ----
7 | p  | p  | p  | p  |    | p  | p  | p  |
   ---- ---- ---- ---- ---- ---- ---- ----
6 |    |    |    |    | p  | n  |    |    |
   ---- ---- ---- ---- ---- ---- ---- ----
5 |    |    |    |    |    |    |    |    |
   ---- ---- ---- ---- ---- ---- ---- ----
4 |    |    |    | P  |    |    |    |    |
   ---- ---- ---- ---- ---- ---- ---- ----
3 |    |    | N  |    | P  |    |    |    |
   ---- ---- ---- ---- ---- ---- ---- ----
2 | P  | P  | P  |    |    | P  | P  | P  |
   ---- ---- ---- ---- ---- ---- ---- ----
1 | R  |    | B  | Q  | K  | B  | N  | R  |
   ---- ---- ---- ---- ---- ---- ---- ----
    a    b    c    d    e    f    g    h
starting search...
depth: 1 score: -91 time: 0 nodes: 62 hashfull: 0
depth: 2 score: -32 time: 1 nodes: 1091 hashfull: 0
depth: 3 score: -30 time: 2 nodes: 3611 hashfull: 0
depth: 4 score: -30 time: 3 nodes: 7375 hashfull: 0
depth: 5 score: -43 time: 23 nodes: 30287 hashfull: 0
depth: 6 score: -43 time: 51 nodes: 82948 hashfull: 2
depth: 7 score: -63 time: 178 nodes: 264675 hashfull: 6
depth: 8 score: -63 time: 281 nodes: 558434 hashfull: 14
depth: 9 score: -49 time: 933 nodes: 1722850 hashfull: 48
depth: 10 score: -56 time: 1748 nodes: 4428696 hashfull: 108
depth: 11 score: -49 time: 5557 nodes: 11760002 hashfull: 251
[DEBUG] [Parser] Wrote to ouput file championship/chessmates-logic-and-proofs/move.csv move : f8b4
[32;1m[Game] [0mPlayer's error code: 0
[32;1m[Game] [0mChecking move validity...
[32;1m[Board] [0mInitializing board (size: 8)...
[32;1m[Board] [0m32 piece(s) on board.
[32;1m[Board] [0mLoading history file `championship/chessmates-logic-and-proofs/history.csv`...
[32;1m[Board] [0mLoaded 5 move(s).
[32;1m[Board] [0mHistory replayed, 32 piece(s) on board.
[32;1m[Board] [0mLoading move file `championship/chessmates-logic-and-proofs/move.csv`...
[32;1m[Board] [0mBlack player is playing f8 to b4.
[32;1m[Board] [0m
[32;1m[Board] [0m     a b c d e f g h
[32;1m[Board] [0m   -------------------
[32;1m[Board] [0m 8 ||[30;1mr[0m|[30;1mk[0m|[30;1mb[0m|[30;1mQ[0m|[30;1mK[0m| |[7;1m [0m|[30;1mr[0m|| 8
[32;1m[Board] [0m   -------------------
[32;1m[Board] [0m 7 ||[30;1mp[0m|[30;1mp[0m|[30;1mp[0m|[30;1mp[0m| |[30;1mp[0m|[30;1mp[0m|[30;1mp[0m|| 7
[32;1m[Board] [0m   -------------------
[32;1m[Board] [0m 6 ||[7;1m [0m| |[7;1m [0m| |[30;1mp[0m|[30;1mk[0m|[7;1m [0m| || 6
[32;1m[Board] [0m   -------------------
[32;1m[Board] [0m 5 || |[7;1m [0m| |[7;1m [0m| |[7;1m [0m| |[7;1m [0m|| 5
[32;1m[Board] [0m   -------------------
[32;1m[Board] [0m 4 ||[7;1m [0m|[30;1mb[0m|[7;1m [0m|[0;1mp[0m|[7;1m [0m| |[7;1m [0m| || 4
[32;1m[Board] [0m   -------------------
[32;1m[Board] [0m 3 || |[7;1m [0m|[0;1mk[0m|[7;1m [0m|[0;1mp[0m|[7;1m [0m| |[7;1m [0m|| 3
[32;1m[Board] [0m   -------------------
[32;1m[Board] [0m 2 ||[0;1mp[0m|[0;1mp[0m|[0;1mp[0m| |[7;1m [0m|[0;1mp[0m|[0;1mp[0m|[0;1mp[0m|| 2
[32;1m[Board] [0m   -------------------
[32;1m[Board] [0m 1 ||[0;1mr[0m|[7;1m [0m|[0;1mb[0m|[0;1mQ[0m|[0;1mK[0m|[0;1mb[0m|[0;1mk[0m|[0;1mr[0m|| 1
[32;1m[Board] [0m   -------------------
[32;1m[Board] [0m     a b c d e f g h
[32;1m[Board] [0m
[32;1m[Referee] [0mThis is the turn of the White player...

rnbqk**r
pppp*ppp
****pn**
********
*b*P****
**N*P***
PPP**PPP
R*BQKBNR
c1d2
[32;1m[Game] [0mPlayer's error code: 0
[32;1m[Game] [0mChecking move validity...
[32;1m[Board] [0mInitializing board (size: 8)...
[32;1m[Board] [0m32 piece(s) on board.
[32;1m[Board] [0mLoading history file `championship/chessmates-logic-and-proofs/history.csv`...
[32;1m[Board] [0mLoaded 6 move(s).
[32;1m[Board] [0mHistory replayed, 32 piece(s) on board.
[32;1m[Board] [0mLoading move file `championship/chessmates-logic-and-proofs/move.csv`...
[32;1m[Board] [0mWhite player is playing c1 to d2.
[32;1m[Board] [0m
[32;1m[Board] [0m     a b c d e f g h
[32;1m[Board] [0m   -------------------
[32;1m[Board] [0m 8 ||[30;1mr[0m|[30;1mk[0m|[30;1mb[0m|[30;1mQ[0m|[30;1mK[0m| |[7;1m [0m|[30;1mr[0m|| 8
[32;1m[Board] [0m   -------------------
[32;1m[Board] [0m 7 ||[30;1mp[0m|[30;1mp[0m|[30;1mp[0m|[30;1mp[0m| |[30;1mp[0m|[30;1mp[0m|[30;1mp[0m|| 7
[32;1m[Board] [0m   -------------------
[32;1m[Board] [0m 6 ||[7;1m [0m| |[7;1m [0m| |[30;1mp[0m|[30;1mk[0m|[7;1m [0m| || 6
[32;1m[Board] [0m   -------------------
[32;1m[Board] [0m 5 || |[7;1m [0m| |[7;1m [0m| |[7;1m [0m| |[7;1m [0m|| 5
[32;1m[Board] [0m   -------------------
[32;1m[Board] [0m 4 ||[7;1m [0m|[30;1mb[0m|[7;1m [0m|[0;1mp[0m|[7;1m [0m| |[7;1m [0m| || 4
[32;1m[Board] [0m   -------------------
[32;1m[Board] [0m 3 || |[7;1m [0m|[0;1mk[0m|[7;1m [0m|[0;1mp[0m|[7;1m [0m| |[7;1m [0m|| 3
[32;1m[Board] [0m   -------------------
[32;1m[Board] [0m 2 ||[0;1mp[0m|[0;1mp[0m|[0;1mp[0m|[0;1mb[0m|[7;1m [0m|[0;1mp[0m|[0;1mp[0m|[0;1mp[0m|| 2
[32;1m[Board] [0m   -------------------
[32;1m[Board] [0m 1 ||[0;1mr[0m|[7;1m [0m| |[0;1mQ[0m|[0;1mK[0m|[0;1mb[0m|[0;1mk[0m|[0;1mr[0m|| 1
[32;1m[Board] [0m   -------------------
[32;1m[Board] [0m     a b c d e f g h
[32;1m[Board] [0m
[32;1m[Referee] [0mThis is the turn of the Black player...
[DEBUG] Input history filename: championship/chessmates-logic-and-proofs/history.csv
[DEBUG] Output move file: championship/chessmates-logic-and-proofs/move.csv
[Parser][ply=] 7
how i see the board before writing next move: Turn: Black
Enpassant: xx	Castling: WK WQ BK BQ 
   ---- ---- ---- ---- ---- ---- ---- ----
8 | r  | n  | b  | q  | k  |    |    | r  |
   ---- ---- ---- ---- ---- ---- ---- ----
7 | p  | p  | p  | p  |    | p  | p  | p  |
   ---- ---- ---- ---- ---- ---- ---- ----
6 |    |    |    |    | p  | n  |    |    |
   ---- ---- ---- ---- ---- ---- ---- ----
5 |    |    |    |    |    |    |    |    |
   ---- ---- ---- ---- ---- ---- ---- ----
4 |    | b  |    | P  |    |    |    |    |
   ---- ---- ---- ---- ---- ---- ---- ----
3 |    |    | N  |    | P  |    |    |    |
   ---- ---- ---- ---- ---- ---- ---- ----
2 | P  | P  | P  | B  |    | P  | P  | P  |
   ---- ---- ---- ---- ---- ---- ---- ----
1 | R  |    |    | Q  | K  | B  | N  | R  |
   ---- ---- ---- ---- ---- ---- ---- ----
    a    b    c    d    e    f    g    h
starting search...
depth: 1 score: -10 time: 0 nodes: 74 hashfull: 0
depth: 2 score: -40 time: 0 nodes: 351 hashfull: 0
depth: 3 score: -12 time: 8 nodes: 5867 hashfull: 0
depth: 4 score: -12 time: 4 nodes: 11647 hashfull: 0
depth: 5 score: -16 time: 45 nodes: 67818 hashfull: 0
depth: 6 score: -46 time: 123 nodes: 229297 hashfull: 3
depth: 7 score: -29 time: 147 nodes: 434547 hashfull: 8
depth: 8 score: -42 time: 724 nodes: 1140666 hashfull: 23
depth: 9 score: -50 time: 1889 nodes: 3777908 hashfull: 87
depth: 10 score: -50 time: 2500 nodes: 7685649 hashfull: 162
[DEBUG] [Parser] Wrote to ouput file championship/chessmates-logic-and-proofs/move.csv move : e8g8
[32;1m[Game] [0mPlayer's error code: 0
[32;1m[Game] [0mChecking move validity...
[32;1m[Board] [0mInitializing board (size: 8)...
[32;1m[Board] [0m32 piece(s) on board.
[32;1m[Board] [0mLoading history file `championship/chessmates-logic-and-proofs/history.csv`...
[32;1m[Board] [0mLoaded 7 move(s).
[32;1m[Board] [0mHistory replayed, 32 piece(s) on board.
[32;1m[Board] [0mLoading move file `championship/chessmates-logic-and-proofs/move.csv`...
[32;1m[Board] [0mBlack player is playing e8 to g8.
[32;1m[Board] [0mBlack player is castling kingside...
[32;1m[Board] [0m
[32;1m[Board] [0m     a b c d e f g h
[32;1m[Board] [0m   -------------------
[32;1m[Board] [0m 8 ||[30;1mr[0m|[30;1mk[0m|[30;1mb[0m|[30;1mQ[0m|[7;1m [0m|[30;1mr[0m|[30;1mK[0m| || 8
[32;1m[Board] [0m   -------------------
[32;1m[Board] [0m 7 ||[30;1mp[0m|[30;1mp[0m|[30;1mp[0m|[30;1mp[0m| |[30;1mp[0m|[30;1mp[0m|[30;1mp[0m|| 7
[32;1m[Board] [0m   -------------------
[32;1m[Board] [0m 6 ||[7;1m [0m| |[7;1m [0m| |[30;1mp[0m|[30;1mk[0m|[7;1m [0m| || 6
[32;1m[Board] [0m   -------------------
[32;1m[Board] [0m 5 || |[7;1m [0m| |[7;1m [0m| |[7;1m [0m| |[7;1m [0m|| 5
[32;1m[Board] [0m   -------------------
[32;1m[Board] [0m 4 ||[7;1m [0m|[30;1mb[0m|[7;1m [0m|[0;1mp[0m|[7;1m [0m| |[7;1m [0m| || 4
[32;1m[Board] [0m   -------------------
[32;1m[Board] [0m 3 || |[7;1m [0m|[0;1mk[0m|[7;1m [0m|[0;1mp[0m|[7;1m [0m| |[7;1m [0m|| 3
[32;1m[Board] [0m   -------------------
[32;1m[Board] [0m 2 ||[0;1mp[0m|[0;1mp[0m|[0;1mp[0m|[0;1mb[0m|[7;1m [0m|[0;1mp[0m|[0;1mp[0m|[0;1mp[0m|| 2
[32;1m[Board] [0m   -------------------
[32;1m[Board] [0m 1 ||[0;1mr[0m|[7;1m [0m| |[0;1mQ[0m|[0;1mK[0m|[0;1mb[0m|[0;1mk[0m|[0;1mr[0m|| 1
[32;1m[Board] [0m   -------------------
[32;1m[Board] [0m     a b c d e f g h
[32;1m[Board] [0m
[32;1m[Referee] [0mThis is the turn of the White player...

rnbq*rk*
pppp*ppp
****pn**
********
*b*P****
**N*P***
PPPB*PPP
R**QKBNR
f1d3
[32;1m[Game] [0mPlayer's error code: 0
[32;1m[Game] [0mChecking move validity...
[32;1m[Board] [0mInitializing board (size: 8)...
[32;1m[Board] [0m32 piece(s) on board.
[32;1m[Board] [0mLoading history file `championship/chessmates-logic-and-proofs/history.csv`...
[32;1m[Board] [0mLoaded 8 move(s).
[32;1m[Board] [0mHistory replayed, 32 piece(s) on board.
[32;1m[Board] [0mLoading move file `championship/chessmates-logic-and-proofs/move.csv`...
[32;1m[Board] [0mWhite player is playing f1 to d3.
[32;1m[Board] [0m
[32;1m[Board] [0m     a b c d e f g h
[32;1m[Board] [0m   -------------------
[32;1m[Board] [0m 8 ||[30;1mr[0m|[30;1mk[0m|[30;1mb[0m|[30;1mQ[0m|[7;1m [0m|[30;1mr[0m|[30;1mK[0m| || 8
[32;1m[Board] [0m   -------------------
[32;1m[Board] [0m 7 ||[30;1mp[0m|[30;1mp[0m|[30;1mp[0m|[30;1mp[0m| |[30;1mp[0m|[30;1mp[0m|[30;1mp[0m|| 7
[32;1m[Board] [0m   -------------------
[32;1m[Board] [0m 6 ||[7;1m [0m| |[7;1m [0m| |[30;1mp[0m|[30;1mk[0m|[7;1m [0m| || 6
[32;1m[Board] [0m   -------------------
[32;1m[Board] [0m 5 || |[7;1m [0m| |[7;1m [0m| |[7;1m [0m| |[7;1m [0m|| 5
[32;1m[Board] [0m   -------------------
[32;1m[Board] [0m 4 ||[7;1m [0m|[30;1mb[0m|[7;1m [0m|[0;1mp[0m|[7;1m [0m| |[7;1m [0m| || 4
[32;1m[Board] [0m   -------------------
[32;1m[Board] [0m 3 || |[7;1m [0m|[0;1mk[0m|[0;1mb[0m|[0;1mp[0m|[7;1m [0m| |[7;1m [0m|| 3
[32;1m[Board] [0m   -------------------
[32;1m[Board] [0m 2 ||[0;1mp[0m|[0;1mp[0m|[0;1mp[0m|[0;1mb[0m|[7;1m [0m|[0;1mp[0m|[0;1mp[0m|[0;1mp[0m|| 2
[32;1m[Board] [0m   -------------------
[32;1m[Board] [0m 1 ||[0;1mr[0m|[7;1m [0m| |[0;1mQ[0m|[0;1mK[0m|[7;1m [0m|[0;1mk[0m|[0;1mr[0m|| 1
[32;1m[Board] [0m   -------------------
[32;1m[Board] [0m     a b c d e f g h
[32;1m[Board] [0m
[32;1m[Referee] [0mThis is the turn of the Black player...
[DEBUG] Input history filename: championship/chessmates-logic-and-proofs/history.csv
[DEBUG] Output move file: championship/chessmates-logic-and-proofs/move.csv
[Parser][ply=] 9
how i see the board before writing next move: Turn: Black
Enpassant: xx	Castling: WK WQ xx
   ---- ---- ---- ---- ---- ---- ---- ----
8 | r  | n  | b  | q  |    | r  | k  |    |
   ---- ---- ---- ---- ---- ---- ---- ----
7 | p  | p  | p  | p  |    | p  | p  | p  |
   ---- ---- ---- ---- ---- ---- ---- ----
6 |    |    |    |    | p  | n  |    |    |
   ---- ---- ---- ---- ---- ---- ---- ----
5 |    |    |    |    |    |    |    |    |
   ---- ---- ---- ---- ---- ---- ---- ----
4 |    | b  |    | P  |    |    |    |    |
   ---- ---- ---- ---- ---- ---- ---- ----
3 |    |    | N  | B  | P  |    |    |    |
   ---- ---- ---- ---- ---- ---- ---- ----
2 | P  | P  | P  | B  |    | P  | P  | P  |
   ---- ---- ---- ---- ---- ---- ---- ----
1 | R  |    |    | Q  | K  |    | N  | R  |
   ---- ---- ---- ---- ---- ---- ---- ----
    a    b    c    d    e    f    g    h
starting search...
depth: 1 score: -1 time: 0 nodes: 87 hashfull: 0
depth: 2 score: -37 time: 1 nodes: 1753 hashfull: 0
depth: 3 score: -54 time: 3 nodes: 6322 hashfull: 0
depth: 4 score: -54 time: 6 nodes: 14481 hashfull: 0
depth: 5 score: -29 time: 11 nodes: 30221 hashfull: 0
depth: 6 score: -49 time: 44 nodes: 96863 hashfull: 2
depth: 7 score: -50 time: 149 nodes: 307561 hashfull: 6
depth: 8 score: -50 time: 313 nodes: 773451 hashfull: 17
depth: 9 score: -38 time: 2770 nodes: 4564778 hashfull: 99
depth: 10 score: -48 time: 3739 nodes: 8362615 hashfull: 164
[DEBUG] [Parser] Wrote to ouput file championship/chessmates-logic-and-proofs/move.csv move : b8c6
[32;1m[Game] [0mPlayer's error code: 0
[32;1m[Game] [0mChecking move validity...
[32;1m[Board] [0mInitializing board (size: 8)...
[32;1m[Board] [0m32 piece(s) on board.
[32;1m[Board] [0mLoading history file `championship/chessmates-logic-and-proofs/history.csv`...
[32;1m[Board] [0mLoaded 9 move(s).
[32;1m[Board] [0mHistory replayed, 32 piece(s) on board.
[32;1m[Board] [0mLoading move file `championship/chessmates-logic-and-proofs/move.csv`...
[32;1m[Board] [0mBlack player is playing b8 to c6.
[32;1m[Board] [0m
[32;1m[Board] [0m     a b c d e f g h
[32;1m[Board] [0m   -------------------
[32;1m[Board] [0m 8 ||[30;1mr[0m| |[30;1mb[0m|[30;1mQ[0m|[7;1m [0m|[30;1mr[0m|[30;1mK[0m| || 8
[32;1m[Board] [0m   -------------------
[32;1m[Board] [0m 7 ||[30;1mp[0m|[30;1mp[0m|[30;1mp[0m|[30;1mp[0m| |[30;1mp[0m|[30;1mp[0m|[30;1mp[0m|| 7
[32;1m[Board] [0m   -------------------
[32;1m[Board] [0m 6 ||[7;1m [0m| |[30;1mk[0m| |[30;1mp[0m|[30;1mk[0m|[7;1m [0m| || 6
[32;1m[Board] [0m   -------------------
[32;1m[Board] [0m 5 || |[7;1m [0m| |[7;1m [0m| |[7;1m [0m| |[7;1m [0m|| 5
[32;1m[Board] [0m   -------------------
[32;1m[Board] [0m 4 ||[7;1m [0m|[30;1mb[0m|[7;1m [0m|[0;1mp[0m|[7;1m [0m| |[7;1m [0m| || 4
[32;1m[Board] [0m   -------------------
[32;1m[Board] [0m 3 || |[7;1m [0m|[0;1mk[0m|[0;1mb[0m|[0;1mp[0m|[7;1m [0m| |[7;1m [0m|| 3
[32;1m[Board] [0m   -------------------
[32;1m[Board] [0m 2 ||[0;1mp[0m|[0;1mp[0m|[0;1mp[0m|[0;1mb[0m|[7;1m [0m|[0;1mp[0m|[0;1mp[0m|[0;1mp[0m|| 2
[32;1m[Board] [0m   -------------------
[32;1m[Board] [0m 1 ||[0;1mr[0m|[7;1m [0m| |[0;1mQ[0m|[0;1mK[0m|[7;1m [0m|[0;1mk[0m|[0;1mr[0m|| 1
[32;1m[Board] [0m   -------------------
[32;1m[Board] [0m     a b c d e f g h
[32;1m[Board] [0m
[32;1m[Referee] [0mThis is the turn of the White player...

r*bq*rk*
pppp*ppp
**n*pn**
********
*b*P****
**NBP***
PPPB*PPP
R**QK*NR
g1f3
[32;1m[Game] [0mPlayer's error code: 0
[32;1m[Game] [0mChecking move validity...
[32;1m[Board] [0mInitializing board (size: 8)...
[32;1m[Board] [0m32 piece(s) on board.
[32;1m[Board] [0mLoading history file `championship/chessmates-logic-and-proofs/history.csv`...
[32;1m[Board] [0mLoaded 10 move(s).
[32;1m[Board] [0mHistory replayed, 32 piece(s) on board.
[32;1m[Board] [0mLoading move file `championship/chessmates-logic-and-proofs/move.csv`...
[32;1m[Board] [0mWhite player is playing g1 to f3.
[32;1m[Board] [0m
[32;1m[Board] [0m     a b c d e f g h
[32;1m[Board] [0m   -------------------
[32;1m[Board] [0m 8 ||[30;1mr[0m| |[30;1mb[0m|[30;1mQ[0m|[7;1m [0m|[30;1mr[0m|[30;1mK[0m| || 8
[32;1m[Board] [0m   -------------------
[32;1m[Board] [0m 7 ||[30;1mp[0m|[30;1mp[0m|[30;1mp[0m|[30;1mp[0m| |[30;1mp[0m|[30;1mp[0m|[30;1mp[0m|| 7
[32;1m[Board] [0m   -------------------
[32;1m[Board] [0m 6 ||[7;1m [0m| |[30;1mk[0m| |[30;1mp[0m|[30;1mk[0m|[7;1m [0m| || 6
[32;1m[Board] [0m   -------------------
[32;1m[Board] [0m 5 || |[7;1m [0m| |[7;1m [0m| |[7;1m [0m| |[7;1m [0m|| 5
[32;1m[Board] [0m   -------------------
[32;1m[Board] [0m 4 ||[7;1m [0m|[30;1mb[0m|[7;1m [0m|[0;1mp[0m|[7;1m [0m| |[7;1m [0m| || 4
[32;1m[Board] [0m   -------------------
[32;1m[Board] [0m 3 || |[7;1m [0m|[0;1mk[0m|[0;1mb[0m|[0;1mp[0m|[0;1mk[0m| |[7;1m [0m|| 3
[32;1m[Board] [0m   -------------------
[32;1m[Board] [0m 2 ||[0;1mp[0m|[0;1mp[0m|[0;1mp[0m|[0;1mb[0m|[7;1m [0m|[0;1mp[0m|[0;1mp[0m|[0;1mp[0m|| 2
[32;1m[Board] [0m   -------------------
[32;1m[Board] [0m 1 ||[0;1mr[0m|[7;1m [0m| |[0;1mQ[0m|[0;1mK[0m|[7;1m [0m| |[0;1mr[0m|| 1
[32;1m[Board] [0m   -------------------
[32;1m[Board] [0m     a b c d e f g h
[32;1m[Board] [0m
[32;1m[Referee] [0mThis is the turn of the Black player...
[DEBUG] Input history filename: championship/chessmates-logic-and-proofs/history.csv
[DEBUG] Output move file: championship/chessmates-logic-and-proofs/move.csv
[Parser][ply=] 11
how i see the board before writing next move: Turn: Black
Enpassant: xx	Castling: WK WQ xx
   ---- ---- ---- ---- ---- ---- ---- ----
8 | r  |    | b  | q  |    | r  | k  |    |
   ---- ---- ---- ---- ---- ---- ---- ----
7 | p  | p  | p  | p  |    | p  | p  | p  |
   ---- ---- ---- ---- ---- ---- ---- ----
6 |    |    | n  |    | p  | n  |    |    |
   ---- ---- ---- ---- ---- ---- ---- ----
5 |    |    |    |    |    |    |    |    |
   ---- ---- ---- ---- ---- ---- ---- ----
4 |    | b  |    | P  |    |    |    |    |
   ---- ---- ---- ---- ---- ---- ---- ----
3 |    |    | N  | B  | P  | N  |    |    |
   ---- ---- ---- ---- ---- ---- ---- ----
2 | P  | P  | P  | B  |    | P  | P  | P  |
   ---- ---- ---- ---- ---- ---- ---- ----
1 | R  |    |    | Q  | K  |    |    | R  |
   ---- ---- ---- ---- ---- ---- ---- ----
    a    b    c    d    e    f    g    h
starting search...
depth: 1 score: -54 time: 0 nodes: 970 hashfull: 0
depth: 2 score: -54 time: 0 nodes: 1958 hashfull: 0
depth: 3 score: -29 time: 2 nodes: 4886 hashfull: 0
depth: 4 score: -49 time: 9 nodes: 17069 hashfull: 0
depth: 5 score: -50 time: 35 nodes: 62890 hashfull: 0
depth: 6 score: -50 time: 47 nodes: 134098 hashfull: 2
depth: 7 score: -38 time: 179 nodes: 382002 hashfull: 7
depth: 8 score: -38 time: 328 nodes: 839602 hashfull: 14
depth: 9 score: -38 time: 1620 nodes: 3212744 hashfull: 65
depth: 10 score: -38 time: 2533 nodes: 6938098 hashfull: 130
[DEBUG] [Parser] Wrote to ouput file championship/chessmates-logic-and-proofs/move.csv move : d7d5
[32;1m[Game] [0mPlayer's error code: 0
[32;1m[Game] [0mChecking move validity...
[32;1m[Board] [0mInitializing board (size: 8)...
[32;1m[Board] [0m32 piece(s) on board.
[32;1m[Board] [0mLoading history file `championship/chessmates-logic-and-proofs/history.csv`...
[32;1m[Board] [0mLoaded 11 move(s).
[32;1m[Board] [0mHistory replayed, 32 piece(s) on board.
[32;1m[Board] [0mLoading move file `championship/chessmates-logic-and-proofs/move.csv`...
[32;1m[Board] [0mBlack player is playing d7 to d5.
[32;1m[Board] [0m
[32;1m[Board] [0m     a b c d e f g h
[32;1m[Board] [0m   -------------------
[32;1m[Board] [0m 8 ||[30;1mr[0m| |[30;1mb[0m|[30;1mQ[0m|[7;1m [0m|[30;1mr[0m|[30;1mK[0m| || 8
[32;1m[Board] [0m   -------------------
[32;1m[Board] [0m 7 ||[30;1mp[0m|[30;1mp[0m|[30;1mp[0m|[7;1m [0m| |[30;1mp[0m|[30;1mp[0m|[30;1mp[0m|| 7
[32;1m[Board] [0m   -------------------
[32;1m[Board] [0m 6 ||[7;1m [0m| |[30;1mk[0m| |[30;1mp[0m|[30;1mk[0m|[7;1m [0m| || 6
[32;1m[Board] [0m   -------------------
[32;1m[Board] [0m 5 || |[7;1m [0m| |[30;1mp[0m| |[7;1m [0m| |[7;1m [0m|| 5
[32;1m[Board] [0m   -------------------
[32;1m[Board] [0m 4 ||[7;1m [0m|[30;1mb[0m|[7;1m [0m|[0;1mp[0m|[7;1m [0m| |[7;1m [0m| || 4
[32;1m[Board] [0m   -------------------
[32;1m[Board] [0m 3 || |[7;1m [0m|[0;1mk[0m|[0;1mb[0m|[0;1mp[0m|[0;1mk[0m| |[7;1m [0m|| 3
[32;1m[Board] [0m   -------------------
[32;1m[Board] [0m 2 ||[0;1mp[0m|[0;1mp[0m|[0;1mp[0m|[0;1mb[0m|[7;1m [0m|[0;1mp[0m|[0;1mp[0m|[0;1mp[0m|| 2
[32;1m[Board] [0m   -------------------
[32;1m[Board] [0m 1 ||[0;1mr[0m|[7;1m [0m| |[0;1mQ[0m|[0;1mK[0m|[7;1m [0m| |[0;1mr[0m|| 1
[32;1m[Board] [0m   -------------------
[32;1m[Board] [0m     a b c d e f g h
[32;1m[Board] [0m
[32;1m[Referee] [0mThis is the turn of the White player...

r*bq*rk*
ppp**ppp
**n*pn**
***p****
*b*P****
**NBPN**
PPPB*PPP
R**QK**R
e1g1
[32;1m[Game] [0mPlayer's error code: 0
[32;1m[Game] [0mChecking move validity...
[32;1m[Board] [0mInitializing board (size: 8)...
[32;1m[Board] [0m32 piece(s) on board.
[32;1m[Board] [0mLoading history file `championship/chessmates-logic-and-proofs/history.csv`...
[32;1m[Board] [0mLoaded 12 move(s).
[32;1m[Board] [0mHistory replayed, 32 piece(s) on board.
[32;1m[Board] [0mLoading move file `championship/chessmates-logic-and-proofs/move.csv`...
[32;1m[Board] [0mWhite player is playing e1 to g1.
[32;1m[Board] [0mWhite player is castling kingside...
[32;1m[Board] [0m
[32;1m[Board] [0m     a b c d e f g h
[32;1m[Board] [0m   -------------------
[32;1m[Board] [0m 8 ||[30;1mr[0m| |[30;1mb[0m|[30;1mQ[0m|[7;1m [0m|[30;1mr[0m|[30;1mK[0m| || 8
[32;1m[Board] [0m   -------------------
[32;1m[Board] [0m 7 ||[30;1mp[0m|[30;1mp[0m|[30;1mp[0m|[7;1m [0m| |[30;1mp[0m|[30;1mp[0m|[30;1mp[0m|| 7
[32;1m[Board] [0m   -------------------
[32;1m[Board] [0m 6 ||[7;1m [0m| |[30;1mk[0m| |[30;1mp[0m|[30;1mk[0m|[7;1m [0m| || 6
[32;1m[Board] [0m   -------------------
[32;1m[Board] [0m 5 || |[7;1m [0m| |[30;1mp[0m| |[7;1m [0m| |[7;1m [0m|| 5
[32;1m[Board] [0m   -------------------
[32;1m[Board] [0m 4 ||[7;1m [0m|[30;1mb[0m|[7;1m [0m|[0;1mp[0m|[7;1m [0m| |[7;1m [0m| || 4
[32;1m[Board] [0m   -------------------
[32;1m[Board] [0m 3 || |[7;1m [0m|[0;1mk[0m|[0;1mb[0m|[0;1mp[0m|[0;1mk[0m| |[7;1m [0m|| 3
[32;1m[Board] [0m   -------------------
[32;1m[Board] [0m 2 ||[0;1mp[0m|[0;1mp[0m|[0;1mp[0m|[0;1mb[0m|[7;1m [0m|[0;1mp[0m|[0;1mp[0m|[0;1mp[0m|| 2
[32;1m[Board] [0m   -------------------
[32;1m[Board] [0m 1 ||[0;1mr[0m|[7;1m [0m| |[0;1mQ[0m| |[0;1mr[0m|[0;1mK[0m|[7;1m [0m|| 1
[32;1m[Board] [0m   -------------------
[32;1m[Board] [0m     a b c d e f g h
[32;1m[Board] [0m
[32;1m[Referee] [0mThis is the turn of the Black player...
[DEBUG] Input history filename: championship/chessmates-logic-and-proofs/history.csv
[DEBUG] Output move file: championship/chessmates-logic-and-proofs/move.csv
[Parser][ply=] 13
how i see the board before writing next move: Turn: Black
Enpassant: xx	Castling: xxxx
   ---- ---- ---- ---- ---- ---- ---- ----
8 | r  |    | b  | q  |    | r  | k  |    |
   ---- ---- ---- ---- ---- ---- ---- ----
7 | p  | p  | p  |    |    | p  | p  | p  |
   ---- ---- ---- ---- ---- ---- ---- ----
6 |    |    | n  |    | p  | n  |    |    |
   ---- ---- ---- ---- ---- ---- ---- ----
5 |    |    |    | p  |    |    |    |    |
   ---- ---- ---- ---- ---- ---- ---- ----
4 |    | b  |    | P  |    |    |    |    |
   ---- ---- ---- ---- ---- ---- ---- ----
3 |    |    | N  | B  | P  | N  |    |    |
   ---- ---- ---- ---- ---- ---- ---- ----
2 | P  | P  | P  | B  |    | P  | P  | P  |
   ---- ---- ---- ---- ---- ---- ---- ----
1 | R  |    |    | Q  |    | R  | K  |    |
   ---- ---- ---- ---- ---- ---- ---- ----
    a    b    c    d    e    f    g    h
starting search...
depth: 1 score: -29 time: 0 nodes: 573 hashfull: 0
depth: 2 score: -49 time: 3 nodes: 4508 hashfull: 0
depth: 3 score: -35 time: 5 nodes: 11353 hashfull: 0
depth: 4 score: -35 time: 7 nodes: 20295 hashfull: 0
depth: 5 score: -38 time: 55 nodes: 89511 hashfull: 1
depth: 6 score: -38 time: 93 nodes: 214140 hashfull: 3
depth: 7 score: -44 time: 246 nodes: 533866 hashfull: 8
depth: 8 score: -44 time: 894 nodes: 1774279 hashfull: 32
depth: 9 score: -28 time: 3176 nodes: 6347273 hashfull: 123
[DEBUG] [Parser] Wrote to ouput file championship/chessmates-logic-and-proofs/move.csv move : d8e7
[32;1m[Game] [0mPlayer's error code: 0
[32;1m[Game] [0mChecking move validity...
[32;1m[Board] [0mInitializing board (size: 8)...
[32;1m[Board] [0m32 piece(s) on board.
[32;1m[Board] [0mLoading history file `championship/chessmates-logic-and-proofs/history.csv`...
[32;1m[Board] [0mLoaded 13 move(s).
[32;1m[Board] [0mHistory replayed, 32 piece(s) on board.
[32;1m[Board] [0mLoading move file `championship/chessmates-logic-and-proofs/move.csv`...
[32;1m[Board] [0mBlack player is playing d8 to e7.
[32;1m[Board] [0m
[32;1m[Board] [0m     a b c d e f g h
[32;1m[Board] [0m   -------------------
[32;1m[Board] [0m 8 ||[30;1mr[0m| |[30;1mb[0m| |[7;1m [0m|[30;1mr[0m|[30;1mK[0m| || 8
[32;1m[Board] [0m   -------------------
[32;1m[Board] [0m 7 ||[30;1mp[0m|[30;1mp[0m|[30;1mp[0m|[7;1m [0m|[30;1mQ[0m|[30;1mp[0m|[30;1mp[0m|[30;1mp[0m|| 7
[32;1m[Board] [0m   -------------------
[32;1m[Board] [0m 6 ||[7;1m [0m| |[30;1mk[0m| |[30;1mp[0m|[30;1mk[0m|[7;1m [0m| || 6
[32;1m[Board] [0m   -------------------
[32;1m[Board] [0m 5 || |[7;1m [0m| |[30;1mp[0m| |[7;1m [0m| |[7;1m [0m|| 5
[32;1m[Board] [0m   -------------------
[32;1m[Board] [0m 4 ||[7;1m [0m|[30;1mb[0m|[7;1m [0m|[0;1mp[0m|[7;1m [0m| |[7;1m [0m| || 4
[32;1m[Board] [0m   -------------------
[32;1m[Board] [0m 3 || |[7;1m [0m|[0;1mk[0m|[0;1mb[0m|[0;1mp[0m|[0;1mk[0m| |[7;1m [0m|| 3
[32;1m[Board] [0m   -------------------
[32;1m[Board] [0m 2 ||[0;1mp[0m|[0;1mp[0m|[0;1mp[0m|[0;1mb[0m|[7;1m [0m|[0;1mp[0m|[0;1mp[0m|[0;1mp[0m|| 2
[32;1m[Board] [0m   -------------------
[32;1m[Board] [0m 1 ||[0;1mr[0m|[7;1m [0m| |[0;1mQ[0m| |[0;1mr[0m|[0;1mK[0m|[7;1m [0m|| 1
[32;1m[Board] [0m   -------------------
[32;1m[Board] [0m     a b c d e f g h
[32;1m[Board] [0m
[32;1m[Referee] [0mThis is the turn of the White player...

r*b**rk*
ppp*qppp
**n*pn**
***p****
*b*P****
**NBPN**
PPPB*PPP
R**Q*RK*
f3e5
[32;1m[Game] [0mPlayer's error code: 0
[32;1m[Game] [0mChecking move validity...
[32;1m[Board] [0mInitializing board (size: 8)...
[32;1m[Board] [0m32 piece(s) on board.
[32;1m[Board] [0mLoading history file `championship/chessmates-logic-and-proofs/history.csv`...
[32;1m[Board] [0mLoaded 14 move(s).
[32;1m[Board] [0mHistory replayed, 32 piece(s) on board.
[32;1m[Board] [0mLoading move file `championship/chessmates-logic-and-proofs/move.csv`...
[32;1m[Board] [0mWhite player is playing f3 to e5.
[32;1m[Board] [0m
[32;1m[Board] [0m     a b c d e f g h
[32;1m[Board] [0m   -------------------
[32;1m[Board] [0m 8 ||[30;1mr[0m| |[30;1mb[0m| |[7;1m [0m|[30;1mr[0m|[30;1mK[0m| || 8
[32;1m[Board] [0m   -------------------
[32;1m[Board] [0m 7 ||[30;1mp[0m|[30;1mp[0m|[30;1mp[0m|[7;1m [0m|[30;1mQ[0m|[30;1mp[0m|[30;1mp[0m|[30;1mp[0m|| 7
[32;1m[Board] [0m   -------------------
[32;1m[Board] [0m 6 ||[7;1m [0m| |[30;1mk[0m| |[30;1mp[0m|[30;1mk[0m|[7;1m [0m| || 6
[32;1m[Board] [0m   -------------------
[32;1m[Board] [0m 5 || |[7;1m [0m| |[30;1mp[0m|[0;1mk[0m|[7;1m [0m| |[7;1m [0m|| 5
[32;1m[Board] [0m   -------------------
[32;1m[Board] [0m 4 ||[7;1m [0m|[30;1mb[0m|[7;1m [0m|[0;1mp[0m|[7;1m [0m| |[7;1m [0m| || 4
[32;1m[Board] [0m   -------------------
[32;1m[Board] [0m 3 || |[7;1m [0m|[0;1mk[0m|[0;1mb[0m|[0;1mp[0m|[7;1m [0m| |[7;1m [0m|| 3
[32;1m[Board] [0m   -------------------
[32;1m[Board] [0m 2 ||[0;1mp[0m|[0;1mp[0m|[0;1mp[0m|[0;1mb[0m|[7;1m [0m|[0;1mp[0m|[0;1mp[0m|[0;1mp[0m|| 2
[32;1m[Board] [0m   -------------------
[32;1m[Board] [0m 1 ||[0;1mr[0m|[7;1m [0m| |[0;1mQ[0m| |[0;1mr[0m|[0;1mK[0m|[7;1m [0m|| 1
[32;1m[Board] [0m   -------------------
[32;1m[Board] [0m     a b c d e f g h
[32;1m[Board] [0m
[32;1m[Referee] [0mThis is the turn of the Black player...
[DEBUG] Input history filename: championship/chessmates-logic-and-proofs/history.csv
[DEBUG] Output move file: championship/chessmates-logic-and-proofs/move.csv
[Parser][ply=] 15
how i see the board before writing next move: Turn: Black
Enpassant: xx	Castling: xxxx
   ---- ---- ---- ---- ---- ---- ---- ----
8 | r  |    | b  |    |    | r  | k  |    |
   ---- ---- ---- ---- ---- ---- ---- ----
7 | p  | p  | p  |    | q  | p  | p  | p  |
   ---- ---- ---- ---- ---- ---- ---- ----
6 |    |    | n  |    | p  | n  |    |    |
   ---- ---- ---- ---- ---- ---- ---- ----
5 |    |    |    | p  | N  |    |    |    |
   ---- ---- ---- ---- ---- ---- ---- ----
4 |    | b  |    | P  |    |    |    |    |
   ---- ---- ---- ---- ---- ---- ---- ----
3 |    |    | N  | B  | P  |    |    |    |
   ---- ---- ---- ---- ---- ---- ---- ----
2 | P  | P  | P  | B  |    | P  | P  | P  |
   ---- ---- ---- ---- ---- ---- ---- ----
1 | R  |    |    | Q  |    | R  | K  |    |
   ---- ---- ---- ---- ---- ---- ---- ----
    a    b    c    d    e    f    g    h
starting search...
depth: 1 score: -38 time: 0 nodes: 977 hashfull: 0
depth: 2 score: -44 time: 1 nodes: 2461 hashfull: 0
depth: 3 score: -37 time: 13 nodes: 19187 hashfull: 0
depth: 4 score: -37 time: 5 nodes: 26856 hashfull: 0
depth: 5 score: -27 time: 16 nodes: 48894 hashfull: 0
depth: 6 score: -47 time: 59 nodes: 139489 hashfull: 2
depth: 7 score: -21 time: 161 nodes: 378043 hashfull: 6
depth: 8 score: -21 time: 281 nodes: 800701 hashfull: 15
depth: 9 score: -21 time: 1116 nodes: 2505014 hashfull: 48
depth: 10 score: -32 time: 7463 nodes: 13915464 hashfull: 238
[DEBUG] [Parser] Wrote to ouput file championship/chessmates-logic-and-proofs/move.csv move : c8d7
[32;1m[Game] [0mPlayer's error code: 0
[32;1m[Game] [0mChecking move validity...
[32;1m[Board] [0mInitializing board (size: 8)...
[32;1m[Board] [0m32 piece(s) on board.
[32;1m[Board] [0mLoading history file `championship/chessmates-logic-and-proofs/history.csv`...
[32;1m[Board] [0mLoaded 15 move(s).
[32;1m[Board] [0mHistory replayed, 32 piece(s) on board.
[32;1m[Board] [0mLoading move file `championship/chessmates-logic-and-proofs/move.csv`...
[32;1m[Board] [0mBlack player is playing c8 to d7.
[32;1m[Board] [0m
[32;1m[Board] [0m     a b c d e f g h
[32;1m[Board] [0m   -------------------
[32;1m[Board] [0m 8 ||[30;1mr[0m| |[7;1m [0m| |[7;1m [0m|[30;1mr[0m|[30;1mK[0m| || 8
[32;1m[Board] [0m   -------------------
[32;1m[Board] [0m 7 ||[30;1mp[0m|[30;1mp[0m|[30;1mp[0m|[30;1mb[0m|[30;1mQ[0m|[30;1mp[0m|[30;1mp[0m|[30;1mp[0m|| 7
[32;1m[Board] [0m   -------------------
[32;1m[Board] [0m 6 ||[7;1m [0m| |[30;1mk[0m| |[30;1mp[0m|[30;1mk[0m|[7;1m [0m| || 6
[32;1m[Board] [0m   -------------------
[32;1m[Board] [0m 5 || |[7;1m [0m| |[30;1mp[0m|[0;1mk[0m|[7;1m [0m| |[7;1m [0m|| 5
[32;1m[Board] [0m   -------------------
[32;1m[Board] [0m 4 ||[7;1m [0m|[30;1mb[0m|[7;1m [0m|[0;1mp[0m|[7;1m [0m| |[7;1m [0m| || 4
[32;1m[Board] [0m   -------------------
[32;1m[Board] [0m 3 || |[7;1m [0m|[0;1mk[0m|[0;1mb[0m|[0;1mp[0m|[7;1m [0m| |[7;1m [0m|| 3
[32;1m[Board] [0m   -------------------
[32;1m[Board] [0m 2 ||[0;1mp[0m|[0;1mp[0m|[0;1mp[0m|[0;1mb[0m|[7;1m [0m|[0;1mp[0m|[0;1mp[0m|[0;1mp[0m|| 2
[32;1m[Board] [0m   -------------------
[32;1m[Board] [0m 1 ||[0;1mr[0m|[7;1m [0m| |[0;1mQ[0m| |[0;1mr[0m|[0;1mK[0m|[7;1m [0m|| 1
[32;1m[Board] [0m   -------------------
[32;1m[Board] [0m     a b c d e f g h
[32;1m[Board] [0m
[32;1m[Referee] [0mThis is the turn of the White player...

r****rk*
pppbqppp
**n*pn**
***pN***
*b*P****
**NBP***
PPPB*PPP
R**Q*RK*
d1f3
[32;1m[Game] [0mPlayer's error code: 0
[32;1m[Game] [0mChecking move validity...
[32;1m[Board] [0mInitializing board (size: 8)...
[32;1m[Board] [0m32 piece(s) on board.
[32;1m[Board] [0mLoading history file `championship/chessmates-logic-and-proofs/history.csv`...
[32;1m[Board] [0mLoaded 16 move(s).
[32;1m[Board] [0mHistory replayed, 32 piece(s) on board.
[32;1m[Board] [0mLoading move file `championship/chessmates-logic-and-proofs/move.csv`...
[32;1m[Board] [0mWhite player is playing d1 to f3.
[32;1m[Board] [0m
[32;1m[Board] [0m     a b c d e f g h
[32;1m[Board] [0m   -------------------
[32;1m[Board] [0m 8 ||[30;1mr[0m| |[7;1m [0m| |[7;1m [0m|[30;1mr[0m|[30;1mK[0m| || 8
[32;1m[Board] [0m   -------------------
[32;1m[Board] [0m 7 ||[30;1mp[0m|[30;1mp[0m|[30;1mp[0m|[30;1mb[0m|[30;1mQ[0m|[30;1mp[0m|[30;1mp[0m|[30;1mp[0m|| 7
[32;1m[Board] [0m   -------------------
[32;1m[Board] [0m 6 ||[7;1m [0m| |[30;1mk[0m| |[30;1mp[0m|[30;1mk[0m|[7;1m [0m| || 6
[32;1m[Board] [0m   -------------------
[32;1m[Board] [0m 5 || |[7;1m [0m| |[30;1mp[0m|[0;1mk[0m|[7;1m [0m| |[7;1m [0m|| 5
[32;1m[Board] [0m   -------------------
[32;1m[Board] [0m 4 ||[7;1m [0m|[30;1mb[0m|[7;1m [0m|[0;1mp[0m|[7;1m [0m| |[7;1m [0m| || 4
[32;1m[Board] [0m   -------------------
[32;1m[Board] [0m 3 || |[7;1m [0m|[0;1mk[0m|[0;1mb[0m|[0;1mp[0m|[0;1mQ[0m| |[7;1m [0m|| 3
[32;1m[Board] [0m   -------------------
[32;1m[Board] [0m 2 ||[0;1mp[0m|[0;1mp[0m|[0;1mp[0m|[0;1mb[0m|[7;1m [0m|[0;1mp[0m|[0;1mp[0m|[0;1mp[0m|| 2
[32;1m[Board] [0m   -------------------
[32;1m[Board] [0m 1 ||[0;1mr[0m|[7;1m [0m| |[7;1m [0m| |[0;1mr[0m|[0;1mK[0m|[7;1m [0m|| 1
[32;1m[Board] [0m   -------------------
[32;1m[Board] [0m     a b c d e f g h
[32;1m[Board] [0m
[32;1m[Referee] [0mThis is the turn of the Black player...
[DEBUG] Input history filename: championship/chessmates-logic-and-proofs/history.csv
[DEBUG] Output move file: championship/chessmates-logic-and-proofs/move.csv
[Parser][ply=] 17
how i see the board before writing next move: Turn: Black
Enpassant: xx	Castling: xxxx
   ---- ---- ---- ---- ---- ---- ---- ----
8 | r  |    |    |    |    | r  | k  |    |
   ---- ---- ---- ---- ---- ---- ---- ----
7 | p  | p  | p  | b  | q  | p  | p  | p  |
   ---- ---- ---- ---- ---- ---- ---- ----
6 |    |    | n  |    | p  | n  |    |    |
   ---- ---- ---- ---- ---- ---- ---- ----
5 |    |    |    | p  | N  |    |    |    |
   ---- ---- ---- ---- ---- ---- ---- ----
4 |    | b  |    | P  |    |    |    |    |
   ---- ---- ---- ---- ---- ---- ---- ----
3 |    |    | N  | B  | P  | Q  |    |    |
   ---- ---- ---- ---- ---- ---- ---- ----
2 | P  | P  | P  | B  |    | P  | P  | P  |
   ---- ---- ---- ---- ---- ---- ---- ----
1 | R  |    |    |    |    | R  | K  |    |
   ---- ---- ---- ---- ---- ---- ---- ----
    a    b    c    d    e    f    g    h
starting search...
depth: 1 score: 13 time: 2 nodes: 2521 hashfull: 0
depth: 2 score: -15 time: 5 nodes: 9763 hashfull: 0
depth: 3 score: -13 time: 6 nodes: 18156 hashfull: 0
depth: 4 score: -15 time: 13 nodes: 36704 hashfull: 0
depth: 5 score: -10 time: 63 nodes: 120622 hashfull: 0
depth: 6 score: -14 time: 116 nodes: 293081 hashfull: 3
depth: 7 score: -12 time: 258 nodes: 671820 hashfull: 10
depth: 8 score: -13 time: 667 nodes: 1637202 hashfull: 25
depth: 9 score: -13 time: 2370 nodes: 4404867 hashfull: 78
[DEBUG] [Parser] Wrote to ouput file championship/chessmates-logic-and-proofs/move.csv move : a8d8
[32;1m[Game] [0mPlayer's error code: 0
[32;1m[Game] [0mChecking move validity...
[32;1m[Board] [0mInitializing board (size: 8)...
[32;1m[Board] [0m32 piece(s) on board.
[32;1m[Board] [0mLoading history file `championship/chessmates-logic-and-proofs/history.csv`...
[32;1m[Board] [0mLoaded 17 move(s).
[32;1m[Board] [0mHistory replayed, 32 piece(s) on board.
[32;1m[Board] [0mLoading move file `championship/chessmates-logic-and-proofs/move.csv`...
[32;1m[Board] [0mBlack player is playing a8 to d8.
[32;1m[Board] [0m
[32;1m[Board] [0m     a b c d e f g h
[32;1m[Board] [0m   -------------------
[32;1m[Board] [0m 8 ||[7;1m [0m| |[7;1m [0m|[30;1mr[0m|[7;1m [0m|[30;1mr[0m|[30;1mK[0m| || 8
[32;1m[Board] [0m   -------------------
[32;1m[Board] [0m 7 ||[30;1mp[0m|[30;1mp[0m|[30;1mp[0m|[30;1mb[0m|[30;1mQ[0m|[30;1mp[0m|[30;1mp[0m|[30;1mp[0m|| 7
[32;1m[Board] [0m   -------------------
[32;1m[Board] [0m 6 ||[7;1m [0m| |[30;1mk[0m| |[30;1mp[0m|[30;1mk[0m|[7;1m [0m| || 6
[32;1m[Board] [0m   -------------------
[32;1m[Board] [0m 5 || |[7;1m [0m| |[30;1mp[0m|[0;1mk[0m|[7;1m [0m| |[7;1m [0m|| 5
[32;1m[Board] [0m   -------------------
[32;1m[Board] [0m 4 ||[7;1m [0m|[30;1mb[0m|[7;1m [0m|[0;1mp[0m|[7;1m [0m| |[7;1m [0m| || 4
[32;1m[Board] [0m   -------------------
[32;1m[Board] [0m 3 || |[7;1m [0m|[0;1mk[0m|[0;1mb[0m|[0;1mp[0m|[0;1mQ[0m| |[7;1m [0m|| 3
[32;1m[Board] [0m   -------------------
[32;1m[Board] [0m 2 ||[0;1mp[0m|[0;1mp[0m|[0;1mp[0m|[0;1mb[0m|[7;1m [0m|[0;1mp[0m|[0;1mp[0m|[0;1mp[0m|| 2
[32;1m[Board] [0m   -------------------
[32;1m[Board] [0m 1 ||[0;1mr[0m|[7;1m [0m| |[7;1m [0m| |[0;1mr[0m|[0;1mK[0m|[7;1m [0m|| 1
[32;1m[Board] [0m   -------------------
[32;1m[Board] [0m     a b c d e f g h
[32;1m[Board] [0m
[32;1m[Referee] [0mThis is the turn of the White player...

***r*rk*
pppbqppp
**n*pn**
***pN***
*b*P****
**NBPQ**
PPPB*PPP
R****RK*
e5d7
[32;1m[Game] [0mPlayer's error code: 0
[32;1m[Game] [0mChecking move validity...
[32;1m[Board] [0mInitializing board (size: 8)...
[32;1m[Board] [0m32 piece(s) on board.
[32;1m[Board] [0mLoading history file `championship/chessmates-logic-and-proofs/history.csv`...
[32;1m[Board] [0mLoaded 18 move(s).
[32;1m[Board] [0mHistory replayed, 32 piece(s) on board.
[32;1m[Board] [0mLoading move file `championship/chessmates-logic-and-proofs/move.csv`...
[32;1m[Board] [0mWhite player is playing e5 to d7.
[32;1m[Board] [0m[5;1mWhite Knight is taking Black Bishop.[0m
[32;1m[Board] [0m
[32;1m[Board] [0m     a b c d e f g h
[32;1m[Board] [0m   -------------------
[32;1m[Board] [0m 8 ||[7;1m [0m| |[7;1m [0m|[30;1mr[0m|[7;1m [0m|[30;1mr[0m|[30;1mK[0m| || 8
[32;1m[Board] [0m   -------------------
[32;1m[Board] [0m 7 ||[30;1mp[0m|[30;1mp[0m|[30;1mp[0m|[0;1mk[0m|[30;1mQ[0m|[30;1mp[0m|[30;1mp[0m|[30;1mp[0m|| 7
[32;1m[Board] [0m   -------------------
[32;1m[Board] [0m 6 ||[7;1m [0m| |[30;1mk[0m| |[30;1mp[0m|[30;1mk[0m|[7;1m [0m| || 6
[32;1m[Board] [0m   -------------------
[32;1m[Board] [0m 5 || |[7;1m [0m| |[30;1mp[0m| |[7;1m [0m| |[7;1m [0m|| 5
[32;1m[Board] [0m   -------------------
[32;1m[Board] [0m 4 ||[7;1m [0m|[30;1mb[0m|[7;1m [0m|[0;1mp[0m|[7;1m [0m| |[7;1m [0m| || 4
[32;1m[Board] [0m   -------------------
[32;1m[Board] [0m 3 || |[7;1m [0m|[0;1mk[0m|[0;1mb[0m|[0;1mp[0m|[0;1mQ[0m| |[7;1m [0m|| 3
[32;1m[Board] [0m   -------------------
[32;1m[Board] [0m 2 ||[0;1mp[0m|[0;1mp[0m|[0;1mp[0m|[0;1mb[0m|[7;1m [0m|[0;1mp[0m|[0;1mp[0m|[0;1mp[0m|| 2
[32;1m[Board] [0m   -------------------
[32;1m[Board] [0m 1 ||[0;1mr[0m|[7;1m [0m| |[7;1m [0m| |[0;1mr[0m|[0;1mK[0m|[7;1m [0m|| 1
[32;1m[Board] [0m   -------------------
[32;1m[Board] [0m     a b c d e f g h
[32;1m[Board] [0m
[32;1m[Referee] [0mThis is the turn of the Black player...
[DEBUG] Input history filename: championship/chessmates-logic-and-proofs/history.csv
[DEBUG] Output move file: championship/chessmates-logic-and-proofs/move.csv
[Parser][ply=] 19
how i see the board before writing next move: Turn: Black
Enpassant: xx	Castling: xxxx
   ---- ---- ---- ---- ---- ---- ---- ----
8 |    |    |    | r  |    | r  | k  |    |
   ---- ---- ---- ---- ---- ---- ---- ----
7 | p  | p  | p  | N  | q  | p  | p  | p  |
   ---- ---- ---- ---- ---- ---- ---- ----
6 |    |    | n  |    | p  | n  |    |    |
   ---- ---- ---- ---- ---- ---- ---- ----
5 |    |    |    | p  |    |    |    |    |
   ---- ---- ---- ---- ---- ---- ---- ----
4 |    | b  |    | P  |    |    |    |    |
   ---- ---- ---- ---- ---- ---- ---- ----
3 |    |    | N  | B  | P  | Q  |    |    |
   ---- ---- ---- ---- ---- ---- ---- ----
2 | P  | P  | P  | B  |    | P  | P  | P  |
   ---- ---- ---- ---- ---- ---- ---- ----
1 | R  |    |    |    |    | R  | K  |    |
   ---- ---- ---- ---- ---- ---- ---- ----
    a    b    c    d    e    f    g    h
starting search...
depth: 1 score: 14 time: 0 nodes: 390 hashfull: 0
depth: 2 score: -19 time: 1 nodes: 2041 hashfull: 0
depth: 3 score: -1 time: 4 nodes: 7658 hashfull: 0
depth: 4 score: -15 time: 9 nodes: 20629 hashfull: 0
depth: 5 score: -5 time: 29 nodes: 57406 hashfull: 0
depth: 6 score: -14 time: 73 nodes: 167738 hashfull: 2
depth: 7 score: -10 time: 340 nodes: 622952 hashfull: 9
depth: 8 score: -14 time: 632 nodes: 1494891 hashfull: 22
depth: 9 score: -27 time: 7091 nodes: 10455630 hashfull: 167
[DEBUG] [Parser] Wrote to ouput file championship/chessmates-logic-and-proofs/move.csv move : f6d7
[32;1m[Game] [0mPlayer's error code: 0
[32;1m[Game] [0mChecking move validity...
[32;1m[Board] [0mInitializing board (size: 8)...
[32;1m[Board] [0m32 piece(s) on board.
[32;1m[Board] [0mLoading history file `championship/chessmates-logic-and-proofs/history.csv`...
[32;1m[Board] [0mLoaded 19 move(s).
[32;1m[Board] [0mHistory replayed, 31 piece(s) on board.
[32;1m[Board] [0mLoading move file `championship/chessmates-logic-and-proofs/move.csv`...
[32;1m[Board] [0mBlack player is playing f6 to d7.
[32;1m[Board] [0m[5;1mBlack Knight is taking White Knight.[0m
[32;1m[Board] [0m
[32;1m[Board] [0m     a b c d e f g h
[32;1m[Board] [0m   -------------------
[32;1m[Board] [0m 8 ||[7;1m [0m| |[7;1m [0m|[30;1mr[0m|[7;1m [0m|[30;1mr[0m|[30;1mK[0m| || 8
[32;1m[Board] [0m   -------------------
[32;1m[Board] [0m 7 ||[30;1mp[0m|[30;1mp[0m|[30;1mp[0m|[30;1mk[0m|[30;1mQ[0m|[30;1mp[0m|[30;1mp[0m|[30;1mp[0m|| 7
[32;1m[Board] [0m   -------------------
[32;1m[Board] [0m 6 ||[7;1m [0m| |[30;1mk[0m| |[30;1mp[0m| |[7;1m [0m| || 6
[32;1m[Board] [0m   -------------------
[32;1m[Board] [0m 5 || |[7;1m [0m| |[30;1mp[0m| |[7;1m [0m| |[7;1m [0m|| 5
[32;1m[Board] [0m   -------------------
[32;1m[Board] [0m 4 ||[7;1m [0m|[30;1mb[0m|[7;1m [0m|[0;1mp[0m|[7;1m [0m| |[7;1m [0m| || 4
[32;1m[Board] [0m   -------------------
[32;1m[Board] [0m 3 || |[7;1m [0m|[0;1mk[0m|[0;1mb[0m|[0;1mp[0m|[0;1mQ[0m| |[7;1m [0m|| 3
[32;1m[Board] [0m   -------------------
[32;1m[Board] [0m 2 ||[0;1mp[0m|[0;1mp[0m|[0;1mp[0m|[0;1mb[0m|[7;1m [0m|[0;1mp[0m|[0;1mp[0m|[0;1mp[0m|| 2
[32;1m[Board] [0m   -------------------
[32;1m[Board] [0m 1 ||[0;1mr[0m|[7;1m [0m| |[7;1m [0m| |[0;1mr[0m|[0;1mK[0m|[7;1m [0m|| 1
[32;1m[Board] [0m   -------------------
[32;1m[Board] [0m     a b c d e f g h
[32;1m[Board] [0m
[32;1m[Referee] [0mThis is the turn of the White player...

***r*rk*
pppnqppp
**n*p***
***p****
*b*P****
**NBPQ**
PPPB*PPP
R****RK*
d3b5
[32;1m[Game] [0mPlayer's error code: 0
[32;1m[Game] [0mChecking move validity...
[32;1m[Board] [0mInitializing board (size: 8)...
[32;1m[Board] [0m32 piece(s) on board.
[32;1m[Board] [0mLoading history file `championship/chessmates-logic-and-proofs/history.csv`...
[32;1m[Board] [0mLoaded 20 move(s).
[32;1m[Board] [0mHistory replayed, 30 piece(s) on board.
[32;1m[Board] [0mLoading move file `championship/chessmates-logic-and-proofs/move.csv`...
[32;1m[Board] [0mWhite player is playing d3 to b5.
[32;1m[Board] [0m
[32;1m[Board] [0m     a b c d e f g h
[32;1m[Board] [0m   -------------------
[32;1m[Board] [0m 8 ||[7;1m [0m| |[7;1m [0m|[30;1mr[0m|[7;1m [0m|[30;1mr[0m|[30;1mK[0m| || 8
[32;1m[Board] [0m   -------------------
[32;1m[Board] [0m 7 ||[30;1mp[0m|[30;1mp[0m|[30;1mp[0m|[30;1mk[0m|[30;1mQ[0m|[30;1mp[0m|[30;1mp[0m|[30;1mp[0m|| 7
[32;1m[Board] [0m   -------------------
[32;1m[Board] [0m 6 ||[7;1m [0m| |[30;1mk[0m| |[30;1mp[0m| |[7;1m [0m| || 6
[32;1m[Board] [0m   -------------------
[32;1m[Board] [0m 5 || |[0;1mb[0m| |[30;1mp[0m| |[7;1m [0m| |[7;1m [0m|| 5
[32;1m[Board] [0m   -------------------
[32;1m[Board] [0m 4 ||[7;1m [0m|[30;1mb[0m|[7;1m [0m|[0;1mp[0m|[7;1m [0m| |[7;1m [0m| || 4
[32;1m[Board] [0m   -------------------
[32;1m[Board] [0m 3 || |[7;1m [0m|[0;1mk[0m|[7;1m [0m|[0;1mp[0m|[0;1mQ[0m| |[7;1m [0m|| 3
[32;1m[Board] [0m   -------------------
[32;1m[Board] [0m 2 ||[0;1mp[0m|[0;1mp[0m|[0;1mp[0m|[0;1mb[0m|[7;1m [0m|[0;1mp[0m|[0;1mp[0m|[0;1mp[0m|| 2
[32;1m[Board] [0m   -------------------
[32;1m[Board] [0m 1 ||[0;1mr[0m|[7;1m [0m| |[7;1m [0m| |[0;1mr[0m|[0;1mK[0m|[7;1m [0m|| 1
[32;1m[Board] [0m   -------------------
[32;1m[Board] [0m     a b c d e f g h
[32;1m[Board] [0m
[32;1m[Referee] [0mThis is the turn of the Black player...
[DEBUG] Input history filename: championship/chessmates-logic-and-proofs/history.csv
[DEBUG] Output move file: championship/chessmates-logic-and-proofs/move.csv
[Parser][ply=] 21
how i see the board before writing next move: Turn: Black
Enpassant: xx	Castling: xxxx
   ---- ---- ---- ---- ---- ---- ---- ----
8 |    |    |    | r  |    | r  | k  |    |
   ---- ---- ---- ---- ---- ---- ---- ----
7 | p  | p  | p  | n  | q  | p  | p  | p  |
   ---- ---- ---- ---- ---- ---- ---- ----
6 |    |    | n  |    | p  |    |    |    |
   ---- ---- ---- ---- ---- ---- ---- ----
5 |    | B  |    | p  |    |    |    |    |
   ---- ---- ---- ---- ---- ---- ---- ----
4 |    | b  |    | P  |    |    |    |    |
   ---- ---- ---- ---- ---- ---- ---- ----
3 |    |    | N  |    | P  | Q  |    |    |
   ---- ---- ---- ---- ---- ---- ---- ----
2 | P  | P  | P  | B  |    | P  | P  | P  |
   ---- ---- ---- ---- ---- ---- ---- ----
1 | R  |    |    |    |    | R  | K  |    |
   ---- ---- ---- ---- ---- ---- ---- ----
    a    b    c    d    e    f    g    h
starting search...
depth: 1 score: 7 time: 1 nodes: 1572 hashfull: 0
depth: 2 score: -2 time: 3 nodes: 6170 hashfull: 0
depth: 3 score: -2 time: 1 nodes: 8679 hashfull: 0
depth: 4 score: -2 time: 19 nodes: 33923 hashfull: 0
depth: 5 score: 0 time: 46 nodes: 96528 hashfull: 0
depth: 6 score: -9 time: 96 nodes: 238790 hashfull: 3
depth: 7 score: 2 time: 300 nodes: 651516 hashfull: 9
depth: 8 score: -1 time: 570 nodes: 1458255 hashfull: 21
depth: 9 score: 0 time: 2204 nodes: 4832201 hashfull: 86
depth: 10 score: -2 time: 5959 nodes: 13704592 hashfull: 210
[DEBUG] [Parser] Wrote to ouput file championship/chessmates-logic-and-proofs/move.csv move : d7b6
[32;1m[Game] [0mPlayer's error code: 0
[32;1m[Game] [0mChecking move validity...
[32;1m[Board] [0mInitializing board (size: 8)...
[32;1m[Board] [0m32 piece(s) on board.
[32;1m[Board] [0mLoading history file `championship/chessmates-logic-and-proofs/history.csv`...
[32;1m[Board] [0mLoaded 21 move(s).
[32;1m[Board] [0mHistory replayed, 30 piece(s) on board.
[32;1m[Board] [0mLoading move file `championship/chessmates-logic-and-proofs/move.csv`...
[32;1m[Board] [0mBlack player is playing d7 to b6.
[32;1m[Board] [0m
[32;1m[Board] [0m     a b c d e f g h
[32;1m[Board] [0m   -------------------
[32;1m[Board] [0m 8 ||[7;1m [0m| |[7;1m [0m|[30;1mr[0m|[7;1m [0m|[30;1mr[0m|[30;1mK[0m| || 8
[32;1m[Board] [0m   -------------------
[32;1m[Board] [0m 7 ||[30;1mp[0m|[30;1mp[0m|[30;1mp[0m|[7;1m [0m|[30;1mQ[0m|[30;1mp[0m|[30;1mp[0m|[30;1mp[0m|| 7
[32;1m[Board] [0m   -------------------
[32;1m[Board] [0m 6 ||[7;1m [0m|[30;1mk[0m|[30;1mk[0m| |[30;1mp[0m| |[7;1m [0m| || 6
[32;1m[Board] [0m   -------------------
[32;1m[Board] [0m 5 || |[0;1mb[0m| |[30;1mp[0m| |[7;1m [0m| |[7;1m [0m|| 5
[32;1m[Board] [0m   -------------------
[32;1m[Board] [0m 4 ||[7;1m [0m|[30;1mb[0m|[7;1m [0m|[0;1mp[0m|[7;1m [0m| |[7;1m [0m| || 4
[32;1m[Board] [0m   -------------------
[32;1m[Board] [0m 3 || |[7;1m [0m|[0;1mk[0m|[7;1m [0m|[0;1mp[0m|[0;1mQ[0m| |[7;1m [0m|| 3
[32;1m[Board] [0m   -------------------
[32;1m[Board] [0m 2 ||[0;1mp[0m|[0;1mp[0m|[0;1mp[0m|[0;1mb[0m|[7;1m [0m|[0;1mp[0m|[0;1mp[0m|[0;1mp[0m|| 2
[32;1m[Board] [0m   -------------------
[32;1m[Board] [0m 1 ||[0;1mr[0m|[7;1m [0m| |[7;1m [0m| |[0;1mr[0m|[0;1mK[0m|[7;1m [0m|| 1
[32;1m[Board] [0m   -------------------
[32;1m[Board] [0m     a b c d e f g h
[32;1m[Board] [0m
[32;1m[Referee] [0mThis is the turn of the White player...

***r*rk*
ppp*qppp
*nn*p***
*B*p****
*b*P****
**N*PQ**
PPPB*PPP
R****RK*
b5c6
[32;1m[Game] [0mPlayer's error code: 0
[32;1m[Game] [0mChecking move validity...
[32;1m[Board] [0mInitializing board (size: 8)...
[32;1m[Board] [0m32 piece(s) on board.
[32;1m[Board] [0mLoading history file `championship/chessmates-logic-and-proofs/history.csv`...
[32;1m[Board] [0mLoaded 22 move(s).
[32;1m[Board] [0mHistory replayed, 30 piece(s) on board.
[32;1m[Board] [0mLoading move file `championship/chessmates-logic-and-proofs/move.csv`...
[32;1m[Board] [0mWhite player is playing b5 to c6.
[32;1m[Board] [0m[5;1mWhite Bishop is taking Black Knight.[0m
[32;1m[Board] [0m
[32;1m[Board] [0m     a b c d e f g h
[32;1m[Board] [0m   -------------------
[32;1m[Board] [0m 8 ||[7;1m [0m| |[7;1m [0m|[30;1mr[0m|[7;1m [0m|[30;1mr[0m|[30;1mK[0m| || 8
[32;1m[Board] [0m   -------------------
[32;1m[Board] [0m 7 ||[30;1mp[0m|[30;1mp[0m|[30;1mp[0m|[7;1m [0m|[30;1mQ[0m|[30;1mp[0m|[30;1mp[0m|[30;1mp[0m|| 7
[32;1m[Board] [0m   -------------------
[32;1m[Board] [0m 6 ||[7;1m [0m|[30;1mk[0m|[0;1mb[0m| |[30;1mp[0m| |[7;1m [0m| || 6
[32;1m[Board] [0m   -------------------
[32;1m[Board] [0m 5 || |[7;1m [0m| |[30;1mp[0m| |[7;1m [0m| |[7;1m [0m|| 5
[32;1m[Board] [0m   -------------------
[32;1m[Board] [0m 4 ||[7;1m [0m|[30;1mb[0m|[7;1m [0m|[0;1mp[0m|[7;1m [0m| |[7;1m [0m| || 4
[32;1m[Board] [0m   -------------------
[32;1m[Board] [0m 3 || |[7;1m [0m|[0;1mk[0m|[7;1m [0m|[0;1mp[0m|[0;1mQ[0m| |[7;1m [0m|| 3
[32;1m[Board] [0m   -------------------
[32;1m[Board] [0m 2 ||[0;1mp[0m|[0;1mp[0m|[0;1mp[0m|[0;1mb[0m|[7;1m [0m|[0;1mp[0m|[0;1mp[0m|[0;1mp[0m|| 2
[32;1m[Board] [0m   -------------------
[32;1m[Board] [0m 1 ||[0;1mr[0m|[7;1m [0m| |[7;1m [0m| |[0;1mr[0m|[0;1mK[0m|[7;1m [0m|| 1
[32;1m[Board] [0m   -------------------
[32;1m[Board] [0m     a b c d e f g h
[32;1m[Board] [0m
[32;1m[Referee] [0mThis is the turn of the Black player...
[DEBUG] Input history filename: championship/chessmates-logic-and-proofs/history.csv
[DEBUG] Output move file: championship/chessmates-logic-and-proofs/move.csv
[Parser][ply=] 23
how i see the board before writing next move: Turn: Black
Enpassant: xx	Castling: xxxx
   ---- ---- ---- ---- ---- ---- ---- ----
8 |    |    |    | r  |    | r  | k  |    |
   ---- ---- ---- ---- ---- ---- ---- ----
7 | p  | p  | p  |    | q  | p  | p  | p  |
   ---- ---- ---- ---- ---- ---- ---- ----
6 |    | n  | B  |    | p  |    |    |    |
   ---- ---- ---- ---- ---- ---- ---- ----
5 |    |    |    | p  |    |    |    |    |
   ---- ---- ---- ---- ---- ---- ---- ----
4 |    | b  |    | P  |    |    |    |    |
   ---- ---- ---- ---- ---- ---- ---- ----
3 |    |    | N  |    | P  | Q  |    |    |
   ---- ---- ---- ---- ---- ---- ---- ----
2 | P  | P  | P  | B  |    | P  | P  | P  |
   ---- ---- ---- ---- ---- ---- ---- ----
1 | R  |    |    |    |    | R  | K  |    |
   ---- ---- ---- ---- ---- ---- ---- ----
    a    b    c    d    e    f    g    h
starting search...
depth: 1 score: 7 time: 0 nodes: 126 hashfull: 0
depth: 2 score: -23 time: 0 nodes: 453 hashfull: 0
depth: 3 score: 9 time: 15 nodes: 21370 hashfull: 0
depth: 4 score: -22 time: 4 nodes: 27894 hashfull: 0
depth: 5 score: 19 time: 18 nodes: 53366 hashfull: 0
depth: 6 score: 6 time: 94 nodes: 201920 hashfull: 3
depth: 7 score: 7 time: 186 nodes: 484832 hashfull: 9
depth: 8 score: 2 time: 462 nodes: 1146004 hashfull: 17
depth: 9 score: 3 time: 848 nodes: 2609535 hashfull: 53
depth: 10 score: 6 time: 2688 nodes: 6824723 hashfull: 131
[DEBUG] [Parser] Wrote to ouput file championship/chessmates-logic-and-proofs/move.csv move : b7c6
[32;1m[Game] [0mPlayer's error code: 0
[32;1m[Game] [0mChecking move validity...
[32;1m[Board] [0mInitializing board (size: 8)...
[32;1m[Board] [0m32 piece(s) on board.
[32;1m[Board] [0mLoading history file `championship/chessmates-logic-and-proofs/history.csv`...
[32;1m[Board] [0mLoaded 23 move(s).
[32;1m[Board] [0mHistory replayed, 29 piece(s) on board.
[32;1m[Board] [0mLoading move file `championship/chessmates-logic-and-proofs/move.csv`...
[32;1m[Board] [0mBlack player is playing b7 to c6.
[32;1m[Board] [0m[5;1mBlack Pawn is taking White Bishop.[0m
[32;1m[Board] [0m
[32;1m[Board] [0m     a b c d e f g h
[32;1m[Board] [0m   -------------------
[32;1m[Board] [0m 8 ||[7;1m [0m| |[7;1m [0m|[30;1mr[0m|[7;1m [0m|[30;1mr[0m|[30;1mK[0m| || 8
[32;1m[Board] [0m   -------------------
[32;1m[Board] [0m 7 ||[30;1mp[0m|[7;1m [0m|[30;1mp[0m|[7;1m [0m|[30;1mQ[0m|[30;1mp[0m|[30;1mp[0m|[30;1mp[0m|| 7
[32;1m[Board] [0m   -------------------
[32;1m[Board] [0m 6 ||[7;1m [0m|[30;1mk[0m|[30;1mp[0m| |[30;1mp[0m| |[7;1m [0m| || 6
[32;1m[Board] [0m   -------------------
[32;1m[Board] [0m 5 || |[7;1m [0m| |[30;1mp[0m| |[7;1m [0m| |[7;1m [0m|| 5
[32;1m[Board] [0m   -------------------
[32;1m[Board] [0m 4 ||[7;1m [0m|[30;1mb[0m|[7;1m [0m|[0;1mp[0m|[7;1m [0m| |[7;1m [0m| || 4
[32;1m[Board] [0m   -------------------
[32;1m[Board] [0m 3 || |[7;1m [0m|[0;1mk[0m|[7;1m [0m|[0;1mp[0m|[0;1mQ[0m| |[7;1m [0m|| 3
[32;1m[Board] [0m   -------------------
[32;1m[Board] [0m 2 ||[0;1mp[0m|[0;1mp[0m|[0;1mp[0m|[0;1mb[0m|[7;1m [0m|[0;1mp[0m|[0;1mp[0m|[0;1mp[0m|| 2
[32;1m[Board] [0m   -------------------
[32;1m[Board] [0m 1 ||[0;1mr[0m|[7;1m [0m| |[7;1m [0m| |[0;1mr[0m|[0;1mK[0m|[7;1m [0m|| 1
[32;1m[Board] [0m   -------------------
[32;1m[Board] [0m     a b c d e f g h
[32;1m[Board] [0m
[32;1m[Referee] [0mThis is the turn of the White player...

***r*rk*
p*p*qppp
*np*p***
***p****
*b*P****
**N*PQ**
PPPB*PPP
R****RK*
a2a3
[32;1m[Game] [0mPlayer's error code: 0
[32;1m[Game] [0mChecking move validity...
[32;1m[Board] [0mInitializing board (size: 8)...
[32;1m[Board] [0m32 piece(s) on board.
[32;1m[Board] [0mLoading history file `championship/chessmates-logic-and-proofs/history.csv`...
[32;1m[Board] [0mLoaded 24 move(s).
[32;1m[Board] [0mHistory replayed, 28 piece(s) on board.
[32;1m[Board] [0mLoading move file `championship/chessmates-logic-and-proofs/move.csv`...
[32;1m[Board] [0mWhite player is playing a2 to a3.
[32;1m[Board] [0m
[32;1m[Board] [0m     a b c d e f g h
[32;1m[Board] [0m   -------------------
[32;1m[Board] [0m 8 ||[7;1m [0m| |[7;1m [0m|[30;1mr[0m|[7;1m [0m|[30;1mr[0m|[30;1mK[0m| || 8
[32;1m[Board] [0m   -------------------
[32;1m[Board] [0m 7 ||[30;1mp[0m|[7;1m [0m|[30;1mp[0m|[7;1m [0m|[30;1mQ[0m|[30;1mp[0m|[30;1mp[0m|[30;1mp[0m|| 7
[32;1m[Board] [0m   -------------------
[32;1m[Board] [0m 6 ||[7;1m [0m|[30;1mk[0m|[30;1mp[0m| |[30;1mp[0m| |[7;1m [0m| || 6
[32;1m[Board] [0m   -------------------
[32;1m[Board] [0m 5 || |[7;1m [0m| |[30;1mp[0m| |[7;1m [0m| |[7;1m [0m|| 5
[32;1m[Board] [0m   -------------------
[32;1m[Board] [0m 4 ||[7;1m [0m|[30;1mb[0m|[7;1m [0m|[0;1mp[0m|[7;1m [0m| |[7;1m [0m| || 4
[32;1m[Board] [0m   -------------------
[32;1m[Board] [0m 3 ||[0;1mp[0m|[7;1m [0m|[0;1mk[0m|[7;1m [0m|[0;1mp[0m|[0;1mQ[0m| |[7;1m [0m|| 3
[32;1m[Board] [0m   -------------------
[32;1m[Board] [0m 2 ||[7;1m [0m|[0;1mp[0m|[0;1mp[0m|[0;1mb[0m|[7;1m [0m|[0;1mp[0m|[0;1mp[0m|[0;1mp[0m|| 2
[32;1m[Board] [0m   -------------------
[32;1m[Board] [0m 1 ||[0;1mr[0m|[7;1m [0m| |[7;1m [0m| |[0;1mr[0m|[0;1mK[0m|[7;1m [0m|| 1
[32;1m[Board] [0m   -------------------
[32;1m[Board] [0m     a b c d e f g h
[32;1m[Board] [0m
[32;1m[Referee] [0mThis is the turn of the Black player...
[DEBUG] Input history filename: championship/chessmates-logic-and-proofs/history.csv
[DEBUG] Output move file: championship/chessmates-logic-and-proofs/move.csv
[Parser][ply=] 25
how i see the board before writing next move: Turn: Black
Enpassant: xx	Castling: xxxx
   ---- ---- ---- ---- ---- ---- ---- ----
8 |    |    |    | r  |    | r  | k  |    |
   ---- ---- ---- ---- ---- ---- ---- ----
7 | p  |    | p  |    | q  | p  | p  | p  |
   ---- ---- ---- ---- ---- ---- ---- ----
6 |    | n  | p  |    | p  |    |    |    |
   ---- ---- ---- ---- ---- ---- ---- ----
5 |    |    |    | p  |    |    |    |    |
   ---- ---- ---- ---- ---- ---- ---- ----
4 |    | b  |    | P  |    |    |    |    |
   ---- ---- ---- ---- ---- ---- ---- ----
3 | P  |    | N  |    | P  | Q  |    |    |
   ---- ---- ---- ---- ---- ---- ---- ----
2 |    | P  | P  | B  |    | P  | P  | P  |
   ---- ---- ---- ---- ---- ---- ---- ----
1 | R  |    |    |    |    | R  | K  |    |
   ---- ---- ---- ---- ---- ---- ---- ----
    a    b    c    d    e    f    g    h
starting search...
depth: 1 score: 9 time: 0 nodes: 554 hashfull: 0
depth: 2 score: -22 time: 1 nodes: 1952 hashfull: 0
depth: 3 score: 19 time: 7 nodes: 12488 hashfull: 0
depth: 4 score: 35 time: 7 nodes: 22679 hashfull: 0
depth: 5 score: 36 time: 18 nodes: 47691 hashfull: 0
depth: 6 score: 37 time: 87 nodes: 174610 hashfull: 2
depth: 7 score: 36 time: 194 nodes: 449248 hashfull: 7
depth: 8 score: 25 time: 479 nodes: 1126352 hashfull: 19
depth: 9 score: 36 time: 1162 nodes: 2933794 hashfull: 60
depth: 10 score: 38 time: 3004 nodes: 7544379 hashfull: 150
[DEBUG] [Parser] Wrote to ouput file championship/chessmates-logic-and-proofs/move.csv move : b4d6
[32;1m[Game] [0mPlayer's error code: 0
[32;1m[Game] [0mChecking move validity...
[32;1m[Board] [0mInitializing board (size: 8)...
[32;1m[Board] [0m32 piece(s) on board.
[32;1m[Board] [0mLoading history file `championship/chessmates-logic-and-proofs/history.csv`...
[32;1m[Board] [0mLoaded 25 move(s).
[32;1m[Board] [0mHistory replayed, 28 piece(s) on board.
[32;1m[Board] [0mLoading move file `championship/chessmates-logic-and-proofs/move.csv`...
[32;1m[Board] [0mBlack player is playing b4 to d6.
[32;1m[Board] [0m
[32;1m[Board] [0m     a b c d e f g h
[32;1m[Board] [0m   -------------------
[32;1m[Board] [0m 8 ||[7;1m [0m| |[7;1m [0m|[30;1mr[0m|[7;1m [0m|[30;1mr[0m|[30;1mK[0m| || 8
[32;1m[Board] [0m   -------------------
[32;1m[Board] [0m 7 ||[30;1mp[0m|[7;1m [0m|[30;1mp[0m|[7;1m [0m|[30;1mQ[0m|[30;1mp[0m|[30;1mp[0m|[30;1mp[0m|| 7
[32;1m[Board] [0m   -------------------
[32;1m[Board] [0m 6 ||[7;1m [0m|[30;1mk[0m|[30;1mp[0m|[30;1mb[0m|[30;1mp[0m| |[7;1m [0m| || 6
[32;1m[Board] [0m   -------------------
[32;1m[Board] [0m 5 || |[7;1m [0m| |[30;1mp[0m| |[7;1m [0m| |[7;1m [0m|| 5
[32;1m[Board] [0m   -------------------
[32;1m[Board] [0m 4 ||[7;1m [0m| |[7;1m [0m|[0;1mp[0m|[7;1m [0m| |[7;1m [0m| || 4
[32;1m[Board] [0m   -------------------
[32;1m[Board] [0m 3 ||[0;1mp[0m|[7;1m [0m|[0;1mk[0m|[7;1m [0m|[0;1mp[0m|[0;1mQ[0m| |[7;1m [0m|| 3
[32;1m[Board] [0m   -------------------
[32;1m[Board] [0m 2 ||[7;1m [0m|[0;1mp[0m|[0;1mp[0m|[0;1mb[0m|[7;1m [0m|[0;1mp[0m|[0;1mp[0m|[0;1mp[0m|| 2
[32;1m[Board] [0m   -------------------
[32;1m[Board] [0m 1 ||[0;1mr[0m|[7;1m [0m| |[7;1m [0m| |[0;1mr[0m|[0;1mK[0m|[7;1m [0m|| 1
[32;1m[Board] [0m   -------------------
[32;1m[Board] [0m     a b c d e f g h
[32;1m[Board] [0m
[32;1m[Referee] [0mThis is the turn of the White player...

***r*rk*
p*p*qppp
*npbp***
***p****
***P****
P*N*PQ**
*PPB*PPP
R****RK*
f1d1
[32;1m[Game] [0mPlayer's error code: 0
[32;1m[Game] [0mChecking move validity...
[32;1m[Board] [0mInitializing board (size: 8)...
[32;1m[Board] [0m32 piece(s) on board.
[32;1m[Board] [0mLoading history file `championship/chessmates-logic-and-proofs/history.csv`...
[32;1m[Board] [0mLoaded 26 move(s).
[32;1m[Board] [0mHistory replayed, 28 piece(s) on board.
[32;1m[Board] [0mLoading move file `championship/chessmates-logic-and-proofs/move.csv`...
[32;1m[Board] [0mWhite player is playing f1 to d1.
[32;1m[Board] [0m
[32;1m[Board] [0m     a b c d e f g h
[32;1m[Board] [0m   -------------------
[32;1m[Board] [0m 8 ||[7;1m [0m| |[7;1m [0m|[30;1mr[0m|[7;1m [0m|[30;1mr[0m|[30;1mK[0m| || 8
[32;1m[Board] [0m   -------------------
[32;1m[Board] [0m 7 ||[30;1mp[0m|[7;1m [0m|[30;1mp[0m|[7;1m [0m|[30;1mQ[0m|[30;1mp[0m|[30;1mp[0m|[30;1mp[0m|| 7
[32;1m[Board] [0m   -------------------
[32;1m[Board] [0m 6 ||[7;1m [0m|[30;1mk[0m|[30;1mp[0m|[30;1mb[0m|[30;1mp[0m| |[7;1m [0m| || 6
[32;1m[Board] [0m   -------------------
[32;1m[Board] [0m 5 || |[7;1m [0m| |[30;1mp[0m| |[7;1m [0m| |[7;1m [0m|| 5
[32;1m[Board] [0m   -------------------
[32;1m[Board] [0m 4 ||[7;1m [0m| |[7;1m [0m|[0;1mp[0m|[7;1m [0m| |[7;1m [0m| || 4
[32;1m[Board] [0m   -------------------
[32;1m[Board] [0m 3 ||[0;1mp[0m|[7;1m [0m|[0;1mk[0m|[7;1m [0m|[0;1mp[0m|[0;1mQ[0m| |[7;1m [0m|| 3
[32;1m[Board] [0m   -------------------
[32;1m[Board] [0m 2 ||[7;1m [0m|[0;1mp[0m|[0;1mp[0m|[0;1mb[0m|[7;1m [0m|[0;1mp[0m|[0;1mp[0m|[0;1mp[0m|| 2
[32;1m[Board] [0m   -------------------
[32;1m[Board] [0m 1 ||[0;1mr[0m|[7;1m [0m| |[0;1mr[0m| |[7;1m [0m|[0;1mK[0m|[7;1m [0m|| 1
[32;1m[Board] [0m   -------------------
[32;1m[Board] [0m     a b c d e f g h
[32;1m[Board] [0m
[32;1m[Referee] [0mThis is the turn of the Black player...
[DEBUG] Input history filename: championship/chessmates-logic-and-proofs/history.csv
[DEBUG] Output move file: championship/chessmates-logic-and-proofs/move.csv
[Parser][ply=] 27
how i see the board before writing next move: Turn: Black
Enpassant: xx	Castling: xxxx
   ---- ---- ---- ---- ---- ---- ---- ----
8 |    |    |    | r  |    | r  | k  |    |
   ---- ---- ---- ---- ---- ---- ---- ----
7 | p  |    | p  |    | q  | p  | p  | p  |
   ---- ---- ---- ---- ---- ---- ---- ----
6 |    | n  | p  | b  | p  |    |    |    |
   ---- ---- ---- ---- ---- ---- ---- ----
5 |    |    |    | p  |    |    |    |    |
   ---- ---- ---- ---- ---- ---- ---- ----
4 |    |    |    | P  |    |    |    |    |
   ---- ---- ---- ---- ---- ---- ---- ----
3 | P  |    | N  |    | P  | Q  |    |    |
   ---- ---- ---- ---- ---- ---- ---- ----
2 |    | P  | P  | B  |    | P  | P  | P  |
   ---- ---- ---- ---- ---- ---- ---- ----
1 | R  |    |    | R  |    |    | K  |    |
   ---- ---- ---- ---- ---- ---- ---- ----
    a    b    c    d    e    f    g    h
starting search...
depth: 1 score: 40 time: 0 nodes: 639 hashfull: 0
depth: 2 score: 33 time: 1 nodes: 2478 hashfull: 0
depth: 3 score: 49 time: 3 nodes: 7785 hashfull: 0
depth: 4 score: 36 time: 17 nodes: 30602 hashfull: 0
depth: 5 score: 47 time: 22 nodes: 59965 hashfull: 0
depth: 6 score: 47 time: 114 nodes: 224833 hashfull: 2
depth: 7 score: 53 time: 371 nodes: 739078 hashfull: 9
depth: 8 score: 53 time: 451 nodes: 1387408 hashfull: 19
depth: 9 score: 53 time: 1585 nodes: 3845664 hashfull: 75
depth: 10 score: 56 time: 5406 nodes: 11792715 hashfull: 191
[DEBUG] [Parser] Wrote to ouput file championship/chessmates-logic-and-proofs/move.csv move : b6c4
[32;1m[Game] [0mPlayer's error code: 0
[32;1m[Game] [0mChecking move validity...
[32;1m[Board] [0mInitializing board (size: 8)...
[32;1m[Board] [0m32 piece(s) on board.
[32;1m[Board] [0mLoading history file `championship/chessmates-logic-and-proofs/history.csv`...
[32;1m[Board] [0mLoaded 27 move(s).
[32;1m[Board] [0mHistory replayed, 28 piece(s) on board.
[32;1m[Board] [0mLoading move file `championship/chessmates-logic-and-proofs/move.csv`...
[32;1m[Board] [0mBlack player is playing b6 to c4.
[32;1m[Board] [0m
[32;1m[Board] [0m     a b c d e f g h
[32;1m[Board] [0m   -------------------
[32;1m[Board] [0m 8 ||[7;1m [0m| |[7;1m [0m|[30;1mr[0m|[7;1m [0m|[30;1mr[0m|[30;1mK[0m| || 8
[32;1m[Board] [0m   -------------------
[32;1m[Board] [0m 7 ||[30;1mp[0m|[7;1m [0m|[30;1mp[0m|[7;1m [0m|[30;1mQ[0m|[30;1mp[0m|[30;1mp[0m|[30;1mp[0m|| 7
[32;1m[Board] [0m   -------------------
[32;1m[Board] [0m 6 ||[7;1m [0m| |[30;1mp[0m|[30;1mb[0m|[30;1mp[0m| |[7;1m [0m| || 6
[32;1m[Board] [0m   -------------------
[32;1m[Board] [0m 5 || |[7;1m [0m| |[30;1mp[0m| |[7;1m [0m| |[7;1m [0m|| 5
[32;1m[Board] [0m   -------------------
[32;1m[Board] [0m 4 ||[7;1m [0m| |[30;1mk[0m|[0;1mp[0m|[7;1m [0m| |[7;1m [0m| || 4
[32;1m[Board] [0m   -------------------
[32;1m[Board] [0m 3 ||[0;1mp[0m|[7;1m [0m|[0;1mk[0m|[7;1m [0m|[0;1mp[0m|[0;1mQ[0m| |[7;1m [0m|| 3
[32;1m[Board] [0m   -------------------
[32;1m[Board] [0m 2 ||[7;1m [0m|[0;1mp[0m|[0;1mp[0m|[0;1mb[0m|[7;1m [0m|[0;1mp[0m|[0;1mp[0m|[0;1mp[0m|| 2
[32;1m[Board] [0m   -------------------
[32;1m[Board] [0m 1 ||[0;1mr[0m|[7;1m [0m| |[0;1mr[0m| |[7;1m [0m|[0;1mK[0m|[7;1m [0m|| 1
[32;1m[Board] [0m   -------------------
[32;1m[Board] [0m     a b c d e f g h
[32;1m[Board] [0m
[32;1m[Referee] [0mThis is the turn of the White player...

***r*rk*
p*p*qppp
**pbp***
***p****
**nP****
P*N*PQ**
*PPB*PPP
R**R**K*
b2b4
[32;1m[Game] [0mPlayer's error code: 0
[32;1m[Game] [0mChecking move validity...
[32;1m[Board] [0mInitializing board (size: 8)...
[32;1m[Board] [0m32 piece(s) on board.
[32;1m[Board] [0mLoading history file `championship/chessmates-logic-and-proofs/history.csv`...
[32;1m[Board] [0mLoaded 28 move(s).
[32;1m[Board] [0mHistory replayed, 28 piece(s) on board.
[32;1m[Board] [0mLoading move file `championship/chessmates-logic-and-proofs/move.csv`...
[32;1m[Board] [0mWhite player is playing b2 to b4.
[32;1m[Board] [0m
[32;1m[Board] [0m     a b c d e f g h
[32;1m[Board] [0m   -------------------
[32;1m[Board] [0m 8 ||[7;1m [0m| |[7;1m [0m|[30;1mr[0m|[7;1m [0m|[30;1mr[0m|[30;1mK[0m| || 8
[32;1m[Board] [0m   -------------------
[32;1m[Board] [0m 7 ||[30;1mp[0m|[7;1m [0m|[30;1mp[0m|[7;1m [0m|[30;1mQ[0m|[30;1mp[0m|[30;1mp[0m|[30;1mp[0m|| 7
[32;1m[Board] [0m   -------------------
[32;1m[Board] [0m 6 ||[7;1m [0m| |[30;1mp[0m|[30;1mb[0m|[30;1mp[0m| |[7;1m [0m| || 6
[32;1m[Board] [0m   -------------------
[32;1m[Board] [0m 5 || |[7;1m [0m| |[30;1mp[0m| |[7;1m [0m| |[7;1m [0m|| 5
[32;1m[Board] [0m   -------------------
[32;1m[Board] [0m 4 ||[7;1m [0m|[0;1mp[0m|[30;1mk[0m|[0;1mp[0m|[7;1m [0m| |[7;1m [0m| || 4
[32;1m[Board] [0m   -------------------
[32;1m[Board] [0m 3 ||[0;1mp[0m|[7;1m [0m|[0;1mk[0m|[7;1m [0m|[0;1mp[0m|[0;1mQ[0m| |[7;1m [0m|| 3
[32;1m[Board] [0m   -------------------
[32;1m[Board] [0m 2 ||[7;1m [0m| |[0;1mp[0m|[0;1mb[0m|[7;1m [0m|[0;1mp[0m|[0;1mp[0m|[0;1mp[0m|| 2
[32;1m[Board] [0m   -------------------
[32;1m[Board] [0m 1 ||[0;1mr[0m|[7;1m [0m| |[0;1mr[0m| |[7;1m [0m|[0;1mK[0m|[7;1m [0m|| 1
[32;1m[Board] [0m   -------------------
[32;1m[Board] [0m     a b c d e f g h
[32;1m[Board] [0m
[32;1m[Referee] [0mThis is the turn of the Black player...
[DEBUG] Input history filename: championship/chessmates-logic-and-proofs/history.csv
[DEBUG] Output move file: championship/chessmates-logic-and-proofs/move.csv
[Parser][ply=] 29
how i see the board before writing next move: Turn: Black
Enpassant: b3	Castling: xxxx
   ---- ---- ---- ---- ---- ---- ---- ----
8 |    |    |    | r  |    | r  | k  |    |
   ---- ---- ---- ---- ---- ---- ---- ----
7 | p  |    | p  |    | q  | p  | p  | p  |
   ---- ---- ---- ---- ---- ---- ---- ----
6 |    |    | p  | b  | p  |    |    |    |
   ---- ---- ---- ---- ---- ---- ---- ----
5 |    |    |    | p  |    |    |    |    |
   ---- ---- ---- ---- ---- ---- ---- ----
4 |    | P  | n  | P  |    |    |    |    |
   ---- ---- ---- ---- ---- ---- ---- ----
3 | P  |    | N  |    | P  | Q  |    |    |
   ---- ---- ---- ---- ---- ---- ---- ----
2 |    |    | P  | B  |    | P  | P  | P  |
   ---- ---- ---- ---- ---- ---- ---- ----
1 | R  |    |    | R  |    |    | K  |    |
   ---- ---- ---- ---- ---- ---- ---- ----
    a    b    c    d    e    f    g    h
starting search...
depth: 1 score: 58 time: 0 nodes: 841 hashfull: 0
depth: 2 score: 43 time: 7 nodes: 10960 hashfull: 0
depth: 3 score: 53 time: 9 nodes: 23315 hashfull: 0
depth: 4 score: 53 time: 7 nodes: 33366 hashfull: 0
depth: 5 score: 53 time: 84 nodes: 148667 hashfull: 1
depth: 6 score: 53 time: 105 nodes: 300794 hashfull: 3
depth: 7 score: 53 time: 238 nodes: 636862 hashfull: 8
depth: 8 score: 48 time: 1690 nodes: 3071801 hashfull: 47
depth: 9 score: 67 time: 3982 nodes: 8916272 hashfull: 143
[DEBUG] [Parser] Wrote to ouput file championship/chessmates-logic-and-proofs/move.csv move : f7f5
[32;1m[Game] [0mPlayer's error code: 0
[32;1m[Game] [0mChecking move validity...
[32;1m[Board] [0mInitializing board (size: 8)...
[32;1m[Board] [0m32 piece(s) on board.
[32;1m[Board] [0mLoading history file `championship/chessmates-logic-and-proofs/history.csv`...
[32;1m[Board] [0mLoaded 29 move(s).
[32;1m[Board] [0mHistory replayed, 28 piece(s) on board.
[32;1m[Board] [0mLoading move file `championship/chessmates-logic-and-proofs/move.csv`...
[32;1m[Board] [0mBlack player is playing f7 to f5.
[32;1m[Board] [0m
[32;1m[Board] [0m     a b c d e f g h
[32;1m[Board] [0m   -------------------
[32;1m[Board] [0m 8 ||[7;1m [0m| |[7;1m [0m|[30;1mr[0m|[7;1m [0m|[30;1mr[0m|[30;1mK[0m| || 8
[32;1m[Board] [0m   -------------------
[32;1m[Board] [0m 7 ||[30;1mp[0m|[7;1m [0m|[30;1mp[0m|[7;1m [0m|[30;1mQ[0m|[7;1m [0m|[30;1mp[0m|[30;1mp[0m|| 7
[32;1m[Board] [0m   -------------------
[32;1m[Board] [0m 6 ||[7;1m [0m| |[30;1mp[0m|[30;1mb[0m|[30;1mp[0m| |[7;1m [0m| || 6
[32;1m[Board] [0m   -------------------
[32;1m[Board] [0m 5 || |[7;1m [0m| |[30;1mp[0m| |[30;1mp[0m| |[7;1m [0m|| 5
[32;1m[Board] [0m   -------------------
[32;1m[Board] [0m 4 ||[7;1m [0m|[0;1mp[0m|[30;1mk[0m|[0;1mp[0m|[7;1m [0m| |[7;1m [0m| || 4
[32;1m[Board] [0m   -------------------
[32;1m[Board] [0m 3 ||[0;1mp[0m|[7;1m [0m|[0;1mk[0m|[7;1m [0m|[0;1mp[0m|[0;1mQ[0m| |[7;1m [0m|| 3
[32;1m[Board] [0m   -------------------
[32;1m[Board] [0m 2 ||[7;1m [0m| |[0;1mp[0m|[0;1mb[0m|[7;1m [0m|[0;1mp[0m|[0;1mp[0m|[0;1mp[0m|| 2
[32;1m[Board] [0m   -------------------
[32;1m[Board] [0m 1 ||[0;1mr[0m|[7;1m [0m| |[0;1mr[0m| |[7;1m [0m|[0;1mK[0m|[7;1m [0m|| 1
[32;1m[Board] [0m   -------------------
[32;1m[Board] [0m     a b c d e f g h
[32;1m[Board] [0m
[32;1m[Referee] [0mThis is the turn of the White player...

***r*rk*
p*p*q*pp
**pbp***
***p*p**
*PnP****
P*N*PQ**
**PB*PPP
R**R**K*
c3e2
[32;1m[Game] [0mPlayer's error code: 0
[32;1m[Game] [0mChecking move validity...
[32;1m[Board] [0mInitializing board (size: 8)...
[32;1m[Board] [0m32 piece(s) on board.
[32;1m[Board] [0mLoading history file `championship/chessmates-logic-and-proofs/history.csv`...
[32;1m[Board] [0mLoaded 30 move(s).
[32;1m[Board] [0mHistory replayed, 28 piece(s) on board.
[32;1m[Board] [0mLoading move file `championship/chessmates-logic-and-proofs/move.csv`...
[32;1m[Board] [0mWhite player is playing c3 to e2.
[32;1m[Board] [0m
[32;1m[Board] [0m     a b c d e f g h
[32;1m[Board] [0m   -------------------
[32;1m[Board] [0m 8 ||[7;1m [0m| |[7;1m [0m|[30;1mr[0m|[7;1m [0m|[30;1mr[0m|[30;1mK[0m| || 8
[32;1m[Board] [0m   -------------------
[32;1m[Board] [0m 7 ||[30;1mp[0m|[7;1m [0m|[30;1mp[0m|[7;1m [0m|[30;1mQ[0m|[7;1m [0m|[30;1mp[0m|[30;1mp[0m|| 7
[32;1m[Board] [0m   -------------------
[32;1m[Board] [0m 6 ||[7;1m [0m| |[30;1mp[0m|[30;1mb[0m|[30;1mp[0m| |[7;1m [0m| || 6
[32;1m[Board] [0m   -------------------
[32;1m[Board] [0m 5 || |[7;1m [0m| |[30;1mp[0m| |[30;1mp[0m| |[7;1m [0m|| 5
[32;1m[Board] [0m   -------------------
[32;1m[Board] [0m 4 ||[7;1m [0m|[0;1mp[0m|[30;1mk[0m|[0;1mp[0m|[7;1m [0m| |[7;1m [0m| || 4
[32;1m[Board] [0m   -------------------
[32;1m[Board] [0m 3 ||[0;1mp[0m|[7;1m [0m| |[7;1m [0m|[0;1mp[0m|[0;1mQ[0m| |[7;1m [0m|| 3
[32;1m[Board] [0m   -------------------
[32;1m[Board] [0m 2 ||[7;1m [0m| |[0;1mp[0m|[0;1mb[0m|[0;1mk[0m|[0;1mp[0m|[0;1mp[0m|[0;1mp[0m|| 2
[32;1m[Board] [0m   -------------------
[32;1m[Board] [0m 1 ||[0;1mr[0m|[7;1m [0m| |[0;1mr[0m| |[7;1m [0m|[0;1mK[0m|[7;1m [0m|| 1
[32;1m[Board] [0m   -------------------
[32;1m[Board] [0m     a b c d e f g h
[32;1m[Board] [0m
[32;1m[Referee] [0mThis is the turn of the Black player...
[DEBUG] Input history filename: championship/chessmates-logic-and-proofs/history.csv
[DEBUG] Output move file: championship/chessmates-logic-and-proofs/move.csv
[Parser][ply=] 31
how i see the board before writing next move: Turn: Black
Enpassant: xx	Castling: xxxx
   ---- ---- ---- ---- ---- ---- ---- ----
8 |    |    |    | r  |    | r  | k  |    |
   ---- ---- ---- ---- ---- ---- ---- ----
7 | p  |    | p  |    | q  |    | p  | p  |
   ---- ---- ---- ---- ---- ---- ---- ----
6 |    |    | p  | b  | p  |    |    |    |
   ---- ---- ---- ---- ---- ---- ---- ----
5 |    |    |    | p  |    | p  |    |    |
   ---- ---- ---- ---- ---- ---- ---- ----
4 |    | P  | n  | P  |    |    |    |    |
   ---- ---- ---- ---- ---- ---- ---- ----
3 | P  |    |    |    | P  | Q  |    |    |
   ---- ---- ---- ---- ---- ---- ---- ----
2 |    |    | P  | B  | N  | P  | P  | P  |
   ---- ---- ---- ---- ---- ---- ---- ----
1 | R  |    |    | R  |    |    | K  |    |
   ---- ---- ---- ---- ---- ---- ---- ----
    a    b    c    d    e    f    g    h
starting search...
depth: 1 score: 80 time: 0 nodes: 499 hashfull: 0
depth: 2 score: 61 time: 6 nodes: 8942 hashfull: 0
depth: 3 score: 73 time: 9 nodes: 22215 hashfull: 0
depth: 4 score: 73 time: 11 nodes: 37277 hashfull: 0
depth: 5 score: 81 time: 50 nodes: 105207 hashfull: 0
depth: 6 score: 61 time: 92 nodes: 240926 hashfull: 3
depth: 7 score: 67 time: 195 nodes: 518928 hashfull: 7
depth: 8 score: 66 time: 475 nodes: 1212404 hashfull: 19
depth: 9 score: 71 time: 2106 nodes: 4463634 hashfull: 91
depth: 10 score: 64 time: 4408 nodes: 11067330 hashfull: 186
[DEBUG] [Parser] Wrote to ouput file championship/chessmates-logic-and-proofs/move.csv move : e6e5
[32;1m[Game] [0mPlayer's error code: 0
[32;1m[Game] [0mChecking move validity...
[32;1m[Board] [0mInitializing board (size: 8)...
[32;1m[Board] [0m32 piece(s) on board.
[32;1m[Board] [0mLoading history file `championship/chessmates-logic-and-proofs/history.csv`...
[32;1m[Board] [0mLoaded 31 move(s).
[32;1m[Board] [0mHistory replayed, 28 piece(s) on board.
[32;1m[Board] [0mLoading move file `championship/chessmates-logic-and-proofs/move.csv`...
[32;1m[Board] [0mBlack player is playing e6 to e5.
[32;1m[Board] [0m
[32;1m[Board] [0m     a b c d e f g h
[32;1m[Board] [0m   -------------------
[32;1m[Board] [0m 8 ||[7;1m [0m| |[7;1m [0m|[30;1mr[0m|[7;1m [0m|[30;1mr[0m|[30;1mK[0m| || 8
[32;1m[Board] [0m   -------------------
[32;1m[Board] [0m 7 ||[30;1mp[0m|[7;1m [0m|[30;1mp[0m|[7;1m [0m|[30;1mQ[0m|[7;1m [0m|[30;1mp[0m|[30;1mp[0m|| 7
[32;1m[Board] [0m   -------------------
[32;1m[Board] [0m 6 ||[7;1m [0m| |[30;1mp[0m|[30;1mb[0m|[7;1m [0m| |[7;1m [0m| || 6
[32;1m[Board] [0m   -------------------
[32;1m[Board] [0m 5 || |[7;1m [0m| |[30;1mp[0m|[30;1mp[0m|[30;1mp[0m| |[7;1m [0m|| 5
[32;1m[Board] [0m   -------------------
[32;1m[Board] [0m 4 ||[7;1m [0m|[0;1mp[0m|[30;1mk[0m|[0;1mp[0m|[7;1m [0m| |[7;1m [0m| || 4
[32;1m[Board] [0m   -------------------
[32;1m[Board] [0m 3 ||[0;1mp[0m|[7;1m [0m| |[7;1m [0m|[0;1mp[0m|[0;1mQ[0m| |[7;1m [0m|| 3
[32;1m[Board] [0m   -------------------
[32;1m[Board] [0m 2 ||[7;1m [0m| |[0;1mp[0m|[0;1mb[0m|[0;1mk[0m|[0;1mp[0m|[0;1mp[0m|[0;1mp[0m|| 2
[32;1m[Board] [0m   -------------------
[32;1m[Board] [0m 1 ||[0;1mr[0m|[7;1m [0m| |[0;1mr[0m| |[7;1m [0m|[0;1mK[0m|[7;1m [0m|| 1
[32;1m[Board] [0m   -------------------
[32;1m[Board] [0m     a b c d e f g h
[32;1m[Board] [0m
[32;1m[Referee] [0mThis is the turn of the White player...

***r*rk*
p*p*q*pp
**pb****
***ppp**
*PnP****
P***PQ**
**PBNPPP
R**R**K*
f3h5
[32;1m[Game] [0mPlayer's error code: 0
[32;1m[Game] [0mChecking move validity...
[32;1m[Board] [0mInitializing board (size: 8)...
[32;1m[Board] [0m32 piece(s) on board.
[32;1m[Board] [0mLoading history file `championship/chessmates-logic-and-proofs/history.csv`...
[32;1m[Board] [0mLoaded 32 move(s).
[32;1m[Board] [0mHistory replayed, 28 piece(s) on board.
[32;1m[Board] [0mLoading move file `championship/chessmates-logic-and-proofs/move.csv`...
[32;1m[Board] [0mWhite player is playing f3 to h5.
[32;1m[Board] [0m
[32;1m[Board] [0m     a b c d e f g h
[32;1m[Board] [0m   -------------------
[32;1m[Board] [0m 8 ||[7;1m [0m| |[7;1m [0m|[30;1mr[0m|[7;1m [0m|[30;1mr[0m|[30;1mK[0m| || 8
[32;1m[Board] [0m   -------------------
[32;1m[Board] [0m 7 ||[30;1mp[0m|[7;1m [0m|[30;1mp[0m|[7;1m [0m|[30;1mQ[0m|[7;1m [0m|[30;1mp[0m|[30;1mp[0m|| 7
[32;1m[Board] [0m   -------------------
[32;1m[Board] [0m 6 ||[7;1m [0m| |[30;1mp[0m|[30;1mb[0m|[7;1m [0m| |[7;1m [0m| || 6
[32;1m[Board] [0m   -------------------
[32;1m[Board] [0m 5 || |[7;1m [0m| |[30;1mp[0m|[30;1mp[0m|[30;1mp[0m| |[0;1mQ[0m|| 5
[32;1m[Board] [0m   -------------------
[32;1m[Board] [0m 4 ||[7;1m [0m|[0;1mp[0m|[30;1mk[0m|[0;1mp[0m|[7;1m [0m| |[7;1m [0m| || 4
[32;1m[Board] [0m   -------------------
[32;1m[Board] [0m 3 ||[0;1mp[0m|[7;1m [0m| |[7;1m [0m|[0;1mp[0m|[7;1m [0m| |[7;1m [0m|| 3
[32;1m[Board] [0m   -------------------
[32;1m[Board] [0m 2 ||[7;1m [0m| |[0;1mp[0m|[0;1mb[0m|[0;1mk[0m|[0;1mp[0m|[0;1mp[0m|[0;1mp[0m|| 2
[32;1m[Board] [0m   -------------------
[32;1m[Board] [0m 1 ||[0;1mr[0m|[7;1m [0m| |[0;1mr[0m| |[7;1m [0m|[0;1mK[0m|[7;1m [0m|| 1
[32;1m[Board] [0m   -------------------
[32;1m[Board] [0m     a b c d e f g h
[32;1m[Board] [0m
[32;1m[Referee] [0mThis is the turn of the Black player...
[DEBUG] Input history filename: championship/chessmates-logic-and-proofs/history.csv
[DEBUG] Output move file: championship/chessmates-logic-and-proofs/move.csv
[Parser][ply=] 33
how i see the board before writing next move: Turn: Black
Enpassant: xx	Castling: xxxx
   ---- ---- ---- ---- ---- ---- ---- ----
8 |    |    |    | r  |    | r  | k  |    |
   ---- ---- ---- ---- ---- ---- ---- ----
7 | p  |    | p  |    | q  |    | p  | p  |
   ---- ---- ---- ---- ---- ---- ---- ----
6 |    |    | p  | b  |    |    |    |    |
   ---- ---- ---- ---- ---- ---- ---- ----
5 |    |    |    | p  | p  | p  |    | Q  |
   ---- ---- ---- ---- ---- ---- ---- ----
4 |    | P  | n  | P  |    |    |    |    |
   ---- ---- ---- ---- ---- ---- ---- ----
3 | P  |    |    |    | P  |    |    |    |
   ---- ---- ---- ---- ---- ---- ---- ----
2 |    |    | P  | B  | N  | P  | P  | P  |
   ---- ---- ---- ---- ---- ---- ---- ----
1 | R  |    |    | R  |    |    | K  |    |
   ---- ---- ---- ---- ---- ---- ---- ----
    a    b    c    d    e    f    g    h
starting search...
depth: 1 score: 87 time: 1 nodes: 1882 hashfull: 0
depth: 2 score: 78 time: 15 nodes: 21394 hashfull: 0
depth: 3 score: 77 time: 7 nodes: 31854 hashfull: 0
depth: 4 score: 75 time: 26 nodes: 65662 hashfull: 0
depth: 5 score: 81 time: 66 nodes: 151486 hashfull: 0
depth: 6 score: 70 time: 118 nodes: 318716 hashfull: 3
depth: 7 score: 70 time: 164 nodes: 555515 hashfull: 7
depth: 8 score: 71 time: 428 nodes: 1163578 hashfull: 15
depth: 9 score: 65 time: 1542 nodes: 4015592 hashfull: 76
depth: 10 score: 64 time: 3692 nodes: 9595225 hashfull: 164
[DEBUG] [Parser] Wrote to ouput file championship/chessmates-logic-and-proofs/move.csv move : f5f4
[32;1m[Game] [0mPlayer's error code: 0
[32;1m[Game] [0mChecking move validity...
[32;1m[Board] [0mInitializing board (size: 8)...
[32;1m[Board] [0m32 piece(s) on board.
[32;1m[Board] [0mLoading history file `championship/chessmates-logic-and-proofs/history.csv`...
[32;1m[Board] [0mLoaded 33 move(s).
[32;1m[Board] [0mHistory replayed, 28 piece(s) on board.
[32;1m[Board] [0mLoading move file `championship/chessmates-logic-and-proofs/move.csv`...
[32;1m[Board] [0mBlack player is playing f5 to f4.
[32;1m[Board] [0m
[32;1m[Board] [0m     a b c d e f g h
[32;1m[Board] [0m   -------------------
[32;1m[Board] [0m 8 ||[7;1m [0m| |[7;1m [0m|[30;1mr[0m|[7;1m [0m|[30;1mr[0m|[30;1mK[0m| || 8
[32;1m[Board] [0m   -------------------
[32;1m[Board] [0m 7 ||[30;1mp[0m|[7;1m [0m|[30;1mp[0m|[7;1m [0m|[30;1mQ[0m|[7;1m [0m|[30;1mp[0m|[30;1mp[0m|| 7
[32;1m[Board] [0m   -------------------
[32;1m[Board] [0m 6 ||[7;1m [0m| |[30;1mp[0m|[30;1mb[0m|[7;1m [0m| |[7;1m [0m| || 6
[32;1m[Board] [0m   -------------------
[32;1m[Board] [0m 5 || |[7;1m [0m| |[30;1mp[0m|[30;1mp[0m|[7;1m [0m| |[0;1mQ[0m|| 5
[32;1m[Board] [0m   -------------------
[32;1m[Board] [0m 4 ||[7;1m [0m|[0;1mp[0m|[30;1mk[0m|[0;1mp[0m|[7;1m [0m|[30;1mp[0m|[7;1m [0m| || 4
[32;1m[Board] [0m   -------------------
[32;1m[Board] [0m 3 ||[0;1mp[0m|[7;1m [0m| |[7;1m [0m|[0;1mp[0m|[7;1m [0m| |[7;1m [0m|| 3
[32;1m[Board] [0m   -------------------
[32;1m[Board] [0m 2 ||[7;1m [0m| |[0;1mp[0m|[0;1mb[0m|[0;1mk[0m|[0;1mp[0m|[0;1mp[0m|[0;1mp[0m|| 2
[32;1m[Board] [0m   -------------------
[32;1m[Board] [0m 1 ||[0;1mr[0m|[7;1m [0m| |[0;1mr[0m| |[7;1m [0m|[0;1mK[0m|[7;1m [0m|| 1
[32;1m[Board] [0m   -------------------
[32;1m[Board] [0m     a b c d e f g h
[32;1m[Board] [0m
[32;1m[Referee] [0mThis is the turn of the White player...

***r*rk*
p*p*q*pp
**pb****
***pp**Q
*PnP*p**
P***P***
**PBNPPP
R**R**K*
e3f4
[32;1m[Game] [0mPlayer's error code: 0
[32;1m[Game] [0mChecking move validity...
[32;1m[Board] [0mInitializing board (size: 8)...
[32;1m[Board] [0m32 piece(s) on board.
[32;1m[Board] [0mLoading history file `championship/chessmates-logic-and-proofs/history.csv`...
[32;1m[Board] [0mLoaded 34 move(s).
[32;1m[Board] [0mHistory replayed, 28 piece(s) on board.
[32;1m[Board] [0mLoading move file `championship/chessmates-logic-and-proofs/move.csv`...
[32;1m[Board] [0mWhite player is playing e3 to f4.
[32;1m[Board] [0m[5;1mWhite Pawn is taking Black Pawn.[0m
[32;1m[Board] [0m
[32;1m[Board] [0m     a b c d e f g h
[32;1m[Board] [0m   -------------------
[32;1m[Board] [0m 8 ||[7;1m [0m| |[7;1m [0m|[30;1mr[0m|[7;1m [0m|[30;1mr[0m|[30;1mK[0m| || 8
[32;1m[Board] [0m   -------------------
[32;1m[Board] [0m 7 ||[30;1mp[0m|[7;1m [0m|[30;1mp[0m|[7;1m [0m|[30;1mQ[0m|[7;1m [0m|[30;1mp[0m|[30;1mp[0m|| 7
[32;1m[Board] [0m   -------------------
[32;1m[Board] [0m 6 ||[7;1m [0m| |[30;1mp[0m|[30;1mb[0m|[7;1m [0m| |[7;1m [0m| || 6
[32;1m[Board] [0m   -------------------
[32;1m[Board] [0m 5 || |[7;1m [0m| |[30;1mp[0m|[30;1mp[0m|[7;1m [0m| |[0;1mQ[0m|| 5
[32;1m[Board] [0m   -------------------
[32;1m[Board] [0m 4 ||[7;1m [0m|[0;1mp[0m|[30;1mk[0m|[0;1mp[0m|[7;1m [0m|[0;1mp[0m|[7;1m [0m| || 4
[32;1m[Board] [0m   -------------------
[32;1m[Board] [0m 3 ||[0;1mp[0m|[7;1m [0m| |[7;1m [0m| |[7;1m [0m| |[7;1m [0m|| 3
[32;1m[Board] [0m   -------------------
[32;1m[Board] [0m 2 ||[7;1m [0m| |[0;1mp[0m|[0;1mb[0m|[0;1mk[0m|[0;1mp[0m|[0;1mp[0m|[0;1mp[0m|| 2
[32;1m[Board] [0m   -------------------
[32;1m[Board] [0m 1 ||[0;1mr[0m|[7;1m [0m| |[0;1mr[0m| |[7;1m [0m|[0;1mK[0m|[7;1m [0m|| 1
[32;1m[Board] [0m   -------------------
[32;1m[Board] [0m     a b c d e f g h
[32;1m[Board] [0m
[32;1m[Referee] [0mThis is the turn of the Black player...
[DEBUG] Input history filename: championship/chessmates-logic-and-proofs/history.csv
[DEBUG] Output move file: championship/chessmates-logic-and-proofs/move.csv
[Parser][ply=] 35
how i see the board before writing next move: Turn: Black
Enpassant: xx	Castling: xxxx
   ---- ---- ---- ---- ---- ---- ---- ----
8 |    |    |    | r  |    | r  | k  |    |
   ---- ---- ---- ---- ---- ---- ---- ----
7 | p  |    | p  |    | q  |    | p  | p  |
   ---- ---- ---- ---- ---- ---- ---- ----
6 |    |    | p  | b  |    |    |    |    |
   ---- ---- ---- ---- ---- ---- ---- ----
5 |    |    |    | p  | p  |    |    | Q  |
   ---- ---- ---- ---- ---- ---- ---- ----
4 |    | P  | n  | P  |    | P  |    |    |
   ---- ---- ---- ---- ---- ---- ---- ----
3 | P  |    |    |    |    |    |    |    |
   ---- ---- ---- ---- ---- ---- ---- ----
2 |    |    | P  | B  | N  | P  | P  | P  |
   ---- ---- ---- ---- ---- ---- ---- ----
1 | R  |    |    | R  |    |    | K  |    |
   ---- ---- ---- ---- ---- ---- ---- ----
    a    b    c    d    e    f    g    h
starting search...
depth: 1 score: 83 time: 0 nodes: 443 hashfull: 0
depth: 2 score: 69 time: 1 nodes: 1806 hashfull: 0
depth: 3 score: 84 time: 9 nodes: 11691 hashfull: 0
depth: 4 score: 72 time: 16 nodes: 28411 hashfull: 0
depth: 5 score: 84 time: 27 nodes: 56370 hashfull: 0
depth: 6 score: 75 time: 126 nodes: 190243 hashfull: 2
depth: 7 score: 80 time: 214 nodes: 414105 hashfull: 7
depth: 8 score: 80 time: 458 nodes: 901949 hashfull: 15
depth: 9 score: 84 time: 1964 nodes: 4212870 hashfull: 86
depth: 10 score: 73 time: 2596 nodes: 10409363 hashfull: 179
depth: 11 score: 73 time: 4058 nodes: 19646991 hashfull: 283
[DEBUG] [Parser] Wrote to ouput file championship/chessmates-logic-and-proofs/move.csv move : e5f4
[32;1m[Game] [0mPlayer's error code: 0
[32;1m[Game] [0mChecking move validity...
[32;1m[Board] [0mInitializing board (size: 8)...
[32;1m[Board] [0m32 piece(s) on board.
[32;1m[Board] [0mLoading history file `championship/chessmates-logic-and-proofs/history.csv`...
[32;1m[Board] [0mLoaded 35 move(s).
[32;1m[Board] [0mHistory replayed, 27 piece(s) on board.
[32;1m[Board] [0mLoading move file `championship/chessmates-logic-and-proofs/move.csv`...
[32;1m[Board] [0mBlack player is playing e5 to f4.
[32;1m[Board] [0m[5;1mBlack Pawn is taking White Pawn.[0m
[32;1m[Board] [0m
[32;1m[Board] [0m     a b c d e f g h
[32;1m[Board] [0m   -------------------
[32;1m[Board] [0m 8 ||[7;1m [0m| |[7;1m [0m|[30;1mr[0m|[7;1m [0m|[30;1mr[0m|[30;1mK[0m| || 8
[32;1m[Board] [0m   -------------------
[32;1m[Board] [0m 7 ||[30;1mp[0m|[7;1m [0m|[30;1mp[0m|[7;1m [0m|[30;1mQ[0m|[7;1m [0m|[30;1mp[0m|[30;1mp[0m|| 7
[32;1m[Board] [0m   -------------------
[32;1m[Board] [0m 6 ||[7;1m [0m| |[30;1mp[0m|[30;1mb[0m|[7;1m [0m| |[7;1m [0m| || 6
[32;1m[Board] [0m   -------------------
[32;1m[Board] [0m 5 || |[7;1m [0m| |[30;1mp[0m| |[7;1m [0m| |[0;1mQ[0m|| 5
[32;1m[Board] [0m   -------------------
[32;1m[Board] [0m 4 ||[7;1m [0m|[0;1mp[0m|[30;1mk[0m|[0;1mp[0m|[7;1m [0m|[30;1mp[0m|[7;1m [0m| || 4
[32;1m[Board] [0m   -------------------
[32;1m[Board] [0m 3 ||[0;1mp[0m|[7;1m [0m| |[7;1m [0m| |[7;1m [0m| |[7;1m [0m|| 3
[32;1m[Board] [0m   -------------------
[32;1m[Board] [0m 2 ||[7;1m [0m| |[0;1mp[0m|[0;1mb[0m|[0;1mk[0m|[0;1mp[0m|[0;1mp[0m|[0;1mp[0m|| 2
[32;1m[Board] [0m   -------------------
[32;1m[Board] [0m 1 ||[0;1mr[0m|[7;1m [0m| |[0;1mr[0m| |[7;1m [0m|[0;1mK[0m|[7;1m [0m|| 1
[32;1m[Board] [0m   -------------------
[32;1m[Board] [0m     a b c d e f g h
[32;1m[Board] [0m
[32;1m[Referee] [0mThis is the turn of the White player...

***r*rk*
p*p*q*pp
**pb****
***p***Q
*PnP*p**
P*******
**PBNPPP
R**R**K*
d2f4
[32;1m[Game] [0mPlayer's error code: 0
[32;1m[Game] [0mChecking move validity...
[32;1m[Board] [0mInitializing board (size: 8)...
[32;1m[Board] [0m32 piece(s) on board.
[32;1m[Board] [0mLoading history file `championship/chessmates-logic-and-proofs/history.csv`...
[32;1m[Board] [0mLoaded 36 move(s).
[32;1m[Board] [0mHistory replayed, 26 piece(s) on board.
[32;1m[Board] [0mLoading move file `championship/chessmates-logic-and-proofs/move.csv`...
[32;1m[Board] [0mWhite player is playing d2 to f4.
[32;1m[Board] [0m[5;1mWhite Bishop is taking Black Pawn.[0m
[32;1m[Board] [0m
[32;1m[Board] [0m     a b c d e f g h
[32;1m[Board] [0m   -------------------
[32;1m[Board] [0m 8 ||[7;1m [0m| |[7;1m [0m|[30;1mr[0m|[7;1m [0m|[30;1mr[0m|[30;1mK[0m| || 8
[32;1m[Board] [0m   -------------------
[32;1m[Board] [0m 7 ||[30;1mp[0m|[7;1m [0m|[30;1mp[0m|[7;1m [0m|[30;1mQ[0m|[7;1m [0m|[30;1mp[0m|[30;1mp[0m|| 7
[32;1m[Board] [0m   -------------------
[32;1m[Board] [0m 6 ||[7;1m [0m| |[30;1mp[0m|[30;1mb[0m|[7;1m [0m| |[7;1m [0m| || 6
[32;1m[Board] [0m   -------------------
[32;1m[Board] [0m 5 || |[7;1m [0m| |[30;1mp[0m| |[7;1m [0m| |[0;1mQ[0m|| 5
[32;1m[Board] [0m   -------------------
[32;1m[Board] [0m 4 ||[7;1m [0m|[0;1mp[0m|[30;1mk[0m|[0;1mp[0m|[7;1m [0m|[0;1mb[0m|[7;1m [0m| || 4
[32;1m[Board] [0m   -------------------
[32;1m[Board] [0m 3 ||[0;1mp[0m|[7;1m [0m| |[7;1m [0m| |[7;1m [0m| |[7;1m [0m|| 3
[32;1m[Board] [0m   -------------------
[32;1m[Board] [0m 2 ||[7;1m [0m| |[0;1mp[0m| |[0;1mk[0m|[0;1mp[0m|[0;1mp[0m|[0;1mp[0m|| 2
[32;1m[Board] [0m   -------------------
[32;1m[Board] [0m 1 ||[0;1mr[0m|[7;1m [0m| |[0;1mr[0m| |[7;1m [0m|[0;1mK[0m|[7;1m [0m|| 1
[32;1m[Board] [0m   -------------------
[32;1m[Board] [0m     a b c d e f g h
[32;1m[Board] [0m
[32;1m[Referee] [0mThis is the turn of the Black player...
[DEBUG] Input history filename: championship/chessmates-logic-and-proofs/history.csv
[DEBUG] Output move file: championship/chessmates-logic-and-proofs/move.csv
[Parser][ply=] 37
how i see the board before writing next move: Turn: Black
Enpassant: xx	Castling: xxxx
   ---- ---- ---- ---- ---- ---- ---- ----
8 |    |    |    | r  |    | r  | k  |    |
   ---- ---- ---- ---- ---- ---- ---- ----
7 | p  |    | p  |    | q  |    | p  | p  |
   ---- ---- ---- ---- ---- ---- ---- ----
6 |    |    | p  | b  |    |    |    |    |
   ---- ---- ---- ---- ---- ---- ---- ----
5 |    |    |    | p  |    |    |    | Q  |
   ---- ---- ---- ---- ---- ---- ---- ----
4 |    | P  | n  | P  |    | B  |    |    |
   ---- ---- ---- ---- ---- ---- ---- ----
3 | P  |    |    |    |    |    |    |    |
   ---- ---- ---- ---- ---- ---- ---- ----
2 |    |    | P  |    | N  | P  | P  | P  |
   ---- ---- ---- ---- ---- ---- ---- ----
1 | R  |    |    | R  |    |    | K  |    |
   ---- ---- ---- ---- ---- ---- ---- ----
    a    b    c    d    e    f    g    h
starting search...
depth: 1 score: 286 time: 0 nodes: 148 hashfull: 0
depth: 2 score: 286 time: 0 nodes: 362 hashfull: 0
depth: 3 score: 286 time: 2 nodes: 2785 hashfull: 0
depth: 4 score: 279 time: 10 nodes: 13122 hashfull: 0
depth: 5 score: 289 time: 15 nodes: 29002 hashfull: 0
depth: 6 score: 285 time: 77 nodes: 113358 hashfull: 2
depth: 7 score: 293 time: 227 nodes: 344911 hashfull: 7
depth: 8 score: 296 time: 486 nodes: 858278 hashfull: 16
depth: 9 score: 304 time: 1616 nodes: 2729398 hashfull: 66
depth: 10 score: 291 time: 4148 nodes: 7236353 hashfull: 144
[DEBUG] [Parser] Wrote to ouput file championship/chessmates-logic-and-proofs/move.csv move : d6f4
[32;1m[Game] [0mPlayer's error code: 0
[32;1m[Game] [0mChecking move validity...
[32;1m[Board] [0mInitializing board (size: 8)...
[32;1m[Board] [0m32 piece(s) on board.
[32;1m[Board] [0mLoading history file `championship/chessmates-logic-and-proofs/history.csv`...
[32;1m[Board] [0mLoaded 37 move(s).
[32;1m[Board] [0mHistory replayed, 25 piece(s) on board.
[32;1m[Board] [0mLoading move file `championship/chessmates-logic-and-proofs/move.csv`...
[32;1m[Board] [0mBlack player is playing d6 to f4.
[32;1m[Board] [0m[5;1mBlack Bishop is taking White Bishop.[0m
[32;1m[Board] [0m
[32;1m[Board] [0m     a b c d e f g h
[32;1m[Board] [0m   -------------------
[32;1m[Board] [0m 8 ||[7;1m [0m| |[7;1m [0m|[30;1mr[0m|[7;1m [0m|[30;1mr[0m|[30;1mK[0m| || 8
[32;1m[Board] [0m   -------------------
[32;1m[Board] [0m 7 ||[30;1mp[0m|[7;1m [0m|[30;1mp[0m|[7;1m [0m|[30;1mQ[0m|[7;1m [0m|[30;1mp[0m|[30;1mp[0m|| 7
[32;1m[Board] [0m   -------------------
[32;1m[Board] [0m 6 ||[7;1m [0m| |[30;1mp[0m| |[7;1m [0m| |[7;1m [0m| || 6
[32;1m[Board] [0m   -------------------
[32;1m[Board] [0m 5 || |[7;1m [0m| |[30;1mp[0m| |[7;1m [0m| |[0;1mQ[0m|| 5
[32;1m[Board] [0m   -------------------
[32;1m[Board] [0m 4 ||[7;1m [0m|[0;1mp[0m|[30;1mk[0m|[0;1mp[0m|[7;1m [0m|[30;1mb[0m|[7;1m [0m| || 4
[32;1m[Board] [0m   -------------------
[32;1m[Board] [0m 3 ||[0;1mp[0m|[7;1m [0m| |[7;1m [0m| |[7;1m [0m| |[7;1m [0m|| 3
[32;1m[Board] [0m   -------------------
[32;1m[Board] [0m 2 ||[7;1m [0m| |[0;1mp[0m| |[0;1mk[0m|[0;1mp[0m|[0;1mp[0m|[0;1mp[0m|| 2
[32;1m[Board] [0m   -------------------
[32;1m[Board] [0m 1 ||[0;1mr[0m|[7;1m [0m| |[0;1mr[0m| |[7;1m [0m|[0;1mK[0m|[7;1m [0m|| 1
[32;1m[Board] [0m   -------------------
[32;1m[Board] [0m     a b c d e f g h
[32;1m[Board] [0m
[32;1m[Referee] [0mThis is the turn of the White player...

***r*rk*
p*p*q*pp
**p*****
***p***Q
*PnP*b**
P*******
**P*NPPP
R**R**K*
e2f4
[32;1m[Game] [0mPlayer's error code: 0
[32;1m[Game] [0mChecking move validity...
[32;1m[Board] [0mInitializing board (size: 8)...
[32;1m[Board] [0m32 piece(s) on board.
[32;1m[Board] [0mLoading history file `championship/chessmates-logic-and-proofs/history.csv`...
[32;1m[Board] [0mLoaded 38 move(s).
[32;1m[Board] [0mHistory replayed, 24 piece(s) on board.
[32;1m[Board] [0mLoading move file `championship/chessmates-logic-and-proofs/move.csv`...
[32;1m[Board] [0mWhite player is playing e2 to f4.
[32;1m[Board] [0m[5;1mWhite Knight is taking Black Bishop.[0m
[32;1m[Board] [0m
[32;1m[Board] [0m     a b c d e f g h
[32;1m[Board] [0m   -------------------
[32;1m[Board] [0m 8 ||[7;1m [0m| |[7;1m [0m|[30;1mr[0m|[7;1m [0m|[30;1mr[0m|[30;1mK[0m| || 8
[32;1m[Board] [0m   -------------------
[32;1m[Board] [0m 7 ||[30;1mp[0m|[7;1m [0m|[30;1mp[0m|[7;1m [0m|[30;1mQ[0m|[7;1m [0m|[30;1mp[0m|[30;1mp[0m|| 7
[32;1m[Board] [0m   -------------------
[32;1m[Board] [0m 6 ||[7;1m [0m| |[30;1mp[0m| |[7;1m [0m| |[7;1m [0m| || 6
[32;1m[Board] [0m   -------------------
[32;1m[Board] [0m 5 || |[7;1m [0m| |[30;1mp[0m| |[7;1m [0m| |[0;1mQ[0m|| 5
[32;1m[Board] [0m   -------------------
[32;1m[Board] [0m 4 ||[7;1m [0m|[0;1mp[0m|[30;1mk[0m|[0;1mp[0m|[7;1m [0m|[0;1mk[0m|[7;1m [0m| || 4
[32;1m[Board] [0m   -------------------
[32;1m[Board] [0m 3 ||[0;1mp[0m|[7;1m [0m| |[7;1m [0m| |[7;1m [0m| |[7;1m [0m|| 3
[32;1m[Board] [0m   -------------------
[32;1m[Board] [0m 2 ||[7;1m [0m| |[0;1mp[0m| |[7;1m [0m|[0;1mp[0m|[0;1mp[0m|[0;1mp[0m|| 2
[32;1m[Board] [0m   -------------------
[32;1m[Board] [0m 1 ||[0;1mr[0m|[7;1m [0m| |[0;1mr[0m| |[7;1m [0m|[0;1mK[0m|[7;1m [0m|| 1
[32;1m[Board] [0m   -------------------
[32;1m[Board] [0m     a b c d e f g h
[32;1m[Board] [0m
[32;1m[Referee] [0mThis is the turn of the Black player...
[DEBUG] Input history filename: championship/chessmates-logic-and-proofs/history.csv
[DEBUG] Output move file: championship/chessmates-logic-and-proofs/move.csv
[Parser][ply=] 39
how i see the board before writing next move: Turn: Black
Enpassant: xx	Castling: xxxx
   ---- ---- ---- ---- ---- ---- ---- ----
8 |    |    |    | r  |    | r  | k  |    |
   ---- ---- ---- ---- ---- ---- ---- ----
7 | p  |    | p  |    | q  |    | p  | p  |
   ---- ---- ---- ---- ---- ---- ---- ----
6 |    |    | p  |    |    |    |    |    |
   ---- ---- ---- ---- ---- ---- ---- ----
5 |    |    |    | p  |    |    |    | Q  |
   ---- ---- ---- ---- ---- ---- ---- ----
4 |    | P  | n  | P  |    | N  |    |    |
   ---- ---- ---- ---- ---- ---- ---- ----
3 | P  |    |    |    |    |    |    |    |
   ---- ---- ---- ---- ---- ---- ---- ----
2 |    |    | P  |    |    | P  | P  | P  |
   ---- ---- ---- ---- ---- ---- ---- ----
1 | R  |    |    | R  |    |    | K  |    |
   ---- ---- ---- ---- ---- ---- ---- ----
    a    b    c    d    e    f    g    h
starting search...
depth: 1 score: 286 time: 0 nodes: 100 hashfull: 0
depth: 2 score: 279 time: 0 nodes: 817 hashfull: 0
depth: 3 score: 289 time: 2 nodes: 4205 hashfull: 0
depth: 4 score: 285 time: 9 nodes: 16619 hashfull: 0
depth: 5 score: 293 time: 17 nodes: 39946 hashfull: 0
depth: 6 score: 296 time: 98 nodes: 188445 hashfull: 4
depth: 7 score: 304 time: 123 nodes: 383025 hashfull: 8
depth: 8 score: 291 time: 511 nodes: 1157832 hashfull: 25
depth: 9 score: 301 time: 959 nodes: 2743258 hashfull: 65
depth: 10 score: 297 time: 2310 nodes: 6383771 hashfull: 129
[DEBUG] [Parser] Wrote to ouput file championship/chessmates-logic-and-proofs/move.csv move : f8f4
[32;1m[Game] [0mPlayer's error code: 0
[32;1m[Game] [0mChecking move validity...
[32;1m[Board] [0mInitializing board (size: 8)...
[32;1m[Board] [0m32 piece(s) on board.
[32;1m[Board] [0mLoading history file `championship/chessmates-logic-and-proofs/history.csv`...
[32;1m[Board] [0mLoaded 39 move(s).
[32;1m[Board] [0mHistory replayed, 23 piece(s) on board.
[32;1m[Board] [0mLoading move file `championship/chessmates-logic-and-proofs/move.csv`...
[32;1m[Board] [0mBlack player is playing f8 to f4.
[32;1m[Board] [0m[5;1mBlack Rook is taking White Knight.[0m
[32;1m[Board] [0m
[32;1m[Board] [0m     a b c d e f g h
[32;1m[Board] [0m   -------------------
[32;1m[Board] [0m 8 ||[7;1m [0m| |[7;1m [0m|[30;1mr[0m|[7;1m [0m| |[30;1mK[0m| || 8
[32;1m[Board] [0m   -------------------
[32;1m[Board] [0m 7 ||[30;1mp[0m|[7;1m [0m|[30;1mp[0m|[7;1m [0m|[30;1mQ[0m|[7;1m [0m|[30;1mp[0m|[30;1mp[0m|| 7
[32;1m[Board] [0m   -------------------
[32;1m[Board] [0m 6 ||[7;1m [0m| |[30;1mp[0m| |[7;1m [0m| |[7;1m [0m| || 6
[32;1m[Board] [0m   -------------------
[32;1m[Board] [0m 5 || |[7;1m [0m| |[30;1mp[0m| |[7;1m [0m| |[0;1mQ[0m|| 5
[32;1m[Board] [0m   -------------------
[32;1m[Board] [0m 4 ||[7;1m [0m|[0;1mp[0m|[30;1mk[0m|[0;1mp[0m|[7;1m [0m|[30;1mr[0m|[7;1m [0m| || 4
[32;1m[Board] [0m   -------------------
[32;1m[Board] [0m 3 ||[0;1mp[0m|[7;1m [0m| |[7;1m [0m| |[7;1m [0m| |[7;1m [0m|| 3
[32;1m[Board] [0m   -------------------
[32;1m[Board] [0m 2 ||[7;1m [0m| |[0;1mp[0m| |[7;1m [0m|[0;1mp[0m|[0;1mp[0m|[0;1mp[0m|| 2
[32;1m[Board] [0m   -------------------
[32;1m[Board] [0m 1 ||[0;1mr[0m|[7;1m [0m| |[0;1mr[0m| |[7;1m [0m|[0;1mK[0m|[7;1m [0m|| 1
[32;1m[Board] [0m   -------------------
[32;1m[Board] [0m     a b c d e f g h
[32;1m[Board] [0m
[32;1m[Referee] [0mThis is the turn of the White player...

***r**k*
p*p*q*pp
**p*****
***p***Q
*PnP*r**
P*******
**P**PPP
R**R**K*
h5h3
[32;1m[Game] [0mPlayer's error code: 0
[32;1m[Game] [0mChecking move validity...
[32;1m[Board] [0mInitializing board (size: 8)...
[32;1m[Board] [0m32 piece(s) on board.
[32;1m[Board] [0mLoading history file `championship/chessmates-logic-and-proofs/history.csv`...
[32;1m[Board] [0mLoaded 40 move(s).
[32;1m[Board] [0mHistory replayed, 22 piece(s) on board.
[32;1m[Board] [0mLoading move file `championship/chessmates-logic-and-proofs/move.csv`...
[32;1m[Board] [0mWhite player is playing h5 to h3.
[32;1m[Board] [0m
[32;1m[Board] [0m     a b c d e f g h
[32;1m[Board] [0m   -------------------
[32;1m[Board] [0m 8 ||[7;1m [0m| |[7;1m [0m|[30;1mr[0m|[7;1m [0m| |[30;1mK[0m| || 8
[32;1m[Board] [0m   -------------------
[32;1m[Board] [0m 7 ||[30;1mp[0m|[7;1m [0m|[30;1mp[0m|[7;1m [0m|[30;1mQ[0m|[7;1m [0m|[30;1mp[0m|[30;1mp[0m|| 7
[32;1m[Board] [0m   -------------------
[32;1m[Board] [0m 6 ||[7;1m [0m| |[30;1mp[0m| |[7;1m [0m| |[7;1m [0m| || 6
[32;1m[Board] [0m   -------------------
[32;1m[Board] [0m 5 || |[7;1m [0m| |[30;1mp[0m| |[7;1m [0m| |[7;1m [0m|| 5
[32;1m[Board] [0m   -------------------
[32;1m[Board] [0m 4 ||[7;1m [0m|[0;1mp[0m|[30;1mk[0m|[0;1mp[0m|[7;1m [0m|[30;1mr[0m|[7;1m [0m| || 4
[32;1m[Board] [0m   -------------------
[32;1m[Board] [0m 3 ||[0;1mp[0m|[7;1m [0m| |[7;1m [0m| |[7;1m [0m| |[0;1mQ[0m|| 3
[32;1m[Board] [0m   -------------------
[32;1m[Board] [0m 2 ||[7;1m [0m| |[0;1mp[0m| |[7;1m [0m|[0;1mp[0m|[0;1mp[0m|[0;1mp[0m|| 2
[32;1m[Board] [0m   -------------------
[32;1m[Board] [0m 1 ||[0;1mr[0m|[7;1m [0m| |[0;1mr[0m| |[7;1m [0m|[0;1mK[0m|[7;1m [0m|| 1
[32;1m[Board] [0m   -------------------
[32;1m[Board] [0m     a b c d e f g h
[32;1m[Board] [0m
[32;1m[Referee] [0mThis is the turn of the Black player...
[DEBUG] Input history filename: championship/chessmates-logic-and-proofs/history.csv
[DEBUG] Output move file: championship/chessmates-logic-and-proofs/move.csv
[Parser][ply=] 41
how i see the board before writing next move: Turn: Black
Enpassant: xx	Castling: xxxx
   ---- ---- ---- ---- ---- ---- ---- ----
8 |    |    |    | r  |    |    | k  |    |
   ---- ---- ---- ---- ---- ---- ---- ----
7 | p  |    | p  |    | q  |    | p  | p  |
   ---- ---- ---- ---- ---- ---- ---- ----
6 |    |    | p  |    |    |    |    |    |
   ---- ---- ---- ---- ---- ---- ---- ----
5 |    |    |    | p  |    |    |    |    |
   ---- ---- ---- ---- ---- ---- ---- ----
4 |    | P  | n  | P  |    | r  |    |    |
   ---- ---- ---- ---- ---- ---- ---- ----
3 | P  |    |    |    |    |    |    | Q  |
   ---- ---- ---- ---- ---- ---- ---- ----
2 |    |    | P  |    |    | P  | P  | P  |
   ---- ---- ---- ---- ---- ---- ---- ----
1 | R  |    |    | R  |    |    | K  |    |
   ---- ---- ---- ---- ---- ---- ---- ----
    a    b    c    d    e    f    g    h
starting search...
depth: 1 score: 308 time: 0 nodes: 322 hashfull: 0
depth: 2 score: 300 time: 0 nodes: 1042 hashfull: 0
depth: 3 score: 293 time: 3 nodes: 5954 hashfull: 0
depth: 4 score: 400 time: 13 nodes: 23747 hashfull: 0
depth: 5 score: 400 time: 11 nodes: 38870 hashfull: 0
depth: 6 score: 391 time: 74 nodes: 153042 hashfull: 4
depth: 7 score: 392 time: 136 nodes: 423666 hashfull: 9
depth: 8 score: 391 time: 202 nodes: 920713 hashfull: 18
depth: 9 score: 386 time: 1545 nodes: 3927274 hashfull: 105
depth: 10 score: 376 time: 4074 nodes: 10148926 hashfull: 199
[DEBUG] [Parser] Wrote to ouput file championship/chessmates-logic-and-proofs/move.csv move : e7e2
[32;1m[Game] [0mPlayer's error code: 0
[32;1m[Game] [0mChecking move validity...
[32;1m[Board] [0mInitializing board (size: 8)...
[32;1m[Board] [0m32 piece(s) on board.
[32;1m[Board] [0mLoading history file `championship/chessmates-logic-and-proofs/history.csv`...
[32;1m[Board] [0mLoaded 41 move(s).
[32;1m[Board] [0mHistory replayed, 22 piece(s) on board.
[32;1m[Board] [0mLoading move file `championship/chessmates-logic-and-proofs/move.csv`...
[32;1m[Board] [0mBlack player is playing e7 to e2.
[32;1m[Board] [0m
[32;1m[Board] [0m     a b c d e f g h
[32;1m[Board] [0m   -------------------
[32;1m[Board] [0m 8 ||[7;1m [0m| |[7;1m [0m|[30;1mr[0m|[7;1m [0m| |[30;1mK[0m| || 8
[32;1m[Board] [0m   -------------------
[32;1m[Board] [0m 7 ||[30;1mp[0m|[7;1m [0m|[30;1mp[0m|[7;1m [0m| |[7;1m [0m|[30;1mp[0m|[30;1mp[0m|| 7
[32;1m[Board] [0m   -------------------
[32;1m[Board] [0m 6 ||[7;1m [0m| |[30;1mp[0m| |[7;1m [0m| |[7;1m [0m| || 6
[32;1m[Board] [0m   -------------------
[32;1m[Board] [0m 5 || |[7;1m [0m| |[30;1mp[0m| |[7;1m [0m| |[7;1m [0m|| 5
[32;1m[Board] [0m   -------------------
[32;1m[Board] [0m 4 ||[7;1m [0m|[0;1mp[0m|[30;1mk[0m|[0;1mp[0m|[7;1m [0m|[30;1mr[0m|[7;1m [0m| || 4
[32;1m[Board] [0m   -------------------
[32;1m[Board] [0m 3 ||[0;1mp[0m|[7;1m [0m| |[7;1m [0m| |[7;1m [0m| |[0;1mQ[0m|| 3
[32;1m[Board] [0m   -------------------
[32;1m[Board] [0m 2 ||[7;1m [0m| |[0;1mp[0m| |[30;1mQ[0m|[0;1mp[0m|[0;1mp[0m|[0;1mp[0m|| 2
[32;1m[Board] [0m   -------------------
[32;1m[Board] [0m 1 ||[0;1mr[0m|[7;1m [0m| |[0;1mr[0m| |[7;1m [0m|[0;1mK[0m|[7;1m [0m|| 1
[32;1m[Board] [0m   -------------------
[32;1m[Board] [0m     a b c d e f g h
[32;1m[Board] [0m
[32;1m[Referee] [0mThis is the turn of the White player...

***r**k*
p*p***pp
**p*****
***p****
*PnP*r**
P******Q
**P*qPPP
R**R**K*
d1f1
[32;1m[Game] [0mPlayer's error code: 0
[32;1m[Game] [0mChecking move validity...
[32;1m[Board] [0mInitializing board (size: 8)...
[32;1m[Board] [0m32 piece(s) on board.
[32;1m[Board] [0mLoading history file `championship/chessmates-logic-and-proofs/history.csv`...
[32;1m[Board] [0mLoaded 42 move(s).
[32;1m[Board] [0mHistory replayed, 22 piece(s) on board.
[32;1m[Board] [0mLoading move file `championship/chessmates-logic-and-proofs/move.csv`...
[32;1m[Board] [0mWhite player is playing d1 to f1.
[32;1m[Board] [0m
[32;1m[Board] [0m     a b c d e f g h
[32;1m[Board] [0m   -------------------
[32;1m[Board] [0m 8 ||[7;1m [0m| |[7;1m [0m|[30;1mr[0m|[7;1m [0m| |[30;1mK[0m| || 8
[32;1m[Board] [0m   -------------------
[32;1m[Board] [0m 7 ||[30;1mp[0m|[7;1m [0m|[30;1mp[0m|[7;1m [0m| |[7;1m [0m|[30;1mp[0m|[30;1mp[0m|| 7
[32;1m[Board] [0m   -------------------
[32;1m[Board] [0m 6 ||[7;1m [0m| |[30;1mp[0m| |[7;1m [0m| |[7;1m [0m| || 6
[32;1m[Board] [0m   -------------------
[32;1m[Board] [0m 5 || |[7;1m [0m| |[30;1mp[0m| |[7;1m [0m| |[7;1m [0m|| 5
[32;1m[Board] [0m   -------------------
[32;1m[Board] [0m 4 ||[7;1m [0m|[0;1mp[0m|[30;1mk[0m|[0;1mp[0m|[7;1m [0m|[30;1mr[0m|[7;1m [0m| || 4
[32;1m[Board] [0m   -------------------
[32;1m[Board] [0m 3 ||[0;1mp[0m|[7;1m [0m| |[7;1m [0m| |[7;1m [0m| |[0;1mQ[0m|| 3
[32;1m[Board] [0m   -------------------
[32;1m[Board] [0m 2 ||[7;1m [0m| |[0;1mp[0m| |[30;1mQ[0m|[0;1mp[0m|[0;1mp[0m|[0;1mp[0m|| 2
[32;1m[Board] [0m   -------------------
[32;1m[Board] [0m 1 ||[0;1mr[0m|[7;1m [0m| |[7;1m [0m| |[0;1mr[0m|[0;1mK[0m|[7;1m [0m|| 1
[32;1m[Board] [0m   -------------------
[32;1m[Board] [0m     a b c d e f g h
[32;1m[Board] [0m
[32;1m[Referee] [0mThis is the turn of the Black player...
[DEBUG] Input history filename: championship/chessmates-logic-and-proofs/history.csv
[DEBUG] Output move file: championship/chessmates-logic-and-proofs/move.csv
[Parser][ply=] 43
how i see the board before writing next move: Turn: Black
Enpassant: xx	Castling: xxxx
   ---- ---- ---- ---- ---- ---- ---- ----
8 |    |    |    | r  |    |    | k  |    |
   ---- ---- ---- ---- ---- ---- ---- ----
7 | p  |    | p  |    |    |    | p  | p  |
   ---- ---- ---- ---- ---- ---- ---- ----
6 |    |    | p  |    |    |    |    |    |
   ---- ---- ---- ---- ---- ---- ---- ----
5 |    |    |    | p  |    |    |    |    |
   ---- ---- ---- ---- ---- ---- ---- ----
4 |    | P  | n  | P  |    | r  |    |    |
   ---- ---- ---- ---- ---- ---- ---- ----
3 | P  |    |    |    |    |    |    | Q  |
   ---- ---- ---- ---- ---- ---- ---- ----
2 |    |    | P  |    | q  | P  | P  | P  |
   ---- ---- ---- ---- ---- ---- ---- ----
1 | R  |    |    |    |    | R  | K  |    |
   ---- ---- ---- ---- ---- ---- ---- ----
    a    b    c    d    e    f    g    h
starting search...
depth: 1 score: 427 time: 0 nodes: 378 hashfull: 0
depth: 2 score: 401 time: 0 nodes: 1197 hashfull: 0
depth: 3 score: 425 time: 3 nodes: 6391 hashfull: 0
depth: 4 score: 425 time: 6 nodes: 15277 hashfull: 0
depth: 5 score: 417 time: 20 nodes: 43605 hashfull: 0
depth: 6 score: 417 time: 79 nodes: 167238 hashfull: 4
depth: 7 score: 393 time: 236 nodes: 503855 hashfull: 11
depth: 8 score: 363 time: 348 nodes: 1033033 hashfull: 22
depth: 9 score: 363 time: 1286 nodes: 3485317 hashfull: 99
depth: 10 score: 348 time: 2487 nodes: 9689895 hashfull: 194
[DEBUG] [Parser] Wrote to ouput file championship/chessmates-logic-and-proofs/move.csv move : d8f8
[32;1m[Game] [0mPlayer's error code: 0
[32;1m[Game] [0mChecking move validity...
[32;1m[Board] [0mInitializing board (size: 8)...
[32;1m[Board] [0m32 piece(s) on board.
[32;1m[Board] [0mLoading history file `championship/chessmates-logic-and-proofs/history.csv`...
[32;1m[Board] [0mLoaded 43 move(s).
[32;1m[Board] [0mHistory replayed, 22 piece(s) on board.
[32;1m[Board] [0mLoading move file `championship/chessmates-logic-and-proofs/move.csv`...
[32;1m[Board] [0mBlack player is playing d8 to f8.
[32;1m[Board] [0m
[32;1m[Board] [0m     a b c d e f g h
[32;1m[Board] [0m   -------------------
[32;1m[Board] [0m 8 ||[7;1m [0m| |[7;1m [0m| |[7;1m [0m|[30;1mr[0m|[30;1mK[0m| || 8
[32;1m[Board] [0m   -------------------
[32;1m[Board] [0m 7 ||[30;1mp[0m|[7;1m [0m|[30;1mp[0m|[7;1m [0m| |[7;1m [0m|[30;1mp[0m|[30;1mp[0m|| 7
[32;1m[Board] [0m   -------------------
[32;1m[Board] [0m 6 ||[7;1m [0m| |[30;1mp[0m| |[7;1m [0m| |[7;1m [0m| || 6
[32;1m[Board] [0m   -------------------
[32;1m[Board] [0m 5 || |[7;1m [0m| |[30;1mp[0m| |[7;1m [0m| |[7;1m [0m|| 5
[32;1m[Board] [0m   -------------------
[32;1m[Board] [0m 4 ||[7;1m [0m|[0;1mp[0m|[30;1mk[0m|[0;1mp[0m|[7;1m [0m|[30;1mr[0m|[7;1m [0m| || 4
[32;1m[Board] [0m   -------------------
[32;1m[Board] [0m 3 ||[0;1mp[0m|[7;1m [0m| |[7;1m [0m| |[7;1m [0m| |[0;1mQ[0m|| 3
[32;1m[Board] [0m   -------------------
[32;1m[Board] [0m 2 ||[7;1m [0m| |[0;1mp[0m| |[30;1mQ[0m|[0;1mp[0m|[0;1mp[0m|[0;1mp[0m|| 2
[32;1m[Board] [0m   -------------------
[32;1m[Board] [0m 1 ||[0;1mr[0m|[7;1m [0m| |[7;1m [0m| |[0;1mr[0m|[0;1mK[0m|[7;1m [0m|| 1
[32;1m[Board] [0m   -------------------
[32;1m[Board] [0m     a b c d e f g h
[32;1m[Board] [0m
[32;1m[Referee] [0mThis is the turn of the White player...

*****rk*
p*p***pp
**p*****
***p****
*PnP*r**
P******Q
**P*qPPP
R****RK*
h3g3
[32;1m[Game] [0mPlayer's error code: 0
[32;1m[Game] [0mChecking move validity...
[32;1m[Board] [0mInitializing board (size: 8)...
[32;1m[Board] [0m32 piece(s) on board.
[32;1m[Board] [0mLoading history file `championship/chessmates-logic-and-proofs/history.csv`...
[32;1m[Board] [0mLoaded 44 move(s).
[32;1m[Board] [0mHistory replayed, 22 piece(s) on board.
[32;1m[Board] [0mLoading move file `championship/chessmates-logic-and-proofs/move.csv`...
[32;1m[Board] [0mWhite player is playing h3 to g3.
[32;1m[Board] [0m
[32;1m[Board] [0m     a b c d e f g h
[32;1m[Board] [0m   -------------------
[32;1m[Board] [0m 8 ||[7;1m [0m| |[7;1m [0m| |[7;1m [0m|[30;1mr[0m|[30;1mK[0m| || 8
[32;1m[Board] [0m   -------------------
[32;1m[Board] [0m 7 ||[30;1mp[0m|[7;1m [0m|[30;1mp[0m|[7;1m [0m| |[7;1m [0m|[30;1mp[0m|[30;1mp[0m|| 7
[32;1m[Board] [0m   -------------------
[32;1m[Board] [0m 6 ||[7;1m [0m| |[30;1mp[0m| |[7;1m [0m| |[7;1m [0m| || 6
[32;1m[Board] [0m   -------------------
[32;1m[Board] [0m 5 || |[7;1m [0m| |[30;1mp[0m| |[7;1m [0m| |[7;1m [0m|| 5
[32;1m[Board] [0m   -------------------
[32;1m[Board] [0m 4 ||[7;1m [0m|[0;1mp[0m|[30;1mk[0m|[0;1mp[0m|[7;1m [0m|[30;1mr[0m|[7;1m [0m| || 4
[32;1m[Board] [0m   -------------------
[32;1m[Board] [0m 3 ||[0;1mp[0m|[7;1m [0m| |[7;1m [0m| |[7;1m [0m|[0;1mQ[0m|[7;1m [0m|| 3
[32;1m[Board] [0m   -------------------
[32;1m[Board] [0m 2 ||[7;1m [0m| |[0;1mp[0m| |[30;1mQ[0m|[0;1mp[0m|[0;1mp[0m|[0;1mp[0m|| 2
[32;1m[Board] [0m   -------------------
[32;1m[Board] [0m 1 ||[0;1mr[0m|[7;1m [0m| |[7;1m [0m| |[0;1mr[0m|[0;1mK[0m|[7;1m [0m|| 1
[32;1m[Board] [0m   -------------------
[32;1m[Board] [0m     a b c d e f g h
[32;1m[Board] [0m
[32;1m[Referee] [0mThis is the turn of the Black player...
[DEBUG] Input history filename: championship/chessmates-logic-and-proofs/history.csv
[DEBUG] Output move file: championship/chessmates-logic-and-proofs/move.csv
[Parser][ply=] 45
how i see the board before writing next move: Turn: Black
Enpassant: xx	Castling: xxxx
   ---- ---- ---- ---- ---- ---- ---- ----
8 |    |    |    |    |    | r  | k  |    |
   ---- ---- ---- ---- ---- ---- ---- ----
7 | p  |    | p  |    |    |    | p  | p  |
   ---- ---- ---- ---- ---- ---- ---- ----
6 |    |    | p  |    |    |    |    |    |
   ---- ---- ---- ---- ---- ---- ---- ----
5 |    |    |    | p  |    |    |    |    |
   ---- ---- ---- ---- ---- ---- ---- ----
4 |    | P  | n  | P  |    | r  |    |    |
   ---- ---- ---- ---- ---- ---- ---- ----
3 | P  |    |    |    |    |    | Q  |    |
   ---- ---- ---- ---- ---- ---- ---- ----
2 |    |    | P  |    | q  | P  | P  | P  |
   ---- ---- ---- ---- ---- ---- ---- ----
1 | R  |    |    |    |    | R  | K  |    |
   ---- ---- ---- ---- ---- ---- ---- ----
    a    b    c    d    e    f    g    h
starting search...
depth: 1 score: 411 time: 0 nodes: 810 hashfull: 0
depth: 2 score: 391 time: 1 nodes: 2060 hashfull: 0
depth: 3 score: 392 time: 5 nodes: 7419 hashfull: 0
depth: 4 score: 391 time: 15 nodes: 22937 hashfull: 0
depth: 5 score: 386 time: 22 nodes: 45205 hashfull: 0
depth: 6 score: 376 time: 125 nodes: 180914 hashfull: 4
depth: 7 score: 365 time: 289 nodes: 475345 hashfull: 9
depth: 8 score: 371 time: 382 nodes: 1014594 hashfull: 20
depth: 9 score: 402 time: 1637 nodes: 3792473 hashfull: 102
depth: 10 score: 392 time: 3912 nodes: 10168879 hashfull: 199
[DEBUG] [Parser] Wrote to ouput file championship/chessmates-logic-and-proofs/move.csv move : e2c2
[32;1m[Game] [0mPlayer's error code: 0
[32;1m[Game] [0mChecking move validity...
[32;1m[Board] [0mInitializing board (size: 8)...
[32;1m[Board] [0m32 piece(s) on board.
[32;1m[Board] [0mLoading history file `championship/chessmates-logic-and-proofs/history.csv`...
[32;1m[Board] [0mLoaded 45 move(s).
[32;1m[Board] [0mHistory replayed, 22 piece(s) on board.
[32;1m[Board] [0mLoading move file `championship/chessmates-logic-and-proofs/move.csv`...
[32;1m[Board] [0mBlack player is playing e2 to c2.
[32;1m[Board] [0m[5;1mBlack Queen is taking White Pawn.[0m
[32;1m[Board] [0m
[32;1m[Board] [0m     a b c d e f g h
[32;1m[Board] [0m   -------------------
[32;1m[Board] [0m 8 ||[7;1m [0m| |[7;1m [0m| |[7;1m [0m|[30;1mr[0m|[30;1mK[0m| || 8
[32;1m[Board] [0m   -------------------
[32;1m[Board] [0m 7 ||[30;1mp[0m|[7;1m [0m|[30;1mp[0m|[7;1m [0m| |[7;1m [0m|[30;1mp[0m|[30;1mp[0m|| 7
[32;1m[Board] [0m   -------------------
[32;1m[Board] [0m 6 ||[7;1m [0m| |[30;1mp[0m| |[7;1m [0m| |[7;1m [0m| || 6
[32;1m[Board] [0m   -------------------
[32;1m[Board] [0m 5 || |[7;1m [0m| |[30;1mp[0m| |[7;1m [0m| |[7;1m [0m|| 5
[32;1m[Board] [0m   -------------------
[32;1m[Board] [0m 4 ||[7;1m [0m|[0;1mp[0m|[30;1mk[0m|[0;1mp[0m|[7;1m [0m|[30;1mr[0m|[7;1m [0m| || 4
[32;1m[Board] [0m   -------------------
[32;1m[Board] [0m 3 ||[0;1mp[0m|[7;1m [0m| |[7;1m [0m| |[7;1m [0m|[0;1mQ[0m|[7;1m [0m|| 3
[32;1m[Board] [0m   -------------------
[32;1m[Board] [0m 2 ||[7;1m [0m| |[30;1mQ[0m| |[7;1m [0m|[0;1mp[0m|[0;1mp[0m|[0;1mp[0m|| 2
[32;1m[Board] [0m   -------------------
[32;1m[Board] [0m 1 ||[0;1mr[0m|[7;1m [0m| |[7;1m [0m| |[0;1mr[0m|[0;1mK[0m|[7;1m [0m|| 1
[32;1m[Board] [0m   -------------------
[32;1m[Board] [0m     a b c d e f g h
[32;1m[Board] [0m
[32;1m[Referee] [0mThis is the turn of the White player...

*****rk*
p*p***pp
**p*****
***p****
*PnP*r**
P*****Q*
**q**PPP
R****RK*
a1e1
[32;1m[Game] [0mPlayer's error code: 0
[32;1m[Game] [0mChecking move validity...
[32;1m[Board] [0mInitializing board (size: 8)...
[32;1m[Board] [0m32 piece(s) on board.
[32;1m[Board] [0mLoading history file `championship/chessmates-logic-and-proofs/history.csv`...
[32;1m[Board] [0mLoaded 46 move(s).
[32;1m[Board] [0mHistory replayed, 21 piece(s) on board.
[32;1m[Board] [0mLoading move file `championship/chessmates-logic-and-proofs/move.csv`...
[32;1m[Board] [0mWhite player is playing a1 to e1.
[32;1m[Board] [0m
[32;1m[Board] [0m     a b c d e f g h
[32;1m[Board] [0m   -------------------
[32;1m[Board] [0m 8 ||[7;1m [0m| |[7;1m [0m| |[7;1m [0m|[30;1mr[0m|[30;1mK[0m| || 8
[32;1m[Board] [0m   -------------------
[32;1m[Board] [0m 7 ||[30;1mp[0m|[7;1m [0m|[30;1mp[0m|[7;1m [0m| |[7;1m [0m|[30;1mp[0m|[30;1mp[0m|| 7
[32;1m[Board] [0m   -------------------
[32;1m[Board] [0m 6 ||[7;1m [0m| |[30;1mp[0m| |[7;1m [0m| |[7;1m [0m| || 6
[32;1m[Board] [0m   -------------------
[32;1m[Board] [0m 5 || |[7;1m [0m| |[30;1mp[0m| |[7;1m [0m| |[7;1m [0m|| 5
[32;1m[Board] [0m   -------------------
[32;1m[Board] [0m 4 ||[7;1m [0m|[0;1mp[0m|[30;1mk[0m|[0;1mp[0m|[7;1m [0m|[30;1mr[0m|[7;1m [0m| || 4
[32;1m[Board] [0m   -------------------
[32;1m[Board] [0m 3 ||[0;1mp[0m|[7;1m [0m| |[7;1m [0m| |[7;1m [0m|[0;1mQ[0m|[7;1m [0m|| 3
[32;1m[Board] [0m   -------------------
[32;1m[Board] [0m 2 ||[7;1m [0m| |[30;1mQ[0m| |[7;1m [0m|[0;1mp[0m|[0;1mp[0m|[0;1mp[0m|| 2
[32;1m[Board] [0m   -------------------
[32;1m[Board] [0m 1 || |[7;1m [0m| |[7;1m [0m|[0;1mr[0m|[0;1mr[0m|[0;1mK[0m|[7;1m [0m|| 1
[32;1m[Board] [0m   -------------------
[32;1m[Board] [0m     a b c d e f g h
[32;1m[Board] [0m
[32;1m[Referee] [0mThis is the turn of the Black player...
[DEBUG] Input history filename: championship/chessmates-logic-and-proofs/history.csv
[DEBUG] Output move file: championship/chessmates-logic-and-proofs/move.csv
[Parser][ply=] 47
how i see the board before writing next move: Turn: Black
Enpassant: xx	Castling: xxxx
   ---- ---- ---- ---- ---- ---- ---- ----
8 |    |    |    |    |    | r  | k  |    |
   ---- ---- ---- ---- ---- ---- ---- ----
7 | p  |    | p  |    |    |    | p  | p  |
   ---- ---- ---- ---- ---- ---- ---- ----
6 |    |    | p  |    |    |    |    |    |
   ---- ---- ---- ---- ---- ---- ---- ----
5 |    |    |    | p  |    |    |    |    |
   ---- ---- ---- ---- ---- ---- ---- ----
4 |    | P  | n  | P  |    | r  |    |    |
   ---- ---- ---- ---- ---- ---- ---- ----
3 | P  |    |    |    |    |    | Q  |    |
   ---- ---- ---- ---- ---- ---- ---- ----
2 |    |    | q  |    |    | P  | P  | P  |
   ---- ---- ---- ---- ---- ---- ---- ----
1 |    |    |    |    | R  | R  | K  |    |
   ---- ---- ---- ---- ---- ---- ---- ----
    a    b    c    d    e    f    g    h
starting search...
depth: 1 score: 392 time: 0 nodes: 415 hashfull: 0
depth: 2 score: 391 time: 1 nodes: 1936 hashfull: 0
depth: 3 score: 386 time: 8 nodes: 12851 hashfull: 0
depth: 4 score: 376 time: 15 nodes: 34384 hashfull: 0
depth: 5 score: 365 time: 21 nodes: 66137 hashfull: 0
depth: 6 score: 371 time: 104 nodes: 226985 hashfull: 4
depth: 7 score: 408 time: 382 nodes: 786669 hashfull: 13
depth: 8 score: 399 time: 284 nodes: 1232054 hashfull: 22
depth: 9 score: 414 time: 1518 nodes: 3817796 hashfull: 98
depth: 10 score: 410 time: 3230 nodes: 9444069 hashfull: 191
[DEBUG] [Parser] Wrote to ouput file championship/chessmates-logic-and-proofs/move.csv move : f4f7
[32;1m[Game] [0mPlayer's error code: 0
[32;1m[Game] [0mChecking move validity...
[32;1m[Board] [0mInitializing board (size: 8)...
[32;1m[Board] [0m32 piece(s) on board.
[32;1m[Board] [0mLoading history file `championship/chessmates-logic-and-proofs/history.csv`...
[32;1m[Board] [0mLoaded 47 move(s).
[32;1m[Board] [0mHistory replayed, 21 piece(s) on board.
[32;1m[Board] [0mLoading move file `championship/chessmates-logic-and-proofs/move.csv`...
[32;1m[Board] [0mBlack player is playing f4 to f7.
[32;1m[Board] [0m
[32;1m[Board] [0m     a b c d e f g h
[32;1m[Board] [0m   -------------------
[32;1m[Board] [0m 8 ||[7;1m [0m| |[7;1m [0m| |[7;1m [0m|[30;1mr[0m|[30;1mK[0m| || 8
[32;1m[Board] [0m   -------------------
[32;1m[Board] [0m 7 ||[30;1mp[0m|[7;1m [0m|[30;1mp[0m|[7;1m [0m| |[30;1mr[0m|[30;1mp[0m|[30;1mp[0m|| 7
[32;1m[Board] [0m   -------------------
[32;1m[Board] [0m 6 ||[7;1m [0m| |[30;1mp[0m| |[7;1m [0m| |[7;1m [0m| || 6
[32;1m[Board] [0m   -------------------
[32;1m[Board] [0m 5 || |[7;1m [0m| |[30;1mp[0m| |[7;1m [0m| |[7;1m [0m|| 5
[32;1m[Board] [0m   -------------------
[32;1m[Board] [0m 4 ||[7;1m [0m|[0;1mp[0m|[30;1mk[0m|[0;1mp[0m|[7;1m [0m| |[7;1m [0m| || 4
[32;1m[Board] [0m   -------------------
[32;1m[Board] [0m 3 ||[0;1mp[0m|[7;1m [0m| |[7;1m [0m| |[7;1m [0m|[0;1mQ[0m|[7;1m [0m|| 3
[32;1m[Board] [0m   -------------------
[32;1m[Board] [0m 2 ||[7;1m [0m| |[30;1mQ[0m| |[7;1m [0m|[0;1mp[0m|[0;1mp[0m|[0;1mp[0m|| 2
[32;1m[Board] [0m   -------------------
[32;1m[Board] [0m 1 || |[7;1m [0m| |[7;1m [0m|[0;1mr[0m|[0;1mr[0m|[0;1mK[0m|[7;1m [0m|| 1
[32;1m[Board] [0m   -------------------
[32;1m[Board] [0m     a b c d e f g h
[32;1m[Board] [0m
[32;1m[Referee] [0mThis is the turn of the White player...

*****rk*
p*p**rpp
**p*****
***p****
*PnP****
P*****Q*
**q**PPP
****RRK*
e1e6
[32;1m[Game] [0mPlayer's error code: 0
[32;1m[Game] [0mChecking move validity...
[32;1m[Board] [0mInitializing board (size: 8)...
[32;1m[Board] [0m32 piece(s) on board.
[32;1m[Board] [0mLoading history file `championship/chessmates-logic-and-proofs/history.csv`...
[32;1m[Board] [0mLoaded 48 move(s).
[32;1m[Board] [0mHistory replayed, 21 piece(s) on board.
[32;1m[Board] [0mLoading move file `championship/chessmates-logic-and-proofs/move.csv`...
[32;1m[Board] [0mWhite player is playing e1 to e6.
[32;1m[Board] [0m
[32;1m[Board] [0m     a b c d e f g h
[32;1m[Board] [0m   -------------------
[32;1m[Board] [0m 8 ||[7;1m [0m| |[7;1m [0m| |[7;1m [0m|[30;1mr[0m|[30;1mK[0m| || 8
[32;1m[Board] [0m   -------------------
[32;1m[Board] [0m 7 ||[30;1mp[0m|[7;1m [0m|[30;1mp[0m|[7;1m [0m| |[30;1mr[0m|[30;1mp[0m|[30;1mp[0m|| 7
[32;1m[Board] [0m   -------------------
[32;1m[Board] [0m 6 ||[7;1m [0m| |[30;1mp[0m| |[0;1mr[0m| |[7;1m [0m| || 6
[32;1m[Board] [0m   -------------------
[32;1m[Board] [0m 5 || |[7;1m [0m| |[30;1mp[0m| |[7;1m [0m| |[7;1m [0m|| 5
[32;1m[Board] [0m   -------------------
[32;1m[Board] [0m 4 ||[7;1m [0m|[0;1mp[0m|[30;1mk[0m|[0;1mp[0m|[7;1m [0m| |[7;1m [0m| || 4
[32;1m[Board] [0m   -------------------
[32;1m[Board] [0m 3 ||[0;1mp[0m|[7;1m [0m| |[7;1m [0m| |[7;1m [0m|[0;1mQ[0m|[7;1m [0m|| 3
[32;1m[Board] [0m   -------------------
[32;1m[Board] [0m 2 ||[7;1m [0m| |[30;1mQ[0m| |[7;1m [0m|[0;1mp[0m|[0;1mp[0m|[0;1mp[0m|| 2
[32;1m[Board] [0m   -------------------
[32;1m[Board] [0m 1 || |[7;1m [0m| |[7;1m [0m| |[0;1mr[0m|[0;1mK[0m|[7;1m [0m|| 1
[32;1m[Board] [0m   -------------------
[32;1m[Board] [0m     a b c d e f g h
[32;1m[Board] [0m
[32;1m[Referee] [0mThis is the turn of the Black player...
[DEBUG] Input history filename: championship/chessmates-logic-and-proofs/history.csv
[DEBUG] Output move file: championship/chessmates-logic-and-proofs/move.csv
[Parser][ply=] 49
how i see the board before writing next move: Turn: Black
Enpassant: xx	Castling: xxxx
   ---- ---- ---- ---- ---- ---- ---- ----
8 |    |    |    |    |    | r  | k  |    |
   ---- ---- ---- ---- ---- ---- ---- ----
7 | p  |    | p  |    |    | r  | p  | p  |
   ---- ---- ---- ---- ---- ---- ---- ----
6 |    |    | p  |    | R  |    |    |    |
   ---- ---- ---- ---- ---- ---- ---- ----
5 |    |    |    | p  |    |    |    |    |
   ---- ---- ---- ---- ---- ---- ---- ----
4 |    | P  | n  | P  |    |    |    |    |
   ---- ---- ---- ---- ---- ---- ---- ----
3 | P  |    |    |    |    |    | Q  |    |
   ---- ---- ---- ---- ---- ---- ---- ----
2 |    |    | q  |    |    | P  | P  | P  |
   ---- ---- ---- ---- ---- ---- ---- ----
1 |    |    |    |    |    | R  | K  |    |
   ---- ---- ---- ---- ---- ---- ---- ----
    a    b    c    d    e    f    g    h
starting search...
depth: 1 score: 323 time: 1 nodes: 2106 hashfull: 0
depth: 2 score: 339 time: 1 nodes: 4389 hashfull: 0
depth: 3 score: 378 time: 4 nodes: 10559 hashfull: 0
depth: 4 score: 378 time: 5 nodes: 18257 hashfull: 0
depth: 5 score: 466 time: 22 nodes: 50584 hashfull: 0
depth: 6 score: 466 time: 47 nodes: 136218 hashfull: 3
depth: 7 score: 464 time: 129 nodes: 340809 hashfull: 7
depth: 8 score: 457 time: 250 nodes: 745050 hashfull: 15
depth: 9 score: 475 time: 1017 nodes: 2585227 hashfull: 72
depth: 10 score: 457 time: 2080 nodes: 6402936 hashfull: 137
depth: 11 score: 460 time: 4828 nodes: 14575413 hashfull: 259
[DEBUG] [Parser] Wrote to ouput file championship/chessmates-logic-and-proofs/move.csv move : c4d2
[32;1m[Game] [0mPlayer's error code: 0
[32;1m[Game] [0mChecking move validity...
[32;1m[Board] [0mInitializing board (size: 8)...
[32;1m[Board] [0m32 piece(s) on board.
[32;1m[Board] [0mLoading history file `championship/chessmates-logic-and-proofs/history.csv`...
[32;1m[Board] [0mLoaded 49 move(s).
[32;1m[Board] [0mHistory replayed, 21 piece(s) on board.
[32;1m[Board] [0mLoading move file `championship/chessmates-logic-and-proofs/move.csv`...
[32;1m[Board] [0mBlack player is playing c4 to d2.
[32;1m[Board] [0m
[32;1m[Board] [0m     a b c d e f g h
[32;1m[Board] [0m   -------------------
[32;1m[Board] [0m 8 ||[7;1m [0m| |[7;1m [0m| |[7;1m [0m|[30;1mr[0m|[30;1mK[0m| || 8
[32;1m[Board] [0m   -------------------
[32;1m[Board] [0m 7 ||[30;1mp[0m|[7;1m [0m|[30;1mp[0m|[7;1m [0m| |[30;1mr[0m|[30;1mp[0m|[30;1mp[0m|| 7
[32;1m[Board] [0m   -------------------
[32;1m[Board] [0m 6 ||[7;1m [0m| |[30;1mp[0m| |[0;1mr[0m| |[7;1m [0m| || 6
[32;1m[Board] [0m   -------------------
[32;1m[Board] [0m 5 || |[7;1m [0m| |[30;1mp[0m| |[7;1m [0m| |[7;1m [0m|| 5
[32;1m[Board] [0m   -------------------
[32;1m[Board] [0m 4 ||[7;1m [0m|[0;1mp[0m|[7;1m [0m|[0;1mp[0m|[7;1m [0m| |[7;1m [0m| || 4
[32;1m[Board] [0m   -------------------
[32;1m[Board] [0m 3 ||[0;1mp[0m|[7;1m [0m| |[7;1m [0m| |[7;1m [0m|[0;1mQ[0m|[7;1m [0m|| 3
[32;1m[Board] [0m   -------------------
[32;1m[Board] [0m 2 ||[7;1m [0m| |[30;1mQ[0m|[30;1mk[0m|[7;1m [0m|[0;1mp[0m|[0;1mp[0m|[0;1mp[0m|| 2
[32;1m[Board] [0m   -------------------
[32;1m[Board] [0m 1 || |[7;1m [0m| |[7;1m [0m| |[0;1mr[0m|[0;1mK[0m|[7;1m [0m|| 1
[32;1m[Board] [0m   -------------------
[32;1m[Board] [0m     a b c d e f g h
[32;1m[Board] [0m
[32;1m[Referee] [0mThis is the turn of the White player...

*****rk*
p*p**rpp
**p*R***
***p****
*P*P****
P*****Q*
**qn*PPP
*****RK*
f1e1
[32;1m[Game] [0mPlayer's error code: 0
[32;1m[Game] [0mChecking move validity...
[32;1m[Board] [0mInitializing board (size: 8)...
[32;1m[Board] [0m32 piece(s) on board.
[32;1m[Board] [0mLoading history file `championship/chessmates-logic-and-proofs/history.csv`...
[32;1m[Board] [0mLoaded 50 move(s).
[32;1m[Board] [0mHistory replayed, 21 piece(s) on board.
[32;1m[Board] [0mLoading move file `championship/chessmates-logic-and-proofs/move.csv`...
[32;1m[Board] [0mWhite player is playing f1 to e1.
[32;1m[Board] [0m
[32;1m[Board] [0m     a b c d e f g h
[32;1m[Board] [0m   -------------------
[32;1m[Board] [0m 8 ||[7;1m [0m| |[7;1m [0m| |[7;1m [0m|[30;1mr[0m|[30;1mK[0m| || 8
[32;1m[Board] [0m   -------------------
[32;1m[Board] [0m 7 ||[30;1mp[0m|[7;1m [0m|[30;1mp[0m|[7;1m [0m| |[30;1mr[0m|[30;1mp[0m|[30;1mp[0m|| 7
[32;1m[Board] [0m   -------------------
[32;1m[Board] [0m 6 ||[7;1m [0m| |[30;1mp[0m| |[0;1mr[0m| |[7;1m [0m| || 6
[32;1m[Board] [0m   -------------------
[32;1m[Board] [0m 5 || |[7;1m [0m| |[30;1mp[0m| |[7;1m [0m| |[7;1m [0m|| 5
[32;1m[Board] [0m   -------------------
[32;1m[Board] [0m 4 ||[7;1m [0m|[0;1mp[0m|[7;1m [0m|[0;1mp[0m|[7;1m [0m| |[7;1m [0m| || 4
[32;1m[Board] [0m   -------------------
[32;1m[Board] [0m 3 ||[0;1mp[0m|[7;1m [0m| |[7;1m [0m| |[7;1m [0m|[0;1mQ[0m|[7;1m [0m|| 3
[32;1m[Board] [0m   -------------------
[32;1m[Board] [0m 2 ||[7;1m [0m| |[30;1mQ[0m|[30;1mk[0m|[7;1m [0m|[0;1mp[0m|[0;1mp[0m|[0;1mp[0m|| 2
[32;1m[Board] [0m   -------------------
[32;1m[Board] [0m 1 || |[7;1m [0m| |[7;1m [0m|[0;1mr[0m|[7;1m [0m|[0;1mK[0m|[7;1m [0m|| 1
[32;1m[Board] [0m   -------------------
[32;1m[Board] [0m     a b c d e f g h
[32;1m[Board] [0m
[32;1m[Referee] [0mThis is the turn of the Black player...
[DEBUG] Input history filename: championship/chessmates-logic-and-proofs/history.csv
[DEBUG] Output move file: championship/chessmates-logic-and-proofs/move.csv
[Parser][ply=] 51
how i see the board before writing next move: Turn: Black
Enpassant: xx	Castling: xxxx
   ---- ---- ---- ---- ---- ---- ---- ----
8 |    |    |    |    |    | r  | k  |    |
   ---- ---- ---- ---- ---- ---- ---- ----
7 | p  |    | p  |    |    | r  | p  | p  |
   ---- ---- ---- ---- ---- ---- ---- ----
6 |    |    | p  |    | R  |    |    |    |
   ---- ---- ---- ---- ---- ---- ---- ----
5 |    |    |    | p  |    |    |    |    |
   ---- ---- ---- ---- ---- ---- ---- ----
4 |    | P  |    | P  |    |    |    |    |
   ---- ---- ---- ---- ---- ---- ---- ----
3 | P  |    |    |    |    |    | Q  |    |
   ---- ---- ---- ---- ---- ---- ---- ----
2 |    |    | q  | n  |    | P  | P  | P  |
   ---- ---- ---- ---- ---- ---- ---- ----
1 |    |    |    |    | R  |    | K  |    |
   ---- ---- ---- ---- ---- ---- ---- ----
    a    b    c    d    e    f    g    h
starting search...
depth: 1 score: 378 time: 0 nodes: 123 hashfull: 0
depth: 2 score: 378 time: 0 nodes: 329 hashfull: 0
depth: 3 score: 472 time: 9 nodes: 13564 hashfull: 0
depth: 4 score: 485 time: 5 nodes: 22123 hashfull: 0
depth: 5 score: 506 time: 14 nodes: 43913 hashfull: 0
depth: 6 score: 501 time: 47 nodes: 127138 hashfull: 3
depth: 7 score: 511 time: 163 nodes: 374357 hashfull: 7
depth: 8 score: 525 time: 269 nodes: 805331 hashfull: 15
depth: 9 score: 562 time: 1115 nodes: 2780816 hashfull: 70
depth: 10 score: 572 time: 1884 nodes: 6396794 hashfull: 133
depth: 11 score: 593 time: 3275 nodes: 14253628 hashfull: 242
[DEBUG] [Parser] Wrote to ouput file championship/chessmates-logic-and-proofs/move.csv move : d2e4
[32;1m[Game] [0mPlayer's error code: 0
[32;1m[Game] [0mChecking move validity...
[32;1m[Board] [0mInitializing board (size: 8)...
[32;1m[Board] [0m32 piece(s) on board.
[32;1m[Board] [0mLoading history file `championship/chessmates-logic-and-proofs/history.csv`...
[32;1m[Board] [0mLoaded 51 move(s).
[32;1m[Board] [0mHistory replayed, 21 piece(s) on board.
[32;1m[Board] [0mLoading move file `championship/chessmates-logic-and-proofs/move.csv`...
[32;1m[Board] [0mBlack player is playing d2 to e4.
[32;1m[Board] [0m
[32;1m[Board] [0m     a b c d e f g h
[32;1m[Board] [0m   -------------------
[32;1m[Board] [0m 8 ||[7;1m [0m| |[7;1m [0m| |[7;1m [0m|[30;1mr[0m|[30;1mK[0m| || 8
[32;1m[Board] [0m   -------------------
[32;1m[Board] [0m 7 ||[30;1mp[0m|[7;1m [0m|[30;1mp[0m|[7;1m [0m| |[30;1mr[0m|[30;1mp[0m|[30;1mp[0m|| 7
[32;1m[Board] [0m   -------------------
[32;1m[Board] [0m 6 ||[7;1m [0m| |[30;1mp[0m| |[0;1mr[0m| |[7;1m [0m| || 6
[32;1m[Board] [0m   -------------------
[32;1m[Board] [0m 5 || |[7;1m [0m| |[30;1mp[0m| |[7;1m [0m| |[7;1m [0m|| 5
[32;1m[Board] [0m   -------------------
[32;1m[Board] [0m 4 ||[7;1m [0m|[0;1mp[0m|[7;1m [0m|[0;1mp[0m|[30;1mk[0m| |[7;1m [0m| || 4
[32;1m[Board] [0m   -------------------
[32;1m[Board] [0m 3 ||[0;1mp[0m|[7;1m [0m| |[7;1m [0m| |[7;1m [0m|[0;1mQ[0m|[7;1m [0m|| 3
[32;1m[Board] [0m   -------------------
[32;1m[Board] [0m 2 ||[7;1m [0m| |[30;1mQ[0m| |[7;1m [0m|[0;1mp[0m|[0;1mp[0m|[0;1mp[0m|| 2
[32;1m[Board] [0m   -------------------
[32;1m[Board] [0m 1 || |[7;1m [0m| |[7;1m [0m|[0;1mr[0m|[7;1m [0m|[0;1mK[0m|[7;1m [0m|| 1
[32;1m[Board] [0m   -------------------
[32;1m[Board] [0m     a b c d e f g h
[32;1m[Board] [0m
[32;1m[Referee] [0mThis is the turn of the White player...

*****rk*
p*p**rpp
**p*R***
***p****
*P*Pn***
P*****Q*
**q**PPP
****R*K*
e6e4
[32;1m[Game] [0mPlayer's error code: 0
[32;1m[Game] [0mChecking move validity...
[32;1m[Board] [0mInitializing board (size: 8)...
[32;1m[Board] [0m32 piece(s) on board.
[32;1m[Board] [0mLoading history file `championship/chessmates-logic-and-proofs/history.csv`...
[32;1m[Board] [0mLoaded 52 move(s).
[32;1m[Board] [0mHistory replayed, 21 piece(s) on board.
[32;1m[Board] [0mLoading move file `championship/chessmates-logic-and-proofs/move.csv`...
[32;1m[Board] [0mWhite player is playing e6 to e4.
[32;1m[Board] [0m[5;1mWhite Rook is taking Black Knight.[0m
[32;1m[Board] [0m
[32;1m[Board] [0m     a b c d e f g h
[32;1m[Board] [0m   -------------------
[32;1m[Board] [0m 8 ||[7;1m [0m| |[7;1m [0m| |[7;1m [0m|[30;1mr[0m|[30;1mK[0m| || 8
[32;1m[Board] [0m   -------------------
[32;1m[Board] [0m 7 ||[30;1mp[0m|[7;1m [0m|[30;1mp[0m|[7;1m [0m| |[30;1mr[0m|[30;1mp[0m|[30;1mp[0m|| 7
[32;1m[Board] [0m   -------------------
[32;1m[Board] [0m 6 ||[7;1m [0m| |[30;1mp[0m| |[7;1m [0m| |[7;1m [0m| || 6
[32;1m[Board] [0m   -------------------
[32;1m[Board] [0m 5 || |[7;1m [0m| |[30;1mp[0m| |[7;1m [0m| |[7;1m [0m|| 5
[32;1m[Board] [0m   -------------------
[32;1m[Board] [0m 4 ||[7;1m [0m|[0;1mp[0m|[7;1m [0m|[0;1mp[0m|[0;1mr[0m| |[7;1m [0m| || 4
[32;1m[Board] [0m   -------------------
[32;1m[Board] [0m 3 ||[0;1mp[0m|[7;1m [0m| |[7;1m [0m| |[7;1m [0m|[0;1mQ[0m|[7;1m [0m|| 3
[32;1m[Board] [0m   -------------------
[32;1m[Board] [0m 2 ||[7;1m [0m| |[30;1mQ[0m| |[7;1m [0m|[0;1mp[0m|[0;1mp[0m|[0;1mp[0m|| 2
[32;1m[Board] [0m   -------------------
[32;1m[Board] [0m 1 || |[7;1m [0m| |[7;1m [0m|[0;1mr[0m|[7;1m [0m|[0;1mK[0m|[7;1m [0m|| 1
[32;1m[Board] [0m   -------------------
[32;1m[Board] [0m     a b c d e f g h
[32;1m[Board] [0m
[32;1m[Referee] [0mThis is the turn of the Black player...
[DEBUG] Input history filename: championship/chessmates-logic-and-proofs/history.csv
[DEBUG] Output move file: championship/chessmates-logic-and-proofs/move.csv
[Parser][ply=] 53
how i see the board before writing next move: Turn: Black
Enpassant: xx	Castling: xxxx
   ---- ---- ---- ---- ---- ---- ---- ----
8 |    |    |    |    |    | r  | k  |    |
   ---- ---- ---- ---- ---- ---- ---- ----
7 | p  |    | p  |    |    | r  | p  | p  |
   ---- ---- ---- ---- ---- ---- ---- ----
6 |    |    | p  |    |    |    |    |    |
   ---- ---- ---- ---- ---- ---- ---- ----
5 |    |    |    | p  |    |    |    |    |
   ---- ---- ---- ---- ---- ---- ---- ----
4 |    | P  |    | P  | R  |    |    |    |
   ---- ---- ---- ---- ---- ---- ---- ----
3 | P  |    |    |    |    |    | Q  |    |
   ---- ---- ---- ---- ---- ---- ---- ----
2 |    |    | q  |    |    | P  | P  | P  |
   ---- ---- ---- ---- ---- ---- ---- ----
1 |    |    |    |    | R  |    | K  |    |
   ---- ---- ---- ---- ---- ---- ---- ----
    a    b    c    d    e    f    g    h
starting search...
depth: 1 score: 476 time: 0 nodes: 99 hashfull: 0
depth: 2 score: 485 time: 0 nodes: 667 hashfull: 0
depth: 3 score: 506 time: 2 nodes: 3979 hashfull: 0
depth: 4 score: 501 time: 3 nodes: 9764 hashfull: 0
depth: 5 score: 531 time: 14 nodes: 29539 hashfull: 0
depth: 6 score: 517 time: 36 nodes: 89225 hashfull: 2
depth: 7 score: 562 time: 96 nodes: 236640 hashfull: 5
depth: 8 score: 572 time: 194 nodes: 542356 hashfull: 12
depth: 9 score: 593 time: 710 nodes: 1771489 hashfull: 48
depth: 10 score: 611 time: 2673 nodes: 6015816 hashfull: 137
depth: 11 score: 611 time: 2168 nodes: 10965278 hashfull: 224
[DEBUG] [Parser] Wrote to ouput file championship/chessmates-logic-and-proofs/move.csv move : d5e4
[32;1m[Game] [0mPlayer's error code: 0
[32;1m[Game] [0mChecking move validity...
[32;1m[Board] [0mInitializing board (size: 8)...
[32;1m[Board] [0m32 piece(s) on board.
[32;1m[Board] [0mLoading history file `championship/chessmates-logic-and-proofs/history.csv`...
[32;1m[Board] [0mLoaded 53 move(s).
[32;1m[Board] [0mHistory replayed, 20 piece(s) on board.
[32;1m[Board] [0mLoading move file `championship/chessmates-logic-and-proofs/move.csv`...
[32;1m[Board] [0mBlack player is playing d5 to e4.
[32;1m[Board] [0m[5;1mBlack Pawn is taking White Rook.[0m
[32;1m[Board] [0m
[32;1m[Board] [0m     a b c d e f g h
[32;1m[Board] [0m   -------------------
[32;1m[Board] [0m 8 ||[7;1m [0m| |[7;1m [0m| |[7;1m [0m|[30;1mr[0m|[30;1mK[0m| || 8
[32;1m[Board] [0m   -------------------
[32;1m[Board] [0m 7 ||[30;1mp[0m|[7;1m [0m|[30;1mp[0m|[7;1m [0m| |[30;1mr[0m|[30;1mp[0m|[30;1mp[0m|| 7
[32;1m[Board] [0m   -------------------
[32;1m[Board] [0m 6 ||[7;1m [0m| |[30;1mp[0m| |[7;1m [0m| |[7;1m [0m| || 6
[32;1m[Board] [0m   -------------------
[32;1m[Board] [0m 5 || |[7;1m [0m| |[7;1m [0m| |[7;1m [0m| |[7;1m [0m|| 5
[32;1m[Board] [0m   -------------------
[32;1m[Board] [0m 4 ||[7;1m [0m|[0;1mp[0m|[7;1m [0m|[0;1mp[0m|[30;1mp[0m| |[7;1m [0m| || 4
[32;1m[Board] [0m   -------------------
[32;1m[Board] [0m 3 ||[0;1mp[0m|[7;1m [0m| |[7;1m [0m| |[7;1m [0m|[0;1mQ[0m|[7;1m [0m|| 3
[32;1m[Board] [0m   -------------------
[32;1m[Board] [0m 2 ||[7;1m [0m| |[30;1mQ[0m| |[7;1m [0m|[0;1mp[0m|[0;1mp[0m|[0;1mp[0m|| 2
[32;1m[Board] [0m   -------------------
[32;1m[Board] [0m 1 || |[7;1m [0m| |[7;1m [0m|[0;1mr[0m|[7;1m [0m|[0;1mK[0m|[7;1m [0m|| 1
[32;1m[Board] [0m   -------------------
[32;1m[Board] [0m     a b c d e f g h
[32;1m[Board] [0m
[32;1m[Referee] [0mThis is the turn of the White player...

*****rk*
p*p**rpp
**p*****
********
*P*Pp***
P*****Q*
**q**PPP
****R*K*
e1f1
[32;1m[Game] [0mPlayer's error code: 0
[32;1m[Game] [0mChecking move validity...
[32;1m[Board] [0mInitializing board (size: 8)...
[32;1m[Board] [0m32 piece(s) on board.
[32;1m[Board] [0mLoading history file `championship/chessmates-logic-and-proofs/history.csv`...
[32;1m[Board] [0mLoaded 54 move(s).
[32;1m[Board] [0mHistory replayed, 19 piece(s) on board.
[32;1m[Board] [0mLoading move file `championship/chessmates-logic-and-proofs/move.csv`...
[32;1m[Board] [0mWhite player is playing e1 to f1.
[32;1m[Board] [0m
[32;1m[Board] [0m     a b c d e f g h
[32;1m[Board] [0m   -------------------
[32;1m[Board] [0m 8 ||[7;1m [0m| |[7;1m [0m| |[7;1m [0m|[30;1mr[0m|[30;1mK[0m| || 8
[32;1m[Board] [0m   -------------------
[32;1m[Board] [0m 7 ||[30;1mp[0m|[7;1m [0m|[30;1mp[0m|[7;1m [0m| |[30;1mr[0m|[30;1mp[0m|[30;1mp[0m|| 7
[32;1m[Board] [0m   -------------------
[32;1m[Board] [0m 6 ||[7;1m [0m| |[30;1mp[0m| |[7;1m [0m| |[7;1m [0m| || 6
[32;1m[Board] [0m   -------------------
[32;1m[Board] [0m 5 || |[7;1m [0m| |[7;1m [0m| |[7;1m [0m| |[7;1m [0m|| 5
[32;1m[Board] [0m   -------------------
[32;1m[Board] [0m 4 ||[7;1m [0m|[0;1mp[0m|[7;1m [0m|[0;1mp[0m|[30;1mp[0m| |[7;1m [0m| || 4
[32;1m[Board] [0m   -------------------
[32;1m[Board] [0m 3 ||[0;1mp[0m|[7;1m [0m| |[7;1m [0m| |[7;1m [0m|[0;1mQ[0m|[7;1m [0m|| 3
[32;1m[Board] [0m   -------------------
[32;1m[Board] [0m 2 ||[7;1m [0m| |[30;1mQ[0m| |[7;1m [0m|[0;1mp[0m|[0;1mp[0m|[0;1mp[0m|| 2
[32;1m[Board] [0m   -------------------
[32;1m[Board] [0m 1 || |[7;1m [0m| |[7;1m [0m| |[0;1mr[0m|[0;1mK[0m|[7;1m [0m|| 1
[32;1m[Board] [0m   -------------------
[32;1m[Board] [0m     a b c d e f g h
[32;1m[Board] [0m
[32;1m[Referee] [0mThis is the turn of the Black player...
[DEBUG] Input history filename: championship/chessmates-logic-and-proofs/history.csv
[DEBUG] Output move file: championship/chessmates-logic-and-proofs/move.csv
[Parser][ply=] 55
how i see the board before writing next move: Turn: Black
Enpassant: xx	Castling: xxxx
   ---- ---- ---- ---- ---- ---- ---- ----
8 |    |    |    |    |    | r  | k  |    |
   ---- ---- ---- ---- ---- ---- ---- ----
7 | p  |    | p  |    |    | r  | p  | p  |
   ---- ---- ---- ---- ---- ---- ---- ----
6 |    |    | p  |    |    |    |    |    |
   ---- ---- ---- ---- ---- ---- ---- ----
5 |    |    |    |    |    |    |    |    |
   ---- ---- ---- ---- ---- ---- ---- ----
4 |    | P  |    | P  | p  |    |    |    |
   ---- ---- ---- ---- ---- ---- ---- ----
3 | P  |    |    |    |    |    | Q  |    |
   ---- ---- ---- ---- ---- ---- ---- ----
2 |    |    | q  |    |    | P  | P  | P  |
   ---- ---- ---- ---- ---- ---- ---- ----
1 |    |    |    |    |    | R  | K  |    |
   ---- ---- ---- ---- ---- ---- ---- ----
    a    b    c    d    e    f    g    h
starting search...
depth: 1 score: 506 time: 0 nodes: 375 hashfull: 0
depth: 2 score: 501 time: 0 nodes: 1036 hashfull: 0
depth: 3 score: 550 time: 4 nodes: 7051 hashfull: 0
depth: 4 score: 539 time: 6 nodes: 15349 hashfull: 0
depth: 5 score: 537 time: 12 nodes: 33393 hashfull: 0
depth: 6 score: 638 time: 54 nodes: 119003 hashfull: 3
depth: 7 score: 653 time: 90 nodes: 249934 hashfull: 5
depth: 8 score: 653 time: 136 nodes: 471895 hashfull: 11
depth: 9 score: 657 time: 696 nodes: 1636841 hashfull: 52
depth: 10 score: 689 time: 1168 nodes: 4209483 hashfull: 106
depth: 11 score: 738 time: 2061 nodes: 9703029 hashfull: 220
[DEBUG] [Parser] Wrote to ouput file championship/chessmates-logic-and-proofs/move.csv move : f7f2
[32;1m[Game] [0mPlayer's error code: 0
[32;1m[Game] [0mChecking move validity...
[32;1m[Board] [0mInitializing board (size: 8)...
[32;1m[Board] [0m32 piece(s) on board.
[32;1m[Board] [0mLoading history file `championship/chessmates-logic-and-proofs/history.csv`...
[32;1m[Board] [0mLoaded 55 move(s).
[32;1m[Board] [0mHistory replayed, 19 piece(s) on board.
[32;1m[Board] [0mLoading move file `championship/chessmates-logic-and-proofs/move.csv`...
[32;1m[Board] [0mBlack player is playing f7 to f2.
[32;1m[Board] [0m[5;1mBlack Rook is taking White Pawn.[0m
[32;1m[Board] [0m
[32;1m[Board] [0m     a b c d e f g h
[32;1m[Board] [0m   -------------------
[32;1m[Board] [0m 8 ||[7;1m [0m| |[7;1m [0m| |[7;1m [0m|[30;1mr[0m|[30;1mK[0m| || 8
[32;1m[Board] [0m   -------------------
[32;1m[Board] [0m 7 ||[30;1mp[0m|[7;1m [0m|[30;1mp[0m|[7;1m [0m| |[7;1m [0m|[30;1mp[0m|[30;1mp[0m|| 7
[32;1m[Board] [0m   -------------------
[32;1m[Board] [0m 6 ||[7;1m [0m| |[30;1mp[0m| |[7;1m [0m| |[7;1m [0m| || 6
[32;1m[Board] [0m   -------------------
[32;1m[Board] [0m 5 || |[7;1m [0m| |[7;1m [0m| |[7;1m [0m| |[7;1m [0m|| 5
[32;1m[Board] [0m   -------------------
[32;1m[Board] [0m 4 ||[7;1m [0m|[0;1mp[0m|[7;1m [0m|[0;1mp[0m|[30;1mp[0m| |[7;1m [0m| || 4
[32;1m[Board] [0m   -------------------
[32;1m[Board] [0m 3 ||[0;1mp[0m|[7;1m [0m| |[7;1m [0m| |[7;1m [0m|[0;1mQ[0m|[7;1m [0m|| 3
[32;1m[Board] [0m   -------------------
[32;1m[Board] [0m 2 ||[7;1m [0m| |[30;1mQ[0m| |[7;1m [0m|[30;1mr[0m|[0;1mp[0m|[0;1mp[0m|| 2
[32;1m[Board] [0m   -------------------
[32;1m[Board] [0m 1 || |[7;1m [0m| |[7;1m [0m| |[0;1mr[0m|[0;1mK[0m|[7;1m [0m|| 1
[32;1m[Board] [0m   -------------------
[32;1m[Board] [0m     a b c d e f g h
[32;1m[Board] [0m
[32;1m[Referee] [0mThis is the turn of the White player...

*****rk*
p*p***pp
**p*****
********
*P*Pp***
P*****Q*
**q**rPP
*****RK*
g3f2
[32;1m[Game] [0mPlayer's error code: 0
[32;1m[Game] [0mChecking move validity...
[32;1m[Board] [0mInitializing board (size: 8)...
[32;1m[Board] [0m32 piece(s) on board.
[32;1m[Board] [0mLoading history file `championship/chessmates-logic-and-proofs/history.csv`...
[32;1m[Board] [0mLoaded 56 move(s).
[32;1m[Board] [0mHistory replayed, 18 piece(s) on board.
[32;1m[Board] [0mLoading move file `championship/chessmates-logic-and-proofs/move.csv`...
[32;1m[Board] [0mWhite player is playing g3 to f2.
[32;1m[Board] [0m[5;1mWhite Queen is taking Black Rook.[0m
[32;1m[Board] [0m
[32;1m[Board] [0m     a b c d e f g h
[32;1m[Board] [0m   -------------------
[32;1m[Board] [0m 8 ||[7;1m [0m| |[7;1m [0m| |[7;1m [0m|[30;1mr[0m|[30;1mK[0m| || 8
[32;1m[Board] [0m   -------------------
[32;1m[Board] [0m 7 ||[30;1mp[0m|[7;1m [0m|[30;1mp[0m|[7;1m [0m| |[7;1m [0m|[30;1mp[0m|[30;1mp[0m|| 7
[32;1m[Board] [0m   -------------------
[32;1m[Board] [0m 6 ||[7;1m [0m| |[30;1mp[0m| |[7;1m [0m| |[7;1m [0m| || 6
[32;1m[Board] [0m   -------------------
[32;1m[Board] [0m 5 || |[7;1m [0m| |[7;1m [0m| |[7;1m [0m| |[7;1m [0m|| 5
[32;1m[Board] [0m   -------------------
[32;1m[Board] [0m 4 ||[7;1m [0m|[0;1mp[0m|[7;1m [0m|[0;1mp[0m|[30;1mp[0m| |[7;1m [0m| || 4
[32;1m[Board] [0m   -------------------
[32;1m[Board] [0m 3 ||[0;1mp[0m|[7;1m [0m| |[7;1m [0m| |[7;1m [0m| |[7;1m [0m|| 3
[32;1m[Board] [0m   -------------------
[32;1m[Board] [0m 2 ||[7;1m [0m| |[30;1mQ[0m| |[7;1m [0m|[0;1mQ[0m|[0;1mp[0m|[0;1mp[0m|| 2
[32;1m[Board] [0m   -------------------
[32;1m[Board] [0m 1 || |[7;1m [0m| |[7;1m [0m| |[0;1mr[0m|[0;1mK[0m|[7;1m [0m|| 1
[32;1m[Board] [0m   -------------------
[32;1m[Board] [0m     a b c d e f g h
[32;1m[Board] [0m
[32;1m[Referee] [0mThis is the turn of the Black player...
[DEBUG] Input history filename: championship/chessmates-logic-and-proofs/history.csv
[DEBUG] Output move file: championship/chessmates-logic-and-proofs/move.csv
[Parser][ply=] 57
how i see the board before writing next move: Turn: Black
Enpassant: xx	Castling: xxxx
   ---- ---- ---- ---- ---- ---- ---- ----
8 |    |    |    |    |    | r  | k  |    |
   ---- ---- ---- ---- ---- ---- ---- ----
7 | p  |    | p  |    |    |    | p  | p  |
   ---- ---- ---- ---- ---- ---- ---- ----
6 |    |    | p  |    |    |    |    |    |
   ---- ---- ---- ---- ---- ---- ---- ----
5 |    |    |    |    |    |    |    |    |
   ---- ---- ---- ---- ---- ---- ---- ----
4 |    | P  |    | P  | p  |    |    |    |
   ---- ---- ---- ---- ---- ---- ---- ----
3 | P  |    |    |    |    |    |    |    |
   ---- ---- ---- ---- ---- ---- ---- ----
2 |    |    | q  |    |    | Q  | P  | P  |
   ---- ---- ---- ---- ---- ---- ---- ----
1 |    |    |    |    |    | R  | K  |    |
   ---- ---- ---- ---- ---- ---- ---- ----
    a    b    c    d    e    f    g    h
starting search...
depth: 1 score: 593 time: 0 nodes: 83 hashfull: 0
depth: 2 score: 593 time: 0 nodes: 192 hashfull: 0
depth: 3 score: 602 time: 0 nodes: 1305 hashfull: 0
depth: 4 score: 678 time: 2 nodes: 4927 hashfull: 0
depth: 5 score: 695 time: 2 nodes: 9284 hashfull: 0
depth: 6 score: 691 time: 10 nodes: 29446 hashfull: 1
depth: 7 score: 740 time: 17 nodes: 58323 hashfull: 1
depth: 8 score: 727 time: 29 nodes: 110189 hashfull: 3
depth: 9 score: 738 time: 77 nodes: 254140 hashfull: 8
depth: 10 score: 750 time: 128 nodes: 471570 hashfull: 14
depth: 11 score: 763 time: 247 nodes: 914561 hashfull: 28
depth: 12 score: 764 time: 578 nodes: 1960647 hashfull: 62
depth: 13 score: 812 time: 923 nodes: 3545378 hashfull: 99
depth: 14 score: 845 time: 1498 nodes: 6587754 hashfull: 171
depth: 15 score: 906 time: 2051 nodes: 12345028 hashfull: 270
depth: 16 score: 1054 time: 3253 nodes: 21402978 hashfull: 359
[DEBUG] [Parser] Wrote to ouput file championship/chessmates-logic-and-proofs/move.csv move : f8f2
[32;1m[Game] [0mPlayer's error code: 0
[32;1m[Game] [0mChecking move validity...
[32;1m[Board] [0mInitializing board (size: 8)...
[32;1m[Board] [0m32 piece(s) on board.
[32;1m[Board] [0mLoading history file `championship/chessmates-logic-and-proofs/history.csv`...
[32;1m[Board] [0mLoaded 57 move(s).
[32;1m[Board] [0mHistory replayed, 17 piece(s) on board.
[32;1m[Board] [0mLoading move file `championship/chessmates-logic-and-proofs/move.csv`...
[32;1m[Board] [0mBlack player is playing f8 to f2.
[32;1m[Board] [0m[5;1mBlack Rook is taking White Queen.[0m
[32;1m[Board] [0m
[32;1m[Board] [0m     a b c d e f g h
[32;1m[Board] [0m   -------------------
[32;1m[Board] [0m 8 ||[7;1m [0m| |[7;1m [0m| |[7;1m [0m| |[30;1mK[0m| || 8
[32;1m[Board] [0m   -------------------
[32;1m[Board] [0m 7 ||[30;1mp[0m|[7;1m [0m|[30;1mp[0m|[7;1m [0m| |[7;1m [0m|[30;1mp[0m|[30;1mp[0m|| 7
[32;1m[Board] [0m   -------------------
[32;1m[Board] [0m 6 ||[7;1m [0m| |[30;1mp[0m| |[7;1m [0m| |[7;1m [0m| || 6
[32;1m[Board] [0m   -------------------
[32;1m[Board] [0m 5 || |[7;1m [0m| |[7;1m [0m| |[7;1m [0m| |[7;1m [0m|| 5
[32;1m[Board] [0m   -------------------
[32;1m[Board] [0m 4 ||[7;1m [0m|[0;1mp[0m|[7;1m [0m|[0;1mp[0m|[30;1mp[0m| |[7;1m [0m| || 4
[32;1m[Board] [0m   -------------------
[32;1m[Board] [0m 3 ||[0;1mp[0m|[7;1m [0m| |[7;1m [0m| |[7;1m [0m| |[7;1m [0m|| 3
[32;1m[Board] [0m   -------------------
[32;1m[Board] [0m 2 ||[7;1m [0m| |[30;1mQ[0m| |[7;1m [0m|[30;1mr[0m|[0;1mp[0m|[0;1mp[0m|| 2
[32;1m[Board] [0m   -------------------
[32;1m[Board] [0m 1 || |[7;1m [0m| |[7;1m [0m| |[0;1mr[0m|[0;1mK[0m|[7;1m [0m|| 1
[32;1m[Board] [0m   -------------------
[32;1m[Board] [0m     a b c d e f g h
[32;1m[Board] [0m
[32;1m[Referee] [0mThis is the turn of the White player...

******k*
p*p***pp
**p*****
********
*P*Pp***
P*******
**q**rPP
*****RK*
f1f2
[32;1m[Game] [0mPlayer's error code: 0
[32;1m[Game] [0mChecking move validity...
[32;1m[Board] [0mInitializing board (size: 8)...
[32;1m[Board] [0m32 piece(s) on board.
[32;1m[Board] [0mLoading history file `championship/chessmates-logic-and-proofs/history.csv`...
[32;1m[Board] [0mLoaded 58 move(s).
[32;1m[Board] [0mHistory replayed, 16 piece(s) on board.
[32;1m[Board] [0mLoading move file `championship/chessmates-logic-and-proofs/move.csv`...
[32;1m[Board] [0mWhite player is playing f1 to f2.
[32;1m[Board] [0m[5;1mWhite Rook is taking Black Rook.[0m
[32;1m[Board] [0m
[32;1m[Board] [0m     a b c d e f g h
[32;1m[Board] [0m   -------------------
[32;1m[Board] [0m 8 ||[7;1m [0m| |[7;1m [0m| |[7;1m [0m| |[30;1mK[0m| || 8
[32;1m[Board] [0m   -------------------
[32;1m[Board] [0m 7 ||[30;1mp[0m|[7;1m [0m|[30;1mp[0m|[7;1m [0m| |[7;1m [0m|[30;1mp[0m|[30;1mp[0m|| 7
[32;1m[Board] [0m   -------------------
[32;1m[Board] [0m 6 ||[7;1m [0m| |[30;1mp[0m| |[7;1m [0m| |[7;1m [0m| || 6
[32;1m[Board] [0m   -------------------
[32;1m[Board] [0m 5 || |[7;1m [0m| |[7;1m [0m| |[7;1m [0m| |[7;1m [0m|| 5
[32;1m[Board] [0m   -------------------
[32;1m[Board] [0m 4 ||[7;1m [0m|[0;1mp[0m|[7;1m [0m|[0;1mp[0m|[30;1mp[0m| |[7;1m [0m| || 4
[32;1m[Board] [0m   -------------------
[32;1m[Board] [0m 3 ||[0;1mp[0m|[7;1m [0m| |[7;1m [0m| |[7;1m [0m| |[7;1m [0m|| 3
[32;1m[Board] [0m   -------------------
[32;1m[Board] [0m 2 ||[7;1m [0m| |[30;1mQ[0m| |[7;1m [0m|[0;1mr[0m|[0;1mp[0m|[0;1mp[0m|| 2
[32;1m[Board] [0m   -------------------
[32;1m[Board] [0m 1 || |[7;1m [0m| |[7;1m [0m| |[7;1m [0m|[0;1mK[0m|[7;1m [0m|| 1
[32;1m[Board] [0m   -------------------
[32;1m[Board] [0m     a b c d e f g h
[32;1m[Board] [0m
[32;1m[Referee] [0mThis is the turn of the Black player...
[DEBUG] Input history filename: championship/chessmates-logic-and-proofs/history.csv
[DEBUG] Output move file: championship/chessmates-logic-and-proofs/move.csv
[Parser][ply=] 59
how i see the board before writing next move: Turn: Black
Enpassant: xx	Castling: xxxx
   ---- ---- ---- ---- ---- ---- ---- ----
8 |    |    |    |    |    |    | k  |    |
   ---- ---- ---- ---- ---- ---- ---- ----
7 | p  |    | p  |    |    |    | p  | p  |
   ---- ---- ---- ---- ---- ---- ---- ----
6 |    |    | p  |    |    |    |    |    |
   ---- ---- ---- ---- ---- ---- ---- ----
5 |    |    |    |    |    |    |    |    |
   ---- ---- ---- ---- ---- ---- ---- ----
4 |    | P  |    | P  | p  |    |    |    |
   ---- ---- ---- ---- ---- ---- ---- ----
3 | P  |    |    |    |    |    |    |    |
   ---- ---- ---- ---- ---- ---- ---- ----
2 |    |    | q  |    |    | R  | P  | P  |
   ---- ---- ---- ---- ---- ---- ---- ----
1 |    |    |    |    |    |    | K  |    |
   ---- ---- ---- ---- ---- ---- ---- ----
    a    b    c    d    e    f    g    h
starting search...
depth: 1 score: 602 time: 0 nodes: 56 hashfull: 0
depth: 2 score: 678 time: 0 nodes: 392 hashfull: 0
depth: 3 score: 695 time: 0 nodes: 1215 hashfull: 0
depth: 4 score: 691 time: 0 nodes: 2493 hashfull: 0
depth: 5 score: 740 time: 1 nodes: 4791 hashfull: 0
depth: 6 score: 727 time: 5 nodes: 13227 hashfull: 0
depth: 7 score: 738 time: 11 nodes: 30774 hashfull: 1
depth: 8 score: 750 time: 21 nodes: 64382 hashfull: 2
depth: 9 score: 763 time: 60 nodes: 162970 hashfull: 7
depth: 10 score: 764 time: 135 nodes: 372682 hashfull: 15
depth: 11 score: 835 time: 280 nodes: 812521 hashfull: 32
depth: 12 score: 855 time: 510 nodes: 1633056 hashfull: 66
depth: 13 score: 896 time: 881 nodes: 3014991 hashfull: 111
depth: 14 score: 1070 time: 1768 nodes: 5817742 hashfull: 187
depth: 15 score: 1079 time: 3305 nodes: 11108787 hashfull: 295
[DEBUG] [Parser] Wrote to ouput file championship/chessmates-logic-and-proofs/move.csv move : c2d1
[32;1m[Game] [0mPlayer's error code: 0
[32;1m[Game] [0mChecking move validity...
[32;1m[Board] [0mInitializing board (size: 8)...
[32;1m[Board] [0m32 piece(s) on board.
[32;1m[Board] [0mLoading history file `championship/chessmates-logic-and-proofs/history.csv`...
[32;1m[Board] [0mLoaded 59 move(s).
[32;1m[Board] [0mHistory replayed, 15 piece(s) on board.
[32;1m[Board] [0mLoading move file `championship/chessmates-logic-and-proofs/move.csv`...
[32;1m[Board] [0mBlack player is playing c2 to d1.
[32;1m[Board] [0m
[32;1m[Board] [0m     a b c d e f g h
[32;1m[Board] [0m   -------------------
[32;1m[Board] [0m 8 ||[7;1m [0m| |[7;1m [0m| |[7;1m [0m| |[30;1mK[0m| || 8
[32;1m[Board] [0m   -------------------
[32;1m[Board] [0m 7 ||[30;1mp[0m|[7;1m [0m|[30;1mp[0m|[7;1m [0m| |[7;1m [0m|[30;1mp[0m|[30;1mp[0m|| 7
[32;1m[Board] [0m   -------------------
[32;1m[Board] [0m 6 ||[7;1m [0m| |[30;1mp[0m| |[7;1m [0m| |[7;1m [0m| || 6
[32;1m[Board] [0m   -------------------
[32;1m[Board] [0m 5 || |[7;1m [0m| |[7;1m [0m| |[7;1m [0m| |[7;1m [0m|| 5
[32;1m[Board] [0m   -------------------
[32;1m[Board] [0m 4 ||[7;1m [0m|[0;1mp[0m|[7;1m [0m|[0;1mp[0m|[30;1mp[0m| |[7;1m [0m| || 4
[32;1m[Board] [0m   -------------------
[32;1m[Board] [0m 3 ||[0;1mp[0m|[7;1m [0m| |[7;1m [0m| |[7;1m [0m| |[7;1m [0m|| 3
[32;1m[Board] [0m   -------------------
[32;1m[Board] [0m 2 ||[7;1m [0m| |[7;1m [0m| |[7;1m [0m|[0;1mr[0m|[0;1mp[0m|[0;1mp[0m|| 2
[32;1m[Board] [0m   -------------------
[32;1m[Board] [0m 1 || |[7;1m [0m| |[30;1mQ[0m| |[7;1m [0m|[0;1mK[0m|[7;1m [0m|| 1
[32;1m[Board] [0m   -------------------
[32;1m[Board] [0m     a b c d e f g h
[32;1m[Board] [0m
[32;1m[Referee] [0mThis is the turn of the White player...

******k*
p*p***pp
**p*****
********
*P*Pp***
P*******
*****RPP
***q**K*
f2f1
[32;1m[Game] [0mPlayer's error code: 0
[32;1m[Game] [0mChecking move validity...
[32;1m[Board] [0mInitializing board (size: 8)...
[32;1m[Board] [0m32 piece(s) on board.
[32;1m[Board] [0mLoading history file `championship/chessmates-logic-and-proofs/history.csv`...
[32;1m[Board] [0mLoaded 60 move(s).
[32;1m[Board] [0mHistory replayed, 15 piece(s) on board.
[32;1m[Board] [0mLoading move file `championship/chessmates-logic-and-proofs/move.csv`...
[32;1m[Board] [0mWhite player is playing f2 to f1.
[32;1m[Board] [0m
[32;1m[Board] [0m     a b c d e f g h
[32;1m[Board] [0m   -------------------
[32;1m[Board] [0m 8 ||[7;1m [0m| |[7;1m [0m| |[7;1m [0m| |[30;1mK[0m| || 8
[32;1m[Board] [0m   -------------------
[32;1m[Board] [0m 7 ||[30;1mp[0m|[7;1m [0m|[30;1mp[0m|[7;1m [0m| |[7;1m [0m|[30;1mp[0m|[30;1mp[0m|| 7
[32;1m[Board] [0m   -------------------
[32;1m[Board] [0m 6 ||[7;1m [0m| |[30;1mp[0m| |[7;1m [0m| |[7;1m [0m| || 6
[32;1m[Board] [0m   -------------------
[32;1m[Board] [0m 5 || |[7;1m [0m| |[7;1m [0m| |[7;1m [0m| |[7;1m [0m|| 5
[32;1m[Board] [0m   -------------------
[32;1m[Board] [0m 4 ||[7;1m [0m|[0;1mp[0m|[7;1m [0m|[0;1mp[0m|[30;1mp[0m| |[7;1m [0m| || 4
[32;1m[Board] [0m   -------------------
[32;1m[Board] [0m 3 ||[0;1mp[0m|[7;1m [0m| |[7;1m [0m| |[7;1m [0m| |[7;1m [0m|| 3
[32;1m[Board] [0m   -------------------
[32;1m[Board] [0m 2 ||[7;1m [0m| |[7;1m [0m| |[7;1m [0m| |[0;1mp[0m|[0;1mp[0m|| 2
[32;1m[Board] [0m   -------------------
[32;1m[Board] [0m 1 || |[7;1m [0m| |[30;1mQ[0m| |[0;1mr[0m|[0;1mK[0m|[7;1m [0m|| 1
[32;1m[Board] [0m   -------------------
[32;1m[Board] [0m     a b c d e f g h
[32;1m[Board] [0m
[32;1m[Referee] [0mThis is the turn of the Black player...
[DEBUG] Input history filename: championship/chessmates-logic-and-proofs/history.csv
[DEBUG] Output move file: championship/chessmates-logic-and-proofs/move.csv
[Parser][ply=] 61
how i see the board before writing next move: Turn: Black
Enpassant: xx	Castling: xxxx
   ---- ---- ---- ---- ---- ---- ---- ----
8 |    |    |    |    |    |    | k  |    |
   ---- ---- ---- ---- ---- ---- ---- ----
7 | p  |    | p  |    |    |    | p  | p  |
   ---- ---- ---- ---- ---- ---- ---- ----
6 |    |    | p  |    |    |    |    |    |
   ---- ---- ---- ---- ---- ---- ---- ----
5 |    |    |    |    |    |    |    |    |
   ---- ---- ---- ---- ---- ---- ---- ----
4 |    | P  |    | P  | p  |    |    |    |
   ---- ---- ---- ---- ---- ---- ---- ----
3 | P  |    |    |    |    |    |    |    |
   ---- ---- ---- ---- ---- ---- ---- ----
2 |    |    |    |    |    |    | P  | P  |
   ---- ---- ---- ---- ---- ---- ---- ----
1 |    |    |    | q  |    | R  | K  |    |
   ---- ---- ---- ---- ---- ---- ---- ----
    a    b    c    d    e    f    g    h
starting search...
depth: 1 score: 695 time: 0 nodes: 52 hashfull: 0
depth: 2 score: 691 time: 0 nodes: 146 hashfull: 0
depth: 3 score: 740 time: 0 nodes: 859 hashfull: 0
depth: 4 score: 727 time: 0 nodes: 2293 hashfull: 0
depth: 5 score: 738 time: 1 nodes: 6525 hashfull: 0
depth: 6 score: 750 time: 4 nodes: 18541 hashfull: 0
depth: 7 score: 763 time: 11 nodes: 44207 hashfull: 1
depth: 8 score: 764 time: 17 nodes: 87491 hashfull: 3
depth: 9 score: 812 time: 94 nodes: 319323 hashfull: 14
depth: 10 score: 813 time: 87 nodes: 528065 hashfull: 20
depth: 11 score: 1054 time: 428 nodes: 1592991 hashfull: 62
depth: 12 score: 1070 time: 477 nodes: 2803951 hashfull: 105
depth: 13 score: 1082 time: 773 nodes: 4699359 hashfull: 149
depth: 14 score: 1139 time: 1957 nodes: 9588560 hashfull: 266
[DEBUG] [Parser] Wrote to ouput file championship/chessmates-logic-and-proofs/move.csv move : d1d4
[32;1m[Game] [0mPlayer's error code: 0
[32;1m[Game] [0mChecking move validity...
[32;1m[Board] [0mInitializing board (size: 8)...
[32;1m[Board] [0m32 piece(s) on board.
[32;1m[Board] [0mLoading history file `championship/chessmates-logic-and-proofs/history.csv`...
[32;1m[Board] [0mLoaded 61 move(s).
[32;1m[Board] [0mHistory replayed, 15 piece(s) on board.
[32;1m[Board] [0mLoading move file `championship/chessmates-logic-and-proofs/move.csv`...
[32;1m[Board] [0mBlack player is playing d1 to d4.
[32;1m[Board] [0m[5;1mBlack Queen is taking White Pawn.[0m
[32;1m[Board] [0m
[32;1m[Board] [0m     a b c d e f g h
[32;1m[Board] [0m   -------------------
[32;1m[Board] [0m 8 ||[7;1m [0m| |[7;1m [0m| |[7;1m [0m| |[30;1mK[0m| || 8
[32;1m[Board] [0m   -------------------
[32;1m[Board] [0m 7 ||[30;1mp[0m|[7;1m [0m|[30;1mp[0m|[7;1m [0m| |[7;1m [0m|[30;1mp[0m|[30;1mp[0m|| 7
[32;1m[Board] [0m   -------------------
[32;1m[Board] [0m 6 ||[7;1m [0m| |[30;1mp[0m| |[7;1m [0m| |[7;1m [0m| || 6
[32;1m[Board] [0m   -------------------
[32;1m[Board] [0m 5 || |[7;1m [0m| |[7;1m [0m| |[7;1m [0m| |[7;1m [0m|| 5
[32;1m[Board] [0m   -------------------
[32;1m[Board] [0m 4 ||[7;1m [0m|[0;1mp[0m|[7;1m [0m|[30;1mQ[0m|[30;1mp[0m| |[7;1m [0m| || 4
[32;1m[Board] [0m   -------------------
[32;1m[Board] [0m 3 ||[0;1mp[0m|[7;1m [0m| |[7;1m [0m| |[7;1m [0m| |[7;1m [0m|| 3
[32;1m[Board] [0m   -------------------
[32;1m[Board] [0m 2 ||[7;1m [0m| |[7;1m [0m| |[7;1m [0m| |[0;1mp[0m|[0;1mp[0m|| 2
[32;1m[Board] [0m   -------------------
[32;1m[Board] [0m 1 || |[7;1m [0m| |[7;1m [0m| |[0;1mr[0m|[0;1mK[0m|[7;1m [0m|| 1
[32;1m[Board] [0m   -------------------
[32;1m[Board] [0m     a b c d e f g h
[32;1m[Board] [0m
[32;1m[Referee] [0mThis is the turn of the White player...

******k*
p*p***pp
**p*****
********
*P*qp***
P*******
******PP
*****RK*
g1h1
[32;1m[Game] [0mPlayer's error code: 0
[32;1m[Game] [0mChecking move validity...
[32;1m[Board] [0mInitializing board (size: 8)...
[32;1m[Board] [0m32 piece(s) on board.
[32;1m[Board] [0mLoading history file `championship/chessmates-logic-and-proofs/history.csv`...
[32;1m[Board] [0mLoaded 62 move(s).
[32;1m[Board] [0mHistory replayed, 14 piece(s) on board.
[32;1m[Board] [0mLoading move file `championship/chessmates-logic-and-proofs/move.csv`...
[32;1m[Board] [0mWhite player is playing g1 to h1.
[32;1m[Board] [0m
[32;1m[Board] [0m     a b c d e f g h
[32;1m[Board] [0m   -------------------
[32;1m[Board] [0m 8 ||[7;1m [0m| |[7;1m [0m| |[7;1m [0m| |[30;1mK[0m| || 8
[32;1m[Board] [0m   -------------------
[32;1m[Board] [0m 7 ||[30;1mp[0m|[7;1m [0m|[30;1mp[0m|[7;1m [0m| |[7;1m [0m|[30;1mp[0m|[30;1mp[0m|| 7
[32;1m[Board] [0m   -------------------
[32;1m[Board] [0m 6 ||[7;1m [0m| |[30;1mp[0m| |[7;1m [0m| |[7;1m [0m| || 6
[32;1m[Board] [0m   -------------------
[32;1m[Board] [0m 5 || |[7;1m [0m| |[7;1m [0m| |[7;1m [0m| |[7;1m [0m|| 5
[32;1m[Board] [0m   -------------------
[32;1m[Board] [0m 4 ||[7;1m [0m|[0;1mp[0m|[7;1m [0m|[30;1mQ[0m|[30;1mp[0m| |[7;1m [0m| || 4
[32;1m[Board] [0m   -------------------
[32;1m[Board] [0m 3 ||[0;1mp[0m|[7;1m [0m| |[7;1m [0m| |[7;1m [0m| |[7;1m [0m|| 3
[32;1m[Board] [0m   -------------------
[32;1m[Board] [0m 2 ||[7;1m [0m| |[7;1m [0m| |[7;1m [0m| |[0;1mp[0m|[0;1mp[0m|| 2
[32;1m[Board] [0m   -------------------
[32;1m[Board] [0m 1 || |[7;1m [0m| |[7;1m [0m| |[0;1mr[0m| |[0;1mK[0m|| 1
[32;1m[Board] [0m   -------------------
[32;1m[Board] [0m     a b c d e f g h
[32;1m[Board] [0m
[32;1m[Referee] [0mThis is the turn of the Black player...
[DEBUG] Input history filename: championship/chessmates-logic-and-proofs/history.csv
[DEBUG] Output move file: championship/chessmates-logic-and-proofs/move.csv
[Parser][ply=] 63
how i see the board before writing next move: Turn: Black
Enpassant: xx	Castling: xxxx
   ---- ---- ---- ---- ---- ---- ---- ----
8 |    |    |    |    |    |    | k  |    |
   ---- ---- ---- ---- ---- ---- ---- ----
7 | p  |    | p  |    |    |    | p  | p  |
   ---- ---- ---- ---- ---- ---- ---- ----
6 |    |    | p  |    |    |    |    |    |
   ---- ---- ---- ---- ---- ---- ---- ----
5 |    |    |    |    |    |    |    |    |
   ---- ---- ---- ---- ---- ---- ---- ----
4 |    | P  |    | q  | p  |    |    |    |
   ---- ---- ---- ---- ---- ---- ---- ----
3 | P  |    |    |    |    |    |    |    |
   ---- ---- ---- ---- ---- ---- ---- ----
2 |    |    |    |    |    |    | P  | P  |
   ---- ---- ---- ---- ---- ---- ---- ----
1 |    |    |    |    |    | R  |    | K  |
   ---- ---- ---- ---- ---- ---- ---- ----
    a    b    c    d    e    f    g    h
starting search...
depth: 1 score: 761 time: 0 nodes: 69 hashfull: 0
depth: 2 score: 743 time: 0 nodes: 187 hashfull: 0
depth: 3 score: 738 time: 1 nodes: 1592 hashfull: 0
depth: 4 score: 750 time: 2 nodes: 5234 hashfull: 0
depth: 5 score: 763 time: 4 nodes: 11449 hashfull: 0
depth: 6 score: 764 time: 12 nodes: 31107 hashfull: 1
depth: 7 score: 812 time: 98 nodes: 177454 hashfull: 6
depth: 8 score: 813 time: 64 nodes: 276603 hashfull: 10
depth: 9 score: 906 time: 468 nodes: 1022021 hashfull: 42
depth: 10 score: 1058 time: 526 nodes: 1833710 hashfull: 66
depth: 11 score: 1079 time: 406 nodes: 2651474 hashfull: 90
depth: 12 score: 1082 time: 943 nodes: 5104452 hashfull: 178
depth: 13 score: 1103 time: 1812 nodes: 9540163 hashfull: 259
[DEBUG] [Parser] Wrote to ouput file championship/chessmates-logic-and-proofs/move.csv move : e4e3
[32;1m[Game] [0mPlayer's error code: 0
[32;1m[Game] [0mChecking move validity...
[32;1m[Board] [0mInitializing board (size: 8)...
[32;1m[Board] [0m32 piece(s) on board.
[32;1m[Board] [0mLoading history file `championship/chessmates-logic-and-proofs/history.csv`...
[32;1m[Board] [0mLoaded 63 move(s).
[32;1m[Board] [0mHistory replayed, 14 piece(s) on board.
[32;1m[Board] [0mLoading move file `championship/chessmates-logic-and-proofs/move.csv`...
[32;1m[Board] [0mBlack player is playing e4 to e3.
[32;1m[Board] [0m
[32;1m[Board] [0m     a b c d e f g h
[32;1m[Board] [0m   -------------------
[32;1m[Board] [0m 8 ||[7;1m [0m| |[7;1m [0m| |[7;1m [0m| |[30;1mK[0m| || 8
[32;1m[Board] [0m   -------------------
[32;1m[Board] [0m 7 ||[30;1mp[0m|[7;1m [0m|[30;1mp[0m|[7;1m [0m| |[7;1m [0m|[30;1mp[0m|[30;1mp[0m|| 7
[32;1m[Board] [0m   -------------------
[32;1m[Board] [0m 6 ||[7;1m [0m| |[30;1mp[0m| |[7;1m [0m| |[7;1m [0m| || 6
[32;1m[Board] [0m   -------------------
[32;1m[Board] [0m 5 || |[7;1m [0m| |[7;1m [0m| |[7;1m [0m| |[7;1m [0m|| 5
[32;1m[Board] [0m   -------------------
[32;1m[Board] [0m 4 ||[7;1m [0m|[0;1mp[0m|[7;1m [0m|[30;1mQ[0m|[7;1m [0m| |[7;1m [0m| || 4
[32;1m[Board] [0m   -------------------
[32;1m[Board] [0m 3 ||[0;1mp[0m|[7;1m [0m| |[7;1m [0m|[30;1mp[0m|[7;1m [0m| |[7;1m [0m|| 3
[32;1m[Board] [0m   -------------------
[32;1m[Board] [0m 2 ||[7;1m [0m| |[7;1m [0m| |[7;1m [0m| |[0;1mp[0m|[0;1mp[0m|| 2
[32;1m[Board] [0m   -------------------
[32;1m[Board] [0m 1 || |[7;1m [0m| |[7;1m [0m| |[0;1mr[0m| |[0;1mK[0m|| 1
[32;1m[Board] [0m   -------------------
[32;1m[Board] [0m     a b c d e f g h
[32;1m[Board] [0m
[32;1m[Referee] [0mThis is the turn of the White player...

******k*
p*p***pp
**p*****
********
*P*q****
P***p***
******PP
*****R*K
f1b1
[32;1m[Game] [0mPlayer's error code: 0
[32;1m[Game] [0mChecking move validity...
[32;1m[Board] [0mInitializing board (size: 8)...
[32;1m[Board] [0m32 piece(s) on board.
[32;1m[Board] [0mLoading history file `championship/chessmates-logic-and-proofs/history.csv`...
[32;1m[Board] [0mLoaded 64 move(s).
[32;1m[Board] [0mHistory replayed, 14 piece(s) on board.
[32;1m[Board] [0mLoading move file `championship/chessmates-logic-and-proofs/move.csv`...
[32;1m[Board] [0mWhite player is playing f1 to b1.
[32;1m[Board] [0m
[32;1m[Board] [0m     a b c d e f g h
[32;1m[Board] [0m   -------------------
[32;1m[Board] [0m 8 ||[7;1m [0m| |[7;1m [0m| |[7;1m [0m| |[30;1mK[0m| || 8
[32;1m[Board] [0m   -------------------
[32;1m[Board] [0m 7 ||[30;1mp[0m|[7;1m [0m|[30;1mp[0m|[7;1m [0m| |[7;1m [0m|[30;1mp[0m|[30;1mp[0m|| 7
[32;1m[Board] [0m   -------------------
[32;1m[Board] [0m 6 ||[7;1m [0m| |[30;1mp[0m| |[7;1m [0m| |[7;1m [0m| || 6
[32;1m[Board] [0m   -------------------
[32;1m[Board] [0m 5 || |[7;1m [0m| |[7;1m [0m| |[7;1m [0m| |[7;1m [0m|| 5
[32;1m[Board] [0m   -------------------
[32;1m[Board] [0m 4 ||[7;1m [0m|[0;1mp[0m|[7;1m [0m|[30;1mQ[0m|[7;1m [0m| |[7;1m [0m| || 4
[32;1m[Board] [0m   -------------------
[32;1m[Board] [0m 3 ||[0;1mp[0m|[7;1m [0m| |[7;1m [0m|[30;1mp[0m|[7;1m [0m| |[7;1m [0m|| 3
[32;1m[Board] [0m   -------------------
[32;1m[Board] [0m 2 ||[7;1m [0m| |[7;1m [0m| |[7;1m [0m| |[0;1mp[0m|[0;1mp[0m|| 2
[32;1m[Board] [0m   -------------------
[32;1m[Board] [0m 1 || |[0;1mr[0m| |[7;1m [0m| |[7;1m [0m| |[0;1mK[0m|| 1
[32;1m[Board] [0m   -------------------
[32;1m[Board] [0m     a b c d e f g h
[32;1m[Board] [0m
[32;1m[Referee] [0mThis is the turn of the Black player...
[DEBUG] Input history filename: championship/chessmates-logic-and-proofs/history.csv
[DEBUG] Output move file: championship/chessmates-logic-and-proofs/move.csv
[Parser][ply=] 65
how i see the board before writing next move: Turn: Black
Enpassant: xx	Castling: xxxx
   ---- ---- ---- ---- ---- ---- ---- ----
8 |    |    |    |    |    |    | k  |    |
   ---- ---- ---- ---- ---- ---- ---- ----
7 | p  |    | p  |    |    |    | p  | p  |
   ---- ---- ---- ---- ---- ---- ---- ----
6 |    |    | p  |    |    |    |    |    |
   ---- ---- ---- ---- ---- ---- ---- ----
5 |    |    |    |    |    |    |    |    |
   ---- ---- ---- ---- ---- ---- ---- ----
4 |    | P  |    | q  |    |    |    |    |
   ---- ---- ---- ---- ---- ---- ---- ----
3 | P  |    |    |    | p  |    |    |    |
   ---- ---- ---- ---- ---- ---- ---- ----
2 |    |    |    |    |    |    | P  | P  |
   ---- ---- ---- ---- ---- ---- ---- ----
1 |    | R  |    |    |    |    |    | K  |
   ---- ---- ---- ---- ---- ---- ---- ----
    a    b    c    d    e    f    g    h
starting search...
depth: 1 score: 821 time: 0 nodes: 66 hashfull: 0
depth: 2 score: 814 time: 0 nodes: 207 hashfull: 0
depth: 3 score: 809 time: 0 nodes: 1440 hashfull: 0
depth: 4 score: 818 time: 1 nodes: 4724 hashfull: 0
depth: 5 score: 1061 time: 4 nodes: 15619 hashfull: 0
depth: 6 score: 1061 time: 7 nodes: 33109 hashfull: 1
depth: 7 score: 1086 time: 22 nodes: 81100 hashfull: 2
depth: 8 score: 1070 time: 33 nodes: 162238 hashfull: 6
depth: 9 score: 1134 time: 120 nodes: 460475 hashfull: 22
depth: 10 score: 1161 time: 303 nodes: 1155176 hashfull: 42
depth: 11 score: 1224 time: 455 nodes: 2286973 hashfull: 87
depth: 12 score: 1231 time: 2044 nodes: 7284247 hashfull: 225
depth: 13 score: 1250 time: 2286 nodes: 12775794 hashfull: 313
[DEBUG] [Parser] Wrote to ouput file championship/chessmates-logic-and-proofs/move.csv move : e3e2
[32;1m[Game] [0mPlayer's error code: 0
[32;1m[Game] [0mChecking move validity...
[32;1m[Board] [0mInitializing board (size: 8)...
[32;1m[Board] [0m32 piece(s) on board.
[32;1m[Board] [0mLoading history file `championship/chessmates-logic-and-proofs/history.csv`...
[32;1m[Board] [0mLoaded 65 move(s).
[32;1m[Board] [0mHistory replayed, 14 piece(s) on board.
[32;1m[Board] [0mLoading move file `championship/chessmates-logic-and-proofs/move.csv`...
[32;1m[Board] [0mBlack player is playing e3 to e2.
[32;1m[Board] [0m
[32;1m[Board] [0m     a b c d e f g h
[32;1m[Board] [0m   -------------------
[32;1m[Board] [0m 8 ||[7;1m [0m| |[7;1m [0m| |[7;1m [0m| |[30;1mK[0m| || 8
[32;1m[Board] [0m   -------------------
[32;1m[Board] [0m 7 ||[30;1mp[0m|[7;1m [0m|[30;1mp[0m|[7;1m [0m| |[7;1m [0m|[30;1mp[0m|[30;1mp[0m|| 7
[32;1m[Board] [0m   -------------------
[32;1m[Board] [0m 6 ||[7;1m [0m| |[30;1mp[0m| |[7;1m [0m| |[7;1m [0m| || 6
[32;1m[Board] [0m   -------------------
[32;1m[Board] [0m 5 || |[7;1m [0m| |[7;1m [0m| |[7;1m [0m| |[7;1m [0m|| 5
[32;1m[Board] [0m   -------------------
[32;1m[Board] [0m 4 ||[7;1m [0m|[0;1mp[0m|[7;1m [0m|[30;1mQ[0m|[7;1m [0m| |[7;1m [0m| || 4
[32;1m[Board] [0m   -------------------
[32;1m[Board] [0m 3 ||[0;1mp[0m|[7;1m [0m| |[7;1m [0m| |[7;1m [0m| |[7;1m [0m|| 3
[32;1m[Board] [0m   -------------------
[32;1m[Board] [0m 2 ||[7;1m [0m| |[7;1m [0m| |[30;1mp[0m| |[0;1mp[0m|[0;1mp[0m|| 2
[32;1m[Board] [0m   -------------------
[32;1m[Board] [0m 1 || |[0;1mr[0m| |[7;1m [0m| |[7;1m [0m| |[0;1mK[0m|| 1
[32;1m[Board] [0m   -------------------
[32;1m[Board] [0m     a b c d e f g h
[32;1m[Board] [0m
[32;1m[Referee] [0mThis is the turn of the White player...

******k*
p*p***pp
**p*****
********
*P*q****
P*******
****p*PP
*R*****K
h2h3
[32;1m[Game] [0mPlayer's error code: 0
[32;1m[Game] [0mChecking move validity...
[32;1m[Board] [0mInitializing board (size: 8)...
[32;1m[Board] [0m32 piece(s) on board.
[32;1m[Board] [0mLoading history file `championship/chessmates-logic-and-proofs/history.csv`...
[32;1m[Board] [0mLoaded 66 move(s).
[32;1m[Board] [0mHistory replayed, 14 piece(s) on board.
[32;1m[Board] [0mLoading move file `championship/chessmates-logic-and-proofs/move.csv`...
[32;1m[Board] [0mWhite player is playing h2 to h3.
[32;1m[Board] [0m
[32;1m[Board] [0m     a b c d e f g h
[32;1m[Board] [0m   -------------------
[32;1m[Board] [0m 8 ||[7;1m [0m| |[7;1m [0m| |[7;1m [0m| |[30;1mK[0m| || 8
[32;1m[Board] [0m   -------------------
[32;1m[Board] [0m 7 ||[30;1mp[0m|[7;1m [0m|[30;1mp[0m|[7;1m [0m| |[7;1m [0m|[30;1mp[0m|[30;1mp[0m|| 7
[32;1m[Board] [0m   -------------------
[32;1m[Board] [0m 6 ||[7;1m [0m| |[30;1mp[0m| |[7;1m [0m| |[7;1m [0m| || 6
[32;1m[Board] [0m   -------------------
[32;1m[Board] [0m 5 || |[7;1m [0m| |[7;1m [0m| |[7;1m [0m| |[7;1m [0m|| 5
[32;1m[Board] [0m   -------------------
[32;1m[Board] [0m 4 ||[7;1m [0m|[0;1mp[0m|[7;1m [0m|[30;1mQ[0m|[7;1m [0m| |[7;1m [0m| || 4
[32;1m[Board] [0m   -------------------
[32;1m[Board] [0m 3 ||[0;1mp[0m|[7;1m [0m| |[7;1m [0m| |[7;1m [0m| |[0;1mp[0m|| 3
[32;1m[Board] [0m   -------------------
[32;1m[Board] [0m 2 ||[7;1m [0m| |[7;1m [0m| |[30;1mp[0m| |[0;1mp[0m| || 2
[32;1m[Board] [0m   -------------------
[32;1m[Board] [0m 1 || |[0;1mr[0m| |[7;1m [0m| |[7;1m [0m| |[0;1mK[0m|| 1
[32;1m[Board] [0m   -------------------
[32;1m[Board] [0m     a b c d e f g h
[32;1m[Board] [0m
[32;1m[Referee] [0mThis is the turn of the Black player...
[DEBUG] Input history filename: championship/chessmates-logic-and-proofs/history.csv
[DEBUG] Output move file: championship/chessmates-logic-and-proofs/move.csv
[Parser][ply=] 67
how i see the board before writing next move: Turn: Black
Enpassant: xx	Castling: xxxx
   ---- ---- ---- ---- ---- ---- ---- ----
8 |    |    |    |    |    |    | k  |    |
   ---- ---- ---- ---- ---- ---- ---- ----
7 | p  |    | p  |    |    |    | p  | p  |
   ---- ---- ---- ---- ---- ---- ---- ----
6 |    |    | p  |    |    |    |    |    |
   ---- ---- ---- ---- ---- ---- ---- ----
5 |    |    |    |    |    |    |    |    |
   ---- ---- ---- ---- ---- ---- ---- ----
4 |    | P  |    | q  |    |    |    |    |
   ---- ---- ---- ---- ---- ---- ---- ----
3 | P  |    |    |    |    |    |    | P  |
   ---- ---- ---- ---- ---- ---- ---- ----
2 |    |    |    |    | p  |    | P  |    |
   ---- ---- ---- ---- ---- ---- ---- ----
1 |    | R  |    |    |    |    |    | K  |
   ---- ---- ---- ---- ---- ---- ---- ----
    a    b    c    d    e    f    g    h
starting search...
depth: 1 score: 837 time: 0 nodes: 101 hashfull: 0
depth: 2 score: 819 time: 0 nodes: 314 hashfull: 0
depth: 3 score: 1083 time: 0 nodes: 1245 hashfull: 0
depth: 4 score: 1062 time: 3 nodes: 4324 hashfull: 0
depth: 5 score: 1086 time: 4 nodes: 8550 hashfull: 0
depth: 6 score: 1070 time: 20 nodes: 31886 hashfull: 2
depth: 7 score: 1134 time: 58 nodes: 87984 hashfull: 3
depth: 8 score: 1241 time: 80 nodes: 170562 hashfull: 5
depth: 9 score: 1241 time: 264 nodes: 469479 hashfull: 24
depth: 10 score: 1231 time: 597 nodes: 1074991 hashfull: 37
depth: 11 score: 1256 time: 878 nodes: 1998698 hashfull: 64
depth: 12 score: 1253 time: 1490 nodes: 4819369 hashfull: 173
depth: 13 score: 1260 time: 1828 nodes: 9193284 hashfull: 235
depth: 14 score: 1256 time: 3208 nodes: 17055565 hashfull: 322
[DEBUG] [Parser] Wrote to ouput file championship/chessmates-logic-and-proofs/move.csv move : d4d1
[32;1m[Game] [0mPlayer's error code: 0
[32;1m[Game] [0mChecking move validity...
[32;1m[Board] [0mInitializing board (size: 8)...
[32;1m[Board] [0m32 piece(s) on board.
[32;1m[Board] [0mLoading history file `championship/chessmates-logic-and-proofs/history.csv`...
[32;1m[Board] [0mLoaded 67 move(s).
[32;1m[Board] [0mHistory replayed, 14 piece(s) on board.
[32;1m[Board] [0mLoading move file `championship/chessmates-logic-and-proofs/move.csv`...
[32;1m[Board] [0mBlack player is playing d4 to d1.
[32;1m[Board] [0m
[32;1m[Board] [0m     a b c d e f g h
[32;1m[Board] [0m   -------------------
[32;1m[Board] [0m 8 ||[7;1m [0m| |[7;1m [0m| |[7;1m [0m| |[30;1mK[0m| || 8
[32;1m[Board] [0m   -------------------
[32;1m[Board] [0m 7 ||[30;1mp[0m|[7;1m [0m|[30;1mp[0m|[7;1m [0m| |[7;1m [0m|[30;1mp[0m|[30;1mp[0m|| 7
[32;1m[Board] [0m   -------------------
[32;1m[Board] [0m 6 ||[7;1m [0m| |[30;1mp[0m| |[7;1m [0m| |[7;1m [0m| || 6
[32;1m[Board] [0m   -------------------
[32;1m[Board] [0m 5 || |[7;1m [0m| |[7;1m [0m| |[7;1m [0m| |[7;1m [0m|| 5
[32;1m[Board] [0m   -------------------
[32;1m[Board] [0m 4 ||[7;1m [0m|[0;1mp[0m|[7;1m [0m| |[7;1m [0m| |[7;1m [0m| || 4
[32;1m[Board] [0m   -------------------
[32;1m[Board] [0m 3 ||[0;1mp[0m|[7;1m [0m| |[7;1m [0m| |[7;1m [0m| |[0;1mp[0m|| 3
[32;1m[Board] [0m   -------------------
[32;1m[Board] [0m 2 ||[7;1m [0m| |[7;1m [0m| |[30;1mp[0m| |[0;1mp[0m| || 2
[32;1m[Board] [0m   -------------------
[32;1m[Board] [0m 1 || |[0;1mr[0m| |[30;1mQ[0m| |[7;1m [0m| |[0;1mK[0m|| 1
[32;1m[Board] [0m   -------------------
[32;1m[Board] [0m     a b c d e f g h
[32;1m[Board] [0m
[32;1m[Referee] [0mThis is the turn of the White player...

******k*
p*p***pp
**p*****
********
*P******
P******P
****p*P*
*R*q***K
b1d1
[32;1m[Game] [0mPlayer's error code: 0
[32;1m[Game] [0mChecking move validity...
[32;1m[Board] [0mInitializing board (size: 8)...
[32;1m[Board] [0m32 piece(s) on board.
[32;1m[Board] [0mLoading history file `championship/chessmates-logic-and-proofs/history.csv`...
[32;1m[Board] [0mLoaded 68 move(s).
[32;1m[Board] [0mHistory replayed, 14 piece(s) on board.
[32;1m[Board] [0mLoading move file `championship/chessmates-logic-and-proofs/move.csv`...
[32;1m[Board] [0mWhite player is playing b1 to d1.
[32;1m[Board] [0m[5;1mWhite Rook is taking Black Queen.[0m
[32;1m[Board] [0m
[32;1m[Board] [0m     a b c d e f g h
[32;1m[Board] [0m   -------------------
[32;1m[Board] [0m 8 ||[7;1m [0m| |[7;1m [0m| |[7;1m [0m| |[30;1mK[0m| || 8
[32;1m[Board] [0m   -------------------
[32;1m[Board] [0m 7 ||[30;1mp[0m|[7;1m [0m|[30;1mp[0m|[7;1m [0m| |[7;1m [0m|[30;1mp[0m|[30;1mp[0m|| 7
[32;1m[Board] [0m   -------------------
[32;1m[Board] [0m 6 ||[7;1m [0m| |[30;1mp[0m| |[7;1m [0m| |[7;1m [0m| || 6
[32;1m[Board] [0m   -------------------
[32;1m[Board] [0m 5 || |[7;1m [0m| |[7;1m [0m| |[7;1m [0m| |[7;1m [0m|| 5
[32;1m[Board] [0m   -------------------
[32;1m[Board] [0m 4 ||[7;1m [0m|[0;1mp[0m|[7;1m [0m| |[7;1m [0m| |[7;1m [0m| || 4
[32;1m[Board] [0m   -------------------
[32;1m[Board] [0m 3 ||[0;1mp[0m|[7;1m [0m| |[7;1m [0m| |[7;1m [0m| |[0;1mp[0m|| 3
[32;1m[Board] [0m   -------------------
[32;1m[Board] [0m 2 ||[7;1m [0m| |[7;1m [0m| |[30;1mp[0m| |[0;1mp[0m| || 2
[32;1m[Board] [0m   -------------------
[32;1m[Board] [0m 1 || |[7;1m [0m| |[0;1mr[0m| |[7;1m [0m| |[0;1mK[0m|| 1
[32;1m[Board] [0m   -------------------
[32;1m[Board] [0m     a b c d e f g h
[32;1m[Board] [0m
[32;1m[Referee] [0mThis is the turn of the Black player...
[DEBUG] Input history filename: championship/chessmates-logic-and-proofs/history.csv
[DEBUG] Output move file: championship/chessmates-logic-and-proofs/move.csv
[Parser][ply=] 69
how i see the board before writing next move: Turn: Black
Enpassant: xx	Castling: xxxx
   ---- ---- ---- ---- ---- ---- ---- ----
8 |    |    |    |    |    |    | k  |    |
   ---- ---- ---- ---- ---- ---- ---- ----
7 | p  |    | p  |    |    |    | p  | p  |
   ---- ---- ---- ---- ---- ---- ---- ----
6 |    |    | p  |    |    |    |    |    |
   ---- ---- ---- ---- ---- ---- ---- ----
5 |    |    |    |    |    |    |    |    |
   ---- ---- ---- ---- ---- ---- ---- ----
4 |    | P  |    |    |    |    |    |    |
   ---- ---- ---- ---- ---- ---- ---- ----
3 | P  |    |    |    |    |    |    | P  |
   ---- ---- ---- ---- ---- ---- ---- ----
2 |    |    |    |    | p  |    | P  |    |
   ---- ---- ---- ---- ---- ---- ---- ----
1 |    |    |    | R  |    |    |    | K  |
   ---- ---- ---- ---- ---- ---- ---- ----
    a    b    c    d    e    f    g    h
starting search...
depth: 1 score: 1083 time: 0 nodes: 44 hashfull: 0
depth: 2 score: 1062 time: 0 nodes: 88 hashfull: 0
depth: 3 score: 1086 time: 0 nodes: 592 hashfull: 0
depth: 4 score: 1070 time: 0 nodes: 1661 hashfull: 0
depth: 5 score: 1134 time: 1 nodes: 3737 hashfull: 0
depth: 6 score: 1241 time: 6 nodes: 12764 hashfull: 0
depth: 7 score: 1241 time: 10 nodes: 26905 hashfull: 1
depth: 8 score: 1226 time: 20 nodes: 56218 hashfull: 3
depth: 9 score: 1256 time: 81 nodes: 171156 hashfull: 9
depth: 10 score: 1253 time: 116 nodes: 332040 hashfull: 14
depth: 11 score: 1259 time: 260 nodes: 706922 hashfull: 38
depth: 12 score: 1256 time: 637 nodes: 1594620 hashfull: 72
depth: 13 score: 1259 time: 1008 nodes: 2985469 hashfull: 119
depth: 14 score: 1261 time: 1361 nodes: 5624735 hashfull: 216
[DEBUG] [Parser] Wrote to ouput file championship/chessmates-logic-and-proofs/move.csv move : e2d1q
[32;1m[Game] [0mPlayer's error code: 0
[32;1m[Game] [0mChecking move validity...
[32;1m[Board] [0mInitializing board (size: 8)...
[32;1m[Board] [0m32 piece(s) on board.
[32;1m[Board] [0mLoading history file `championship/chessmates-logic-and-proofs/history.csv`...
[32;1m[Board] [0mLoaded 69 move(s).
[32;1m[Board] [0mHistory replayed, 13 piece(s) on board.
[32;1m[Board] [0mLoading move file `championship/chessmates-logic-and-proofs/move.csv`...
[32;1m[Board] [0mBlack player is playing e2 to d1.
[32;1m[Board] [0m[5;1mBlack Pawn is taking White Rook.[0m
[32;1m[Board] [0mPromoting a Black Pawn into a Queen
[32;1m[Board] [0m
[32;1m[Board] [0m     a b c d e f g h
[32;1m[Board] [0m   -------------------
[32;1m[Board] [0m 8 ||[7;1m [0m| |[7;1m [0m| |[7;1m [0m| |[30;1mK[0m| || 8
[32;1m[Board] [0m   -------------------
[32;1m[Board] [0m 7 ||[30;1mp[0m|[7;1m [0m|[30;1mp[0m|[7;1m [0m| |[7;1m [0m|[30;1mp[0m|[30;1mp[0m|| 7
[32;1m[Board] [0m   -------------------
[32;1m[Board] [0m 6 ||[7;1m [0m| |[30;1mp[0m| |[7;1m [0m| |[7;1m [0m| || 6
[32;1m[Board] [0m   -------------------
[32;1m[Board] [0m 5 || |[7;1m [0m| |[7;1m [0m| |[7;1m [0m| |[7;1m [0m|| 5
[32;1m[Board] [0m   -------------------
[32;1m[Board] [0m 4 ||[7;1m [0m|[0;1mp[0m|[7;1m [0m| |[7;1m [0m| |[7;1m [0m| || 4
[32;1m[Board] [0m   -------------------
[32;1m[Board] [0m 3 ||[0;1mp[0m|[7;1m [0m| |[7;1m [0m| |[7;1m [0m| |[0;1mp[0m|| 3
[32;1m[Board] [0m   -------------------
[32;1m[Board] [0m 2 ||[7;1m [0m| |[7;1m [0m| |[7;1m [0m| |[0;1mp[0m| || 2
[32;1m[Board] [0m   -------------------
[32;1m[Board] [0m 1 || |[7;1m [0m| |[30;1mQ[0m| |[7;1m [0m| |[0;1mK[0m|| 1
[32;1m[Board] [0m   -------------------
[32;1m[Board] [0m     a b c d e f g h
[32;1m[Board] [0m
[32;1m[Referee] [0mThis is the turn of the White player...

******k*
p*p***pp
**p*****
********
*P******
P******P
******P*
***q***K
h1h2
[32;1m[Game] [0mPlayer's error code: 0
[32;1m[Game] [0mChecking move validity...
[32;1m[Board] [0mInitializing board (size: 8)...
[32;1m[Board] [0m32 piece(s) on board.
[32;1m[Board] [0mLoading history file `championship/chessmates-logic-and-proofs/history.csv`...
[32;1m[Board] [0mLoaded 70 move(s).
[32;1m[Board] [0mHistory replayed, 12 piece(s) on board.
[32;1m[Board] [0mLoading move file `championship/chessmates-logic-and-proofs/move.csv`...
[32;1m[Board] [0mWhite player is playing h1 to h2.
[32;1m[Board] [0m
[32;1m[Board] [0m     a b c d e f g h
[32;1m[Board] [0m   -------------------
[32;1m[Board] [0m 8 ||[7;1m [0m| |[7;1m [0m| |[7;1m [0m| |[30;1mK[0m| || 8
[32;1m[Board] [0m   -------------------
[32;1m[Board] [0m 7 ||[30;1mp[0m|[7;1m [0m|[30;1mp[0m|[7;1m [0m| |[7;1m [0m|[30;1mp[0m|[30;1mp[0m|| 7
[32;1m[Board] [0m   -------------------
[32;1m[Board] [0m 6 ||[7;1m [0m| |[30;1mp[0m| |[7;1m [0m| |[7;1m [0m| || 6
[32;1m[Board] [0m   -------------------
[32;1m[Board] [0m 5 || |[7;1m [0m| |[7;1m [0m| |[7;1m [0m| |[7;1m [0m|| 5
[32;1m[Board] [0m   -------------------
[32;1m[Board] [0m 4 ||[7;1m [0m|[0;1mp[0m|[7;1m [0m| |[7;1m [0m| |[7;1m [0m| || 4
[32;1m[Board] [0m   -------------------
[32;1m[Board] [0m 3 ||[0;1mp[0m|[7;1m [0m| |[7;1m [0m| |[7;1m [0m| |[0;1mp[0m|| 3
[32;1m[Board] [0m   -------------------
[32;1m[Board] [0m 2 ||[7;1m [0m| |[7;1m [0m| |[7;1m [0m| |[0;1mp[0m|[0;1mK[0m|| 2
[32;1m[Board] [0m   -------------------
[32;1m[Board] [0m 1 || |[7;1m [0m| |[30;1mQ[0m| |[7;1m [0m| |[7;1m [0m|| 1
[32;1m[Board] [0m   -------------------
[32;1m[Board] [0m     a b c d e f g h
[32;1m[Board] [0m
[32;1m[Referee] [0mThis is the turn of the Black player...
[DEBUG] Input history filename: championship/chessmates-logic-and-proofs/history.csv
[DEBUG] Output move file: championship/chessmates-logic-and-proofs/move.csv
[Parser][ply=] 71
how i see the board before writing next move: Turn: Black
Enpassant: xx	Castling: xxxx
   ---- ---- ---- ---- ---- ---- ---- ----
8 |    |    |    |    |    |    | k  |    |
   ---- ---- ---- ---- ---- ---- ---- ----
7 | p  |    | p  |    |    |    | p  | p  |
   ---- ---- ---- ---- ---- ---- ---- ----
6 |    |    | p  |    |    |    |    |    |
   ---- ---- ---- ---- ---- ---- ---- ----
5 |    |    |    |    |    |    |    |    |
   ---- ---- ---- ---- ---- ---- ---- ----
4 |    | P  |    |    |    |    |    |    |
   ---- ---- ---- ---- ---- ---- ---- ----
3 | P  |    |    |    |    |    |    | P  |
   ---- ---- ---- ---- ---- ---- ---- ----
2 |    |    |    |    |    |    | P  | K  |
   ---- ---- ---- ---- ---- ---- ---- ----
1 |    |    |    | q  |    |    |    |    |
   ---- ---- ---- ---- ---- ---- ---- ----
    a    b    c    d    e    f    g    h
starting search...
depth: 1 score: 1086 time: 0 nodes: 62 hashfull: 0
depth: 2 score: 1070 time: 0 nodes: 248 hashfull: 0
depth: 3 score: 1134 time: 0 nodes: 1202 hashfull: 0
depth: 4 score: 1241 time: 1 nodes: 3727 hashfull: 0
depth: 5 score: 1241 time: 1 nodes: 6473 hashfull: 0
depth: 6 score: 1226 time: 5 nodes: 18429 hashfull: 1
depth: 7 score: 1256 time: 25 nodes: 69437 hashfull: 3
depth: 8 score: 1253 time: 25 nodes: 123287 hashfull: 5
depth: 9 score: 1259 time: 122 nodes: 322127 hashfull: 21
depth: 10 score: 1256 time: 301 nodes: 721427 hashfull: 31
depth: 11 score: 1261 time: 505 nodes: 1418533 hashfull: 65
depth: 12 score: 1268 time: 1144 nodes: 3030642 hashfull: 144
depth: 13 score: 1269 time: 4203 nodes: 8754667 hashfull: 277
[DEBUG] [Parser] Wrote to ouput file championship/chessmates-logic-and-proofs/move.csv move : d1b3
[32;1m[Game] [0mPlayer's error code: 0
[32;1m[Game] [0mChecking move validity...
[32;1m[Board] [0mInitializing board (size: 8)...
[32;1m[Board] [0m32 piece(s) on board.
[32;1m[Board] [0mLoading history file `championship/chessmates-logic-and-proofs/history.csv`...
[32;1m[Board] [0mLoaded 71 move(s).
[32;1m[Board] [0mHistory replayed, 12 piece(s) on board.
[32;1m[Board] [0mLoading move file `championship/chessmates-logic-and-proofs/move.csv`...
[32;1m[Board] [0mBlack player is playing d1 to b3.
[32;1m[Board] [0m
[32;1m[Board] [0m     a b c d e f g h
[32;1m[Board] [0m   -------------------
[32;1m[Board] [0m 8 ||[7;1m [0m| |[7;1m [0m| |[7;1m [0m| |[30;1mK[0m| || 8
[32;1m[Board] [0m   -------------------
[32;1m[Board] [0m 7 ||[30;1mp[0m|[7;1m [0m|[30;1mp[0m|[7;1m [0m| |[7;1m [0m|[30;1mp[0m|[30;1mp[0m|| 7
[32;1m[Board] [0m   -------------------
[32;1m[Board] [0m 6 ||[7;1m [0m| |[30;1mp[0m| |[7;1m [0m| |[7;1m [0m| || 6
[32;1m[Board] [0m   -------------------
[32;1m[Board] [0m 5 || |[7;1m [0m| |[7;1m [0m| |[7;1m [0m| |[7;1m [0m|| 5
[32;1m[Board] [0m   -------------------
[32;1m[Board] [0m 4 ||[7;1m [0m|[0;1mp[0m|[7;1m [0m| |[7;1m [0m| |[7;1m [0m| || 4
[32;1m[Board] [0m   -------------------
[32;1m[Board] [0m 3 ||[0;1mp[0m|[30;1mQ[0m| |[7;1m [0m| |[7;1m [0m| |[0;1mp[0m|| 3
[32;1m[Board] [0m   -------------------
[32;1m[Board] [0m 2 ||[7;1m [0m| |[7;1m [0m| |[7;1m [0m| |[0;1mp[0m|[0;1mK[0m|| 2
[32;1m[Board] [0m   -------------------
[32;1m[Board] [0m 1 || |[7;1m [0m| |[7;1m [0m| |[7;1m [0m| |[7;1m [0m|| 1
[32;1m[Board] [0m   -------------------
[32;1m[Board] [0m     a b c d e f g h
[32;1m[Board] [0m
[32;1m[Referee] [0mThis is the turn of the White player...

******k*
p*p***pp
**p*****
********
*P******
Pq*****P
******PK
********
a3a4
[32;1m[Game] [0mPlayer's error code: 0
[32;1m[Game] [0mChecking move validity...
[32;1m[Board] [0mInitializing board (size: 8)...
[32;1m[Board] [0m32 piece(s) on board.
[32;1m[Board] [0mLoading history file `championship/chessmates-logic-and-proofs/history.csv`...
[32;1m[Board] [0mLoaded 72 move(s).
[32;1m[Board] [0mHistory replayed, 12 piece(s) on board.
[32;1m[Board] [0mLoading move file `championship/chessmates-logic-and-proofs/move.csv`...
[32;1m[Board] [0mWhite player is playing a3 to a4.
[32;1m[Board] [0m
[32;1m[Board] [0m     a b c d e f g h
[32;1m[Board] [0m   -------------------
[32;1m[Board] [0m 8 ||[7;1m [0m| |[7;1m [0m| |[7;1m [0m| |[30;1mK[0m| || 8
[32;1m[Board] [0m   -------------------
[32;1m[Board] [0m 7 ||[30;1mp[0m|[7;1m [0m|[30;1mp[0m|[7;1m [0m| |[7;1m [0m|[30;1mp[0m|[30;1mp[0m|| 7
[32;1m[Board] [0m   -------------------
[32;1m[Board] [0m 6 ||[7;1m [0m| |[30;1mp[0m| |[7;1m [0m| |[7;1m [0m| || 6
[32;1m[Board] [0m   -------------------
[32;1m[Board] [0m 5 || |[7;1m [0m| |[7;1m [0m| |[7;1m [0m| |[7;1m [0m|| 5
[32;1m[Board] [0m   -------------------
[32;1m[Board] [0m 4 ||[0;1mp[0m|[0;1mp[0m|[7;1m [0m| |[7;1m [0m| |[7;1m [0m| || 4
[32;1m[Board] [0m   -------------------
[32;1m[Board] [0m 3 || |[30;1mQ[0m| |[7;1m [0m| |[7;1m [0m| |[0;1mp[0m|| 3
[32;1m[Board] [0m   -------------------
[32;1m[Board] [0m 2 ||[7;1m [0m| |[7;1m [0m| |[7;1m [0m| |[0;1mp[0m|[0;1mK[0m|| 2
[32;1m[Board] [0m   -------------------
[32;1m[Board] [0m 1 || |[7;1m [0m| |[7;1m [0m| |[7;1m [0m| |[7;1m [0m|| 1
[32;1m[Board] [0m   -------------------
[32;1m[Board] [0m     a b c d e f g h
[32;1m[Board] [0m
[32;1m[Referee] [0mThis is the turn of the Black player...
[DEBUG] Input history filename: championship/chessmates-logic-and-proofs/history.csv
[DEBUG] Output move file: championship/chessmates-logic-and-proofs/move.csv
[Parser][ply=] 73
how i see the board before writing next move: Turn: Black
Enpassant: xx	Castling: xxxx
   ---- ---- ---- ---- ---- ---- ---- ----
8 |    |    |    |    |    |    | k  |    |
   ---- ---- ---- ---- ---- ---- ---- ----
7 | p  |    | p  |    |    |    | p  | p  |
   ---- ---- ---- ---- ---- ---- ---- ----
6 |    |    | p  |    |    |    |    |    |
   ---- ---- ---- ---- ---- ---- ---- ----
5 |    |    |    |    |    |    |    |    |
   ---- ---- ---- ---- ---- ---- ---- ----
4 | P  | P  |    |    |    |    |    |    |
   ---- ---- ---- ---- ---- ---- ---- ----
3 |    | q  |    |    |    |    |    | P  |
   ---- ---- ---- ---- ---- ---- ---- ----
2 |    |    |    |    |    |    | P  | K  |
   ---- ---- ---- ---- ---- ---- ---- ----
1 |    |    |    |    |    |    |    |    |
   ---- ---- ---- ---- ---- ---- ---- ----
    a    b    c    d    e    f    g    h
starting search...
depth: 1 score: 1169 time: 0 nodes: 56 hashfull: 0
depth: 2 score: 1234 time: 0 nodes: 205 hashfull: 0
depth: 3 score: 1251 time: 0 nodes: 858 hashfull: 0
depth: 4 score: 1246 time: 1 nodes: 2693 hashfull: 0
depth: 5 score: 1266 time: 2 nodes: 6677 hashfull: 0
depth: 6 score: 1261 time: 7 nodes: 17082 hashfull: 1
depth: 7 score: 1264 time: 32 nodes: 58938 hashfull: 2
depth: 8 score: 1273 time: 40 nodes: 113590 hashfull: 5
depth: 9 score: 1274 time: 117 nodes: 284682 hashfull: 18
depth: 10 score: 1276 time: 137 nodes: 581970 hashfull: 29
depth: 11 score: 1284 time: 296 nodes: 1232651 hashfull: 65
depth: 12 score: 1284 time: 807 nodes: 3034689 hashfull: 140
depth: 13 score: 1293 time: 2270 nodes: 7966957 hashfull: 253
depth: 14 score: 1313 time: 2798 nodes: 14043694 hashfull: 337
[DEBUG] [Parser] Wrote to ouput file championship/chessmates-logic-and-proofs/move.csv move : b3a4
[32;1m[Game] [0mPlayer's error code: 0
[32;1m[Game] [0mChecking move validity...
[32;1m[Board] [0mInitializing board (size: 8)...
[32;1m[Board] [0m32 piece(s) on board.
[32;1m[Board] [0mLoading history file `championship/chessmates-logic-and-proofs/history.csv`...
[32;1m[Board] [0mLoaded 73 move(s).
[32;1m[Board] [0mHistory replayed, 12 piece(s) on board.
[32;1m[Board] [0mLoading move file `championship/chessmates-logic-and-proofs/move.csv`...
[32;1m[Board] [0mBlack player is playing b3 to a4.
[32;1m[Board] [0m[5;1mBlack Queen is taking White Pawn.[0m
[32;1m[Board] [0m
[32;1m[Board] [0m     a b c d e f g h
[32;1m[Board] [0m   -------------------
[32;1m[Board] [0m 8 ||[7;1m [0m| |[7;1m [0m| |[7;1m [0m| |[30;1mK[0m| || 8
[32;1m[Board] [0m   -------------------
[32;1m[Board] [0m 7 ||[30;1mp[0m|[7;1m [0m|[30;1mp[0m|[7;1m [0m| |[7;1m [0m|[30;1mp[0m|[30;1mp[0m|| 7
[32;1m[Board] [0m   -------------------
[32;1m[Board] [0m 6 ||[7;1m [0m| |[30;1mp[0m| |[7;1m [0m| |[7;1m [0m| || 6
[32;1m[Board] [0m   -------------------
[32;1m[Board] [0m 5 || |[7;1m [0m| |[7;1m [0m| |[7;1m [0m| |[7;1m [0m|| 5
[32;1m[Board] [0m   -------------------
[32;1m[Board] [0m 4 ||[30;1mQ[0m|[0;1mp[0m|[7;1m [0m| |[7;1m [0m| |[7;1m [0m| || 4
[32;1m[Board] [0m   -------------------
[32;1m[Board] [0m 3 || |[7;1m [0m| |[7;1m [0m| |[7;1m [0m| |[0;1mp[0m|| 3
[32;1m[Board] [0m   -------------------
[32;1m[Board] [0m 2 ||[7;1m [0m| |[7;1m [0m| |[7;1m [0m| |[0;1mp[0m|[0;1mK[0m|| 2
[32;1m[Board] [0m   -------------------
[32;1m[Board] [0m 1 || |[7;1m [0m| |[7;1m [0m| |[7;1m [0m| |[7;1m [0m|| 1
[32;1m[Board] [0m   -------------------
[32;1m[Board] [0m     a b c d e f g h
[32;1m[Board] [0m
[32;1m[Referee] [0mThis is the turn of the White player...

******k*
p*p***pp
**p*****
********
qP******
*******P
******PK
********
h2g3
[32;1m[Game] [0mPlayer's error code: 0
[32;1m[Game] [0mChecking move validity...
[32;1m[Board] [0mInitializing board (size: 8)...
[32;1m[Board] [0m32 piece(s) on board.
[32;1m[Board] [0mLoading history file `championship/chessmates-logic-and-proofs/history.csv`...
[32;1m[Board] [0mLoaded 74 move(s).
[32;1m[Board] [0mHistory replayed, 11 piece(s) on board.
[32;1m[Board] [0mLoading move file `championship/chessmates-logic-and-proofs/move.csv`...
[32;1m[Board] [0mWhite player is playing h2 to g3.
[32;1m[Board] [0m
[32;1m[Board] [0m     a b c d e f g h
[32;1m[Board] [0m   -------------------
[32;1m[Board] [0m 8 ||[7;1m [0m| |[7;1m [0m| |[7;1m [0m| |[30;1mK[0m| || 8
[32;1m[Board] [0m   -------------------
[32;1m[Board] [0m 7 ||[30;1mp[0m|[7;1m [0m|[30;1mp[0m|[7;1m [0m| |[7;1m [0m|[30;1mp[0m|[30;1mp[0m|| 7
[32;1m[Board] [0m   -------------------
[32;1m[Board] [0m 6 ||[7;1m [0m| |[30;1mp[0m| |[7;1m [0m| |[7;1m [0m| || 6
[32;1m[Board] [0m   -------------------
[32;1m[Board] [0m 5 || |[7;1m [0m| |[7;1m [0m| |[7;1m [0m| |[7;1m [0m|| 5
[32;1m[Board] [0m   -------------------
[32;1m[Board] [0m 4 ||[30;1mQ[0m|[0;1mp[0m|[7;1m [0m| |[7;1m [0m| |[7;1m [0m| || 4
[32;1m[Board] [0m   -------------------
[32;1m[Board] [0m 3 || |[7;1m [0m| |[7;1m [0m| |[7;1m [0m|[0;1mK[0m|[0;1mp[0m|| 3
[32;1m[Board] [0m   -------------------
[32;1m[Board] [0m 2 ||[7;1m [0m| |[7;1m [0m| |[7;1m [0m| |[0;1mp[0m| || 2
[32;1m[Board] [0m   -------------------
[32;1m[Board] [0m 1 || |[7;1m [0m| |[7;1m [0m| |[7;1m [0m| |[7;1m [0m|| 1
[32;1m[Board] [0m   -------------------
[32;1m[Board] [0m     a b c d e f g h
[32;1m[Board] [0m
[32;1m[Referee] [0mThis is the turn of the Black player...
[DEBUG] Input history filename: championship/chessmates-logic-and-proofs/history.csv
[DEBUG] Output move file: championship/chessmates-logic-and-proofs/move.csv
[Parser][ply=] 75
how i see the board before writing next move: Turn: Black
Enpassant: xx	Castling: xxxx
   ---- ---- ---- ---- ---- ---- ---- ----
8 |    |    |    |    |    |    | k  |    |
   ---- ---- ---- ---- ---- ---- ---- ----
7 | p  |    | p  |    |    |    | p  | p  |
   ---- ---- ---- ---- ---- ---- ---- ----
6 |    |    | p  |    |    |    |    |    |
   ---- ---- ---- ---- ---- ---- ---- ----
5 |    |    |    |    |    |    |    |    |
   ---- ---- ---- ---- ---- ---- ---- ----
4 | q  | P  |    |    |    |    |    |    |
   ---- ---- ---- ---- ---- ---- ---- ----
3 |    |    |    |    |    |    | K  | P  |
   ---- ---- ---- ---- ---- ---- ---- ----
2 |    |    |    |    |    |    | P  |    |
   ---- ---- ---- ---- ---- ---- ---- ----
1 |    |    |    |    |    |    |    |    |
   ---- ---- ---- ---- ---- ---- ---- ----
    a    b    c    d    e    f    g    h
starting search...
depth: 1 score: 1251 time: 0 nodes: 40 hashfull: 0
depth: 2 score: 1246 time: 0 nodes: 91 hashfull: 0
depth: 3 score: 1270 time: 0 nodes: 531 hashfull: 0
depth: 4 score: 1267 time: 0 nodes: 1656 hashfull: 0
depth: 5 score: 1264 time: 1 nodes: 4406 hashfull: 0
depth: 6 score: 1273 time: 3 nodes: 12372 hashfull: 0
depth: 7 score: 1280 time: 16 nodes: 46762 hashfull: 2
depth: 8 score: 1278 time: 19 nodes: 88946 hashfull: 4
depth: 9 score: 1294 time: 97 nodes: 310976 hashfull: 19
depth: 10 score: 1293 time: 150 nodes: 630135 hashfull: 29
depth: 11 score: 1349 time: 692 nodes: 2152421 hashfull: 92
depth: 12 score: 1366 time: 1157 nodes: 4685013 hashfull: 176
depth: 13 score: 1369 time: 1054 nodes: 6963968 hashfull: 216
depth: 14 score: 1381 time: 5838 nodes: 19611454 hashfull: 385
[DEBUG] [Parser] Wrote to ouput file championship/chessmates-logic-and-proofs/move.csv move : a4b4
[32;1m[Game] [0mPlayer's error code: 0
[32;1m[Game] [0mChecking move validity...
[32;1m[Board] [0mInitializing board (size: 8)...
[32;1m[Board] [0m32 piece(s) on board.
[32;1m[Board] [0mLoading history file `championship/chessmates-logic-and-proofs/history.csv`...
[32;1m[Board] [0mLoaded 75 move(s).
[32;1m[Board] [0mHistory replayed, 11 piece(s) on board.
[32;1m[Board] [0mLoading move file `championship/chessmates-logic-and-proofs/move.csv`...
[32;1m[Board] [0mBlack player is playing a4 to b4.
[32;1m[Board] [0m[5;1mBlack Queen is taking White Pawn.[0m
[32;1m[Board] [0m
[32;1m[Board] [0m     a b c d e f g h
[32;1m[Board] [0m   -------------------
[32;1m[Board] [0m 8 ||[7;1m [0m| |[7;1m [0m| |[7;1m [0m| |[30;1mK[0m| || 8
[32;1m[Board] [0m   -------------------
[32;1m[Board] [0m 7 ||[30;1mp[0m|[7;1m [0m|[30;1mp[0m|[7;1m [0m| |[7;1m [0m|[30;1mp[0m|[30;1mp[0m|| 7
[32;1m[Board] [0m   -------------------
[32;1m[Board] [0m 6 ||[7;1m [0m| |[30;1mp[0m| |[7;1m [0m| |[7;1m [0m| || 6
[32;1m[Board] [0m   -------------------
[32;1m[Board] [0m 5 || |[7;1m [0m| |[7;1m [0m| |[7;1m [0m| |[7;1m [0m|| 5
[32;1m[Board] [0m   -------------------
[32;1m[Board] [0m 4 ||[7;1m [0m|[30;1mQ[0m|[7;1m [0m| |[7;1m [0m| |[7;1m [0m| || 4
[32;1m[Board] [0m   -------------------
[32;1m[Board] [0m 3 || |[7;1m [0m| |[7;1m [0m| |[7;1m [0m|[0;1mK[0m|[0;1mp[0m|| 3
[32;1m[Board] [0m   -------------------
[32;1m[Board] [0m 2 ||[7;1m [0m| |[7;1m [0m| |[7;1m [0m| |[0;1mp[0m| || 2
[32;1m[Board] [0m   -------------------
[32;1m[Board] [0m 1 || |[7;1m [0m| |[7;1m [0m| |[7;1m [0m| |[7;1m [0m|| 1
[32;1m[Board] [0m   -------------------
[32;1m[Board] [0m     a b c d e f g h
[32;1m[Board] [0m
[32;1m[Referee] [0mThis is the turn of the White player...

******k*
p*p***pp
**p*****
********
*q******
******KP
******P*
********
g3f3
[32;1m[Game] [0mPlayer's error code: 0
[32;1m[Game] [0mChecking move validity...
[32;1m[Board] [0mInitializing board (size: 8)...
[32;1m[Board] [0m32 piece(s) on board.
[32;1m[Board] [0mLoading history file `championship/chessmates-logic-and-proofs/history.csv`...
[32;1m[Board] [0mLoaded 76 move(s).
[32;1m[Board] [0mHistory replayed, 10 piece(s) on board.
[32;1m[Board] [0mLoading move file `championship/chessmates-logic-and-proofs/move.csv`...
[32;1m[Board] [0mWhite player is playing g3 to f3.
[32;1m[Board] [0m
[32;1m[Board] [0m     a b c d e f g h
[32;1m[Board] [0m   -------------------
[32;1m[Board] [0m 8 ||[7;1m [0m| |[7;1m [0m| |[7;1m [0m| |[30;1mK[0m| || 8
[32;1m[Board] [0m   -------------------
[32;1m[Board] [0m 7 ||[30;1mp[0m|[7;1m [0m|[30;1mp[0m|[7;1m [0m| |[7;1m [0m|[30;1mp[0m|[30;1mp[0m|| 7
[32;1m[Board] [0m   -------------------
[32;1m[Board] [0m 6 ||[7;1m [0m| |[30;1mp[0m| |[7;1m [0m| |[7;1m [0m| || 6
[32;1m[Board] [0m   -------------------
[32;1m[Board] [0m 5 || |[7;1m [0m| |[7;1m [0m| |[7;1m [0m| |[7;1m [0m|| 5
[32;1m[Board] [0m   -------------------
[32;1m[Board] [0m 4 ||[7;1m [0m|[30;1mQ[0m|[7;1m [0m| |[7;1m [0m| |[7;1m [0m| || 4
[32;1m[Board] [0m   -------------------
[32;1m[Board] [0m 3 || |[7;1m [0m| |[7;1m [0m| |[0;1mK[0m| |[0;1mp[0m|| 3
[32;1m[Board] [0m   -------------------
[32;1m[Board] [0m 2 ||[7;1m [0m| |[7;1m [0m| |[7;1m [0m| |[0;1mp[0m| || 2
[32;1m[Board] [0m   -------------------
[32;1m[Board] [0m 1 || |[7;1m [0m| |[7;1m [0m| |[7;1m [0m| |[7;1m [0m|| 1
[32;1m[Board] [0m   -------------------
[32;1m[Board] [0m     a b c d e f g h
[32;1m[Board] [0m
[32;1m[Referee] [0mThis is the turn of the Black player...
[DEBUG] Input history filename: championship/chessmates-logic-and-proofs/history.csv
[DEBUG] Output move file: championship/chessmates-logic-and-proofs/move.csv
[Parser][ply=] 77
how i see the board before writing next move: Turn: Black
Enpassant: xx	Castling: xxxx
   ---- ---- ---- ---- ---- ---- ---- ----
8 |    |    |    |    |    |    | k  |    |
   ---- ---- ---- ---- ---- ---- ---- ----
7 | p  |    | p  |    |    |    | p  | p  |
   ---- ---- ---- ---- ---- ---- ---- ----
6 |    |    | p  |    |    |    |    |    |
   ---- ---- ---- ---- ---- ---- ---- ----
5 |    |    |    |    |    |    |    |    |
   ---- ---- ---- ---- ---- ---- ---- ----
4 |    | q  |    |    |    |    |    |    |
   ---- ---- ---- ---- ---- ---- ---- ----
3 |    |    |    |    |    | K  |    | P  |
   ---- ---- ---- ---- ---- ---- ---- ----
2 |    |    |    |    |    |    | P  |    |
   ---- ---- ---- ---- ---- ---- ---- ----
1 |    |    |    |    |    |    |    |    |
   ---- ---- ---- ---- ---- ---- ---- ----
    a    b    c    d    e    f    g    h
starting search...
depth: 1 score: 1270 time: 0 nodes: 66 hashfull: 0
depth: 2 score: 1267 time: 0 nodes: 149 hashfull: 0
depth: 3 score: 1275 time: 0 nodes: 800 hashfull: 0
depth: 4 score: 1277 time: 1 nodes: 3183 hashfull: 0
depth: 5 score: 1281 time: 2 nodes: 7586 hashfull: 0
depth: 6 score: 1279 time: 7 nodes: 25160 hashfull: 1
depth: 7 score: 1282 time: 22 nodes: 74366 hashfull: 3
depth: 8 score: 1285 time: 69 nodes: 232979 hashfull: 13
depth: 9 score: 1316 time: 143 nodes: 550016 hashfull: 32
depth: 10 score: 1329 time: 357 nodes: 1302402 hashfull: 53
depth: 11 score: 1341 time: 615 nodes: 2646036 hashfull: 100
depth: 12 score: 1358 time: 1538 nodes: 6055558 hashfull: 217
depth: 13 score: 1417 time: 5247 nodes: 17470274 hashfull: 356
[DEBUG] [Parser] Wrote to ouput file championship/chessmates-logic-and-proofs/move.csv move : a7a5
[32;1m[Game] [0mPlayer's error code: 0
[32;1m[Game] [0mChecking move validity...
[32;1m[Board] [0mInitializing board (size: 8)...
[32;1m[Board] [0m32 piece(s) on board.
[32;1m[Board] [0mLoading history file `championship/chessmates-logic-and-proofs/history.csv`...
[32;1m[Board] [0mLoaded 77 move(s).
[32;1m[Board] [0mHistory replayed, 10 piece(s) on board.
[32;1m[Board] [0mLoading move file `championship/chessmates-logic-and-proofs/move.csv`...
[32;1m[Board] [0mBlack player is playing a7 to a5.
[32;1m[Board] [0m
[32;1m[Board] [0m     a b c d e f g h
[32;1m[Board] [0m   -------------------
[32;1m[Board] [0m 8 ||[7;1m [0m| |[7;1m [0m| |[7;1m [0m| |[30;1mK[0m| || 8
[32;1m[Board] [0m   -------------------
[32;1m[Board] [0m 7 || |[7;1m [0m|[30;1mp[0m|[7;1m [0m| |[7;1m [0m|[30;1mp[0m|[30;1mp[0m|| 7
[32;1m[Board] [0m   -------------------
[32;1m[Board] [0m 6 ||[7;1m [0m| |[30;1mp[0m| |[7;1m [0m| |[7;1m [0m| || 6
[32;1m[Board] [0m   -------------------
[32;1m[Board] [0m 5 ||[30;1mp[0m|[7;1m [0m| |[7;1m [0m| |[7;1m [0m| |[7;1m [0m|| 5
[32;1m[Board] [0m   -------------------
[32;1m[Board] [0m 4 ||[7;1m [0m|[30;1mQ[0m|[7;1m [0m| |[7;1m [0m| |[7;1m [0m| || 4
[32;1m[Board] [0m   -------------------
[32;1m[Board] [0m 3 || |[7;1m [0m| |[7;1m [0m| |[0;1mK[0m| |[0;1mp[0m|| 3
[32;1m[Board] [0m   -------------------
[32;1m[Board] [0m 2 ||[7;1m [0m| |[7;1m [0m| |[7;1m [0m| |[0;1mp[0m| || 2
[32;1m[Board] [0m   -------------------
[32;1m[Board] [0m 1 || |[7;1m [0m| |[7;1m [0m| |[7;1m [0m| |[7;1m [0m|| 1
[32;1m[Board] [0m   -------------------
[32;1m[Board] [0m     a b c d e f g h
[32;1m[Board] [0m
[32;1m[Referee] [0mThis is the turn of the White player...

******k*
**p***pp
**p*****
p*******
*q******
*****K*P
******P*
********
f3e3
[32;1m[Game] [0mPlayer's error code: 0
[32;1m[Game] [0mChecking move validity...
[32;1m[Board] [0mInitializing board (size: 8)...
[32;1m[Board] [0m32 piece(s) on board.
[32;1m[Board] [0mLoading history file `championship/chessmates-logic-and-proofs/history.csv`...
[32;1m[Board] [0mLoaded 78 move(s).
[32;1m[Board] [0mHistory replayed, 10 piece(s) on board.
[32;1m[Board] [0mLoading move file `championship/chessmates-logic-and-proofs/move.csv`...
[32;1m[Board] [0mWhite player is playing f3 to e3.
[32;1m[Board] [0m
[32;1m[Board] [0m     a b c d e f g h
[32;1m[Board] [0m   -------------------
[32;1m[Board] [0m 8 ||[7;1m [0m| |[7;1m [0m| |[7;1m [0m| |[30;1mK[0m| || 8
[32;1m[Board] [0m   -------------------
[32;1m[Board] [0m 7 || |[7;1m [0m|[30;1mp[0m|[7;1m [0m| |[7;1m [0m|[30;1mp[0m|[30;1mp[0m|| 7
[32;1m[Board] [0m   -------------------
[32;1m[Board] [0m 6 ||[7;1m [0m| |[30;1mp[0m| |[7;1m [0m| |[7;1m [0m| || 6
[32;1m[Board] [0m   -------------------
[32;1m[Board] [0m 5 ||[30;1mp[0m|[7;1m [0m| |[7;1m [0m| |[7;1m [0m| |[7;1m [0m|| 5
[32;1m[Board] [0m   -------------------
[32;1m[Board] [0m 4 ||[7;1m [0m|[30;1mQ[0m|[7;1m [0m| |[7;1m [0m| |[7;1m [0m| || 4
[32;1m[Board] [0m   -------------------
[32;1m[Board] [0m 3 || |[7;1m [0m| |[7;1m [0m|[0;1mK[0m|[7;1m [0m| |[0;1mp[0m|| 3
[32;1m[Board] [0m   -------------------
[32;1m[Board] [0m 2 ||[7;1m [0m| |[7;1m [0m| |[7;1m [0m| |[0;1mp[0m| || 2
[32;1m[Board] [0m   -------------------
[32;1m[Board] [0m 1 || |[7;1m [0m| |[7;1m [0m| |[7;1m [0m| |[7;1m [0m|| 1
[32;1m[Board] [0m   -------------------
[32;1m[Board] [0m     a b c d e f g h
[32;1m[Board] [0m
[32;1m[Referee] [0mThis is the turn of the Black player...
[DEBUG] Input history filename: championship/chessmates-logic-and-proofs/history.csv
[DEBUG] Output move file: championship/chessmates-logic-and-proofs/move.csv
[Parser][ply=] 79
how i see the board before writing next move: Turn: Black
Enpassant: xx	Castling: xxxx
   ---- ---- ---- ---- ---- ---- ---- ----
8 |    |    |    |    |    |    | k  |    |
   ---- ---- ---- ---- ---- ---- ---- ----
7 |    |    | p  |    |    |    | p  | p  |
   ---- ---- ---- ---- ---- ---- ---- ----
6 |    |    | p  |    |    |    |    |    |
   ---- ---- ---- ---- ---- ---- ---- ----
5 | p  |    |    |    |    |    |    |    |
   ---- ---- ---- ---- ---- ---- ---- ----
4 |    | q  |    |    |    |    |    |    |
   ---- ---- ---- ---- ---- ---- ---- ----
3 |    |    |    |    | K  |    |    | P  |
   ---- ---- ---- ---- ---- ---- ---- ----
2 |    |    |    |    |    |    | P  |    |
   ---- ---- ---- ---- ---- ---- ---- ----
1 |    |    |    |    |    |    |    |    |
   ---- ---- ---- ---- ---- ---- ---- ----
    a    b    c    d    e    f    g    h
starting search...
depth: 1 score: 1271 time: 0 nodes: 62 hashfull: 0
depth: 2 score: 1273 time: 0 nodes: 144 hashfull: 0
depth: 3 score: 1289 time: 0 nodes: 969 hashfull: 0
depth: 4 score: 1287 time: 1 nodes: 2988 hashfull: 0
depth: 5 score: 1324 time: 5 nodes: 10901 hashfull: 0
depth: 6 score: 1326 time: 6 nodes: 21488 hashfull: 1
depth: 7 score: 1406 time: 42 nodes: 78714 hashfull: 3
depth: 8 score: 1403 time: 34 nodes: 127871 hashfull: 5
depth: 9 score: 1477 time: 188 nodes: 396167 hashfull: 21
depth: 10 score: 1477 time: 242 nodes: 721258 hashfull: 31
depth: 11 score: 2177 time: 1514 nodes: 3116504 hashfull: 125
depth: 12 score: 2183 time: 1295 nodes: 5995101 hashfull: 207
depth: 13 score: 2184 time: 2707 nodes: 11905077 hashfull: 287
[DEBUG] [Parser] Wrote to ouput file championship/chessmates-logic-and-proofs/move.csv move : a5a4
[32;1m[Game] [0mPlayer's error code: 0
[32;1m[Game] [0mChecking move validity...
[32;1m[Board] [0mInitializing board (size: 8)...
[32;1m[Board] [0m32 piece(s) on board.
[32;1m[Board] [0mLoading history file `championship/chessmates-logic-and-proofs/history.csv`...
[32;1m[Board] [0mLoaded 79 move(s).
[32;1m[Board] [0mHistory replayed, 10 piece(s) on board.
[32;1m[Board] [0mLoading move file `championship/chessmates-logic-and-proofs/move.csv`...
[32;1m[Board] [0mBlack player is playing a5 to a4.
[32;1m[Board] [0m
[32;1m[Board] [0m     a b c d e f g h
[32;1m[Board] [0m   -------------------
[32;1m[Board] [0m 8 ||[7;1m [0m| |[7;1m [0m| |[7;1m [0m| |[30;1mK[0m| || 8
[32;1m[Board] [0m   -------------------
[32;1m[Board] [0m 7 || |[7;1m [0m|[30;1mp[0m|[7;1m [0m| |[7;1m [0m|[30;1mp[0m|[30;1mp[0m|| 7
[32;1m[Board] [0m   -------------------
[32;1m[Board] [0m 6 ||[7;1m [0m| |[30;1mp[0m| |[7;1m [0m| |[7;1m [0m| || 6
[32;1m[Board] [0m   -------------------
[32;1m[Board] [0m 5 || |[7;1m [0m| |[7;1m [0m| |[7;1m [0m| |[7;1m [0m|| 5
[32;1m[Board] [0m   -------------------
[32;1m[Board] [0m 4 ||[30;1mp[0m|[30;1mQ[0m|[7;1m [0m| |[7;1m [0m| |[7;1m [0m| || 4
[32;1m[Board] [0m   -------------------
[32;1m[Board] [0m 3 || |[7;1m [0m| |[7;1m [0m|[0;1mK[0m|[7;1m [0m| |[0;1mp[0m|| 3
[32;1m[Board] [0m   -------------------
[32;1m[Board] [0m 2 ||[7;1m [0m| |[7;1m [0m| |[7;1m [0m| |[0;1mp[0m| || 2
[32;1m[Board] [0m   -------------------
[32;1m[Board] [0m 1 || |[7;1m [0m| |[7;1m [0m| |[7;1m [0m| |[7;1m [0m|| 1
[32;1m[Board] [0m   -------------------
[32;1m[Board] [0m     a b c d e f g h
[32;1m[Board] [0m
[32;1m[Referee] [0mThis is the turn of the White player...

******k*
**p***pp
**p*****
********
pq******
****K**P
******P*
********
e3f2
[32;1m[Game] [0mPlayer's error code: 0
[32;1m[Game] [0mChecking move validity...
[32;1m[Board] [0mInitializing board (size: 8)...
[32;1m[Board] [0m32 piece(s) on board.
[32;1m[Board] [0mLoading history file `championship/chessmates-logic-and-proofs/history.csv`...
[32;1m[Board] [0mLoaded 80 move(s).
[32;1m[Board] [0mHistory replayed, 10 piece(s) on board.
[32;1m[Board] [0mLoading move file `championship/chessmates-logic-and-proofs/move.csv`...
[32;1m[Board] [0mWhite player is playing e3 to f2.
[32;1m[Board] [0m
[32;1m[Board] [0m     a b c d e f g h
[32;1m[Board] [0m   -------------------
[32;1m[Board] [0m 8 ||[7;1m [0m| |[7;1m [0m| |[7;1m [0m| |[30;1mK[0m| || 8
[32;1m[Board] [0m   -------------------
[32;1m[Board] [0m 7 || |[7;1m [0m|[30;1mp[0m|[7;1m [0m| |[7;1m [0m|[30;1mp[0m|[30;1mp[0m|| 7
[32;1m[Board] [0m   -------------------
[32;1m[Board] [0m 6 ||[7;1m [0m| |[30;1mp[0m| |[7;1m [0m| |[7;1m [0m| || 6
[32;1m[Board] [0m   -------------------
[32;1m[Board] [0m 5 || |[7;1m [0m| |[7;1m [0m| |[7;1m [0m| |[7;1m [0m|| 5
[32;1m[Board] [0m   -------------------
[32;1m[Board] [0m 4 ||[30;1mp[0m|[30;1mQ[0m|[7;1m [0m| |[7;1m [0m| |[7;1m [0m| || 4
[32;1m[Board] [0m   -------------------
[32;1m[Board] [0m 3 || |[7;1m [0m| |[7;1m [0m| |[7;1m [0m| |[0;1mp[0m|| 3
[32;1m[Board] [0m   -------------------
[32;1m[Board] [0m 2 ||[7;1m [0m| |[7;1m [0m| |[7;1m [0m|[0;1mK[0m|[0;1mp[0m| || 2
[32;1m[Board] [0m   -------------------
[32;1m[Board] [0m 1 || |[7;1m [0m| |[7;1m [0m| |[7;1m [0m| |[7;1m [0m|| 1
[32;1m[Board] [0m   -------------------
[32;1m[Board] [0m     a b c d e f g h
[32;1m[Board] [0m
[32;1m[Referee] [0mThis is the turn of the Black player...
[DEBUG] Input history filename: championship/chessmates-logic-and-proofs/history.csv
[DEBUG] Output move file: championship/chessmates-logic-and-proofs/move.csv
[Parser][ply=] 81
how i see the board before writing next move: Turn: Black
Enpassant: xx	Castling: xxxx
   ---- ---- ---- ---- ---- ---- ---- ----
8 |    |    |    |    |    |    | k  |    |
   ---- ---- ---- ---- ---- ---- ---- ----
7 |    |    | p  |    |    |    | p  | p  |
   ---- ---- ---- ---- ---- ---- ---- ----
6 |    |    | p  |    |    |    |    |    |
   ---- ---- ---- ---- ---- ---- ---- ----
5 |    |    |    |    |    |    |    |    |
   ---- ---- ---- ---- ---- ---- ---- ----
4 | p  | q  |    |    |    |    |    |    |
   ---- ---- ---- ---- ---- ---- ---- ----
3 |    |    |    |    |    |    |    | P  |
   ---- ---- ---- ---- ---- ---- ---- ----
2 |    |    |    |    |    | K  | P  |    |
   ---- ---- ---- ---- ---- ---- ---- ----
1 |    |    |    |    |    |    |    |    |
   ---- ---- ---- ---- ---- ---- ---- ----
    a    b    c    d    e    f    g    h
starting search...
depth: 1 score: 1330 time: 0 nodes: 62 hashfull: 0
depth: 2 score: 1319 time: 0 nodes: 143 hashfull: 0
depth: 3 score: 1406 time: 0 nodes: 1458 hashfull: 0
depth: 4 score: 1408 time: 1 nodes: 3833 hashfull: 0
depth: 5 score: 2159 time: 3 nodes: 12231 hashfull: 0
depth: 6 score: 2155 time: 4 nodes: 22016 hashfull: 1
depth: 7 score: 2169 time: 16 nodes: 56171 hashfull: 2
depth: 8 score: 2172 time: 29 nodes: 121058 hashfull: 5
depth: 9 score: 2184 time: 88 nodes: 313561 hashfull: 19
depth: 10 score: 2189 time: 227 nodes: 799990 hashfull: 38
depth: 11 score: 2197 time: 382 nodes: 1628240 hashfull: 70
depth: 12 score: 2199 time: 1043 nodes: 3913970 hashfull: 149
depth: 13 score: 2201 time: 1935 nodes: 8097882 hashfull: 232
depth: 14 score: 2208 time: 3937 nodes: 16609741 hashfull: 328
[DEBUG] [Parser] Wrote to ouput file championship/chessmates-logic-and-proofs/move.csv move : a4a3
[32;1m[Game] [0mPlayer's error code: 0
[32;1m[Game] [0mChecking move validity...
[32;1m[Board] [0mInitializing board (size: 8)...
[32;1m[Board] [0m32 piece(s) on board.
[32;1m[Board] [0mLoading history file `championship/chessmates-logic-and-proofs/history.csv`...
[32;1m[Board] [0mLoaded 81 move(s).
[32;1m[Board] [0mHistory replayed, 10 piece(s) on board.
[32;1m[Board] [0mLoading move file `championship/chessmates-logic-and-proofs/move.csv`...
[32;1m[Board] [0mBlack player is playing a4 to a3.
[32;1m[Board] [0m
[32;1m[Board] [0m     a b c d e f g h
[32;1m[Board] [0m   -------------------
[32;1m[Board] [0m 8 ||[7;1m [0m| |[7;1m [0m| |[7;1m [0m| |[30;1mK[0m| || 8
[32;1m[Board] [0m   -------------------
[32;1m[Board] [0m 7 || |[7;1m [0m|[30;1mp[0m|[7;1m [0m| |[7;1m [0m|[30;1mp[0m|[30;1mp[0m|| 7
[32;1m[Board] [0m   -------------------
[32;1m[Board] [0m 6 ||[7;1m [0m| |[30;1mp[0m| |[7;1m [0m| |[7;1m [0m| || 6
[32;1m[Board] [0m   -------------------
[32;1m[Board] [0m 5 || |[7;1m [0m| |[7;1m [0m| |[7;1m [0m| |[7;1m [0m|| 5
[32;1m[Board] [0m   -------------------
[32;1m[Board] [0m 4 ||[7;1m [0m|[30;1mQ[0m|[7;1m [0m| |[7;1m [0m| |[7;1m [0m| || 4
[32;1m[Board] [0m   -------------------
[32;1m[Board] [0m 3 ||[30;1mp[0m|[7;1m [0m| |[7;1m [0m| |[7;1m [0m| |[0;1mp[0m|| 3
[32;1m[Board] [0m   -------------------
[32;1m[Board] [0m 2 ||[7;1m [0m| |[7;1m [0m| |[7;1m [0m|[0;1mK[0m|[0;1mp[0m| || 2
[32;1m[Board] [0m   -------------------
[32;1m[Board] [0m 1 || |[7;1m [0m| |[7;1m [0m| |[7;1m [0m| |[7;1m [0m|| 1
[32;1m[Board] [0m   -------------------
[32;1m[Board] [0m     a b c d e f g h
[32;1m[Board] [0m
[32;1m[Referee] [0mThis is the turn of the White player...

******k*
**p***pp
**p*****
********
*q******
p******P
*****KP*
********
f2f3
[32;1m[Game] [0mPlayer's error code: 0
[32;1m[Game] [0mChecking move validity...
[32;1m[Board] [0mInitializing board (size: 8)...
[32;1m[Board] [0m32 piece(s) on board.
[32;1m[Board] [0mLoading history file `championship/chessmates-logic-and-proofs/history.csv`...
[32;1m[Board] [0mLoaded 82 move(s).
[32;1m[Board] [0mHistory replayed, 10 piece(s) on board.
[32;1m[Board] [0mLoading move file `championship/chessmates-logic-and-proofs/move.csv`...
[32;1m[Board] [0mWhite player is playing f2 to f3.
[32;1m[Board] [0m
[32;1m[Board] [0m     a b c d e f g h
[32;1m[Board] [0m   -------------------
[32;1m[Board] [0m 8 ||[7;1m [0m| |[7;1m [0m| |[7;1m [0m| |[30;1mK[0m| || 8
[32;1m[Board] [0m   -------------------
[32;1m[Board] [0m 7 || |[7;1m [0m|[30;1mp[0m|[7;1m [0m| |[7;1m [0m|[30;1mp[0m|[30;1mp[0m|| 7
[32;1m[Board] [0m   -------------------
[32;1m[Board] [0m 6 ||[7;1m [0m| |[30;1mp[0m| |[7;1m [0m| |[7;1m [0m| || 6
[32;1m[Board] [0m   -------------------
[32;1m[Board] [0m 5 || |[7;1m [0m| |[7;1m [0m| |[7;1m [0m| |[7;1m [0m|| 5
[32;1m[Board] [0m   -------------------
[32;1m[Board] [0m 4 ||[7;1m [0m|[30;1mQ[0m|[7;1m [0m| |[7;1m [0m| |[7;1m [0m| || 4
[32;1m[Board] [0m   -------------------
[32;1m[Board] [0m 3 ||[30;1mp[0m|[7;1m [0m| |[7;1m [0m| |[0;1mK[0m| |[0;1mp[0m|| 3
[32;1m[Board] [0m   -------------------
[32;1m[Board] [0m 2 ||[7;1m [0m| |[7;1m [0m| |[7;1m [0m| |[0;1mp[0m| || 2
[32;1m[Board] [0m   -------------------
[32;1m[Board] [0m 1 || |[7;1m [0m| |[7;1m [0m| |[7;1m [0m| |[7;1m [0m|| 1
[32;1m[Board] [0m   -------------------
[32;1m[Board] [0m     a b c d e f g h
[32;1m[Board] [0m
[32;1m[Referee] [0mThis is the turn of the Black player...
[DEBUG] Input history filename: championship/chessmates-logic-and-proofs/history.csv
[DEBUG] Output move file: championship/chessmates-logic-and-proofs/move.csv
[Parser][ply=] 83
how i see the board before writing next move: Turn: Black
Enpassant: xx	Castling: xxxx
   ---- ---- ---- ---- ---- ---- ---- ----
8 |    |    |    |    |    |    | k  |    |
   ---- ---- ---- ---- ---- ---- ---- ----
7 |    |    | p  |    |    |    | p  | p  |
   ---- ---- ---- ---- ---- ---- ---- ----
6 |    |    | p  |    |    |    |    |    |
   ---- ---- ---- ---- ---- ---- ---- ----
5 |    |    |    |    |    |    |    |    |
   ---- ---- ---- ---- ---- ---- ---- ----
4 |    | q  |    |    |    |    |    |    |
   ---- ---- ---- ---- ---- ---- ---- ----
3 | p  |    |    |    |    | K  |    | P  |
   ---- ---- ---- ---- ---- ---- ---- ----
2 |    |    |    |    |    |    | P  |    |
   ---- ---- ---- ---- ---- ---- ---- ----
1 |    |    |    |    |    |    |    |    |
   ---- ---- ---- ---- ---- ---- ---- ----
    a    b    c    d    e    f    g    h
starting search...
depth: 1 score: 1409 time: 0 nodes: 62 hashfull: 0
depth: 2 score: 1406 time: 0 nodes: 141 hashfull: 0
depth: 3 score: 2168 time: 0 nodes: 1155 hashfull: 0
depth: 4 score: 2168 time: 1 nodes: 3233 hashfull: 0
depth: 5 score: 2169 time: 2 nodes: 9204 hashfull: 0
depth: 6 score: 2172 time: 5 nodes: 21178 hashfull: 1
depth: 7 score: 2193 time: 29 nodes: 81868 hashfull: 3
depth: 8 score: 2196 time: 33 nodes: 155430 hashfull: 6
depth: 9 score: 2199 time: 92 nodes: 361266 hashfull: 18
depth: 10 score: 2203 time: 315 nodes: 1027558 hashfull: 40
depth: 11 score: 2276 time: 767 nodes: 2689058 hashfull: 109
depth: 12 score: 2272 time: 841 nodes: 4496538 hashfull: 162
depth: 13 score: 99999 time: 183 nodes: 4882518 hashfull: 170
[DEBUG] [Parser] Wrote to ouput file championship/chessmates-logic-and-proofs/move.csv move : a3a2
[32;1m[Game] [0mPlayer's error code: 0
[32;1m[Game] [0mChecking move validity...
[32;1m[Board] [0mInitializing board (size: 8)...
[32;1m[Board] [0m32 piece(s) on board.
[32;1m[Board] [0mLoading history file `championship/chessmates-logic-and-proofs/history.csv`...
[32;1m[Board] [0mLoaded 83 move(s).
[32;1m[Board] [0mHistory replayed, 10 piece(s) on board.
[32;1m[Board] [0mLoading move file `championship/chessmates-logic-and-proofs/move.csv`...
[32;1m[Board] [0mBlack player is playing a3 to a2.
[32;1m[Board] [0m
[32;1m[Board] [0m     a b c d e f g h
[32;1m[Board] [0m   -------------------
[32;1m[Board] [0m 8 ||[7;1m [0m| |[7;1m [0m| |[7;1m [0m| |[30;1mK[0m| || 8
[32;1m[Board] [0m   -------------------
[32;1m[Board] [0m 7 || |[7;1m [0m|[30;1mp[0m|[7;1m [0m| |[7;1m [0m|[30;1mp[0m|[30;1mp[0m|| 7
[32;1m[Board] [0m   -------------------
[32;1m[Board] [0m 6 ||[7;1m [0m| |[30;1mp[0m| |[7;1m [0m| |[7;1m [0m| || 6
[32;1m[Board] [0m   -------------------
[32;1m[Board] [0m 5 || |[7;1m [0m| |[7;1m [0m| |[7;1m [0m| |[7;1m [0m|| 5
[32;1m[Board] [0m   -------------------
[32;1m[Board] [0m 4 ||[7;1m [0m|[30;1mQ[0m|[7;1m [0m| |[7;1m [0m| |[7;1m [0m| || 4
[32;1m[Board] [0m   -------------------
[32;1m[Board] [0m 3 || |[7;1m [0m| |[7;1m [0m| |[0;1mK[0m| |[0;1mp[0m|| 3
[32;1m[Board] [0m   -------------------
[32;1m[Board] [0m 2 ||[30;1mp[0m| |[7;1m [0m| |[7;1m [0m| |[0;1mp[0m| || 2
[32;1m[Board] [0m   -------------------
[32;1m[Board] [0m 1 || |[7;1m [0m| |[7;1m [0m| |[7;1m [0m| |[7;1m [0m|| 1
[32;1m[Board] [0m   -------------------
[32;1m[Board] [0m     a b c d e f g h
[32;1m[Board] [0m
[32;1m[Referee] [0mThis is the turn of the White player...

******k*
**p***pp
**p*****
********
*q******
*****K*P
p*****P*
********
f3g3
[32;1m[Game] [0mPlayer's error code: 0
[32;1m[Game] [0mChecking move validity...
[32;1m[Board] [0mInitializing board (size: 8)...
[32;1m[Board] [0m32 piece(s) on board.
[32;1m[Board] [0mLoading history file `championship/chessmates-logic-and-proofs/history.csv`...
[32;1m[Board] [0mLoaded 84 move(s).
[32;1m[Board] [0mHistory replayed, 10 piece(s) on board.
[32;1m[Board] [0mLoading move file `championship/chessmates-logic-and-proofs/move.csv`...
[32;1m[Board] [0mWhite player is playing f3 to g3.
[32;1m[Board] [0m
[32;1m[Board] [0m     a b c d e f g h
[32;1m[Board] [0m   -------------------
[32;1m[Board] [0m 8 ||[7;1m [0m| |[7;1m [0m| |[7;1m [0m| |[30;1mK[0m| || 8
[32;1m[Board] [0m   -------------------
[32;1m[Board] [0m 7 || |[7;1m [0m|[30;1mp[0m|[7;1m [0m| |[7;1m [0m|[30;1mp[0m|[30;1mp[0m|| 7
[32;1m[Board] [0m   -------------------
[32;1m[Board] [0m 6 ||[7;1m [0m| |[30;1mp[0m| |[7;1m [0m| |[7;1m [0m| || 6
[32;1m[Board] [0m   -------------------
[32;1m[Board] [0m 5 || |[7;1m [0m| |[7;1m [0m| |[7;1m [0m| |[7;1m [0m|| 5
[32;1m[Board] [0m   -------------------
[32;1m[Board] [0m 4 ||[7;1m [0m|[30;1mQ[0m|[7;1m [0m| |[7;1m [0m| |[7;1m [0m| || 4
[32;1m[Board] [0m   -------------------
[32;1m[Board] [0m 3 || |[7;1m [0m| |[7;1m [0m| |[7;1m [0m|[0;1mK[0m|[0;1mp[0m|| 3
[32;1m[Board] [0m   -------------------
[32;1m[Board] [0m 2 ||[30;1mp[0m| |[7;1m [0m| |[7;1m [0m| |[0;1mp[0m| || 2
[32;1m[Board] [0m   -------------------
[32;1m[Board] [0m 1 || |[7;1m [0m| |[7;1m [0m| |[7;1m [0m| |[7;1m [0m|| 1
[32;1m[Board] [0m   -------------------
[32;1m[Board] [0m     a b c d e f g h
[32;1m[Board] [0m
[32;1m[Referee] [0mThis is the turn of the Black player...
[DEBUG] Input history filename: championship/chessmates-logic-and-proofs/history.csv
[DEBUG] Output move file: championship/chessmates-logic-and-proofs/move.csv
[Parser][ply=] 85
how i see the board before writing next move: Turn: Black
Enpassant: xx	Castling: xxxx
   ---- ---- ---- ---- ---- ---- ---- ----
8 |    |    |    |    |    |    | k  |    |
   ---- ---- ---- ---- ---- ---- ---- ----
7 |    |    | p  |    |    |    | p  | p  |
   ---- ---- ---- ---- ---- ---- ---- ----
6 |    |    | p  |    |    |    |    |    |
   ---- ---- ---- ---- ---- ---- ---- ----
5 |    |    |    |    |    |    |    |    |
   ---- ---- ---- ---- ---- ---- ---- ----
4 |    | q  |    |    |    |    |    |    |
   ---- ---- ---- ---- ---- ---- ---- ----
3 |    |    |    |    |    |    | K  | P  |
   ---- ---- ---- ---- ---- ---- ---- ----
2 | p  |    |    |    |    |    | P  |    |
   ---- ---- ---- ---- ---- ---- ---- ----
1 |    |    |    |    |    |    |    |    |
   ---- ---- ---- ---- ---- ---- ---- ----
    a    b    c    d    e    f    g    h
starting search...
depth: 1 score: 2169 time: 0 nodes: 70 hashfull: 0
depth: 2 score: 2168 time: 0 nodes: 151 hashfull: 0
depth: 3 score: 2182 time: 0 nodes: 788 hashfull: 0
depth: 4 score: 2185 time: 2 nodes: 3582 hashfull: 0
depth: 5 score: 2194 time: 3 nodes: 8119 hashfull: 0
depth: 6 score: 2196 time: 9 nodes: 21486 hashfull: 1
depth: 7 score: 2199 time: 43 nodes: 76294 hashfull: 3
depth: 8 score: 2272 time: 105 nodes: 216920 hashfull: 11
depth: 9 score: 99999 time: 30 nodes: 254635 hashfull: 11
[DEBUG] [Parser] Wrote to ouput file championship/chessmates-logic-and-proofs/move.csv move : a2a1q
[32;1m[Game] [0mPlayer's error code: 0
[32;1m[Game] [0mChecking move validity...
[32;1m[Board] [0mInitializing board (size: 8)...
[32;1m[Board] [0m32 piece(s) on board.
[32;1m[Board] [0mLoading history file `championship/chessmates-logic-and-proofs/history.csv`...
[32;1m[Board] [0mLoaded 85 move(s).
[32;1m[Board] [0mHistory replayed, 10 piece(s) on board.
[32;1m[Board] [0mLoading move file `championship/chessmates-logic-and-proofs/move.csv`...
[32;1m[Board] [0mBlack player is playing a2 to a1.
[32;1m[Board] [0mPromoting a Black Pawn into a Queen
[32;1m[Board] [0m
[32;1m[Board] [0m     a b c d e f g h
[32;1m[Board] [0m   -------------------
[32;1m[Board] [0m 8 ||[7;1m [0m| |[7;1m [0m| |[7;1m [0m| |[30;1mK[0m| || 8
[32;1m[Board] [0m   -------------------
[32;1m[Board] [0m 7 || |[7;1m [0m|[30;1mp[0m|[7;1m [0m| |[7;1m [0m|[30;1mp[0m|[30;1mp[0m|| 7
[32;1m[Board] [0m   -------------------
[32;1m[Board] [0m 6 ||[7;1m [0m| |[30;1mp[0m| |[7;1m [0m| |[7;1m [0m| || 6
[32;1m[Board] [0m   -------------------
[32;1m[Board] [0m 5 || |[7;1m [0m| |[7;1m [0m| |[7;1m [0m| |[7;1m [0m|| 5
[32;1m[Board] [0m   -------------------
[32;1m[Board] [0m 4 ||[7;1m [0m|[30;1mQ[0m|[7;1m [0m| |[7;1m [0m| |[7;1m [0m| || 4
[32;1m[Board] [0m   -------------------
[32;1m[Board] [0m 3 || |[7;1m [0m| |[7;1m [0m| |[7;1m [0m|[0;1mK[0m|[0;1mp[0m|| 3
[32;1m[Board] [0m   -------------------
[32;1m[Board] [0m 2 ||[7;1m [0m| |[7;1m [0m| |[7;1m [0m| |[0;1mp[0m| || 2
[32;1m[Board] [0m   -------------------
[32;1m[Board] [0m 1 ||[30;1mQ[0m|[7;1m [0m| |[7;1m [0m| |[7;1m [0m| |[7;1m [0m|| 1
[32;1m[Board] [0m   -------------------
[32;1m[Board] [0m     a b c d e f g h
[32;1m[Board] [0m
[32;1m[Referee] [0mThis is the turn of the White player...

******k*
**p***pp
**p*****
********
*q******
******KP
******P*
q*******
g3h2
[32;1m[Game] [0mPlayer's error code: 0
[32;1m[Game] [0mChecking move validity...
[32;1m[Board] [0mInitializing board (size: 8)...
[32;1m[Board] [0m32 piece(s) on board.
[32;1m[Board] [0mLoading history file `championship/chessmates-logic-and-proofs/history.csv`...
[32;1m[Board] [0mLoaded 86 move(s).
[32;1m[Board] [0mHistory replayed, 10 piece(s) on board.
[32;1m[Board] [0mLoading move file `championship/chessmates-logic-and-proofs/move.csv`...
[32;1m[Board] [0mWhite player is playing g3 to h2.
[32;1m[Board] [0m
[32;1m[Board] [0m     a b c d e f g h
[32;1m[Board] [0m   -------------------
[32;1m[Board] [0m 8 ||[7;1m [0m| |[7;1m [0m| |[7;1m [0m| |[30;1mK[0m| || 8
[32;1m[Board] [0m   -------------------
[32;1m[Board] [0m 7 || |[7;1m [0m|[30;1mp[0m|[7;1m [0m| |[7;1m [0m|[30;1mp[0m|[30;1mp[0m|| 7
[32;1m[Board] [0m   -------------------
[32;1m[Board] [0m 6 ||[7;1m [0m| |[30;1mp[0m| |[7;1m [0m| |[7;1m [0m| || 6
[32;1m[Board] [0m   -------------------
[32;1m[Board] [0m 5 || |[7;1m [0m| |[7;1m [0m| |[7;1m [0m| |[7;1m [0m|| 5
[32;1m[Board] [0m   -------------------
[32;1m[Board] [0m 4 ||[7;1m [0m|[30;1mQ[0m|[7;1m [0m| |[7;1m [0m| |[7;1m [0m| || 4
[32;1m[Board] [0m   -------------------
[32;1m[Board] [0m 3 || |[7;1m [0m| |[7;1m [0m| |[7;1m [0m| |[0;1mp[0m|| 3
[32;1m[Board] [0m   -------------------
[32;1m[Board] [0m 2 ||[7;1m [0m| |[7;1m [0m| |[7;1m [0m| |[0;1mp[0m|[0;1mK[0m|| 2
[32;1m[Board] [0m   -------------------
[32;1m[Board] [0m 1 ||[30;1mQ[0m|[7;1m [0m| |[7;1m [0m| |[7;1m [0m| |[7;1m [0m|| 1
[32;1m[Board] [0m   -------------------
[32;1m[Board] [0m     a b c d e f g h
[32;1m[Board] [0m
[32;1m[Referee] [0mThis is the turn of the Black player...
[DEBUG] Input history filename: championship/chessmates-logic-and-proofs/history.csv
[DEBUG] Output move file: championship/chessmates-logic-and-proofs/move.csv
[Parser][ply=] 87
how i see the board before writing next move: Turn: Black
Enpassant: xx	Castling: xxxx
   ---- ---- ---- ---- ---- ---- ---- ----
8 |    |    |    |    |    |    | k  |    |
   ---- ---- ---- ---- ---- ---- ---- ----
7 |    |    | p  |    |    |    | p  | p  |
   ---- ---- ---- ---- ---- ---- ---- ----
6 |    |    | p  |    |    |    |    |    |
   ---- ---- ---- ---- ---- ---- ---- ----
5 |    |    |    |    |    |    |    |    |
   ---- ---- ---- ---- ---- ---- ---- ----
4 |    | q  |    |    |    |    |    |    |
   ---- ---- ---- ---- ---- ---- ---- ----
3 |    |    |    |    |    |    |    | P  |
   ---- ---- ---- ---- ---- ---- ---- ----
2 |    |    |    |    |    |    | P  | K  |
   ---- ---- ---- ---- ---- ---- ---- ----
1 | q  |    |    |    |    |    |    |    |
   ---- ---- ---- ---- ---- ---- ---- ----
    a    b    c    d    e    f    g    h
starting search...
depth: 1 score: 2191 time: 0 nodes: 100 hashfull: 0
depth: 2 score: 2191 time: 0 nodes: 223 hashfull: 0
depth: 3 score: 2201 time: 0 nodes: 950 hashfull: 0
depth: 4 score: 2196 time: 3 nodes: 5794 hashfull: 0
depth: 5 score: 99999 time: 4 nodes: 12023 hashfull: 0
[DEBUG] [Parser] Wrote to ouput file championship/chessmates-logic-and-proofs/move.csv move : b4d6
[32;1m[Game] [0mPlayer's error code: 0
[32;1m[Game] [0mChecking move validity...
[32;1m[Board] [0mInitializing board (size: 8)...
[32;1m[Board] [0m32 piece(s) on board.
[32;1m[Board] [0mLoading history file `championship/chessmates-logic-and-proofs/history.csv`...
[32;1m[Board] [0mLoaded 87 move(s).
[32;1m[Board] [0mHistory replayed, 10 piece(s) on board.
[32;1m[Board] [0mLoading move file `championship/chessmates-logic-and-proofs/move.csv`...
[32;1m[Board] [0mBlack player is playing b4 to d6.
[32;1m[Board] [0m
[32;1m[Board] [0m     a b c d e f g h
[32;1m[Board] [0m   -------------------
[32;1m[Board] [0m 8 ||[7;1m [0m| |[7;1m [0m| |[7;1m [0m| |[30;1mK[0m| || 8
[32;1m[Board] [0m   -------------------
[32;1m[Board] [0m 7 || |[7;1m [0m|[30;1mp[0m|[7;1m [0m| |[7;1m [0m|[30;1mp[0m|[30;1mp[0m|| 7
[32;1m[Board] [0m   -------------------
[32;1m[Board] [0m 6 ||[7;1m [0m| |[30;1mp[0m|[30;1mQ[0m|[7;1m [0m| |[7;1m [0m| || 6
[32;1m[Board] [0m   -------------------
[32;1m[Board] [0m 5 || |[7;1m [0m| |[7;1m [0m| |[7;1m [0m| |[7;1m [0m|| 5
[32;1m[Board] [0m   -------------------
[32;1m[Board] [0m 4 ||[7;1m [0m| |[7;1m [0m| |[7;1m [0m| |[7;1m [0m| || 4
[32;1m[Board] [0m   -------------------
[32;1m[Board] [0m 3 || |[7;1m [0m| |[7;1m [0m| |[7;1m [0m| |[0;1mp[0m|| 3
[32;1m[Board] [0m   -------------------
[32;1m[Board] [0m 2 ||[7;1m [0m| |[7;1m [0m| |[7;1m [0m| |[0;1mp[0m|[0;1mK[0m|| 2
[32;1m[Board] [0m   -------------------
[32;1m[Board] [0m 1 ||[30;1mQ[0m|[7;1m [0m| |[7;1m [0m| |[7;1m [0m| |[7;1m [0m|| 1
[32;1m[Board] [0m   -------------------
[32;1m[Board] [0m     a b c d e f g h
[32;1m[Board] [0m
[32;1m[Referee] [0mThis is the turn of the White player...

******k*
**p***pp
**pq****
********
********
*******P
******PK
q*******
g2g3
[32;1m[Game] [0mPlayer's error code: 0
[32;1m[Game] [0mChecking move validity...
[32;1m[Board] [0mInitializing board (size: 8)...
[32;1m[Board] [0m32 piece(s) on board.
[32;1m[Board] [0mLoading history file `championship/chessmates-logic-and-proofs/history.csv`...
[32;1m[Board] [0mLoaded 88 move(s).
[32;1m[Board] [0mHistory replayed, 10 piece(s) on board.
[32;1m[Board] [0mLoading move file `championship/chessmates-logic-and-proofs/move.csv`...
[32;1m[Board] [0mWhite player is playing g2 to g3.
[32;1m[Board] [0m
[32;1m[Board] [0m     a b c d e f g h
[32;1m[Board] [0m   -------------------
[32;1m[Board] [0m 8 ||[7;1m [0m| |[7;1m [0m| |[7;1m [0m| |[30;1mK[0m| || 8
[32;1m[Board] [0m   -------------------
[32;1m[Board] [0m 7 || |[7;1m [0m|[30;1mp[0m|[7;1m [0m| |[7;1m [0m|[30;1mp[0m|[30;1mp[0m|| 7
[32;1m[Board] [0m   -------------------
[32;1m[Board] [0m 6 ||[7;1m [0m| |[30;1mp[0m|[30;1mQ[0m|[7;1m [0m| |[7;1m [0m| || 6
[32;1m[Board] [0m   -------------------
[32;1m[Board] [0m 5 || |[7;1m [0m| |[7;1m [0m| |[7;1m [0m| |[7;1m [0m|| 5
[32;1m[Board] [0m   -------------------
[32;1m[Board] [0m 4 ||[7;1m [0m| |[7;1m [0m| |[7;1m [0m| |[7;1m [0m| || 4
[32;1m[Board] [0m   -------------------
[32;1m[Board] [0m 3 || |[7;1m [0m| |[7;1m [0m| |[7;1m [0m|[0;1mp[0m|[0;1mp[0m|| 3
[32;1m[Board] [0m   -------------------
[32;1m[Board] [0m 2 ||[7;1m [0m| |[7;1m [0m| |[7;1m [0m| |[7;1m [0m|[0;1mK[0m|| 2
[32;1m[Board] [0m   -------------------
[32;1m[Board] [0m 1 ||[30;1mQ[0m|[7;1m [0m| |[7;1m [0m| |[7;1m [0m| |[7;1m [0m|| 1
[32;1m[Board] [0m   -------------------
[32;1m[Board] [0m     a b c d e f g h
[32;1m[Board] [0m
[32;1m[Referee] [0mThis is the turn of the Black player...
[DEBUG] Input history filename: championship/chessmates-logic-and-proofs/history.csv
[DEBUG] Output move file: championship/chessmates-logic-and-proofs/move.csv
[Parser][ply=] 89
how i see the board before writing next move: Turn: Black
Enpassant: xx	Castling: xxxx
   ---- ---- ---- ---- ---- ---- ---- ----
8 |    |    |    |    |    |    | k  |    |
   ---- ---- ---- ---- ---- ---- ---- ----
7 |    |    | p  |    |    |    | p  | p  |
   ---- ---- ---- ---- ---- ---- ---- ----
6 |    |    | p  | q  |    |    |    |    |
   ---- ---- ---- ---- ---- ---- ---- ----
5 |    |    |    |    |    |    |    |    |
   ---- ---- ---- ---- ---- ---- ---- ----
4 |    |    |    |    |    |    |    |    |
   ---- ---- ---- ---- ---- ---- ---- ----
3 |    |    |    |    |    |    | P  | P  |
   ---- ---- ---- ---- ---- ---- ---- ----
2 |    |    |    |    |    |    |    | K  |
   ---- ---- ---- ---- ---- ---- ---- ----
1 | q  |    |    |    |    |    |    |    |
   ---- ---- ---- ---- ---- ---- ---- ----
    a    b    c    d    e    f    g    h
starting search...
depth: 1 score: 2185 time: 0 nodes: 94 hashfull: 0
depth: 2 score: 2177 time: 0 nodes: 218 hashfull: 0
depth: 3 score: 99999 time: 0 nodes: 1421 hashfull: 0
[DEBUG] [Parser] Wrote to ouput file championship/chessmates-logic-and-proofs/move.csv move : d6d2
[32;1m[Game] [0mPlayer's error code: 0
[32;1m[Game] [0mChecking move validity...
[32;1m[Board] [0mInitializing board (size: 8)...
[32;1m[Board] [0m32 piece(s) on board.
[32;1m[Board] [0mLoading history file `championship/chessmates-logic-and-proofs/history.csv`...
[32;1m[Board] [0mLoaded 89 move(s).
[32;1m[Board] [0mHistory replayed, 10 piece(s) on board.
[32;1m[Board] [0mLoading move file `championship/chessmates-logic-and-proofs/move.csv`...
[32;1m[Board] [0mBlack player is playing d6 to d2.
[32;1m[Board] [0m
[32;1m[Board] [0m     a b c d e f g h
[32;1m[Board] [0m   -------------------
[32;1m[Board] [0m 8 ||[7;1m [0m| |[7;1m [0m| |[7;1m [0m| |[30;1mK[0m| || 8
[32;1m[Board] [0m   -------------------
[32;1m[Board] [0m 7 || |[7;1m [0m|[30;1mp[0m|[7;1m [0m| |[7;1m [0m|[30;1mp[0m|[30;1mp[0m|| 7
[32;1m[Board] [0m   -------------------
[32;1m[Board] [0m 6 ||[7;1m [0m| |[30;1mp[0m| |[7;1m [0m| |[7;1m [0m| || 6
[32;1m[Board] [0m   -------------------
[32;1m[Board] [0m 5 || |[7;1m [0m| |[7;1m [0m| |[7;1m [0m| |[7;1m [0m|| 5
[32;1m[Board] [0m   -------------------
[32;1m[Board] [0m 4 ||[7;1m [0m| |[7;1m [0m| |[7;1m [0m| |[7;1m [0m| || 4
[32;1m[Board] [0m   -------------------
[32;1m[Board] [0m 3 || |[7;1m [0m| |[7;1m [0m| |[7;1m [0m|[0;1mp[0m|[0;1mp[0m|| 3
[32;1m[Board] [0m   -------------------
[32;1m[Board] [0m 2 ||[7;1m [0m| |[7;1m [0m|[30;1mQ[0m|[7;1m [0m| |[7;1m [0m|[0;1mK[0m|| 2
[32;1m[Board] [0m   -------------------
[32;1m[Board] [0m 1 ||[30;1mQ[0m|[7;1m [0m| |[7;1m [0m| |[7;1m [0m| |[7;1m [0m|| 1
[32;1m[Board] [0m   -------------------
[32;1m[Board] [0m     a b c d e f g h
[32;1m[Board] [0m
[32;1m[Referee] [0mThis is the turn of the White player...
