[32;1m[Board] [0mInitializing board...
[32;1m[Board] [0m
[32;1m[Board] [0m    a b c d e f g h 
[32;1m[Board] [0m  -------------------
[32;1m[Board] [0m8 ||[30;1mr[0m|[30;1mk[0m|[30;1mb[0m|[30;1mQ[0m|[30;1mK[0m|[30;1mb[0m|[30;1mk[0m|[30;1mr[0m|| 8
[32;1m[Board] [0m  -------------------
[32;1m[Board] [0m7 ||[30;1mp[0m|[30;1mp[0m|[30;1mp[0m|[30;1mp[0m|[30;1mp[0m|[30;1mp[0m|[30;1mp[0m|[30;1mp[0m|| 7
[32;1m[Board] [0m  -------------------
[32;1m[Board] [0m6 ||[7;1m [0m| |[7;1m [0m| |[7;1m [0m| |[7;1m [0m| || 6
[32;1m[Board] [0m  -------------------
[32;1m[Board] [0m5 || |[7;1m [0m| |[7;1m [0m| |[7;1m [0m| |[7;1m [0m|| 5
[32;1m[Board] [0m  -------------------
[32;1m[Board] [0m4 ||[7;1m [0m| |[7;1m [0m| |[7;1m [0m| |[7;1m [0m| || 4
[32;1m[Board] [0m  -------------------
[32;1m[Board] [0m3 || |[7;1m [0m| |[7;1m [0m| |[7;1m [0m| |[7;1m [0m|| 3
[32;1m[Board] [0m  -------------------
[32;1m[Board] [0m2 ||[0;1mp[0m|[0;1mp[0m|[0;1mp[0m|[0;1mp[0m|[0;1mp[0m|[0;1mp[0m|[0;1mp[0m|[0;1mp[0m|| 2
[32;1m[Board] [0m  -------------------
[32;1m[Board] [0m1 ||[0;1mr[0m|[0;1mk[0m|[0;1mb[0m|[0;1mQ[0m|[0;1mK[0m|[0;1mb[0m|[0;1mk[0m|[0;1mr[0m|| 1
[32;1m[Board] [0m  -------------------
[32;1m[Board] [0m    a b c d e f g h
[32;1m[Board] [0m
[32;1m[Referee] [0mThis is the turn of the White player...
b1c3,b1a3,g1h3,g1f3,a2a3,a2a4,b2b3,b2b4,c2c3,c2c4,d2d3,d2d4,e2e3,e2e4,f2f3,f2f4,g2g3,g2g4,h2h3,h2h4,Playing as W
g1h3
[32;1m[Game] [0mPlayer's error code: 0
[32;1m[Game] [0mChecking move validity...
[32;1m[Board] [0mInitializing board...
[32;1m[Board] [0mLoading history file `stats/White/game-23/history.csv`...
[32;1m[Board] [0mLoaded 0 move(s).
[32;1m[Board] [0mLoading move file `stats/White/game-23/move.csv`...
[32;1m[Board] [0mWhite player is playing b1 to c3.
[32;1m[Board] [0m
[32;1m[Board] [0m    a b c d e f g h 
[32;1m[Board] [0m  -------------------
[32;1m[Board] [0m8 ||[30;1mr[0m|[30;1mk[0m|[30;1mb[0m|[30;1mQ[0m|[30;1mK[0m|[30;1mb[0m|[30;1mk[0m|[30;1mr[0m|| 8
[32;1m[Board] [0m  -------------------
[32;1m[Board] [0m7 ||[30;1mp[0m|[30;1mp[0m|[30;1mp[0m|[30;1mp[0m|[30;1mp[0m|[30;1mp[0m|[30;1mp[0m|[30;1mp[0m|| 7
[32;1m[Board] [0m  -------------------
[32;1m[Board] [0m6 ||[7;1m [0m| |[7;1m [0m| |[7;1m [0m| |[7;1m [0m| || 6
[32;1m[Board] [0m  -------------------
[32;1m[Board] [0m5 || |[7;1m [0m| |[7;1m [0m| |[7;1m [0m| |[7;1m [0m|| 5
[32;1m[Board] [0m  -------------------
[32;1m[Board] [0m4 ||[7;1m [0m| |[7;1m [0m| |[7;1m [0m| |[7;1m [0m| || 4
[32;1m[Board] [0m  -------------------
[32;1m[Board] [0m3 || |[7;1m [0m|[0;1mk[0m|[7;1m [0m| |[7;1m [0m| |[7;1m [0m|| 3
[32;1m[Board] [0m  -------------------
[32;1m[Board] [0m2 ||[0;1mp[0m|[0;1mp[0m|[0;1mp[0m|[0;1mp[0m|[0;1mp[0m|[0;1mp[0m|[0;1mp[0m|[0;1mp[0m|| 2
[32;1m[Board] [0m  -------------------
[32;1m[Board] [0m1 ||[0;1mr[0m|[7;1m [0m|[0;1mb[0m|[0;1mQ[0m|[0;1mK[0m|[0;1mb[0m|[0;1mk[0m|[0;1mr[0m|| 1
[32;1m[Board] [0m  -------------------
[32;1m[Board] [0m    a b c d e f g h
[32;1m[Board] [0m
[32;1m[Referee] [0mThis is the turn of the Black player...
[32;1m[Board] [0mInitializing board...
[32;1m[Board] [0mLoading history file `stats/White/game-23/history.csv`...
[32;1m[Board] [0mLoaded 1 move(s).
[32;1m[RandomPlayer] [0mComputing possible moves...
[32;1m[RandomPlayer] [0m20 possible move(s)
[32;1m[RandomPlayer] [0mPlaying random move 15 out of 20
[32;1m[Game] [0mPlayer's error code: 0
[32;1m[Game] [0mChecking move validity...
[32;1m[Board] [0mInitializing board...
[32;1m[Board] [0mLoading history file `stats/White/game-23/history.csv`...
[32;1m[Board] [0mLoaded 1 move(s).
[32;1m[Board] [0mLoading move file `stats/White/game-23/move.csv`...
[32;1m[Board] [0mBlack player is playing h7 to h5.
[32;1m[Board] [0m
[32;1m[Board] [0m    a b c d e f g h 
[32;1m[Board] [0m  -------------------
[32;1m[Board] [0m8 ||[30;1mr[0m|[30;1mk[0m|[30;1mb[0m|[30;1mQ[0m|[30;1mK[0m|[30;1mb[0m|[30;1mk[0m|[30;1mr[0m|| 8
[32;1m[Board] [0m  -------------------
[32;1m[Board] [0m7 ||[30;1mp[0m|[30;1mp[0m|[30;1mp[0m|[30;1mp[0m|[30;1mp[0m|[30;1mp[0m|[30;1mp[0m|[7;1m [0m|| 7
[32;1m[Board] [0m  -------------------
[32;1m[Board] [0m6 ||[7;1m [0m| |[7;1m [0m| |[7;1m [0m| |[7;1m [0m| || 6
[32;1m[Board] [0m  -------------------
[32;1m[Board] [0m5 || |[7;1m [0m| |[7;1m [0m| |[7;1m [0m| |[30;1mp[0m|| 5
[32;1m[Board] [0m  -------------------
[32;1m[Board] [0m4 ||[7;1m [0m| |[7;1m [0m| |[7;1m [0m| |[7;1m [0m| || 4
[32;1m[Board] [0m  -------------------
[32;1m[Board] [0m3 || |[7;1m [0m|[0;1mk[0m|[7;1m [0m| |[7;1m [0m| |[7;1m [0m|| 3
[32;1m[Board] [0m  -------------------
[32;1m[Board] [0m2 ||[0;1mp[0m|[0;1mp[0m|[0;1mp[0m|[0;1mp[0m|[0;1mp[0m|[0;1mp[0m|[0;1mp[0m|[0;1mp[0m|| 2
[32;1m[Board] [0m  -------------------
[32;1m[Board] [0m1 ||[0;1mr[0m|[7;1m [0m|[0;1mb[0m|[0;1mQ[0m|[0;1mK[0m|[0;1mb[0m|[0;1mk[0m|[0;1mr[0m|| 1
[32;1m[Board] [0m  -------------------
[32;1m[Board] [0m    a b c d e f g h
[32;1m[Board] [0m
[32;1m[Referee] [0mThis is the turn of the White player...
a1b1,g1h3,g1f3,a2a3,a2a4,b2b3,b2b4,d2d3,d2d4,e2e3,e2e4,f2f3,f2f4,g2g3,g2g4,h2h3,h2h4,c3d5,c3e4,c3b1,c3a4,c3b5,Playing as W
f2f4
[32;1m[Game] [0mPlayer's error code: 0
[32;1m[Game] [0mChecking move validity...
[32;1m[Board] [0mInitializing board...
[32;1m[Board] [0mLoading history file `stats/White/game-23/history.csv`...
[32;1m[Board] [0mLoaded 2 move(s).
[32;1m[Board] [0mLoading move file `stats/White/game-23/move.csv`...
[32;1m[Board] [0mWhite player is playing c3 to d5.
[32;1m[Board] [0m
[32;1m[Board] [0m    a b c d e f g h 
[32;1m[Board] [0m  -------------------
[32;1m[Board] [0m8 ||[30;1mr[0m|[30;1mk[0m|[30;1mb[0m|[30;1mQ[0m|[30;1mK[0m|[30;1mb[0m|[30;1mk[0m|[30;1mr[0m|| 8
[32;1m[Board] [0m  -------------------
[32;1m[Board] [0m7 ||[30;1mp[0m|[30;1mp[0m|[30;1mp[0m|[30;1mp[0m|[30;1mp[0m|[30;1mp[0m|[30;1mp[0m|[7;1m [0m|| 7
[32;1m[Board] [0m  -------------------
[32;1m[Board] [0m6 ||[7;1m [0m| |[7;1m [0m| |[7;1m [0m| |[7;1m [0m| || 6
[32;1m[Board] [0m  -------------------
[32;1m[Board] [0m5 || |[7;1m [0m| |[0;1mk[0m| |[7;1m [0m| |[30;1mp[0m|| 5
[32;1m[Board] [0m  -------------------
[32;1m[Board] [0m4 ||[7;1m [0m| |[7;1m [0m| |[7;1m [0m| |[7;1m [0m| || 4
[32;1m[Board] [0m  -------------------
[32;1m[Board] [0m3 || |[7;1m [0m| |[7;1m [0m| |[7;1m [0m| |[7;1m [0m|| 3
[32;1m[Board] [0m  -------------------
[32;1m[Board] [0m2 ||[0;1mp[0m|[0;1mp[0m|[0;1mp[0m|[0;1mp[0m|[0;1mp[0m|[0;1mp[0m|[0;1mp[0m|[0;1mp[0m|| 2
[32;1m[Board] [0m  -------------------
[32;1m[Board] [0m1 ||[0;1mr[0m|[7;1m [0m|[0;1mb[0m|[0;1mQ[0m|[0;1mK[0m|[0;1mb[0m|[0;1mk[0m|[0;1mr[0m|| 1
[32;1m[Board] [0m  -------------------
[32;1m[Board] [0m    a b c d e f g h
[32;1m[Board] [0m
[32;1m[Referee] [0mThis is the turn of the Black player...
[32;1m[Board] [0mInitializing board...
[32;1m[Board] [0mLoading history file `stats/White/game-23/history.csv`...
[32;1m[Board] [0mLoaded 3 move(s).
[32;1m[RandomPlayer] [0mComputing possible moves...
[32;1m[RandomPlayer] [0m20 possible move(s)
[32;1m[RandomPlayer] [0mPlaying random move 9 out of 20
[32;1m[Game] [0mPlayer's error code: 0
[32;1m[Game] [0mChecking move validity...
[32;1m[Board] [0mInitializing board...
[32;1m[Board] [0mLoading history file `stats/White/game-23/history.csv`...
[32;1m[Board] [0mLoaded 3 move(s).
[32;1m[Board] [0mLoading move file `stats/White/game-23/move.csv`...
[32;1m[Board] [0mBlack player is playing f7 to f6.
[32;1m[Board] [0m
[32;1m[Board] [0m    a b c d e f g h 
[32;1m[Board] [0m  -------------------
[32;1m[Board] [0m8 ||[30;1mr[0m|[30;1mk[0m|[30;1mb[0m|[30;1mQ[0m|[30;1mK[0m|[30;1mb[0m|[30;1mk[0m|[30;1mr[0m|| 8
[32;1m[Board] [0m  -------------------
[32;1m[Board] [0m7 ||[30;1mp[0m|[30;1mp[0m|[30;1mp[0m|[30;1mp[0m|[30;1mp[0m|[7;1m [0m|[30;1mp[0m|[7;1m [0m|| 7
[32;1m[Board] [0m  -------------------
[32;1m[Board] [0m6 ||[7;1m [0m| |[7;1m [0m| |[7;1m [0m|[30;1mp[0m|[7;1m [0m| || 6
[32;1m[Board] [0m  -------------------
[32;1m[Board] [0m5 || |[7;1m [0m| |[0;1mk[0m| |[7;1m [0m| |[30;1mp[0m|| 5
[32;1m[Board] [0m  -------------------
[32;1m[Board] [0m4 ||[7;1m [0m| |[7;1m [0m| |[7;1m [0m| |[7;1m [0m| || 4
[32;1m[Board] [0m  -------------------
[32;1m[Board] [0m3 || |[7;1m [0m| |[7;1m [0m| |[7;1m [0m| |[7;1m [0m|| 3
[32;1m[Board] [0m  -------------------
[32;1m[Board] [0m2 ||[0;1mp[0m|[0;1mp[0m|[0;1mp[0m|[0;1mp[0m|[0;1mp[0m|[0;1mp[0m|[0;1mp[0m|[0;1mp[0m|| 2
[32;1m[Board] [0m  -------------------
[32;1m[Board] [0m1 ||[0;1mr[0m|[7;1m [0m|[0;1mb[0m|[0;1mQ[0m|[0;1mK[0m|[0;1mb[0m|[0;1mk[0m|[0;1mr[0m|| 1
[32;1m[Board] [0m  -------------------
[32;1m[Board] [0m    a b c d e f g h
[32;1m[Board] [0m
[32;1m[Referee] [0mThis is the turn of the White player...
a1b1,g1h3,g1f3,a2a3,a2a4,b2b3,b2b4,c2c3,c2c4,d2d3,d2d4,e2e3,e2e4,f2f3,f2f4,g2g3,g2g4,h2h3,h2h4,d5e7,d5f6,d5f4,d5e3,d5c3,d5b4,d5b6,d5c7,Playing as W
b2b4
[32;1m[Game] [0mPlayer's error code: 0
[32;1m[Game] [0mChecking move validity...
[32;1m[Board] [0mInitializing board...
[32;1m[Board] [0mLoading history file `stats/White/game-23/history.csv`...
[32;1m[Board] [0mLoaded 4 move(s).
[32;1m[Board] [0mLoading move file `stats/White/game-23/move.csv`...
[32;1m[Board] [0mWhite player is playing d5 to c7.
[32;1m[Board] [0m[5;1mWhite Knight is taking Black Pawn.[0m
[32;1m[Board] [0m
[32;1m[Board] [0m    a b c d e f g h 
[32;1m[Board] [0m  -------------------
[32;1m[Board] [0m8 ||[30;1mr[0m|[30;1mk[0m|[30;1mb[0m|[30;1mQ[0m|[30;1mK[0m|[30;1mb[0m|[30;1mk[0m|[30;1mr[0m|| 8
[32;1m[Board] [0m  -------------------
[32;1m[Board] [0m7 ||[30;1mp[0m|[30;1mp[0m|[0;1mk[0m|[30;1mp[0m|[30;1mp[0m|[7;1m [0m|[30;1mp[0m|[7;1m [0m|| 7
[32;1m[Board] [0m  -------------------
[32;1m[Board] [0m6 ||[7;1m [0m| |[7;1m [0m| |[7;1m [0m|[30;1mp[0m|[7;1m [0m| || 6
[32;1m[Board] [0m  -------------------
[32;1m[Board] [0m5 || |[7;1m [0m| |[7;1m [0m| |[7;1m [0m| |[30;1mp[0m|| 5
[32;1m[Board] [0m  -------------------
[32;1m[Board] [0m4 ||[7;1m [0m| |[7;1m [0m| |[7;1m [0m| |[7;1m [0m| || 4
[32;1m[Board] [0m  -------------------
[32;1m[Board] [0m3 || |[7;1m [0m| |[7;1m [0m| |[7;1m [0m| |[7;1m [0m|| 3
[32;1m[Board] [0m  -------------------
[32;1m[Board] [0m2 ||[0;1mp[0m|[0;1mp[0m|[0;1mp[0m|[0;1mp[0m|[0;1mp[0m|[0;1mp[0m|[0;1mp[0m|[0;1mp[0m|| 2
[32;1m[Board] [0m  -------------------
[32;1m[Board] [0m1 ||[0;1mr[0m|[7;1m [0m|[0;1mb[0m|[0;1mQ[0m|[0;1mK[0m|[0;1mb[0m|[0;1mk[0m|[0;1mr[0m|| 1
[32;1m[Board] [0m  -------------------
[32;1m[Board] [0m    a b c d e f g h
[32;1m[Board] [0m
[32;1m[Referee] [0mThis is the turn of the Black player...
[32;1m[Board] [0mInitializing board...
[32;1m[Board] [0mLoading history file `stats/White/game-23/history.csv`...
[32;1m[Board] [0mLoaded 5 move(s).
[32;1m[RandomPlayer] [0mComputing possible moves...
[32;1m[RandomPlayer] [0m2 possible move(s)
[32;1m[RandomPlayer] [0mPlaying random move 0 out of 2
[32;1m[Game] [0mPlayer's error code: 0
[32;1m[Game] [0mChecking move validity...
[32;1m[Board] [0mInitializing board...
[32;1m[Board] [0mLoading history file `stats/White/game-23/history.csv`...
[32;1m[Board] [0mLoaded 5 move(s).
[32;1m[Board] [0mLoading move file `stats/White/game-23/move.csv`...
[32;1m[Board] [0mBlack player is playing d8 to c7.
[32;1m[Board] [0m[5;1mBlack Queen is taking White Knight.[0m
[32;1m[Board] [0m
[32;1m[Board] [0m    a b c d e f g h 
[32;1m[Board] [0m  -------------------
[32;1m[Board] [0m8 ||[30;1mr[0m|[30;1mk[0m|[30;1mb[0m| |[30;1mK[0m|[30;1mb[0m|[30;1mk[0m|[30;1mr[0m|| 8
[32;1m[Board] [0m  -------------------
[32;1m[Board] [0m7 ||[30;1mp[0m|[30;1mp[0m|[30;1mQ[0m|[30;1mp[0m|[30;1mp[0m|[7;1m [0m|[30;1mp[0m|[7;1m [0m|| 7
[32;1m[Board] [0m  -------------------
[32;1m[Board] [0m6 ||[7;1m [0m| |[7;1m [0m| |[7;1m [0m|[30;1mp[0m|[7;1m [0m| || 6
[32;1m[Board] [0m  -------------------
[32;1m[Board] [0m5 || |[7;1m [0m| |[7;1m [0m| |[7;1m [0m| |[30;1mp[0m|| 5
[32;1m[Board] [0m  -------------------
[32;1m[Board] [0m4 ||[7;1m [0m| |[7;1m [0m| |[7;1m [0m| |[7;1m [0m| || 4
[32;1m[Board] [0m  -------------------
[32;1m[Board] [0m3 || |[7;1m [0m| |[7;1m [0m| |[7;1m [0m| |[7;1m [0m|| 3
[32;1m[Board] [0m  -------------------
[32;1m[Board] [0m2 ||[0;1mp[0m|[0;1mp[0m|[0;1mp[0m|[0;1mp[0m|[0;1mp[0m|[0;1mp[0m|[0;1mp[0m|[0;1mp[0m|| 2
[32;1m[Board] [0m  -------------------
[32;1m[Board] [0m1 ||[0;1mr[0m|[7;1m [0m|[0;1mb[0m|[0;1mQ[0m|[0;1mK[0m|[0;1mb[0m|[0;1mk[0m|[0;1mr[0m|| 1
[32;1m[Board] [0m  -------------------
[32;1m[Board] [0m    a b c d e f g h
[32;1m[Board] [0m
[32;1m[Referee] [0mThis is the turn of the White player...
a1b1,g1h3,g1f3,a2a3,a2a4,b2b3,b2b4,c2c3,c2c4,d2d3,d2d4,e2e3,e2e4,f2f3,f2f4,g2g3,g2g4,h2h3,h2h4,Playing as W
d2d3
[32;1m[Game] [0mPlayer's error code: 0
[32;1m[Game] [0mChecking move validity...
[32;1m[Board] [0mInitializing board...
[32;1m[Board] [0mLoading history file `stats/White/game-23/history.csv`...
[32;1m[Board] [0mLoaded 6 move(s).
[32;1m[Board] [0mLoading move file `stats/White/game-23/move.csv`...
[32;1m[Board] [0mWhite player is playing g1 to f3.
[32;1m[Board] [0m
[32;1m[Board] [0m    a b c d e f g h 
[32;1m[Board] [0m  -------------------
[32;1m[Board] [0m8 ||[30;1mr[0m|[30;1mk[0m|[30;1mb[0m| |[30;1mK[0m|[30;1mb[0m|[30;1mk[0m|[30;1mr[0m|| 8
[32;1m[Board] [0m  -------------------
[32;1m[Board] [0m7 ||[30;1mp[0m|[30;1mp[0m|[30;1mQ[0m|[30;1mp[0m|[30;1mp[0m|[7;1m [0m|[30;1mp[0m|[7;1m [0m|| 7
[32;1m[Board] [0m  -------------------
[32;1m[Board] [0m6 ||[7;1m [0m| |[7;1m [0m| |[7;1m [0m|[30;1mp[0m|[7;1m [0m| || 6
[32;1m[Board] [0m  -------------------
[32;1m[Board] [0m5 || |[7;1m [0m| |[7;1m [0m| |[7;1m [0m| |[30;1mp[0m|| 5
[32;1m[Board] [0m  -------------------
[32;1m[Board] [0m4 ||[7;1m [0m| |[7;1m [0m| |[7;1m [0m| |[7;1m [0m| || 4
[32;1m[Board] [0m  -------------------
[32;1m[Board] [0m3 || |[7;1m [0m| |[7;1m [0m| |[0;1mk[0m| |[7;1m [0m|| 3
[32;1m[Board] [0m  -------------------
[32;1m[Board] [0m2 ||[0;1mp[0m|[0;1mp[0m|[0;1mp[0m|[0;1mp[0m|[0;1mp[0m|[0;1mp[0m|[0;1mp[0m|[0;1mp[0m|| 2
[32;1m[Board] [0m  -------------------
[32;1m[Board] [0m1 ||[0;1mr[0m|[7;1m [0m|[0;1mb[0m|[0;1mQ[0m|[0;1mK[0m|[0;1mb[0m| |[0;1mr[0m|| 1
[32;1m[Board] [0m  -------------------
[32;1m[Board] [0m    a b c d e f g h
[32;1m[Board] [0m
[32;1m[Referee] [0mThis is the turn of the Black player...
[32;1m[Board] [0mInitializing board...
[32;1m[Board] [0mLoading history file `stats/White/game-23/history.csv`...
[32;1m[Board] [0mLoaded 7 move(s).
[32;1m[RandomPlayer] [0mComputing possible moves...
[32;1m[RandomPlayer] [0m32 possible move(s)
[32;1m[RandomPlayer] [0mPlaying random move 21 out of 32
[32;1m[Game] [0mPlayer's error code: 0
[32;1m[Game] [0mChecking move validity...
[32;1m[Board] [0mInitializing board...
[32;1m[Board] [0mLoading history file `stats/White/game-23/history.csv`...
[32;1m[Board] [0mLoaded 7 move(s).
[32;1m[Board] [0mLoading move file `stats/White/game-23/move.csv`...
[32;1m[Board] [0mBlack player is playing c7 to c2.
[32;1m[Board] [0m[5;1mBlack Queen is taking White Pawn.[0m
[32;1m[Board] [0m
[32;1m[Board] [0m    a b c d e f g h 
[32;1m[Board] [0m  -------------------
[32;1m[Board] [0m8 ||[30;1mr[0m|[30;1mk[0m|[30;1mb[0m| |[30;1mK[0m|[30;1mb[0m|[30;1mk[0m|[30;1mr[0m|| 8
[32;1m[Board] [0m  -------------------
[32;1m[Board] [0m7 ||[30;1mp[0m|[30;1mp[0m| |[30;1mp[0m|[30;1mp[0m|[7;1m [0m|[30;1mp[0m|[7;1m [0m|| 7
[32;1m[Board] [0m  -------------------
[32;1m[Board] [0m6 ||[7;1m [0m| |[7;1m [0m| |[7;1m [0m|[30;1mp[0m|[7;1m [0m| || 6
[32;1m[Board] [0m  -------------------
[32;1m[Board] [0m5 || |[7;1m [0m| |[7;1m [0m| |[7;1m [0m| |[30;1mp[0m|| 5
[32;1m[Board] [0m  -------------------
[32;1m[Board] [0m4 ||[7;1m [0m| |[7;1m [0m| |[7;1m [0m| |[7;1m [0m| || 4
[32;1m[Board] [0m  -------------------
[32;1m[Board] [0m3 || |[7;1m [0m| |[7;1m [0m| |[0;1mk[0m| |[7;1m [0m|| 3
[32;1m[Board] [0m  -------------------
[32;1m[Board] [0m2 ||[0;1mp[0m|[0;1mp[0m|[30;1mQ[0m|[0;1mp[0m|[0;1mp[0m|[0;1mp[0m|[0;1mp[0m|[0;1mp[0m|| 2
[32;1m[Board] [0m  -------------------
[32;1m[Board] [0m1 ||[0;1mr[0m|[7;1m [0m|[0;1mb[0m|[0;1mQ[0m|[0;1mK[0m|[0;1mb[0m| |[0;1mr[0m|| 1
[32;1m[Board] [0m  -------------------
[32;1m[Board] [0m    a b c d e f g h
[32;1m[Board] [0m
[32;1m[Referee] [0mThis is the turn of the White player...
a1b1,d1c2,h1g1,a2a3,a2a4,b2b3,b2b4,d2d3,d2d4,e2e3,e2e4,g2g3,g2g4,h2h3,h2h4,f3g5,f3h4,f3g1,f3d4,f3e5,Playing as W
a2a3
[32;1m[Game] [0mPlayer's error code: 0
[32;1m[Game] [0mChecking move validity...
[32;1m[Board] [0mInitializing board...
[32;1m[Board] [0mLoading history file `stats/White/game-23/history.csv`...
[32;1m[Board] [0mLoaded 8 move(s).
[32;1m[Board] [0mLoading move file `stats/White/game-23/move.csv`...
[32;1m[Board] [0mWhite player is playing d1 to c2.
[32;1m[Board] [0m[5;1mWhite Queen is taking Black Queen.[0m
[32;1m[Board] [0m
[32;1m[Board] [0m    a b c d e f g h 
[32;1m[Board] [0m  -------------------
[32;1m[Board] [0m8 ||[30;1mr[0m|[30;1mk[0m|[30;1mb[0m| |[30;1mK[0m|[30;1mb[0m|[30;1mk[0m|[30;1mr[0m|| 8
[32;1m[Board] [0m  -------------------
[32;1m[Board] [0m7 ||[30;1mp[0m|[30;1mp[0m| |[30;1mp[0m|[30;1mp[0m|[7;1m [0m|[30;1mp[0m|[7;1m [0m|| 7
[32;1m[Board] [0m  -------------------
[32;1m[Board] [0m6 ||[7;1m [0m| |[7;1m [0m| |[7;1m [0m|[30;1mp[0m|[7;1m [0m| || 6
[32;1m[Board] [0m  -------------------
[32;1m[Board] [0m5 || |[7;1m [0m| |[7;1m [0m| |[7;1m [0m| |[30;1mp[0m|| 5
[32;1m[Board] [0m  -------------------
[32;1m[Board] [0m4 ||[7;1m [0m| |[7;1m [0m| |[7;1m [0m| |[7;1m [0m| || 4
[32;1m[Board] [0m  -------------------
[32;1m[Board] [0m3 || |[7;1m [0m| |[7;1m [0m| |[0;1mk[0m| |[7;1m [0m|| 3
[32;1m[Board] [0m  -------------------
[32;1m[Board] [0m2 ||[0;1mp[0m|[0;1mp[0m|[0;1mQ[0m|[0;1mp[0m|[0;1mp[0m|[0;1mp[0m|[0;1mp[0m|[0;1mp[0m|| 2
[32;1m[Board] [0m  -------------------
[32;1m[Board] [0m1 ||[0;1mr[0m|[7;1m [0m|[0;1mb[0m|[7;1m [0m|[0;1mK[0m|[0;1mb[0m| |[0;1mr[0m|| 1
[32;1m[Board] [0m  -------------------
[32;1m[Board] [0m    a b c d e f g h
[32;1m[Board] [0m
[32;1m[Referee] [0mThis is the turn of the Black player...
[32;1m[Board] [0mInitializing board...
[32;1m[Board] [0mLoading history file `stats/White/game-23/history.csv`...
[32;1m[Board] [0mLoaded 9 move(s).
[32;1m[RandomPlayer] [0mComputing possible moves...
[32;1m[RandomPlayer] [0m19 possible move(s)
[32;1m[RandomPlayer] [0mPlaying random move 9 out of 19
[32;1m[Game] [0mPlayer's error code: 0
[32;1m[Game] [0mChecking move validity...
[32;1m[Board] [0mInitializing board...
[32;1m[Board] [0mLoading history file `stats/White/game-23/history.csv`...
[32;1m[Board] [0mLoaded 9 move(s).
[32;1m[Board] [0mLoading move file `stats/White/game-23/move.csv`...
[32;1m[Board] [0mBlack player is playing g7 to g6.
[32;1m[Board] [0m
[32;1m[Board] [0m    a b c d e f g h 
[32;1m[Board] [0m  -------------------
[32;1m[Board] [0m8 ||[30;1mr[0m|[30;1mk[0m|[30;1mb[0m| |[30;1mK[0m|[30;1mb[0m|[30;1mk[0m|[30;1mr[0m|| 8
[32;1m[Board] [0m  -------------------
[32;1m[Board] [0m7 ||[30;1mp[0m|[30;1mp[0m| |[30;1mp[0m|[30;1mp[0m|[7;1m [0m| |[7;1m [0m|| 7
[32;1m[Board] [0m  -------------------
[32;1m[Board] [0m6 ||[7;1m [0m| |[7;1m [0m| |[7;1m [0m|[30;1mp[0m|[30;1mp[0m| || 6
[32;1m[Board] [0m  -------------------
[32;1m[Board] [0m5 || |[7;1m [0m| |[7;1m [0m| |[7;1m [0m| |[30;1mp[0m|| 5
[32;1m[Board] [0m  -------------------
[32;1m[Board] [0m4 ||[7;1m [0m| |[7;1m [0m| |[7;1m [0m| |[7;1m [0m| || 4
[32;1m[Board] [0m  -------------------
[32;1m[Board] [0m3 || |[7;1m [0m| |[7;1m [0m| |[0;1mk[0m| |[7;1m [0m|| 3
[32;1m[Board] [0m  -------------------
[32;1m[Board] [0m2 ||[0;1mp[0m|[0;1mp[0m|[0;1mQ[0m|[0;1mp[0m|[0;1mp[0m|[0;1mp[0m|[0;1mp[0m|[0;1mp[0m|| 2
[32;1m[Board] [0m  -------------------
[32;1m[Board] [0m1 ||[0;1mr[0m|[7;1m [0m|[0;1mb[0m|[7;1m [0m|[0;1mK[0m|[0;1mb[0m| |[0;1mr[0m|| 1
[32;1m[Board] [0m  -------------------
[32;1m[Board] [0m    a b c d e f g h
[32;1m[Board] [0m
[32;1m[Referee] [0mThis is the turn of the White player...
a1b1,e1d1,h1g1,a2a3,a2a4,b2b3,b2b4,c2c3,c2c4,c2c5,c2c6,c2c7,c2c8,c2d3,c2e4,c2f5,c2g6,c2d1,c2b3,c2a4,c2b1,d2d3,d2d4,e2e3,e2e4,g2g3,g2g4,h2h3,h2h4,f3g5,f3h4,f3g1,f3d4,f3e5,Playing as W
c2b1
[32;1m[Game] [0mPlayer's error code: 0
[32;1m[Game] [0mChecking move validity...
[32;1m[Board] [0mInitializing board...
[32;1m[Board] [0mLoading history file `stats/White/game-23/history.csv`...
[32;1m[Board] [0mLoaded 10 move(s).
[32;1m[Board] [0mLoading move file `stats/White/game-23/move.csv`...
[32;1m[Board] [0mWhite player is playing c2 to c8.
[32;1m[Board] [0m[5;1mWhite Queen is taking Black Bishop.[0m
[32;1m[Board] [0m
[32;1m[Board] [0m    a b c d e f g h 
[32;1m[Board] [0m  -------------------
[32;1m[Board] [0m8 ||[30;1mr[0m|[30;1mk[0m|[0;1mQ[0m| |[30;1mK[0m|[30;1mb[0m|[30;1mk[0m|[30;1mr[0m|| 8
[32;1m[Board] [0m  -------------------
[32;1m[Board] [0m7 ||[30;1mp[0m|[30;1mp[0m| |[30;1mp[0m|[30;1mp[0m|[7;1m [0m| |[7;1m [0m|| 7
[32;1m[Board] [0m  -------------------
[32;1m[Board] [0m6 ||[7;1m [0m| |[7;1m [0m| |[7;1m [0m|[30;1mp[0m|[30;1mp[0m| || 6
[32;1m[Board] [0m  -------------------
[32;1m[Board] [0m5 || |[7;1m [0m| |[7;1m [0m| |[7;1m [0m| |[30;1mp[0m|| 5
[32;1m[Board] [0m  -------------------
[32;1m[Board] [0m4 ||[7;1m [0m| |[7;1m [0m| |[7;1m [0m| |[7;1m [0m| || 4
[32;1m[Board] [0m  -------------------
[32;1m[Board] [0m3 || |[7;1m [0m| |[7;1m [0m| |[0;1mk[0m| |[7;1m [0m|| 3
[32;1m[Board] [0m  -------------------
[32;1m[Board] [0m2 ||[0;1mp[0m|[0;1mp[0m|[7;1m [0m|[0;1mp[0m|[0;1mp[0m|[0;1mp[0m|[0;1mp[0m|[0;1mp[0m|| 2
[32;1m[Board] [0m  -------------------
[32;1m[Board] [0m1 ||[0;1mr[0m|[7;1m [0m|[0;1mb[0m|[7;1m [0m|[0;1mK[0m|[0;1mb[0m| |[0;1mr[0m|| 1
[32;1m[Board] [0m  -------------------
[32;1m[Board] [0m    a b c d e f g h
[32;1m[Board] [0m
[32;1m[Referee] [0mThis is the turn of the Black player...
[32;1m[Board] [0mInitializing board...
[32;1m[Board] [0mLoading history file `stats/White/game-23/history.csv`...
[32;1m[Board] [0mLoaded 11 move(s).
[32;1m[RandomPlayer] [0mComputing possible moves...
[32;1m[RandomPlayer] [0m1 possible move(s)
[32;1m[Game] [0mPlayer's error code: 0
[32;1m[Game] [0mChecking move validity...
[32;1m[Board] [0mInitializing board...
[32;1m[Board] [0mLoading history file `stats/White/game-23/history.csv`...
[32;1m[Board] [0mLoaded 11 move(s).
[32;1m[Board] [0mLoading move file `stats/White/game-23/move.csv`...
[32;1m[Board] [0mBlack player is playing e8 to f7.
[32;1m[Board] [0m
[32;1m[Board] [0m    a b c d e f g h 
[32;1m[Board] [0m  -------------------
[32;1m[Board] [0m8 ||[30;1mr[0m|[30;1mk[0m|[0;1mQ[0m| |[7;1m [0m|[30;1mb[0m|[30;1mk[0m|[30;1mr[0m|| 8
[32;1m[Board] [0m  -------------------
[32;1m[Board] [0m7 ||[30;1mp[0m|[30;1mp[0m| |[30;1mp[0m|[30;1mp[0m|[30;1mK[0m| |[7;1m [0m|| 7
[32;1m[Board] [0m  -------------------
[32;1m[Board] [0m6 ||[7;1m [0m| |[7;1m [0m| |[7;1m [0m|[30;1mp[0m|[30;1mp[0m| || 6
[32;1m[Board] [0m  -------------------
[32;1m[Board] [0m5 || |[7;1m [0m| |[7;1m [0m| |[7;1m [0m| |[30;1mp[0m|| 5
[32;1m[Board] [0m  -------------------
[32;1m[Board] [0m4 ||[7;1m [0m| |[7;1m [0m| |[7;1m [0m| |[7;1m [0m| || 4
[32;1m[Board] [0m  -------------------
[32;1m[Board] [0m3 || |[7;1m [0m| |[7;1m [0m| |[0;1mk[0m| |[7;1m [0m|| 3
[32;1m[Board] [0m  -------------------
[32;1m[Board] [0m2 ||[0;1mp[0m|[0;1mp[0m|[7;1m [0m|[0;1mp[0m|[0;1mp[0m|[0;1mp[0m|[0;1mp[0m|[0;1mp[0m|| 2
[32;1m[Board] [0m  -------------------
[32;1m[Board] [0m1 ||[0;1mr[0m|[7;1m [0m|[0;1mb[0m|[7;1m [0m|[0;1mK[0m|[0;1mb[0m| |[0;1mr[0m|| 1
[32;1m[Board] [0m  -------------------
[32;1m[Board] [0m    a b c d e f g h
[32;1m[Board] [0m
[32;1m[Referee] [0mThis is the turn of the White player...
a1b1,e1d1,h1g1,a2a3,a2a4,b2b3,b2b4,d2d3,d2d4,e2e3,e2e4,g2g3,g2g4,h2h3,h2h4,f3g5,f3h4,f3g1,f3d4,f3e5,c8c7,c8c6,c8c5,c8c4,c8c3,c8c2,c8d8,c8e8,c8f8,c8b8,c8d7,c8b7,Playing as W
a2a4
[32;1m[Game] [0mPlayer's error code: 0
[32;1m[Game] [0mChecking move validity...
[32;1m[Board] [0mInitializing board...
[32;1m[Board] [0mLoading history file `stats/White/game-23/history.csv`...
[32;1m[Board] [0mLoaded 12 move(s).
[32;1m[Board] [0mLoading move file `stats/White/game-23/move.csv`...
[32;1m[Board] [0mWhite player is playing c8 to b7.
[32;1m[Board] [0m[5;1mWhite Queen is taking Black Pawn.[0m
[32;1m[Board] [0m
[32;1m[Board] [0m    a b c d e f g h 
[32;1m[Board] [0m  -------------------
[32;1m[Board] [0m8 ||[30;1mr[0m|[30;1mk[0m|[7;1m [0m| |[7;1m [0m|[30;1mb[0m|[30;1mk[0m|[30;1mr[0m|| 8
[32;1m[Board] [0m  -------------------
[32;1m[Board] [0m7 ||[30;1mp[0m|[0;1mQ[0m| |[30;1mp[0m|[30;1mp[0m|[30;1mK[0m| |[7;1m [0m|| 7
[32;1m[Board] [0m  -------------------
[32;1m[Board] [0m6 ||[7;1m [0m| |[7;1m [0m| |[7;1m [0m|[30;1mp[0m|[30;1mp[0m| || 6
[32;1m[Board] [0m  -------------------
[32;1m[Board] [0m5 || |[7;1m [0m| |[7;1m [0m| |[7;1m [0m| |[30;1mp[0m|| 5
[32;1m[Board] [0m  -------------------
[32;1m[Board] [0m4 ||[7;1m [0m| |[7;1m [0m| |[7;1m [0m| |[7;1m [0m| || 4
[32;1m[Board] [0m  -------------------
[32;1m[Board] [0m3 || |[7;1m [0m| |[7;1m [0m| |[0;1mk[0m| |[7;1m [0m|| 3
[32;1m[Board] [0m  -------------------
[32;1m[Board] [0m2 ||[0;1mp[0m|[0;1mp[0m|[7;1m [0m|[0;1mp[0m|[0;1mp[0m|[0;1mp[0m|[0;1mp[0m|[0;1mp[0m|| 2
[32;1m[Board] [0m  -------------------
[32;1m[Board] [0m1 ||[0;1mr[0m|[7;1m [0m|[0;1mb[0m|[7;1m [0m|[0;1mK[0m|[0;1mb[0m| |[0;1mr[0m|| 1
[32;1m[Board] [0m  -------------------
[32;1m[Board] [0m    a b c d e f g h
[32;1m[Board] [0m
[32;1m[Referee] [0mThis is the turn of the Black player...
[32;1m[Board] [0mInitializing board...
[32;1m[Board] [0mLoading history file `stats/White/game-23/history.csv`...
[32;1m[Board] [0mLoaded 13 move(s).
[32;1m[RandomPlayer] [0mComputing possible moves...
[32;1m[RandomPlayer] [0m19 possible move(s)
[32;1m[RandomPlayer] [0mPlaying random move 0 out of 19
[32;1m[Game] [0mPlayer's error code: 0
[32;1m[Game] [0mChecking move validity...
[32;1m[Board] [0mInitializing board...
[32;1m[Board] [0mLoading history file `stats/White/game-23/history.csv`...
[32;1m[Board] [0mLoaded 13 move(s).
[32;1m[Board] [0mLoading move file `stats/White/game-23/move.csv`...
[32;1m[Board] [0mBlack player is playing a7 to a6.
[32;1m[Board] [0m
[32;1m[Board] [0m    a b c d e f g h 
[32;1m[Board] [0m  -------------------
[32;1m[Board] [0m8 ||[30;1mr[0m|[30;1mk[0m|[7;1m [0m| |[7;1m [0m|[30;1mb[0m|[30;1mk[0m|[30;1mr[0m|| 8
[32;1m[Board] [0m  -------------------
[32;1m[Board] [0m7 || |[0;1mQ[0m| |[30;1mp[0m|[30;1mp[0m|[30;1mK[0m| |[7;1m [0m|| 7
[32;1m[Board] [0m  -------------------
[32;1m[Board] [0m6 ||[30;1mp[0m| |[7;1m [0m| |[7;1m [0m|[30;1mp[0m|[30;1mp[0m| || 6
[32;1m[Board] [0m  -------------------
[32;1m[Board] [0m5 || |[7;1m [0m| |[7;1m [0m| |[7;1m [0m| |[30;1mp[0m|| 5
[32;1m[Board] [0m  -------------------
[32;1m[Board] [0m4 ||[7;1m [0m| |[7;1m [0m| |[7;1m [0m| |[7;1m [0m| || 4
[32;1m[Board] [0m  -------------------
[32;1m[Board] [0m3 || |[7;1m [0m| |[7;1m [0m| |[0;1mk[0m| |[7;1m [0m|| 3
[32;1m[Board] [0m  -------------------
[32;1m[Board] [0m2 ||[0;1mp[0m|[0;1mp[0m|[7;1m [0m|[0;1mp[0m|[0;1mp[0m|[0;1mp[0m|[0;1mp[0m|[0;1mp[0m|| 2
[32;1m[Board] [0m  -------------------
[32;1m[Board] [0m1 ||[0;1mr[0m|[7;1m [0m|[0;1mb[0m|[7;1m [0m|[0;1mK[0m|[0;1mb[0m| |[0;1mr[0m|| 1
[32;1m[Board] [0m  -------------------
[32;1m[Board] [0m    a b c d e f g h
[32;1m[Board] [0m
[32;1m[Referee] [0mThis is the turn of the White player...
a1b1,e1d1,h1g1,a2a3,a2a4,b2b3,b2b4,d2d3,d2d4,e2e3,e2e4,g2g3,g2g4,h2h3,h2h4,f3g5,f3h4,f3g1,f3d4,f3e5,b7b8,b7b6,b7b5,b7b4,b7b3,b7c7,b7d7,b7a7,b7c8,b7c6,b7d5,b7e4,b7a8,b7a6,Playing as W
b7b6
[32;1m[Game] [0mPlayer's error code: 0
[32;1m[Game] [0mChecking move validity...
[32;1m[Board] [0mInitializing board...
[32;1m[Board] [0mLoading history file `stats/White/game-23/history.csv`...
[32;1m[Board] [0mLoaded 14 move(s).
[32;1m[Board] [0mLoading move file `stats/White/game-23/move.csv`...
[32;1m[Board] [0mWhite player is playing b7 to d5.
[32;1m[Board] [0m
[32;1m[Board] [0m    a b c d e f g h 
[32;1m[Board] [0m  -------------------
[32;1m[Board] [0m8 ||[30;1mr[0m|[30;1mk[0m|[7;1m [0m| |[7;1m [0m|[30;1mb[0m|[30;1mk[0m|[30;1mr[0m|| 8
[32;1m[Board] [0m  -------------------
[32;1m[Board] [0m7 || |[7;1m [0m| |[30;1mp[0m|[30;1mp[0m|[30;1mK[0m| |[7;1m [0m|| 7
[32;1m[Board] [0m  -------------------
[32;1m[Board] [0m6 ||[30;1mp[0m| |[7;1m [0m| |[7;1m [0m|[30;1mp[0m|[30;1mp[0m| || 6
[32;1m[Board] [0m  -------------------
[32;1m[Board] [0m5 || |[7;1m [0m| |[0;1mQ[0m| |[7;1m [0m| |[30;1mp[0m|| 5
[32;1m[Board] [0m  -------------------
[32;1m[Board] [0m4 ||[7;1m [0m| |[7;1m [0m| |[7;1m [0m| |[7;1m [0m| || 4
[32;1m[Board] [0m  -------------------
[32;1m[Board] [0m3 || |[7;1m [0m| |[7;1m [0m| |[0;1mk[0m| |[7;1m [0m|| 3
[32;1m[Board] [0m  -------------------
[32;1m[Board] [0m2 ||[0;1mp[0m|[0;1mp[0m|[7;1m [0m|[0;1mp[0m|[0;1mp[0m|[0;1mp[0m|[0;1mp[0m|[0;1mp[0m|| 2
[32;1m[Board] [0m  -------------------
[32;1m[Board] [0m1 ||[0;1mr[0m|[7;1m [0m|[0;1mb[0m|[7;1m [0m|[0;1mK[0m|[0;1mb[0m| |[0;1mr[0m|| 1
[32;1m[Board] [0m  -------------------
[32;1m[Board] [0m    a b c d e f g h
[32;1m[Board] [0m
[32;1m[Referee] [0mThis is the turn of the Black player...
[32;1m[Board] [0mInitializing board...
[32;1m[Board] [0mLoading history file `stats/White/game-23/history.csv`...
[32;1m[Board] [0mLoaded 15 move(s).
[32;1m[RandomPlayer] [0mComputing possible moves...
[32;1m[RandomPlayer] [0m3 possible move(s)
[32;1m[RandomPlayer] [0mPlaying random move 1 out of 3
[32;1m[Game] [0mPlayer's error code: 0
[32;1m[Game] [0mChecking move validity...
[32;1m[Board] [0mInitializing board...
[32;1m[Board] [0mLoading history file `stats/White/game-23/history.csv`...
[32;1m[Board] [0mLoaded 15 move(s).
[32;1m[Board] [0mLoading move file `stats/White/game-23/move.csv`...
[32;1m[Board] [0mBlack player is playing f7 to g7.
[32;1m[Board] [0m
[32;1m[Board] [0m    a b c d e f g h 
[32;1m[Board] [0m  -------------------
[32;1m[Board] [0m8 ||[30;1mr[0m|[30;1mk[0m|[7;1m [0m| |[7;1m [0m|[30;1mb[0m|[30;1mk[0m|[30;1mr[0m|| 8
[32;1m[Board] [0m  -------------------
[32;1m[Board] [0m7 || |[7;1m [0m| |[30;1mp[0m|[30;1mp[0m|[7;1m [0m|[30;1mK[0m|[7;1m [0m|| 7
[32;1m[Board] [0m  -------------------
[32;1m[Board] [0m6 ||[30;1mp[0m| |[7;1m [0m| |[7;1m [0m|[30;1mp[0m|[30;1mp[0m| || 6
[32;1m[Board] [0m  -------------------
[32;1m[Board] [0m5 || |[7;1m [0m| |[0;1mQ[0m| |[7;1m [0m| |[30;1mp[0m|| 5
[32;1m[Board] [0m  -------------------
[32;1m[Board] [0m4 ||[7;1m [0m| |[7;1m [0m| |[7;1m [0m| |[7;1m [0m| || 4
[32;1m[Board] [0m  -------------------
[32;1m[Board] [0m3 || |[7;1m [0m| |[7;1m [0m| |[0;1mk[0m| |[7;1m [0m|| 3
[32;1m[Board] [0m  -------------------
[32;1m[Board] [0m2 ||[0;1mp[0m|[0;1mp[0m|[7;1m [0m|[0;1mp[0m|[0;1mp[0m|[0;1mp[0m|[0;1mp[0m|[0;1mp[0m|| 2
[32;1m[Board] [0m  -------------------
[32;1m[Board] [0m1 ||[0;1mr[0m|[7;1m [0m|[0;1mb[0m|[7;1m [0m|[0;1mK[0m|[0;1mb[0m| |[0;1mr[0m|| 1
[32;1m[Board] [0m  -------------------
[32;1m[Board] [0m    a b c d e f g h
[32;1m[Board] [0m
[32;1m[Referee] [0mThis is the turn of the White player...
a1b1,e1d1,h1g1,a2a3,a2a4,b2b3,b2b4,d2d3,d2d4,e2e3,e2e4,g2g3,g2g4,h2h3,h2h4,f3g5,f3h4,f3g1,f3d4,f3e5,d5d6,d5d7,d5d4,d5d3,d5e5,d5f5,d5g5,d5h5,d5c5,d5b5,d5a5,d5e6,d5f7,d5g8,d5e4,d5c6,d5b7,d5a8,d5c4,d5b3,Playing as W
b2b3
[32;1m[Game] [0mPlayer's error code: 0
[32;1m[Game] [0mChecking move validity...
[32;1m[Board] [0mInitializing board...
[32;1m[Board] [0mLoading history file `stats/White/game-23/history.csv`...
[32;1m[Board] [0mLoaded 16 move(s).
[32;1m[Board] [0mLoading move file `stats/White/game-23/move.csv`...
[32;1m[Board] [0mWhite player is playing d5 to a8.
[32;1m[Board] [0m[5;1mWhite Queen is taking Black Rook.[0m
[32;1m[Board] [0m
[32;1m[Board] [0m    a b c d e f g h 
[32;1m[Board] [0m  -------------------
[32;1m[Board] [0m8 ||[0;1mQ[0m|[30;1mk[0m|[7;1m [0m| |[7;1m [0m|[30;1mb[0m|[30;1mk[0m|[30;1mr[0m|| 8
[32;1m[Board] [0m  -------------------
[32;1m[Board] [0m7 || |[7;1m [0m| |[30;1mp[0m|[30;1mp[0m|[7;1m [0m|[30;1mK[0m|[7;1m [0m|| 7
[32;1m[Board] [0m  -------------------
[32;1m[Board] [0m6 ||[30;1mp[0m| |[7;1m [0m| |[7;1m [0m|[30;1mp[0m|[30;1mp[0m| || 6
[32;1m[Board] [0m  -------------------
[32;1m[Board] [0m5 || |[7;1m [0m| |[7;1m [0m| |[7;1m [0m| |[30;1mp[0m|| 5
[32;1m[Board] [0m  -------------------
[32;1m[Board] [0m4 ||[7;1m [0m| |[7;1m [0m| |[7;1m [0m| |[7;1m [0m| || 4
[32;1m[Board] [0m  -------------------
[32;1m[Board] [0m3 || |[7;1m [0m| |[7;1m [0m| |[0;1mk[0m| |[7;1m [0m|| 3
[32;1m[Board] [0m  -------------------
[32;1m[Board] [0m2 ||[0;1mp[0m|[0;1mp[0m|[7;1m [0m|[0;1mp[0m|[0;1mp[0m|[0;1mp[0m|[0;1mp[0m|[0;1mp[0m|| 2
[32;1m[Board] [0m  -------------------
[32;1m[Board] [0m1 ||[0;1mr[0m|[7;1m [0m|[0;1mb[0m|[7;1m [0m|[0;1mK[0m|[0;1mb[0m| |[0;1mr[0m|| 1
[32;1m[Board] [0m  -------------------
[32;1m[Board] [0m    a b c d e f g h
[32;1m[Board] [0m
[32;1m[Referee] [0mThis is the turn of the Black player...
[32;1m[Board] [0mInitializing board...
[32;1m[Board] [0mLoading history file `stats/White/game-23/history.csv`...
[32;1m[Board] [0mLoaded 17 move(s).
[32;1m[RandomPlayer] [0mComputing possible moves...
[32;1m[RandomPlayer] [0m15 possible move(s)
[32;1m[RandomPlayer] [0mPlaying random move 4 out of 15
[32;1m[Game] [0mPlayer's error code: 0
[32;1m[Game] [0mChecking move validity...
[32;1m[Board] [0mInitializing board...
[32;1m[Board] [0mLoading history file `stats/White/game-23/history.csv`...
[32;1m[Board] [0mLoaded 17 move(s).
[32;1m[Board] [0mLoading move file `stats/White/game-23/move.csv`...
[32;1m[Board] [0mBlack player is playing e7 to e5.
[32;1m[Board] [0m
[32;1m[Board] [0m    a b c d e f g h 
[32;1m[Board] [0m  -------------------
[32;1m[Board] [0m8 ||[0;1mQ[0m|[30;1mk[0m|[7;1m [0m| |[7;1m [0m|[30;1mb[0m|[30;1mk[0m|[30;1mr[0m|| 8
[32;1m[Board] [0m  -------------------
[32;1m[Board] [0m7 || |[7;1m [0m| |[30;1mp[0m| |[7;1m [0m|[30;1mK[0m|[7;1m [0m|| 7
[32;1m[Board] [0m  -------------------
[32;1m[Board] [0m6 ||[30;1mp[0m| |[7;1m [0m| |[7;1m [0m|[30;1mp[0m|[30;1mp[0m| || 6
[32;1m[Board] [0m  -------------------
[32;1m[Board] [0m5 || |[7;1m [0m| |[7;1m [0m|[30;1mp[0m|[7;1m [0m| |[30;1mp[0m|| 5
[32;1m[Board] [0m  -------------------
[32;1m[Board] [0m4 ||[7;1m [0m| |[7;1m [0m| |[7;1m [0m| |[7;1m [0m| || 4
[32;1m[Board] [0m  -------------------
[32;1m[Board] [0m3 || |[7;1m [0m| |[7;1m [0m| |[0;1mk[0m| |[7;1m [0m|| 3
[32;1m[Board] [0m  -------------------
[32;1m[Board] [0m2 ||[0;1mp[0m|[0;1mp[0m|[7;1m [0m|[0;1mp[0m|[0;1mp[0m|[0;1mp[0m|[0;1mp[0m|[0;1mp[0m|| 2
[32;1m[Board] [0m  -------------------
[32;1m[Board] [0m1 ||[0;1mr[0m|[7;1m [0m|[0;1mb[0m|[7;1m [0m|[0;1mK[0m|[0;1mb[0m| |[0;1mr[0m|| 1
[32;1m[Board] [0m  -------------------
[32;1m[Board] [0m    a b c d e f g h
[32;1m[Board] [0m
[32;1m[Referee] [0mThis is the turn of the White player...
a1b1,e1d1,h1g1,a2a3,a2a4,b2b3,b2b4,d2d3,d2d4,e2e3,e2e4,g2g3,g2g4,h2h3,h2h4,f3g5,f3h4,f3g1,f3d4,f3e5,a8a7,a8a6,a8b8,a8b7,a8c6,a8d5,a8e4,Playing as W
e2e3
[32;1m[Game] [0mPlayer's error code: 0
[32;1m[Game] [0mChecking move validity...
[32;1m[Board] [0mInitializing board...
[32;1m[Board] [0mLoading history file `stats/White/game-23/history.csv`...
[32;1m[Board] [0mLoaded 18 move(s).
[32;1m[Board] [0mLoading move file `stats/White/game-23/move.csv`...
[32;1m[Board] [0mWhite player is playing a8 to d5.
[32;1m[Board] [0m
[32;1m[Board] [0m    a b c d e f g h 
[32;1m[Board] [0m  -------------------
[32;1m[Board] [0m8 ||[7;1m [0m|[30;1mk[0m|[7;1m [0m| |[7;1m [0m|[30;1mb[0m|[30;1mk[0m|[30;1mr[0m|| 8
[32;1m[Board] [0m  -------------------
[32;1m[Board] [0m7 || |[7;1m [0m| |[30;1mp[0m| |[7;1m [0m|[30;1mK[0m|[7;1m [0m|| 7
[32;1m[Board] [0m  -------------------
[32;1m[Board] [0m6 ||[30;1mp[0m| |[7;1m [0m| |[7;1m [0m|[30;1mp[0m|[30;1mp[0m| || 6
[32;1m[Board] [0m  -------------------
[32;1m[Board] [0m5 || |[7;1m [0m| |[0;1mQ[0m|[30;1mp[0m|[7;1m [0m| |[30;1mp[0m|| 5
[32;1m[Board] [0m  -------------------
[32;1m[Board] [0m4 ||[7;1m [0m| |[7;1m [0m| |[7;1m [0m| |[7;1m [0m| || 4
[32;1m[Board] [0m  -------------------
[32;1m[Board] [0m3 || |[7;1m [0m| |[7;1m [0m| |[0;1mk[0m| |[7;1m [0m|| 3
[32;1m[Board] [0m  -------------------
[32;1m[Board] [0m2 ||[0;1mp[0m|[0;1mp[0m|[7;1m [0m|[0;1mp[0m|[0;1mp[0m|[0;1mp[0m|[0;1mp[0m|[0;1mp[0m|| 2
[32;1m[Board] [0m  -------------------
[32;1m[Board] [0m1 ||[0;1mr[0m|[7;1m [0m|[0;1mb[0m|[7;1m [0m|[0;1mK[0m|[0;1mb[0m| |[0;1mr[0m|| 1
[32;1m[Board] [0m  -------------------
[32;1m[Board] [0m    a b c d e f g h
[32;1m[Board] [0m
[32;1m[Referee] [0mThis is the turn of the Black player...
[32;1m[Board] [0mInitializing board...
[32;1m[Board] [0mLoading history file `stats/White/game-23/history.csv`...
[32;1m[Board] [0mLoaded 19 move(s).
[32;1m[RandomPlayer] [0mComputing possible moves...
[32;1m[RandomPlayer] [0m18 possible move(s)
[32;1m[RandomPlayer] [0mPlaying random move 11 out of 18
[32;1m[Game] [0mPlayer's error code: 0
[32;1m[Game] [0mChecking move validity...
[32;1m[Board] [0mInitializing board...
[32;1m[Board] [0mLoading history file `stats/White/game-23/history.csv`...
[32;1m[Board] [0mLoaded 19 move(s).
[32;1m[Board] [0mLoading move file `stats/White/game-23/move.csv`...
[32;1m[Board] [0mBlack player is playing f8 to e7.
[32;1m[Board] [0m
[32;1m[Board] [0m    a b c d e f g h 
[32;1m[Board] [0m  -------------------
[32;1m[Board] [0m8 ||[7;1m [0m|[30;1mk[0m|[7;1m [0m| |[7;1m [0m| |[30;1mk[0m|[30;1mr[0m|| 8
[32;1m[Board] [0m  -------------------
[32;1m[Board] [0m7 || |[7;1m [0m| |[30;1mp[0m|[30;1mb[0m|[7;1m [0m|[30;1mK[0m|[7;1m [0m|| 7
[32;1m[Board] [0m  -------------------
[32;1m[Board] [0m6 ||[30;1mp[0m| |[7;1m [0m| |[7;1m [0m|[30;1mp[0m|[30;1mp[0m| || 6
[32;1m[Board] [0m  -------------------
[32;1m[Board] [0m5 || |[7;1m [0m| |[0;1mQ[0m|[30;1mp[0m|[7;1m [0m| |[30;1mp[0m|| 5
[32;1m[Board] [0m  -------------------
[32;1m[Board] [0m4 ||[7;1m [0m| |[7;1m [0m| |[7;1m [0m| |[7;1m [0m| || 4
[32;1m[Board] [0m  -------------------
[32;1m[Board] [0m3 || |[7;1m [0m| |[7;1m [0m| |[0;1mk[0m| |[7;1m [0m|| 3
[32;1m[Board] [0m  -------------------
[32;1m[Board] [0m2 ||[0;1mp[0m|[0;1mp[0m|[7;1m [0m|[0;1mp[0m|[0;1mp[0m|[0;1mp[0m|[0;1mp[0m|[0;1mp[0m|| 2
[32;1m[Board] [0m  -------------------
[32;1m[Board] [0m1 ||[0;1mr[0m|[7;1m [0m|[0;1mb[0m|[7;1m [0m|[0;1mK[0m|[0;1mb[0m| |[0;1mr[0m|| 1
[32;1m[Board] [0m  -------------------
[32;1m[Board] [0m    a b c d e f g h
[32;1m[Board] [0m
[32;1m[Referee] [0mThis is the turn of the White player...
a1b1,e1d1,h1g1,a2a3,a2a4,b2b3,b2b4,d2d3,d2d4,e2e3,e2e4,g2g3,g2g4,h2h3,h2h4,f3g5,f3h4,f3g1,f3d4,f3e5,d5d6,d5d7,d5d4,d5d3,d5e5,d5c5,d5b5,d5a5,d5e6,d5f7,d5g8,d5e4,d5c6,d5b7,d5a8,d5c4,d5b3,Playing as W
d5c4
[32;1m[Game] [0mPlayer's error code: 0
[32;1m[Game] [0mChecking move validity...
[32;1m[Board] [0mInitializing board...
[32;1m[Board] [0mLoading history file `stats/White/game-23/history.csv`...
[32;1m[Board] [0mLoaded 20 move(s).
[32;1m[Board] [0mLoading move file `stats/White/game-23/move.csv`...
[32;1m[Board] [0mWhite player is playing f3 to e5.
[32;1m[Board] [0m[5;1mWhite Knight is taking Black Pawn.[0m
[32;1m[Board] [0m
[32;1m[Board] [0m    a b c d e f g h 
[32;1m[Board] [0m  -------------------
[32;1m[Board] [0m8 ||[7;1m [0m|[30;1mk[0m|[7;1m [0m| |[7;1m [0m| |[30;1mk[0m|[30;1mr[0m|| 8
[32;1m[Board] [0m  -------------------
[32;1m[Board] [0m7 || |[7;1m [0m| |[30;1mp[0m|[30;1mb[0m|[7;1m [0m|[30;1mK[0m|[7;1m [0m|| 7
[32;1m[Board] [0m  -------------------
[32;1m[Board] [0m6 ||[30;1mp[0m| |[7;1m [0m| |[7;1m [0m|[30;1mp[0m|[30;1mp[0m| || 6
[32;1m[Board] [0m  -------------------
[32;1m[Board] [0m5 || |[7;1m [0m| |[0;1mQ[0m|[0;1mk[0m|[7;1m [0m| |[30;1mp[0m|| 5
[32;1m[Board] [0m  -------------------
[32;1m[Board] [0m4 ||[7;1m [0m| |[7;1m [0m| |[7;1m [0m| |[7;1m [0m| || 4
[32;1m[Board] [0m  -------------------
[32;1m[Board] [0m3 || |[7;1m [0m| |[7;1m [0m| |[7;1m [0m| |[7;1m [0m|| 3
[32;1m[Board] [0m  -------------------
[32;1m[Board] [0m2 ||[0;1mp[0m|[0;1mp[0m|[7;1m [0m|[0;1mp[0m|[0;1mp[0m|[0;1mp[0m|[0;1mp[0m|[0;1mp[0m|| 2
[32;1m[Board] [0m  -------------------
[32;1m[Board] [0m1 ||[0;1mr[0m|[7;1m [0m|[0;1mb[0m|[7;1m [0m|[0;1mK[0m|[0;1mb[0m| |[0;1mr[0m|| 1
[32;1m[Board] [0m  -------------------
[32;1m[Board] [0m    a b c d e f g h
[32;1m[Board] [0m
[32;1m[Referee] [0mThis is the turn of the Black player...
[32;1m[Board] [0mInitializing board...
[32;1m[Board] [0mLoading history file `stats/White/game-23/history.csv`...
[32;1m[Board] [0mLoaded 21 move(s).
[32;1m[RandomPlayer] [0mComputing possible moves...
[32;1m[RandomPlayer] [0m19 possible move(s)
[32;1m[RandomPlayer] [0mPlaying random move 8 out of 19
[32;1m[Game] [0mPlayer's error code: 0
[32;1m[Game] [0mChecking move validity...
[32;1m[Board] [0mInitializing board...
[32;1m[Board] [0mLoading history file `stats/White/game-23/history.csv`...
[32;1m[Board] [0mLoaded 21 move(s).
[32;1m[Board] [0mLoading move file `stats/White/game-23/move.csv`...
[32;1m[Board] [0mBlack player is playing b8 to c6.
[32;1m[Board] [0m
[32;1m[Board] [0m    a b c d e f g h 
[32;1m[Board] [0m  -------------------
[32;1m[Board] [0m8 ||[7;1m [0m| |[7;1m [0m| |[7;1m [0m| |[30;1mk[0m|[30;1mr[0m|| 8
[32;1m[Board] [0m  -------------------
[32;1m[Board] [0m7 || |[7;1m [0m| |[30;1mp[0m|[30;1mb[0m|[7;1m [0m|[30;1mK[0m|[7;1m [0m|| 7
[32;1m[Board] [0m  -------------------
[32;1m[Board] [0m6 ||[30;1mp[0m| |[30;1mk[0m| |[7;1m [0m|[30;1mp[0m|[30;1mp[0m| || 6
[32;1m[Board] [0m  -------------------
[32;1m[Board] [0m5 || |[7;1m [0m| |[0;1mQ[0m|[0;1mk[0m|[7;1m [0m| |[30;1mp[0m|| 5
[32;1m[Board] [0m  -------------------
[32;1m[Board] [0m4 ||[7;1m [0m| |[7;1m [0m| |[7;1m [0m| |[7;1m [0m| || 4
[32;1m[Board] [0m  -------------------
[32;1m[Board] [0m3 || |[7;1m [0m| |[7;1m [0m| |[7;1m [0m| |[7;1m [0m|| 3
[32;1m[Board] [0m  -------------------
[32;1m[Board] [0m2 ||[0;1mp[0m|[0;1mp[0m|[7;1m [0m|[0;1mp[0m|[0;1mp[0m|[0;1mp[0m|[0;1mp[0m|[0;1mp[0m|| 2
[32;1m[Board] [0m  -------------------
[32;1m[Board] [0m1 ||[0;1mr[0m|[7;1m [0m|[0;1mb[0m|[7;1m [0m|[0;1mK[0m|[0;1mb[0m| |[0;1mr[0m|| 1
[32;1m[Board] [0m  -------------------
[32;1m[Board] [0m    a b c d e f g h
[32;1m[Board] [0m
[32;1m[Referee] [0mThis is the turn of the White player...
a1b1,e1d1,h1g1,a2a3,a2a4,b2b3,b2b4,d2d3,d2d4,e2e3,e2e4,f2f3,f2f4,g2g3,g2g4,h2h3,h2h4,d5d6,d5d7,d5d4,d5d3,d5c5,d5b5,d5a5,d5e6,d5f7,d5g8,d5e4,d5f3,d5c6,d5c4,d5b3,e5f7,e5g6,e5g4,e5f3,e5d3,e5c4,e5c6,e5d7,Playing as W
b2b4
[32;1m[Game] [0mPlayer's error code: 0
[32;1m[Game] [0mChecking move validity...
[32;1m[Board] [0mInitializing board...
[32;1m[Board] [0mLoading history file `stats/White/game-23/history.csv`...
[32;1m[Board] [0mLoaded 22 move(s).
[32;1m[Board] [0mLoading move file `stats/White/game-23/move.csv`...
[32;1m[Board] [0mWhite player is playing e5 to d7.
[32;1m[Board] [0m[5;1mWhite Knight is taking Black Pawn.[0m
[32;1m[Board] [0m
[32;1m[Board] [0m    a b c d e f g h 
[32;1m[Board] [0m  -------------------
[32;1m[Board] [0m8 ||[7;1m [0m| |[7;1m [0m| |[7;1m [0m| |[30;1mk[0m|[30;1mr[0m|| 8
[32;1m[Board] [0m  -------------------
[32;1m[Board] [0m7 || |[7;1m [0m| |[0;1mk[0m|[30;1mb[0m|[7;1m [0m|[30;1mK[0m|[7;1m [0m|| 7
[32;1m[Board] [0m  -------------------
[32;1m[Board] [0m6 ||[30;1mp[0m| |[30;1mk[0m| |[7;1m [0m|[30;1mp[0m|[30;1mp[0m| || 6
[32;1m[Board] [0m  -------------------
[32;1m[Board] [0m5 || |[7;1m [0m| |[0;1mQ[0m| |[7;1m [0m| |[30;1mp[0m|| 5
[32;1m[Board] [0m  -------------------
[32;1m[Board] [0m4 ||[7;1m [0m| |[7;1m [0m| |[7;1m [0m| |[7;1m [0m| || 4
[32;1m[Board] [0m  -------------------
[32;1m[Board] [0m3 || |[7;1m [0m| |[7;1m [0m| |[7;1m [0m| |[7;1m [0m|| 3
[32;1m[Board] [0m  -------------------
[32;1m[Board] [0m2 ||[0;1mp[0m|[0;1mp[0m|[7;1m [0m|[0;1mp[0m|[0;1mp[0m|[0;1mp[0m|[0;1mp[0m|[0;1mp[0m|| 2
[32;1m[Board] [0m  -------------------
[32;1m[Board] [0m1 ||[0;1mr[0m|[7;1m [0m|[0;1mb[0m|[7;1m [0m|[0;1mK[0m|[0;1mb[0m| |[0;1mr[0m|| 1
[32;1m[Board] [0m  -------------------
[32;1m[Board] [0m    a b c d e f g h
[32;1m[Board] [0m
[32;1m[Referee] [0mThis is the turn of the Black player...
[32;1m[Board] [0mInitializing board...
[32;1m[Board] [0mLoading history file `stats/White/game-23/history.csv`...
[32;1m[Board] [0mLoaded 23 move(s).
[32;1m[RandomPlayer] [0mComputing possible moves...
[32;1m[RandomPlayer] [0m22 possible move(s)
[32;1m[RandomPlayer] [0mPlaying random move 9 out of 22
[32;1m[Game] [0mPlayer's error code: 0
[32;1m[Game] [0mChecking move validity...
[32;1m[Board] [0mInitializing board...
[32;1m[Board] [0mLoading history file `stats/White/game-23/history.csv`...
[32;1m[Board] [0mLoaded 23 move(s).
[32;1m[Board] [0mLoading move file `stats/White/game-23/move.csv`...
[32;1m[Board] [0mBlack player is playing c6 to e5.
[32;1m[Board] [0m
[32;1m[Board] [0m    a b c d e f g h 
[32;1m[Board] [0m  -------------------
[32;1m[Board] [0m8 ||[7;1m [0m| |[7;1m [0m| |[7;1m [0m| |[30;1mk[0m|[30;1mr[0m|| 8
[32;1m[Board] [0m  -------------------
[32;1m[Board] [0m7 || |[7;1m [0m| |[0;1mk[0m|[30;1mb[0m|[7;1m [0m|[30;1mK[0m|[7;1m [0m|| 7
[32;1m[Board] [0m  -------------------
[32;1m[Board] [0m6 ||[30;1mp[0m| |[7;1m [0m| |[7;1m [0m|[30;1mp[0m|[30;1mp[0m| || 6
[32;1m[Board] [0m  -------------------
[32;1m[Board] [0m5 || |[7;1m [0m| |[0;1mQ[0m|[30;1mk[0m|[7;1m [0m| |[30;1mp[0m|| 5
[32;1m[Board] [0m  -------------------
[32;1m[Board] [0m4 ||[7;1m [0m| |[7;1m [0m| |[7;1m [0m| |[7;1m [0m| || 4
[32;1m[Board] [0m  -------------------
[32;1m[Board] [0m3 || |[7;1m [0m| |[7;1m [0m| |[7;1m [0m| |[7;1m [0m|| 3
[32;1m[Board] [0m  -------------------
[32;1m[Board] [0m2 ||[0;1mp[0m|[0;1mp[0m|[7;1m [0m|[0;1mp[0m|[0;1mp[0m|[0;1mp[0m|[0;1mp[0m|[0;1mp[0m|| 2
[32;1m[Board] [0m  -------------------
[32;1m[Board] [0m1 ||[0;1mr[0m|[7;1m [0m|[0;1mb[0m|[7;1m [0m|[0;1mK[0m|[0;1mb[0m| |[0;1mr[0m|| 1
[32;1m[Board] [0m  -------------------
[32;1m[Board] [0m    a b c d e f g h
[32;1m[Board] [0m
[32;1m[Referee] [0mThis is the turn of the White player...
a1b1,e1d1,h1g1,a2a3,a2a4,b2b3,b2b4,d2d3,d2d4,e2e3,e2e4,f2f3,f2f4,g2g3,g2g4,h2h3,h2h4,d5d6,d5d4,d5d3,d5e5,d5c5,d5b5,d5a5,d5e6,d5f7,d5g8,d5e4,d5f3,d5c6,d5b7,d5a8,d5c4,d5b3,d7f8,d7f6,d7e5,d7c5,d7b6,d7b8,Playing as W
d2d3
[32;1m[Game] [0mPlayer's error code: 0
[32;1m[Game] [0mChecking move validity...
[32;1m[Board] [0mInitializing board...
[32;1m[Board] [0mLoading history file `stats/White/game-23/history.csv`...
[32;1m[Board] [0mLoaded 24 move(s).
[32;1m[Board] [0mLoading move file `stats/White/game-23/move.csv`...
[32;1m[Board] [0mWhite player is playing d7 to e5.
[32;1m[Board] [0m[5;1mWhite Knight is taking Black Knight.[0m
[32;1m[Board] [0m
[32;1m[Board] [0m    a b c d e f g h 
[32;1m[Board] [0m  -------------------
[32;1m[Board] [0m8 ||[7;1m [0m| |[7;1m [0m| |[7;1m [0m| |[30;1mk[0m|[30;1mr[0m|| 8
[32;1m[Board] [0m  -------------------
[32;1m[Board] [0m7 || |[7;1m [0m| |[7;1m [0m|[30;1mb[0m|[7;1m [0m|[30;1mK[0m|[7;1m [0m|| 7
[32;1m[Board] [0m  -------------------
[32;1m[Board] [0m6 ||[30;1mp[0m| |[7;1m [0m| |[7;1m [0m|[30;1mp[0m|[30;1mp[0m| || 6
[32;1m[Board] [0m  -------------------
[32;1m[Board] [0m5 || |[7;1m [0m| |[0;1mQ[0m|[0;1mk[0m|[7;1m [0m| |[30;1mp[0m|| 5
[32;1m[Board] [0m  -------------------
[32;1m[Board] [0m4 ||[7;1m [0m| |[7;1m [0m| |[7;1m [0m| |[7;1m [0m| || 4
[32;1m[Board] [0m  -------------------
[32;1m[Board] [0m3 || |[7;1m [0m| |[7;1m [0m| |[7;1m [0m| |[7;1m [0m|| 3
[32;1m[Board] [0m  -------------------
[32;1m[Board] [0m2 ||[0;1mp[0m|[0;1mp[0m|[7;1m [0m|[0;1mp[0m|[0;1mp[0m|[0;1mp[0m|[0;1mp[0m|[0;1mp[0m|| 2
[32;1m[Board] [0m  -------------------
[32;1m[Board] [0m1 ||[0;1mr[0m|[7;1m [0m|[0;1mb[0m|[7;1m [0m|[0;1mK[0m|[0;1mb[0m| |[0;1mr[0m|| 1
[32;1m[Board] [0m  -------------------
[32;1m[Board] [0m    a b c d e f g h
[32;1m[Board] [0m
[32;1m[Referee] [0mThis is the turn of the Black player...
[32;1m[Board] [0mInitializing board...
[32;1m[Board] [0mLoading history file `stats/White/game-23/history.csv`...
[32;1m[Board] [0mLoaded 25 move(s).
[32;1m[RandomPlayer] [0mComputing possible moves...
[32;1m[RandomPlayer] [0m17 possible move(s)
[32;1m[RandomPlayer] [0mPlaying random move 2 out of 17
[32;1m[Game] [0mPlayer's error code: 0
[32;1m[Game] [0mChecking move validity...
[32;1m[Board] [0mInitializing board...
[32;1m[Board] [0mLoading history file `stats/White/game-23/history.csv`...
[32;1m[Board] [0mLoaded 25 move(s).
[32;1m[Board] [0mLoading move file `stats/White/game-23/move.csv`...
[32;1m[Board] [0mBlack player is playing f6 to e5.
[32;1m[Board] [0m[5;1mBlack Pawn is taking White Knight.[0m
[32;1m[Board] [0m
[32;1m[Board] [0m    a b c d e f g h 
[32;1m[Board] [0m  -------------------
[32;1m[Board] [0m8 ||[7;1m [0m| |[7;1m [0m| |[7;1m [0m| |[30;1mk[0m|[30;1mr[0m|| 8
[32;1m[Board] [0m  -------------------
[32;1m[Board] [0m7 || |[7;1m [0m| |[7;1m [0m|[30;1mb[0m|[7;1m [0m|[30;1mK[0m|[7;1m [0m|| 7
[32;1m[Board] [0m  -------------------
[32;1m[Board] [0m6 ||[30;1mp[0m| |[7;1m [0m| |[7;1m [0m| |[30;1mp[0m| || 6
[32;1m[Board] [0m  -------------------
[32;1m[Board] [0m5 || |[7;1m [0m| |[0;1mQ[0m|[30;1mp[0m|[7;1m [0m| |[30;1mp[0m|| 5
[32;1m[Board] [0m  -------------------
[32;1m[Board] [0m4 ||[7;1m [0m| |[7;1m [0m| |[7;1m [0m| |[7;1m [0m| || 4
[32;1m[Board] [0m  -------------------
[32;1m[Board] [0m3 || |[7;1m [0m| |[7;1m [0m| |[7;1m [0m| |[7;1m [0m|| 3
[32;1m[Board] [0m  -------------------
[32;1m[Board] [0m2 ||[0;1mp[0m|[0;1mp[0m|[7;1m [0m|[0;1mp[0m|[0;1mp[0m|[0;1mp[0m|[0;1mp[0m|[0;1mp[0m|| 2
[32;1m[Board] [0m  -------------------
[32;1m[Board] [0m1 ||[0;1mr[0m|[7;1m [0m|[0;1mb[0m|[7;1m [0m|[0;1mK[0m|[0;1mb[0m| |[0;1mr[0m|| 1
[32;1m[Board] [0m  -------------------
[32;1m[Board] [0m    a b c d e f g h
[32;1m[Board] [0m
[32;1m[Referee] [0mThis is the turn of the White player...
a1b1,e1d1,h1g1,a2a3,a2a4,b2b3,b2b4,d2d3,d2d4,e2e3,e2e4,f2f3,f2f4,g2g3,g2g4,h2h3,h2h4,d5d6,d5d7,d5d8,d5d4,d5d3,d5e5,d5c5,d5b5,d5a5,d5e6,d5f7,d5g8,d5e4,d5f3,d5c6,d5b7,d5a8,d5c4,d5b3,Playing as W
d5d4
[32;1m[Game] [0mPlayer's error code: 0
[32;1m[Game] [0mChecking move validity...
[32;1m[Board] [0mInitializing board...
[32;1m[Board] [0mLoading history file `stats/White/game-23/history.csv`...
[32;1m[Board] [0mLoaded 26 move(s).
[32;1m[Board] [0mLoading move file `stats/White/game-23/move.csv`...
[32;1m[Board] [0mWhite player is playing d5 to e5.
[32;1m[Board] [0m[5;1mWhite Queen is taking Black Pawn.[0m
[32;1m[Board] [0m
[32;1m[Board] [0m    a b c d e f g h 
[32;1m[Board] [0m  -------------------
[32;1m[Board] [0m8 ||[7;1m [0m| |[7;1m [0m| |[7;1m [0m| |[30;1mk[0m|[30;1mr[0m|| 8
[32;1m[Board] [0m  -------------------
[32;1m[Board] [0m7 || |[7;1m [0m| |[7;1m [0m|[30;1mb[0m|[7;1m [0m|[30;1mK[0m|[7;1m [0m|| 7
[32;1m[Board] [0m  -------------------
[32;1m[Board] [0m6 ||[30;1mp[0m| |[7;1m [0m| |[7;1m [0m| |[30;1mp[0m| || 6
[32;1m[Board] [0m  -------------------
[32;1m[Board] [0m5 || |[7;1m [0m| |[7;1m [0m|[0;1mQ[0m|[7;1m [0m| |[30;1mp[0m|| 5
[32;1m[Board] [0m  -------------------
[32;1m[Board] [0m4 ||[7;1m [0m| |[7;1m [0m| |[7;1m [0m| |[7;1m [0m| || 4
[32;1m[Board] [0m  -------------------
[32;1m[Board] [0m3 || |[7;1m [0m| |[7;1m [0m| |[7;1m [0m| |[7;1m [0m|| 3
[32;1m[Board] [0m  -------------------
[32;1m[Board] [0m2 ||[0;1mp[0m|[0;1mp[0m|[7;1m [0m|[0;1mp[0m|[0;1mp[0m|[0;1mp[0m|[0;1mp[0m|[0;1mp[0m|| 2
[32;1m[Board] [0m  -------------------
[32;1m[Board] [0m1 ||[0;1mr[0m|[7;1m [0m|[0;1mb[0m|[7;1m [0m|[0;1mK[0m|[0;1mb[0m| |[0;1mr[0m|| 1
[32;1m[Board] [0m  -------------------
[32;1m[Board] [0m    a b c d e f g h
[32;1m[Board] [0m
[32;1m[Referee] [0mThis is the turn of the Black player...
[32;1m[Board] [0mInitializing board...
[32;1m[Board] [0mLoading history file `stats/White/game-23/history.csv`...
[32;1m[Board] [0mLoaded 27 move(s).
[32;1m[RandomPlayer] [0mComputing possible moves...
[32;1m[RandomPlayer] [0m6 possible move(s)
[32;1m[RandomPlayer] [0mPlaying random move 1 out of 6
[32;1m[Game] [0mPlayer's error code: 0
[32;1m[Game] [0mChecking move validity...
[32;1m[Board] [0mInitializing board...
[32;1m[Board] [0mLoading history file `stats/White/game-23/history.csv`...
[32;1m[Board] [0mLoaded 27 move(s).
[32;1m[Board] [0mLoading move file `stats/White/game-23/move.csv`...
[32;1m[Board] [0mBlack player is playing e7 to f6.
[32;1m[Board] [0m
[32;1m[Board] [0m    a b c d e f g h 
[32;1m[Board] [0m  -------------------
[32;1m[Board] [0m8 ||[7;1m [0m| |[7;1m [0m| |[7;1m [0m| |[30;1mk[0m|[30;1mr[0m|| 8
[32;1m[Board] [0m  -------------------
[32;1m[Board] [0m7 || |[7;1m [0m| |[7;1m [0m| |[7;1m [0m|[30;1mK[0m|[7;1m [0m|| 7
[32;1m[Board] [0m  -------------------
[32;1m[Board] [0m6 ||[30;1mp[0m| |[7;1m [0m| |[7;1m [0m|[30;1mb[0m|[30;1mp[0m| || 6
[32;1m[Board] [0m  -------------------
[32;1m[Board] [0m5 || |[7;1m [0m| |[7;1m [0m|[0;1mQ[0m|[7;1m [0m| |[30;1mp[0m|| 5
[32;1m[Board] [0m  -------------------
[32;1m[Board] [0m4 ||[7;1m [0m| |[7;1m [0m| |[7;1m [0m| |[7;1m [0m| || 4
[32;1m[Board] [0m  -------------------
[32;1m[Board] [0m3 || |[7;1m [0m| |[7;1m [0m| |[7;1m [0m| |[7;1m [0m|| 3
[32;1m[Board] [0m  -------------------
[32;1m[Board] [0m2 ||[0;1mp[0m|[0;1mp[0m|[7;1m [0m|[0;1mp[0m|[0;1mp[0m|[0;1mp[0m|[0;1mp[0m|[0;1mp[0m|| 2
[32;1m[Board] [0m  -------------------
[32;1m[Board] [0m1 ||[0;1mr[0m|[7;1m [0m|[0;1mb[0m|[7;1m [0m|[0;1mK[0m|[0;1mb[0m| |[0;1mr[0m|| 1
[32;1m[Board] [0m  -------------------
[32;1m[Board] [0m    a b c d e f g h
[32;1m[Board] [0m
[32;1m[Referee] [0mThis is the turn of the White player...
a1b1,e1d1,h1g1,a2a3,a2a4,b2b3,b2b4,d2d3,d2d4,e2e3,e2e4,f2f3,f2f4,g2g3,g2g4,h2h3,h2h4,e5e6,e5e7,e5e8,e5e4,e5e3,e5f5,e5g5,e5h5,e5d5,e5c5,e5b5,e5a5,e5f6,e5f4,e5g3,e5d6,e5c7,e5b8,e5d4,e5c3,Playing as W
a1b1
[32;1m[Game] [0mPlayer's error code: 0
[32;1m[Game] [0mChecking move validity...
[32;1m[Board] [0mInitializing board...
[32;1m[Board] [0mLoading history file `stats/White/game-23/history.csv`...
[32;1m[Board] [0mLoaded 28 move(s).
[32;1m[Board] [0mLoading move file `stats/White/game-23/move.csv`...
[32;1m[Board] [0mWhite player is playing e5 to e4.
[32;1m[Board] [0m
[32;1m[Board] [0m    a b c d e f g h 
[32;1m[Board] [0m  -------------------
[32;1m[Board] [0m8 ||[7;1m [0m| |[7;1m [0m| |[7;1m [0m| |[30;1mk[0m|[30;1mr[0m|| 8
[32;1m[Board] [0m  -------------------
[32;1m[Board] [0m7 || |[7;1m [0m| |[7;1m [0m| |[7;1m [0m|[30;1mK[0m|[7;1m [0m|| 7
[32;1m[Board] [0m  -------------------
[32;1m[Board] [0m6 ||[30;1mp[0m| |[7;1m [0m| |[7;1m [0m|[30;1mb[0m|[30;1mp[0m| || 6
[32;1m[Board] [0m  -------------------
[32;1m[Board] [0m5 || |[7;1m [0m| |[7;1m [0m| |[7;1m [0m| |[30;1mp[0m|| 5
[32;1m[Board] [0m  -------------------
[32;1m[Board] [0m4 ||[7;1m [0m| |[7;1m [0m| |[0;1mQ[0m| |[7;1m [0m| || 4
[32;1m[Board] [0m  -------------------
[32;1m[Board] [0m3 || |[7;1m [0m| |[7;1m [0m| |[7;1m [0m| |[7;1m [0m|| 3
[32;1m[Board] [0m  -------------------
[32;1m[Board] [0m2 ||[0;1mp[0m|[0;1mp[0m|[7;1m [0m|[0;1mp[0m|[0;1mp[0m|[0;1mp[0m|[0;1mp[0m|[0;1mp[0m|| 2
[32;1m[Board] [0m  -------------------
[32;1m[Board] [0m1 ||[0;1mr[0m|[7;1m [0m|[0;1mb[0m|[7;1m [0m|[0;1mK[0m|[0;1mb[0m| |[0;1mr[0m|| 1
[32;1m[Board] [0m  -------------------
[32;1m[Board] [0m    a b c d e f g h
[32;1m[Board] [0m
[32;1m[Referee] [0mThis is the turn of the Black player...
[32;1m[Board] [0mInitializing board...
[32;1m[Board] [0mLoading history file `stats/White/game-23/history.csv`...
[32;1m[Board] [0mLoaded 29 move(s).
[32;1m[RandomPlayer] [0mComputing possible moves...
[32;1m[RandomPlayer] [0m19 possible move(s)
[32;1m[RandomPlayer] [0mPlaying random move 16 out of 19
[32;1m[Game] [0mPlayer's error code: 0
[32;1m[Game] [0mChecking move validity...
[32;1m[Board] [0mInitializing board...
[32;1m[Board] [0mLoading history file `stats/White/game-23/history.csv`...
[32;1m[Board] [0mLoaded 29 move(s).
[32;1m[Board] [0mLoading move file `stats/White/game-23/move.csv`...
[32;1m[Board] [0mBlack player is playing g7 to f7.
[32;1m[Board] [0m
[32;1m[Board] [0m    a b c d e f g h 
[32;1m[Board] [0m  -------------------
[32;1m[Board] [0m8 ||[7;1m [0m| |[7;1m [0m| |[7;1m [0m| |[30;1mk[0m|[30;1mr[0m|| 8
[32;1m[Board] [0m  -------------------
[32;1m[Board] [0m7 || |[7;1m [0m| |[7;1m [0m| |[30;1mK[0m| |[7;1m [0m|| 7
[32;1m[Board] [0m  -------------------
[32;1m[Board] [0m6 ||[30;1mp[0m| |[7;1m [0m| |[7;1m [0m|[30;1mb[0m|[30;1mp[0m| || 6
[32;1m[Board] [0m  -------------------
[32;1m[Board] [0m5 || |[7;1m [0m| |[7;1m [0m| |[7;1m [0m| |[30;1mp[0m|| 5
[32;1m[Board] [0m  -------------------
[32;1m[Board] [0m4 ||[7;1m [0m| |[7;1m [0m| |[0;1mQ[0m| |[7;1m [0m| || 4
[32;1m[Board] [0m  -------------------
[32;1m[Board] [0m3 || |[7;1m [0m| |[7;1m [0m| |[7;1m [0m| |[7;1m [0m|| 3
[32;1m[Board] [0m  -------------------
[32;1m[Board] [0m2 ||[0;1mp[0m|[0;1mp[0m|[7;1m [0m|[0;1mp[0m|[0;1mp[0m|[0;1mp[0m|[0;1mp[0m|[0;1mp[0m|| 2
[32;1m[Board] [0m  -------------------
[32;1m[Board] [0m1 ||[0;1mr[0m|[7;1m [0m|[0;1mb[0m|[7;1m [0m|[0;1mK[0m|[0;1mb[0m| |[0;1mr[0m|| 1
[32;1m[Board] [0m  -------------------
[32;1m[Board] [0m    a b c d e f g h
[32;1m[Board] [0m
[32;1m[Referee] [0mThis is the turn of the White player...
a1b1,e1d1,h1g1,a2a3,a2a4,b2b3,b2b4,d2d3,d2d4,e2e3,f2f3,f2f4,g2g3,g2g4,h2h3,h2h4,e4e5,e4e6,e4e7,e4e8,e4e3,e4f4,e4g4,e4h4,e4d4,e4c4,e4b4,e4a4,e4f5,e4g6,e4f3,e4d5,e4c6,e4b7,e4a8,e4d3,e4c2,e4b1,Playing as W
h2h4
[32;1m[Game] [0mPlayer's error code: 0
[32;1m[Game] [0mChecking move validity...
[32;1m[Board] [0mInitializing board...
[32;1m[Board] [0mLoading history file `stats/White/game-23/history.csv`...
[32;1m[Board] [0mLoaded 30 move(s).
[32;1m[Board] [0mLoading move file `stats/White/game-23/move.csv`...
[32;1m[Board] [0mWhite player is playing e4 to d5.
[32;1m[Board] [0m
[32;1m[Board] [0m    a b c d e f g h 
[32;1m[Board] [0m  -------------------
[32;1m[Board] [0m8 ||[7;1m [0m| |[7;1m [0m| |[7;1m [0m| |[30;1mk[0m|[30;1mr[0m|| 8
[32;1m[Board] [0m  -------------------
[32;1m[Board] [0m7 || |[7;1m [0m| |[7;1m [0m| |[30;1mK[0m| |[7;1m [0m|| 7
[32;1m[Board] [0m  -------------------
[32;1m[Board] [0m6 ||[30;1mp[0m| |[7;1m [0m| |[7;1m [0m|[30;1mb[0m|[30;1mp[0m| || 6
[32;1m[Board] [0m  -------------------
[32;1m[Board] [0m5 || |[7;1m [0m| |[0;1mQ[0m| |[7;1m [0m| |[30;1mp[0m|| 5
[32;1m[Board] [0m  -------------------
[32;1m[Board] [0m4 ||[7;1m [0m| |[7;1m [0m| |[7;1m [0m| |[7;1m [0m| || 4
[32;1m[Board] [0m  -------------------
[32;1m[Board] [0m3 || |[7;1m [0m| |[7;1m [0m| |[7;1m [0m| |[7;1m [0m|| 3
[32;1m[Board] [0m  -------------------
[32;1m[Board] [0m2 ||[0;1mp[0m|[0;1mp[0m|[7;1m [0m|[0;1mp[0m|[0;1mp[0m|[0;1mp[0m|[0;1mp[0m|[0;1mp[0m|| 2
[32;1m[Board] [0m  -------------------
[32;1m[Board] [0m1 ||[0;1mr[0m|[7;1m [0m|[0;1mb[0m|[7;1m [0m|[0;1mK[0m|[0;1mb[0m| |[0;1mr[0m|| 1
[32;1m[Board] [0m  -------------------
[32;1m[Board] [0m    a b c d e f g h
[32;1m[Board] [0m
[32;1m[Referee] [0mThis is the turn of the Black player...
[32;1m[Board] [0mInitializing board...
[32;1m[Board] [0mLoading history file `stats/White/game-23/history.csv`...
[32;1m[Board] [0mLoaded 31 move(s).
[32;1m[RandomPlayer] [0mComputing possible moves...
[32;1m[RandomPlayer] [0m4 possible move(s)
[32;1m[RandomPlayer] [0mPlaying random move 2 out of 4
[32;1m[Game] [0mPlayer's error code: 0
[32;1m[Game] [0mChecking move validity...
[32;1m[Board] [0mInitializing board...
[32;1m[Board] [0mLoading history file `stats/White/game-23/history.csv`...
[32;1m[Board] [0mLoaded 31 move(s).
[32;1m[Board] [0mLoading move file `stats/White/game-23/move.csv`...
[32;1m[Board] [0mBlack player is playing f7 to f8.
[32;1m[Board] [0m
[32;1m[Board] [0m    a b c d e f g h 
[32;1m[Board] [0m  -------------------
[32;1m[Board] [0m8 ||[7;1m [0m| |[7;1m [0m| |[7;1m [0m|[30;1mK[0m|[30;1mk[0m|[30;1mr[0m|| 8
[32;1m[Board] [0m  -------------------
[32;1m[Board] [0m7 || |[7;1m [0m| |[7;1m [0m| |[7;1m [0m| |[7;1m [0m|| 7
[32;1m[Board] [0m  -------------------
[32;1m[Board] [0m6 ||[30;1mp[0m| |[7;1m [0m| |[7;1m [0m|[30;1mb[0m|[30;1mp[0m| || 6
[32;1m[Board] [0m  -------------------
[32;1m[Board] [0m5 || |[7;1m [0m| |[0;1mQ[0m| |[7;1m [0m| |[30;1mp[0m|| 5
[32;1m[Board] [0m  -------------------
[32;1m[Board] [0m4 ||[7;1m [0m| |[7;1m [0m| |[7;1m [0m| |[7;1m [0m| || 4
[32;1m[Board] [0m  -------------------
[32;1m[Board] [0m3 || |[7;1m [0m| |[7;1m [0m| |[7;1m [0m| |[7;1m [0m|| 3
[32;1m[Board] [0m  -------------------
[32;1m[Board] [0m2 ||[0;1mp[0m|[0;1mp[0m|[7;1m [0m|[0;1mp[0m|[0;1mp[0m|[0;1mp[0m|[0;1mp[0m|[0;1mp[0m|| 2
[32;1m[Board] [0m  -------------------
[32;1m[Board] [0m1 ||[0;1mr[0m|[7;1m [0m|[0;1mb[0m|[7;1m [0m|[0;1mK[0m|[0;1mb[0m| |[0;1mr[0m|| 1
[32;1m[Board] [0m  -------------------
[32;1m[Board] [0m    a b c d e f g h
[32;1m[Board] [0m
[32;1m[Referee] [0mThis is the turn of the White player...
a1b1,e1d1,h1g1,a2a3,a2a4,b2b3,b2b4,d2d3,d2d4,e2e3,e2e4,f2f3,f2f4,g2g3,g2g4,h2h3,h2h4,d5d6,d5d7,d5d8,d5d4,d5d3,d5e5,d5f5,d5g5,d5h5,d5c5,d5b5,d5a5,d5e6,d5f7,d5g8,d5e4,d5f3,d5c6,d5b7,d5a8,d5c4,d5b3,Playing as W
h2h3
[32;1m[Game] [0mPlayer's error code: 0
[32;1m[Game] [0mChecking move validity...
[32;1m[Board] [0mInitializing board...
[32;1m[Board] [0mLoading history file `stats/White/game-23/history.csv`...
[32;1m[Board] [0mLoaded 32 move(s).
[32;1m[Board] [0mLoading move file `stats/White/game-23/move.csv`...
[32;1m[Board] [0mWhite player is playing d5 to a8.
[32;1m[Board] [0m
[32;1m[Board] [0m    a b c d e f g h 
[32;1m[Board] [0m  -------------------
[32;1m[Board] [0m8 ||[0;1mQ[0m| |[7;1m [0m| |[7;1m [0m|[30;1mK[0m|[30;1mk[0m|[30;1mr[0m|| 8
[32;1m[Board] [0m  -------------------
[32;1m[Board] [0m7 || |[7;1m [0m| |[7;1m [0m| |[7;1m [0m| |[7;1m [0m|| 7
[32;1m[Board] [0m  -------------------
[32;1m[Board] [0m6 ||[30;1mp[0m| |[7;1m [0m| |[7;1m [0m|[30;1mb[0m|[30;1mp[0m| || 6
[32;1m[Board] [0m  -------------------
[32;1m[Board] [0m5 || |[7;1m [0m| |[7;1m [0m| |[7;1m [0m| |[30;1mp[0m|| 5
[32;1m[Board] [0m  -------------------
[32;1m[Board] [0m4 ||[7;1m [0m| |[7;1m [0m| |[7;1m [0m| |[7;1m [0m| || 4
[32;1m[Board] [0m  -------------------
[32;1m[Board] [0m3 || |[7;1m [0m| |[7;1m [0m| |[7;1m [0m| |[7;1m [0m|| 3
[32;1m[Board] [0m  -------------------
[32;1m[Board] [0m2 ||[0;1mp[0m|[0;1mp[0m|[7;1m [0m|[0;1mp[0m|[0;1mp[0m|[0;1mp[0m|[0;1mp[0m|[0;1mp[0m|| 2
[32;1m[Board] [0m  -------------------
[32;1m[Board] [0m1 ||[0;1mr[0m|[7;1m [0m|[0;1mb[0m|[7;1m [0m|[0;1mK[0m|[0;1mb[0m| |[0;1mr[0m|| 1
[32;1m[Board] [0m  -------------------
[32;1m[Board] [0m    a b c d e f g h
[32;1m[Board] [0m
[32;1m[Referee] [0mThis is the turn of the Black player...
[32;1m[Board] [0mInitializing board...
[32;1m[Board] [0mLoading history file `stats/White/game-23/history.csv`...
[32;1m[Board] [0mLoaded 33 move(s).
[32;1m[RandomPlayer] [0mComputing possible moves...
[32;1m[RandomPlayer] [0m4 possible move(s)
[32;1m[RandomPlayer] [0mPlaying random move 2 out of 4
[32;1m[Game] [0mPlayer's error code: 0
[32;1m[Game] [0mChecking move validity...
[32;1m[Board] [0mInitializing board...
[32;1m[Board] [0mLoading history file `stats/White/game-23/history.csv`...
[32;1m[Board] [0mLoaded 33 move(s).
[32;1m[Board] [0mLoading move file `stats/White/game-23/move.csv`...
[32;1m[Board] [0mBlack player is playing f8 to g7.
[32;1m[Board] [0m
[32;1m[Board] [0m    a b c d e f g h 
[32;1m[Board] [0m  -------------------
[32;1m[Board] [0m8 ||[0;1mQ[0m| |[7;1m [0m| |[7;1m [0m| |[30;1mk[0m|[30;1mr[0m|| 8
[32;1m[Board] [0m  -------------------
[32;1m[Board] [0m7 || |[7;1m [0m| |[7;1m [0m| |[7;1m [0m|[30;1mK[0m|[7;1m [0m|| 7
[32;1m[Board] [0m  -------------------
[32;1m[Board] [0m6 ||[30;1mp[0m| |[7;1m [0m| |[7;1m [0m|[30;1mb[0m|[30;1mp[0m| || 6
[32;1m[Board] [0m  -------------------
[32;1m[Board] [0m5 || |[7;1m [0m| |[7;1m [0m| |[7;1m [0m| |[30;1mp[0m|| 5
[32;1m[Board] [0m  -------------------
[32;1m[Board] [0m4 ||[7;1m [0m| |[7;1m [0m| |[7;1m [0m| |[7;1m [0m| || 4
[32;1m[Board] [0m  -------------------
[32;1m[Board] [0m3 || |[7;1m [0m| |[7;1m [0m| |[7;1m [0m| |[7;1m [0m|| 3
[32;1m[Board] [0m  -------------------
[32;1m[Board] [0m2 ||[0;1mp[0m|[0;1mp[0m|[7;1m [0m|[0;1mp[0m|[0;1mp[0m|[0;1mp[0m|[0;1mp[0m|[0;1mp[0m|| 2
[32;1m[Board] [0m  -------------------
[32;1m[Board] [0m1 ||[0;1mr[0m|[7;1m [0m|[0;1mb[0m|[7;1m [0m|[0;1mK[0m|[0;1mb[0m| |[0;1mr[0m|| 1
[32;1m[Board] [0m  -------------------
[32;1m[Board] [0m    a b c d e f g h
[32;1m[Board] [0m
[32;1m[Referee] [0mThis is the turn of the White player...
a1b1,e1d1,h1g1,a2a3,a2a4,b2b3,b2b4,d2d3,d2d4,e2e3,e2e4,f2f3,f2f4,g2g3,g2g4,h2h3,h2h4,a8a7,a8a6,a8b8,a8c8,a8d8,a8e8,a8f8,a8g8,a8b7,a8c6,a8d5,a8e4,a8f3,Playing as W
e2e4
[32;1m[Game] [0mPlayer's error code: 0
[32;1m[Game] [0mChecking move validity...
[32;1m[Board] [0mInitializing board...
[32;1m[Board] [0mLoading history file `stats/White/game-23/history.csv`...
[32;1m[Board] [0mLoaded 34 move(s).
[32;1m[Board] [0mLoading move file `stats/White/game-23/move.csv`...
[32;1m[Board] [0mWhite player is playing a8 to a6.
[32;1m[Board] [0m[5;1mWhite Queen is taking Black Pawn.[0m
[32;1m[Board] [0m
[32;1m[Board] [0m    a b c d e f g h 
[32;1m[Board] [0m  -------------------
[32;1m[Board] [0m8 ||[7;1m [0m| |[7;1m [0m| |[7;1m [0m| |[30;1mk[0m|[30;1mr[0m|| 8
[32;1m[Board] [0m  -------------------
[32;1m[Board] [0m7 || |[7;1m [0m| |[7;1m [0m| |[7;1m [0m|[30;1mK[0m|[7;1m [0m|| 7
[32;1m[Board] [0m  -------------------
[32;1m[Board] [0m6 ||[0;1mQ[0m| |[7;1m [0m| |[7;1m [0m|[30;1mb[0m|[30;1mp[0m| || 6
[32;1m[Board] [0m  -------------------
[32;1m[Board] [0m5 || |[7;1m [0m| |[7;1m [0m| |[7;1m [0m| |[30;1mp[0m|| 5
[32;1m[Board] [0m  -------------------
[32;1m[Board] [0m4 ||[7;1m [0m| |[7;1m [0m| |[7;1m [0m| |[7;1m [0m| || 4
[32;1m[Board] [0m  -------------------
[32;1m[Board] [0m3 || |[7;1m [0m| |[7;1m [0m| |[7;1m [0m| |[7;1m [0m|| 3
[32;1m[Board] [0m  -------------------
[32;1m[Board] [0m2 ||[0;1mp[0m|[0;1mp[0m|[7;1m [0m|[0;1mp[0m|[0;1mp[0m|[0;1mp[0m|[0;1mp[0m|[0;1mp[0m|| 2
[32;1m[Board] [0m  -------------------
[32;1m[Board] [0m1 ||[0;1mr[0m|[7;1m [0m|[0;1mb[0m|[7;1m [0m|[0;1mK[0m|[0;1mb[0m| |[0;1mr[0m|| 1
[32;1m[Board] [0m  -------------------
[32;1m[Board] [0m    a b c d e f g h
[32;1m[Board] [0m
[32;1m[Referee] [0mThis is the turn of the Black player...
[32;1m[Board] [0mInitializing board...
[32;1m[Board] [0mLoading history file `stats/White/game-23/history.csv`...
[32;1m[Board] [0mLoaded 35 move(s).
[32;1m[RandomPlayer] [0mComputing possible moves...
[32;1m[RandomPlayer] [0m18 possible move(s)
[32;1m[RandomPlayer] [0mPlaying random move 2 out of 18
[32;1m[Game] [0mPlayer's error code: 0
[32;1m[Game] [0mChecking move validity...
[32;1m[Board] [0mInitializing board...
[32;1m[Board] [0mLoading history file `stats/White/game-23/history.csv`...
[32;1m[Board] [0mLoaded 35 move(s).
[32;1m[Board] [0mLoading move file `stats/White/game-23/move.csv`...
[32;1m[Board] [0mBlack player is playing h8 to h7.
[32;1m[Board] [0m
[32;1m[Board] [0m    a b c d e f g h 
[32;1m[Board] [0m  -------------------
[32;1m[Board] [0m8 ||[7;1m [0m| |[7;1m [0m| |[7;1m [0m| |[30;1mk[0m| || 8
[32;1m[Board] [0m  -------------------
[32;1m[Board] [0m7 || |[7;1m [0m| |[7;1m [0m| |[7;1m [0m|[30;1mK[0m|[30;1mr[0m|| 7
[32;1m[Board] [0m  -------------------
[32;1m[Board] [0m6 ||[0;1mQ[0m| |[7;1m [0m| |[7;1m [0m|[30;1mb[0m|[30;1mp[0m| || 6
[32;1m[Board] [0m  -------------------
[32;1m[Board] [0m5 || |[7;1m [0m| |[7;1m [0m| |[7;1m [0m| |[30;1mp[0m|| 5
[32;1m[Board] [0m  -------------------
[32;1m[Board] [0m4 ||[7;1m [0m| |[7;1m [0m| |[7;1m [0m| |[7;1m [0m| || 4
[32;1m[Board] [0m  -------------------
[32;1m[Board] [0m3 || |[7;1m [0m| |[7;1m [0m| |[7;1m [0m| |[7;1m [0m|| 3
[32;1m[Board] [0m  -------------------
[32;1m[Board] [0m2 ||[0;1mp[0m|[0;1mp[0m|[7;1m [0m|[0;1mp[0m|[0;1mp[0m|[0;1mp[0m|[0;1mp[0m|[0;1mp[0m|| 2
[32;1m[Board] [0m  -------------------
[32;1m[Board] [0m1 ||[0;1mr[0m|[7;1m [0m|[0;1mb[0m|[7;1m [0m|[0;1mK[0m|[0;1mb[0m| |[0;1mr[0m|| 1
[32;1m[Board] [0m  -------------------
[32;1m[Board] [0m    a b c d e f g h
[32;1m[Board] [0m
[32;1m[Referee] [0mThis is the turn of the White player...
a1b1,e1d1,h1g1,a2a3,a2a4,b2b3,b2b4,d2d3,d2d4,e2e3,e2e4,f2f3,f2f4,g2g3,g2g4,h2h3,h2h4,a6a7,a6a8,a6a5,a6a4,a6a3,a6b6,a6c6,a6d6,a6e6,a6f6,a6b7,a6c8,a6b5,a6c4,a6d3,Playing as W
f2f3
[32;1m[Game] [0mPlayer's error code: 0
[32;1m[Game] [0mChecking move validity...
[32;1m[Board] [0mInitializing board...
[32;1m[Board] [0mLoading history file `stats/White/game-23/history.csv`...
[32;1m[Board] [0mLoaded 36 move(s).
[32;1m[Board] [0mLoading move file `stats/White/game-23/move.csv`...
[32;1m[Board] [0mWhite player is playing a6 to c6.
[32;1m[Board] [0m
[32;1m[Board] [0m    a b c d e f g h 
[32;1m[Board] [0m  -------------------
[32;1m[Board] [0m8 ||[7;1m [0m| |[7;1m [0m| |[7;1m [0m| |[30;1mk[0m| || 8
[32;1m[Board] [0m  -------------------
[32;1m[Board] [0m7 || |[7;1m [0m| |[7;1m [0m| |[7;1m [0m|[30;1mK[0m|[30;1mr[0m|| 7
[32;1m[Board] [0m  -------------------
[32;1m[Board] [0m6 ||[7;1m [0m| |[0;1mQ[0m| |[7;1m [0m|[30;1mb[0m|[30;1mp[0m| || 6
[32;1m[Board] [0m  -------------------
[32;1m[Board] [0m5 || |[7;1m [0m| |[7;1m [0m| |[7;1m [0m| |[30;1mp[0m|| 5
[32;1m[Board] [0m  -------------------
[32;1m[Board] [0m4 ||[7;1m [0m| |[7;1m [0m| |[7;1m [0m| |[7;1m [0m| || 4
[32;1m[Board] [0m  -------------------
[32;1m[Board] [0m3 || |[7;1m [0m| |[7;1m [0m| |[7;1m [0m| |[7;1m [0m|| 3
[32;1m[Board] [0m  -------------------
[32;1m[Board] [0m2 ||[0;1mp[0m|[0;1mp[0m|[7;1m [0m|[0;1mp[0m|[0;1mp[0m|[0;1mp[0m|[0;1mp[0m|[0;1mp[0m|| 2
[32;1m[Board] [0m  -------------------
[32;1m[Board] [0m1 ||[0;1mr[0m|[7;1m [0m|[0;1mb[0m|[7;1m [0m|[0;1mK[0m|[0;1mb[0m| |[0;1mr[0m|| 1
[32;1m[Board] [0m  -------------------
[32;1m[Board] [0m    a b c d e f g h
[32;1m[Board] [0m
[32;1m[Referee] [0mThis is the turn of the Black player...
[32;1m[Board] [0mInitializing board...
[32;1m[Board] [0mLoading history file `stats/White/game-23/history.csv`...
[32;1m[Board] [0mLoaded 37 move(s).
[32;1m[RandomPlayer] [0mComputing possible moves...
[32;1m[RandomPlayer] [0m18 possible move(s)
[32;1m[RandomPlayer] [0mPlaying random move 4 out of 18
[32;1m[Game] [0mPlayer's error code: 0
[32;1m[Game] [0mChecking move validity...
[32;1m[Board] [0mInitializing board...
[32;1m[Board] [0mLoading history file `stats/White/game-23/history.csv`...
[32;1m[Board] [0mLoaded 37 move(s).
[32;1m[Board] [0mLoading move file `stats/White/game-23/move.csv`...
[32;1m[Board] [0mBlack player is playing g8 to h6.
[32;1m[Board] [0m
[32;1m[Board] [0m    a b c d e f g h 
[32;1m[Board] [0m  -------------------
[32;1m[Board] [0m8 ||[7;1m [0m| |[7;1m [0m| |[7;1m [0m| |[7;1m [0m| || 8
[32;1m[Board] [0m  -------------------
[32;1m[Board] [0m7 || |[7;1m [0m| |[7;1m [0m| |[7;1m [0m|[30;1mK[0m|[30;1mr[0m|| 7
[32;1m[Board] [0m  -------------------
[32;1m[Board] [0m6 ||[7;1m [0m| |[0;1mQ[0m| |[7;1m [0m|[30;1mb[0m|[30;1mp[0m|[30;1mk[0m|| 6
[32;1m[Board] [0m  -------------------
[32;1m[Board] [0m5 || |[7;1m [0m| |[7;1m [0m| |[7;1m [0m| |[30;1mp[0m|| 5
[32;1m[Board] [0m  -------------------
[32;1m[Board] [0m4 ||[7;1m [0m| |[7;1m [0m| |[7;1m [0m| |[7;1m [0m| || 4
[32;1m[Board] [0m  -------------------
[32;1m[Board] [0m3 || |[7;1m [0m| |[7;1m [0m| |[7;1m [0m| |[7;1m [0m|| 3
[32;1m[Board] [0m  -------------------
[32;1m[Board] [0m2 ||[0;1mp[0m|[0;1mp[0m|[7;1m [0m|[0;1mp[0m|[0;1mp[0m|[0;1mp[0m|[0;1mp[0m|[0;1mp[0m|| 2
[32;1m[Board] [0m  -------------------
[32;1m[Board] [0m1 ||[0;1mr[0m|[7;1m [0m|[0;1mb[0m|[7;1m [0m|[0;1mK[0m|[0;1mb[0m| |[0;1mr[0m|| 1
[32;1m[Board] [0m  -------------------
[32;1m[Board] [0m    a b c d e f g h
[32;1m[Board] [0m
[32;1m[Referee] [0mThis is the turn of the White player...
a1b1,e1d1,h1g1,a2a3,a2a4,b2b3,b2b4,d2d3,d2d4,e2e3,e2e4,f2f3,f2f4,g2g3,g2g4,h2h3,h2h4,c6c7,c6c8,c6c5,c6c4,c6c3,c6c2,c6d6,c6e6,c6f6,c6b6,c6a6,c6d7,c6e8,c6d5,c6e4,c6f3,c6b7,c6a8,c6b5,c6a4,Playing as W
a2a4
[32;1m[Game] [0mPlayer's error code: 0
[32;1m[Game] [0mChecking move validity...
[32;1m[Board] [0mInitializing board...
[32;1m[Board] [0mLoading history file `stats/White/game-23/history.csv`...
[32;1m[Board] [0mLoaded 38 move(s).
[32;1m[Board] [0mLoading move file `stats/White/game-23/move.csv`...
[32;1m[Board] [0mWhite player is playing c6 to c7.
[32;1m[Board] [0m
[32;1m[Board] [0m    a b c d e f g h 
[32;1m[Board] [0m  -------------------
[32;1m[Board] [0m8 ||[7;1m [0m| |[7;1m [0m| |[7;1m [0m| |[7;1m [0m| || 8
[32;1m[Board] [0m  -------------------
[32;1m[Board] [0m7 || |[7;1m [0m|[0;1mQ[0m|[7;1m [0m| |[7;1m [0m|[30;1mK[0m|[30;1mr[0m|| 7
[32;1m[Board] [0m  -------------------
[32;1m[Board] [0m6 ||[7;1m [0m| |[7;1m [0m| |[7;1m [0m|[30;1mb[0m|[30;1mp[0m|[30;1mk[0m|| 6
[32;1m[Board] [0m  -------------------
[32;1m[Board] [0m5 || |[7;1m [0m| |[7;1m [0m| |[7;1m [0m| |[30;1mp[0m|| 5
[32;1m[Board] [0m  -------------------
[32;1m[Board] [0m4 ||[7;1m [0m| |[7;1m [0m| |[7;1m [0m| |[7;1m [0m| || 4
[32;1m[Board] [0m  -------------------
[32;1m[Board] [0m3 || |[7;1m [0m| |[7;1m [0m| |[7;1m [0m| |[7;1m [0m|| 3
[32;1m[Board] [0m  -------------------
[32;1m[Board] [0m2 ||[0;1mp[0m|[0;1mp[0m|[7;1m [0m|[0;1mp[0m|[0;1mp[0m|[0;1mp[0m|[0;1mp[0m|[0;1mp[0m|| 2
[32;1m[Board] [0m  -------------------
[32;1m[Board] [0m1 ||[0;1mr[0m|[7;1m [0m|[0;1mb[0m|[7;1m [0m|[0;1mK[0m|[0;1mb[0m| |[0;1mr[0m|| 1
[32;1m[Board] [0m  -------------------
[32;1m[Board] [0m    a b c d e f g h
[32;1m[Board] [0m
[32;1m[Referee] [0mThis is the turn of the Black player...
[32;1m[Board] [0mInitializing board...
[32;1m[Board] [0mLoading history file `stats/White/game-23/history.csv`...
[32;1m[Board] [0mLoaded 39 move(s).
[32;1m[RandomPlayer] [0mComputing possible moves...
[32;1m[RandomPlayer] [0m5 possible move(s)
[32;1m[RandomPlayer] [0mPlaying random move 1 out of 5
[32;1m[Game] [0mPlayer's error code: 0
[32;1m[Game] [0mChecking move validity...
[32;1m[Board] [0mInitializing board...
[32;1m[Board] [0mLoading history file `stats/White/game-23/history.csv`...
[32;1m[Board] [0mLoaded 39 move(s).
[32;1m[Board] [0mLoading move file `stats/White/game-23/move.csv`...
[32;1m[Board] [0mBlack player is playing f6 to e7.
[32;1m[Board] [0m
[32;1m[Board] [0m    a b c d e f g h 
[32;1m[Board] [0m  -------------------
[32;1m[Board] [0m8 ||[7;1m [0m| |[7;1m [0m| |[7;1m [0m| |[7;1m [0m| || 8
[32;1m[Board] [0m  -------------------
[32;1m[Board] [0m7 || |[7;1m [0m|[0;1mQ[0m|[7;1m [0m|[30;1mb[0m|[7;1m [0m|[30;1mK[0m|[30;1mr[0m|| 7
[32;1m[Board] [0m  -------------------
[32;1m[Board] [0m6 ||[7;1m [0m| |[7;1m [0m| |[7;1m [0m| |[30;1mp[0m|[30;1mk[0m|| 6
[32;1m[Board] [0m  -------------------
[32;1m[Board] [0m5 || |[7;1m [0m| |[7;1m [0m| |[7;1m [0m| |[30;1mp[0m|| 5
[32;1m[Board] [0m  -------------------
[32;1m[Board] [0m4 ||[7;1m [0m| |[7;1m [0m| |[7;1m [0m| |[7;1m [0m| || 4
[32;1m[Board] [0m  -------------------
[32;1m[Board] [0m3 || |[7;1m [0m| |[7;1m [0m| |[7;1m [0m| |[7;1m [0m|| 3
[32;1m[Board] [0m  -------------------
[32;1m[Board] [0m2 ||[0;1mp[0m|[0;1mp[0m|[7;1m [0m|[0;1mp[0m|[0;1mp[0m|[0;1mp[0m|[0;1mp[0m|[0;1mp[0m|| 2
[32;1m[Board] [0m  -------------------
[32;1m[Board] [0m1 ||[0;1mr[0m|[7;1m [0m|[0;1mb[0m|[7;1m [0m|[0;1mK[0m|[0;1mb[0m| |[0;1mr[0m|| 1
[32;1m[Board] [0m  -------------------
[32;1m[Board] [0m    a b c d e f g h
[32;1m[Board] [0m
[32;1m[Referee] [0mThis is the turn of the White player...
a1b1,e1d1,h1g1,a2a3,a2a4,b2b3,b2b4,d2d3,d2d4,e2e3,e2e4,f2f3,f2f4,g2g3,g2g4,h2h3,h2h4,c7c8,c7c6,c7c5,c7c4,c7c3,c7c2,c7d7,c7e7,c7b7,c7a7,c7d8,c7d6,c7e5,c7f4,c7g3,c7b8,c7b6,c7a5,Playing as W
c7c2
[32;1m[Game] [0mPlayer's error code: 0
[32;1m[Game] [0mChecking move validity...
[32;1m[Board] [0mInitializing board...
[32;1m[Board] [0mLoading history file `stats/White/game-23/history.csv`...
[32;1m[Board] [0mLoaded 40 move(s).
[32;1m[Board] [0mLoading move file `stats/White/game-23/move.csv`...
[32;1m[Board] [0mWhite player is playing c7 to e7.
[32;1m[Board] [0m[5;1mWhite Queen is taking Black Bishop.[0m
[32;1m[Board] [0m
[32;1m[Board] [0m    a b c d e f g h 
[32;1m[Board] [0m  -------------------
[32;1m[Board] [0m8 ||[7;1m [0m| |[7;1m [0m| |[7;1m [0m| |[7;1m [0m| || 8
[32;1m[Board] [0m  -------------------
[32;1m[Board] [0m7 || |[7;1m [0m| |[7;1m [0m|[0;1mQ[0m|[7;1m [0m|[30;1mK[0m|[30;1mr[0m|| 7
[32;1m[Board] [0m  -------------------
[32;1m[Board] [0m6 ||[7;1m [0m| |[7;1m [0m| |[7;1m [0m| |[30;1mp[0m|[30;1mk[0m|| 6
[32;1m[Board] [0m  -------------------
[32;1m[Board] [0m5 || |[7;1m [0m| |[7;1m [0m| |[7;1m [0m| |[30;1mp[0m|| 5
[32;1m[Board] [0m  -------------------
[32;1m[Board] [0m4 ||[7;1m [0m| |[7;1m [0m| |[7;1m [0m| |[7;1m [0m| || 4
[32;1m[Board] [0m  -------------------
[32;1m[Board] [0m3 || |[7;1m [0m| |[7;1m [0m| |[7;1m [0m| |[7;1m [0m|| 3
[32;1m[Board] [0m  -------------------
[32;1m[Board] [0m2 ||[0;1mp[0m|[0;1mp[0m|[7;1m [0m|[0;1mp[0m|[0;1mp[0m|[0;1mp[0m|[0;1mp[0m|[0;1mp[0m|| 2
[32;1m[Board] [0m  -------------------
[32;1m[Board] [0m1 ||[0;1mr[0m|[7;1m [0m|[0;1mb[0m|[7;1m [0m|[0;1mK[0m|[0;1mb[0m| |[0;1mr[0m|| 1
[32;1m[Board] [0m  -------------------
[32;1m[Board] [0m    a b c d e f g h
[32;1m[Board] [0m
[32;1m[Referee] [0mThis is the turn of the Black player...
[32;1m[Board] [0mInitializing board...
[32;1m[Board] [0mLoading history file `stats/White/game-23/history.csv`...
[32;1m[Board] [0mLoaded 41 move(s).
[32;1m[RandomPlayer] [0mComputing possible moves...
[32;1m[RandomPlayer] [0m3 possible move(s)
[32;1m[RandomPlayer] [0mPlaying random move 1 out of 3
[32;1m[Game] [0mPlayer's error code: 0
[32;1m[Game] [0mChecking move validity...
[32;1m[Board] [0mInitializing board...
[32;1m[Board] [0mLoading history file `stats/White/game-23/history.csv`...
[32;1m[Board] [0mLoaded 41 move(s).
[32;1m[Board] [0mLoading move file `stats/White/game-23/move.csv`...
[32;1m[Board] [0mBlack player is playing g7 to g8.
[32;1m[Board] [0m
[32;1m[Board] [0m    a b c d e f g h 
[32;1m[Board] [0m  -------------------
[32;1m[Board] [0m8 ||[7;1m [0m| |[7;1m [0m| |[7;1m [0m| |[30;1mK[0m| || 8
[32;1m[Board] [0m  -------------------
[32;1m[Board] [0m7 || |[7;1m [0m| |[7;1m [0m|[0;1mQ[0m|[7;1m [0m| |[30;1mr[0m|| 7
[32;1m[Board] [0m  -------------------
[32;1m[Board] [0m6 ||[7;1m [0m| |[7;1m [0m| |[7;1m [0m| |[30;1mp[0m|[30;1mk[0m|| 6
[32;1m[Board] [0m  -------------------
[32;1m[Board] [0m5 || |[7;1m [0m| |[7;1m [0m| |[7;1m [0m| |[30;1mp[0m|| 5
[32;1m[Board] [0m  -------------------
[32;1m[Board] [0m4 ||[7;1m [0m| |[7;1m [0m| |[7;1m [0m| |[7;1m [0m| || 4
[32;1m[Board] [0m  -------------------
[32;1m[Board] [0m3 || |[7;1m [0m| |[7;1m [0m| |[7;1m [0m| |[7;1m [0m|| 3
[32;1m[Board] [0m  -------------------
[32;1m[Board] [0m2 ||[0;1mp[0m|[0;1mp[0m|[7;1m [0m|[0;1mp[0m|[0;1mp[0m|[0;1mp[0m|[0;1mp[0m|[0;1mp[0m|| 2
[32;1m[Board] [0m  -------------------
[32;1m[Board] [0m1 ||[0;1mr[0m|[7;1m [0m|[0;1mb[0m|[7;1m [0m|[0;1mK[0m|[0;1mb[0m| |[0;1mr[0m|| 1
[32;1m[Board] [0m  -------------------
[32;1m[Board] [0m    a b c d e f g h
[32;1m[Board] [0m
[32;1m[Referee] [0mThis is the turn of the White player...
a1b1,e1d1,h1g1,a2a3,a2a4,b2b3,b2b4,d2d3,d2d4,e2e3,e2e4,f2f3,f2f4,g2g3,g2g4,h2h3,h2h4,e7e8,e7e6,e7e5,e7e4,e7e3,e7f7,e7g7,e7h7,e7d7,e7c7,e7b7,e7a7,e7f8,e7f6,e7g5,e7h4,e7d8,e7d6,e7c5,e7b4,e7a3,Playing as W
e7e6
[32;1m[Game] [0mPlayer's error code: 0
[32;1m[Game] [0mChecking move validity...
[32;1m[Board] [0mInitializing board...
[32;1m[Board] [0mLoading history file `stats/White/game-23/history.csv`...
[32;1m[Board] [0mLoaded 42 move(s).
[32;1m[Board] [0mLoading move file `stats/White/game-23/move.csv`...
[32;1m[Board] [0mWhite player is playing e7 to e8.
[32;1m[Board] [0m
[32;1m[Board] [0m    a b c d e f g h 
[32;1m[Board] [0m  -------------------
[32;1m[Board] [0m8 ||[7;1m [0m| |[7;1m [0m| |[0;1mQ[0m| |[30;1mK[0m| || 8
[32;1m[Board] [0m  -------------------
[32;1m[Board] [0m7 || |[7;1m [0m| |[7;1m [0m| |[7;1m [0m| |[30;1mr[0m|| 7
[32;1m[Board] [0m  -------------------
[32;1m[Board] [0m6 ||[7;1m [0m| |[7;1m [0m| |[7;1m [0m| |[30;1mp[0m|[30;1mk[0m|| 6
[32;1m[Board] [0m  -------------------
[32;1m[Board] [0m5 || |[7;1m [0m| |[7;1m [0m| |[7;1m [0m| |[30;1mp[0m|| 5
[32;1m[Board] [0m  -------------------
[32;1m[Board] [0m4 ||[7;1m [0m| |[7;1m [0m| |[7;1m [0m| |[7;1m [0m| || 4
[32;1m[Board] [0m  -------------------
[32;1m[Board] [0m3 || |[7;1m [0m| |[7;1m [0m| |[7;1m [0m| |[7;1m [0m|| 3
[32;1m[Board] [0m  -------------------
[32;1m[Board] [0m2 ||[0;1mp[0m|[0;1mp[0m|[7;1m [0m|[0;1mp[0m|[0;1mp[0m|[0;1mp[0m|[0;1mp[0m|[0;1mp[0m|| 2
[32;1m[Board] [0m  -------------------
[32;1m[Board] [0m1 ||[0;1mr[0m|[7;1m [0m|[0;1mb[0m|[7;1m [0m|[0;1mK[0m|[0;1mb[0m| |[0;1mr[0m|| 1
[32;1m[Board] [0m  -------------------
[32;1m[Board] [0m    a b c d e f g h
[32;1m[Board] [0m
[32;1m[Referee] [0mThis is the turn of the Black player...
[32;1m[Board] [0mInitializing board...
[32;1m[Board] [0mLoading history file `stats/White/game-23/history.csv`...
[32;1m[Board] [0mLoaded 43 move(s).
[32;1m[RandomPlayer] [0mComputing possible moves...
[32;1m[RandomPlayer] [0m1 possible move(s)
[32;1m[Game] [0mPlayer's error code: 0
[32;1m[Game] [0mChecking move validity...
[32;1m[Board] [0mInitializing board...
[32;1m[Board] [0mLoading history file `stats/White/game-23/history.csv`...
[32;1m[Board] [0mLoaded 43 move(s).
[32;1m[Board] [0mLoading move file `stats/White/game-23/move.csv`...
[32;1m[Board] [0mBlack player is playing g8 to g7.
[32;1m[Board] [0m
[32;1m[Board] [0m    a b c d e f g h 
[32;1m[Board] [0m  -------------------
[32;1m[Board] [0m8 ||[7;1m [0m| |[7;1m [0m| |[0;1mQ[0m| |[7;1m [0m| || 8
[32;1m[Board] [0m  -------------------
[32;1m[Board] [0m7 || |[7;1m [0m| |[7;1m [0m| |[7;1m [0m|[30;1mK[0m|[30;1mr[0m|| 7
[32;1m[Board] [0m  -------------------
[32;1m[Board] [0m6 ||[7;1m [0m| |[7;1m [0m| |[7;1m [0m| |[30;1mp[0m|[30;1mk[0m|| 6
[32;1m[Board] [0m  -------------------
[32;1m[Board] [0m5 || |[7;1m [0m| |[7;1m [0m| |[7;1m [0m| |[30;1mp[0m|| 5
[32;1m[Board] [0m  -------------------
[32;1m[Board] [0m4 ||[7;1m [0m| |[7;1m [0m| |[7;1m [0m| |[7;1m [0m| || 4
[32;1m[Board] [0m  -------------------
[32;1m[Board] [0m3 || |[7;1m [0m| |[7;1m [0m| |[7;1m [0m| |[7;1m [0m|| 3
[32;1m[Board] [0m  -------------------
[32;1m[Board] [0m2 ||[0;1mp[0m|[0;1mp[0m|[7;1m [0m|[0;1mp[0m|[0;1mp[0m|[0;1mp[0m|[0;1mp[0m|[0;1mp[0m|| 2
[32;1m[Board] [0m  -------------------
[32;1m[Board] [0m1 ||[0;1mr[0m|[7;1m [0m|[0;1mb[0m|[7;1m [0m|[0;1mK[0m|[0;1mb[0m| |[0;1mr[0m|| 1
[32;1m[Board] [0m  -------------------
[32;1m[Board] [0m    a b c d e f g h
[32;1m[Board] [0m
[32;1m[Referee] [0mThis is the turn of the White player...
a1b1,e1d1,h1g1,a2a3,a2a4,b2b3,b2b4,d2d3,d2d4,e2e3,e2e4,f2f3,f2f4,g2g3,g2g4,h2h3,h2h4,e8e7,e8e6,e8e5,e8e4,e8e3,e8f8,e8g8,e8h8,e8d8,e8c8,e8b8,e8a8,e8f7,e8g6,e8d7,e8c6,e8b5,e8a4,Playing as W
e8g8
[32;1m[Game] [0mPlayer's error code: 0
[32;1m[Game] [0mChecking move validity...
[32;1m[Board] [0mInitializing board...
[32;1m[Board] [0mLoading history file `stats/White/game-23/history.csv`...
[32;1m[Board] [0mLoaded 44 move(s).
[32;1m[Board] [0mLoading move file `stats/White/game-23/move.csv`...
[32;1m[Board] [0mWhite player is playing e8 to e5.
[32;1m[Board] [0m
[32;1m[Board] [0m    a b c d e f g h 
[32;1m[Board] [0m  -------------------
[32;1m[Board] [0m8 ||[7;1m [0m| |[7;1m [0m| |[7;1m [0m| |[7;1m [0m| || 8
[32;1m[Board] [0m  -------------------
[32;1m[Board] [0m7 || |[7;1m [0m| |[7;1m [0m| |[7;1m [0m|[30;1mK[0m|[30;1mr[0m|| 7
[32;1m[Board] [0m  -------------------
[32;1m[Board] [0m6 ||[7;1m [0m| |[7;1m [0m| |[7;1m [0m| |[30;1mp[0m|[30;1mk[0m|| 6
[32;1m[Board] [0m  -------------------
[32;1m[Board] [0m5 || |[7;1m [0m| |[7;1m [0m|[0;1mQ[0m|[7;1m [0m| |[30;1mp[0m|| 5
[32;1m[Board] [0m  -------------------
[32;1m[Board] [0m4 ||[7;1m [0m| |[7;1m [0m| |[7;1m [0m| |[7;1m [0m| || 4
[32;1m[Board] [0m  -------------------
[32;1m[Board] [0m3 || |[7;1m [0m| |[7;1m [0m| |[7;1m [0m| |[7;1m [0m|| 3
[32;1m[Board] [0m  -------------------
[32;1m[Board] [0m2 ||[0;1mp[0m|[0;1mp[0m|[7;1m [0m|[0;1mp[0m|[0;1mp[0m|[0;1mp[0m|[0;1mp[0m|[0;1mp[0m|| 2
[32;1m[Board] [0m  -------------------
[32;1m[Board] [0m1 ||[0;1mr[0m|[7;1m [0m|[0;1mb[0m|[7;1m [0m|[0;1mK[0m|[0;1mb[0m| |[0;1mr[0m|| 1
[32;1m[Board] [0m  -------------------
[32;1m[Board] [0m    a b c d e f g h
[32;1m[Board] [0m
[32;1m[Referee] [0mThis is the turn of the Black player...
[32;1m[Board] [0mInitializing board...
[32;1m[Board] [0mLoading history file `stats/White/game-23/history.csv`...
[32;1m[Board] [0mLoaded 45 move(s).
[32;1m[RandomPlayer] [0mComputing possible moves...
[32;1m[RandomPlayer] [0m3 possible move(s)
[32;1m[RandomPlayer] [0mPlaying random move 0 out of 3
[32;1m[Game] [0mPlayer's error code: 0
[32;1m[Game] [0mChecking move validity...
[32;1m[Board] [0mInitializing board...
[32;1m[Board] [0mLoading history file `stats/White/game-23/history.csv`...
[32;1m[Board] [0mLoaded 45 move(s).
[32;1m[Board] [0mLoading move file `stats/White/game-23/move.csv`...
[32;1m[Board] [0mBlack player is playing g7 to f7.
[32;1m[Board] [0m
[32;1m[Board] [0m    a b c d e f g h 
[32;1m[Board] [0m  -------------------
[32;1m[Board] [0m8 ||[7;1m [0m| |[7;1m [0m| |[7;1m [0m| |[7;1m [0m| || 8
[32;1m[Board] [0m  -------------------
[32;1m[Board] [0m7 || |[7;1m [0m| |[7;1m [0m| |[30;1mK[0m| |[30;1mr[0m|| 7
[32;1m[Board] [0m  -------------------
[32;1m[Board] [0m6 ||[7;1m [0m| |[7;1m [0m| |[7;1m [0m| |[30;1mp[0m|[30;1mk[0m|| 6
[32;1m[Board] [0m  -------------------
[32;1m[Board] [0m5 || |[7;1m [0m| |[7;1m [0m|[0;1mQ[0m|[7;1m [0m| |[30;1mp[0m|| 5
[32;1m[Board] [0m  -------------------
[32;1m[Board] [0m4 ||[7;1m [0m| |[7;1m [0m| |[7;1m [0m| |[7;1m [0m| || 4
[32;1m[Board] [0m  -------------------
[32;1m[Board] [0m3 || |[7;1m [0m| |[7;1m [0m| |[7;1m [0m| |[7;1m [0m|| 3
[32;1m[Board] [0m  -------------------
[32;1m[Board] [0m2 ||[0;1mp[0m|[0;1mp[0m|[7;1m [0m|[0;1mp[0m|[0;1mp[0m|[0;1mp[0m|[0;1mp[0m|[0;1mp[0m|| 2
[32;1m[Board] [0m  -------------------
[32;1m[Board] [0m1 ||[0;1mr[0m|[7;1m [0m|[0;1mb[0m|[7;1m [0m|[0;1mK[0m|[0;1mb[0m| |[0;1mr[0m|| 1
[32;1m[Board] [0m  -------------------
[32;1m[Board] [0m    a b c d e f g h
[32;1m[Board] [0m
[32;1m[Referee] [0mThis is the turn of the White player...
a1b1,e1d1,h1g1,a2a3,a2a4,b2b3,b2b4,d2d3,d2d4,e2e3,e2e4,f2f3,f2f4,g2g3,g2g4,h2h3,h2h4,e5e6,e5e7,e5e8,e5e4,e5e3,e5f5,e5g5,e5h5,e5d5,e5c5,e5b5,e5a5,e5f6,e5g7,e5h8,e5f4,e5g3,e5d6,e5c7,e5b8,e5d4,e5c3,Playing as W
e5e8
[32;1m[Game] [0mPlayer's error code: 0
[32;1m[Game] [0mChecking move validity...
[32;1m[Board] [0mInitializing board...
[32;1m[Board] [0mLoading history file `stats/White/game-23/history.csv`...
[32;1m[Board] [0mLoaded 46 move(s).
[32;1m[Board] [0mLoading move file `stats/White/game-23/move.csv`...
[32;1m[Board] [0mWhite player is playing e5 to c7.
[32;1m[Board] [0m
[32;1m[Board] [0m    a b c d e f g h 
[32;1m[Board] [0m  -------------------
[32;1m[Board] [0m8 ||[7;1m [0m| |[7;1m [0m| |[7;1m [0m| |[7;1m [0m| || 8
[32;1m[Board] [0m  -------------------
[32;1m[Board] [0m7 || |[7;1m [0m|[0;1mQ[0m|[7;1m [0m| |[30;1mK[0m| |[30;1mr[0m|| 7
[32;1m[Board] [0m  -------------------
[32;1m[Board] [0m6 ||[7;1m [0m| |[7;1m [0m| |[7;1m [0m| |[30;1mp[0m|[30;1mk[0m|| 6
[32;1m[Board] [0m  -------------------
[32;1m[Board] [0m5 || |[7;1m [0m| |[7;1m [0m| |[7;1m [0m| |[30;1mp[0m|| 5
[32;1m[Board] [0m  -------------------
[32;1m[Board] [0m4 ||[7;1m [0m| |[7;1m [0m| |[7;1m [0m| |[7;1m [0m| || 4
[32;1m[Board] [0m  -------------------
[32;1m[Board] [0m3 || |[7;1m [0m| |[7;1m [0m| |[7;1m [0m| |[7;1m [0m|| 3
[32;1m[Board] [0m  -------------------
[32;1m[Board] [0m2 ||[0;1mp[0m|[0;1mp[0m|[7;1m [0m|[0;1mp[0m|[0;1mp[0m|[0;1mp[0m|[0;1mp[0m|[0;1mp[0m|| 2
[32;1m[Board] [0m  -------------------
[32;1m[Board] [0m1 ||[0;1mr[0m|[7;1m [0m|[0;1mb[0m|[7;1m [0m|[0;1mK[0m|[0;1mb[0m| |[0;1mr[0m|| 1
[32;1m[Board] [0m  -------------------
[32;1m[Board] [0m    a b c d e f g h
[32;1m[Board] [0m
[32;1m[Referee] [0mThis is the turn of the Black player...
[32;1m[Board] [0mInitializing board...
[32;1m[Board] [0mLoading history file `stats/White/game-23/history.csv`...
[32;1m[Board] [0mLoaded 47 move(s).
[32;1m[RandomPlayer] [0mComputing possible moves...
[32;1m[RandomPlayer] [0m5 possible move(s)
[32;1m[RandomPlayer] [0mPlaying random move 1 out of 5
[32;1m[Game] [0mPlayer's error code: 0
[32;1m[Game] [0mChecking move validity...
[32;1m[Board] [0mInitializing board...
[32;1m[Board] [0mLoading history file `stats/White/game-23/history.csv`...
[32;1m[Board] [0mLoaded 47 move(s).
[32;1m[Board] [0mLoading move file `stats/White/game-23/move.csv`...
[32;1m[Board] [0mBlack player is playing f7 to f8.
[32;1m[Board] [0m
[32;1m[Board] [0m    a b c d e f g h 
[32;1m[Board] [0m  -------------------
[32;1m[Board] [0m8 ||[7;1m [0m| |[7;1m [0m| |[7;1m [0m|[30;1mK[0m|[7;1m [0m| || 8
[32;1m[Board] [0m  -------------------
[32;1m[Board] [0m7 || |[7;1m [0m|[0;1mQ[0m|[7;1m [0m| |[7;1m [0m| |[30;1mr[0m|| 7
[32;1m[Board] [0m  -------------------
[32;1m[Board] [0m6 ||[7;1m [0m| |[7;1m [0m| |[7;1m [0m| |[30;1mp[0m|[30;1mk[0m|| 6
[32;1m[Board] [0m  -------------------
[32;1m[Board] [0m5 || |[7;1m [0m| |[7;1m [0m| |[7;1m [0m| |[30;1mp[0m|| 5
[32;1m[Board] [0m  -------------------
[32;1m[Board] [0m4 ||[7;1m [0m| |[7;1m [0m| |[7;1m [0m| |[7;1m [0m| || 4
[32;1m[Board] [0m  -------------------
[32;1m[Board] [0m3 || |[7;1m [0m| |[7;1m [0m| |[7;1m [0m| |[7;1m [0m|| 3
[32;1m[Board] [0m  -------------------
[32;1m[Board] [0m2 ||[0;1mp[0m|[0;1mp[0m|[7;1m [0m|[0;1mp[0m|[0;1mp[0m|[0;1mp[0m|[0;1mp[0m|[0;1mp[0m|| 2
[32;1m[Board] [0m  -------------------
[32;1m[Board] [0m1 ||[0;1mr[0m|[7;1m [0m|[0;1mb[0m|[7;1m [0m|[0;1mK[0m|[0;1mb[0m| |[0;1mr[0m|| 1
[32;1m[Board] [0m  -------------------
[32;1m[Board] [0m    a b c d e f g h
[32;1m[Board] [0m
[32;1m[Referee] [0mThis is the turn of the White player...
a1b1,e1d1,h1g1,a2a3,a2a4,b2b3,b2b4,d2d3,d2d4,e2e3,e2e4,f2f3,f2f4,g2g3,g2g4,h2h3,h2h4,c7c8,c7c6,c7c5,c7c4,c7c3,c7c2,c7d7,c7e7,c7f7,c7g7,c7h7,c7b7,c7a7,c7d8,c7d6,c7e5,c7f4,c7g3,c7b8,c7b6,c7a5,Playing as W
c7c5
[32;1m[Game] [0mPlayer's error code: 0
[32;1m[Game] [0mChecking move validity...
[32;1m[Board] [0mInitializing board...
[32;1m[Board] [0mLoading history file `stats/White/game-23/history.csv`...
[32;1m[Board] [0mLoaded 48 move(s).
[32;1m[Board] [0mLoading move file `stats/White/game-23/move.csv`...
[32;1m[Board] [0mWhite player is playing c7 to h7.
[32;1m[Board] [0m[5;1mWhite Queen is taking Black Rook.[0m
[32;1m[Board] [0m
[32;1m[Board] [0m    a b c d e f g h 
[32;1m[Board] [0m  -------------------
[32;1m[Board] [0m8 ||[7;1m [0m| |[7;1m [0m| |[7;1m [0m|[30;1mK[0m|[7;1m [0m| || 8
[32;1m[Board] [0m  -------------------
[32;1m[Board] [0m7 || |[7;1m [0m| |[7;1m [0m| |[7;1m [0m| |[0;1mQ[0m|| 7
[32;1m[Board] [0m  -------------------
[32;1m[Board] [0m6 ||[7;1m [0m| |[7;1m [0m| |[7;1m [0m| |[30;1mp[0m|[30;1mk[0m|| 6
[32;1m[Board] [0m  -------------------
[32;1m[Board] [0m5 || |[7;1m [0m| |[7;1m [0m| |[7;1m [0m| |[30;1mp[0m|| 5
[32;1m[Board] [0m  -------------------
[32;1m[Board] [0m4 ||[7;1m [0m| |[7;1m [0m| |[7;1m [0m| |[7;1m [0m| || 4
[32;1m[Board] [0m  -------------------
[32;1m[Board] [0m3 || |[7;1m [0m| |[7;1m [0m| |[7;1m [0m| |[7;1m [0m|| 3
[32;1m[Board] [0m  -------------------
[32;1m[Board] [0m2 ||[0;1mp[0m|[0;1mp[0m|[7;1m [0m|[0;1mp[0m|[0;1mp[0m|[0;1mp[0m|[0;1mp[0m|[0;1mp[0m|| 2
[32;1m[Board] [0m  -------------------
[32;1m[Board] [0m1 ||[0;1mr[0m|[7;1m [0m|[0;1mb[0m|[7;1m [0m|[0;1mK[0m|[0;1mb[0m| |[0;1mr[0m|| 1
[32;1m[Board] [0m  -------------------
[32;1m[Board] [0m    a b c d e f g h
[32;1m[Board] [0m
[32;1m[Referee] [0mThis is the turn of the Black player...
[32;1m[Board] [0mInitializing board...
[32;1m[Board] [0mLoading history file `stats/White/game-23/history.csv`...
[32;1m[Board] [0mLoaded 49 move(s).
[32;1m[RandomPlayer] [0mComputing possible moves...
[32;1m[RandomPlayer] [0m7 possible move(s)
[32;1m[RandomPlayer] [0mPlaying random move 0 out of 7
[32;1m[Game] [0mPlayer's error code: 0
[32;1m[Game] [0mChecking move validity...
[32;1m[Board] [0mInitializing board...
[32;1m[Board] [0mLoading history file `stats/White/game-23/history.csv`...
[32;1m[Board] [0mLoaded 49 move(s).
[32;1m[Board] [0mLoading move file `stats/White/game-23/move.csv`...
[32;1m[Board] [0mBlack player is playing g6 to g5.
[32;1m[Board] [0m
[32;1m[Board] [0m    a b c d e f g h 
[32;1m[Board] [0m  -------------------
[32;1m[Board] [0m8 ||[7;1m [0m| |[7;1m [0m| |[7;1m [0m|[30;1mK[0m|[7;1m [0m| || 8
[32;1m[Board] [0m  -------------------
[32;1m[Board] [0m7 || |[7;1m [0m| |[7;1m [0m| |[7;1m [0m| |[0;1mQ[0m|| 7
[32;1m[Board] [0m  -------------------
[32;1m[Board] [0m6 ||[7;1m [0m| |[7;1m [0m| |[7;1m [0m| |[7;1m [0m|[30;1mk[0m|| 6
[32;1m[Board] [0m  -------------------
[32;1m[Board] [0m5 || |[7;1m [0m| |[7;1m [0m| |[7;1m [0m|[30;1mp[0m|[30;1mp[0m|| 5
[32;1m[Board] [0m  -------------------
[32;1m[Board] [0m4 ||[7;1m [0m| |[7;1m [0m| |[7;1m [0m| |[7;1m [0m| || 4
[32;1m[Board] [0m  -------------------
[32;1m[Board] [0m3 || |[7;1m [0m| |[7;1m [0m| |[7;1m [0m| |[7;1m [0m|| 3
[32;1m[Board] [0m  -------------------
[32;1m[Board] [0m2 ||[0;1mp[0m|[0;1mp[0m|[7;1m [0m|[0;1mp[0m|[0;1mp[0m|[0;1mp[0m|[0;1mp[0m|[0;1mp[0m|| 2
[32;1m[Board] [0m  -------------------
[32;1m[Board] [0m1 ||[0;1mr[0m|[7;1m [0m|[0;1mb[0m|[7;1m [0m|[0;1mK[0m|[0;1mb[0m| |[0;1mr[0m|| 1
[32;1m[Board] [0m  -------------------
[32;1m[Board] [0m    a b c d e f g h
[32;1m[Board] [0m
[32;1m[Referee] [0mThis is the turn of the White player...
a1b1,e1d1,h1g1,a2a3,a2a4,b2b3,b2b4,d2d3,d2d4,e2e3,e2e4,f2f3,f2f4,g2g3,g2g4,h2h3,h2h4,h7h8,h7h6,h7g7,h7f7,h7e7,h7d7,h7c7,h7b7,h7a7,h7g8,h7g6,h7f5,h7e4,h7d3,h7c2,h7b1,Playing as W
h1g1
[32;1m[Game] [0mPlayer's error code: 0
[32;1m[Game] [0mChecking move validity...
[32;1m[Board] [0mInitializing board...
[32;1m[Board] [0mLoading history file `stats/White/game-23/history.csv`...
[32;1m[Board] [0mLoaded 50 move(s).
[32;1m[Board] [0mLoading move file `stats/White/game-23/move.csv`...
[32;1m[Board] [0mWhite player is playing h7 to h6.
[32;1m[Board] [0m[5;1mWhite Queen is taking Black Knight.[0m
[32;1m[Board] [0m
[32;1m[Board] [0m    a b c d e f g h 
[32;1m[Board] [0m  -------------------
[32;1m[Board] [0m8 ||[7;1m [0m| |[7;1m [0m| |[7;1m [0m|[30;1mK[0m|[7;1m [0m| || 8
[32;1m[Board] [0m  -------------------
[32;1m[Board] [0m7 || |[7;1m [0m| |[7;1m [0m| |[7;1m [0m| |[7;1m [0m|| 7
[32;1m[Board] [0m  -------------------
[32;1m[Board] [0m6 ||[7;1m [0m| |[7;1m [0m| |[7;1m [0m| |[7;1m [0m|[0;1mQ[0m|| 6
[32;1m[Board] [0m  -------------------
[32;1m[Board] [0m5 || |[7;1m [0m| |[7;1m [0m| |[7;1m [0m|[30;1mp[0m|[30;1mp[0m|| 5
[32;1m[Board] [0m  -------------------
[32;1m[Board] [0m4 ||[7;1m [0m| |[7;1m [0m| |[7;1m [0m| |[7;1m [0m| || 4
[32;1m[Board] [0m  -------------------
[32;1m[Board] [0m3 || |[7;1m [0m| |[7;1m [0m| |[7;1m [0m| |[7;1m [0m|| 3
[32;1m[Board] [0m  -------------------
[32;1m[Board] [0m2 ||[0;1mp[0m|[0;1mp[0m|[7;1m [0m|[0;1mp[0m|[0;1mp[0m|[0;1mp[0m|[0;1mp[0m|[0;1mp[0m|| 2
[32;1m[Board] [0m  -------------------
[32;1m[Board] [0m1 ||[0;1mr[0m|[7;1m [0m|[0;1mb[0m|[7;1m [0m|[0;1mK[0m|[0;1mb[0m| |[0;1mr[0m|| 1
[32;1m[Board] [0m  -------------------
[32;1m[Board] [0m    a b c d e f g h
[32;1m[Board] [0m
[32;1m[Referee] [0mThis is the turn of the Black player...
[32;1m[Board] [0mInitializing board...
[32;1m[Board] [0mLoading history file `stats/White/game-23/history.csv`...
[32;1m[Board] [0mLoaded 51 move(s).
[32;1m[RandomPlayer] [0mComputing possible moves...
[32;1m[RandomPlayer] [0m4 possible move(s)
[32;1m[RandomPlayer] [0mPlaying random move 0 out of 4
[32;1m[Game] [0mPlayer's error code: 0
[32;1m[Game] [0mChecking move validity...
[32;1m[Board] [0mInitializing board...
[32;1m[Board] [0mLoading history file `stats/White/game-23/history.csv`...
[32;1m[Board] [0mLoaded 51 move(s).
[32;1m[Board] [0mLoading move file `stats/White/game-23/move.csv`...
[32;1m[Board] [0mBlack player is playing f8 to g8.
[32;1m[Board] [0m
[32;1m[Board] [0m    a b c d e f g h 
[32;1m[Board] [0m  -------------------
[32;1m[Board] [0m8 ||[7;1m [0m| |[7;1m [0m| |[7;1m [0m| |[30;1mK[0m| || 8
[32;1m[Board] [0m  -------------------
[32;1m[Board] [0m7 || |[7;1m [0m| |[7;1m [0m| |[7;1m [0m| |[7;1m [0m|| 7
[32;1m[Board] [0m  -------------------
[32;1m[Board] [0m6 ||[7;1m [0m| |[7;1m [0m| |[7;1m [0m| |[7;1m [0m|[0;1mQ[0m|| 6
[32;1m[Board] [0m  -------------------
[32;1m[Board] [0m5 || |[7;1m [0m| |[7;1m [0m| |[7;1m [0m|[30;1mp[0m|[30;1mp[0m|| 5
[32;1m[Board] [0m  -------------------
[32;1m[Board] [0m4 ||[7;1m [0m| |[7;1m [0m| |[7;1m [0m| |[7;1m [0m| || 4
[32;1m[Board] [0m  -------------------
[32;1m[Board] [0m3 || |[7;1m [0m| |[7;1m [0m| |[7;1m [0m| |[7;1m [0m|| 3
[32;1m[Board] [0m  -------------------
[32;1m[Board] [0m2 ||[0;1mp[0m|[0;1mp[0m|[7;1m [0m|[0;1mp[0m|[0;1mp[0m|[0;1mp[0m|[0;1mp[0m|[0;1mp[0m|| 2
[32;1m[Board] [0m  -------------------
[32;1m[Board] [0m1 ||[0;1mr[0m|[7;1m [0m|[0;1mb[0m|[7;1m [0m|[0;1mK[0m|[0;1mb[0m| |[0;1mr[0m|| 1
[32;1m[Board] [0m  -------------------
[32;1m[Board] [0m    a b c d e f g h
[32;1m[Board] [0m
[32;1m[Referee] [0mThis is the turn of the White player...
a1b1,e1d1,h1g1,a2a3,a2a4,b2b3,b2b4,d2d3,d2d4,e2e3,e2e4,f2f3,f2f4,g2g3,g2g4,h2h3,h2h4,h6h7,h6h8,h6h5,h6g6,h6f6,h6e6,h6d6,h6c6,h6b6,h6a6,h6g7,h6f8,h6g5,Playing as W
g2g4
[32;1m[Game] [0mPlayer's error code: 0
[32;1m[Game] [0mChecking move validity...
[32;1m[Board] [0mInitializing board...
[32;1m[Board] [0mLoading history file `stats/White/game-23/history.csv`...
[32;1m[Board] [0mLoaded 52 move(s).
[32;1m[Board] [0mLoading move file `stats/White/game-23/move.csv`...
[32;1m[Board] [0mWhite player is playing h6 to h5.
[32;1m[Board] [0m[5;1mWhite Queen is taking Black Pawn.[0m
[32;1m[Board] [0m
[32;1m[Board] [0m    a b c d e f g h 
[32;1m[Board] [0m  -------------------
[32;1m[Board] [0m8 ||[7;1m [0m| |[7;1m [0m| |[7;1m [0m| |[30;1mK[0m| || 8
[32;1m[Board] [0m  -------------------
[32;1m[Board] [0m7 || |[7;1m [0m| |[7;1m [0m| |[7;1m [0m| |[7;1m [0m|| 7
[32;1m[Board] [0m  -------------------
[32;1m[Board] [0m6 ||[7;1m [0m| |[7;1m [0m| |[7;1m [0m| |[7;1m [0m| || 6
[32;1m[Board] [0m  -------------------
[32;1m[Board] [0m5 || |[7;1m [0m| |[7;1m [0m| |[7;1m [0m|[30;1mp[0m|[0;1mQ[0m|| 5
[32;1m[Board] [0m  -------------------
[32;1m[Board] [0m4 ||[7;1m [0m| |[7;1m [0m| |[7;1m [0m| |[7;1m [0m| || 4
[32;1m[Board] [0m  -------------------
[32;1m[Board] [0m3 || |[7;1m [0m| |[7;1m [0m| |[7;1m [0m| |[7;1m [0m|| 3
[32;1m[Board] [0m  -------------------
[32;1m[Board] [0m2 ||[0;1mp[0m|[0;1mp[0m|[7;1m [0m|[0;1mp[0m|[0;1mp[0m|[0;1mp[0m|[0;1mp[0m|[0;1mp[0m|| 2
[32;1m[Board] [0m  -------------------
[32;1m[Board] [0m1 ||[0;1mr[0m|[7;1m [0m|[0;1mb[0m|[7;1m [0m|[0;1mK[0m|[0;1mb[0m| |[0;1mr[0m|| 1
[32;1m[Board] [0m  -------------------
[32;1m[Board] [0m    a b c d e f g h
[32;1m[Board] [0m
[32;1m[Referee] [0mThis is the turn of the Black player...
[32;1m[Board] [0mInitializing board...
[32;1m[Board] [0mLoading history file `stats/White/game-23/history.csv`...
[32;1m[Board] [0mLoaded 53 move(s).
[32;1m[RandomPlayer] [0mComputing possible moves...
[32;1m[RandomPlayer] [0m3 possible move(s)
[32;1m[RandomPlayer] [0mPlaying random move 1 out of 3
[32;1m[Game] [0mPlayer's error code: 0
[32;1m[Game] [0mChecking move validity...
[32;1m[Board] [0mInitializing board...
[32;1m[Board] [0mLoading history file `stats/White/game-23/history.csv`...
[32;1m[Board] [0mLoaded 53 move(s).
[32;1m[Board] [0mLoading move file `stats/White/game-23/move.csv`...
[32;1m[Board] [0mBlack player is playing g8 to f8.
[32;1m[Board] [0m
[32;1m[Board] [0m    a b c d e f g h 
[32;1m[Board] [0m  -------------------
[32;1m[Board] [0m8 ||[7;1m [0m| |[7;1m [0m| |[7;1m [0m|[30;1mK[0m|[7;1m [0m| || 8
[32;1m[Board] [0m  -------------------
[32;1m[Board] [0m7 || |[7;1m [0m| |[7;1m [0m| |[7;1m [0m| |[7;1m [0m|| 7
[32;1m[Board] [0m  -------------------
[32;1m[Board] [0m6 ||[7;1m [0m| |[7;1m [0m| |[7;1m [0m| |[7;1m [0m| || 6
[32;1m[Board] [0m  -------------------
[32;1m[Board] [0m5 || |[7;1m [0m| |[7;1m [0m| |[7;1m [0m|[30;1mp[0m|[0;1mQ[0m|| 5
[32;1m[Board] [0m  -------------------
[32;1m[Board] [0m4 ||[7;1m [0m| |[7;1m [0m| |[7;1m [0m| |[7;1m [0m| || 4
[32;1m[Board] [0m  -------------------
[32;1m[Board] [0m3 || |[7;1m [0m| |[7;1m [0m| |[7;1m [0m| |[7;1m [0m|| 3
[32;1m[Board] [0m  -------------------
[32;1m[Board] [0m2 ||[0;1mp[0m|[0;1mp[0m|[7;1m [0m|[0;1mp[0m|[0;1mp[0m|[0;1mp[0m|[0;1mp[0m|[0;1mp[0m|| 2
[32;1m[Board] [0m  -------------------
[32;1m[Board] [0m1 ||[0;1mr[0m|[7;1m [0m|[0;1mb[0m|[7;1m [0m|[0;1mK[0m|[0;1mb[0m| |[0;1mr[0m|| 1
[32;1m[Board] [0m  -------------------
[32;1m[Board] [0m    a b c d e f g h
[32;1m[Board] [0m
[32;1m[Referee] [0mThis is the turn of the White player...
a1b1,e1d1,h1g1,a2a3,a2a4,b2b3,b2b4,d2d3,d2d4,e2e3,e2e4,f2f3,f2f4,g2g3,g2g4,h2h3,h2h4,h5h6,h5h7,h5h8,h5h4,h5h3,h5g5,h5g6,h5f7,h5e8,h5g4,h5f3,Playing as W
f2f3
[32;1m[Game] [0mPlayer's error code: 0
[32;1m[Game] [0mChecking move validity...
[32;1m[Board] [0mInitializing board...
[32;1m[Board] [0mLoading history file `stats/White/game-23/history.csv`...
[32;1m[Board] [0mLoaded 54 move(s).
[32;1m[Board] [0mLoading move file `stats/White/game-23/move.csv`...
[32;1m[Board] [0mWhite player is playing h5 to g5.
[32;1m[Board] [0m[5;1mWhite Queen is taking Black Pawn.[0m
[32;1m[Board] [0m
[32;1m[Board] [0m    a b c d e f g h 
[32;1m[Board] [0m  -------------------
[32;1m[Board] [0m8 ||[7;1m [0m| |[7;1m [0m| |[7;1m [0m|[30;1mK[0m|[7;1m [0m| || 8
[32;1m[Board] [0m  -------------------
[32;1m[Board] [0m7 || |[7;1m [0m| |[7;1m [0m| |[7;1m [0m| |[7;1m [0m|| 7
[32;1m[Board] [0m  -------------------
[32;1m[Board] [0m6 ||[7;1m [0m| |[7;1m [0m| |[7;1m [0m| |[7;1m [0m| || 6
[32;1m[Board] [0m  -------------------
[32;1m[Board] [0m5 || |[7;1m [0m| |[7;1m [0m| |[7;1m [0m|[0;1mQ[0m|[7;1m [0m|| 5
[32;1m[Board] [0m  -------------------
[32;1m[Board] [0m4 ||[7;1m [0m| |[7;1m [0m| |[7;1m [0m| |[7;1m [0m| || 4
[32;1m[Board] [0m  -------------------
[32;1m[Board] [0m3 || |[7;1m [0m| |[7;1m [0m| |[7;1m [0m| |[7;1m [0m|| 3
[32;1m[Board] [0m  -------------------
[32;1m[Board] [0m2 ||[0;1mp[0m|[0;1mp[0m|[7;1m [0m|[0;1mp[0m|[0;1mp[0m|[0;1mp[0m|[0;1mp[0m|[0;1mp[0m|| 2
[32;1m[Board] [0m  -------------------
[32;1m[Board] [0m1 ||[0;1mr[0m|[7;1m [0m|[0;1mb[0m|[7;1m [0m|[0;1mK[0m|[0;1mb[0m| |[0;1mr[0m|| 1
[32;1m[Board] [0m  -------------------
[32;1m[Board] [0m    a b c d e f g h
[32;1m[Board] [0m
[32;1m[Referee] [0mThis is the turn of the Black player...
[32;1m[Board] [0mInitializing board...
[32;1m[Board] [0mLoading history file `stats/White/game-23/history.csv`...
[32;1m[Board] [0mLoaded 55 move(s).
[32;1m[RandomPlayer] [0mComputing possible moves...
[32;1m[RandomPlayer] [0m2 possible move(s)
[32;1m[RandomPlayer] [0mPlaying random move 0 out of 2
[32;1m[Game] [0mPlayer's error code: 0
[32;1m[Game] [0mChecking move validity...
[32;1m[Board] [0mInitializing board...
[32;1m[Board] [0mLoading history file `stats/White/game-23/history.csv`...
[32;1m[Board] [0mLoaded 55 move(s).
[32;1m[Board] [0mLoading move file `stats/White/game-23/move.csv`...
[32;1m[Board] [0mBlack player is playing f8 to e8.
[32;1m[Board] [0m
[32;1m[Board] [0m    a b c d e f g h 
[32;1m[Board] [0m  -------------------
[32;1m[Board] [0m8 ||[7;1m [0m| |[7;1m [0m| |[30;1mK[0m| |[7;1m [0m| || 8
[32;1m[Board] [0m  -------------------
[32;1m[Board] [0m7 || |[7;1m [0m| |[7;1m [0m| |[7;1m [0m| |[7;1m [0m|| 7
[32;1m[Board] [0m  -------------------
[32;1m[Board] [0m6 ||[7;1m [0m| |[7;1m [0m| |[7;1m [0m| |[7;1m [0m| || 6
[32;1m[Board] [0m  -------------------
[32;1m[Board] [0m5 || |[7;1m [0m| |[7;1m [0m| |[7;1m [0m|[0;1mQ[0m|[7;1m [0m|| 5
[32;1m[Board] [0m  -------------------
[32;1m[Board] [0m4 ||[7;1m [0m| |[7;1m [0m| |[7;1m [0m| |[7;1m [0m| || 4
[32;1m[Board] [0m  -------------------
[32;1m[Board] [0m3 || |[7;1m [0m| |[7;1m [0m| |[7;1m [0m| |[7;1m [0m|| 3
[32;1m[Board] [0m  -------------------
[32;1m[Board] [0m2 ||[0;1mp[0m|[0;1mp[0m|[7;1m [0m|[0;1mp[0m|[0;1mp[0m|[0;1mp[0m|[0;1mp[0m|[0;1mp[0m|| 2
[32;1m[Board] [0m  -------------------
[32;1m[Board] [0m1 ||[0;1mr[0m|[7;1m [0m|[0;1mb[0m|[7;1m [0m|[0;1mK[0m|[0;1mb[0m| |[0;1mr[0m|| 1
[32;1m[Board] [0m  -------------------
[32;1m[Board] [0m    a b c d e f g h
[32;1m[Board] [0m
[32;1m[Referee] [0mThis is the turn of the White player...
a1b1,e1d1,h1g1,a2a3,a2a4,b2b3,b2b4,d2d3,d2d4,e2e3,e2e4,f2f3,f2f4,g2g3,g2g4,h2h3,h2h4,g5g6,g5g7,g5g8,g5g4,g5g3,g5h5,g5f5,g5e5,g5d5,g5c5,g5b5,g5a5,g5h6,g5h4,g5f6,g5e7,g5d8,g5f4,g5e3,Playing as W
g5b5
[32;1m[Game] [0mPlayer's error code: 0
[32;1m[Game] [0mChecking move validity...
[32;1m[Board] [0mInitializing board...
[32;1m[Board] [0mLoading history file `stats/White/game-23/history.csv`...
[32;1m[Board] [0mLoaded 56 move(s).
[32;1m[Board] [0mLoading move file `stats/White/game-23/move.csv`...
[32;1m[Board] [0mWhite player is playing g5 to e5.
[32;1m[Board] [0m
[32;1m[Board] [0m    a b c d e f g h 
[32;1m[Board] [0m  -------------------
[32;1m[Board] [0m8 ||[7;1m [0m| |[7;1m [0m| |[30;1mK[0m| |[7;1m [0m| || 8
[32;1m[Board] [0m  -------------------
[32;1m[Board] [0m7 || |[7;1m [0m| |[7;1m [0m| |[7;1m [0m| |[7;1m [0m|| 7
[32;1m[Board] [0m  -------------------
[32;1m[Board] [0m6 ||[7;1m [0m| |[7;1m [0m| |[7;1m [0m| |[7;1m [0m| || 6
[32;1m[Board] [0m  -------------------
[32;1m[Board] [0m5 || |[7;1m [0m| |[7;1m [0m|[0;1mQ[0m|[7;1m [0m| |[7;1m [0m|| 5
[32;1m[Board] [0m  -------------------
[32;1m[Board] [0m4 ||[7;1m [0m| |[7;1m [0m| |[7;1m [0m| |[7;1m [0m| || 4
[32;1m[Board] [0m  -------------------
[32;1m[Board] [0m3 || |[7;1m [0m| |[7;1m [0m| |[7;1m [0m| |[7;1m [0m|| 3
[32;1m[Board] [0m  -------------------
[32;1m[Board] [0m2 ||[0;1mp[0m|[0;1mp[0m|[7;1m [0m|[0;1mp[0m|[0;1mp[0m|[0;1mp[0m|[0;1mp[0m|[0;1mp[0m|| 2
[32;1m[Board] [0m  -------------------
[32;1m[Board] [0m1 ||[0;1mr[0m|[7;1m [0m|[0;1mb[0m|[7;1m [0m|[0;1mK[0m|[0;1mb[0m| |[0;1mr[0m|| 1
[32;1m[Board] [0m  -------------------
[32;1m[Board] [0m    a b c d e f g h
[32;1m[Board] [0m
[32;1m[Referee] [0mThis is the turn of the Black player...
[32;1m[Board] [0mInitializing board...
[32;1m[Board] [0mLoading history file `stats/White/game-23/history.csv`...
[32;1m[Board] [0mLoaded 57 move(s).
[32;1m[RandomPlayer] [0mComputing possible moves...
[32;1m[RandomPlayer] [0m4 possible move(s)
[32;1m[RandomPlayer] [0mPlaying random move 2 out of 4
[32;1m[Game] [0mPlayer's error code: 0
[32;1m[Game] [0mChecking move validity...
[32;1m[Board] [0mInitializing board...
[32;1m[Board] [0mLoading history file `stats/White/game-23/history.csv`...
[32;1m[Board] [0mLoaded 57 move(s).
[32;1m[Board] [0mLoading move file `stats/White/game-23/move.csv`...
[32;1m[Board] [0mBlack player is playing e8 to f7.
[32;1m[Board] [0m
[32;1m[Board] [0m    a b c d e f g h 
[32;1m[Board] [0m  -------------------
[32;1m[Board] [0m8 ||[7;1m [0m| |[7;1m [0m| |[7;1m [0m| |[7;1m [0m| || 8
[32;1m[Board] [0m  -------------------
[32;1m[Board] [0m7 || |[7;1m [0m| |[7;1m [0m| |[30;1mK[0m| |[7;1m [0m|| 7
[32;1m[Board] [0m  -------------------
[32;1m[Board] [0m6 ||[7;1m [0m| |[7;1m [0m| |[7;1m [0m| |[7;1m [0m| || 6
[32;1m[Board] [0m  -------------------
[32;1m[Board] [0m5 || |[7;1m [0m| |[7;1m [0m|[0;1mQ[0m|[7;1m [0m| |[7;1m [0m|| 5
[32;1m[Board] [0m  -------------------
[32;1m[Board] [0m4 ||[7;1m [0m| |[7;1m [0m| |[7;1m [0m| |[7;1m [0m| || 4
[32;1m[Board] [0m  -------------------
[32;1m[Board] [0m3 || |[7;1m [0m| |[7;1m [0m| |[7;1m [0m| |[7;1m [0m|| 3
[32;1m[Board] [0m  -------------------
[32;1m[Board] [0m2 ||[0;1mp[0m|[0;1mp[0m|[7;1m [0m|[0;1mp[0m|[0;1mp[0m|[0;1mp[0m|[0;1mp[0m|[0;1mp[0m|| 2
[32;1m[Board] [0m  -------------------
[32;1m[Board] [0m1 ||[0;1mr[0m|[7;1m [0m|[0;1mb[0m|[7;1m [0m|[0;1mK[0m|[0;1mb[0m| |[0;1mr[0m|| 1
[32;1m[Board] [0m  -------------------
[32;1m[Board] [0m    a b c d e f g h
[32;1m[Board] [0m
[32;1m[Referee] [0mThis is the turn of the White player...
a1b1,e1d1,h1g1,a2a3,a2a4,b2b3,b2b4,d2d3,d2d4,e2e3,e2e4,f2f3,f2f4,g2g3,g2g4,h2h3,h2h4,e5e6,e5e7,e5e8,e5e4,e5e3,e5f5,e5g5,e5h5,e5d5,e5c5,e5b5,e5a5,e5f6,e5g7,e5h8,e5f4,e5g3,e5d6,e5c7,e5b8,e5d4,e5c3,Playing as W
e5e3
[32;1m[Game] [0mPlayer's error code: 0
[32;1m[Game] [0mChecking move validity...
[32;1m[Board] [0mInitializing board...
[32;1m[Board] [0mLoading history file `stats/White/game-23/history.csv`...
[32;1m[Board] [0mLoaded 58 move(s).
[32;1m[Board] [0mLoading move file `stats/White/game-23/move.csv`...
[32;1m[Board] [0mWhite player is playing e5 to e4.
[32;1m[Board] [0m
[32;1m[Board] [0m    a b c d e f g h 
[32;1m[Board] [0m  -------------------
[32;1m[Board] [0m8 ||[7;1m [0m| |[7;1m [0m| |[7;1m [0m| |[7;1m [0m| || 8
[32;1m[Board] [0m  -------------------
[32;1m[Board] [0m7 || |[7;1m [0m| |[7;1m [0m| |[30;1mK[0m| |[7;1m [0m|| 7
[32;1m[Board] [0m  -------------------
[32;1m[Board] [0m6 ||[7;1m [0m| |[7;1m [0m| |[7;1m [0m| |[7;1m [0m| || 6
[32;1m[Board] [0m  -------------------
[32;1m[Board] [0m5 || |[7;1m [0m| |[7;1m [0m| |[7;1m [0m| |[7;1m [0m|| 5
[32;1m[Board] [0m  -------------------
[32;1m[Board] [0m4 ||[7;1m [0m| |[7;1m [0m| |[0;1mQ[0m| |[7;1m [0m| || 4
[32;1m[Board] [0m  -------------------
[32;1m[Board] [0m3 || |[7;1m [0m| |[7;1m [0m| |[7;1m [0m| |[7;1m [0m|| 3
[32;1m[Board] [0m  -------------------
[32;1m[Board] [0m2 ||[0;1mp[0m|[0;1mp[0m|[7;1m [0m|[0;1mp[0m|[0;1mp[0m|[0;1mp[0m|[0;1mp[0m|[0;1mp[0m|| 2
[32;1m[Board] [0m  -------------------
[32;1m[Board] [0m1 ||[0;1mr[0m|[7;1m [0m|[0;1mb[0m|[7;1m [0m|[0;1mK[0m|[0;1mb[0m| |[0;1mr[0m|| 1
[32;1m[Board] [0m  -------------------
[32;1m[Board] [0m    a b c d e f g h
[32;1m[Board] [0m
[32;1m[Referee] [0mThis is the turn of the Black player...
[32;1m[Board] [0mInitializing board...
[32;1m[Board] [0mLoading history file `stats/White/game-23/history.csv`...
[32;1m[Board] [0mLoaded 59 move(s).
[32;1m[RandomPlayer] [0mComputing possible moves...
[32;1m[RandomPlayer] [0m4 possible move(s)
[32;1m[RandomPlayer] [0mPlaying random move 0 out of 4
[32;1m[Game] [0mPlayer's error code: 0
[32;1m[Game] [0mChecking move validity...
[32;1m[Board] [0mInitializing board...
[32;1m[Board] [0mLoading history file `stats/White/game-23/history.csv`...
[32;1m[Board] [0mLoaded 59 move(s).
[32;1m[Board] [0mLoading move file `stats/White/game-23/move.csv`...
[32;1m[Board] [0mBlack player is playing f7 to g7.
[32;1m[Board] [0m
[32;1m[Board] [0m    a b c d e f g h 
[32;1m[Board] [0m  -------------------
[32;1m[Board] [0m8 ||[7;1m [0m| |[7;1m [0m| |[7;1m [0m| |[7;1m [0m| || 8
[32;1m[Board] [0m  -------------------
[32;1m[Board] [0m7 || |[7;1m [0m| |[7;1m [0m| |[7;1m [0m|[30;1mK[0m|[7;1m [0m|| 7
[32;1m[Board] [0m  -------------------
[32;1m[Board] [0m6 ||[7;1m [0m| |[7;1m [0m| |[7;1m [0m| |[7;1m [0m| || 6
[32;1m[Board] [0m  -------------------
[32;1m[Board] [0m5 || |[7;1m [0m| |[7;1m [0m| |[7;1m [0m| |[7;1m [0m|| 5
[32;1m[Board] [0m  -------------------
[32;1m[Board] [0m4 ||[7;1m [0m| |[7;1m [0m| |[0;1mQ[0m| |[7;1m [0m| || 4
[32;1m[Board] [0m  -------------------
[32;1m[Board] [0m3 || |[7;1m [0m| |[7;1m [0m| |[7;1m [0m| |[7;1m [0m|| 3
[32;1m[Board] [0m  -------------------
[32;1m[Board] [0m2 ||[0;1mp[0m|[0;1mp[0m|[7;1m [0m|[0;1mp[0m|[0;1mp[0m|[0;1mp[0m|[0;1mp[0m|[0;1mp[0m|| 2
[32;1m[Board] [0m  -------------------
[32;1m[Board] [0m1 ||[0;1mr[0m|[7;1m [0m|[0;1mb[0m|[7;1m [0m|[0;1mK[0m|[0;1mb[0m| |[0;1mr[0m|| 1
[32;1m[Board] [0m  -------------------
[32;1m[Board] [0m    a b c d e f g h
[32;1m[Board] [0m
[32;1m[Referee] [0mThis is the turn of the White player...
a1b1,e1d1,h1g1,a2a3,a2a4,b2b3,b2b4,d2d3,d2d4,e2e3,f2f3,f2f4,g2g3,g2g4,h2h3,h2h4,e4e5,e4e6,e4e7,e4e8,e4e3,e4f4,e4g4,e4h4,e4d4,e4c4,e4b4,e4a4,e4f5,e4g6,e4h7,e4f3,e4d5,e4c6,e4b7,e4a8,e4d3,e4c2,e4b1,Playing as W
e4g4
[32;1m[Game] [0mPlayer's error code: 0
[32;1m[Game] [0mChecking move validity...
[32;1m[Board] [0mInitializing board...
[32;1m[Board] [0mLoading history file `stats/White/game-23/history.csv`...
[32;1m[Board] [0mLoaded 60 move(s).
[32;1m[Board] [0mLoading move file `stats/White/game-23/move.csv`...
[32;1m[Board] [0mWhite player is playing e4 to e5.
[32;1m[Board] [0m
[32;1m[Board] [0m    a b c d e f g h 
[32;1m[Board] [0m  -------------------
[32;1m[Board] [0m8 ||[7;1m [0m| |[7;1m [0m| |[7;1m [0m| |[7;1m [0m| || 8
[32;1m[Board] [0m  -------------------
[32;1m[Board] [0m7 || |[7;1m [0m| |[7;1m [0m| |[7;1m [0m|[30;1mK[0m|[7;1m [0m|| 7
[32;1m[Board] [0m  -------------------
[32;1m[Board] [0m6 ||[7;1m [0m| |[7;1m [0m| |[7;1m [0m| |[7;1m [0m| || 6
[32;1m[Board] [0m  -------------------
[32;1m[Board] [0m5 || |[7;1m [0m| |[7;1m [0m|[0;1mQ[0m|[7;1m [0m| |[7;1m [0m|| 5
[32;1m[Board] [0m  -------------------
[32;1m[Board] [0m4 ||[7;1m [0m| |[7;1m [0m| |[7;1m [0m| |[7;1m [0m| || 4
[32;1m[Board] [0m  -------------------
[32;1m[Board] [0m3 || |[7;1m [0m| |[7;1m [0m| |[7;1m [0m| |[7;1m [0m|| 3
[32;1m[Board] [0m  -------------------
[32;1m[Board] [0m2 ||[0;1mp[0m|[0;1mp[0m|[7;1m [0m|[0;1mp[0m|[0;1mp[0m|[0;1mp[0m|[0;1mp[0m|[0;1mp[0m|| 2
[32;1m[Board] [0m  -------------------
[32;1m[Board] [0m1 ||[0;1mr[0m|[7;1m [0m|[0;1mb[0m|[7;1m [0m|[0;1mK[0m|[0;1mb[0m| |[0;1mr[0m|| 1
[32;1m[Board] [0m  -------------------
[32;1m[Board] [0m    a b c d e f g h
[32;1m[Board] [0m
[32;1m[Referee] [0mThis is the turn of the Black player...
[32;1m[Board] [0mInitializing board...
[32;1m[Board] [0mLoading history file `stats/White/game-23/history.csv`...
[32;1m[Board] [0mLoaded 61 move(s).
[32;1m[RandomPlayer] [0mComputing possible moves...
[32;1m[RandomPlayer] [0m6 possible move(s)
[32;1m[RandomPlayer] [0mPlaying random move 4 out of 6
[32;1m[Game] [0mPlayer's error code: 0
[32;1m[Game] [0mChecking move validity...
[32;1m[Board] [0mInitializing board...
[32;1m[Board] [0mLoading history file `stats/White/game-23/history.csv`...
[32;1m[Board] [0mLoaded 61 move(s).
[32;1m[Board] [0mLoading move file `stats/White/game-23/move.csv`...
[32;1m[Board] [0mBlack player is playing g7 to f8.
[32;1m[Board] [0m
[32;1m[Board] [0m    a b c d e f g h 
[32;1m[Board] [0m  -------------------
[32;1m[Board] [0m8 ||[7;1m [0m| |[7;1m [0m| |[7;1m [0m|[30;1mK[0m|[7;1m [0m| || 8
[32;1m[Board] [0m  -------------------
[32;1m[Board] [0m7 || |[7;1m [0m| |[7;1m [0m| |[7;1m [0m| |[7;1m [0m|| 7
[32;1m[Board] [0m  -------------------
[32;1m[Board] [0m6 ||[7;1m [0m| |[7;1m [0m| |[7;1m [0m| |[7;1m [0m| || 6
[32;1m[Board] [0m  -------------------
[32;1m[Board] [0m5 || |[7;1m [0m| |[7;1m [0m|[0;1mQ[0m|[7;1m [0m| |[7;1m [0m|| 5
[32;1m[Board] [0m  -------------------
[32;1m[Board] [0m4 ||[7;1m [0m| |[7;1m [0m| |[7;1m [0m| |[7;1m [0m| || 4
[32;1m[Board] [0m  -------------------
[32;1m[Board] [0m3 || |[7;1m [0m| |[7;1m [0m| |[7;1m [0m| |[7;1m [0m|| 3
[32;1m[Board] [0m  -------------------
[32;1m[Board] [0m2 ||[0;1mp[0m|[0;1mp[0m|[7;1m [0m|[0;1mp[0m|[0;1mp[0m|[0;1mp[0m|[0;1mp[0m|[0;1mp[0m|| 2
[32;1m[Board] [0m  -------------------
[32;1m[Board] [0m1 ||[0;1mr[0m|[7;1m [0m|[0;1mb[0m|[7;1m [0m|[0;1mK[0m|[0;1mb[0m| |[0;1mr[0m|| 1
[32;1m[Board] [0m  -------------------
[32;1m[Board] [0m    a b c d e f g h
[32;1m[Board] [0m
[32;1m[Referee] [0mThis is the turn of the White player...
a1b1,e1d1,h1g1,a2a3,a2a4,b2b3,b2b4,d2d3,d2d4,e2e3,e2e4,f2f3,f2f4,g2g3,g2g4,h2h3,h2h4,e5e6,e5e7,e5e8,e5e4,e5e3,e5f5,e5g5,e5h5,e5d5,e5c5,e5b5,e5a5,e5f6,e5g7,e5h8,e5f4,e5g3,e5d6,e5c7,e5b8,e5d4,e5c3,Playing as W
e5f5
[32;1m[Game] [0mPlayer's error code: 0
[32;1m[Game] [0mChecking move validity...
[32;1m[Board] [0mInitializing board...
[32;1m[Board] [0mLoading history file `stats/White/game-23/history.csv`...
[32;1m[Board] [0mLoaded 62 move(s).
[32;1m[Board] [0mLoading move file `stats/White/game-23/move.csv`...
[32;1m[Board] [0mWhite player is playing e5 to e4.
[32;1m[Board] [0m
[32;1m[Board] [0m    a b c d e f g h 
[32;1m[Board] [0m  -------------------
[32;1m[Board] [0m8 ||[7;1m [0m| |[7;1m [0m| |[7;1m [0m|[30;1mK[0m|[7;1m [0m| || 8
[32;1m[Board] [0m  -------------------
[32;1m[Board] [0m7 || |[7;1m [0m| |[7;1m [0m| |[7;1m [0m| |[7;1m [0m|| 7
[32;1m[Board] [0m  -------------------
[32;1m[Board] [0m6 ||[7;1m [0m| |[7;1m [0m| |[7;1m [0m| |[7;1m [0m| || 6
[32;1m[Board] [0m  -------------------
[32;1m[Board] [0m5 || |[7;1m [0m| |[7;1m [0m| |[7;1m [0m| |[7;1m [0m|| 5
[32;1m[Board] [0m  -------------------
[32;1m[Board] [0m4 ||[7;1m [0m| |[7;1m [0m| |[0;1mQ[0m| |[7;1m [0m| || 4
[32;1m[Board] [0m  -------------------
[32;1m[Board] [0m3 || |[7;1m [0m| |[7;1m [0m| |[7;1m [0m| |[7;1m [0m|| 3
[32;1m[Board] [0m  -------------------
[32;1m[Board] [0m2 ||[0;1mp[0m|[0;1mp[0m|[7;1m [0m|[0;1mp[0m|[0;1mp[0m|[0;1mp[0m|[0;1mp[0m|[0;1mp[0m|| 2
[32;1m[Board] [0m  -------------------
[32;1m[Board] [0m1 ||[0;1mr[0m|[7;1m [0m|[0;1mb[0m|[7;1m [0m|[0;1mK[0m|[0;1mb[0m| |[0;1mr[0m|| 1
[32;1m[Board] [0m  -------------------
[32;1m[Board] [0m    a b c d e f g h
[32;1m[Board] [0m
[32;1m[Referee] [0mThis is the turn of the Black player...
[32;1m[Board] [0mInitializing board...
[32;1m[Board] [0mLoading history file `stats/White/game-23/history.csv`...
[32;1m[Board] [0mLoaded 63 move(s).
[32;1m[RandomPlayer] [0mComputing possible moves...
[32;1m[RandomPlayer] [0m3 possible move(s)
[32;1m[RandomPlayer] [0mPlaying random move 1 out of 3
[32;1m[Game] [0mPlayer's error code: 0
[32;1m[Game] [0mChecking move validity...
[32;1m[Board] [0mInitializing board...
[32;1m[Board] [0mLoading history file `stats/White/game-23/history.csv`...
[32;1m[Board] [0mLoaded 63 move(s).
[32;1m[Board] [0mLoading move file `stats/White/game-23/move.csv`...
[32;1m[Board] [0mBlack player is playing f8 to f7.
[32;1m[Board] [0m
[32;1m[Board] [0m    a b c d e f g h 
[32;1m[Board] [0m  -------------------
[32;1m[Board] [0m8 ||[7;1m [0m| |[7;1m [0m| |[7;1m [0m| |[7;1m [0m| || 8
[32;1m[Board] [0m  -------------------
[32;1m[Board] [0m7 || |[7;1m [0m| |[7;1m [0m| |[30;1mK[0m| |[7;1m [0m|| 7
[32;1m[Board] [0m  -------------------
[32;1m[Board] [0m6 ||[7;1m [0m| |[7;1m [0m| |[7;1m [0m| |[7;1m [0m| || 6
[32;1m[Board] [0m  -------------------
[32;1m[Board] [0m5 || |[7;1m [0m| |[7;1m [0m| |[7;1m [0m| |[7;1m [0m|| 5
[32;1m[Board] [0m  -------------------
[32;1m[Board] [0m4 ||[7;1m [0m| |[7;1m [0m| |[0;1mQ[0m| |[7;1m [0m| || 4
[32;1m[Board] [0m  -------------------
[32;1m[Board] [0m3 || |[7;1m [0m| |[7;1m [0m| |[7;1m [0m| |[7;1m [0m|| 3
[32;1m[Board] [0m  -------------------
[32;1m[Board] [0m2 ||[0;1mp[0m|[0;1mp[0m|[7;1m [0m|[0;1mp[0m|[0;1mp[0m|[0;1mp[0m|[0;1mp[0m|[0;1mp[0m|| 2
[32;1m[Board] [0m  -------------------
[32;1m[Board] [0m1 ||[0;1mr[0m|[7;1m [0m|[0;1mb[0m|[7;1m [0m|[0;1mK[0m|[0;1mb[0m| |[0;1mr[0m|| 1
[32;1m[Board] [0m  -------------------
[32;1m[Board] [0m    a b c d e f g h
[32;1m[Board] [0m
[32;1m[Referee] [0mThis is the turn of the White player...
a1b1,e1d1,h1g1,a2a3,a2a4,b2b3,b2b4,d2d3,d2d4,e2e3,f2f3,f2f4,g2g3,g2g4,h2h3,h2h4,e4e5,e4e6,e4e7,e4e8,e4e3,e4f4,e4g4,e4h4,e4d4,e4c4,e4b4,e4a4,e4f5,e4g6,e4h7,e4f3,e4d5,e4c6,e4b7,e4a8,e4d3,e4c2,e4b1,Playing as W
e4g4
[32;1m[Game] [0mPlayer's error code: 0
[32;1m[Game] [0mChecking move validity...
[32;1m[Board] [0mInitializing board...
[32;1m[Board] [0mLoading history file `stats/White/game-23/history.csv`...
[32;1m[Board] [0mLoaded 64 move(s).
[32;1m[Board] [0mLoading move file `stats/White/game-23/move.csv`...
[32;1m[Board] [0mWhite player is playing e4 to e5.
[32;1m[Board] [0m
[32;1m[Board] [0m    a b c d e f g h 
[32;1m[Board] [0m  -------------------
[32;1m[Board] [0m8 ||[7;1m [0m| |[7;1m [0m| |[7;1m [0m| |[7;1m [0m| || 8
[32;1m[Board] [0m  -------------------
[32;1m[Board] [0m7 || |[7;1m [0m| |[7;1m [0m| |[30;1mK[0m| |[7;1m [0m|| 7
[32;1m[Board] [0m  -------------------
[32;1m[Board] [0m6 ||[7;1m [0m| |[7;1m [0m| |[7;1m [0m| |[7;1m [0m| || 6
[32;1m[Board] [0m  -------------------
[32;1m[Board] [0m5 || |[7;1m [0m| |[7;1m [0m|[0;1mQ[0m|[7;1m [0m| |[7;1m [0m|| 5
[32;1m[Board] [0m  -------------------
[32;1m[Board] [0m4 ||[7;1m [0m| |[7;1m [0m| |[7;1m [0m| |[7;1m [0m| || 4
[32;1m[Board] [0m  -------------------
[32;1m[Board] [0m3 || |[7;1m [0m| |[7;1m [0m| |[7;1m [0m| |[7;1m [0m|| 3
[32;1m[Board] [0m  -------------------
[32;1m[Board] [0m2 ||[0;1mp[0m|[0;1mp[0m|[7;1m [0m|[0;1mp[0m|[0;1mp[0m|[0;1mp[0m|[0;1mp[0m|[0;1mp[0m|| 2
[32;1m[Board] [0m  -------------------
[32;1m[Board] [0m1 ||[0;1mr[0m|[7;1m [0m|[0;1mb[0m|[7;1m [0m|[0;1mK[0m|[0;1mb[0m| |[0;1mr[0m|| 1
[32;1m[Board] [0m  -------------------
[32;1m[Board] [0m    a b c d e f g h
[32;1m[Board] [0m
[32;1m[Referee] [0mThis is the turn of the Black player...
[32;1m[Board] [0mInitializing board...
[32;1m[Board] [0mLoading history file `stats/White/game-23/history.csv`...
[32;1m[Board] [0mLoaded 65 move(s).
[32;1m[RandomPlayer] [0mComputing possible moves...
[32;1m[RandomPlayer] [0m3 possible move(s)
[32;1m[RandomPlayer] [0mPlaying random move 1 out of 3
[32;1m[Game] [0mPlayer's error code: 0
[32;1m[Game] [0mChecking move validity...
[32;1m[Board] [0mInitializing board...
[32;1m[Board] [0mLoading history file `stats/White/game-23/history.csv`...
[32;1m[Board] [0mLoaded 65 move(s).
[32;1m[Board] [0mLoading move file `stats/White/game-23/move.csv`...
[32;1m[Board] [0mBlack player is playing f7 to g8.
[32;1m[Board] [0m
[32;1m[Board] [0m    a b c d e f g h 
[32;1m[Board] [0m  -------------------
[32;1m[Board] [0m8 ||[7;1m [0m| |[7;1m [0m| |[7;1m [0m| |[30;1mK[0m| || 8
[32;1m[Board] [0m  -------------------
[32;1m[Board] [0m7 || |[7;1m [0m| |[7;1m [0m| |[7;1m [0m| |[7;1m [0m|| 7
[32;1m[Board] [0m  -------------------
[32;1m[Board] [0m6 ||[7;1m [0m| |[7;1m [0m| |[7;1m [0m| |[7;1m [0m| || 6
[32;1m[Board] [0m  -------------------
[32;1m[Board] [0m5 || |[7;1m [0m| |[7;1m [0m|[0;1mQ[0m|[7;1m [0m| |[7;1m [0m|| 5
[32;1m[Board] [0m  -------------------
[32;1m[Board] [0m4 ||[7;1m [0m| |[7;1m [0m| |[7;1m [0m| |[7;1m [0m| || 4
[32;1m[Board] [0m  -------------------
[32;1m[Board] [0m3 || |[7;1m [0m| |[7;1m [0m| |[7;1m [0m| |[7;1m [0m|| 3
[32;1m[Board] [0m  -------------------
[32;1m[Board] [0m2 ||[0;1mp[0m|[0;1mp[0m|[7;1m [0m|[0;1mp[0m|[0;1mp[0m|[0;1mp[0m|[0;1mp[0m|[0;1mp[0m|| 2
[32;1m[Board] [0m  -------------------
[32;1m[Board] [0m1 ||[0;1mr[0m|[7;1m [0m|[0;1mb[0m|[7;1m [0m|[0;1mK[0m|[0;1mb[0m| |[0;1mr[0m|| 1
[32;1m[Board] [0m  -------------------
[32;1m[Board] [0m    a b c d e f g h
[32;1m[Board] [0m
[32;1m[Referee] [0mThis is the turn of the White player...
a1b1,e1d1,h1g1,a2a3,a2a4,b2b3,b2b4,d2d3,d2d4,e2e3,e2e4,f2f3,f2f4,g2g3,g2g4,h2h3,h2h4,e5e6,e5e7,e5e8,e5e4,e5e3,e5f5,e5g5,e5h5,e5d5,e5c5,e5b5,e5a5,e5f6,e5g7,e5h8,e5f4,e5g3,e5d6,e5c7,e5b8,e5d4,e5c3,Playing as W
e5f5
[32;1m[Game] [0mPlayer's error code: 0
[32;1m[Game] [0mChecking move validity...
[32;1m[Board] [0mInitializing board...
[32;1m[Board] [0mLoading history file `stats/White/game-23/history.csv`...
[32;1m[Board] [0mLoaded 66 move(s).
[32;1m[Board] [0mLoading move file `stats/White/game-23/move.csv`...
[32;1m[Board] [0mWhite player is playing e5 to e4.
[32;1m[Board] [0m
[32;1m[Board] [0m    a b c d e f g h 
[32;1m[Board] [0m  -------------------
[32;1m[Board] [0m8 ||[7;1m [0m| |[7;1m [0m| |[7;1m [0m| |[30;1mK[0m| || 8
[32;1m[Board] [0m  -------------------
[32;1m[Board] [0m7 || |[7;1m [0m| |[7;1m [0m| |[7;1m [0m| |[7;1m [0m|| 7
[32;1m[Board] [0m  -------------------
[32;1m[Board] [0m6 ||[7;1m [0m| |[7;1m [0m| |[7;1m [0m| |[7;1m [0m| || 6
[32;1m[Board] [0m  -------------------
[32;1m[Board] [0m5 || |[7;1m [0m| |[7;1m [0m| |[7;1m [0m| |[7;1m [0m|| 5
[32;1m[Board] [0m  -------------------
[32;1m[Board] [0m4 ||[7;1m [0m| |[7;1m [0m| |[0;1mQ[0m| |[7;1m [0m| || 4
[32;1m[Board] [0m  -------------------
[32;1m[Board] [0m3 || |[7;1m [0m| |[7;1m [0m| |[7;1m [0m| |[7;1m [0m|| 3
[32;1m[Board] [0m  -------------------
[32;1m[Board] [0m2 ||[0;1mp[0m|[0;1mp[0m|[7;1m [0m|[0;1mp[0m|[0;1mp[0m|[0;1mp[0m|[0;1mp[0m|[0;1mp[0m|| 2
[32;1m[Board] [0m  -------------------
[32;1m[Board] [0m1 ||[0;1mr[0m|[7;1m [0m|[0;1mb[0m|[7;1m [0m|[0;1mK[0m|[0;1mb[0m| |[0;1mr[0m|| 1
[32;1m[Board] [0m  -------------------
[32;1m[Board] [0m    a b c d e f g h
[32;1m[Board] [0m
[32;1m[Referee] [0mThis is the turn of the Black player...
[32;1m[Board] [0mInitializing board...
[32;1m[Board] [0mLoading history file `stats/White/game-23/history.csv`...
[32;1m[Board] [0mLoaded 67 move(s).
[32;1m[RandomPlayer] [0mComputing possible moves...
[32;1m[RandomPlayer] [0m4 possible move(s)
[32;1m[RandomPlayer] [0mPlaying random move 0 out of 4
[32;1m[Game] [0mPlayer's error code: 0
[32;1m[Game] [0mChecking move validity...
[32;1m[Board] [0mInitializing board...
[32;1m[Board] [0mLoading history file `stats/White/game-23/history.csv`...
[32;1m[Board] [0mLoaded 67 move(s).
[32;1m[Board] [0mLoading move file `stats/White/game-23/move.csv`...
[32;1m[Board] [0mBlack player is playing g8 to h8.
[32;1m[Board] [0m
[32;1m[Board] [0m    a b c d e f g h 
[32;1m[Board] [0m  -------------------
[32;1m[Board] [0m8 ||[7;1m [0m| |[7;1m [0m| |[7;1m [0m| |[7;1m [0m|[30;1mK[0m|| 8
[32;1m[Board] [0m  -------------------
[32;1m[Board] [0m7 || |[7;1m [0m| |[7;1m [0m| |[7;1m [0m| |[7;1m [0m|| 7
[32;1m[Board] [0m  -------------------
[32;1m[Board] [0m6 ||[7;1m [0m| |[7;1m [0m| |[7;1m [0m| |[7;1m [0m| || 6
[32;1m[Board] [0m  -------------------
[32;1m[Board] [0m5 || |[7;1m [0m| |[7;1m [0m| |[7;1m [0m| |[7;1m [0m|| 5
[32;1m[Board] [0m  -------------------
[32;1m[Board] [0m4 ||[7;1m [0m| |[7;1m [0m| |[0;1mQ[0m| |[7;1m [0m| || 4
[32;1m[Board] [0m  -------------------
[32;1m[Board] [0m3 || |[7;1m [0m| |[7;1m [0m| |[7;1m [0m| |[7;1m [0m|| 3
[32;1m[Board] [0m  -------------------
[32;1m[Board] [0m2 ||[0;1mp[0m|[0;1mp[0m|[7;1m [0m|[0;1mp[0m|[0;1mp[0m|[0;1mp[0m|[0;1mp[0m|[0;1mp[0m|| 2
[32;1m[Board] [0m  -------------------
[32;1m[Board] [0m1 ||[0;1mr[0m|[7;1m [0m|[0;1mb[0m|[7;1m [0m|[0;1mK[0m|[0;1mb[0m| |[0;1mr[0m|| 1
[32;1m[Board] [0m  -------------------
[32;1m[Board] [0m    a b c d e f g h
[32;1m[Board] [0m
[32;1m[Referee] [0mThis is the turn of the White player...
a1b1,e1d1,h1g1,a2a3,a2a4,b2b3,b2b4,d2d3,d2d4,e2e3,f2f3,f2f4,g2g3,g2g4,h2h3,h2h4,e4e5,e4e6,e4e7,e4e8,e4e3,e4f4,e4g4,e4h4,e4d4,e4c4,e4b4,e4a4,e4f5,e4g6,e4h7,e4f3,e4d5,e4c6,e4b7,e4a8,e4d3,e4c2,e4b1,Playing as W
e4h4
[32;1m[Game] [0mPlayer's error code: 0
[32;1m[Game] [0mChecking move validity...
[32;1m[Board] [0mInitializing board...
[32;1m[Board] [0mLoading history file `stats/White/game-23/history.csv`...
[32;1m[Board] [0mLoaded 68 move(s).
[32;1m[Board] [0mLoading move file `stats/White/game-23/move.csv`...
[32;1m[Board] [0mWhite player is playing e4 to g6.
[32;1m[Board] [0m
[32;1m[Board] [0m    a b c d e f g h 
[32;1m[Board] [0m  -------------------
[32;1m[Board] [0m8 ||[7;1m [0m| |[7;1m [0m| |[7;1m [0m| |[7;1m [0m|[30;1mK[0m|| 8
[32;1m[Board] [0m  -------------------
[32;1m[Board] [0m7 || |[7;1m [0m| |[7;1m [0m| |[7;1m [0m| |[7;1m [0m|| 7
[32;1m[Board] [0m  -------------------
[32;1m[Board] [0m6 ||[7;1m [0m| |[7;1m [0m| |[7;1m [0m| |[0;1mQ[0m| || 6
[32;1m[Board] [0m  -------------------
[32;1m[Board] [0m5 || |[7;1m [0m| |[7;1m [0m| |[7;1m [0m| |[7;1m [0m|| 5
[32;1m[Board] [0m  -------------------
[32;1m[Board] [0m4 ||[7;1m [0m| |[7;1m [0m| |[7;1m [0m| |[7;1m [0m| || 4
[32;1m[Board] [0m  -------------------
[32;1m[Board] [0m3 || |[7;1m [0m| |[7;1m [0m| |[7;1m [0m| |[7;1m [0m|| 3
[32;1m[Board] [0m  -------------------
[32;1m[Board] [0m2 ||[0;1mp[0m|[0;1mp[0m|[7;1m [0m|[0;1mp[0m|[0;1mp[0m|[0;1mp[0m|[0;1mp[0m|[0;1mp[0m|| 2
[32;1m[Board] [0m  -------------------
[32;1m[Board] [0m1 ||[0;1mr[0m|[7;1m [0m|[0;1mb[0m|[7;1m [0m|[0;1mK[0m|[0;1mb[0m| |[0;1mr[0m|| 1
[32;1m[Board] [0m  -------------------
[32;1m[Board] [0m    a b c d e f g h
[32;1m[Board] [0m
[32;1m[Referee] [0mThis is the turn of the Black player...
