[32;1m[Board] [0mInitializing board (size: 8)...
[32;1m[Board] [0m32 piece(s) on board.
[32;1m[Board] [0m
[32;1m[Board] [0m     a b c d e f g h
[32;1m[Board] [0m   -------------------
[32;1m[Board] [0m 8 ||[30;1mr[0m|[30;1mk[0m|[30;1mb[0m|[30;1mQ[0m|[30;1mK[0m|[30;1mb[0m|[30;1mk[0m|[30;1mr[0m|| 8
[32;1m[Board] [0m   -------------------
[32;1m[Board] [0m 7 ||[30;1mp[0m|[30;1mp[0m|[30;1mp[0m|[30;1mp[0m|[30;1mp[0m|[30;1mp[0m|[30;1mp[0m|[30;1mp[0m|| 7
[32;1m[Board] [0m   -------------------
[32;1m[Board] [0m 6 ||[7;1m [0m| |[7;1m [0m| |[7;1m [0m| |[7;1m [0m| || 6
[32;1m[Board] [0m   -------------------
[32;1m[Board] [0m 5 || |[7;1m [0m| |[7;1m [0m| |[7;1m [0m| |[7;1m [0m|| 5
[32;1m[Board] [0m   -------------------
[32;1m[Board] [0m 4 ||[7;1m [0m| |[7;1m [0m| |[7;1m [0m| |[7;1m [0m| || 4
[32;1m[Board] [0m   -------------------
[32;1m[Board] [0m 3 || |[7;1m [0m| |[7;1m [0m| |[7;1m [0m| |[7;1m [0m|| 3
[32;1m[Board] [0m   -------------------
[32;1m[Board] [0m 2 ||[0;1mp[0m|[0;1mp[0m|[0;1mp[0m|[0;1mp[0m|[0;1mp[0m|[0;1mp[0m|[0;1mp[0m|[0;1mp[0m|| 2
[32;1m[Board] [0m   -------------------
[32;1m[Board] [0m 1 ||[0;1mr[0m|[0;1mk[0m|[0;1mb[0m|[0;1mQ[0m|[0;1mK[0m|[0;1mb[0m|[0;1mk[0m|[0;1mr[0m|| 1
[32;1m[Board] [0m   -------------------
[32;1m[Board] [0m     a b c d e f g h
[32;1m[Board] [0m
[32;1m[Referee] [0mThis is the turn of the White player...
Inputed Board

We are going to play White...

------------------------------Current Search Space--------------------------------------------
Possible moves for piece: P:
 P: (6,0)->(5,0) / a2a3
 P: (6,0)->(4,0) / a2a4
 P: (6,1)->(5,1) / b2b3
 P: (6,1)->(4,1) / b2b4
 P: (6,2)->(5,2) / c2c3
 P: (6,2)->(4,2) / c2c4
 P: (6,3)->(5,3) / d2d3
 P: (6,3)->(4,3) / d2d4
 P: (6,4)->(5,4) / e2e3
 P: (6,4)->(4,4) / e2e4
 P: (6,5)->(5,5) / f2f3
 P: (6,5)->(4,5) / f2f4
 P: (6,6)->(5,6) / g2g3
 P: (6,6)->(4,6) / g2g4
 P: (6,7)->(5,7) / h2h3
 P: (6,7)->(4,7) / h2h4
Possible moves for piece: N:
 N: (7,1)->(5,2) / b1c3
 N: (7,1)->(5,0) / b1a3
 N: (7,6)->(5,7) / g1h3
 N: (7,6)->(5,5) / g1f3

------------------------------Filtered Search Space--------------------------------------------
Possible moves for piece: P:
 P: (6,0)->(5,0) / a2a3
 P: (6,0)->(4,0) / a2a4
 P: (6,1)->(5,1) / b2b3
 P: (6,1)->(4,1) / b2b4
 P: (6,2)->(5,2) / c2c3
 P: (6,2)->(4,2) / c2c4
 P: (6,3)->(5,3) / d2d3
 P: (6,3)->(4,3) / d2d4
 P: (6,4)->(5,4) / e2e3
 P: (6,4)->(4,4) / e2e4
 P: (6,5)->(5,5) / f2f3
 P: (6,5)->(4,5) / f2f4
 P: (6,6)->(5,6) / g2g3
 P: (6,6)->(4,6) / g2g4
 P: (6,7)->(5,7) / h2h3
 P: (6,7)->(4,7) / h2h4
Possible moves for piece: N:
 N: (7,1)->(5,2) / b1c3
 N: (7,1)->(5,0) / b1a3
 N: (7,6)->(5,7) / g1h3
 N: (7,6)->(5,5) / g1f3

--------------------------------Info on Attacks---------------------------------------------------
Squares attacked by Black pieces:
(2,0) (2,1) (2,2) (2,3) (2,4) (2,5) (2,6) (2,7) 

-------------------------------Squares controlled by the enemy------------------------------------
* * * * * * * * 
* * * * * * * * 
X X X X X X X X 
* * * * * * * * 
* * * * * * * * 
* * * * * * * * 
* * * * * * * * 
* * * * * * * * 

------------------------------Check Information---------------------------------------------------
White King located at: (7,4)
White King is safe, no check at this position.

------------------------------Special Move Information-------------------------------------------
No en passant allowed right now
------------------------------Castling Rights Information-------------------------------------------
White Kingside Castle:  AVAILABLE
White Queenside Castle: AVAILABLE
Black Kingside Castle:  AVAILABLE
Black Queenside Castle: AVAILABLE
---------------------------------------------------------------------------------------------------

========== CAPTURE EXPLORATION ==========
========================================

========== CHECK EXPLORATION ==========
(no checks found)
======================================
--------------------------------------------------------------------------------------------------
Chosen Move: (7,1) --> (5,2)
 / b1c3

r n b q k b n r 
p p p p p p p p 
* * * * * * * * 
* * * * * * * * 
* * * * * * * * 
* * N * * * * * 
P P P P P P P P 
R * B Q K B N R 

[32;1m[Game] [0mPlayer's error code: 0
[32;1m[Game] [0mChecking move validity...
[32;1m[Board] [0mInitializing board (size: 8)...
[32;1m[Board] [0m32 piece(s) on board.
[32;1m[Board] [0mLoading history file `championship/chessgambit-bbd/history.csv`...
[32;1m[Board] [0mLoaded 0 move(s).
[32;1m[Board] [0mHistory replayed, 32 piece(s) on board.
[32;1m[Board] [0mLoading move file `championship/chessgambit-bbd/move.csv`...
[32;1m[Board] [0mWhite player is playing b1 to c3.
[32;1m[Board] [0m
[32;1m[Board] [0m     a b c d e f g h
[32;1m[Board] [0m   -------------------
[32;1m[Board] [0m 8 ||[30;1mr[0m|[30;1mk[0m|[30;1mb[0m|[30;1mQ[0m|[30;1mK[0m|[30;1mb[0m|[30;1mk[0m|[30;1mr[0m|| 8
[32;1m[Board] [0m   -------------------
[32;1m[Board] [0m 7 ||[30;1mp[0m|[30;1mp[0m|[30;1mp[0m|[30;1mp[0m|[30;1mp[0m|[30;1mp[0m|[30;1mp[0m|[30;1mp[0m|| 7
[32;1m[Board] [0m   -------------------
[32;1m[Board] [0m 6 ||[7;1m [0m| |[7;1m [0m| |[7;1m [0m| |[7;1m [0m| || 6
[32;1m[Board] [0m   -------------------
[32;1m[Board] [0m 5 || |[7;1m [0m| |[7;1m [0m| |[7;1m [0m| |[7;1m [0m|| 5
[32;1m[Board] [0m   -------------------
[32;1m[Board] [0m 4 ||[7;1m [0m| |[7;1m [0m| |[7;1m [0m| |[7;1m [0m| || 4
[32;1m[Board] [0m   -------------------
[32;1m[Board] [0m 3 || |[7;1m [0m|[0;1mk[0m|[7;1m [0m| |[7;1m [0m| |[7;1m [0m|| 3
[32;1m[Board] [0m   -------------------
[32;1m[Board] [0m 2 ||[0;1mp[0m|[0;1mp[0m|[0;1mp[0m|[0;1mp[0m|[0;1mp[0m|[0;1mp[0m|[0;1mp[0m|[0;1mp[0m|| 2
[32;1m[Board] [0m   -------------------
[32;1m[Board] [0m 1 ||[0;1mr[0m|[7;1m [0m|[0;1mb[0m|[0;1mQ[0m|[0;1mK[0m|[0;1mb[0m|[0;1mk[0m|[0;1mr[0m|| 1
[32;1m[Board] [0m   -------------------
[32;1m[Board] [0m     a b c d e f g h
[32;1m[Board] [0m
[32;1m[Referee] [0mThis is the turn of the Black player...
Succesfully loaded network via incbin!
info score -6 depth 1 nodes 29 time 3
-32000 32000 30
info score -73 depth 2 nodes 98 time 3
-32000 32000 30
info score 20 depth 3 nodes 768 time 4
-32000 32000 30
info score -81 depth 4 nodes 2608 time 5
-32000 32000 30
info score -51 depth 5 nodes 3417 time 6
-111 -51 30
info score -39 depth 5 nodes 13354 time 11
-111 -21 60
info score -49 depth 6 nodes 32103 time 24
-69 -9 30
info score -19 depth 7 nodes 88758 time 65
-79 -19 30
info score -18 depth 7 nodes 143030 time 114
-79 11 60
info score -24 depth 8 nodes 279245 time 211
-48 12 30
info score -9 depth 9 nodes 761671 time 538
-54 6 30
info score -31 depth 10 nodes 1814154 time 1296
-39 21 30
info score -1 depth 11 nodes 2594964 time 1902
-61 -1 30
info score 24 depth 11 nodes 6315335 time 4583
-61 29 60
info score -6 depth 12 nodes 10886038 time 8040
-6 54 30
bestmove d7d5
[32;1m[Game] [0mPlayer's error code: 0
[32;1m[Game] [0mChecking move validity...
[32;1m[Board] [0mInitializing board (size: 8)...
[32;1m[Board] [0m32 piece(s) on board.
[32;1m[Board] [0mLoading history file `championship/chessgambit-bbd/history.csv`...
[32;1m[Board] [0mLoaded 1 move(s).
[32;1m[Board] [0mHistory replayed, 32 piece(s) on board.
[32;1m[Board] [0mLoading move file `championship/chessgambit-bbd/move.csv`...
[32;1m[Board] [0mBlack player is playing d7 to d5.
[32;1m[Board] [0m
[32;1m[Board] [0m     a b c d e f g h
[32;1m[Board] [0m   -------------------
[32;1m[Board] [0m 8 ||[30;1mr[0m|[30;1mk[0m|[30;1mb[0m|[30;1mQ[0m|[30;1mK[0m|[30;1mb[0m|[30;1mk[0m|[30;1mr[0m|| 8
[32;1m[Board] [0m   -------------------
[32;1m[Board] [0m 7 ||[30;1mp[0m|[30;1mp[0m|[30;1mp[0m|[7;1m [0m|[30;1mp[0m|[30;1mp[0m|[30;1mp[0m|[30;1mp[0m|| 7
[32;1m[Board] [0m   -------------------
[32;1m[Board] [0m 6 ||[7;1m [0m| |[7;1m [0m| |[7;1m [0m| |[7;1m [0m| || 6
[32;1m[Board] [0m   -------------------
[32;1m[Board] [0m 5 || |[7;1m [0m| |[30;1mp[0m| |[7;1m [0m| |[7;1m [0m|| 5
[32;1m[Board] [0m   -------------------
[32;1m[Board] [0m 4 ||[7;1m [0m| |[7;1m [0m| |[7;1m [0m| |[7;1m [0m| || 4
[32;1m[Board] [0m   -------------------
[32;1m[Board] [0m 3 || |[7;1m [0m|[0;1mk[0m|[7;1m [0m| |[7;1m [0m| |[7;1m [0m|| 3
[32;1m[Board] [0m   -------------------
[32;1m[Board] [0m 2 ||[0;1mp[0m|[0;1mp[0m|[0;1mp[0m|[0;1mp[0m|[0;1mp[0m|[0;1mp[0m|[0;1mp[0m|[0;1mp[0m|| 2
[32;1m[Board] [0m   -------------------
[32;1m[Board] [0m 1 ||[0;1mr[0m|[7;1m [0m|[0;1mb[0m|[0;1mQ[0m|[0;1mK[0m|[0;1mb[0m|[0;1mk[0m|[0;1mr[0m|| 1
[32;1m[Board] [0m   -------------------
[32;1m[Board] [0m     a b c d e f g h
[32;1m[Board] [0m
[32;1m[Referee] [0mThis is the turn of the White player...
Inputed Board
Currently playing: White

------------------------------Current Search Space--------------------------------------------
Possible moves for piece: P:
 P: (6,0)->(5,0) / a2a3
 P: (6,0)->(4,0) / a2a4
 P: (6,1)->(5,1) / b2b3
 P: (6,1)->(4,1) / b2b4
 P: (6,3)->(5,3) / d2d3
 P: (6,3)->(4,3) / d2d4
 P: (6,4)->(5,4) / e2e3
 P: (6,4)->(4,4) / e2e4
 P: (6,5)->(5,5) / f2f3
 P: (6,5)->(4,5) / f2f4
 P: (6,6)->(5,6) / g2g3
 P: (6,6)->(4,6) / g2g4
 P: (6,7)->(5,7) / h2h3
 P: (6,7)->(4,7) / h2h4
Possible moves for piece: R:
 R: (7,0)->(7,1) / a1b1
Possible moves for piece: N:
 N: (5,2)->(7,1) / c3b1
 N: (5,2)->(3,3) / c3d5
 N: (5,2)->(3,1) / c3b5
 N: (5,2)->(4,4) / c3e4
 N: (5,2)->(4,0) / c3a4
 N: (7,6)->(5,7) / g1h3
 N: (7,6)->(5,5) / g1f3

------------------------------Filtered Search Space--------------------------------------------
Possible moves for piece: P:
 P: (6,0)->(5,0) / a2a3
 P: (6,0)->(4,0) / a2a4
 P: (6,1)->(5,1) / b2b3
 P: (6,1)->(4,1) / b2b4
 P: (6,3)->(5,3) / d2d3
 P: (6,3)->(4,3) / d2d4
 P: (6,4)->(5,4) / e2e3
 P: (6,4)->(4,4) / e2e4
 P: (6,5)->(5,5) / f2f3
 P: (6,5)->(4,5) / f2f4
 P: (6,6)->(5,6) / g2g3
 P: (6,6)->(4,6) / g2g4
 P: (6,7)->(5,7) / h2h3
 P: (6,7)->(4,7) / h2h4
Possible moves for piece: R:
 R: (7,0)->(7,1) / a1b1
Possible moves for piece: N:
 N: (5,2)->(7,1) / c3b1
 N: (5,2)->(3,3) / c3d5
 N: (5,2)->(3,1) / c3b5
 N: (5,2)->(4,4) / c3e4
 N: (5,2)->(4,0) / c3a4
 N: (7,6)->(5,7) / g1h3
 N: (7,6)->(5,5) / g1f3

--------------------------------Info on Attacks---------------------------------------------------
Squares attacked by Black pieces:
(1,3) (2,0) (2,1) (2,2) (2,3) (2,4) (2,5) (2,6) (2,7) (3,5) (4,2) (4,4) (4,6) (5,7) 

-------------------------------Squares controlled by the enemy------------------------------------
* * * * * * * * 
* * * X * * * * 
X X X X X X X X 
* * * * * X * * 
* * X * X * X * 
* * * * * * * X 
* * * * * * * * 
* * * * * * * * 

------------------------------Check Information---------------------------------------------------
White King located at: (7,4)
White King is safe, no check at this position.

------------------------------Special Move Information-------------------------------------------
No en passant allowed right now
------------------------------Castling Rights Information-------------------------------------------
White Kingside Castle:  AVAILABLE
White Queenside Castle: AVAILABLE
Black Kingside Castle:  AVAILABLE
Black Queenside Castle: AVAILABLE
---------------------------------------------------------------------------------------------------

========== CAPTURE EXPLORATION ==========
[0] N x p | Potential loss: NO | Score: 100
========================================

========== CHECK EXPLORATION ==========
(no checks found)
======================================
--------------------------------------------------------------------------------------------------
Chosen Move: (6,3) --> (4,3)
 / d2d4

r n b q k b n r 
p p p * p p p p 
* * * * * * * * 
* * * p * * * * 
* * * P * * * * 
* * N * * * * * 
P P P * P P P P 
R * B Q K B N R 

[32;1m[Game] [0mPlayer's error code: 0
[32;1m[Game] [0mChecking move validity...
[32;1m[Board] [0mInitializing board (size: 8)...
[32;1m[Board] [0m32 piece(s) on board.
[32;1m[Board] [0mLoading history file `championship/chessgambit-bbd/history.csv`...
[32;1m[Board] [0mLoaded 2 move(s).
[32;1m[Board] [0mHistory replayed, 32 piece(s) on board.
[32;1m[Board] [0mLoading move file `championship/chessgambit-bbd/move.csv`...
[32;1m[Board] [0mWhite player is playing d2 to d4.
[32;1m[Board] [0m
[32;1m[Board] [0m     a b c d e f g h
[32;1m[Board] [0m   -------------------
[32;1m[Board] [0m 8 ||[30;1mr[0m|[30;1mk[0m|[30;1mb[0m|[30;1mQ[0m|[30;1mK[0m|[30;1mb[0m|[30;1mk[0m|[30;1mr[0m|| 8
[32;1m[Board] [0m   -------------------
[32;1m[Board] [0m 7 ||[30;1mp[0m|[30;1mp[0m|[30;1mp[0m|[7;1m [0m|[30;1mp[0m|[30;1mp[0m|[30;1mp[0m|[30;1mp[0m|| 7
[32;1m[Board] [0m   -------------------
[32;1m[Board] [0m 6 ||[7;1m [0m| |[7;1m [0m| |[7;1m [0m| |[7;1m [0m| || 6
[32;1m[Board] [0m   -------------------
[32;1m[Board] [0m 5 || |[7;1m [0m| |[30;1mp[0m| |[7;1m [0m| |[7;1m [0m|| 5
[32;1m[Board] [0m   -------------------
[32;1m[Board] [0m 4 ||[7;1m [0m| |[7;1m [0m|[0;1mp[0m|[7;1m [0m| |[7;1m [0m| || 4
[32;1m[Board] [0m   -------------------
[32;1m[Board] [0m 3 || |[7;1m [0m|[0;1mk[0m|[7;1m [0m| |[7;1m [0m| |[7;1m [0m|| 3
[32;1m[Board] [0m   -------------------
[32;1m[Board] [0m 2 ||[0;1mp[0m|[0;1mp[0m|[0;1mp[0m| |[0;1mp[0m|[0;1mp[0m|[0;1mp[0m|[0;1mp[0m|| 2
[32;1m[Board] [0m   -------------------
[32;1m[Board] [0m 1 ||[0;1mr[0m|[7;1m [0m|[0;1mb[0m|[0;1mQ[0m|[0;1mK[0m|[0;1mb[0m|[0;1mk[0m|[0;1mr[0m|| 1
[32;1m[Board] [0m   -------------------
[32;1m[Board] [0m     a b c d e f g h
[32;1m[Board] [0m
[32;1m[Referee] [0mThis is the turn of the Black player...
Succesfully loaded network via incbin!
info score 27 depth 1 nodes 44 time 3
-32000 32000 30
info score -81 depth 2 nodes 199 time 3
-32000 32000 30
info score -39 depth 3 nodes 1629 time 4
-32000 32000 30
info score -49 depth 4 nodes 4805 time 6
-32000 32000 30
info score -26 depth 5 nodes 21574 time 17
-79 -19 30
info score -24 depth 6 nodes 42690 time 32
-56 4 30
info score -9 depth 7 nodes 146798 time 102
-54 6 30
info score -31 depth 8 nodes 392629 time 272
-39 21 30
info score -1 depth 9 nodes 581722 time 423
-61 -1 30
info score 24 depth 9 nodes 1246094 time 894
-61 29 60
info score -6 depth 10 nodes 3120318 time 2308
-6 54 30
info score -7 depth 10 nodes 3935081 time 2880
-36 54 60
info score 23 depth 11 nodes 5861105 time 4417
-37 23 30
info score 23 depth 11 nodes 9727904 time 7293
-37 53 60
bestmove g8f6
[32;1m[Game] [0mPlayer's error code: 0
[32;1m[Game] [0mChecking move validity...
[32;1m[Board] [0mInitializing board (size: 8)...
[32;1m[Board] [0m32 piece(s) on board.
[32;1m[Board] [0mLoading history file `championship/chessgambit-bbd/history.csv`...
[32;1m[Board] [0mLoaded 3 move(s).
[32;1m[Board] [0mHistory replayed, 32 piece(s) on board.
[32;1m[Board] [0mLoading move file `championship/chessgambit-bbd/move.csv`...
[32;1m[Board] [0mBlack player is playing g8 to f6.
[32;1m[Board] [0m
[32;1m[Board] [0m     a b c d e f g h
[32;1m[Board] [0m   -------------------
[32;1m[Board] [0m 8 ||[30;1mr[0m|[30;1mk[0m|[30;1mb[0m|[30;1mQ[0m|[30;1mK[0m|[30;1mb[0m|[7;1m [0m|[30;1mr[0m|| 8
[32;1m[Board] [0m   -------------------
[32;1m[Board] [0m 7 ||[30;1mp[0m|[30;1mp[0m|[30;1mp[0m|[7;1m [0m|[30;1mp[0m|[30;1mp[0m|[30;1mp[0m|[30;1mp[0m|| 7
[32;1m[Board] [0m   -------------------
[32;1m[Board] [0m 6 ||[7;1m [0m| |[7;1m [0m| |[7;1m [0m|[30;1mk[0m|[7;1m [0m| || 6
[32;1m[Board] [0m   -------------------
[32;1m[Board] [0m 5 || |[7;1m [0m| |[30;1mp[0m| |[7;1m [0m| |[7;1m [0m|| 5
[32;1m[Board] [0m   -------------------
[32;1m[Board] [0m 4 ||[7;1m [0m| |[7;1m [0m|[0;1mp[0m|[7;1m [0m| |[7;1m [0m| || 4
[32;1m[Board] [0m   -------------------
[32;1m[Board] [0m 3 || |[7;1m [0m|[0;1mk[0m|[7;1m [0m| |[7;1m [0m| |[7;1m [0m|| 3
[32;1m[Board] [0m   -------------------
[32;1m[Board] [0m 2 ||[0;1mp[0m|[0;1mp[0m|[0;1mp[0m| |[0;1mp[0m|[0;1mp[0m|[0;1mp[0m|[0;1mp[0m|| 2
[32;1m[Board] [0m   -------------------
[32;1m[Board] [0m 1 ||[0;1mr[0m|[7;1m [0m|[0;1mb[0m|[0;1mQ[0m|[0;1mK[0m|[0;1mb[0m|[0;1mk[0m|[0;1mr[0m|| 1
[32;1m[Board] [0m   -------------------
[32;1m[Board] [0m     a b c d e f g h
[32;1m[Board] [0m
[32;1m[Referee] [0mThis is the turn of the White player...
Inputed Board
Currently playing: White

------------------------------Current Search Space--------------------------------------------
Possible moves for piece: P:
 P: (6,0)->(5,0) / a2a3
 P: (6,0)->(4,0) / a2a4
 P: (6,1)->(5,1) / b2b3
 P: (6,1)->(4,1) / b2b4
 P: (6,4)->(5,4) / e2e3
 P: (6,4)->(4,4) / e2e4
 P: (6,5)->(5,5) / f2f3
 P: (6,5)->(4,5) / f2f4
 P: (6,6)->(5,6) / g2g3
 P: (6,6)->(4,6) / g2g4
 P: (6,7)->(5,7) / h2h3
 P: (6,7)->(4,7) / h2h4
Possible moves for piece: R:
 R: (7,0)->(7,1) / a1b1
Possible moves for piece: N:
 N: (5,2)->(7,1) / c3b1
 N: (5,2)->(3,3) / c3d5
 N: (5,2)->(3,1) / c3b5
 N: (5,2)->(4,4) / c3e4
 N: (5,2)->(4,0) / c3a4
 N: (7,6)->(5,7) / g1h3
 N: (7,6)->(5,5) / g1f3
Possible moves for piece: B:
 B: (7,2)->(6,3) / c1d2
 B: (7,2)->(5,4) / c1e3
 B: (7,2)->(4,5) / c1f4
 B: (7,2)->(3,6) / c1g5
 B: (7,2)->(2,7) / c1h6
Possible moves for piece: Q:
 Q: (7,3)->(6,3) / d1d2
 Q: (7,3)->(5,3) / d1d3
Possible moves for piece: K:
 K: (7,4)->(6,3) / e1d2

------------------------------Filtered Search Space--------------------------------------------
Possible moves for piece: P:
 P: (6,0)->(5,0) / a2a3
 P: (6,0)->(4,0) / a2a4
 P: (6,1)->(5,1) / b2b3
 P: (6,1)->(4,1) / b2b4
 P: (6,4)->(5,4) / e2e3
 P: (6,4)->(4,4) / e2e4
 P: (6,5)->(5,5) / f2f3
 P: (6,5)->(4,5) / f2f4
 P: (6,6)->(5,6) / g2g3
 P: (6,6)->(4,6) / g2g4
 P: (6,7)->(5,7) / h2h3
 P: (6,7)->(4,7) / h2h4
Possible moves for piece: R:
 R: (7,0)->(7,1) / a1b1
Possible moves for piece: N:
 N: (5,2)->(7,1) / c3b1
 N: (5,2)->(3,3) / c3d5
 N: (5,2)->(3,1) / c3b5
 N: (5,2)->(4,4) / c3e4
 N: (5,2)->(4,0) / c3a4
 N: (7,6)->(5,7) / g1h3
 N: (7,6)->(5,5) / g1f3
Possible moves for piece: B:
 B: (7,2)->(6,3) / c1d2
 B: (7,2)->(5,4) / c1e3
 B: (7,2)->(4,5) / c1f4
 B: (7,2)->(3,6) / c1g5
 B: (7,2)->(2,7) / c1h6
Possible moves for piece: Q:
 Q: (7,3)->(6,3) / d1d2
 Q: (7,3)->(5,3) / d1d3
Possible moves for piece: K:
 K: (7,4)->(6,3) / e1d2

--------------------------------Info on Attacks---------------------------------------------------
Squares attacked by Black pieces:
(0,6) (1,3) (2,0) (2,1) (2,2) (2,3) (2,4) (2,6) (2,7) (3,5) (3,7) (4,2) (4,4) (4,6) (5,7) 

-------------------------------Squares controlled by the enemy------------------------------------
* * * * * * X * 
* * * X * * * * 
X X X X X * X X 
* * * * * X * X 
* * X * X * X * 
* * * * * * * X 
* * * * * * * * 
* * * * * * * * 

------------------------------Check Information---------------------------------------------------
White King located at: (7,4)
White King is safe, no check at this position.

------------------------------Special Move Information-------------------------------------------
No en passant allowed right now
------------------------------Castling Rights Information-------------------------------------------
White Kingside Castle:  AVAILABLE
White Queenside Castle: AVAILABLE
Black Kingside Castle:  AVAILABLE
Black Queenside Castle: AVAILABLE
---------------------------------------------------------------------------------------------------

========== CAPTURE EXPLORATION ==========
[0] N x p | Potential loss: NO | Score: 100
========================================

========== CHECK EXPLORATION ==========
(no checks found)
======================================
--------------------------------------------------------------------------------------------------
Chosen Move: (5,2) --> (3,3)
 / c3d5

r n b q k b * r 
p p p * p p p p 
* * * * * n * * 
* * * N * * * * 
* * * P * * * * 
* * * * * * * * 
P P P * P P P P 
R * B Q K B N R 

Code timed out used determine move
[32;1m[Game] [0mPlayer's error code: 0
[32;1m[Game] [0mChecking move validity...
[32;1m[Board] [0mInitializing board (size: 8)...
[32;1m[Board] [0m32 piece(s) on board.
[32;1m[Board] [0mLoading history file `championship/chessgambit-bbd/history.csv`...
[32;1m[Board] [0mLoaded 4 move(s).
[32;1m[Board] [0mHistory replayed, 32 piece(s) on board.
[32;1m[Board] [0mLoading move file `championship/chessgambit-bbd/move.csv`...
[32;1m[Board] [0mWhite player is playing c3 to d5.
[32;1m[Board] [0m[5;1mWhite Knight is taking Black Pawn.[0m
[32;1m[Board] [0m
[32;1m[Board] [0m     a b c d e f g h
[32;1m[Board] [0m   -------------------
[32;1m[Board] [0m 8 ||[30;1mr[0m|[30;1mk[0m|[30;1mb[0m|[30;1mQ[0m|[30;1mK[0m|[30;1mb[0m|[7;1m [0m|[30;1mr[0m|| 8
[32;1m[Board] [0m   -------------------
[32;1m[Board] [0m 7 ||[30;1mp[0m|[30;1mp[0m|[30;1mp[0m|[7;1m [0m|[30;1mp[0m|[30;1mp[0m|[30;1mp[0m|[30;1mp[0m|| 7
[32;1m[Board] [0m   -------------------
[32;1m[Board] [0m 6 ||[7;1m [0m| |[7;1m [0m| |[7;1m [0m|[30;1mk[0m|[7;1m [0m| || 6
[32;1m[Board] [0m   -------------------
[32;1m[Board] [0m 5 || |[7;1m [0m| |[0;1mk[0m| |[7;1m [0m| |[7;1m [0m|| 5
[32;1m[Board] [0m   -------------------
[32;1m[Board] [0m 4 ||[7;1m [0m| |[7;1m [0m|[0;1mp[0m|[7;1m [0m| |[7;1m [0m| || 4
[32;1m[Board] [0m   -------------------
[32;1m[Board] [0m 3 || |[7;1m [0m| |[7;1m [0m| |[7;1m [0m| |[7;1m [0m|| 3
[32;1m[Board] [0m   -------------------
[32;1m[Board] [0m 2 ||[0;1mp[0m|[0;1mp[0m|[0;1mp[0m| |[0;1mp[0m|[0;1mp[0m|[0;1mp[0m|[0;1mp[0m|| 2
[32;1m[Board] [0m   -------------------
[32;1m[Board] [0m 1 ||[0;1mr[0m|[7;1m [0m|[0;1mb[0m|[0;1mQ[0m|[0;1mK[0m|[0;1mb[0m|[0;1mk[0m|[0;1mr[0m|| 1
[32;1m[Board] [0m   -------------------
[32;1m[Board] [0m     a b c d e f g h
[32;1m[Board] [0m
[32;1m[Referee] [0mThis is the turn of the Black player...
Succesfully loaded network via incbin!
info score 1030 depth 1 nodes 33 time 3
-32000 32000 30
info score 1025 depth 2 nodes 119 time 3
-32000 32000 30
info score 1039 depth 3 nodes 575 time 3
-32000 32000 30
info score 1016 depth 4 nodes 2307 time 4
-32000 32000 30
info score 1024 depth 5 nodes 9171 time 9
986 1046 30
info score 994 depth 6 nodes 16114 time 15
994 1054 30
info score 969 depth 6 nodes 29970 time 24
964 1054 60
info score 972 depth 7 nodes 112912 time 87
939 999 30
info score 947 depth 8 nodes 534683 time 434
942 1002 30
info score 977 depth 9 nodes 698924 time 572
917 977 30
info score 1007 depth 9 nodes 1254086 time 967
917 1007 60
info score 1031 depth 9 nodes 2328562 time 1724
917 1067 120
info score 1001 depth 10 nodes 4791753 time 3721
1001 1061 30
info score 971 depth 10 nodes 5773085 time 4532
971 1061 60
info score 947 depth 10 nodes 8505683 time 6784
911 1061 120
info score 977 depth 11 nodes 9997222 time 7951
917 977 30
bestmove d8d5
[32;1m[Game] [0mPlayer's error code: 0
[32;1m[Game] [0mChecking move validity...
[32;1m[Board] [0mInitializing board (size: 8)...
[32;1m[Board] [0m32 piece(s) on board.
[32;1m[Board] [0mLoading history file `championship/chessgambit-bbd/history.csv`...
[32;1m[Board] [0mLoaded 5 move(s).
[32;1m[Board] [0mHistory replayed, 31 piece(s) on board.
[32;1m[Board] [0mLoading move file `championship/chessgambit-bbd/move.csv`...
[32;1m[Board] [0mBlack player is playing d8 to d5.
[32;1m[Board] [0m[5;1mBlack Queen is taking White Knight.[0m
[32;1m[Board] [0m
[32;1m[Board] [0m     a b c d e f g h
[32;1m[Board] [0m   -------------------
[32;1m[Board] [0m 8 ||[30;1mr[0m|[30;1mk[0m|[30;1mb[0m| |[30;1mK[0m|[30;1mb[0m|[7;1m [0m|[30;1mr[0m|| 8
[32;1m[Board] [0m   -------------------
[32;1m[Board] [0m 7 ||[30;1mp[0m|[30;1mp[0m|[30;1mp[0m|[7;1m [0m|[30;1mp[0m|[30;1mp[0m|[30;1mp[0m|[30;1mp[0m|| 7
[32;1m[Board] [0m   -------------------
[32;1m[Board] [0m 6 ||[7;1m [0m| |[7;1m [0m| |[7;1m [0m|[30;1mk[0m|[7;1m [0m| || 6
[32;1m[Board] [0m   -------------------
[32;1m[Board] [0m 5 || |[7;1m [0m| |[30;1mQ[0m| |[7;1m [0m| |[7;1m [0m|| 5
[32;1m[Board] [0m   -------------------
[32;1m[Board] [0m 4 ||[7;1m [0m| |[7;1m [0m|[0;1mp[0m|[7;1m [0m| |[7;1m [0m| || 4
[32;1m[Board] [0m   -------------------
[32;1m[Board] [0m 3 || |[7;1m [0m| |[7;1m [0m| |[7;1m [0m| |[7;1m [0m|| 3
[32;1m[Board] [0m   -------------------
[32;1m[Board] [0m 2 ||[0;1mp[0m|[0;1mp[0m|[0;1mp[0m| |[0;1mp[0m|[0;1mp[0m|[0;1mp[0m|[0;1mp[0m|| 2
[32;1m[Board] [0m   -------------------
[32;1m[Board] [0m 1 ||[0;1mr[0m|[7;1m [0m|[0;1mb[0m|[0;1mQ[0m|[0;1mK[0m|[0;1mb[0m|[0;1mk[0m|[0;1mr[0m|| 1
[32;1m[Board] [0m   -------------------
[32;1m[Board] [0m     a b c d e f g h
[32;1m[Board] [0m
[32;1m[Referee] [0mThis is the turn of the White player...
Inputed Board
Currently playing: White

------------------------------Current Search Space--------------------------------------------
Possible moves for piece: P:
 P: (6,0)->(5,0) / a2a3
 P: (6,0)->(4,0) / a2a4
 P: (6,1)->(5,1) / b2b3
 P: (6,1)->(4,1) / b2b4
 P: (6,2)->(5,2) / c2c3
 P: (6,2)->(4,2) / c2c4
 P: (6,4)->(5,4) / e2e3
 P: (6,4)->(4,4) / e2e4
 P: (6,5)->(5,5) / f2f3
 P: (6,5)->(4,5) / f2f4
 P: (6,6)->(5,6) / g2g3
 P: (6,6)->(4,6) / g2g4
 P: (6,7)->(5,7) / h2h3
 P: (6,7)->(4,7) / h2h4
Possible moves for piece: R:
 R: (7,0)->(7,1) / a1b1
Possible moves for piece: N:
 N: (7,6)->(5,7) / g1h3
 N: (7,6)->(5,5) / g1f3
Possible moves for piece: B:
 B: (7,2)->(6,3) / c1d2
 B: (7,2)->(5,4) / c1e3
 B: (7,2)->(4,5) / c1f4
 B: (7,2)->(3,6) / c1g5
 B: (7,2)->(2,7) / c1h6
Possible moves for piece: Q:
 Q: (7,3)->(6,3) / d1d2
 Q: (7,3)->(5,3) / d1d3
Possible moves for piece: K:
 K: (7,4)->(6,3) / e1d2

------------------------------Filtered Search Space--------------------------------------------
Possible moves for piece: P:
 P: (6,0)->(5,0) / a2a3
 P: (6,0)->(4,0) / a2a4
 P: (6,1)->(5,1) / b2b3
 P: (6,1)->(4,1) / b2b4
 P: (6,2)->(5,2) / c2c3
 P: (6,2)->(4,2) / c2c4
 P: (6,4)->(5,4) / e2e3
 P: (6,4)->(4,4) / e2e4
 P: (6,5)->(5,5) / f2f3
 P: (6,5)->(4,5) / f2f4
 P: (6,6)->(5,6) / g2g3
 P: (6,6)->(4,6) / g2g4
 P: (6,7)->(5,7) / h2h3
 P: (6,7)->(4,7) / h2h4
Possible moves for piece: R:
 R: (7,0)->(7,1) / a1b1
Possible moves for piece: N:
 N: (7,6)->(5,7) / g1h3
 N: (7,6)->(5,5) / g1f3
Possible moves for piece: B:
 B: (7,2)->(6,3) / c1d2
 B: (7,2)->(5,4) / c1e3
 B: (7,2)->(4,5) / c1f4
 B: (7,2)->(3,6) / c1g5
 B: (7,2)->(2,7) / c1h6
Possible moves for piece: Q:
 Q: (7,3)->(6,3) / d1d2
 Q: (7,3)->(5,3) / d1d3
Possible moves for piece: K:
 K: (7,4)->(6,3) / e1d2

--------------------------------Info on Attacks---------------------------------------------------
Squares attacked by Black pieces:
(0,3) (0,6) (1,3) (2,0) (2,1) (2,2) (2,3) (2,4) (2,6) (2,7) (3,0) (3,1) (3,2) (3,4) (3,5) (3,6) (3,7) (4,2) (4,3) (4,4) (4,6) (5,1) (5,5) (5,7) (6,0) (6,6) 

-------------------------------Squares controlled by the enemy------------------------------------
* * * X * * X * 
* * * X * * * * 
X X X X X * X X 
X X X * X X X X 
* * X X X * X * 
* X * * * X * X 
X * * * * * X * 
* * * * * * * * 

------------------------------Check Information---------------------------------------------------
White King located at: (7,4)
White King is safe, no check at this position.

------------------------------Special Move Information-------------------------------------------
No en passant allowed right now
------------------------------Castling Rights Information-------------------------------------------
White Kingside Castle:  AVAILABLE
White Queenside Castle: AVAILABLE
Black Kingside Castle:  AVAILABLE
Black Queenside Castle: AVAILABLE
---------------------------------------------------------------------------------------------------

========== CAPTURE EXPLORATION ==========
========================================

========== CHECK EXPLORATION ==========
(no checks found)
======================================
--------------------------------------------------------------------------------------------------
Chosen Move: (6,0) --> (5,0)
 / a2a3

r n b * k b * r 
p p p * p p p p 
* * * * * n * * 
* * * q * * * * 
* * * P * * * * 
P * * * * * * * 
* P P * P P P P 
R * B Q K B N R 

Code timed out used determine move
[32;1m[Game] [0mPlayer's error code: 0
[32;1m[Game] [0mChecking move validity...
[32;1m[Board] [0mInitializing board (size: 8)...
[32;1m[Board] [0m32 piece(s) on board.
[32;1m[Board] [0mLoading history file `championship/chessgambit-bbd/history.csv`...
[32;1m[Board] [0mLoaded 6 move(s).
[32;1m[Board] [0mHistory replayed, 30 piece(s) on board.
[32;1m[Board] [0mLoading move file `championship/chessgambit-bbd/move.csv`...
[32;1m[Board] [0mWhite player is playing a2 to a3.
[32;1m[Board] [0m
[32;1m[Board] [0m     a b c d e f g h
[32;1m[Board] [0m   -------------------
[32;1m[Board] [0m 8 ||[30;1mr[0m|[30;1mk[0m|[30;1mb[0m| |[30;1mK[0m|[30;1mb[0m|[7;1m [0m|[30;1mr[0m|| 8
[32;1m[Board] [0m   -------------------
[32;1m[Board] [0m 7 ||[30;1mp[0m|[30;1mp[0m|[30;1mp[0m|[7;1m [0m|[30;1mp[0m|[30;1mp[0m|[30;1mp[0m|[30;1mp[0m|| 7
[32;1m[Board] [0m   -------------------
[32;1m[Board] [0m 6 ||[7;1m [0m| |[7;1m [0m| |[7;1m [0m|[30;1mk[0m|[7;1m [0m| || 6
[32;1m[Board] [0m   -------------------
[32;1m[Board] [0m 5 || |[7;1m [0m| |[30;1mQ[0m| |[7;1m [0m| |[7;1m [0m|| 5
[32;1m[Board] [0m   -------------------
[32;1m[Board] [0m 4 ||[7;1m [0m| |[7;1m [0m|[0;1mp[0m|[7;1m [0m| |[7;1m [0m| || 4
[32;1m[Board] [0m   -------------------
[32;1m[Board] [0m 3 ||[0;1mp[0m|[7;1m [0m| |[7;1m [0m| |[7;1m [0m| |[7;1m [0m|| 3
[32;1m[Board] [0m   -------------------
[32;1m[Board] [0m 2 ||[7;1m [0m|[0;1mp[0m|[0;1mp[0m| |[0;1mp[0m|[0;1mp[0m|[0;1mp[0m|[0;1mp[0m|| 2
[32;1m[Board] [0m   -------------------
[32;1m[Board] [0m 1 ||[0;1mr[0m|[7;1m [0m|[0;1mb[0m|[0;1mQ[0m|[0;1mK[0m|[0;1mb[0m|[0;1mk[0m|[0;1mr[0m|| 1
[32;1m[Board] [0m   -------------------
[32;1m[Board] [0m     a b c d e f g h
[32;1m[Board] [0m
[32;1m[Referee] [0mThis is the turn of the Black player...
Succesfully loaded network via incbin!
info score 1099 depth 1 nodes 70 time 3
-32000 32000 30
info score 1082 depth 2 nodes 406 time 3
-32000 32000 30
info score 1091 depth 3 nodes 3201 time 5
-32000 32000 30
info score 1072 depth 4 nodes 10155 time 11
-32000 32000 30
info score 1087 depth 5 nodes 50240 time 35
1042 1102 30
info score 1057 depth 6 nodes 107810 time 84
1057 1117 30
info score 1027 depth 6 nodes 182885 time 147
1027 1117 60
info score 1018 depth 6 nodes 267788 time 218
967 1117 120
info score 1048 depth 7 nodes 307579 time 248
988 1048 30
info score 1073 depth 7 nodes 831004 time 605
988 1078 60
info score 1103 depth 8 nodes 902190 time 663
1043 1103 30
info score 1117 depth 8 nodes 1098864 time 820
1043 1133 60
info score 1109 depth 9 nodes 2813027 time 2028
1087 1147 30
info score 1093 depth 10 nodes 5144470 time 4079
1079 1139 30
bestmove e7e5
[32;1m[Game] [0mPlayer's error code: 0
[32;1m[Game] [0mChecking move validity...
[32;1m[Board] [0mInitializing board (size: 8)...
[32;1m[Board] [0m32 piece(s) on board.
[32;1m[Board] [0mLoading history file `championship/chessgambit-bbd/history.csv`...
[32;1m[Board] [0mLoaded 7 move(s).
[32;1m[Board] [0mHistory replayed, 30 piece(s) on board.
[32;1m[Board] [0mLoading move file `championship/chessgambit-bbd/move.csv`...
[32;1m[Board] [0mBlack player is playing e7 to e5.
[32;1m[Board] [0m
[32;1m[Board] [0m     a b c d e f g h
[32;1m[Board] [0m   -------------------
[32;1m[Board] [0m 8 ||[30;1mr[0m|[30;1mk[0m|[30;1mb[0m| |[30;1mK[0m|[30;1mb[0m|[7;1m [0m|[30;1mr[0m|| 8
[32;1m[Board] [0m   -------------------
[32;1m[Board] [0m 7 ||[30;1mp[0m|[30;1mp[0m|[30;1mp[0m|[7;1m [0m| |[30;1mp[0m|[30;1mp[0m|[30;1mp[0m|| 7
[32;1m[Board] [0m   -------------------
[32;1m[Board] [0m 6 ||[7;1m [0m| |[7;1m [0m| |[7;1m [0m|[30;1mk[0m|[7;1m [0m| || 6
[32;1m[Board] [0m   -------------------
[32;1m[Board] [0m 5 || |[7;1m [0m| |[30;1mQ[0m|[30;1mp[0m|[7;1m [0m| |[7;1m [0m|| 5
[32;1m[Board] [0m   -------------------
[32;1m[Board] [0m 4 ||[7;1m [0m| |[7;1m [0m|[0;1mp[0m|[7;1m [0m| |[7;1m [0m| || 4
[32;1m[Board] [0m   -------------------
[32;1m[Board] [0m 3 ||[0;1mp[0m|[7;1m [0m| |[7;1m [0m| |[7;1m [0m| |[7;1m [0m|| 3
[32;1m[Board] [0m   -------------------
[32;1m[Board] [0m 2 ||[7;1m [0m|[0;1mp[0m|[0;1mp[0m| |[0;1mp[0m|[0;1mp[0m|[0;1mp[0m|[0;1mp[0m|| 2
[32;1m[Board] [0m   -------------------
[32;1m[Board] [0m 1 ||[0;1mr[0m|[7;1m [0m|[0;1mb[0m|[0;1mQ[0m|[0;1mK[0m|[0;1mb[0m|[0;1mk[0m|[0;1mr[0m|| 1
[32;1m[Board] [0m   -------------------
[32;1m[Board] [0m     a b c d e f g h
[32;1m[Board] [0m
[32;1m[Referee] [0mThis is the turn of the White player...
Inputed Board
Currently playing: White

------------------------------Current Search Space--------------------------------------------
Possible moves for piece: P:
 P: (4,3)->(3,4) / d4e5
 P: (5,0)->(4,0) / a3a4
 P: (6,1)->(5,1) / b2b3
 P: (6,1)->(4,1) / b2b4
 P: (6,2)->(5,2) / c2c3
 P: (6,2)->(4,2) / c2c4
 P: (6,4)->(5,4) / e2e3
 P: (6,4)->(4,4) / e2e4
 P: (6,5)->(5,5) / f2f3
 P: (6,5)->(4,5) / f2f4
 P: (6,6)->(5,6) / g2g3
 P: (6,6)->(4,6) / g2g4
 P: (6,7)->(5,7) / h2h3
 P: (6,7)->(4,7) / h2h4
Possible moves for piece: R:
 R: (7,0)->(6,0) / a1a2
 R: (7,0)->(7,1) / a1b1
Possible moves for piece: N:
 N: (7,6)->(5,7) / g1h3
 N: (7,6)->(5,5) / g1f3
Possible moves for piece: B:
 B: (7,2)->(6,3) / c1d2
 B: (7,2)->(5,4) / c1e3
 B: (7,2)->(4,5) / c1f4
 B: (7,2)->(3,6) / c1g5
 B: (7,2)->(2,7) / c1h6
Possible moves for piece: Q:
 Q: (7,3)->(6,3) / d1d2
 Q: (7,3)->(5,3) / d1d3
Possible moves for piece: K:
 K: (7,4)->(6,3) / e1d2

------------------------------Filtered Search Space--------------------------------------------
Possible moves for piece: P:
 P: (4,3)->(3,4) / d4e5
 P: (5,0)->(4,0) / a3a4
 P: (6,1)->(5,1) / b2b3
 P: (6,1)->(4,1) / b2b4
 P: (6,2)->(5,2) / c2c3
 P: (6,2)->(4,2) / c2c4
 P: (6,4)->(5,4) / e2e3
 P: (6,4)->(4,4) / e2e4
 P: (6,5)->(5,5) / f2f3
 P: (6,5)->(4,5) / f2f4
 P: (6,6)->(5,6) / g2g3
 P: (6,6)->(4,6) / g2g4
 P: (6,7)->(5,7) / h2h3
 P: (6,7)->(4,7) / h2h4
Possible moves for piece: R:
 R: (7,0)->(6,0) / a1a2
 R: (7,0)->(7,1) / a1b1
Possible moves for piece: N:
 N: (7,6)->(5,7) / g1h3
 N: (7,6)->(5,5) / g1f3
Possible moves for piece: B:
 B: (7,2)->(6,3) / c1d2
 B: (7,2)->(5,4) / c1e3
 B: (7,2)->(4,5) / c1f4
 B: (7,2)->(3,6) / c1g5
 B: (7,2)->(2,7) / c1h6
Possible moves for piece: Q:
 Q: (7,3)->(6,3) / d1d2
 Q: (7,3)->(5,3) / d1d3
Possible moves for piece: K:
 K: (7,4)->(6,3) / e1d2

--------------------------------Info on Attacks---------------------------------------------------
Squares attacked by Black pieces:
(0,3) (0,6) (1,3) (1,4) (2,0) (2,1) (2,2) (2,3) (2,4) (2,6) (2,7) (3,0) (3,1) (3,2) (3,5) (3,7) (4,1) (4,2) (4,3) (4,4) (4,5) (4,6) (5,0) (5,1) (5,5) (5,7) (6,0) (6,6) 

-------------------------------Squares controlled by the enemy------------------------------------
* * * X * * X * 
* * * X X * * * 
X X X X X * X X 
X X X * * X * X 
* X X X X X X * 
X X * * * X * X 
X * * * * * X * 
* * * * * * * * 

------------------------------Check Information---------------------------------------------------
White King located at: (7,4)
White King is safe, no check at this position.

------------------------------Special Move Information-------------------------------------------
No en passant allowed right now
------------------------------Castling Rights Information-------------------------------------------
White Kingside Castle:  AVAILABLE
White Queenside Castle: AVAILABLE
Black Kingside Castle:  AVAILABLE
Black Queenside Castle: AVAILABLE
---------------------------------------------------------------------------------------------------

========== CAPTURE EXPLORATION ==========
[0] P x p | Potential loss: NO | Score: 100
========================================

========== CHECK EXPLORATION ==========
(no checks found)
======================================
--------------------------------------------------------------------------------------------------
Chosen Move: (4,3) --> (3,4)
 / d4e5

r n b * k b * r 
p p p * * p p p 
* * * * * n * * 
* * * q P * * * 
* * * * * * * * 
P * * * * * * * 
* P P * P P P P 
R * B Q K B N R 

Code timed out used determine move
[32;1m[Game] [0mPlayer's error code: 0
[32;1m[Game] [0mChecking move validity...
[32;1m[Board] [0mInitializing board (size: 8)...
[32;1m[Board] [0m32 piece(s) on board.
[32;1m[Board] [0mLoading history file `championship/chessgambit-bbd/history.csv`...
[32;1m[Board] [0mLoaded 8 move(s).
[32;1m[Board] [0mHistory replayed, 30 piece(s) on board.
[32;1m[Board] [0mLoading move file `championship/chessgambit-bbd/move.csv`...
[32;1m[Board] [0mWhite player is playing d4 to e5.
[32;1m[Board] [0m[5;1mWhite Pawn is taking Black Pawn.[0m
[32;1m[Board] [0m
[32;1m[Board] [0m     a b c d e f g h
[32;1m[Board] [0m   -------------------
[32;1m[Board] [0m 8 ||[30;1mr[0m|[30;1mk[0m|[30;1mb[0m| |[30;1mK[0m|[30;1mb[0m|[7;1m [0m|[30;1mr[0m|| 8
[32;1m[Board] [0m   -------------------
[32;1m[Board] [0m 7 ||[30;1mp[0m|[30;1mp[0m|[30;1mp[0m|[7;1m [0m| |[30;1mp[0m|[30;1mp[0m|[30;1mp[0m|| 7
[32;1m[Board] [0m   -------------------
[32;1m[Board] [0m 6 ||[7;1m [0m| |[7;1m [0m| |[7;1m [0m|[30;1mk[0m|[7;1m [0m| || 6
[32;1m[Board] [0m   -------------------
[32;1m[Board] [0m 5 || |[7;1m [0m| |[30;1mQ[0m|[0;1mp[0m|[7;1m [0m| |[7;1m [0m|| 5
[32;1m[Board] [0m   -------------------
[32;1m[Board] [0m 4 ||[7;1m [0m| |[7;1m [0m| |[7;1m [0m| |[7;1m [0m| || 4
[32;1m[Board] [0m   -------------------
[32;1m[Board] [0m 3 ||[0;1mp[0m|[7;1m [0m| |[7;1m [0m| |[7;1m [0m| |[7;1m [0m|| 3
[32;1m[Board] [0m   -------------------
[32;1m[Board] [0m 2 ||[7;1m [0m|[0;1mp[0m|[0;1mp[0m| |[0;1mp[0m|[0;1mp[0m|[0;1mp[0m|[0;1mp[0m|| 2
[32;1m[Board] [0m   -------------------
[32;1m[Board] [0m 1 ||[0;1mr[0m|[7;1m [0m|[0;1mb[0m|[0;1mQ[0m|[0;1mK[0m|[0;1mb[0m|[0;1mk[0m|[0;1mr[0m|| 1
[32;1m[Board] [0m   -------------------
[32;1m[Board] [0m     a b c d e f g h
[32;1m[Board] [0m
[32;1m[Referee] [0mThis is the turn of the Black player...
Succesfully loaded network via incbin!
info score 1099 depth 1 nodes 56 time 3
-32000 32000 30
info score 1087 depth 2 nodes 231 time 3
-32000 32000 30
info score 1087 depth 3 nodes 1416 time 4
-32000 32000 30
info score 1012 depth 4 nodes 5178 time 6
-32000 32000 30
info score 1042 depth 5 nodes 8209 time 9
982 1042 30
info score 1072 depth 5 nodes 9456 time 10
982 1072 60
info score 1073 depth 5 nodes 16256 time 14
982 1132 120
info score 1122 depth 6 nodes 20314 time 17
1043 1103 30
info score 1140 depth 6 nodes 20407 time 17
1043 1133 60
info score 1140 depth 6 nodes 24802 time 20
1043 1193 120
info score 1110 depth 7 nodes 78805 time 51
1110 1170 30
info score 1109 depth 7 nodes 81897 time 53
1080 1170 60
info score 1093 depth 8 nodes 150791 time 99
1079 1139 30
info score 1083 depth 9 nodes 1227858 time 893
1063 1123 30
info score 1053 depth 10 nodes 2214522 time 1659
1053 1113 30
info score 1050 depth 10 nodes 2558108 time 1924
1023 1113 60
info score 1080 depth 11 nodes 8189613 time 6370
1020 1080 30
bestmove d5e5
[32;1m[Game] [0mPlayer's error code: 0
[32;1m[Game] [0mChecking move validity...
[32;1m[Board] [0mInitializing board (size: 8)...
[32;1m[Board] [0m32 piece(s) on board.
[32;1m[Board] [0mLoading history file `championship/chessgambit-bbd/history.csv`...
[32;1m[Board] [0mLoaded 9 move(s).
[32;1m[Board] [0mHistory replayed, 29 piece(s) on board.
[32;1m[Board] [0mLoading move file `championship/chessgambit-bbd/move.csv`...
[32;1m[Board] [0mBlack player is playing d5 to e5.
[32;1m[Board] [0m[5;1mBlack Queen is taking White Pawn.[0m
[32;1m[Board] [0m
[32;1m[Board] [0m     a b c d e f g h
[32;1m[Board] [0m   -------------------
[32;1m[Board] [0m 8 ||[30;1mr[0m|[30;1mk[0m|[30;1mb[0m| |[30;1mK[0m|[30;1mb[0m|[7;1m [0m|[30;1mr[0m|| 8
[32;1m[Board] [0m   -------------------
[32;1m[Board] [0m 7 ||[30;1mp[0m|[30;1mp[0m|[30;1mp[0m|[7;1m [0m| |[30;1mp[0m|[30;1mp[0m|[30;1mp[0m|| 7
[32;1m[Board] [0m   -------------------
[32;1m[Board] [0m 6 ||[7;1m [0m| |[7;1m [0m| |[7;1m [0m|[30;1mk[0m|[7;1m [0m| || 6
[32;1m[Board] [0m   -------------------
[32;1m[Board] [0m 5 || |[7;1m [0m| |[7;1m [0m|[30;1mQ[0m|[7;1m [0m| |[7;1m [0m|| 5
[32;1m[Board] [0m   -------------------
[32;1m[Board] [0m 4 ||[7;1m [0m| |[7;1m [0m| |[7;1m [0m| |[7;1m [0m| || 4
[32;1m[Board] [0m   -------------------
[32;1m[Board] [0m 3 ||[0;1mp[0m|[7;1m [0m| |[7;1m [0m| |[7;1m [0m| |[7;1m [0m|| 3
[32;1m[Board] [0m   -------------------
[32;1m[Board] [0m 2 ||[7;1m [0m|[0;1mp[0m|[0;1mp[0m| |[0;1mp[0m|[0;1mp[0m|[0;1mp[0m|[0;1mp[0m|| 2
[32;1m[Board] [0m   -------------------
[32;1m[Board] [0m 1 ||[0;1mr[0m|[7;1m [0m|[0;1mb[0m|[0;1mQ[0m|[0;1mK[0m|[0;1mb[0m|[0;1mk[0m|[0;1mr[0m|| 1
[32;1m[Board] [0m   -------------------
[32;1m[Board] [0m     a b c d e f g h
[32;1m[Board] [0m
[32;1m[Referee] [0mThis is the turn of the White player...
Inputed Board
Currently playing: White

------------------------------Current Search Space--------------------------------------------
Possible moves for piece: P:
 P: (5,0)->(4,0) / a3a4
 P: (6,1)->(5,1) / b2b3
 P: (6,1)->(4,1) / b2b4
 P: (6,2)->(5,2) / c2c3
 P: (6,2)->(4,2) / c2c4
 P: (6,4)->(5,4) / e2e3
 P: (6,4)->(4,4) / e2e4
 P: (6,5)->(5,5) / f2f3
 P: (6,5)->(4,5) / f2f4
 P: (6,6)->(5,6) / g2g3
 P: (6,6)->(4,6) / g2g4
 P: (6,7)->(5,7) / h2h3
 P: (6,7)->(4,7) / h2h4
Possible moves for piece: R:
 R: (7,0)->(6,0) / a1a2
 R: (7,0)->(7,1) / a1b1
Possible moves for piece: N:
 N: (7,6)->(5,7) / g1h3
 N: (7,6)->(5,5) / g1f3
Possible moves for piece: B:
 B: (7,2)->(6,3) / c1d2
 B: (7,2)->(5,4) / c1e3
 B: (7,2)->(4,5) / c1f4
 B: (7,2)->(3,6) / c1g5
 B: (7,2)->(2,7) / c1h6
Possible moves for piece: Q:
 Q: (7,3)->(6,3) / d1d2
 Q: (7,3)->(5,3) / d1d3
 Q: (7,3)->(4,3) / d1d4
 Q: (7,3)->(3,3) / d1d5
 Q: (7,3)->(2,3) / d1d6
 Q: (7,3)->(1,3) / d1d7
 Q: (7,3)->(0,3) / d1d8
Possible moves for piece: K:
 K: (7,4)->(6,3) / e1d2

------------------------------Filtered Search Space--------------------------------------------
Possible moves for piece: P:
 P: (5,0)->(4,0) / a3a4
 P: (6,1)->(5,1) / b2b3
 P: (6,1)->(4,1) / b2b4
 P: (6,2)->(5,2) / c2c3
 P: (6,2)->(4,2) / c2c4
 P: (6,4)->(5,4) / e2e3
 P: (6,4)->(4,4) / e2e4
 P: (6,5)->(5,5) / f2f3
 P: (6,5)->(4,5) / f2f4
 P: (6,6)->(5,6) / g2g3
 P: (6,6)->(4,6) / g2g4
 P: (6,7)->(5,7) / h2h3
 P: (6,7)->(4,7) / h2h4
Possible moves for piece: R:
 R: (7,0)->(6,0) / a1a2
 R: (7,0)->(7,1) / a1b1
Possible moves for piece: N:
 N: (7,6)->(5,7) / g1h3
 N: (7,6)->(5,5) / g1f3
Possible moves for piece: B:
 B: (7,2)->(6,3) / c1d2
 B: (7,2)->(5,4) / c1e3
 B: (7,2)->(4,5) / c1f4
 B: (7,2)->(3,6) / c1g5
 B: (7,2)->(2,7) / c1h6
Possible moves for piece: Q:
 Q: (7,3)->(6,3) / d1d2
 Q: (7,3)->(5,3) / d1d3
 Q: (7,3)->(4,3) / d1d4
 Q: (7,3)->(3,3) / d1d5
 Q: (7,3)->(2,3) / d1d6
 Q: (7,3)->(1,3) / d1d7
 Q: (7,3)->(0,3) / d1d8
Possible moves for piece: K:
 K: (7,4)->(6,3) / e1d2

--------------------------------Info on Attacks---------------------------------------------------
Squares attacked by Black pieces:
(0,3) (0,6) (1,3) (1,4) (2,0) (2,1) (2,2) (2,3) (2,4) (2,6) (2,7) (3,0) (3,1) (3,2) (3,3) (3,5) (3,6) (3,7) (4,1) (4,3) (4,4) (4,5) (4,6) (5,0) (5,2) (5,4) (5,6) (5,7) (6,1) (6,4) (6,7) 

-------------------------------Squares controlled by the enemy------------------------------------
* * * X * * X * 
* * * X X * * * 
X X X X X * X X 
X X X X * X X X 
* X * X X X X * 
X * X * X * X X 
* X * * X * * X 
* * * * * * * * 

------------------------------Check Information---------------------------------------------------
White King located at: (7,4)
White King is safe, no check at this position.

------------------------------Special Move Information-------------------------------------------
No en passant allowed right now
------------------------------Castling Rights Information-------------------------------------------
White Kingside Castle:  AVAILABLE
White Queenside Castle: AVAILABLE
Black Kingside Castle:  AVAILABLE
Black Queenside Castle: AVAILABLE
---------------------------------------------------------------------------------------------------

========== CAPTURE EXPLORATION ==========
========================================

========== CHECK EXPLORATION ==========
[0] Candidate: Q -> (7,3) -> (1,3) | Checking move: Q (7,3) -> (1,3)Checkmate: NO
[1] Candidate: Q -> (7,3) -> (0,3) | Checking move: Q (7,3) -> (0,3)Checkmate: NO
======================================
--------------------------------------------------------------------------------------------------
Chosen Move: (7,6) --> (5,5)
 / g1f3

r n b * k b * r 
p p p * * p p p 
* * * * * n * * 
* * * * q * * * 
* * * * * * * * 
P * * * * N * * 
* P P * P P P P 
R * B Q K B * R 

Code timed out used determine move
[32;1m[Game] [0mPlayer's error code: 0
[32;1m[Game] [0mChecking move validity...
[32;1m[Board] [0mInitializing board (size: 8)...
[32;1m[Board] [0m32 piece(s) on board.
[32;1m[Board] [0mLoading history file `championship/chessgambit-bbd/history.csv`...
[32;1m[Board] [0mLoaded 10 move(s).
[32;1m[Board] [0mHistory replayed, 28 piece(s) on board.
[32;1m[Board] [0mLoading move file `championship/chessgambit-bbd/move.csv`...
[32;1m[Board] [0mWhite player is playing g1 to f3.
[32;1m[Board] [0m
[32;1m[Board] [0m     a b c d e f g h
[32;1m[Board] [0m   -------------------
[32;1m[Board] [0m 8 ||[30;1mr[0m|[30;1mk[0m|[30;1mb[0m| |[30;1mK[0m|[30;1mb[0m|[7;1m [0m|[30;1mr[0m|| 8
[32;1m[Board] [0m   -------------------
[32;1m[Board] [0m 7 ||[30;1mp[0m|[30;1mp[0m|[30;1mp[0m|[7;1m [0m| |[30;1mp[0m|[30;1mp[0m|[30;1mp[0m|| 7
[32;1m[Board] [0m   -------------------
[32;1m[Board] [0m 6 ||[7;1m [0m| |[7;1m [0m| |[7;1m [0m|[30;1mk[0m|[7;1m [0m| || 6
[32;1m[Board] [0m   -------------------
[32;1m[Board] [0m 5 || |[7;1m [0m| |[7;1m [0m|[30;1mQ[0m|[7;1m [0m| |[7;1m [0m|| 5
[32;1m[Board] [0m   -------------------
[32;1m[Board] [0m 4 ||[7;1m [0m| |[7;1m [0m| |[7;1m [0m| |[7;1m [0m| || 4
[32;1m[Board] [0m   -------------------
[32;1m[Board] [0m 3 ||[0;1mp[0m|[7;1m [0m| |[7;1m [0m| |[0;1mk[0m| |[7;1m [0m|| 3
[32;1m[Board] [0m   -------------------
[32;1m[Board] [0m 2 ||[7;1m [0m|[0;1mp[0m|[0;1mp[0m| |[0;1mp[0m|[0;1mp[0m|[0;1mp[0m|[0;1mp[0m|| 2
[32;1m[Board] [0m   -------------------
[32;1m[Board] [0m 1 ||[0;1mr[0m|[7;1m [0m|[0;1mb[0m|[0;1mQ[0m|[0;1mK[0m|[0;1mb[0m| |[0;1mr[0m|| 1
[32;1m[Board] [0m   -------------------
[32;1m[Board] [0m     a b c d e f g h
[32;1m[Board] [0m
[32;1m[Referee] [0mThis is the turn of the Black player...
Succesfully loaded network via incbin!
info score 1040 depth 1 nodes 153 time 6
-32000 32000 30
info score 1012 depth 2 nodes 511 time 6
-32000 32000 30
info score 1073 depth 3 nodes 3026 time 11
-32000 32000 30
info score 1025 depth 4 nodes 7406 time 18
-32000 32000 30
info score 1055 depth 5 nodes 9594 time 24
995 1055 30
info score 1085 depth 5 nodes 10715 time 25
995 1085 60
info score 1099 depth 5 nodes 25097 time 44
995 1145 120
info score 1069 depth 6 nodes 39416 time 65
1069 1129 30
info score 1056 depth 6 nodes 59003 time 97
1039 1129 60
info score 1086 depth 7 nodes 79530 time 132
1026 1086 30
info score 1088 depth 7 nodes 259985 time 320
1026 1116 60
info score 1058 depth 8 nodes 517040 time 518
1058 1118 30
info score 1036 depth 8 nodes 846827 time 775
1028 1118 60
info score 1066 depth 9 nodes 1025663 time 930
1006 1066 30
info score 1091 depth 9 nodes 2465951 time 2224
1006 1096 60
info score 1061 depth 10 nodes 5124469 time 4435
1061 1121 30
info score 1046 depth 10 nodes 9200107 time 7857
1031 1121 60
bestmove e5d6
[32;1m[Game] [0mPlayer's error code: 0
[32;1m[Game] [0mChecking move validity...
[32;1m[Board] [0mInitializing board (size: 8)...
[32;1m[Board] [0m32 piece(s) on board.
[32;1m[Board] [0mLoading history file `championship/chessgambit-bbd/history.csv`...
[32;1m[Board] [0mLoaded 11 move(s).
[32;1m[Board] [0mHistory replayed, 28 piece(s) on board.
[32;1m[Board] [0mLoading move file `championship/chessgambit-bbd/move.csv`...
[32;1m[Board] [0mBlack player is playing e5 to d6.
[32;1m[Board] [0m
[32;1m[Board] [0m     a b c d e f g h
[32;1m[Board] [0m   -------------------
[32;1m[Board] [0m 8 ||[30;1mr[0m|[30;1mk[0m|[30;1mb[0m| |[30;1mK[0m|[30;1mb[0m|[7;1m [0m|[30;1mr[0m|| 8
[32;1m[Board] [0m   -------------------
[32;1m[Board] [0m 7 ||[30;1mp[0m|[30;1mp[0m|[30;1mp[0m|[7;1m [0m| |[30;1mp[0m|[30;1mp[0m|[30;1mp[0m|| 7
[32;1m[Board] [0m   -------------------
[32;1m[Board] [0m 6 ||[7;1m [0m| |[7;1m [0m|[30;1mQ[0m|[7;1m [0m|[30;1mk[0m|[7;1m [0m| || 6
[32;1m[Board] [0m   -------------------
[32;1m[Board] [0m 5 || |[7;1m [0m| |[7;1m [0m| |[7;1m [0m| |[7;1m [0m|| 5
[32;1m[Board] [0m   -------------------
[32;1m[Board] [0m 4 ||[7;1m [0m| |[7;1m [0m| |[7;1m [0m| |[7;1m [0m| || 4
[32;1m[Board] [0m   -------------------
[32;1m[Board] [0m 3 ||[0;1mp[0m|[7;1m [0m| |[7;1m [0m| |[0;1mk[0m| |[7;1m [0m|| 3
[32;1m[Board] [0m   -------------------
[32;1m[Board] [0m 2 ||[7;1m [0m|[0;1mp[0m|[0;1mp[0m| |[0;1mp[0m|[0;1mp[0m|[0;1mp[0m|[0;1mp[0m|| 2
[32;1m[Board] [0m   -------------------
[32;1m[Board] [0m 1 ||[0;1mr[0m|[7;1m [0m|[0;1mb[0m|[0;1mQ[0m|[0;1mK[0m|[0;1mb[0m| |[0;1mr[0m|| 1
[32;1m[Board] [0m   -------------------
[32;1m[Board] [0m     a b c d e f g h
[32;1m[Board] [0m
[32;1m[Referee] [0mThis is the turn of the White player...
Inputed Board
Currently playing: White

------------------------------Current Search Space--------------------------------------------
Possible moves for piece: P:
 P: (5,0)->(4,0) / a3a4
 P: (6,1)->(5,1) / b2b3
 P: (6,1)->(4,1) / b2b4
 P: (6,2)->(5,2) / c2c3
 P: (6,2)->(4,2) / c2c4
 P: (6,4)->(5,4) / e2e3
 P: (6,4)->(4,4) / e2e4
 P: (6,6)->(5,6) / g2g3
 P: (6,6)->(4,6) / g2g4
 P: (6,7)->(5,7) / h2h3
 P: (6,7)->(4,7) / h2h4
Possible moves for piece: R:
 R: (7,0)->(6,0) / a1a2
 R: (7,0)->(7,1) / a1b1
 R: (7,7)->(7,6) / h1g1
Possible moves for piece: N:
 N: (5,5)->(7,6) / f3g1
 N: (5,5)->(3,6) / f3g5
 N: (5,5)->(3,4) / f3e5
 N: (5,5)->(4,7) / f3h4
 N: (5,5)->(6,3) / f3d2
 N: (5,5)->(4,3) / f3d4
Possible moves for piece: B:
 B: (7,2)->(6,3) / c1d2
 B: (7,2)->(5,4) / c1e3
 B: (7,2)->(4,5) / c1f4
 B: (7,2)->(3,6) / c1g5
 B: (7,2)->(2,7) / c1h6
Possible moves for piece: Q:
 Q: (7,3)->(6,3) / d1d2
 Q: (7,3)->(5,3) / d1d3
 Q: (7,3)->(4,3) / d1d4
 Q: (7,3)->(3,3) / d1d5
 Q: (7,3)->(2,3) / d1d6
Possible moves for piece: K:
 K: (7,4)->(6,3) / e1d2

------------------------------Filtered Search Space--------------------------------------------
Possible moves for piece: P:
 P: (5,0)->(4,0) / a3a4
 P: (6,1)->(5,1) / b2b3
 P: (6,1)->(4,1) / b2b4
 P: (6,2)->(5,2) / c2c3
 P: (6,2)->(4,2) / c2c4
 P: (6,4)->(5,4) / e2e3
 P: (6,4)->(4,4) / e2e4
 P: (6,6)->(5,6) / g2g3
 P: (6,6)->(4,6) / g2g4
 P: (6,7)->(5,7) / h2h3
 P: (6,7)->(4,7) / h2h4
Possible moves for piece: R:
 R: (7,0)->(6,0) / a1a2
 R: (7,0)->(7,1) / a1b1
 R: (7,7)->(7,6) / h1g1
Possible moves for piece: N:
 N: (5,5)->(7,6) / f3g1
 N: (5,5)->(3,6) / f3g5
 N: (5,5)->(3,4) / f3e5
 N: (5,5)->(4,7) / f3h4
 N: (5,5)->(6,3) / f3d2
 N: (5,5)->(4,3) / f3d4
Possible moves for piece: B:
 B: (7,2)->(6,3) / c1d2
 B: (7,2)->(5,4) / c1e3
 B: (7,2)->(4,5) / c1f4
 B: (7,2)->(3,6) / c1g5
 B: (7,2)->(2,7) / c1h6
Possible moves for piece: Q:
 Q: (7,3)->(6,3) / d1d2
 Q: (7,3)->(5,3) / d1d3
 Q: (7,3)->(4,3) / d1d4
 Q: (7,3)->(3,3) / d1d5
 Q: (7,3)->(2,3) / d1d6

--------------------------------Info on Attacks---------------------------------------------------
Squares attacked by Black pieces:
(0,3) (0,6) (1,3) (1,4) (2,0) (2,1) (2,2) (2,4) (2,6) (2,7) (3,2) (3,3) (3,4) (3,5) (3,7) (4,1) (4,3) (4,4) (4,5) (4,6) (5,0) (5,3) (5,6) (5,7) (6,3) (6,7) (7,3) 

-------------------------------Squares controlled by the enemy------------------------------------
* * * X * * X * 
* * * X X * * * 
X X X * X * X X 
* * X X X X * X 
* X * X X X X * 
X * * X * * X X 
* * * X * * * X 
* * * X * * * * 

------------------------------Check Information---------------------------------------------------
White King located at: (7,4)
White King is safe, no check at this position.

------------------------------Special Move Information-------------------------------------------
No en passant allowed right now
------------------------------Castling Rights Information-------------------------------------------
White Kingside Castle:  AVAILABLE
White Queenside Castle: AVAILABLE
Black Kingside Castle:  AVAILABLE
Black Queenside Castle: AVAILABLE
---------------------------------------------------------------------------------------------------

========== CAPTURE EXPLORATION ==========
[0] Q x q | Potential loss: NO | Score: 900
========================================

========== CHECK EXPLORATION ==========
(no checks found)
======================================
--------------------------------------------------------------------------------------------------
Chosen Move: (7,3) --> (2,3)
 / d1d6

r n b * k b * r 
p p p * * p p p 
* * * Q * n * * 
* * * * * * * * 
* * * * * * * * 
P * * * * N * * 
* P P * P P P P 
R * B * K B * R 

Code timed out used determine move
[32;1m[Game] [0mPlayer's error code: 0
[32;1m[Game] [0mChecking move validity...
[32;1m[Board] [0mInitializing board (size: 8)...
[32;1m[Board] [0m32 piece(s) on board.
[32;1m[Board] [0mLoading history file `championship/chessgambit-bbd/history.csv`...
[32;1m[Board] [0mLoaded 12 move(s).
[32;1m[Board] [0mHistory replayed, 28 piece(s) on board.
[32;1m[Board] [0mLoading move file `championship/chessgambit-bbd/move.csv`...
[32;1m[Board] [0mWhite player is playing d1 to d6.
[32;1m[Board] [0m[5;1mWhite Queen is taking Black Queen.[0m
[32;1m[Board] [0m
[32;1m[Board] [0m     a b c d e f g h
[32;1m[Board] [0m   -------------------
[32;1m[Board] [0m 8 ||[30;1mr[0m|[30;1mk[0m|[30;1mb[0m| |[30;1mK[0m|[30;1mb[0m|[7;1m [0m|[30;1mr[0m|| 8
[32;1m[Board] [0m   -------------------
[32;1m[Board] [0m 7 ||[30;1mp[0m|[30;1mp[0m|[30;1mp[0m|[7;1m [0m| |[30;1mp[0m|[30;1mp[0m|[30;1mp[0m|| 7
[32;1m[Board] [0m   -------------------
[32;1m[Board] [0m 6 ||[7;1m [0m| |[7;1m [0m|[0;1mQ[0m|[7;1m [0m|[30;1mk[0m|[7;1m [0m| || 6
[32;1m[Board] [0m   -------------------
[32;1m[Board] [0m 5 || |[7;1m [0m| |[7;1m [0m| |[7;1m [0m| |[7;1m [0m|| 5
[32;1m[Board] [0m   -------------------
[32;1m[Board] [0m 4 ||[7;1m [0m| |[7;1m [0m| |[7;1m [0m| |[7;1m [0m| || 4
[32;1m[Board] [0m   -------------------
[32;1m[Board] [0m 3 ||[0;1mp[0m|[7;1m [0m| |[7;1m [0m| |[0;1mk[0m| |[7;1m [0m|| 3
[32;1m[Board] [0m   -------------------
[32;1m[Board] [0m 2 ||[7;1m [0m|[0;1mp[0m|[0;1mp[0m| |[0;1mp[0m|[0;1mp[0m|[0;1mp[0m|[0;1mp[0m|| 2
[32;1m[Board] [0m   -------------------
[32;1m[Board] [0m 1 ||[0;1mr[0m|[7;1m [0m|[0;1mb[0m|[7;1m [0m|[0;1mK[0m|[0;1mb[0m| |[0;1mr[0m|| 1
[32;1m[Board] [0m   -------------------
[32;1m[Board] [0m     a b c d e f g h
[32;1m[Board] [0m
[32;1m[Referee] [0mThis is the turn of the Black player...
Succesfully loaded network via incbin!
info score 1198 depth 1 nodes 30 time 3
-32000 32000 30
info score 1178 depth 2 nodes 106 time 3
-32000 32000 30
info score 1194 depth 3 nodes 459 time 3
-32000 32000 30
info score 1173 depth 4 nodes 1550 time 4
-32000 32000 30
info score 1203 depth 5 nodes 3561 time 5
1143 1203 30
info score 1233 depth 5 nodes 4102 time 6
1143 1233 60
info score 1236 depth 5 nodes 7059 time 7
1143 1293 120
info score 1206 depth 6 nodes 9128 time 9
1206 1266 30
info score 1194 depth 6 nodes 26259 time 20
1176 1266 60
info score 1210 depth 7 nodes 70945 time 51
1164 1224 30
info score 1220 depth 8 nodes 295947 time 222
1180 1240 30
info score 1227 depth 9 nodes 889879 time 664
1190 1250 30
info score 1197 depth 10 nodes 2272660 time 1746
1197 1257 30
info score 1195 depth 10 nodes 2514596 time 1927
1167 1257 60
info score 1225 depth 11 nodes 4947352 time 3880
1165 1225 30
info score 1233 depth 11 nodes 6741826 time 5221
1165 1255 60
info score 1203 depth 12 nodes 9682875 time 7585
1203 1263 30
bestmove f8d6
[32;1m[Game] [0mPlayer's error code: 0
[32;1m[Game] [0mChecking move validity...
[32;1m[Board] [0mInitializing board (size: 8)...
[32;1m[Board] [0m32 piece(s) on board.
[32;1m[Board] [0mLoading history file `championship/chessgambit-bbd/history.csv`...
[32;1m[Board] [0mLoaded 13 move(s).
[32;1m[Board] [0mHistory replayed, 27 piece(s) on board.
[32;1m[Board] [0mLoading move file `championship/chessgambit-bbd/move.csv`...
[32;1m[Board] [0mBlack player is playing f8 to d6.
[32;1m[Board] [0m[5;1mBlack Bishop is taking White Queen.[0m
[32;1m[Board] [0m
[32;1m[Board] [0m     a b c d e f g h
[32;1m[Board] [0m   -------------------
[32;1m[Board] [0m 8 ||[30;1mr[0m|[30;1mk[0m|[30;1mb[0m| |[30;1mK[0m| |[7;1m [0m|[30;1mr[0m|| 8
[32;1m[Board] [0m   -------------------
[32;1m[Board] [0m 7 ||[30;1mp[0m|[30;1mp[0m|[30;1mp[0m|[7;1m [0m| |[30;1mp[0m|[30;1mp[0m|[30;1mp[0m|| 7
[32;1m[Board] [0m   -------------------
[32;1m[Board] [0m 6 ||[7;1m [0m| |[7;1m [0m|[30;1mb[0m|[7;1m [0m|[30;1mk[0m|[7;1m [0m| || 6
[32;1m[Board] [0m   -------------------
[32;1m[Board] [0m 5 || |[7;1m [0m| |[7;1m [0m| |[7;1m [0m| |[7;1m [0m|| 5
[32;1m[Board] [0m   -------------------
[32;1m[Board] [0m 4 ||[7;1m [0m| |[7;1m [0m| |[7;1m [0m| |[7;1m [0m| || 4
[32;1m[Board] [0m   -------------------
[32;1m[Board] [0m 3 ||[0;1mp[0m|[7;1m [0m| |[7;1m [0m| |[0;1mk[0m| |[7;1m [0m|| 3
[32;1m[Board] [0m   -------------------
[32;1m[Board] [0m 2 ||[7;1m [0m|[0;1mp[0m|[0;1mp[0m| |[0;1mp[0m|[0;1mp[0m|[0;1mp[0m|[0;1mp[0m|| 2
[32;1m[Board] [0m   -------------------
[32;1m[Board] [0m 1 ||[0;1mr[0m|[7;1m [0m|[0;1mb[0m|[7;1m [0m|[0;1mK[0m|[0;1mb[0m| |[0;1mr[0m|| 1
[32;1m[Board] [0m   -------------------
[32;1m[Board] [0m     a b c d e f g h
[32;1m[Board] [0m
[32;1m[Referee] [0mThis is the turn of the White player...
Inputed Board
Currently playing: White

------------------------------Current Search Space--------------------------------------------
Possible moves for piece: P:
 P: (5,0)->(4,0) / a3a4
 P: (6,1)->(5,1) / b2b3
 P: (6,1)->(4,1) / b2b4
 P: (6,2)->(5,2) / c2c3
 P: (6,2)->(4,2) / c2c4
 P: (6,4)->(5,4) / e2e3
 P: (6,4)->(4,4) / e2e4
 P: (6,6)->(5,6) / g2g3
 P: (6,6)->(4,6) / g2g4
 P: (6,7)->(5,7) / h2h3
 P: (6,7)->(4,7) / h2h4
Possible moves for piece: R:
 R: (7,0)->(6,0) / a1a2
 R: (7,0)->(7,1) / a1b1
 R: (7,7)->(7,6) / h1g1
Possible moves for piece: N:
 N: (5,5)->(7,6) / f3g1
 N: (5,5)->(3,6) / f3g5
 N: (5,5)->(3,4) / f3e5
 N: (5,5)->(4,7) / f3h4
 N: (5,5)->(6,3) / f3d2
 N: (5,5)->(4,3) / f3d4
Possible moves for piece: B:
 B: (7,2)->(6,3) / c1d2
 B: (7,2)->(5,4) / c1e3
 B: (7,2)->(4,5) / c1f4
 B: (7,2)->(3,6) / c1g5
 B: (7,2)->(2,7) / c1h6
Possible moves for piece: K:
 K: (7,4)->(7,3) / e1d1
 K: (7,4)->(6,3) / e1d2

------------------------------Filtered Search Space--------------------------------------------
Possible moves for piece: P:
 P: (5,0)->(4,0) / a3a4
 P: (6,1)->(5,1) / b2b3
 P: (6,1)->(4,1) / b2b4
 P: (6,2)->(5,2) / c2c3
 P: (6,2)->(4,2) / c2c4
 P: (6,4)->(5,4) / e2e3
 P: (6,4)->(4,4) / e2e4
 P: (6,6)->(5,6) / g2g3
 P: (6,6)->(4,6) / g2g4
 P: (6,7)->(5,7) / h2h3
 P: (6,7)->(4,7) / h2h4
Possible moves for piece: R:
 R: (7,0)->(6,0) / a1a2
 R: (7,0)->(7,1) / a1b1
 R: (7,7)->(7,6) / h1g1
Possible moves for piece: N:
 N: (5,5)->(7,6) / f3g1
 N: (5,5)->(3,6) / f3g5
 N: (5,5)->(3,4) / f3e5
 N: (5,5)->(4,7) / f3h4
 N: (5,5)->(6,3) / f3d2
 N: (5,5)->(4,3) / f3d4
Possible moves for piece: B:
 B: (7,2)->(6,3) / c1d2
 B: (7,2)->(5,4) / c1e3
 B: (7,2)->(4,5) / c1f4
 B: (7,2)->(3,6) / c1g5
 B: (7,2)->(2,7) / c1h6
Possible moves for piece: K:
 K: (7,4)->(7,3) / e1d1
 K: (7,4)->(6,3) / e1d2

--------------------------------Info on Attacks---------------------------------------------------
Squares attacked by Black pieces:
(0,3) (0,5) (0,6) (1,3) (1,4) (2,0) (2,1) (2,2) (2,4) (2,6) (2,7) (3,2) (3,3) (3,4) (3,5) (3,7) (4,1) (4,4) (4,5) (4,6) (5,0) (5,6) (5,7) (6,7) 

-------------------------------Squares controlled by the enemy------------------------------------
* * * X * X X * 
* * * X X * * * 
X X X * X * X X 
* * X X X X * X 
* X * * X X X * 
X * * * * * X X 
* * * * * * * X 
* * * * * * * * 

------------------------------Check Information---------------------------------------------------
White King located at: (7,4)
White King is safe, no check at this position.

------------------------------Special Move Information-------------------------------------------
No en passant allowed right now
------------------------------Castling Rights Information-------------------------------------------
White Kingside Castle:  AVAILABLE
White Queenside Castle: AVAILABLE
Black Kingside Castle:  AVAILABLE
Black Queenside Castle: AVAILABLE
---------------------------------------------------------------------------------------------------

========== CAPTURE EXPLORATION ==========
========================================

========== CHECK EXPLORATION ==========
(no checks found)
======================================
--------------------------------------------------------------------------------------------------
Chosen Move: (7,2) --> (3,6)
 / c1g5

r n b * k * * r 
p p p * * p p p 
* * * b * n * * 
* * * * * * B * 
* * * * * * * * 
P * * * * N * * 
* P P * P P P P 
R * * * K B * R 

Code timed out used determine move
[32;1m[Game] [0mPlayer's error code: 0
[32;1m[Game] [0mChecking move validity...
[32;1m[Board] [0mInitializing board (size: 8)...
[32;1m[Board] [0m32 piece(s) on board.
[32;1m[Board] [0mLoading history file `championship/chessgambit-bbd/history.csv`...
[32;1m[Board] [0mLoaded 14 move(s).
[32;1m[Board] [0mHistory replayed, 26 piece(s) on board.
[32;1m[Board] [0mLoading move file `championship/chessgambit-bbd/move.csv`...
[32;1m[Board] [0mWhite player is playing c1 to g5.
[32;1m[Board] [0m
[32;1m[Board] [0m     a b c d e f g h
[32;1m[Board] [0m   -------------------
[32;1m[Board] [0m 8 ||[30;1mr[0m|[30;1mk[0m|[30;1mb[0m| |[30;1mK[0m| |[7;1m [0m|[30;1mr[0m|| 8
[32;1m[Board] [0m   -------------------
[32;1m[Board] [0m 7 ||[30;1mp[0m|[30;1mp[0m|[30;1mp[0m|[7;1m [0m| |[30;1mp[0m|[30;1mp[0m|[30;1mp[0m|| 7
[32;1m[Board] [0m   -------------------
[32;1m[Board] [0m 6 ||[7;1m [0m| |[7;1m [0m|[30;1mb[0m|[7;1m [0m|[30;1mk[0m|[7;1m [0m| || 6
[32;1m[Board] [0m   -------------------
[32;1m[Board] [0m 5 || |[7;1m [0m| |[7;1m [0m| |[7;1m [0m|[0;1mb[0m|[7;1m [0m|| 5
[32;1m[Board] [0m   -------------------
[32;1m[Board] [0m 4 ||[7;1m [0m| |[7;1m [0m| |[7;1m [0m| |[7;1m [0m| || 4
[32;1m[Board] [0m   -------------------
[32;1m[Board] [0m 3 ||[0;1mp[0m|[7;1m [0m| |[7;1m [0m| |[0;1mk[0m| |[7;1m [0m|| 3
[32;1m[Board] [0m   -------------------
[32;1m[Board] [0m 2 ||[7;1m [0m|[0;1mp[0m|[0;1mp[0m| |[0;1mp[0m|[0;1mp[0m|[0;1mp[0m|[0;1mp[0m|| 2
[32;1m[Board] [0m   -------------------
[32;1m[Board] [0m 1 ||[0;1mr[0m|[7;1m [0m| |[7;1m [0m|[0;1mK[0m|[0;1mb[0m| |[0;1mr[0m|| 1
[32;1m[Board] [0m   -------------------
[32;1m[Board] [0m     a b c d e f g h
[32;1m[Board] [0m
[32;1m[Referee] [0mThis is the turn of the Black player...
Succesfully loaded network via incbin!
info score 1194 depth 1 nodes 73 time 3
-32000 32000 30
info score 1173 depth 2 nodes 462 time 3
-32000 32000 30
info score 1244 depth 3 nodes 2595 time 4
-32000 32000 30
info score 1194 depth 4 nodes 5630 time 7
-32000 32000 30
info score 1224 depth 5 nodes 7678 time 9
1164 1224 30
info score 1254 depth 5 nodes 8886 time 9
1164 1254 60
info score 1273 depth 5 nodes 19934 time 16
1164 1314 120
info score 1285 depth 6 nodes 49980 time 37
1243 1303 30
info score 1308 depth 7 nodes 135496 time 98
1255 1315 30
info score 1288 depth 8 nodes 393831 time 283
1278 1338 30
info score 1286 depth 9 nodes 1145983 time 811
1258 1318 30
info score 1256 depth 10 nodes 2797421 time 2085
1256 1316 30
info score 1244 depth 10 nodes 3433751 time 2574
1226 1316 60
info score 1258 depth 11 nodes 11146977 time 8635
1214 1274 30
bestmove b8d7
[32;1m[Game] [0mPlayer's error code: 0
[32;1m[Game] [0mChecking move validity...
[32;1m[Board] [0mInitializing board (size: 8)...
[32;1m[Board] [0m32 piece(s) on board.
[32;1m[Board] [0mLoading history file `championship/chessgambit-bbd/history.csv`...
[32;1m[Board] [0mLoaded 15 move(s).
[32;1m[Board] [0mHistory replayed, 26 piece(s) on board.
[32;1m[Board] [0mLoading move file `championship/chessgambit-bbd/move.csv`...
[32;1m[Board] [0mBlack player is playing b8 to d7.
[32;1m[Board] [0m
[32;1m[Board] [0m     a b c d e f g h
[32;1m[Board] [0m   -------------------
[32;1m[Board] [0m 8 ||[30;1mr[0m| |[30;1mb[0m| |[30;1mK[0m| |[7;1m [0m|[30;1mr[0m|| 8
[32;1m[Board] [0m   -------------------
[32;1m[Board] [0m 7 ||[30;1mp[0m|[30;1mp[0m|[30;1mp[0m|[30;1mk[0m| |[30;1mp[0m|[30;1mp[0m|[30;1mp[0m|| 7
[32;1m[Board] [0m   -------------------
[32;1m[Board] [0m 6 ||[7;1m [0m| |[7;1m [0m|[30;1mb[0m|[7;1m [0m|[30;1mk[0m|[7;1m [0m| || 6
[32;1m[Board] [0m   -------------------
[32;1m[Board] [0m 5 || |[7;1m [0m| |[7;1m [0m| |[7;1m [0m|[0;1mb[0m|[7;1m [0m|| 5
[32;1m[Board] [0m   -------------------
[32;1m[Board] [0m 4 ||[7;1m [0m| |[7;1m [0m| |[7;1m [0m| |[7;1m [0m| || 4
[32;1m[Board] [0m   -------------------
[32;1m[Board] [0m 3 ||[0;1mp[0m|[7;1m [0m| |[7;1m [0m| |[0;1mk[0m| |[7;1m [0m|| 3
[32;1m[Board] [0m   -------------------
[32;1m[Board] [0m 2 ||[7;1m [0m|[0;1mp[0m|[0;1mp[0m| |[0;1mp[0m|[0;1mp[0m|[0;1mp[0m|[0;1mp[0m|| 2
[32;1m[Board] [0m   -------------------
[32;1m[Board] [0m 1 ||[0;1mr[0m|[7;1m [0m| |[7;1m [0m|[0;1mK[0m|[0;1mb[0m| |[0;1mr[0m|| 1
[32;1m[Board] [0m   -------------------
[32;1m[Board] [0m     a b c d e f g h
[32;1m[Board] [0m
[32;1m[Referee] [0mThis is the turn of the White player...
Inputed Board
Currently playing: White

------------------------------Current Search Space--------------------------------------------
Possible moves for piece: P:
 P: (5,0)->(4,0) / a3a4
 P: (6,1)->(5,1) / b2b3
 P: (6,1)->(4,1) / b2b4
 P: (6,2)->(5,2) / c2c3
 P: (6,2)->(4,2) / c2c4
 P: (6,4)->(5,4) / e2e3
 P: (6,4)->(4,4) / e2e4
 P: (6,6)->(5,6) / g2g3
 P: (6,6)->(4,6) / g2g4
 P: (6,7)->(5,7) / h2h3
 P: (6,7)->(4,7) / h2h4
Possible moves for piece: R:
 R: (7,0)->(6,0) / a1a2
 R: (7,0)->(7,1) / a1b1
 R: (7,0)->(7,2) / a1c1
 R: (7,0)->(7,3) / a1d1
 R: (7,7)->(7,6) / h1g1
Possible moves for piece: N:
 N: (5,5)->(7,6) / f3g1
 N: (5,5)->(3,4) / f3e5
 N: (5,5)->(4,7) / f3h4
 N: (5,5)->(6,3) / f3d2
 N: (5,5)->(4,3) / f3d4
Possible moves for piece: B:
 B: (3,6)->(2,5) / g5f6
 B: (3,6)->(2,7) / g5h6
 B: (3,6)->(4,5) / g5f4
 B: (3,6)->(5,4) / g5e3
 B: (3,6)->(6,3) / g5d2
 B: (3,6)->(7,2) / g5c1
 B: (3,6)->(4,7) / g5h4
Possible moves for piece: K:
 K: (7,4)->(7,3) / e1d1
 K: (7,4)->(6,3) / e1d2
 K: (7,4)->(7,2) / e1c1

------------------------------Filtered Search Space--------------------------------------------
Possible moves for piece: P:
 P: (5,0)->(4,0) / a3a4
 P: (6,1)->(5,1) / b2b3
 P: (6,1)->(4,1) / b2b4
 P: (6,2)->(5,2) / c2c3
 P: (6,2)->(4,2) / c2c4
 P: (6,4)->(5,4) / e2e3
 P: (6,4)->(4,4) / e2e4
 P: (6,6)->(5,6) / g2g3
 P: (6,6)->(4,6) / g2g4
 P: (6,7)->(5,7) / h2h3
 P: (6,7)->(4,7) / h2h4
Possible moves for piece: R:
 R: (7,0)->(6,0) / a1a2
 R: (7,0)->(7,1) / a1b1
 R: (7,0)->(7,2) / a1c1
 R: (7,0)->(7,3) / a1d1
 R: (7,7)->(7,6) / h1g1
Possible moves for piece: N:
 N: (5,5)->(7,6) / f3g1
 N: (5,5)->(3,4) / f3e5
 N: (5,5)->(4,7) / f3h4
 N: (5,5)->(6,3) / f3d2
 N: (5,5)->(4,3) / f3d4
Possible moves for piece: B:
 B: (3,6)->(2,5) / g5f6
 B: (3,6)->(2,7) / g5h6
 B: (3,6)->(4,5) / g5f4
 B: (3,6)->(5,4) / g5e3
 B: (3,6)->(6,3) / g5d2
 B: (3,6)->(7,2) / g5c1
 B: (3,6)->(4,7) / g5h4
Possible moves for piece: K:
 K: (7,4)->(7,3) / e1d1
 K: (7,4)->(6,3) / e1d2
 K: (7,4)->(7,2) / e1c1

--------------------------------Info on Attacks---------------------------------------------------
Squares attacked by Black pieces:
(0,1) (0,3) (0,5) (0,6) (1,4) (2,0) (2,1) (2,2) (2,4) (2,6) (2,7) (3,2) (3,3) (3,4) (3,7) (4,1) (4,4) (4,5) (4,6) (5,0) (5,6) (6,7) 

-------------------------------Squares controlled by the enemy------------------------------------
* X * X * X X * 
* * * * X * * * 
X X X * X * X X 
* * X X X * * X 
* X * * X X X * 
X * * * * * X * 
* * * * * * * X 
* * * * * * * * 

------------------------------Check Information---------------------------------------------------
White King located at: (7,4)
White King is safe, no check at this position.

------------------------------Special Move Information-------------------------------------------
No en passant allowed right now
------------------------------Castling Rights Information-------------------------------------------
White Kingside Castle:  AVAILABLE
White Queenside Castle: AVAILABLE
Black Kingside Castle:  AVAILABLE
Black Queenside Castle: AVAILABLE
---------------------------------------------------------------------------------------------------

========== CAPTURE EXPLORATION ==========
[0] B x n | Potential loss: NO | Score: 320
========================================

========== CHECK EXPLORATION ==========
(no checks found)
======================================
--------------------------------------------------------------------------------------------------
Chosen Move: (3,6) --> (2,5)
 / g5f6

r * b * k * * r 
p p p n * p p p 
* * * b * B * * 
* * * * * * * * 
* * * * * * * * 
P * * * * N * * 
* P P * P P P P 
R * * * K B * R 

Code timed out used determine move
[32;1m[Game] [0mPlayer's error code: 0
[32;1m[Game] [0mChecking move validity...
[32;1m[Board] [0mInitializing board (size: 8)...
[32;1m[Board] [0m32 piece(s) on board.
[32;1m[Board] [0mLoading history file `championship/chessgambit-bbd/history.csv`...
[32;1m[Board] [0mLoaded 16 move(s).
[32;1m[Board] [0mHistory replayed, 26 piece(s) on board.
[32;1m[Board] [0mLoading move file `championship/chessgambit-bbd/move.csv`...
[32;1m[Board] [0mWhite player is playing g5 to f6.
[32;1m[Board] [0m[5;1mWhite Bishop is taking Black Knight.[0m
[32;1m[Board] [0m
[32;1m[Board] [0m     a b c d e f g h
[32;1m[Board] [0m   -------------------
[32;1m[Board] [0m 8 ||[30;1mr[0m| |[30;1mb[0m| |[30;1mK[0m| |[7;1m [0m|[30;1mr[0m|| 8
[32;1m[Board] [0m   -------------------
[32;1m[Board] [0m 7 ||[30;1mp[0m|[30;1mp[0m|[30;1mp[0m|[30;1mk[0m| |[30;1mp[0m|[30;1mp[0m|[30;1mp[0m|| 7
[32;1m[Board] [0m   -------------------
[32;1m[Board] [0m 6 ||[7;1m [0m| |[7;1m [0m|[30;1mb[0m|[7;1m [0m|[0;1mb[0m|[7;1m [0m| || 6
[32;1m[Board] [0m   -------------------
[32;1m[Board] [0m 5 || |[7;1m [0m| |[7;1m [0m| |[7;1m [0m| |[7;1m [0m|| 5
[32;1m[Board] [0m   -------------------
[32;1m[Board] [0m 4 ||[7;1m [0m| |[7;1m [0m| |[7;1m [0m| |[7;1m [0m| || 4
[32;1m[Board] [0m   -------------------
[32;1m[Board] [0m 3 ||[0;1mp[0m|[7;1m [0m| |[7;1m [0m| |[0;1mk[0m| |[7;1m [0m|| 3
[32;1m[Board] [0m   -------------------
[32;1m[Board] [0m 2 ||[7;1m [0m|[0;1mp[0m|[0;1mp[0m| |[0;1mp[0m|[0;1mp[0m|[0;1mp[0m|[0;1mp[0m|| 2
[32;1m[Board] [0m   -------------------
[32;1m[Board] [0m 1 ||[0;1mr[0m|[7;1m [0m| |[7;1m [0m|[0;1mK[0m|[0;1mb[0m| |[0;1mr[0m|| 1
[32;1m[Board] [0m   -------------------
[32;1m[Board] [0m     a b c d e f g h
[32;1m[Board] [0m
[32;1m[Referee] [0mThis is the turn of the Black player...
Succesfully loaded network via incbin!
info score 1389 depth 1 nodes 33 time 6
-32000 32000 30
info score 1317 depth 2 nodes 116 time 6
-32000 32000 30
info score 1436 depth 3 nodes 419 time 6
-32000 32000 30
info score 1340 depth 4 nodes 1953 time 11
-32000 32000 30
info score 1366 depth 5 nodes 5654 time 17
1310 1370 30
info score 1346 depth 6 nodes 20092 time 37
1336 1396 30
info score 1356 depth 7 nodes 62410 time 75
1316 1376 30
info score 1354 depth 8 nodes 167758 time 154
1326 1386 30
info score 1364 depth 9 nodes 470904 time 377
1324 1384 30
info score 1362 depth 10 nodes 1863682 time 1578
1334 1394 30
info score 1386 depth 11 nodes 5862870 time 4680
1332 1392 30
bestmove d7f6
[32;1m[Game] [0mPlayer's error code: 0
[32;1m[Game] [0mChecking move validity...
[32;1m[Board] [0mInitializing board (size: 8)...
[32;1m[Board] [0m32 piece(s) on board.
[32;1m[Board] [0mLoading history file `championship/chessgambit-bbd/history.csv`...
[32;1m[Board] [0mLoaded 17 move(s).
[32;1m[Board] [0mHistory replayed, 25 piece(s) on board.
[32;1m[Board] [0mLoading move file `championship/chessgambit-bbd/move.csv`...
[32;1m[Board] [0mBlack player is playing d7 to f6.
[32;1m[Board] [0m[5;1mBlack Knight is taking White Bishop.[0m
[32;1m[Board] [0m
[32;1m[Board] [0m     a b c d e f g h
[32;1m[Board] [0m   -------------------
[32;1m[Board] [0m 8 ||[30;1mr[0m| |[30;1mb[0m| |[30;1mK[0m| |[7;1m [0m|[30;1mr[0m|| 8
[32;1m[Board] [0m   -------------------
[32;1m[Board] [0m 7 ||[30;1mp[0m|[30;1mp[0m|[30;1mp[0m|[7;1m [0m| |[30;1mp[0m|[30;1mp[0m|[30;1mp[0m|| 7
[32;1m[Board] [0m   -------------------
[32;1m[Board] [0m 6 ||[7;1m [0m| |[7;1m [0m|[30;1mb[0m|[7;1m [0m|[30;1mk[0m|[7;1m [0m| || 6
[32;1m[Board] [0m   -------------------
[32;1m[Board] [0m 5 || |[7;1m [0m| |[7;1m [0m| |[7;1m [0m| |[7;1m [0m|| 5
[32;1m[Board] [0m   -------------------
[32;1m[Board] [0m 4 ||[7;1m [0m| |[7;1m [0m| |[7;1m [0m| |[7;1m [0m| || 4
[32;1m[Board] [0m   -------------------
[32;1m[Board] [0m 3 ||[0;1mp[0m|[7;1m [0m| |[7;1m [0m| |[0;1mk[0m| |[7;1m [0m|| 3
[32;1m[Board] [0m   -------------------
[32;1m[Board] [0m 2 ||[7;1m [0m|[0;1mp[0m|[0;1mp[0m| |[0;1mp[0m|[0;1mp[0m|[0;1mp[0m|[0;1mp[0m|| 2
[32;1m[Board] [0m   -------------------
[32;1m[Board] [0m 1 ||[0;1mr[0m|[7;1m [0m| |[7;1m [0m|[0;1mK[0m|[0;1mb[0m| |[0;1mr[0m|| 1
[32;1m[Board] [0m   -------------------
[32;1m[Board] [0m     a b c d e f g h
[32;1m[Board] [0m
[32;1m[Referee] [0mThis is the turn of the White player...
Inputed Board
Currently playing: White

------------------------------Current Search Space--------------------------------------------
Possible moves for piece: P:
 P: (5,0)->(4,0) / a3a4
 P: (6,1)->(5,1) / b2b3
 P: (6,1)->(4,1) / b2b4
 P: (6,2)->(5,2) / c2c3
 P: (6,2)->(4,2) / c2c4
 P: (6,4)->(5,4) / e2e3
 P: (6,4)->(4,4) / e2e4
 P: (6,6)->(5,6) / g2g3
 P: (6,6)->(4,6) / g2g4
 P: (6,7)->(5,7) / h2h3
 P: (6,7)->(4,7) / h2h4
Possible moves for piece: R:
 R: (7,0)->(6,0) / a1a2
 R: (7,0)->(7,1) / a1b1
 R: (7,0)->(7,2) / a1c1
 R: (7,0)->(7,3) / a1d1
 R: (7,7)->(7,6) / h1g1
Possible moves for piece: N:
 N: (5,5)->(7,6) / f3g1
 N: (5,5)->(3,6) / f3g5
 N: (5,5)->(3,4) / f3e5
 N: (5,5)->(4,7) / f3h4
 N: (5,5)->(6,3) / f3d2
 N: (5,5)->(4,3) / f3d4
Possible moves for piece: K:
 K: (7,4)->(7,3) / e1d1
 K: (7,4)->(6,3) / e1d2
 K: (7,4)->(7,2) / e1c1

------------------------------Filtered Search Space--------------------------------------------
Possible moves for piece: P:
 P: (5,0)->(4,0) / a3a4
 P: (6,1)->(5,1) / b2b3
 P: (6,1)->(4,1) / b2b4
 P: (6,2)->(5,2) / c2c3
 P: (6,2)->(4,2) / c2c4
 P: (6,4)->(5,4) / e2e3
 P: (6,4)->(4,4) / e2e4
 P: (6,6)->(5,6) / g2g3
 P: (6,6)->(4,6) / g2g4
 P: (6,7)->(5,7) / h2h3
 P: (6,7)->(4,7) / h2h4
Possible moves for piece: R:
 R: (7,0)->(6,0) / a1a2
 R: (7,0)->(7,1) / a1b1
 R: (7,0)->(7,2) / a1c1
 R: (7,0)->(7,3) / a1d1
 R: (7,7)->(7,6) / h1g1
Possible moves for piece: N:
 N: (5,5)->(7,6) / f3g1
 N: (5,5)->(3,6) / f3g5
 N: (5,5)->(3,4) / f3e5
 N: (5,5)->(4,7) / f3h4
 N: (5,5)->(6,3) / f3d2
 N: (5,5)->(4,3) / f3d4
Possible moves for piece: K:
 K: (7,4)->(7,3) / e1d1
 K: (7,4)->(6,3) / e1d2
 K: (7,4)->(7,2) / e1c1

--------------------------------Info on Attacks---------------------------------------------------
Squares attacked by Black pieces:
(0,1) (0,3) (0,5) (0,6) (1,3) (1,4) (2,0) (2,1) (2,2) (2,4) (2,6) (2,7) (3,2) (3,3) (3,4) (3,5) (3,7) (4,1) (4,4) (4,5) (4,6) (5,0) (5,6) (5,7) (6,7) 

-------------------------------Squares controlled by the enemy------------------------------------
* X * X * X X * 
* * * X X * * * 
X X X * X * X X 
* * X X X X * X 
* X * * X X X * 
X * * * * * X X 
* * * * * * * X 
* * * * * * * * 

------------------------------Check Information---------------------------------------------------
White King located at: (7,4)
White King is safe, no check at this position.

------------------------------Special Move Information-------------------------------------------
No en passant allowed right now
------------------------------Castling Rights Information-------------------------------------------
White Kingside Castle:  AVAILABLE
White Queenside Castle: AVAILABLE
Black Kingside Castle:  AVAILABLE
Black Queenside Castle: AVAILABLE
---------------------------------------------------------------------------------------------------

========== CAPTURE EXPLORATION ==========
========================================

========== CHECK EXPLORATION ==========
(no checks found)
======================================
--------------------------------------------------------------------------------------------------
Chosen Move: (6,4) --> (5,4)
 / e2e3

r * b * k * * r 
p p p * * p p p 
* * * b * n * * 
* * * * * * * * 
* * * * * * * * 
P * * * P N * * 
* P P * * P P P 
R * * * K B * R 

[32;1m[Game] [0mPlayer's error code: 0
[32;1m[Game] [0mChecking move validity...
[32;1m[Board] [0mInitializing board (size: 8)...
[32;1m[Board] [0m32 piece(s) on board.
[32;1m[Board] [0mLoading history file `championship/chessgambit-bbd/history.csv`...
[32;1m[Board] [0mLoaded 18 move(s).
[32;1m[Board] [0mHistory replayed, 24 piece(s) on board.
[32;1m[Board] [0mLoading move file `championship/chessgambit-bbd/move.csv`...
[32;1m[Board] [0mWhite player is playing e2 to e3.
[32;1m[Board] [0m
[32;1m[Board] [0m     a b c d e f g h
[32;1m[Board] [0m   -------------------
[32;1m[Board] [0m 8 ||[30;1mr[0m| |[30;1mb[0m| |[30;1mK[0m| |[7;1m [0m|[30;1mr[0m|| 8
[32;1m[Board] [0m   -------------------
[32;1m[Board] [0m 7 ||[30;1mp[0m|[30;1mp[0m|[30;1mp[0m|[7;1m [0m| |[30;1mp[0m|[30;1mp[0m|[30;1mp[0m|| 7
[32;1m[Board] [0m   -------------------
[32;1m[Board] [0m 6 ||[7;1m [0m| |[7;1m [0m|[30;1mb[0m|[7;1m [0m|[30;1mk[0m|[7;1m [0m| || 6
[32;1m[Board] [0m   -------------------
[32;1m[Board] [0m 5 || |[7;1m [0m| |[7;1m [0m| |[7;1m [0m| |[7;1m [0m|| 5
[32;1m[Board] [0m   -------------------
[32;1m[Board] [0m 4 ||[7;1m [0m| |[7;1m [0m| |[7;1m [0m| |[7;1m [0m| || 4
[32;1m[Board] [0m   -------------------
[32;1m[Board] [0m 3 ||[0;1mp[0m|[7;1m [0m| |[7;1m [0m|[0;1mp[0m|[0;1mk[0m| |[7;1m [0m|| 3
[32;1m[Board] [0m   -------------------
[32;1m[Board] [0m 2 ||[7;1m [0m|[0;1mp[0m|[0;1mp[0m| |[7;1m [0m|[0;1mp[0m|[0;1mp[0m|[0;1mp[0m|| 2
[32;1m[Board] [0m   -------------------
[32;1m[Board] [0m 1 ||[0;1mr[0m|[7;1m [0m| |[7;1m [0m|[0;1mK[0m|[0;1mb[0m| |[0;1mr[0m|| 1
[32;1m[Board] [0m   -------------------
[32;1m[Board] [0m     a b c d e f g h
[32;1m[Board] [0m
[32;1m[Referee] [0mThis is the turn of the Black player...
Succesfully loaded network via incbin!
info score 1463 depth 1 nodes 47 time 2
-32000 32000 30
info score 1340 depth 2 nodes 282 time 3
-32000 32000 30
info score 1366 depth 3 nodes 1957 time 4
-32000 32000 30
info score 1346 depth 4 nodes 5014 time 6
-32000 32000 30
info score 1356 depth 5 nodes 28134 time 21
1316 1376 30
info score 1354 depth 6 nodes 68934 time 52
1326 1386 30
info score 1364 depth 7 nodes 288560 time 206
1324 1384 30
info score 1362 depth 8 nodes 822197 time 621
1334 1394 30
info score 1386 depth 9 nodes 2226621 time 1662
1332 1392 30
info score 1379 depth 10 nodes 7015490 time 5395
1356 1416 30
bestmove e8g8
[32;1m[Game] [0mPlayer's error code: 0
[32;1m[Game] [0mChecking move validity...
[32;1m[Board] [0mInitializing board (size: 8)...
[32;1m[Board] [0m32 piece(s) on board.
[32;1m[Board] [0mLoading history file `championship/chessgambit-bbd/history.csv`...
[32;1m[Board] [0mLoaded 19 move(s).
[32;1m[Board] [0mHistory replayed, 24 piece(s) on board.
[32;1m[Board] [0mLoading move file `championship/chessgambit-bbd/move.csv`...
[32;1m[Board] [0mBlack player is playing e8 to g8.
[32;1m[Board] [0mBlack player is castling kingside...
[32;1m[Board] [0m
[32;1m[Board] [0m     a b c d e f g h
[32;1m[Board] [0m   -------------------
[32;1m[Board] [0m 8 ||[30;1mr[0m| |[30;1mb[0m| |[7;1m [0m|[30;1mr[0m|[30;1mK[0m| || 8
[32;1m[Board] [0m   -------------------
[32;1m[Board] [0m 7 ||[30;1mp[0m|[30;1mp[0m|[30;1mp[0m|[7;1m [0m| |[30;1mp[0m|[30;1mp[0m|[30;1mp[0m|| 7
[32;1m[Board] [0m   -------------------
[32;1m[Board] [0m 6 ||[7;1m [0m| |[7;1m [0m|[30;1mb[0m|[7;1m [0m|[30;1mk[0m|[7;1m [0m| || 6
[32;1m[Board] [0m   -------------------
[32;1m[Board] [0m 5 || |[7;1m [0m| |[7;1m [0m| |[7;1m [0m| |[7;1m [0m|| 5
[32;1m[Board] [0m   -------------------
[32;1m[Board] [0m 4 ||[7;1m [0m| |[7;1m [0m| |[7;1m [0m| |[7;1m [0m| || 4
[32;1m[Board] [0m   -------------------
[32;1m[Board] [0m 3 ||[0;1mp[0m|[7;1m [0m| |[7;1m [0m|[0;1mp[0m|[0;1mk[0m| |[7;1m [0m|| 3
[32;1m[Board] [0m   -------------------
[32;1m[Board] [0m 2 ||[7;1m [0m|[0;1mp[0m|[0;1mp[0m| |[7;1m [0m|[0;1mp[0m|[0;1mp[0m|[0;1mp[0m|| 2
[32;1m[Board] [0m   -------------------
[32;1m[Board] [0m 1 ||[0;1mr[0m|[7;1m [0m| |[7;1m [0m|[0;1mK[0m|[0;1mb[0m| |[0;1mr[0m|| 1
[32;1m[Board] [0m   -------------------
[32;1m[Board] [0m     a b c d e f g h
[32;1m[Board] [0m
[32;1m[Referee] [0mThis is the turn of the White player...
Inputed Board
Currently playing: White

------------------------------Current Search Space--------------------------------------------
Possible moves for piece: P:
 P: (5,0)->(4,0) / a3a4
 P: (5,4)->(4,4) / e3e4
 P: (6,1)->(5,1) / b2b3
 P: (6,1)->(4,1) / b2b4
 P: (6,2)->(5,2) / c2c3
 P: (6,2)->(4,2) / c2c4
 P: (6,6)->(5,6) / g2g3
 P: (6,6)->(4,6) / g2g4
 P: (6,7)->(5,7) / h2h3
 P: (6,7)->(4,7) / h2h4
Possible moves for piece: R:
 R: (7,0)->(6,0) / a1a2
 R: (7,0)->(7,1) / a1b1
 R: (7,0)->(7,2) / a1c1
 R: (7,0)->(7,3) / a1d1
 R: (7,7)->(7,6) / h1g1
Possible moves for piece: N:
 N: (5,5)->(7,6) / f3g1
 N: (5,5)->(3,6) / f3g5
 N: (5,5)->(3,4) / f3e5
 N: (5,5)->(4,7) / f3h4
 N: (5,5)->(6,3) / f3d2
 N: (5,5)->(4,3) / f3d4
Possible moves for piece: B:
 B: (7,5)->(6,4) / f1e2
 B: (7,5)->(5,3) / f1d3
 B: (7,5)->(4,2) / f1c4
 B: (7,5)->(3,1) / f1b5
 B: (7,5)->(2,0) / f1a6
Possible moves for piece: K:
 K: (7,4)->(6,4) / e1e2
 K: (7,4)->(7,3) / e1d1
 K: (7,4)->(6,3) / e1d2
 K: (7,4)->(7,2) / e1c1

------------------------------Filtered Search Space--------------------------------------------
Possible moves for piece: P:
 P: (5,0)->(4,0) / a3a4
 P: (5,4)->(4,4) / e3e4
 P: (6,1)->(5,1) / b2b3
 P: (6,1)->(4,1) / b2b4
 P: (6,2)->(5,2) / c2c3
 P: (6,2)->(4,2) / c2c4
 P: (6,6)->(5,6) / g2g3
 P: (6,6)->(4,6) / g2g4
 P: (6,7)->(5,7) / h2h3
 P: (6,7)->(4,7) / h2h4
Possible moves for piece: R:
 R: (7,0)->(6,0) / a1a2
 R: (7,0)->(7,1) / a1b1
 R: (7,0)->(7,2) / a1c1
 R: (7,0)->(7,3) / a1d1
 R: (7,7)->(7,6) / h1g1
Possible moves for piece: N:
 N: (5,5)->(7,6) / f3g1
 N: (5,5)->(3,6) / f3g5
 N: (5,5)->(3,4) / f3e5
 N: (5,5)->(4,7) / f3h4
 N: (5,5)->(6,3) / f3d2
 N: (5,5)->(4,3) / f3d4
Possible moves for piece: B:
 B: (7,5)->(6,4) / f1e2
 B: (7,5)->(5,3) / f1d3
 B: (7,5)->(4,2) / f1c4
 B: (7,5)->(3,1) / f1b5
 B: (7,5)->(2,0) / f1a6
Possible moves for piece: K:
 K: (7,4)->(6,4) / e1e2
 K: (7,4)->(7,3) / e1d1
 K: (7,4)->(6,3) / e1d2
 K: (7,4)->(7,2) / e1c1

--------------------------------Info on Attacks---------------------------------------------------
Squares attacked by Black pieces:
(0,1) (0,3) (0,4) (0,7) (1,3) (1,4) (2,0) (2,1) (2,2) (2,4) (2,6) (2,7) (3,2) (3,3) (3,4) (3,5) (3,7) (4,1) (4,4) (4,5) (4,6) (5,0) (5,6) (5,7) (6,7) 

-------------------------------Squares controlled by the enemy------------------------------------
* X * X X * * X 
* * * X X * * * 
X X X * X * X X 
* * X X X X * X 
* X * * X X X * 
X * * * * * X X 
* * * * * * * X 
* * * * * * * * 

------------------------------Check Information---------------------------------------------------
White King located at: (7,4)
White King is safe, no check at this position.

------------------------------Special Move Information-------------------------------------------
No en passant allowed right now
------------------------------Castling Rights Information-------------------------------------------
White Kingside Castle:  AVAILABLE
White Queenside Castle: AVAILABLE
Black Kingside Castle:  NOT AVAILABLE
Black Queenside Castle: NOT AVAILABLE
---------------------------------------------------------------------------------------------------

========== CAPTURE EXPLORATION ==========
========================================

========== CHECK EXPLORATION ==========
(no checks found)
======================================
--------------------------------------------------------------------------------------------------
Chosen Move: (7,0) --> (7,2)
 / a1c1

r * b * * r k * 
p p p * * p p p 
* * * b * n * * 
* * * * * * * * 
* * * * * * * * 
P * * * P N * * 
* P P * * P P P 
* * R * K B * R 

Code timed out used determine move
[32;1m[Game] [0mPlayer's error code: 0
[32;1m[Game] [0mChecking move validity...
[32;1m[Board] [0mInitializing board (size: 8)...
[32;1m[Board] [0m32 piece(s) on board.
[32;1m[Board] [0mLoading history file `championship/chessgambit-bbd/history.csv`...
[32;1m[Board] [0mLoaded 20 move(s).
[32;1m[Board] [0mHistory replayed, 24 piece(s) on board.
[32;1m[Board] [0mLoading move file `championship/chessgambit-bbd/move.csv`...
[32;1m[Board] [0mWhite player is playing a1 to c1.
[32;1m[Board] [0m
[32;1m[Board] [0m     a b c d e f g h
[32;1m[Board] [0m   -------------------
[32;1m[Board] [0m 8 ||[30;1mr[0m| |[30;1mb[0m| |[7;1m [0m|[30;1mr[0m|[30;1mK[0m| || 8
[32;1m[Board] [0m   -------------------
[32;1m[Board] [0m 7 ||[30;1mp[0m|[30;1mp[0m|[30;1mp[0m|[7;1m [0m| |[30;1mp[0m|[30;1mp[0m|[30;1mp[0m|| 7
[32;1m[Board] [0m   -------------------
[32;1m[Board] [0m 6 ||[7;1m [0m| |[7;1m [0m|[30;1mb[0m|[7;1m [0m|[30;1mk[0m|[7;1m [0m| || 6
[32;1m[Board] [0m   -------------------
[32;1m[Board] [0m 5 || |[7;1m [0m| |[7;1m [0m| |[7;1m [0m| |[7;1m [0m|| 5
[32;1m[Board] [0m   -------------------
[32;1m[Board] [0m 4 ||[7;1m [0m| |[7;1m [0m| |[7;1m [0m| |[7;1m [0m| || 4
[32;1m[Board] [0m   -------------------
[32;1m[Board] [0m 3 ||[0;1mp[0m|[7;1m [0m| |[7;1m [0m|[0;1mp[0m|[0;1mk[0m| |[7;1m [0m|| 3
[32;1m[Board] [0m   -------------------
[32;1m[Board] [0m 2 ||[7;1m [0m|[0;1mp[0m|[0;1mp[0m| |[7;1m [0m|[0;1mp[0m|[0;1mp[0m|[0;1mp[0m|| 2
[32;1m[Board] [0m   -------------------
[32;1m[Board] [0m 1 || |[7;1m [0m|[0;1mr[0m|[7;1m [0m|[0;1mK[0m|[0;1mb[0m| |[0;1mr[0m|| 1
[32;1m[Board] [0m   -------------------
[32;1m[Board] [0m     a b c d e f g h
[32;1m[Board] [0m
[32;1m[Referee] [0mThis is the turn of the Black player...
Succesfully loaded network via incbin!
info score 1569 depth 1 nodes 44 time 2
-32000 32000 30
info score 1521 depth 2 nodes 323 time 3
-32000 32000 30
info score 1546 depth 3 nodes 2509 time 4
-32000 32000 30
info score 1535 depth 4 nodes 6046 time 7
-32000 32000 30
info score 1551 depth 5 nodes 32217 time 25
1505 1565 30
info score 1522 depth 6 nodes 114518 time 89
1521 1581 30
info score 1535 depth 7 nodes 535513 time 400
1492 1552 30
info score 1508 depth 8 nodes 1076910 time 766
1505 1565 30
info score 1511 depth 9 nodes 5018338 time 3710
1478 1538 30
info score 1489 depth 10 nodes 11027271 time 8447
1481 1541 30
bestmove f8e8
[32;1m[Game] [0mPlayer's error code: 0
[32;1m[Game] [0mChecking move validity...
[32;1m[Board] [0mInitializing board (size: 8)...
[32;1m[Board] [0m32 piece(s) on board.
[32;1m[Board] [0mLoading history file `championship/chessgambit-bbd/history.csv`...
[32;1m[Board] [0mLoaded 21 move(s).
[32;1m[Board] [0mHistory replayed, 24 piece(s) on board.
[32;1m[Board] [0mLoading move file `championship/chessgambit-bbd/move.csv`...
[32;1m[Board] [0mBlack player is playing f8 to e8.
[32;1m[Board] [0m
[32;1m[Board] [0m     a b c d e f g h
[32;1m[Board] [0m   -------------------
[32;1m[Board] [0m 8 ||[30;1mr[0m| |[30;1mb[0m| |[30;1mr[0m| |[30;1mK[0m| || 8
[32;1m[Board] [0m   -------------------
[32;1m[Board] [0m 7 ||[30;1mp[0m|[30;1mp[0m|[30;1mp[0m|[7;1m [0m| |[30;1mp[0m|[30;1mp[0m|[30;1mp[0m|| 7
[32;1m[Board] [0m   -------------------
[32;1m[Board] [0m 6 ||[7;1m [0m| |[7;1m [0m|[30;1mb[0m|[7;1m [0m|[30;1mk[0m|[7;1m [0m| || 6
[32;1m[Board] [0m   -------------------
[32;1m[Board] [0m 5 || |[7;1m [0m| |[7;1m [0m| |[7;1m [0m| |[7;1m [0m|| 5
[32;1m[Board] [0m   -------------------
[32;1m[Board] [0m 4 ||[7;1m [0m| |[7;1m [0m| |[7;1m [0m| |[7;1m [0m| || 4
[32;1m[Board] [0m   -------------------
[32;1m[Board] [0m 3 ||[0;1mp[0m|[7;1m [0m| |[7;1m [0m|[0;1mp[0m|[0;1mk[0m| |[7;1m [0m|| 3
[32;1m[Board] [0m   -------------------
[32;1m[Board] [0m 2 ||[7;1m [0m|[0;1mp[0m|[0;1mp[0m| |[7;1m [0m|[0;1mp[0m|[0;1mp[0m|[0;1mp[0m|| 2
[32;1m[Board] [0m   -------------------
[32;1m[Board] [0m 1 || |[7;1m [0m|[0;1mr[0m|[7;1m [0m|[0;1mK[0m|[0;1mb[0m| |[0;1mr[0m|| 1
[32;1m[Board] [0m   -------------------
[32;1m[Board] [0m     a b c d e f g h
[32;1m[Board] [0m
[32;1m[Referee] [0mThis is the turn of the White player...
Inputed Board
Currently playing: White

------------------------------Current Search Space--------------------------------------------
Possible moves for piece: P:
 P: (5,0)->(4,0) / a3a4
 P: (5,4)->(4,4) / e3e4
 P: (6,1)->(5,1) / b2b3
 P: (6,1)->(4,1) / b2b4
 P: (6,2)->(5,2) / c2c3
 P: (6,2)->(4,2) / c2c4
 P: (6,6)->(5,6) / g2g3
 P: (6,6)->(4,6) / g2g4
 P: (6,7)->(5,7) / h2h3
 P: (6,7)->(4,7) / h2h4
Possible moves for piece: R:
 R: (7,2)->(7,3) / c1d1
 R: (7,2)->(7,1) / c1b1
 R: (7,2)->(7,0) / c1a1
 R: (7,7)->(7,6) / h1g1
Possible moves for piece: N:
 N: (5,5)->(7,6) / f3g1
 N: (5,5)->(3,6) / f3g5
 N: (5,5)->(3,4) / f3e5
 N: (5,5)->(4,7) / f3h4
 N: (5,5)->(6,3) / f3d2
 N: (5,5)->(4,3) / f3d4
Possible moves for piece: B:
 B: (7,5)->(6,4) / f1e2
 B: (7,5)->(5,3) / f1d3
 B: (7,5)->(4,2) / f1c4
 B: (7,5)->(3,1) / f1b5
 B: (7,5)->(2,0) / f1a6
Possible moves for piece: K:
 K: (7,4)->(6,4) / e1e2
 K: (7,4)->(7,3) / e1d1
 K: (7,4)->(6,3) / e1d2

------------------------------Filtered Search Space--------------------------------------------
Possible moves for piece: P:
 P: (5,0)->(4,0) / a3a4
 P: (5,4)->(4,4) / e3e4
 P: (6,1)->(5,1) / b2b3
 P: (6,1)->(4,1) / b2b4
 P: (6,2)->(5,2) / c2c3
 P: (6,2)->(4,2) / c2c4
 P: (6,6)->(5,6) / g2g3
 P: (6,6)->(4,6) / g2g4
 P: (6,7)->(5,7) / h2h3
 P: (6,7)->(4,7) / h2h4
Possible moves for piece: R:
 R: (7,2)->(7,3) / c1d1
 R: (7,2)->(7,1) / c1b1
 R: (7,2)->(7,0) / c1a1
 R: (7,7)->(7,6) / h1g1
Possible moves for piece: N:
 N: (5,5)->(7,6) / f3g1
 N: (5,5)->(3,6) / f3g5
 N: (5,5)->(3,4) / f3e5
 N: (5,5)->(4,7) / f3h4
 N: (5,5)->(6,3) / f3d2
 N: (5,5)->(4,3) / f3d4
Possible moves for piece: B:
 B: (7,5)->(6,4) / f1e2
 B: (7,5)->(5,3) / f1d3
 B: (7,5)->(4,2) / f1c4
 B: (7,5)->(3,1) / f1b5
 B: (7,5)->(2,0) / f1a6
Possible moves for piece: K:
 K: (7,4)->(6,4) / e1e2
 K: (7,4)->(7,3) / e1d1
 K: (7,4)->(6,3) / e1d2

--------------------------------Info on Attacks---------------------------------------------------
Squares attacked by Black pieces:
(0,1) (0,3) (0,5) (0,7) (1,3) (1,4) (2,0) (2,1) (2,2) (2,4) (2,6) (2,7) (3,2) (3,3) (3,4) (3,5) (3,7) (4,1) (4,4) (4,5) (4,6) (5,0) (5,4) (5,6) (5,7) (6,7) 

-------------------------------Squares controlled by the enemy------------------------------------
* X * X * X * X 
* * * X X * * * 
X X X * X * X X 
* * X X X X * X 
* X * * X X X * 
X * * * X * X X 
* * * * * * * X 
* * * * * * * * 

------------------------------Check Information---------------------------------------------------
White King located at: (7,4)
White King is safe, no check at this position.

------------------------------Special Move Information-------------------------------------------
No en passant allowed right now
------------------------------Castling Rights Information-------------------------------------------
White Kingside Castle:  AVAILABLE
White Queenside Castle: NOT AVAILABLE
Black Kingside Castle:  NOT AVAILABLE
Black Queenside Castle: NOT AVAILABLE
---------------------------------------------------------------------------------------------------

========== CAPTURE EXPLORATION ==========
========================================

========== CHECK EXPLORATION ==========
(no checks found)
======================================
--------------------------------------------------------------------------------------------------
Chosen Move: (7,2) --> (7,0)
 / c1a1

r * b * r * k * 
p p p * * p p p 
* * * b * n * * 
* * * * * * * * 
* * * * * * * * 
P * * * P N * * 
* P P * * P P P 
R * * * K B * R 

Code timed out used determine move
[32;1m[Game] [0mPlayer's error code: 0
[32;1m[Game] [0mChecking move validity...
[32;1m[Board] [0mInitializing board (size: 8)...
[32;1m[Board] [0m32 piece(s) on board.
[32;1m[Board] [0mLoading history file `championship/chessgambit-bbd/history.csv`...
[32;1m[Board] [0mLoaded 22 move(s).
[32;1m[Board] [0mHistory replayed, 24 piece(s) on board.
[32;1m[Board] [0mLoading move file `championship/chessgambit-bbd/move.csv`...
[32;1m[Board] [0mWhite player is playing c1 to a1.
[32;1m[Board] [0m
[32;1m[Board] [0m     a b c d e f g h
[32;1m[Board] [0m   -------------------
[32;1m[Board] [0m 8 ||[30;1mr[0m| |[30;1mb[0m| |[30;1mr[0m| |[30;1mK[0m| || 8
[32;1m[Board] [0m   -------------------
[32;1m[Board] [0m 7 ||[30;1mp[0m|[30;1mp[0m|[30;1mp[0m|[7;1m [0m| |[30;1mp[0m|[30;1mp[0m|[30;1mp[0m|| 7
[32;1m[Board] [0m   -------------------
[32;1m[Board] [0m 6 ||[7;1m [0m| |[7;1m [0m|[30;1mb[0m|[7;1m [0m|[30;1mk[0m|[7;1m [0m| || 6
[32;1m[Board] [0m   -------------------
[32;1m[Board] [0m 5 || |[7;1m [0m| |[7;1m [0m| |[7;1m [0m| |[7;1m [0m|| 5
[32;1m[Board] [0m   -------------------
[32;1m[Board] [0m 4 ||[7;1m [0m| |[7;1m [0m| |[7;1m [0m| |[7;1m [0m| || 4
[32;1m[Board] [0m   -------------------
[32;1m[Board] [0m 3 ||[0;1mp[0m|[7;1m [0m| |[7;1m [0m|[0;1mp[0m|[0;1mk[0m| |[7;1m [0m|| 3
[32;1m[Board] [0m   -------------------
[32;1m[Board] [0m 2 ||[7;1m [0m|[0;1mp[0m|[0;1mp[0m| |[7;1m [0m|[0;1mp[0m|[0;1mp[0m|[0;1mp[0m|| 2
[32;1m[Board] [0m   -------------------
[32;1m[Board] [0m 1 ||[0;1mr[0m|[7;1m [0m| |[7;1m [0m|[0;1mK[0m|[0;1mb[0m| |[0;1mr[0m|| 1
[32;1m[Board] [0m   -------------------
[32;1m[Board] [0m     a b c d e f g h
[32;1m[Board] [0m
[32;1m[Referee] [0mThis is the turn of the Black player...
Succesfully loaded network via incbin!
info score 1682 depth 1 nodes 56 time 3
-32000 32000 30
info score 1622 depth 2 nodes 506 time 4
-32000 32000 30
info score 1654 depth 3 nodes 2860 time 5
-32000 32000 30
info score 1612 depth 4 nodes 10946 time 11
-32000 32000 30
info score 1642 depth 5 nodes 46535 time 36
1582 1642 30
info score 1645 depth 5 nodes 55569 time 41
1582 1672 60
info score 1615 depth 6 nodes 80850 time 61
1615 1675 30
info score 1585 depth 6 nodes 130351 time 100
1585 1675 60
info score 1582 depth 6 nodes 194937 time 149
1525 1675 120
info score 1593 depth 7 nodes 609472 time 446
1552 1612 30
info score 1568 depth 8 nodes 1014196 time 770
1563 1623 30
info score 1562 depth 9 nodes 4724008 time 3491
1538 1598 30
info score 1532 depth 10 nodes 8876349 time 6884
1532 1592 30
bestmove c8e6
[32;1m[Game] [0mPlayer's error code: 0
[32;1m[Game] [0mChecking move validity...
[32;1m[Board] [0mInitializing board (size: 8)...
[32;1m[Board] [0m32 piece(s) on board.
[32;1m[Board] [0mLoading history file `championship/chessgambit-bbd/history.csv`...
[32;1m[Board] [0mLoaded 23 move(s).
[32;1m[Board] [0mHistory replayed, 24 piece(s) on board.
[32;1m[Board] [0mLoading move file `championship/chessgambit-bbd/move.csv`...
[32;1m[Board] [0mBlack player is playing c8 to e6.
[32;1m[Board] [0m
[32;1m[Board] [0m     a b c d e f g h
[32;1m[Board] [0m   -------------------
[32;1m[Board] [0m 8 ||[30;1mr[0m| |[7;1m [0m| |[30;1mr[0m| |[30;1mK[0m| || 8
[32;1m[Board] [0m   -------------------
[32;1m[Board] [0m 7 ||[30;1mp[0m|[30;1mp[0m|[30;1mp[0m|[7;1m [0m| |[30;1mp[0m|[30;1mp[0m|[30;1mp[0m|| 7
[32;1m[Board] [0m   -------------------
[32;1m[Board] [0m 6 ||[7;1m [0m| |[7;1m [0m|[30;1mb[0m|[30;1mb[0m|[30;1mk[0m|[7;1m [0m| || 6
[32;1m[Board] [0m   -------------------
[32;1m[Board] [0m 5 || |[7;1m [0m| |[7;1m [0m| |[7;1m [0m| |[7;1m [0m|| 5
[32;1m[Board] [0m   -------------------
[32;1m[Board] [0m 4 ||[7;1m [0m| |[7;1m [0m| |[7;1m [0m| |[7;1m [0m| || 4
[32;1m[Board] [0m   -------------------
[32;1m[Board] [0m 3 ||[0;1mp[0m|[7;1m [0m| |[7;1m [0m|[0;1mp[0m|[0;1mk[0m| |[7;1m [0m|| 3
[32;1m[Board] [0m   -------------------
[32;1m[Board] [0m 2 ||[7;1m [0m|[0;1mp[0m|[0;1mp[0m| |[7;1m [0m|[0;1mp[0m|[0;1mp[0m|[0;1mp[0m|| 2
[32;1m[Board] [0m   -------------------
[32;1m[Board] [0m 1 ||[0;1mr[0m|[7;1m [0m| |[7;1m [0m|[0;1mK[0m|[0;1mb[0m| |[0;1mr[0m|| 1
[32;1m[Board] [0m   -------------------
[32;1m[Board] [0m     a b c d e f g h
[32;1m[Board] [0m
[32;1m[Referee] [0mThis is the turn of the White player...
Inputed Board
Currently playing: White

------------------------------Current Search Space--------------------------------------------
Possible moves for piece: P:
 P: (5,0)->(4,0) / a3a4
 P: (5,4)->(4,4) / e3e4
 P: (6,1)->(5,1) / b2b3
 P: (6,1)->(4,1) / b2b4
 P: (6,2)->(5,2) / c2c3
 P: (6,2)->(4,2) / c2c4
 P: (6,6)->(5,6) / g2g3
 P: (6,6)->(4,6) / g2g4
 P: (6,7)->(5,7) / h2h3
 P: (6,7)->(4,7) / h2h4
Possible moves for piece: R:
 R: (7,0)->(6,0) / a1a2
 R: (7,0)->(7,1) / a1b1
 R: (7,0)->(7,2) / a1c1
 R: (7,0)->(7,3) / a1d1
 R: (7,7)->(7,6) / h1g1
Possible moves for piece: N:
 N: (5,5)->(7,6) / f3g1
 N: (5,5)->(3,6) / f3g5
 N: (5,5)->(3,4) / f3e5
 N: (5,5)->(4,7) / f3h4
 N: (5,5)->(6,3) / f3d2
 N: (5,5)->(4,3) / f3d4
Possible moves for piece: B:
 B: (7,5)->(6,4) / f1e2
 B: (7,5)->(5,3) / f1d3
 B: (7,5)->(4,2) / f1c4
 B: (7,5)->(3,1) / f1b5
 B: (7,5)->(2,0) / f1a6
Possible moves for piece: K:
 K: (7,4)->(6,4) / e1e2
 K: (7,4)->(7,3) / e1d1
 K: (7,4)->(6,3) / e1d2

------------------------------Filtered Search Space--------------------------------------------
Possible moves for piece: P:
 P: (5,0)->(4,0) / a3a4
 P: (5,4)->(4,4) / e3e4
 P: (6,1)->(5,1) / b2b3
 P: (6,1)->(4,1) / b2b4
 P: (6,2)->(5,2) / c2c3
 P: (6,2)->(4,2) / c2c4
 P: (6,6)->(5,6) / g2g3
 P: (6,6)->(4,6) / g2g4
 P: (6,7)->(5,7) / h2h3
 P: (6,7)->(4,7) / h2h4
Possible moves for piece: R:
 R: (7,0)->(6,0) / a1a2
 R: (7,0)->(7,1) / a1b1
 R: (7,0)->(7,2) / a1c1
 R: (7,0)->(7,3) / a1d1
 R: (7,7)->(7,6) / h1g1
Possible moves for piece: N:
 N: (5,5)->(7,6) / f3g1
 N: (5,5)->(3,6) / f3g5
 N: (5,5)->(3,4) / f3e5
 N: (5,5)->(4,7) / f3h4
 N: (5,5)->(6,3) / f3d2
 N: (5,5)->(4,3) / f3d4
Possible moves for piece: B:
 B: (7,5)->(6,4) / f1e2
 B: (7,5)->(5,3) / f1d3
 B: (7,5)->(4,2) / f1c4
 B: (7,5)->(3,1) / f1b5
 B: (7,5)->(2,0) / f1a6
Possible moves for piece: K:
 K: (7,4)->(6,4) / e1e2
 K: (7,4)->(7,3) / e1d1
 K: (7,4)->(6,3) / e1d2

--------------------------------Info on Attacks---------------------------------------------------
Squares attacked by Black pieces:
(0,1) (0,2) (0,3) (0,5) (0,7) (1,3) (1,4) (2,0) (2,1) (2,2) (2,6) (2,7) (3,2) (3,3) (3,4) (3,5) (3,7) (4,1) (4,2) (4,4) (4,5) (4,6) (5,0) (5,1) (5,6) (5,7) (6,0) (6,7) 

-------------------------------Squares controlled by the enemy------------------------------------
* X X X * X * X 
* * * X X * * * 
X X X * * * X X 
* * X X X X * X 
* X X * X X X * 
X X * * * * X X 
X * * * * * * X 
* * * * * * * * 

------------------------------Check Information---------------------------------------------------
White King located at: (7,4)
White King is safe, no check at this position.

------------------------------Special Move Information-------------------------------------------
No en passant allowed right now
------------------------------Castling Rights Information-------------------------------------------
White Kingside Castle:  AVAILABLE
White Queenside Castle: NOT AVAILABLE
Black Kingside Castle:  NOT AVAILABLE
Black Queenside Castle: NOT AVAILABLE
---------------------------------------------------------------------------------------------------

========== CAPTURE EXPLORATION ==========
========================================

========== CHECK EXPLORATION ==========
(no checks found)
======================================
--------------------------------------------------------------------------------------------------
Chosen Move: (7,5) --> (5,3)
 / f1d3

r * * * r * k * 
p p p * * p p p 
* * * b b n * * 
* * * * * * * * 
* * * * * * * * 
P * * B P N * * 
* P P * * P P P 
R * * * K * * R 

Code timed out used determine move
[32;1m[Game] [0mPlayer's error code: 0
[32;1m[Game] [0mChecking move validity...
[32;1m[Board] [0mInitializing board (size: 8)...
[32;1m[Board] [0m32 piece(s) on board.
[32;1m[Board] [0mLoading history file `championship/chessgambit-bbd/history.csv`...
[32;1m[Board] [0mLoaded 24 move(s).
[32;1m[Board] [0mHistory replayed, 24 piece(s) on board.
[32;1m[Board] [0mLoading move file `championship/chessgambit-bbd/move.csv`...
[32;1m[Board] [0mWhite player is playing f1 to d3.
[32;1m[Board] [0m
[32;1m[Board] [0m     a b c d e f g h
[32;1m[Board] [0m   -------------------
[32;1m[Board] [0m 8 ||[30;1mr[0m| |[7;1m [0m| |[30;1mr[0m| |[30;1mK[0m| || 8
[32;1m[Board] [0m   -------------------
[32;1m[Board] [0m 7 ||[30;1mp[0m|[30;1mp[0m|[30;1mp[0m|[7;1m [0m| |[30;1mp[0m|[30;1mp[0m|[30;1mp[0m|| 7
[32;1m[Board] [0m   -------------------
[32;1m[Board] [0m 6 ||[7;1m [0m| |[7;1m [0m|[30;1mb[0m|[30;1mb[0m|[30;1mk[0m|[7;1m [0m| || 6
[32;1m[Board] [0m   -------------------
[32;1m[Board] [0m 5 || |[7;1m [0m| |[7;1m [0m| |[7;1m [0m| |[7;1m [0m|| 5
[32;1m[Board] [0m   -------------------
[32;1m[Board] [0m 4 ||[7;1m [0m| |[7;1m [0m| |[7;1m [0m| |[7;1m [0m| || 4
[32;1m[Board] [0m   -------------------
[32;1m[Board] [0m 3 ||[0;1mp[0m|[7;1m [0m| |[0;1mb[0m|[0;1mp[0m|[0;1mk[0m| |[7;1m [0m|| 3
[32;1m[Board] [0m   -------------------
[32;1m[Board] [0m 2 ||[7;1m [0m|[0;1mp[0m|[0;1mp[0m| |[7;1m [0m|[0;1mp[0m|[0;1mp[0m|[0;1mp[0m|| 2
[32;1m[Board] [0m   -------------------
[32;1m[Board] [0m 1 ||[0;1mr[0m|[7;1m [0m| |[7;1m [0m|[0;1mK[0m|[7;1m [0m| |[0;1mr[0m|| 1
[32;1m[Board] [0m   -------------------
[32;1m[Board] [0m     a b c d e f g h
[32;1m[Board] [0m
[32;1m[Referee] [0mThis is the turn of the Black player...
Succesfully loaded network via incbin!
info score 1713 depth 1 nodes 75 time 7
-32000 32000 30
info score 1643 depth 2 nodes 362 time 7
-32000 32000 30
info score 1659 depth 3 nodes 2826 time 9
-32000 32000 30
info score 1597 depth 4 nodes 6796 time 15
-32000 32000 30
info score 1593 depth 5 nodes 49273 time 74
1567 1627 30
info score 1568 depth 6 nodes 91566 time 129
1563 1623 30
info score 1562 depth 7 nodes 555676 time 457
1538 1598 30
info score 1532 depth 8 nodes 963439 time 792
1532 1592 30
info score 1518 depth 8 nodes 1292742 time 1048
1502 1592 60
info score 1520 depth 9 nodes 4635172 time 3595
1488 1548 30
info score 1508 depth 10 nodes 8550829 time 6785
1490 1550 30
bestmove a8d8
[32;1m[Game] [0mPlayer's error code: 0
[32;1m[Game] [0mChecking move validity...
[32;1m[Board] [0mInitializing board (size: 8)...
[32;1m[Board] [0m32 piece(s) on board.
[32;1m[Board] [0mLoading history file `championship/chessgambit-bbd/history.csv`...
[32;1m[Board] [0mLoaded 25 move(s).
[32;1m[Board] [0mHistory replayed, 24 piece(s) on board.
[32;1m[Board] [0mLoading move file `championship/chessgambit-bbd/move.csv`...
[32;1m[Board] [0mBlack player is playing a8 to d8.
[32;1m[Board] [0m
[32;1m[Board] [0m     a b c d e f g h
[32;1m[Board] [0m   -------------------
[32;1m[Board] [0m 8 ||[7;1m [0m| |[7;1m [0m|[30;1mr[0m|[30;1mr[0m| |[30;1mK[0m| || 8
[32;1m[Board] [0m   -------------------
[32;1m[Board] [0m 7 ||[30;1mp[0m|[30;1mp[0m|[30;1mp[0m|[7;1m [0m| |[30;1mp[0m|[30;1mp[0m|[30;1mp[0m|| 7
[32;1m[Board] [0m   -------------------
[32;1m[Board] [0m 6 ||[7;1m [0m| |[7;1m [0m|[30;1mb[0m|[30;1mb[0m|[30;1mk[0m|[7;1m [0m| || 6
[32;1m[Board] [0m   -------------------
[32;1m[Board] [0m 5 || |[7;1m [0m| |[7;1m [0m| |[7;1m [0m| |[7;1m [0m|| 5
[32;1m[Board] [0m   -------------------
[32;1m[Board] [0m 4 ||[7;1m [0m| |[7;1m [0m| |[7;1m [0m| |[7;1m [0m| || 4
[32;1m[Board] [0m   -------------------
[32;1m[Board] [0m 3 ||[0;1mp[0m|[7;1m [0m| |[0;1mb[0m|[0;1mp[0m|[0;1mk[0m| |[7;1m [0m|| 3
[32;1m[Board] [0m   -------------------
[32;1m[Board] [0m 2 ||[7;1m [0m|[0;1mp[0m|[0;1mp[0m| |[7;1m [0m|[0;1mp[0m|[0;1mp[0m|[0;1mp[0m|| 2
[32;1m[Board] [0m   -------------------
[32;1m[Board] [0m 1 ||[0;1mr[0m|[7;1m [0m| |[7;1m [0m|[0;1mK[0m|[7;1m [0m| |[0;1mr[0m|| 1
[32;1m[Board] [0m   -------------------
[32;1m[Board] [0m     a b c d e f g h
[32;1m[Board] [0m
[32;1m[Referee] [0mThis is the turn of the White player...
Inputed Board
Currently playing: White

------------------------------Current Search Space--------------------------------------------
Possible moves for piece: P:
 P: (5,0)->(4,0) / a3a4
 P: (5,4)->(4,4) / e3e4
 P: (6,1)->(5,1) / b2b3
 P: (6,1)->(4,1) / b2b4
 P: (6,2)->(5,2) / c2c3
 P: (6,2)->(4,2) / c2c4
 P: (6,6)->(5,6) / g2g3
 P: (6,6)->(4,6) / g2g4
 P: (6,7)->(5,7) / h2h3
 P: (6,7)->(4,7) / h2h4
Possible moves for piece: R:
 R: (7,0)->(6,0) / a1a2
 R: (7,0)->(7,1) / a1b1
 R: (7,0)->(7,2) / a1c1
 R: (7,0)->(7,3) / a1d1
 R: (7,7)->(7,6) / h1g1
 R: (7,7)->(7,5) / h1f1
Possible moves for piece: N:
 N: (5,5)->(7,6) / f3g1
 N: (5,5)->(3,6) / f3g5
 N: (5,5)->(3,4) / f3e5
 N: (5,5)->(4,7) / f3h4
 N: (5,5)->(6,3) / f3d2
 N: (5,5)->(4,3) / f3d4
Possible moves for piece: B:
 B: (5,3)->(4,2) / d3c4
 B: (5,3)->(3,1) / d3b5
 B: (5,3)->(2,0) / d3a6
 B: (5,3)->(4,4) / d3e4
 B: (5,3)->(3,5) / d3f5
 B: (5,3)->(2,6) / d3g6
 B: (5,3)->(1,7) / d3h7
 B: (5,3)->(6,4) / d3e2
 B: (5,3)->(7,5) / d3f1
Possible moves for piece: K:
 K: (7,4)->(6,4) / e1e2
 K: (7,4)->(7,5) / e1f1
 K: (7,4)->(7,3) / e1d1
 K: (7,4)->(6,3) / e1d2
 K: (7,4)->(7,6) / e1g1

------------------------------Filtered Search Space--------------------------------------------
Possible moves for piece: P:
 P: (5,0)->(4,0) / a3a4
 P: (5,4)->(4,4) / e3e4
 P: (6,1)->(5,1) / b2b3
 P: (6,1)->(4,1) / b2b4
 P: (6,2)->(5,2) / c2c3
 P: (6,2)->(4,2) / c2c4
 P: (6,6)->(5,6) / g2g3
 P: (6,6)->(4,6) / g2g4
 P: (6,7)->(5,7) / h2h3
 P: (6,7)->(4,7) / h2h4
Possible moves for piece: R:
 R: (7,0)->(6,0) / a1a2
 R: (7,0)->(7,1) / a1b1
 R: (7,0)->(7,2) / a1c1
 R: (7,0)->(7,3) / a1d1
 R: (7,7)->(7,6) / h1g1
 R: (7,7)->(7,5) / h1f1
Possible moves for piece: N:
 N: (5,5)->(7,6) / f3g1
 N: (5,5)->(3,6) / f3g5
 N: (5,5)->(3,4) / f3e5
 N: (5,5)->(4,7) / f3h4
 N: (5,5)->(6,3) / f3d2
 N: (5,5)->(4,3) / f3d4
Possible moves for piece: B:
 B: (5,3)->(4,2) / d3c4
 B: (5,3)->(3,1) / d3b5
 B: (5,3)->(2,0) / d3a6
 B: (5,3)->(4,4) / d3e4
 B: (5,3)->(3,5) / d3f5
 B: (5,3)->(2,6) / d3g6
 B: (5,3)->(1,7) / d3h7
 B: (5,3)->(6,4) / d3e2
 B: (5,3)->(7,5) / d3f1
Possible moves for piece: K:
 K: (7,4)->(6,4) / e1e2
 K: (7,4)->(7,5) / e1f1
 K: (7,4)->(7,3) / e1d1
 K: (7,4)->(6,3) / e1d2
 K: (7,4)->(7,6) / e1g1

--------------------------------Info on Attacks---------------------------------------------------
Squares attacked by Black pieces:
(0,0) (0,1) (0,2) (0,5) (0,7) (1,3) (1,4) (2,0) (2,1) (2,2) (2,6) (2,7) (3,2) (3,3) (3,4) (3,5) (3,7) (4,1) (4,2) (4,4) (4,5) (4,6) (5,0) (5,1) (5,6) (5,7) (6,0) (6,7) 

-------------------------------Squares controlled by the enemy------------------------------------
X X X * * X * X 
* * * X X * * * 
X X X * * * X X 
* * X X X X * X 
* X X * X X X * 
X X * * * * X X 
X * * * * * * X 
* * * * * * * * 

------------------------------Check Information---------------------------------------------------
White King located at: (7,4)
White King is safe, no check at this position.

------------------------------Special Move Information-------------------------------------------
No en passant allowed right now
------------------------------Castling Rights Information-------------------------------------------
White Kingside Castle:  AVAILABLE
White Queenside Castle: NOT AVAILABLE
Black Kingside Castle:  NOT AVAILABLE
Black Queenside Castle: NOT AVAILABLE
---------------------------------------------------------------------------------------------------

========== CAPTURE EXPLORATION ==========
[0] B x p | Potential loss: NO | Score: 100
========================================

========== CHECK EXPLORATION ==========
[0] Candidate: B -> (5,3) -> (1,7) x p | Checking move: B (5,3) -> (1,7)Checkmate: NO
======================================
--------------------------------------------------------------------------------------------------
Chosen Move: (7,4) --> (7,6)
 / e1g1

* * * r r * k * 
p p p * * p p p 
* * * b b n * * 
* * * * * * * * 
* * * * * * * * 
P * * B P N * * 
* P P * * P P P 
R * * * * R K * 

[32;1m[Game] [0mPlayer's error code: 0
[32;1m[Game] [0mChecking move validity...
[32;1m[Board] [0mInitializing board (size: 8)...
[32;1m[Board] [0m32 piece(s) on board.
[32;1m[Board] [0mLoading history file `championship/chessgambit-bbd/history.csv`...
[32;1m[Board] [0mLoaded 26 move(s).
[32;1m[Board] [0mHistory replayed, 24 piece(s) on board.
[32;1m[Board] [0mLoading move file `championship/chessgambit-bbd/move.csv`...
[32;1m[Board] [0mWhite player is playing e1 to g1.
[32;1m[Board] [0mWhite player is castling kingside...
[32;1m[Board] [0m
[32;1m[Board] [0m     a b c d e f g h
[32;1m[Board] [0m   -------------------
[32;1m[Board] [0m 8 ||[7;1m [0m| |[7;1m [0m|[30;1mr[0m|[30;1mr[0m| |[30;1mK[0m| || 8
[32;1m[Board] [0m   -------------------
[32;1m[Board] [0m 7 ||[30;1mp[0m|[30;1mp[0m|[30;1mp[0m|[7;1m [0m| |[30;1mp[0m|[30;1mp[0m|[30;1mp[0m|| 7
[32;1m[Board] [0m   -------------------
[32;1m[Board] [0m 6 ||[7;1m [0m| |[7;1m [0m|[30;1mb[0m|[30;1mb[0m|[30;1mk[0m|[7;1m [0m| || 6
[32;1m[Board] [0m   -------------------
[32;1m[Board] [0m 5 || |[7;1m [0m| |[7;1m [0m| |[7;1m [0m| |[7;1m [0m|| 5
[32;1m[Board] [0m   -------------------
[32;1m[Board] [0m 4 ||[7;1m [0m| |[7;1m [0m| |[7;1m [0m| |[7;1m [0m| || 4
[32;1m[Board] [0m   -------------------
[32;1m[Board] [0m 3 ||[0;1mp[0m|[7;1m [0m| |[0;1mb[0m|[0;1mp[0m|[0;1mk[0m| |[7;1m [0m|| 3
[32;1m[Board] [0m   -------------------
[32;1m[Board] [0m 2 ||[7;1m [0m|[0;1mp[0m|[0;1mp[0m| |[7;1m [0m|[0;1mp[0m|[0;1mp[0m|[0;1mp[0m|| 2
[32;1m[Board] [0m   -------------------
[32;1m[Board] [0m 1 ||[0;1mr[0m|[7;1m [0m| |[7;1m [0m| |[0;1mr[0m|[0;1mK[0m|[7;1m [0m|| 1
[32;1m[Board] [0m   -------------------
[32;1m[Board] [0m     a b c d e f g h
[32;1m[Board] [0m
[32;1m[Referee] [0mThis is the turn of the Black player...
Succesfully loaded network via incbin!
info score 1730 depth 1 nodes 62 time 3
-32000 32000 30
info score 1645 depth 2 nodes 477 time 3
-32000 32000 30
info score 1618 depth 3 nodes 3104 time 5
-32000 32000 30
info score 1590 depth 4 nodes 14032 time 14
-32000 32000 30
info score 1562 depth 5 nodes 60503 time 45
1560 1620 30
info score 1551 depth 6 nodes 150307 time 116
1532 1592 30
info score 1534 depth 7 nodes 564108 time 403
1521 1581 30
info score 1539 depth 8 nodes 1071854 time 805
1504 1564 30
info score 1519 depth 9 nodes 3435440 time 2549
1509 1569 30
info score 1516 depth 10 nodes 6450901 time 4965
1489 1549 30
bestmove e6d5
[32;1m[Game] [0mPlayer's error code: 0
[32;1m[Game] [0mChecking move validity...
[32;1m[Board] [0mInitializing board (size: 8)...
[32;1m[Board] [0m32 piece(s) on board.
[32;1m[Board] [0mLoading history file `championship/chessgambit-bbd/history.csv`...
[32;1m[Board] [0mLoaded 27 move(s).
[32;1m[Board] [0mHistory replayed, 24 piece(s) on board.
[32;1m[Board] [0mLoading move file `championship/chessgambit-bbd/move.csv`...
[32;1m[Board] [0mBlack player is playing e6 to d5.
[32;1m[Board] [0m
[32;1m[Board] [0m     a b c d e f g h
[32;1m[Board] [0m   -------------------
[32;1m[Board] [0m 8 ||[7;1m [0m| |[7;1m [0m|[30;1mr[0m|[30;1mr[0m| |[30;1mK[0m| || 8
[32;1m[Board] [0m   -------------------
[32;1m[Board] [0m 7 ||[30;1mp[0m|[30;1mp[0m|[30;1mp[0m|[7;1m [0m| |[30;1mp[0m|[30;1mp[0m|[30;1mp[0m|| 7
[32;1m[Board] [0m   -------------------
[32;1m[Board] [0m 6 ||[7;1m [0m| |[7;1m [0m|[30;1mb[0m|[7;1m [0m|[30;1mk[0m|[7;1m [0m| || 6
[32;1m[Board] [0m   -------------------
[32;1m[Board] [0m 5 || |[7;1m [0m| |[30;1mb[0m| |[7;1m [0m| |[7;1m [0m|| 5
[32;1m[Board] [0m   -------------------
[32;1m[Board] [0m 4 ||[7;1m [0m| |[7;1m [0m| |[7;1m [0m| |[7;1m [0m| || 4
[32;1m[Board] [0m   -------------------
[32;1m[Board] [0m 3 ||[0;1mp[0m|[7;1m [0m| |[0;1mb[0m|[0;1mp[0m|[0;1mk[0m| |[7;1m [0m|| 3
[32;1m[Board] [0m   -------------------
[32;1m[Board] [0m 2 ||[7;1m [0m|[0;1mp[0m|[0;1mp[0m| |[7;1m [0m|[0;1mp[0m|[0;1mp[0m|[0;1mp[0m|| 2
[32;1m[Board] [0m   -------------------
[32;1m[Board] [0m 1 ||[0;1mr[0m|[7;1m [0m| |[7;1m [0m| |[0;1mr[0m|[0;1mK[0m|[7;1m [0m|| 1
[32;1m[Board] [0m   -------------------
[32;1m[Board] [0m     a b c d e f g h
[32;1m[Board] [0m
[32;1m[Referee] [0mThis is the turn of the White player...
Inputed Board
Currently playing: White

------------------------------Current Search Space--------------------------------------------
Possible moves for piece: P:
 P: (5,0)->(4,0) / a3a4
 P: (5,4)->(4,4) / e3e4
 P: (6,1)->(5,1) / b2b3
 P: (6,1)->(4,1) / b2b4
 P: (6,2)->(5,2) / c2c3
 P: (6,2)->(4,2) / c2c4
 P: (6,6)->(5,6) / g2g3
 P: (6,6)->(4,6) / g2g4
 P: (6,7)->(5,7) / h2h3
 P: (6,7)->(4,7) / h2h4
Possible moves for piece: R:
 R: (7,0)->(6,0) / a1a2
 R: (7,0)->(7,1) / a1b1
 R: (7,0)->(7,2) / a1c1
 R: (7,0)->(7,3) / a1d1
 R: (7,0)->(7,4) / a1e1
 R: (7,5)->(7,4) / f1e1
 R: (7,5)->(7,3) / f1d1
 R: (7,5)->(7,2) / f1c1
 R: (7,5)->(7,1) / f1b1
Possible moves for piece: N:
 N: (5,5)->(7,4) / f3e1
 N: (5,5)->(3,6) / f3g5
 N: (5,5)->(3,4) / f3e5
 N: (5,5)->(4,7) / f3h4
 N: (5,5)->(6,3) / f3d2
 N: (5,5)->(4,3) / f3d4
Possible moves for piece: B:
 B: (5,3)->(4,2) / d3c4
 B: (5,3)->(3,1) / d3b5
 B: (5,3)->(2,0) / d3a6
 B: (5,3)->(4,4) / d3e4
 B: (5,3)->(3,5) / d3f5
 B: (5,3)->(2,6) / d3g6
 B: (5,3)->(1,7) / d3h7
 B: (5,3)->(6,4) / d3e2
Possible moves for piece: K:
 K: (7,6)->(7,7) / g1h1

------------------------------Filtered Search Space--------------------------------------------
Possible moves for piece: P:
 P: (5,0)->(4,0) / a3a4
 P: (5,4)->(4,4) / e3e4
 P: (6,1)->(5,1) / b2b3
 P: (6,1)->(4,1) / b2b4
 P: (6,2)->(5,2) / c2c3
 P: (6,2)->(4,2) / c2c4
 P: (6,6)->(5,6) / g2g3
 P: (6,6)->(4,6) / g2g4
 P: (6,7)->(5,7) / h2h3
 P: (6,7)->(4,7) / h2h4
Possible moves for piece: R:
 R: (7,0)->(6,0) / a1a2
 R: (7,0)->(7,1) / a1b1
 R: (7,0)->(7,2) / a1c1
 R: (7,0)->(7,3) / a1d1
 R: (7,0)->(7,4) / a1e1
 R: (7,5)->(7,4) / f1e1
 R: (7,5)->(7,3) / f1d1
 R: (7,5)->(7,2) / f1c1
 R: (7,5)->(7,1) / f1b1
Possible moves for piece: N:
 N: (5,5)->(7,4) / f3e1
 N: (5,5)->(3,6) / f3g5
 N: (5,5)->(3,4) / f3e5
 N: (5,5)->(4,7) / f3h4
 N: (5,5)->(6,3) / f3d2
 N: (5,5)->(4,3) / f3d4
Possible moves for piece: B:
 B: (5,3)->(4,2) / d3c4
 B: (5,3)->(3,1) / d3b5
 B: (5,3)->(2,0) / d3a6
 B: (5,3)->(4,4) / d3e4
 B: (5,3)->(3,5) / d3f5
 B: (5,3)->(2,6) / d3g6
 B: (5,3)->(1,7) / d3h7
 B: (5,3)->(6,4) / d3e2
Possible moves for piece: K:
 K: (7,6)->(7,7) / g1h1

--------------------------------Info on Attacks---------------------------------------------------
Squares attacked by Black pieces:
(0,0) (0,1) (0,2) (0,5) (0,7) (1,3) (1,4) (2,0) (2,1) (2,2) (2,4) (2,6) (2,7) (3,2) (3,4) (3,7) (4,1) (4,2) (4,4) (4,5) (4,6) (5,0) (5,1) (5,4) (5,5) (5,6) (6,0) (6,7) 

-------------------------------Squares controlled by the enemy------------------------------------
X X X * * X * X 
* * * X X * * * 
X X X * X * X X 
* * X * X * * X 
* X X * X X X * 
X X * * X X X * 
X * * * * * * X 
* * * * * * * * 

------------------------------Check Information---------------------------------------------------
White King located at: (7,6)
White King is safe, no check at this position.

------------------------------Special Move Information-------------------------------------------
No en passant allowed right now
------------------------------Castling Rights Information-------------------------------------------
White Kingside Castle:  NOT AVAILABLE
White Queenside Castle: NOT AVAILABLE
Black Kingside Castle:  NOT AVAILABLE
Black Queenside Castle: NOT AVAILABLE
---------------------------------------------------------------------------------------------------

========== CAPTURE EXPLORATION ==========
[0] B x p | Potential loss: NO | Score: 100
========================================

========== CHECK EXPLORATION ==========
[0] Candidate: B -> (5,3) -> (1,7) x p | Checking move: B (5,3) -> (1,7)Checkmate: NO
======================================
--------------------------------------------------------------------------------------------------
Chosen Move: (5,3) --> (1,7)
 / d3h7

* * * r r * k * 
p p p * * p p B 
* * * b * n * * 
* * * b * * * * 
* * * * * * * * 
P * * * P N * * 
* P P * * P P P 
R * * * * R K * 

Code timed out used determine move
[32;1m[Game] [0mPlayer's error code: 0
[32;1m[Game] [0mChecking move validity...
[32;1m[Board] [0mInitializing board (size: 8)...
[32;1m[Board] [0m32 piece(s) on board.
[32;1m[Board] [0mLoading history file `championship/chessgambit-bbd/history.csv`...
[32;1m[Board] [0mLoaded 28 move(s).
[32;1m[Board] [0mHistory replayed, 24 piece(s) on board.
[32;1m[Board] [0mLoading move file `championship/chessgambit-bbd/move.csv`...
[32;1m[Board] [0mWhite player is playing d3 to h7.
[32;1m[Board] [0m[5;1mWhite Bishop is taking Black Pawn.[0m
[32;1m[Board] [0m
[32;1m[Board] [0m     a b c d e f g h
[32;1m[Board] [0m   -------------------
[32;1m[Board] [0m 8 ||[7;1m [0m| |[7;1m [0m|[30;1mr[0m|[30;1mr[0m| |[30;1mK[0m| || 8
[32;1m[Board] [0m   -------------------
[32;1m[Board] [0m 7 ||[30;1mp[0m|[30;1mp[0m|[30;1mp[0m|[7;1m [0m| |[30;1mp[0m|[30;1mp[0m|[0;1mb[0m|| 7
[32;1m[Board] [0m   -------------------
[32;1m[Board] [0m 6 ||[7;1m [0m| |[7;1m [0m|[30;1mb[0m|[7;1m [0m|[30;1mk[0m|[7;1m [0m| || 6
[32;1m[Board] [0m   -------------------
[32;1m[Board] [0m 5 || |[7;1m [0m| |[30;1mb[0m| |[7;1m [0m| |[7;1m [0m|| 5
[32;1m[Board] [0m   -------------------
[32;1m[Board] [0m 4 ||[7;1m [0m| |[7;1m [0m| |[7;1m [0m| |[7;1m [0m| || 4
[32;1m[Board] [0m   -------------------
[32;1m[Board] [0m 3 ||[0;1mp[0m|[7;1m [0m| |[7;1m [0m|[0;1mp[0m|[0;1mk[0m| |[7;1m [0m|| 3
[32;1m[Board] [0m   -------------------
[32;1m[Board] [0m 2 ||[7;1m [0m|[0;1mp[0m|[0;1mp[0m| |[7;1m [0m|[0;1mp[0m|[0;1mp[0m|[0;1mp[0m|| 2
[32;1m[Board] [0m   -------------------
[32;1m[Board] [0m 1 ||[0;1mr[0m|[7;1m [0m| |[7;1m [0m| |[0;1mr[0m|[0;1mK[0m|[7;1m [0m|| 1
[32;1m[Board] [0m   -------------------
[32;1m[Board] [0m     a b c d e f g h
[32;1m[Board] [0m
[32;1m[Referee] [0mThis is the turn of the Black player...
Succesfully loaded network via incbin!
info score 3088 depth 1 nodes 5 time 6
-32000 32000 30
info score 3040 depth 2 nodes 169 time 6
-32000 32000 30
info score 3061 depth 3 nodes 952 time 7
-32000 32000 30
info score 2967 depth 4 nodes 2373 time 11
-32000 32000 30
info score 2962 depth 5 nodes 6843 time 18
2937 2997 30
info score 2932 depth 6 nodes 10589 time 24
2932 2992 30
info score 2902 depth 6 nodes 12845 time 26
2902 2992 60
info score 2887 depth 6 nodes 21757 time 39
2842 2992 120
info score 2909 depth 7 nodes 58478 time 87
2857 2917 30
info score 2879 depth 8 nodes 98456 time 147
2879 2939 30
info score 2849 depth 8 nodes 125809 time 185
2849 2939 60
info score 2849 depth 8 nodes 158719 time 209
2789 2939 120
info score 2848 depth 9 nodes 526560 time 628
2819 2879 30
info score 2835 depth 10 nodes 2741265 time 2386
2818 2878 30
bestmove f6h7
[32;1m[Game] [0mPlayer's error code: 0
[32;1m[Game] [0mChecking move validity...
[32;1m[Board] [0mInitializing board (size: 8)...
[32;1m[Board] [0m32 piece(s) on board.
[32;1m[Board] [0mLoading history file `championship/chessgambit-bbd/history.csv`...
[32;1m[Board] [0mLoaded 29 move(s).
[32;1m[Board] [0mHistory replayed, 23 piece(s) on board.
[32;1m[Board] [0mLoading move file `championship/chessgambit-bbd/move.csv`...
[32;1m[Board] [0mBlack player is playing f6 to h7.
[32;1m[Board] [0m[5;1mBlack Knight is taking White Bishop.[0m
[32;1m[Board] [0m
[32;1m[Board] [0m     a b c d e f g h
[32;1m[Board] [0m   -------------------
[32;1m[Board] [0m 8 ||[7;1m [0m| |[7;1m [0m|[30;1mr[0m|[30;1mr[0m| |[30;1mK[0m| || 8
[32;1m[Board] [0m   -------------------
[32;1m[Board] [0m 7 ||[30;1mp[0m|[30;1mp[0m|[30;1mp[0m|[7;1m [0m| |[30;1mp[0m|[30;1mp[0m|[30;1mk[0m|| 7
[32;1m[Board] [0m   -------------------
[32;1m[Board] [0m 6 ||[7;1m [0m| |[7;1m [0m|[30;1mb[0m|[7;1m [0m| |[7;1m [0m| || 6
[32;1m[Board] [0m   -------------------
[32;1m[Board] [0m 5 || |[7;1m [0m| |[30;1mb[0m| |[7;1m [0m| |[7;1m [0m|| 5
[32;1m[Board] [0m   -------------------
[32;1m[Board] [0m 4 ||[7;1m [0m| |[7;1m [0m| |[7;1m [0m| |[7;1m [0m| || 4
[32;1m[Board] [0m   -------------------
[32;1m[Board] [0m 3 ||[0;1mp[0m|[7;1m [0m| |[7;1m [0m|[0;1mp[0m|[0;1mk[0m| |[7;1m [0m|| 3
[32;1m[Board] [0m   -------------------
[32;1m[Board] [0m 2 ||[7;1m [0m|[0;1mp[0m|[0;1mp[0m| |[7;1m [0m|[0;1mp[0m|[0;1mp[0m|[0;1mp[0m|| 2
[32;1m[Board] [0m   -------------------
[32;1m[Board] [0m 1 ||[0;1mr[0m|[7;1m [0m| |[7;1m [0m| |[0;1mr[0m|[0;1mK[0m|[7;1m [0m|| 1
[32;1m[Board] [0m   -------------------
[32;1m[Board] [0m     a b c d e f g h
[32;1m[Board] [0m
[32;1m[Referee] [0mThis is the turn of the White player...
Inputed Board
Currently playing: White

------------------------------Current Search Space--------------------------------------------
Possible moves for piece: P:
 P: (5,0)->(4,0) / a3a4
 P: (5,4)->(4,4) / e3e4
 P: (6,1)->(5,1) / b2b3
 P: (6,1)->(4,1) / b2b4
 P: (6,2)->(5,2) / c2c3
 P: (6,2)->(4,2) / c2c4
 P: (6,6)->(5,6) / g2g3
 P: (6,6)->(4,6) / g2g4
 P: (6,7)->(5,7) / h2h3
 P: (6,7)->(4,7) / h2h4
Possible moves for piece: R:
 R: (7,0)->(6,0) / a1a2
 R: (7,0)->(7,1) / a1b1
 R: (7,0)->(7,2) / a1c1
 R: (7,0)->(7,3) / a1d1
 R: (7,0)->(7,4) / a1e1
 R: (7,5)->(7,4) / f1e1
 R: (7,5)->(7,3) / f1d1
 R: (7,5)->(7,2) / f1c1
 R: (7,5)->(7,1) / f1b1
Possible moves for piece: N:
 N: (5,5)->(7,4) / f3e1
 N: (5,5)->(3,6) / f3g5
 N: (5,5)->(3,4) / f3e5
 N: (5,5)->(4,7) / f3h4
 N: (5,5)->(6,3) / f3d2
 N: (5,5)->(4,3) / f3d4
Possible moves for piece: K:
 K: (7,6)->(7,7) / g1h1

------------------------------Filtered Search Space--------------------------------------------
Possible moves for piece: P:
 P: (5,0)->(4,0) / a3a4
 P: (5,4)->(4,4) / e3e4
 P: (6,1)->(5,1) / b2b3
 P: (6,1)->(4,1) / b2b4
 P: (6,2)->(5,2) / c2c3
 P: (6,2)->(4,2) / c2c4
 P: (6,6)->(5,6) / g2g3
 P: (6,6)->(4,6) / g2g4
 P: (6,7)->(5,7) / h2h3
 P: (6,7)->(4,7) / h2h4
Possible moves for piece: R:
 R: (7,0)->(6,0) / a1a2
 R: (7,0)->(7,1) / a1b1
 R: (7,0)->(7,2) / a1c1
 R: (7,0)->(7,3) / a1d1
 R: (7,0)->(7,4) / a1e1
 R: (7,5)->(7,4) / f1e1
 R: (7,5)->(7,3) / f1d1
 R: (7,5)->(7,2) / f1c1
 R: (7,5)->(7,1) / f1b1
Possible moves for piece: N:
 N: (5,5)->(7,4) / f3e1
 N: (5,5)->(3,6) / f3g5
 N: (5,5)->(3,4) / f3e5
 N: (5,5)->(4,7) / f3h4
 N: (5,5)->(6,3) / f3d2
 N: (5,5)->(4,3) / f3d4
Possible moves for piece: K:
 K: (7,6)->(7,7) / g1h1

--------------------------------Info on Attacks---------------------------------------------------
Squares attacked by Black pieces:
(0,0) (0,1) (0,2) (0,5) (0,7) (1,3) (1,4) (2,0) (2,1) (2,2) (2,4) (2,5) (2,6) (2,7) (3,2) (3,4) (3,6) (4,1) (4,2) (4,4) (4,5) (5,0) (5,1) (5,4) (5,5) (5,6) (6,0) (6,7) 

-------------------------------Squares controlled by the enemy------------------------------------
X X X * * X * X 
* * * X X * * * 
X X X * X X X X 
* * X * X * X * 
* X X * X X * * 
X X * * X X X * 
X * * * * * * X 
* * * * * * * * 

------------------------------Check Information---------------------------------------------------
White King located at: (7,6)
White King is safe, no check at this position.

------------------------------Special Move Information-------------------------------------------
No en passant allowed right now
------------------------------Castling Rights Information-------------------------------------------
White Kingside Castle:  NOT AVAILABLE
White Queenside Castle: NOT AVAILABLE
Black Kingside Castle:  NOT AVAILABLE
Black Queenside Castle: NOT AVAILABLE
---------------------------------------------------------------------------------------------------

========== CAPTURE EXPLORATION ==========
========================================

========== CHECK EXPLORATION ==========
(no checks found)
======================================
--------------------------------------------------------------------------------------------------
Chosen Move: (5,5) --> (4,3)
 / f3d4

* * * r r * k * 
p p p * * p p n 
* * * b * * * * 
* * * b * * * * 
* * * N * * * * 
P * * * P * * * 
* P P * * P P P 
R * * * * R K * 

[32;1m[Game] [0mPlayer's error code: 0
[32;1m[Game] [0mChecking move validity...
[32;1m[Board] [0mInitializing board (size: 8)...
[32;1m[Board] [0m32 piece(s) on board.
[32;1m[Board] [0mLoading history file `championship/chessgambit-bbd/history.csv`...
[32;1m[Board] [0mLoaded 30 move(s).
[32;1m[Board] [0mHistory replayed, 22 piece(s) on board.
[32;1m[Board] [0mLoading move file `championship/chessgambit-bbd/move.csv`...
[32;1m[Board] [0mWhite player is playing f3 to d4.
[32;1m[Board] [0m
[32;1m[Board] [0m     a b c d e f g h
[32;1m[Board] [0m   -------------------
[32;1m[Board] [0m 8 ||[7;1m [0m| |[7;1m [0m|[30;1mr[0m|[30;1mr[0m| |[30;1mK[0m| || 8
[32;1m[Board] [0m   -------------------
[32;1m[Board] [0m 7 ||[30;1mp[0m|[30;1mp[0m|[30;1mp[0m|[7;1m [0m| |[30;1mp[0m|[30;1mp[0m|[30;1mk[0m|| 7
[32;1m[Board] [0m   -------------------
[32;1m[Board] [0m 6 ||[7;1m [0m| |[7;1m [0m|[30;1mb[0m|[7;1m [0m| |[7;1m [0m| || 6
[32;1m[Board] [0m   -------------------
[32;1m[Board] [0m 5 || |[7;1m [0m| |[30;1mb[0m| |[7;1m [0m| |[7;1m [0m|| 5
[32;1m[Board] [0m   -------------------
[32;1m[Board] [0m 4 ||[7;1m [0m| |[7;1m [0m|[0;1mk[0m|[7;1m [0m| |[7;1m [0m| || 4
[32;1m[Board] [0m   -------------------
[32;1m[Board] [0m 3 ||[0;1mp[0m|[7;1m [0m| |[7;1m [0m|[0;1mp[0m|[7;1m [0m| |[7;1m [0m|| 3
[32;1m[Board] [0m   -------------------
[32;1m[Board] [0m 2 ||[7;1m [0m|[0;1mp[0m|[0;1mp[0m| |[7;1m [0m|[0;1mp[0m|[0;1mp[0m|[0;1mp[0m|| 2
[32;1m[Board] [0m   -------------------
[32;1m[Board] [0m 1 ||[0;1mr[0m|[7;1m [0m| |[7;1m [0m| |[0;1mr[0m|[0;1mK[0m|[7;1m [0m|| 1
[32;1m[Board] [0m   -------------------
[32;1m[Board] [0m     a b c d e f g h
[32;1m[Board] [0m
[32;1m[Referee] [0mThis is the turn of the Black player...
Succesfully loaded network via incbin!
info score 3157 depth 1 nodes 80 time 2
-32000 32000 30
info score 3059 depth 2 nodes 816 time 3
-32000 32000 30
info score 3019 depth 3 nodes 3763 time 5
-32000 32000 30
info score 3006 depth 4 nodes 11887 time 11
-32000 32000 30
info score 3027 depth 5 nodes 45180 time 33
2976 3036 30
info score 2997 depth 6 nodes 85052 time 62
2997 3057 30
info score 2967 depth 6 nodes 106742 time 77
2967 3057 60
info score 2907 depth 6 nodes 176711 time 129
2907 3057 120
info score 2907 depth 6 nodes 177967 time 130
2787 3057 240
info score 2897 depth 7 nodes 788989 time 560
2877 2937 30
info score 2867 depth 8 nodes 1544920 time 1131
2867 2927 30
info score 2846 depth 8 nodes 1937729 time 1423
2837 2927 60
info score 2866 depth 9 nodes 5490077 time 3983
2816 2876 30
info score 2836 depth 10 nodes 10546760 time 7831
2836 2896 30
bestmove h7f6
[32;1m[Game] [0mPlayer's error code: 0
[32;1m[Game] [0mChecking move validity...
[32;1m[Board] [0mInitializing board (size: 8)...
[32;1m[Board] [0m32 piece(s) on board.
[32;1m[Board] [0mLoading history file `championship/chessgambit-bbd/history.csv`...
[32;1m[Board] [0mLoaded 31 move(s).
[32;1m[Board] [0mHistory replayed, 22 piece(s) on board.
[32;1m[Board] [0mLoading move file `championship/chessgambit-bbd/move.csv`...
[32;1m[Board] [0mBlack player is playing h7 to f6.
[32;1m[Board] [0m
[32;1m[Board] [0m     a b c d e f g h
[32;1m[Board] [0m   -------------------
[32;1m[Board] [0m 8 ||[7;1m [0m| |[7;1m [0m|[30;1mr[0m|[30;1mr[0m| |[30;1mK[0m| || 8
[32;1m[Board] [0m   -------------------
[32;1m[Board] [0m 7 ||[30;1mp[0m|[30;1mp[0m|[30;1mp[0m|[7;1m [0m| |[30;1mp[0m|[30;1mp[0m|[7;1m [0m|| 7
[32;1m[Board] [0m   -------------------
[32;1m[Board] [0m 6 ||[7;1m [0m| |[7;1m [0m|[30;1mb[0m|[7;1m [0m|[30;1mk[0m|[7;1m [0m| || 6
[32;1m[Board] [0m   -------------------
[32;1m[Board] [0m 5 || |[7;1m [0m| |[30;1mb[0m| |[7;1m [0m| |[7;1m [0m|| 5
[32;1m[Board] [0m   -------------------
[32;1m[Board] [0m 4 ||[7;1m [0m| |[7;1m [0m|[0;1mk[0m|[7;1m [0m| |[7;1m [0m| || 4
[32;1m[Board] [0m   -------------------
[32;1m[Board] [0m 3 ||[0;1mp[0m|[7;1m [0m| |[7;1m [0m|[0;1mp[0m|[7;1m [0m| |[7;1m [0m|| 3
[32;1m[Board] [0m   -------------------
[32;1m[Board] [0m 2 ||[7;1m [0m|[0;1mp[0m|[0;1mp[0m| |[7;1m [0m|[0;1mp[0m|[0;1mp[0m|[0;1mp[0m|| 2
[32;1m[Board] [0m   -------------------
[32;1m[Board] [0m 1 ||[0;1mr[0m|[7;1m [0m| |[7;1m [0m| |[0;1mr[0m|[0;1mK[0m|[7;1m [0m|| 1
[32;1m[Board] [0m   -------------------
[32;1m[Board] [0m     a b c d e f g h
[32;1m[Board] [0m
[32;1m[Referee] [0mThis is the turn of the White player...
Inputed Board
Currently playing: White

------------------------------Current Search Space--------------------------------------------
Possible moves for piece: P:
 P: (5,0)->(4,0) / a3a4
 P: (5,4)->(4,4) / e3e4
 P: (6,1)->(5,1) / b2b3
 P: (6,1)->(4,1) / b2b4
 P: (6,2)->(5,2) / c2c3
 P: (6,2)->(4,2) / c2c4
 P: (6,5)->(5,5) / f2f3
 P: (6,5)->(4,5) / f2f4
 P: (6,6)->(5,6) / g2g3
 P: (6,6)->(4,6) / g2g4
 P: (6,7)->(5,7) / h2h3
 P: (6,7)->(4,7) / h2h4
Possible moves for piece: R:
 R: (7,0)->(6,0) / a1a2
 R: (7,0)->(7,1) / a1b1
 R: (7,0)->(7,2) / a1c1
 R: (7,0)->(7,3) / a1d1
 R: (7,0)->(7,4) / a1e1
 R: (7,5)->(7,4) / f1e1
 R: (7,5)->(7,3) / f1d1
 R: (7,5)->(7,2) / f1c1
 R: (7,5)->(7,1) / f1b1
Possible moves for piece: N:
 N: (4,3)->(6,4) / d4e2
 N: (4,3)->(2,4) / d4e6
 N: (4,3)->(2,2) / d4c6
 N: (4,3)->(5,5) / d4f3
 N: (4,3)->(3,5) / d4f5
 N: (4,3)->(5,1) / d4b3
 N: (4,3)->(3,1) / d4b5
Possible moves for piece: K:
 K: (7,6)->(7,7) / g1h1

------------------------------Filtered Search Space--------------------------------------------
Possible moves for piece: P:
 P: (5,0)->(4,0) / a3a4
 P: (5,4)->(4,4) / e3e4
 P: (6,1)->(5,1) / b2b3
 P: (6,1)->(4,1) / b2b4
 P: (6,2)->(5,2) / c2c3
 P: (6,2)->(4,2) / c2c4
 P: (6,5)->(5,5) / f2f3
 P: (6,5)->(4,5) / f2f4
 P: (6,6)->(5,6) / g2g3
 P: (6,6)->(4,6) / g2g4
 P: (6,7)->(5,7) / h2h3
 P: (6,7)->(4,7) / h2h4
Possible moves for piece: R:
 R: (7,0)->(6,0) / a1a2
 R: (7,0)->(7,1) / a1b1
 R: (7,0)->(7,2) / a1c1
 R: (7,0)->(7,3) / a1d1
 R: (7,0)->(7,4) / a1e1
 R: (7,5)->(7,4) / f1e1
 R: (7,5)->(7,3) / f1d1
 R: (7,5)->(7,2) / f1c1
 R: (7,5)->(7,1) / f1b1
Possible moves for piece: N:
 N: (4,3)->(6,4) / d4e2
 N: (4,3)->(2,4) / d4e6
 N: (4,3)->(2,2) / d4c6
 N: (4,3)->(5,5) / d4f3
 N: (4,3)->(3,5) / d4f5
 N: (4,3)->(5,1) / d4b3
 N: (4,3)->(3,1) / d4b5
Possible moves for piece: K:
 K: (7,6)->(7,7) / g1h1

--------------------------------Info on Attacks---------------------------------------------------
Squares attacked by Black pieces:
(0,0) (0,1) (0,2) (0,5) (0,7) (1,3) (1,4) (1,7) (2,0) (2,1) (2,2) (2,4) (2,6) (2,7) (3,2) (3,4) (3,7) (4,1) (4,2) (4,4) (4,5) (4,6) (5,0) (5,1) (5,4) (5,5) (5,6) (6,0) (6,6) (6,7) 

-------------------------------Squares controlled by the enemy------------------------------------
X X X * * X * X 
* * * X X * * X 
X X X * X * X X 
* * X * X * * X 
* X X * X X X * 
X X * * X X X * 
X * * * * * X X 
* * * * * * * * 

------------------------------Check Information---------------------------------------------------
White King located at: (7,6)
White King is safe, no check at this position.

------------------------------Special Move Information-------------------------------------------
No en passant allowed right now
------------------------------Castling Rights Information-------------------------------------------
White Kingside Castle:  NOT AVAILABLE
White Queenside Castle: NOT AVAILABLE
Black Kingside Castle:  NOT AVAILABLE
Black Queenside Castle: NOT AVAILABLE
---------------------------------------------------------------------------------------------------

========== CAPTURE EXPLORATION ==========
========================================

========== CHECK EXPLORATION ==========
(no checks found)
======================================
--------------------------------------------------------------------------------------------------
Chosen Move: (7,0) --> (7,1)
 / a1b1

* * * r r * k * 
p p p * * p p * 
* * * b * n * * 
* * * b * * * * 
* * * N * * * * 
P * * * P * * * 
* P P * * P P P 
* R * * * R K * 

Code timed out used determine move
[32;1m[Game] [0mPlayer's error code: 0
[32;1m[Game] [0mChecking move validity...
[32;1m[Board] [0mInitializing board (size: 8)...
[32;1m[Board] [0m32 piece(s) on board.
[32;1m[Board] [0mLoading history file `championship/chessgambit-bbd/history.csv`...
[32;1m[Board] [0mLoaded 32 move(s).
[32;1m[Board] [0mHistory replayed, 22 piece(s) on board.
[32;1m[Board] [0mLoading move file `championship/chessgambit-bbd/move.csv`...
[32;1m[Board] [0mWhite player is playing a1 to b1.
[32;1m[Board] [0m
[32;1m[Board] [0m     a b c d e f g h
[32;1m[Board] [0m   -------------------
[32;1m[Board] [0m 8 ||[7;1m [0m| |[7;1m [0m|[30;1mr[0m|[30;1mr[0m| |[30;1mK[0m| || 8
[32;1m[Board] [0m   -------------------
[32;1m[Board] [0m 7 ||[30;1mp[0m|[30;1mp[0m|[30;1mp[0m|[7;1m [0m| |[30;1mp[0m|[30;1mp[0m|[7;1m [0m|| 7
[32;1m[Board] [0m   -------------------
[32;1m[Board] [0m 6 ||[7;1m [0m| |[7;1m [0m|[30;1mb[0m|[7;1m [0m|[30;1mk[0m|[7;1m [0m| || 6
[32;1m[Board] [0m   -------------------
[32;1m[Board] [0m 5 || |[7;1m [0m| |[30;1mb[0m| |[7;1m [0m| |[7;1m [0m|| 5
[32;1m[Board] [0m   -------------------
[32;1m[Board] [0m 4 ||[7;1m [0m| |[7;1m [0m|[0;1mk[0m|[7;1m [0m| |[7;1m [0m| || 4
[32;1m[Board] [0m   -------------------
[32;1m[Board] [0m 3 ||[0;1mp[0m|[7;1m [0m| |[7;1m [0m|[0;1mp[0m|[7;1m [0m| |[7;1m [0m|| 3
[32;1m[Board] [0m   -------------------
[32;1m[Board] [0m 2 ||[7;1m [0m|[0;1mp[0m|[0;1mp[0m| |[7;1m [0m|[0;1mp[0m|[0;1mp[0m|[0;1mp[0m|| 2
[32;1m[Board] [0m   -------------------
[32;1m[Board] [0m 1 || |[0;1mr[0m| |[7;1m [0m| |[0;1mr[0m|[0;1mK[0m|[7;1m [0m|| 1
[32;1m[Board] [0m   -------------------
[32;1m[Board] [0m     a b c d e f g h
[32;1m[Board] [0m
[32;1m[Referee] [0mThis is the turn of the Black player...
Succesfully loaded network via incbin!
info score 3188 depth 1 nodes 90 time 6
-32000 32000 30
info score 3104 depth 2 nodes 802 time 7
-32000 32000 30
info score 3086 depth 3 nodes 4065 time 12
-32000 32000 30
info score 3008 depth 4 nodes 16503 time 32
-32000 32000 30
info score 3038 depth 5 nodes 27264 time 46
2978 3038 30
info score 3060 depth 5 nodes 63085 time 93
2978 3068 60
info score 3030 depth 6 nodes 112464 time 171
3030 3090 30
info score 3000 depth 6 nodes 143487 time 218
3000 3090 60
info score 2965 depth 6 nodes 229587 time 312
2940 3090 120
info score 2943 depth 7 nodes 940931 time 882
2935 2995 30
info score 2913 depth 8 nodes 1863853 time 1650
2913 2973 30
info score 2903 depth 8 nodes 2459842 time 2207
2883 2973 60
info score 2896 depth 9 nodes 8899222 time 7267
2873 2933 30
bestmove a7a5
[32;1m[Game] [0mPlayer's error code: 0
[32;1m[Game] [0mChecking move validity...
[32;1m[Board] [0mInitializing board (size: 8)...
[32;1m[Board] [0m32 piece(s) on board.
[32;1m[Board] [0mLoading history file `championship/chessgambit-bbd/history.csv`...
[32;1m[Board] [0mLoaded 33 move(s).
[32;1m[Board] [0mHistory replayed, 22 piece(s) on board.
[32;1m[Board] [0mLoading move file `championship/chessgambit-bbd/move.csv`...
[32;1m[Board] [0mBlack player is playing a7 to a5.
[32;1m[Board] [0m
[32;1m[Board] [0m     a b c d e f g h
[32;1m[Board] [0m   -------------------
[32;1m[Board] [0m 8 ||[7;1m [0m| |[7;1m [0m|[30;1mr[0m|[30;1mr[0m| |[30;1mK[0m| || 8
[32;1m[Board] [0m   -------------------
[32;1m[Board] [0m 7 || |[30;1mp[0m|[30;1mp[0m|[7;1m [0m| |[30;1mp[0m|[30;1mp[0m|[7;1m [0m|| 7
[32;1m[Board] [0m   -------------------
[32;1m[Board] [0m 6 ||[7;1m [0m| |[7;1m [0m|[30;1mb[0m|[7;1m [0m|[30;1mk[0m|[7;1m [0m| || 6
[32;1m[Board] [0m   -------------------
[32;1m[Board] [0m 5 ||[30;1mp[0m|[7;1m [0m| |[30;1mb[0m| |[7;1m [0m| |[7;1m [0m|| 5
[32;1m[Board] [0m   -------------------
[32;1m[Board] [0m 4 ||[7;1m [0m| |[7;1m [0m|[0;1mk[0m|[7;1m [0m| |[7;1m [0m| || 4
[32;1m[Board] [0m   -------------------
[32;1m[Board] [0m 3 ||[0;1mp[0m|[7;1m [0m| |[7;1m [0m|[0;1mp[0m|[7;1m [0m| |[7;1m [0m|| 3
[32;1m[Board] [0m   -------------------
[32;1m[Board] [0m 2 ||[7;1m [0m|[0;1mp[0m|[0;1mp[0m| |[7;1m [0m|[0;1mp[0m|[0;1mp[0m|[0;1mp[0m|| 2
[32;1m[Board] [0m   -------------------
[32;1m[Board] [0m 1 || |[0;1mr[0m| |[7;1m [0m| |[0;1mr[0m|[0;1mK[0m|[7;1m [0m|| 1
[32;1m[Board] [0m   -------------------
[32;1m[Board] [0m     a b c d e f g h
[32;1m[Board] [0m
[32;1m[Referee] [0mThis is the turn of the White player...
Inputed Board
Currently playing: White

------------------------------Current Search Space--------------------------------------------
Possible moves for piece: P:
 P: (5,0)->(4,0) / a3a4
 P: (5,4)->(4,4) / e3e4
 P: (6,1)->(5,1) / b2b3
 P: (6,1)->(4,1) / b2b4
 P: (6,2)->(5,2) / c2c3
 P: (6,2)->(4,2) / c2c4
 P: (6,5)->(5,5) / f2f3
 P: (6,5)->(4,5) / f2f4
 P: (6,6)->(5,6) / g2g3
 P: (6,6)->(4,6) / g2g4
 P: (6,7)->(5,7) / h2h3
 P: (6,7)->(4,7) / h2h4
Possible moves for piece: R:
 R: (7,1)->(7,2) / b1c1
 R: (7,1)->(7,3) / b1d1
 R: (7,1)->(7,4) / b1e1
 R: (7,1)->(7,0) / b1a1
 R: (7,5)->(7,4) / f1e1
 R: (7,5)->(7,3) / f1d1
 R: (7,5)->(7,2) / f1c1
Possible moves for piece: N:
 N: (4,3)->(6,4) / d4e2
 N: (4,3)->(2,4) / d4e6
 N: (4,3)->(2,2) / d4c6
 N: (4,3)->(5,5) / d4f3
 N: (4,3)->(3,5) / d4f5
 N: (4,3)->(5,1) / d4b3
 N: (4,3)->(3,1) / d4b5
Possible moves for piece: K:
 K: (7,6)->(7,7) / g1h1

------------------------------Filtered Search Space--------------------------------------------
Possible moves for piece: P:
 P: (5,0)->(4,0) / a3a4
 P: (5,4)->(4,4) / e3e4
 P: (6,1)->(5,1) / b2b3
 P: (6,1)->(4,1) / b2b4
 P: (6,2)->(5,2) / c2c3
 P: (6,2)->(4,2) / c2c4
 P: (6,5)->(5,5) / f2f3
 P: (6,5)->(4,5) / f2f4
 P: (6,6)->(5,6) / g2g3
 P: (6,6)->(4,6) / g2g4
 P: (6,7)->(5,7) / h2h3
 P: (6,7)->(4,7) / h2h4
Possible moves for piece: R:
 R: (7,1)->(7,2) / b1c1
 R: (7,1)->(7,3) / b1d1
 R: (7,1)->(7,4) / b1e1
 R: (7,1)->(7,0) / b1a1
 R: (7,5)->(7,4) / f1e1
 R: (7,5)->(7,3) / f1d1
 R: (7,5)->(7,2) / f1c1
Possible moves for piece: N:
 N: (4,3)->(6,4) / d4e2
 N: (4,3)->(2,4) / d4e6
 N: (4,3)->(2,2) / d4c6
 N: (4,3)->(5,5) / d4f3
 N: (4,3)->(3,5) / d4f5
 N: (4,3)->(5,1) / d4b3
 N: (4,3)->(3,1) / d4b5
Possible moves for piece: K:
 K: (7,6)->(7,7) / g1h1

--------------------------------Info on Attacks---------------------------------------------------
Squares attacked by Black pieces:
(0,0) (0,1) (0,2) (0,5) (0,7) (1,3) (1,4) (1,7) (2,0) (2,1) (2,2) (2,4) (2,6) (2,7) (3,2) (3,4) (3,7) (4,1) (4,2) (4,4) (4,5) (4,6) (5,0) (5,1) (5,4) (5,5) (5,6) (6,0) (6,6) (6,7) 

-------------------------------Squares controlled by the enemy------------------------------------
X X X * * X * X 
* * * X X * * X 
X X X * X * X X 
* * X * X * * X 
* X X * X X X * 
X X * * X X X * 
X * * * * * X X 
* * * * * * * * 

------------------------------Check Information---------------------------------------------------
White King located at: (7,6)
White King is safe, no check at this position.

------------------------------Special Move Information-------------------------------------------
No en passant allowed right now
------------------------------Castling Rights Information-------------------------------------------
White Kingside Castle:  NOT AVAILABLE
White Queenside Castle: NOT AVAILABLE
Black Kingside Castle:  NOT AVAILABLE
Black Queenside Castle: NOT AVAILABLE
---------------------------------------------------------------------------------------------------

========== CAPTURE EXPLORATION ==========
========================================

========== CHECK EXPLORATION ==========
(no checks found)
======================================
--------------------------------------------------------------------------------------------------
Chosen Move: (4,3) --> (6,4)
 / d4e2

* * * r r * k * 
* p p * * p p * 
* * * b * n * * 
p * * b * * * * 
* * * * * * * * 
P * * * P * * * 
* P P * N P P P 
* R * * * R K * 

Code timed out used determine move
[32;1m[Game] [0mPlayer's error code: 0
[32;1m[Game] [0mChecking move validity...
[32;1m[Board] [0mInitializing board (size: 8)...
[32;1m[Board] [0m32 piece(s) on board.
[32;1m[Board] [0mLoading history file `championship/chessgambit-bbd/history.csv`...
[32;1m[Board] [0mLoaded 34 move(s).
[32;1m[Board] [0mHistory replayed, 22 piece(s) on board.
[32;1m[Board] [0mLoading move file `championship/chessgambit-bbd/move.csv`...
[32;1m[Board] [0mWhite player is playing d4 to e2.
[32;1m[Board] [0m
[32;1m[Board] [0m     a b c d e f g h
[32;1m[Board] [0m   -------------------
[32;1m[Board] [0m 8 ||[7;1m [0m| |[7;1m [0m|[30;1mr[0m|[30;1mr[0m| |[30;1mK[0m| || 8
[32;1m[Board] [0m   -------------------
[32;1m[Board] [0m 7 || |[30;1mp[0m|[30;1mp[0m|[7;1m [0m| |[30;1mp[0m|[30;1mp[0m|[7;1m [0m|| 7
[32;1m[Board] [0m   -------------------
[32;1m[Board] [0m 6 ||[7;1m [0m| |[7;1m [0m|[30;1mb[0m|[7;1m [0m|[30;1mk[0m|[7;1m [0m| || 6
[32;1m[Board] [0m   -------------------
[32;1m[Board] [0m 5 ||[30;1mp[0m|[7;1m [0m| |[30;1mb[0m| |[7;1m [0m| |[7;1m [0m|| 5
[32;1m[Board] [0m   -------------------
[32;1m[Board] [0m 4 ||[7;1m [0m| |[7;1m [0m| |[7;1m [0m| |[7;1m [0m| || 4
[32;1m[Board] [0m   -------------------
[32;1m[Board] [0m 3 ||[0;1mp[0m|[7;1m [0m| |[7;1m [0m|[0;1mp[0m|[7;1m [0m| |[7;1m [0m|| 3
[32;1m[Board] [0m   -------------------
[32;1m[Board] [0m 2 ||[7;1m [0m|[0;1mp[0m|[0;1mp[0m| |[0;1mk[0m|[0;1mp[0m|[0;1mp[0m|[0;1mp[0m|| 2
[32;1m[Board] [0m   -------------------
[32;1m[Board] [0m 1 || |[0;1mr[0m| |[7;1m [0m| |[0;1mr[0m|[0;1mK[0m|[7;1m [0m|| 1
[32;1m[Board] [0m   -------------------
[32;1m[Board] [0m     a b c d e f g h
[32;1m[Board] [0m
[32;1m[Referee] [0mThis is the turn of the Black player...
Succesfully loaded network via incbin!
info score 3255 depth 1 nodes 83 time 6
-32000 32000 30
info score 3192 depth 2 nodes 1200 time 7
-32000 32000 30
info score 3165 depth 3 nodes 3536 time 8
-32000 32000 30
info score 3098 depth 4 nodes 19855 time 33
-32000 32000 30
info score 3128 depth 5 nodes 20353 time 34
3068 3128 30
info score 3126 depth 5 nodes 75098 time 107
3068 3158 60
info score 3096 depth 6 nodes 178885 time 260
3096 3156 30
info score 3066 depth 6 nodes 265075 time 386
3066 3156 60
info score 3045 depth 6 nodes 373445 time 545
3006 3156 120
info score 3045 depth 7 nodes 1088451 time 1191
3015 3075 30
info score 3048 depth 8 nodes 1995905 time 1879
3015 3075 30
info score 3018 depth 9 nodes 8337216 time 6644
3018 3078 30
info score 3018 depth 9 nodes 8978287 time 7106
2988 3078 60
bestmove d5e4
[32;1m[Game] [0mPlayer's error code: 0
[32;1m[Game] [0mChecking move validity...
[32;1m[Board] [0mInitializing board (size: 8)...
[32;1m[Board] [0m32 piece(s) on board.
[32;1m[Board] [0mLoading history file `championship/chessgambit-bbd/history.csv`...
[32;1m[Board] [0mLoaded 35 move(s).
[32;1m[Board] [0mHistory replayed, 22 piece(s) on board.
[32;1m[Board] [0mLoading move file `championship/chessgambit-bbd/move.csv`...
[32;1m[Board] [0mBlack player is playing d5 to e4.
[32;1m[Board] [0m
[32;1m[Board] [0m     a b c d e f g h
[32;1m[Board] [0m   -------------------
[32;1m[Board] [0m 8 ||[7;1m [0m| |[7;1m [0m|[30;1mr[0m|[30;1mr[0m| |[30;1mK[0m| || 8
[32;1m[Board] [0m   -------------------
[32;1m[Board] [0m 7 || |[30;1mp[0m|[30;1mp[0m|[7;1m [0m| |[30;1mp[0m|[30;1mp[0m|[7;1m [0m|| 7
[32;1m[Board] [0m   -------------------
[32;1m[Board] [0m 6 ||[7;1m [0m| |[7;1m [0m|[30;1mb[0m|[7;1m [0m|[30;1mk[0m|[7;1m [0m| || 6
[32;1m[Board] [0m   -------------------
[32;1m[Board] [0m 5 ||[30;1mp[0m|[7;1m [0m| |[7;1m [0m| |[7;1m [0m| |[7;1m [0m|| 5
[32;1m[Board] [0m   -------------------
[32;1m[Board] [0m 4 ||[7;1m [0m| |[7;1m [0m| |[30;1mb[0m| |[7;1m [0m| || 4
[32;1m[Board] [0m   -------------------
[32;1m[Board] [0m 3 ||[0;1mp[0m|[7;1m [0m| |[7;1m [0m|[0;1mp[0m|[7;1m [0m| |[7;1m [0m|| 3
[32;1m[Board] [0m   -------------------
[32;1m[Board] [0m 2 ||[7;1m [0m|[0;1mp[0m|[0;1mp[0m| |[0;1mk[0m|[0;1mp[0m|[0;1mp[0m|[0;1mp[0m|| 2
[32;1m[Board] [0m   -------------------
[32;1m[Board] [0m 1 || |[0;1mr[0m| |[7;1m [0m| |[0;1mr[0m|[0;1mK[0m|[7;1m [0m|| 1
[32;1m[Board] [0m   -------------------
[32;1m[Board] [0m     a b c d e f g h
[32;1m[Board] [0m
[32;1m[Referee] [0mThis is the turn of the White player...
Inputed Board
Currently playing: White

------------------------------Current Search Space--------------------------------------------
Possible moves for piece: P:
 P: (5,0)->(4,0) / a3a4
 P: (6,1)->(5,1) / b2b3
 P: (6,1)->(4,1) / b2b4
 P: (6,2)->(5,2) / c2c3
 P: (6,2)->(4,2) / c2c4
 P: (6,5)->(5,5) / f2f3
 P: (6,5)->(4,5) / f2f4
 P: (6,6)->(5,6) / g2g3
 P: (6,6)->(4,6) / g2g4
 P: (6,7)->(5,7) / h2h3
 P: (6,7)->(4,7) / h2h4
Possible moves for piece: R:
 R: (7,1)->(7,2) / b1c1
 R: (7,1)->(7,3) / b1d1
 R: (7,1)->(7,4) / b1e1
 R: (7,1)->(7,0) / b1a1
 R: (7,5)->(7,4) / f1e1
 R: (7,5)->(7,3) / f1d1
 R: (7,5)->(7,2) / f1c1
Possible moves for piece: N:
 N: (6,4)->(4,5) / e2f4
 N: (6,4)->(4,3) / e2d4
 N: (6,4)->(5,6) / e2g3
 N: (6,4)->(7,2) / e2c1
 N: (6,4)->(5,2) / e2c3
Possible moves for piece: K:
 K: (7,6)->(7,7) / g1h1

------------------------------Filtered Search Space--------------------------------------------
Possible moves for piece: P:
 P: (5,0)->(4,0) / a3a4
 P: (6,1)->(5,1) / b2b3
 P: (6,1)->(4,1) / b2b4
 P: (6,2)->(5,2) / c2c3
 P: (6,2)->(4,2) / c2c4
 P: (6,5)->(5,5) / f2f3
 P: (6,5)->(4,5) / f2f4
 P: (6,6)->(5,6) / g2g3
 P: (6,6)->(4,6) / g2g4
 P: (6,7)->(5,7) / h2h3
 P: (6,7)->(4,7) / h2h4
Possible moves for piece: R:
 R: (7,1)->(7,2) / b1c1
 R: (7,1)->(7,3) / b1d1
 R: (7,1)->(7,4) / b1e1
 R: (7,1)->(7,0) / b1a1
 R: (7,5)->(7,4) / f1e1
 R: (7,5)->(7,3) / f1d1
 R: (7,5)->(7,2) / f1c1
Possible moves for piece: N:
 N: (6,4)->(4,5) / e2f4
 N: (6,4)->(4,3) / e2d4
 N: (6,4)->(5,6) / e2g3
 N: (6,4)->(7,2) / e2c1
 N: (6,4)->(5,2) / e2c3
Possible moves for piece: K:
 K: (7,6)->(7,7) / g1h1

--------------------------------Info on Attacks---------------------------------------------------
Squares attacked by Black pieces:
(0,0) (0,1) (0,2) (0,5) (0,7) (1,3) (1,4) (1,7) (2,0) (2,1) (2,2) (2,4) (2,6) (2,7) (3,2) (3,3) (3,4) (3,5) (3,7) (4,1) (4,5) (4,6) (5,0) (5,3) (5,5) (5,6) (6,2) (6,6) (6,7) 

-------------------------------Squares controlled by the enemy------------------------------------
X X X * * X * X 
* * * X X * * X 
X X X * X * X X 
* * X X X X * X 
* X * * * X X * 
X * * X * X X * 
* * X * * * X X 
* * * * * * * * 

------------------------------Check Information---------------------------------------------------
White King located at: (7,6)
White King is safe, no check at this position.

------------------------------Special Move Information-------------------------------------------
No en passant allowed right now
------------------------------Castling Rights Information-------------------------------------------
White Kingside Castle:  NOT AVAILABLE
White Queenside Castle: NOT AVAILABLE
Black Kingside Castle:  NOT AVAILABLE
Black Queenside Castle: NOT AVAILABLE
---------------------------------------------------------------------------------------------------

========== CAPTURE EXPLORATION ==========
========================================

========== CHECK EXPLORATION ==========
(no checks found)
======================================
--------------------------------------------------------------------------------------------------
Chosen Move: (7,1) --> (7,4)
 / b1e1

* * * r r * k * 
* p p * * p p * 
* * * b * n * * 
p * * * * * * * 
* * * * b * * * 
P * * * P * * * 
* P P * N P P P 
* * * * R R K * 

Code timed out used determine move
[32;1m[Game] [0mPlayer's error code: 0
[32;1m[Game] [0mChecking move validity...
[32;1m[Board] [0mInitializing board (size: 8)...
[32;1m[Board] [0m32 piece(s) on board.
[32;1m[Board] [0mLoading history file `championship/chessgambit-bbd/history.csv`...
[32;1m[Board] [0mLoaded 36 move(s).
[32;1m[Board] [0mHistory replayed, 22 piece(s) on board.
[32;1m[Board] [0mLoading move file `championship/chessgambit-bbd/move.csv`...
[32;1m[Board] [0mWhite player is playing b1 to e1.
[32;1m[Board] [0m
[32;1m[Board] [0m     a b c d e f g h
[32;1m[Board] [0m   -------------------
[32;1m[Board] [0m 8 ||[7;1m [0m| |[7;1m [0m|[30;1mr[0m|[30;1mr[0m| |[30;1mK[0m| || 8
[32;1m[Board] [0m   -------------------
[32;1m[Board] [0m 7 || |[30;1mp[0m|[30;1mp[0m|[7;1m [0m| |[30;1mp[0m|[30;1mp[0m|[7;1m [0m|| 7
[32;1m[Board] [0m   -------------------
[32;1m[Board] [0m 6 ||[7;1m [0m| |[7;1m [0m|[30;1mb[0m|[7;1m [0m|[30;1mk[0m|[7;1m [0m| || 6
[32;1m[Board] [0m   -------------------
[32;1m[Board] [0m 5 ||[30;1mp[0m|[7;1m [0m| |[7;1m [0m| |[7;1m [0m| |[7;1m [0m|| 5
[32;1m[Board] [0m   -------------------
[32;1m[Board] [0m 4 ||[7;1m [0m| |[7;1m [0m| |[30;1mb[0m| |[7;1m [0m| || 4
[32;1m[Board] [0m   -------------------
[32;1m[Board] [0m 3 ||[0;1mp[0m|[7;1m [0m| |[7;1m [0m|[0;1mp[0m|[7;1m [0m| |[7;1m [0m|| 3
[32;1m[Board] [0m   -------------------
[32;1m[Board] [0m 2 ||[7;1m [0m|[0;1mp[0m|[0;1mp[0m| |[0;1mk[0m|[0;1mp[0m|[0;1mp[0m|[0;1mp[0m|| 2
[32;1m[Board] [0m   -------------------
[32;1m[Board] [0m 1 || |[7;1m [0m| |[7;1m [0m|[0;1mr[0m|[0;1mr[0m|[0;1mK[0m|[7;1m [0m|| 1
[32;1m[Board] [0m   -------------------
[32;1m[Board] [0m     a b c d e f g h
[32;1m[Board] [0m
[32;1m[Referee] [0mThis is the turn of the Black player...
Succesfully loaded network via incbin!
info score 3397 depth 1 nodes 42 time 4
-32000 32000 30
info score 3313 depth 2 nodes 273 time 5
-32000 32000 30
info score 3328 depth 3 nodes 2223 time 6
-32000 32000 30
info score 3303 depth 4 nodes 9180 time 12
-32000 32000 30
info score 3333 depth 5 nodes 10252 time 13
3273 3333 30
info score 3334 depth 5 nodes 37016 time 30
3273 3363 60
info score 3344 depth 6 nodes 66259 time 53
3304 3364 30
info score 3361 depth 7 nodes 193067 time 140
3314 3374 30
info score 3331 depth 8 nodes 366572 time 274
3331 3391 30
info score 3301 depth 8 nodes 446142 time 334
3301 3391 60
info score 3295 depth 8 nodes 512634 time 485
3241 3391 120
info score 3325 depth 9 nodes 587064 time 572
3265 3325 30
info score 3326 depth 9 nodes 1375840 time 1175
3265 3355 60
info score 3296 depth 10 nodes 2552721 time 2058
3296 3356 30
info score 3290 depth 10 nodes 3311324 time 2610
3266 3356 60
info score 3272 depth 11 nodes 11343704 time 8636
3260 3320 30
bestmove e4c2
[32;1m[Game] [0mPlayer's error code: 0
[32;1m[Game] [0mChecking move validity...
[32;1m[Board] [0mInitializing board (size: 8)...
[32;1m[Board] [0m32 piece(s) on board.
[32;1m[Board] [0mLoading history file `championship/chessgambit-bbd/history.csv`...
[32;1m[Board] [0mLoaded 37 move(s).
[32;1m[Board] [0mHistory replayed, 22 piece(s) on board.
[32;1m[Board] [0mLoading move file `championship/chessgambit-bbd/move.csv`...
[32;1m[Board] [0mBlack player is playing e4 to c2.
[32;1m[Board] [0m[5;1mBlack Bishop is taking White Pawn.[0m
[32;1m[Board] [0m
[32;1m[Board] [0m     a b c d e f g h
[32;1m[Board] [0m   -------------------
[32;1m[Board] [0m 8 ||[7;1m [0m| |[7;1m [0m|[30;1mr[0m|[30;1mr[0m| |[30;1mK[0m| || 8
[32;1m[Board] [0m   -------------------
[32;1m[Board] [0m 7 || |[30;1mp[0m|[30;1mp[0m|[7;1m [0m| |[30;1mp[0m|[30;1mp[0m|[7;1m [0m|| 7
[32;1m[Board] [0m   -------------------
[32;1m[Board] [0m 6 ||[7;1m [0m| |[7;1m [0m|[30;1mb[0m|[7;1m [0m|[30;1mk[0m|[7;1m [0m| || 6
[32;1m[Board] [0m   -------------------
[32;1m[Board] [0m 5 ||[30;1mp[0m|[7;1m [0m| |[7;1m [0m| |[7;1m [0m| |[7;1m [0m|| 5
[32;1m[Board] [0m   -------------------
[32;1m[Board] [0m 4 ||[7;1m [0m| |[7;1m [0m| |[7;1m [0m| |[7;1m [0m| || 4
[32;1m[Board] [0m   -------------------
[32;1m[Board] [0m 3 ||[0;1mp[0m|[7;1m [0m| |[7;1m [0m|[0;1mp[0m|[7;1m [0m| |[7;1m [0m|| 3
[32;1m[Board] [0m   -------------------
[32;1m[Board] [0m 2 ||[7;1m [0m|[0;1mp[0m|[30;1mb[0m| |[0;1mk[0m|[0;1mp[0m|[0;1mp[0m|[0;1mp[0m|| 2
[32;1m[Board] [0m   -------------------
[32;1m[Board] [0m 1 || |[7;1m [0m| |[7;1m [0m|[0;1mr[0m|[0;1mr[0m|[0;1mK[0m|[7;1m [0m|| 1
[32;1m[Board] [0m   -------------------
[32;1m[Board] [0m     a b c d e f g h
[32;1m[Board] [0m
[32;1m[Referee] [0mThis is the turn of the White player...
Inputed Board
Currently playing: White

------------------------------Current Search Space--------------------------------------------
Possible moves for piece: P:
 P: (5,0)->(4,0) / a3a4
 P: (5,4)->(4,4) / e3e4
 P: (6,1)->(5,1) / b2b3
 P: (6,1)->(4,1) / b2b4
 P: (6,5)->(5,5) / f2f3
 P: (6,5)->(4,5) / f2f4
 P: (6,6)->(5,6) / g2g3
 P: (6,6)->(4,6) / g2g4
 P: (6,7)->(5,7) / h2h3
 P: (6,7)->(4,7) / h2h4
Possible moves for piece: R:
 R: (7,4)->(7,3) / e1d1
 R: (7,4)->(7,2) / e1c1
 R: (7,4)->(7,1) / e1b1
 R: (7,4)->(7,0) / e1a1
Possible moves for piece: N:
 N: (6,4)->(4,5) / e2f4
 N: (6,4)->(4,3) / e2d4
 N: (6,4)->(5,6) / e2g3
 N: (6,4)->(7,2) / e2c1
 N: (6,4)->(5,2) / e2c3
Possible moves for piece: K:
 K: (7,6)->(7,7) / g1h1

------------------------------Filtered Search Space--------------------------------------------
Possible moves for piece: P:
 P: (5,0)->(4,0) / a3a4
 P: (5,4)->(4,4) / e3e4
 P: (6,1)->(5,1) / b2b3
 P: (6,1)->(4,1) / b2b4
 P: (6,5)->(5,5) / f2f3
 P: (6,5)->(4,5) / f2f4
 P: (6,6)->(5,6) / g2g3
 P: (6,6)->(4,6) / g2g4
 P: (6,7)->(5,7) / h2h3
 P: (6,7)->(4,7) / h2h4
Possible moves for piece: R:
 R: (7,4)->(7,3) / e1d1
 R: (7,4)->(7,2) / e1c1
 R: (7,4)->(7,1) / e1b1
 R: (7,4)->(7,0) / e1a1
Possible moves for piece: N:
 N: (6,4)->(4,5) / e2f4
 N: (6,4)->(4,3) / e2d4
 N: (6,4)->(5,6) / e2g3
 N: (6,4)->(7,2) / e2c1
 N: (6,4)->(5,2) / e2c3
Possible moves for piece: K:
 K: (7,6)->(7,7) / g1h1

--------------------------------Info on Attacks---------------------------------------------------
Squares attacked by Black pieces:
(0,0) (0,1) (0,2) (0,5) (0,7) (1,3) (1,4) (1,7) (2,0) (2,1) (2,2) (2,4) (2,6) (2,7) (3,2) (3,3) (3,4) (3,5) (3,7) (4,0) (4,1) (4,4) (4,5) (4,6) (5,0) (5,1) (5,3) (5,4) (5,6) (6,7) (7,1) (7,3) 

-------------------------------Squares controlled by the enemy------------------------------------
X X X * * X * X 
* * * X X * * X 
X X X * X * X X 
* * X X X X * X 
X X * * X X X * 
X X * X X * X * 
* * * * * * * X 
* X * X * * * * 

------------------------------Check Information---------------------------------------------------
White King located at: (7,6)
White King is safe, no check at this position.

------------------------------Special Move Information-------------------------------------------
No en passant allowed right now
------------------------------Castling Rights Information-------------------------------------------
White Kingside Castle:  NOT AVAILABLE
White Queenside Castle: NOT AVAILABLE
Black Kingside Castle:  NOT AVAILABLE
Black Queenside Castle: NOT AVAILABLE
---------------------------------------------------------------------------------------------------

========== CAPTURE EXPLORATION ==========
========================================

========== CHECK EXPLORATION ==========
(no checks found)
======================================
--------------------------------------------------------------------------------------------------
Chosen Move: (6,4) --> (4,5)
 / e2f4

* * * r r * k * 
* p p * * p p * 
* * * b * n * * 
p * * * * * * * 
* * * * * N * * 
P * * * P * * * 
* P b * * P P P 
* * * * R R K * 

[32;1m[Game] [0mPlayer's error code: 0
[32;1m[Game] [0mChecking move validity...
[32;1m[Board] [0mInitializing board (size: 8)...
[32;1m[Board] [0m32 piece(s) on board.
[32;1m[Board] [0mLoading history file `championship/chessgambit-bbd/history.csv`...
[32;1m[Board] [0mLoaded 38 move(s).
[32;1m[Board] [0mHistory replayed, 21 piece(s) on board.
[32;1m[Board] [0mLoading move file `championship/chessgambit-bbd/move.csv`...
[32;1m[Board] [0mWhite player is playing e2 to f4.
[32;1m[Board] [0m
[32;1m[Board] [0m     a b c d e f g h
[32;1m[Board] [0m   -------------------
[32;1m[Board] [0m 8 ||[7;1m [0m| |[7;1m [0m|[30;1mr[0m|[30;1mr[0m| |[30;1mK[0m| || 8
[32;1m[Board] [0m   -------------------
[32;1m[Board] [0m 7 || |[30;1mp[0m|[30;1mp[0m|[7;1m [0m| |[30;1mp[0m|[30;1mp[0m|[7;1m [0m|| 7
[32;1m[Board] [0m   -------------------
[32;1m[Board] [0m 6 ||[7;1m [0m| |[7;1m [0m|[30;1mb[0m|[7;1m [0m|[30;1mk[0m|[7;1m [0m| || 6
[32;1m[Board] [0m   -------------------
[32;1m[Board] [0m 5 ||[30;1mp[0m|[7;1m [0m| |[7;1m [0m| |[7;1m [0m| |[7;1m [0m|| 5
[32;1m[Board] [0m   -------------------
[32;1m[Board] [0m 4 ||[7;1m [0m| |[7;1m [0m| |[7;1m [0m|[0;1mk[0m|[7;1m [0m| || 4
[32;1m[Board] [0m   -------------------
[32;1m[Board] [0m 3 ||[0;1mp[0m|[7;1m [0m| |[7;1m [0m|[0;1mp[0m|[7;1m [0m| |[7;1m [0m|| 3
[32;1m[Board] [0m   -------------------
[32;1m[Board] [0m 2 ||[7;1m [0m|[0;1mp[0m|[30;1mb[0m| |[7;1m [0m|[0;1mp[0m|[0;1mp[0m|[0;1mp[0m|| 2
[32;1m[Board] [0m   -------------------
[32;1m[Board] [0m 1 || |[7;1m [0m| |[7;1m [0m|[0;1mr[0m|[0;1mr[0m|[0;1mK[0m|[7;1m [0m|| 1
[32;1m[Board] [0m   -------------------
[32;1m[Board] [0m     a b c d e f g h
[32;1m[Board] [0m
[32;1m[Referee] [0mThis is the turn of the Black player...
Succesfully loaded network via incbin!
info score 3353 depth 1 nodes 56 time 6
-32000 32000 30
info score 3303 depth 2 nodes 778 time 10
-32000 32000 30
info score 3334 depth 3 nodes 3043 time 12
-32000 32000 30
info score 3382 depth 4 nodes 10522 time 24
-32000 32000 30
info score 3361 depth 5 nodes 37816 time 65
3352 3412 30
info score 3363 depth 6 nodes 87714 time 144
3331 3391 30
info score 3378 depth 7 nodes 241713 time 329
3333 3393 30
info score 3380 depth 8 nodes 417357 time 466
3348 3408 30
info score 3351 depth 9 nodes 2261374 time 1976
3350 3410 30
info score 3381 depth 10 nodes 2526788 time 2186
3321 3381 30
info score 3411 depth 10 nodes 2789483 time 2394
3321 3411 60
info score 3413 depth 10 nodes 3561966 time 2963
3321 3471 120
info score 3443 depth 11 nodes 4864207 time 4035
3383 3443 30
info score 3459 depth 11 nodes 8530206 time 6846
3383 3473 60
bestmove c2b3
[32;1m[Game] [0mPlayer's error code: 0
[32;1m[Game] [0mChecking move validity...
[32;1m[Board] [0mInitializing board (size: 8)...
[32;1m[Board] [0m32 piece(s) on board.
[32;1m[Board] [0mLoading history file `championship/chessgambit-bbd/history.csv`...
[32;1m[Board] [0mLoaded 39 move(s).
[32;1m[Board] [0mHistory replayed, 21 piece(s) on board.
[32;1m[Board] [0mLoading move file `championship/chessgambit-bbd/move.csv`...
[32;1m[Board] [0mBlack player is playing c2 to b3.
[32;1m[Board] [0m
[32;1m[Board] [0m     a b c d e f g h
[32;1m[Board] [0m   -------------------
[32;1m[Board] [0m 8 ||[7;1m [0m| |[7;1m [0m|[30;1mr[0m|[30;1mr[0m| |[30;1mK[0m| || 8
[32;1m[Board] [0m   -------------------
[32;1m[Board] [0m 7 || |[30;1mp[0m|[30;1mp[0m|[7;1m [0m| |[30;1mp[0m|[30;1mp[0m|[7;1m [0m|| 7
[32;1m[Board] [0m   -------------------
[32;1m[Board] [0m 6 ||[7;1m [0m| |[7;1m [0m|[30;1mb[0m|[7;1m [0m|[30;1mk[0m|[7;1m [0m| || 6
[32;1m[Board] [0m   -------------------
[32;1m[Board] [0m 5 ||[30;1mp[0m|[7;1m [0m| |[7;1m [0m| |[7;1m [0m| |[7;1m [0m|| 5
[32;1m[Board] [0m   -------------------
[32;1m[Board] [0m 4 ||[7;1m [0m| |[7;1m [0m| |[7;1m [0m|[0;1mk[0m|[7;1m [0m| || 4
[32;1m[Board] [0m   -------------------
[32;1m[Board] [0m 3 ||[0;1mp[0m|[30;1mb[0m| |[7;1m [0m|[0;1mp[0m|[7;1m [0m| |[7;1m [0m|| 3
[32;1m[Board] [0m   -------------------
[32;1m[Board] [0m 2 ||[7;1m [0m|[0;1mp[0m|[7;1m [0m| |[7;1m [0m|[0;1mp[0m|[0;1mp[0m|[0;1mp[0m|| 2
[32;1m[Board] [0m   -------------------
[32;1m[Board] [0m 1 || |[7;1m [0m| |[7;1m [0m|[0;1mr[0m|[0;1mr[0m|[0;1mK[0m|[7;1m [0m|| 1
[32;1m[Board] [0m   -------------------
[32;1m[Board] [0m     a b c d e f g h
[32;1m[Board] [0m
[32;1m[Referee] [0mThis is the turn of the White player...
Inputed Board
Currently playing: White

------------------------------Current Search Space--------------------------------------------
Possible moves for piece: P:
 P: (5,0)->(4,0) / a3a4
 P: (5,4)->(4,4) / e3e4
 P: (6,5)->(5,5) / f2f3
 P: (6,6)->(5,6) / g2g3
 P: (6,6)->(4,6) / g2g4
 P: (6,7)->(5,7) / h2h3
 P: (6,7)->(4,7) / h2h4
Possible moves for piece: R:
 R: (7,4)->(6,4) / e1e2
 R: (7,4)->(7,3) / e1d1
 R: (7,4)->(7,2) / e1c1
 R: (7,4)->(7,1) / e1b1
 R: (7,4)->(7,0) / e1a1
Possible moves for piece: N:
 N: (4,5)->(6,4) / f4e2
 N: (4,5)->(2,6) / f4g6
 N: (4,5)->(2,4) / f4e6
 N: (4,5)->(5,7) / f4h3
 N: (4,5)->(3,7) / f4h5
 N: (4,5)->(5,3) / f4d3
 N: (4,5)->(3,3) / f4d5
Possible moves for piece: K:
 K: (7,6)->(7,7) / g1h1

------------------------------Filtered Search Space--------------------------------------------
Possible moves for piece: P:
 P: (5,0)->(4,0) / a3a4
 P: (5,4)->(4,4) / e3e4
 P: (6,5)->(5,5) / f2f3
 P: (6,6)->(5,6) / g2g3
 P: (6,6)->(4,6) / g2g4
 P: (6,7)->(5,7) / h2h3
 P: (6,7)->(4,7) / h2h4
Possible moves for piece: R:
 R: (7,4)->(6,4) / e1e2
 R: (7,4)->(7,3) / e1d1
 R: (7,4)->(7,2) / e1c1
 R: (7,4)->(7,1) / e1b1
 R: (7,4)->(7,0) / e1a1
Possible moves for piece: N:
 N: (4,5)->(6,4) / f4e2
 N: (4,5)->(2,6) / f4g6
 N: (4,5)->(2,4) / f4e6
 N: (4,5)->(5,7) / f4h3
 N: (4,5)->(3,7) / f4h5
 N: (4,5)->(5,3) / f4d3
 N: (4,5)->(3,3) / f4d5
Possible moves for piece: K:
 K: (7,6)->(7,7) / g1h1

--------------------------------Info on Attacks---------------------------------------------------
Squares attacked by Black pieces:
(0,0) (0,1) (0,2) (0,5) (0,7) (1,3) (1,4) (1,7) (2,0) (2,1) (2,2) (2,4) (2,6) (2,7) (3,2) (3,3) (3,4) (3,7) (4,0) (4,1) (4,2) (4,4) (4,5) (4,6) (5,0) (5,4) (6,0) (6,2) (7,3) 

-------------------------------Squares controlled by the enemy------------------------------------
X X X * * X * X 
* * * X X * * X 
X X X * X * X X 
* * X X X * * X 
X X X * X X X * 
X * * * X * * * 
X * X * * * * * 
* * * X * * * * 

------------------------------Check Information---------------------------------------------------
White King located at: (7,6)
White King is safe, no check at this position.

------------------------------Special Move Information-------------------------------------------
No en passant allowed right now
------------------------------Castling Rights Information-------------------------------------------
White Kingside Castle:  NOT AVAILABLE
White Queenside Castle: NOT AVAILABLE
Black Kingside Castle:  NOT AVAILABLE
Black Queenside Castle: NOT AVAILABLE
---------------------------------------------------------------------------------------------------

========== CAPTURE EXPLORATION ==========
========================================

========== CHECK EXPLORATION ==========
(no checks found)
======================================
--------------------------------------------------------------------------------------------------
Chosen Move: (6,7) --> (5,7)
 / h2h3

* * * r r * k * 
* p p * * p p * 
* * * b * n * * 
p * * * * * * * 
* * * * * N * * 
P b * * P * * P 
* P * * * P P * 
* * * * R R K * 

[32;1m[Game] [0mPlayer's error code: 0
[32;1m[Game] [0mChecking move validity...
[32;1m[Board] [0mInitializing board (size: 8)...
[32;1m[Board] [0m32 piece(s) on board.
[32;1m[Board] [0mLoading history file `championship/chessgambit-bbd/history.csv`...
[32;1m[Board] [0mLoaded 40 move(s).
[32;1m[Board] [0mHistory replayed, 21 piece(s) on board.
[32;1m[Board] [0mLoading move file `championship/chessgambit-bbd/move.csv`...
[32;1m[Board] [0mWhite player is playing h2 to h3.
[32;1m[Board] [0m
[32;1m[Board] [0m     a b c d e f g h
[32;1m[Board] [0m   -------------------
[32;1m[Board] [0m 8 ||[7;1m [0m| |[7;1m [0m|[30;1mr[0m|[30;1mr[0m| |[30;1mK[0m| || 8
[32;1m[Board] [0m   -------------------
[32;1m[Board] [0m 7 || |[30;1mp[0m|[30;1mp[0m|[7;1m [0m| |[30;1mp[0m|[30;1mp[0m|[7;1m [0m|| 7
[32;1m[Board] [0m   -------------------
[32;1m[Board] [0m 6 ||[7;1m [0m| |[7;1m [0m|[30;1mb[0m|[7;1m [0m|[30;1mk[0m|[7;1m [0m| || 6
[32;1m[Board] [0m   -------------------
[32;1m[Board] [0m 5 ||[30;1mp[0m|[7;1m [0m| |[7;1m [0m| |[7;1m [0m| |[7;1m [0m|| 5
[32;1m[Board] [0m   -------------------
[32;1m[Board] [0m 4 ||[7;1m [0m| |[7;1m [0m| |[7;1m [0m|[0;1mk[0m|[7;1m [0m| || 4
[32;1m[Board] [0m   -------------------
[32;1m[Board] [0m 3 ||[0;1mp[0m|[30;1mb[0m| |[7;1m [0m|[0;1mp[0m|[7;1m [0m| |[0;1mp[0m|| 3
[32;1m[Board] [0m   -------------------
[32;1m[Board] [0m 2 ||[7;1m [0m|[0;1mp[0m|[7;1m [0m| |[7;1m [0m|[0;1mp[0m|[0;1mp[0m| || 2
[32;1m[Board] [0m   -------------------
[32;1m[Board] [0m 1 || |[7;1m [0m| |[7;1m [0m|[0;1mr[0m|[0;1mr[0m|[0;1mK[0m|[7;1m [0m|| 1
[32;1m[Board] [0m   -------------------
[32;1m[Board] [0m     a b c d e f g h
[32;1m[Board] [0m
[32;1m[Referee] [0mThis is the turn of the Black player...
Succesfully loaded network via incbin!
info score 3331 depth 1 nodes 50 time 6
-32000 32000 30
info score 3424 depth 2 nodes 722 time 7
-32000 32000 30
info score 3467 depth 3 nodes 2469 time 8
-32000 32000 30
info score 3473 depth 4 nodes 4499 time 9
-32000 32000 30
info score 3493 depth 5 nodes 10846 time 20
3443 3503 30
info score 3523 depth 6 nodes 15642 time 27
3463 3523 30
info score 3556 depth 6 nodes 16125 time 28
3463 3553 60
info score 3573 depth 6 nodes 19720 time 33
3463 3613 120
info score 3603 depth 7 nodes 22507 time 36
3543 3603 30
info score 3604 depth 7 nodes 45770 time 68
3543 3633 60
info score 3634 depth 8 nodes 59737 time 88
3574 3634 30
info score 3639 depth 8 nodes 117784 time 159
3574 3664 60
info score 3669 depth 9 nodes 147603 time 182
3609 3669 30
info score 3699 depth 9 nodes 151286 time 185
3609 3699 60
info score 3701 depth 9 nodes 604560 time 739
3609 3759 120
info score 3671 depth 10 nodes 1118518 time 1131
3671 3731 30
info score 3670 depth 10 nodes 1333556 time 1286
3641 3731 60
info score 3700 depth 11 nodes 1431686 time 1368
3640 3700 30
info score 3709 depth 11 nodes 3015833 time 2599
3640 3730 60
info score 3739 depth 12 nodes 3708819 time 3137
3679 3739 30
info score 3769 depth 12 nodes 3847692 time 3241
3679 3769 60
info score 3829 depth 12 nodes 4734060 time 3934
3679 3829 120
info score 3849 depth 12 nodes 6728918 time 5482
3679 3949 240
info score 3879 depth 13 nodes 9972426 time 8136
3819 3879 30
info score 3909 depth 13 nodes 10670281 time 8669
3819 3909 60
bestmove b3c4
[32;1m[Game] [0mPlayer's error code: 0
[32;1m[Game] [0mChecking move validity...
[32;1m[Board] [0mInitializing board (size: 8)...
[32;1m[Board] [0m32 piece(s) on board.
[32;1m[Board] [0mLoading history file `championship/chessgambit-bbd/history.csv`...
[32;1m[Board] [0mLoaded 41 move(s).
[32;1m[Board] [0mHistory replayed, 21 piece(s) on board.
[32;1m[Board] [0mLoading move file `championship/chessgambit-bbd/move.csv`...
[32;1m[Board] [0mBlack player is playing b3 to c4.
[32;1m[Board] [0m
[32;1m[Board] [0m     a b c d e f g h
[32;1m[Board] [0m   -------------------
[32;1m[Board] [0m 8 ||[7;1m [0m| |[7;1m [0m|[30;1mr[0m|[30;1mr[0m| |[30;1mK[0m| || 8
[32;1m[Board] [0m   -------------------
[32;1m[Board] [0m 7 || |[30;1mp[0m|[30;1mp[0m|[7;1m [0m| |[30;1mp[0m|[30;1mp[0m|[7;1m [0m|| 7
[32;1m[Board] [0m   -------------------
[32;1m[Board] [0m 6 ||[7;1m [0m| |[7;1m [0m|[30;1mb[0m|[7;1m [0m|[30;1mk[0m|[7;1m [0m| || 6
[32;1m[Board] [0m   -------------------
[32;1m[Board] [0m 5 ||[30;1mp[0m|[7;1m [0m| |[7;1m [0m| |[7;1m [0m| |[7;1m [0m|| 5
[32;1m[Board] [0m   -------------------
[32;1m[Board] [0m 4 ||[7;1m [0m| |[30;1mb[0m| |[7;1m [0m|[0;1mk[0m|[7;1m [0m| || 4
[32;1m[Board] [0m   -------------------
[32;1m[Board] [0m 3 ||[0;1mp[0m|[7;1m [0m| |[7;1m [0m|[0;1mp[0m|[7;1m [0m| |[0;1mp[0m|| 3
[32;1m[Board] [0m   -------------------
[32;1m[Board] [0m 2 ||[7;1m [0m|[0;1mp[0m|[7;1m [0m| |[7;1m [0m|[0;1mp[0m|[0;1mp[0m| || 2
[32;1m[Board] [0m   -------------------
[32;1m[Board] [0m 1 || |[7;1m [0m| |[7;1m [0m|[0;1mr[0m|[0;1mr[0m|[0;1mK[0m|[7;1m [0m|| 1
[32;1m[Board] [0m   -------------------
[32;1m[Board] [0m     a b c d e f g h
[32;1m[Board] [0m
[32;1m[Referee] [0mThis is the turn of the White player...
Inputed Board
Currently playing: White

------------------------------Current Search Space--------------------------------------------
Possible moves for piece: P:
 P: (5,0)->(4,0) / a3a4
 P: (5,4)->(4,4) / e3e4
 P: (5,7)->(4,7) / h3h4
 P: (6,1)->(5,1) / b2b3
 P: (6,1)->(4,1) / b2b4
 P: (6,5)->(5,5) / f2f3
 P: (6,6)->(5,6) / g2g3
 P: (6,6)->(4,6) / g2g4
Possible moves for piece: R:
 R: (7,4)->(6,4) / e1e2
 R: (7,4)->(7,3) / e1d1
 R: (7,4)->(7,2) / e1c1
 R: (7,4)->(7,1) / e1b1
 R: (7,4)->(7,0) / e1a1
Possible moves for piece: N:
 N: (4,5)->(6,4) / f4e2
 N: (4,5)->(2,6) / f4g6
 N: (4,5)->(2,4) / f4e6
 N: (4,5)->(3,7) / f4h5
 N: (4,5)->(5,3) / f4d3
 N: (4,5)->(3,3) / f4d5
Possible moves for piece: K:
 K: (7,6)->(7,7) / g1h1
 K: (7,6)->(6,7) / g1h2

------------------------------Filtered Search Space--------------------------------------------
Possible moves for piece: P:
 P: (5,0)->(4,0) / a3a4
 P: (5,4)->(4,4) / e3e4
 P: (5,7)->(4,7) / h3h4
 P: (6,1)->(5,1) / b2b3
 P: (6,1)->(4,1) / b2b4
 P: (6,5)->(5,5) / f2f3
 P: (6,6)->(5,6) / g2g3
 P: (6,6)->(4,6) / g2g4
Possible moves for piece: R:
 R: (7,4)->(6,4) / e1e2
 R: (7,4)->(7,3) / e1d1
 R: (7,4)->(7,2) / e1c1
 R: (7,4)->(7,1) / e1b1
 R: (7,4)->(7,0) / e1a1
Possible moves for piece: N:
 N: (4,5)->(6,4) / f4e2
 N: (4,5)->(2,6) / f4g6
 N: (4,5)->(2,4) / f4e6
 N: (4,5)->(3,7) / f4h5
 N: (4,5)->(5,3) / f4d3
 N: (4,5)->(3,3) / f4d5
Possible moves for piece: K:
 K: (7,6)->(7,7) / g1h1
 K: (7,6)->(6,7) / g1h2

--------------------------------Info on Attacks---------------------------------------------------
Squares attacked by Black pieces:
(0,0) (0,1) (0,2) (0,5) (0,7) (1,3) (1,4) (1,7) (2,0) (2,1) (2,2) (2,4) (2,6) (2,7) (3,1) (3,2) (3,3) (3,4) (3,7) (4,1) (4,4) (4,5) (4,6) (5,0) (5,1) (5,3) (5,4) (6,0) (6,4) (7,5) 

-------------------------------Squares controlled by the enemy------------------------------------
X X X * * X * X 
* * * X X * * X 
X X X * X * X X 
* X X X X * * X 
* X * * X X X * 
X X * X X * * * 
X * * * X * * * 
* * * * * X * * 

------------------------------Check Information---------------------------------------------------
White King located at: (7,6)
White King is safe, no check at this position.

------------------------------Special Move Information-------------------------------------------
No en passant allowed right now
------------------------------Castling Rights Information-------------------------------------------
White Kingside Castle:  NOT AVAILABLE
White Queenside Castle: NOT AVAILABLE
Black Kingside Castle:  NOT AVAILABLE
Black Queenside Castle: NOT AVAILABLE
---------------------------------------------------------------------------------------------------

========== CAPTURE EXPLORATION ==========
========================================

========== CHECK EXPLORATION ==========
(no checks found)
======================================
--------------------------------------------------------------------------------------------------
Chosen Move: (4,5) --> (6,4)
 / f4e2

* * * r r * k * 
* p p * * p p * 
* * * b * n * * 
p * * * * * * * 
* * b * * * * * 
P * * * P * * P 
* P * * N P P * 
* * * * R R K * 

[32;1m[Game] [0mPlayer's error code: 0
[32;1m[Game] [0mChecking move validity...
[32;1m[Board] [0mInitializing board (size: 8)...
[32;1m[Board] [0m32 piece(s) on board.
[32;1m[Board] [0mLoading history file `championship/chessgambit-bbd/history.csv`...
[32;1m[Board] [0mLoaded 42 move(s).
[32;1m[Board] [0mHistory replayed, 21 piece(s) on board.
[32;1m[Board] [0mLoading move file `championship/chessgambit-bbd/move.csv`...
[32;1m[Board] [0mWhite player is playing f4 to e2.
[32;1m[Board] [0m
[32;1m[Board] [0m     a b c d e f g h
[32;1m[Board] [0m   -------------------
[32;1m[Board] [0m 8 ||[7;1m [0m| |[7;1m [0m|[30;1mr[0m|[30;1mr[0m| |[30;1mK[0m| || 8
[32;1m[Board] [0m   -------------------
[32;1m[Board] [0m 7 || |[30;1mp[0m|[30;1mp[0m|[7;1m [0m| |[30;1mp[0m|[30;1mp[0m|[7;1m [0m|| 7
[32;1m[Board] [0m   -------------------
[32;1m[Board] [0m 6 ||[7;1m [0m| |[7;1m [0m|[30;1mb[0m|[7;1m [0m|[30;1mk[0m|[7;1m [0m| || 6
[32;1m[Board] [0m   -------------------
[32;1m[Board] [0m 5 ||[30;1mp[0m|[7;1m [0m| |[7;1m [0m| |[7;1m [0m| |[7;1m [0m|| 5
[32;1m[Board] [0m   -------------------
[32;1m[Board] [0m 4 ||[7;1m [0m| |[30;1mb[0m| |[7;1m [0m| |[7;1m [0m| || 4
[32;1m[Board] [0m   -------------------
[32;1m[Board] [0m 3 ||[0;1mp[0m|[7;1m [0m| |[7;1m [0m|[0;1mp[0m|[7;1m [0m| |[0;1mp[0m|| 3
[32;1m[Board] [0m   -------------------
[32;1m[Board] [0m 2 ||[7;1m [0m|[0;1mp[0m|[7;1m [0m| |[0;1mk[0m|[0;1mp[0m|[0;1mp[0m| || 2
[32;1m[Board] [0m   -------------------
[32;1m[Board] [0m 1 || |[7;1m [0m| |[7;1m [0m|[0;1mr[0m|[0;1mr[0m|[0;1mK[0m|[7;1m [0m|| 1
[32;1m[Board] [0m   -------------------
[32;1m[Board] [0m     a b c d e f g h
[32;1m[Board] [0m
[32;1m[Referee] [0mThis is the turn of the Black player...
Succesfully loaded network via incbin!
info score 3467 depth 1 nodes 60 time 3
-32000 32000 30
info score 3473 depth 2 nodes 819 time 3
-32000 32000 30
info score 3493 depth 3 nodes 3611 time 5
-32000 32000 30
info score 3573 depth 4 nodes 9227 time 9
-32000 32000 30
info score 3604 depth 5 nodes 10594 time 10
3543 3603 30
info score 3604 depth 5 nodes 12881 time 12
3543 3633 60
info score 3639 depth 6 nodes 17636 time 15
3574 3634 30
info score 3658 depth 6 nodes 22699 time 19
3574 3664 60
info score 3688 depth 7 nodes 30713 time 26
3628 3688 30
info score 3701 depth 7 nodes 94598 time 70
3628 3718 60
info score 3671 depth 8 nodes 199713 time 147
3671 3731 30
info score 3670 depth 8 nodes 242799 time 178
3641 3731 60
info score 3700 depth 9 nodes 281011 time 212
3640 3700 30
info score 3709 depth 9 nodes 675862 time 489
3640 3730 60
info score 3739 depth 10 nodes 1484488 time 1102
3679 3739 30
info score 3769 depth 10 nodes 1562933 time 1164
3679 3769 60
info score 3829 depth 10 nodes 2254930 time 1763
3679 3829 120
info score 3849 depth 10 nodes 2634344 time 2054
3679 3949 240
info score 3879 depth 11 nodes 3067002 time 2379
3819 3879 30
info score 3909 depth 11 nodes 3715940 time 2960
3819 3909 60
info score 3914 depth 11 nodes 6297818 time 4843
3819 3969 120
bestmove d6f8
[32;1m[Game] [0mPlayer's error code: 0
[32;1m[Game] [0mChecking move validity...
[32;1m[Board] [0mInitializing board (size: 8)...
[32;1m[Board] [0m32 piece(s) on board.
[32;1m[Board] [0mLoading history file `championship/chessgambit-bbd/history.csv`...
[32;1m[Board] [0mLoaded 43 move(s).
[32;1m[Board] [0mHistory replayed, 21 piece(s) on board.
[32;1m[Board] [0mLoading move file `championship/chessgambit-bbd/move.csv`...
[32;1m[Board] [0mBlack player is playing d6 to f8.
[32;1m[Board] [0m
[32;1m[Board] [0m     a b c d e f g h
[32;1m[Board] [0m   -------------------
[32;1m[Board] [0m 8 ||[7;1m [0m| |[7;1m [0m|[30;1mr[0m|[30;1mr[0m|[30;1mb[0m|[30;1mK[0m| || 8
[32;1m[Board] [0m   -------------------
[32;1m[Board] [0m 7 || |[30;1mp[0m|[30;1mp[0m|[7;1m [0m| |[30;1mp[0m|[30;1mp[0m|[7;1m [0m|| 7
[32;1m[Board] [0m   -------------------
[32;1m[Board] [0m 6 ||[7;1m [0m| |[7;1m [0m| |[7;1m [0m|[30;1mk[0m|[7;1m [0m| || 6
[32;1m[Board] [0m   -------------------
[32;1m[Board] [0m 5 ||[30;1mp[0m|[7;1m [0m| |[7;1m [0m| |[7;1m [0m| |[7;1m [0m|| 5
[32;1m[Board] [0m   -------------------
[32;1m[Board] [0m 4 ||[7;1m [0m| |[30;1mb[0m| |[7;1m [0m| |[7;1m [0m| || 4
[32;1m[Board] [0m   -------------------
[32;1m[Board] [0m 3 ||[0;1mp[0m|[7;1m [0m| |[7;1m [0m|[0;1mp[0m|[7;1m [0m| |[0;1mp[0m|| 3
[32;1m[Board] [0m   -------------------
[32;1m[Board] [0m 2 ||[7;1m [0m|[0;1mp[0m|[7;1m [0m| |[0;1mk[0m|[0;1mp[0m|[0;1mp[0m| || 2
[32;1m[Board] [0m   -------------------
[32;1m[Board] [0m 1 || |[7;1m [0m| |[7;1m [0m|[0;1mr[0m|[0;1mr[0m|[0;1mK[0m|[7;1m [0m|| 1
[32;1m[Board] [0m   -------------------
[32;1m[Board] [0m     a b c d e f g h
[32;1m[Board] [0m
[32;1m[Referee] [0mThis is the turn of the White player...
Inputed Board
Currently playing: White

------------------------------Current Search Space--------------------------------------------
Possible moves for piece: P:
 P: (5,0)->(4,0) / a3a4
 P: (5,4)->(4,4) / e3e4
 P: (5,7)->(4,7) / h3h4
 P: (6,1)->(5,1) / b2b3
 P: (6,1)->(4,1) / b2b4
 P: (6,5)->(5,5) / f2f3
 P: (6,5)->(4,5) / f2f4
 P: (6,6)->(5,6) / g2g3
 P: (6,6)->(4,6) / g2g4
Possible moves for piece: R:
 R: (7,4)->(7,3) / e1d1
 R: (7,4)->(7,2) / e1c1
 R: (7,4)->(7,1) / e1b1
 R: (7,4)->(7,0) / e1a1
Possible moves for piece: N:
 N: (6,4)->(4,5) / e2f4
 N: (6,4)->(4,3) / e2d4
 N: (6,4)->(5,6) / e2g3
 N: (6,4)->(7,2) / e2c1
 N: (6,4)->(5,2) / e2c3
Possible moves for piece: K:
 K: (7,6)->(7,7) / g1h1
 K: (7,6)->(6,7) / g1h2

------------------------------Filtered Search Space--------------------------------------------
Possible moves for piece: P:
 P: (5,0)->(4,0) / a3a4
 P: (5,4)->(4,4) / e3e4
 P: (5,7)->(4,7) / h3h4
 P: (6,1)->(5,1) / b2b3
 P: (6,1)->(4,1) / b2b4
 P: (6,5)->(5,5) / f2f3
 P: (6,5)->(4,5) / f2f4
 P: (6,6)->(5,6) / g2g3
 P: (6,6)->(4,6) / g2g4
Possible moves for piece: R:
 R: (7,4)->(7,3) / e1d1
 R: (7,4)->(7,2) / e1c1
 R: (7,4)->(7,1) / e1b1
 R: (7,4)->(7,0) / e1a1
Possible moves for piece: N:
 N: (6,4)->(4,5) / e2f4
 N: (6,4)->(4,3) / e2d4
 N: (6,4)->(5,6) / e2g3
 N: (6,4)->(7,2) / e2c1
 N: (6,4)->(5,2) / e2c3
Possible moves for piece: K:
 K: (7,6)->(7,7) / g1h1
 K: (7,6)->(6,7) / g1h2

--------------------------------Info on Attacks---------------------------------------------------
Squares attacked by Black pieces:
(0,0) (0,1) (0,2) (0,7) (1,3) (1,4) (1,7) (2,0) (2,1) (2,2) (2,3) (2,4) (2,6) (2,7) (3,1) (3,2) (3,3) (3,4) (3,7) (4,1) (4,3) (4,4) (4,6) (5,0) (5,1) (5,3) (5,4) (6,0) (6,3) (6,4) (7,3) 

-------------------------------Squares controlled by the enemy------------------------------------
X X X * * * * X 
* * * X X * * X 
X X X X X * X X 
* X X X X * * X 
* X * X X * X * 
X X * X X * * * 
X * * X X * * * 
* * * X * * * * 

------------------------------Check Information---------------------------------------------------
White King located at: (7,6)
White King is safe, no check at this position.

------------------------------Special Move Information-------------------------------------------
No en passant allowed right now
------------------------------Castling Rights Information-------------------------------------------
White Kingside Castle:  NOT AVAILABLE
White Queenside Castle: NOT AVAILABLE
Black Kingside Castle:  NOT AVAILABLE
Black Queenside Castle: NOT AVAILABLE
---------------------------------------------------------------------------------------------------

========== CAPTURE EXPLORATION ==========
========================================

========== CHECK EXPLORATION ==========
(no checks found)
======================================
--------------------------------------------------------------------------------------------------
Chosen Move: (6,6) --> (5,6)
 / g2g3

* * * r r b k * 
* p p * * p p * 
* * * * * n * * 
p * * * * * * * 
* * b * * * * * 
P * * * P * P P 
* P * * N P * * 
* * * * R R K * 

Code timed out used determine move
[32;1m[Game] [0mPlayer's error code: 0
[32;1m[Game] [0mChecking move validity...
[32;1m[Board] [0mInitializing board (size: 8)...
[32;1m[Board] [0m32 piece(s) on board.
[32;1m[Board] [0mLoading history file `championship/chessgambit-bbd/history.csv`...
[32;1m[Board] [0mLoaded 44 move(s).
[32;1m[Board] [0mHistory replayed, 21 piece(s) on board.
[32;1m[Board] [0mLoading move file `championship/chessgambit-bbd/move.csv`...
[32;1m[Board] [0mWhite player is playing g2 to g3.
[32;1m[Board] [0m
[32;1m[Board] [0m     a b c d e f g h
[32;1m[Board] [0m   -------------------
[32;1m[Board] [0m 8 ||[7;1m [0m| |[7;1m [0m|[30;1mr[0m|[30;1mr[0m|[30;1mb[0m|[30;1mK[0m| || 8
[32;1m[Board] [0m   -------------------
[32;1m[Board] [0m 7 || |[30;1mp[0m|[30;1mp[0m|[7;1m [0m| |[30;1mp[0m|[30;1mp[0m|[7;1m [0m|| 7
[32;1m[Board] [0m   -------------------
[32;1m[Board] [0m 6 ||[7;1m [0m| |[7;1m [0m| |[7;1m [0m|[30;1mk[0m|[7;1m [0m| || 6
[32;1m[Board] [0m   -------------------
[32;1m[Board] [0m 5 ||[30;1mp[0m|[7;1m [0m| |[7;1m [0m| |[7;1m [0m| |[7;1m [0m|| 5
[32;1m[Board] [0m   -------------------
[32;1m[Board] [0m 4 ||[7;1m [0m| |[30;1mb[0m| |[7;1m [0m| |[7;1m [0m| || 4
[32;1m[Board] [0m   -------------------
[32;1m[Board] [0m 3 ||[0;1mp[0m|[7;1m [0m| |[7;1m [0m|[0;1mp[0m|[7;1m [0m|[0;1mp[0m|[0;1mp[0m|| 3
[32;1m[Board] [0m   -------------------
[32;1m[Board] [0m 2 ||[7;1m [0m|[0;1mp[0m|[7;1m [0m| |[0;1mk[0m|[0;1mp[0m|[7;1m [0m| || 2
[32;1m[Board] [0m   -------------------
[32;1m[Board] [0m 1 || |[7;1m [0m| |[7;1m [0m|[0;1mr[0m|[0;1mr[0m|[0;1mK[0m|[7;1m [0m|| 1
[32;1m[Board] [0m   -------------------
[32;1m[Board] [0m     a b c d e f g h
[32;1m[Board] [0m
[32;1m[Referee] [0mThis is the turn of the Black player...
Succesfully loaded network via incbin!
info score 3449 depth 1 nodes 67 time 7
-32000 32000 30
info score 4353 depth 2 nodes 361 time 7
-32000 32000 30
info score 4353 depth 3 nodes 625 time 7
-32000 32000 30
info score 4353 depth 4 nodes 1294 time 8
-32000 32000 30
info score 4353 depth 5 nodes 4366 time 13
4323 4383 30
info score 4323 depth 6 nodes 6630 time 15
4323 4383 30
info score 4298 depth 6 nodes 12979 time 23
4293 4383 60
info score 4328 depth 7 nodes 19057 time 35
4268 4328 30
info score 4351 depth 7 nodes 30578 time 49
4268 4358 60
info score 4321 depth 8 nodes 44010 time 68
4321 4381 30
info score 4301 depth 8 nodes 64343 time 83
4291 4381 60
info score 4331 depth 9 nodes 92465 time 108
4271 4331 30
info score 4358 depth 9 nodes 277131 time 242
4271 4361 60
info score 4349 depth 10 nodes 701562 time 565
4328 4388 30
info score 4363 depth 11 nodes 1786365 time 1379
4319 4379 30
info score 4358 depth 12 nodes 3242173 time 2490
4333 4393 30
info score 4388 depth 13 nodes 5356244 time 4176
4328 4388 30
info score 4418 depth 13 nodes 6469041 time 5135
4328 4418 60
info score 4440 depth 13 nodes 10917138 time 8787
4328 4478 120
bestmove d8d2
[32;1m[Game] [0mPlayer's error code: 0
[32;1m[Game] [0mChecking move validity...
[32;1m[Board] [0mInitializing board (size: 8)...
[32;1m[Board] [0m32 piece(s) on board.
[32;1m[Board] [0mLoading history file `championship/chessgambit-bbd/history.csv`...
[32;1m[Board] [0mLoaded 45 move(s).
[32;1m[Board] [0mHistory replayed, 21 piece(s) on board.
[32;1m[Board] [0mLoading move file `championship/chessgambit-bbd/move.csv`...
[32;1m[Board] [0mBlack player is playing d8 to d2.
[32;1m[Board] [0m
[32;1m[Board] [0m     a b c d e f g h
[32;1m[Board] [0m   -------------------
[32;1m[Board] [0m 8 ||[7;1m [0m| |[7;1m [0m| |[30;1mr[0m|[30;1mb[0m|[30;1mK[0m| || 8
[32;1m[Board] [0m   -------------------
[32;1m[Board] [0m 7 || |[30;1mp[0m|[30;1mp[0m|[7;1m [0m| |[30;1mp[0m|[30;1mp[0m|[7;1m [0m|| 7
[32;1m[Board] [0m   -------------------
[32;1m[Board] [0m 6 ||[7;1m [0m| |[7;1m [0m| |[7;1m [0m|[30;1mk[0m|[7;1m [0m| || 6
[32;1m[Board] [0m   -------------------
[32;1m[Board] [0m 5 ||[30;1mp[0m|[7;1m [0m| |[7;1m [0m| |[7;1m [0m| |[7;1m [0m|| 5
[32;1m[Board] [0m   -------------------
[32;1m[Board] [0m 4 ||[7;1m [0m| |[30;1mb[0m| |[7;1m [0m| |[7;1m [0m| || 4
[32;1m[Board] [0m   -------------------
[32;1m[Board] [0m 3 ||[0;1mp[0m|[7;1m [0m| |[7;1m [0m|[0;1mp[0m|[7;1m [0m|[0;1mp[0m|[0;1mp[0m|| 3
[32;1m[Board] [0m   -------------------
[32;1m[Board] [0m 2 ||[7;1m [0m|[0;1mp[0m|[7;1m [0m|[30;1mr[0m|[0;1mk[0m|[0;1mp[0m|[7;1m [0m| || 2
[32;1m[Board] [0m   -------------------
[32;1m[Board] [0m 1 || |[7;1m [0m| |[7;1m [0m|[0;1mr[0m|[0;1mr[0m|[0;1mK[0m|[7;1m [0m|| 1
[32;1m[Board] [0m   -------------------
[32;1m[Board] [0m     a b c d e f g h
[32;1m[Board] [0m
[32;1m[Referee] [0mThis is the turn of the White player...
Inputed Board
Currently playing: White

------------------------------Current Search Space--------------------------------------------
Possible moves for piece: P:
 P: (5,0)->(4,0) / a3a4
 P: (5,4)->(4,4) / e3e4
 P: (5,6)->(4,6) / g3g4
 P: (5,7)->(4,7) / h3h4
 P: (6,1)->(5,1) / b2b3
 P: (6,1)->(4,1) / b2b4
 P: (6,5)->(5,5) / f2f3
 P: (6,5)->(4,5) / f2f4
Possible moves for piece: R:
 R: (7,4)->(7,3) / e1d1
 R: (7,4)->(7,2) / e1c1
 R: (7,4)->(7,1) / e1b1
 R: (7,4)->(7,0) / e1a1
Possible moves for piece: N:
 N: (6,4)->(4,5) / e2f4
 N: (6,4)->(4,3) / e2d4
 N: (6,4)->(7,2) / e2c1
 N: (6,4)->(5,2) / e2c3
Possible moves for piece: K:
 K: (7,6)->(6,6) / g1g2
 K: (7,6)->(7,7) / g1h1
 K: (7,6)->(6,7) / g1h2

------------------------------Filtered Search Space--------------------------------------------
Possible moves for piece: P:
 P: (5,0)->(4,0) / a3a4
 P: (5,4)->(4,4) / e3e4
 P: (5,6)->(4,6) / g3g4
 P: (5,7)->(4,7) / h3h4
 P: (6,1)->(5,1) / b2b3
 P: (6,1)->(4,1) / b2b4
 P: (6,5)->(5,5) / f2f3
 P: (6,5)->(4,5) / f2f4
Possible moves for piece: R:
 R: (7,4)->(7,3) / e1d1
 R: (7,4)->(7,2) / e1c1
 R: (7,4)->(7,1) / e1b1
 R: (7,4)->(7,0) / e1a1
Possible moves for piece: N:
 N: (6,4)->(4,5) / e2f4
 N: (6,4)->(4,3) / e2d4
 N: (6,4)->(7,2) / e2c1
 N: (6,4)->(5,2) / e2c3
Possible moves for piece: K:
 K: (7,6)->(6,6) / g1g2
 K: (7,6)->(7,7) / g1h1
 K: (7,6)->(6,7) / g1h2

--------------------------------Info on Attacks---------------------------------------------------
Squares attacked by Black pieces:
(0,0) (0,1) (0,2) (0,3) (0,7) (1,3) (1,4) (1,7) (2,0) (2,1) (2,2) (2,3) (2,4) (2,6) (2,7) (3,1) (3,2) (3,3) (3,4) (3,7) (4,1) (4,3) (4,4) (4,6) (5,0) (5,1) (5,3) (5,4) (6,0) (6,1) (6,2) (6,4) (7,3) 

-------------------------------Squares controlled by the enemy------------------------------------
X X X X * * * X 
* * * X X * * X 
X X X X X * X X 
* X X X X * * X 
* X * X X * X * 
X X * X X * * * 
X X X * X * * * 
* * * X * * * * 

------------------------------Check Information---------------------------------------------------
White King located at: (7,6)
White King is safe, no check at this position.

------------------------------Special Move Information-------------------------------------------
No en passant allowed right now
------------------------------Castling Rights Information-------------------------------------------
White Kingside Castle:  NOT AVAILABLE
White Queenside Castle: NOT AVAILABLE
Black Kingside Castle:  NOT AVAILABLE
Black Queenside Castle: NOT AVAILABLE
---------------------------------------------------------------------------------------------------

========== CAPTURE EXPLORATION ==========
========================================

========== CHECK EXPLORATION ==========
(no checks found)
======================================
--------------------------------------------------------------------------------------------------
Chosen Move: (6,4) --> (4,3)
 / e2d4

* * * * r b k * 
* p p * * p p * 
* * * * * n * * 
p * * * * * * * 
* * b N * * * * 
P * * * P * P P 
* P * r * P * * 
* * * * R R K * 

[32;1m[Game] [0mPlayer's error code: 0
[32;1m[Game] [0mChecking move validity...
[32;1m[Board] [0mInitializing board (size: 8)...
[32;1m[Board] [0m32 piece(s) on board.
[32;1m[Board] [0mLoading history file `championship/chessgambit-bbd/history.csv`...
[32;1m[Board] [0mLoaded 46 move(s).
[32;1m[Board] [0mHistory replayed, 21 piece(s) on board.
[32;1m[Board] [0mLoading move file `championship/chessgambit-bbd/move.csv`...
[32;1m[Board] [0mWhite player is playing e2 to d4.
[32;1m[Board] [0m
[32;1m[Board] [0m     a b c d e f g h
[32;1m[Board] [0m   -------------------
[32;1m[Board] [0m 8 ||[7;1m [0m| |[7;1m [0m| |[30;1mr[0m|[30;1mb[0m|[30;1mK[0m| || 8
[32;1m[Board] [0m   -------------------
[32;1m[Board] [0m 7 || |[30;1mp[0m|[30;1mp[0m|[7;1m [0m| |[30;1mp[0m|[30;1mp[0m|[7;1m [0m|| 7
[32;1m[Board] [0m   -------------------
[32;1m[Board] [0m 6 ||[7;1m [0m| |[7;1m [0m| |[7;1m [0m|[30;1mk[0m|[7;1m [0m| || 6
[32;1m[Board] [0m   -------------------
[32;1m[Board] [0m 5 ||[30;1mp[0m|[7;1m [0m| |[7;1m [0m| |[7;1m [0m| |[7;1m [0m|| 5
[32;1m[Board] [0m   -------------------
[32;1m[Board] [0m 4 ||[7;1m [0m| |[30;1mb[0m|[0;1mk[0m|[7;1m [0m| |[7;1m [0m| || 4
[32;1m[Board] [0m   -------------------
[32;1m[Board] [0m 3 ||[0;1mp[0m|[7;1m [0m| |[7;1m [0m|[0;1mp[0m|[7;1m [0m|[0;1mp[0m|[0;1mp[0m|| 3
[32;1m[Board] [0m   -------------------
[32;1m[Board] [0m 2 ||[7;1m [0m|[0;1mp[0m|[7;1m [0m|[30;1mr[0m|[7;1m [0m|[0;1mp[0m|[7;1m [0m| || 2
[32;1m[Board] [0m   -------------------
[32;1m[Board] [0m 1 || |[7;1m [0m| |[7;1m [0m|[0;1mr[0m|[0;1mr[0m|[0;1mK[0m|[7;1m [0m|| 1
[32;1m[Board] [0m   -------------------
[32;1m[Board] [0m     a b c d e f g h
[32;1m[Board] [0m
[32;1m[Referee] [0mThis is the turn of the Black player...
Succesfully loaded network via incbin!
info score 4421 depth 1 nodes 75 time 3
-32000 32000 30
info score 4421 depth 2 nodes 190 time 3
-32000 32000 30
info score 4421 depth 3 nodes 454 time 3
-32000 32000 30
info score 4298 depth 4 nodes 1615 time 4
-32000 32000 30
info score 4328 depth 5 nodes 2447 time 4
4268 4328 30
info score 4358 depth 5 nodes 2696 time 5
4268 4358 60
info score 4363 depth 5 nodes 7558 time 8
4268 4418 120
info score 4333 depth 6 nodes 18559 time 16
4333 4393 30
info score 4321 depth 6 nodes 22016 time 18
4303 4393 60
info score 4351 depth 7 nodes 25588 time 21
4291 4351 30
info score 4377 depth 7 nodes 84492 time 63
4291 4381 60
info score 4349 depth 8 nodes 186114 time 171
4347 4407 30
info score 4363 depth 9 nodes 600538 time 508
4319 4379 30
info score 4358 depth 10 nodes 1231298 time 989
4333 4393 30
info score 4388 depth 11 nodes 1584706 time 1414
4328 4388 30
info score 4418 depth 11 nodes 1858046 time 1717
4328 4418 60
info score 4440 depth 11 nodes 3595747 time 3077
4328 4478 120
info score 4428 depth 12 nodes 7876917 time 6477
4410 4470 30
bestmove c4f1
[32;1m[Game] [0mPlayer's error code: 0
[32;1m[Game] [0mChecking move validity...
[32;1m[Board] [0mInitializing board (size: 8)...
[32;1m[Board] [0m32 piece(s) on board.
[32;1m[Board] [0mLoading history file `championship/chessgambit-bbd/history.csv`...
[32;1m[Board] [0mLoaded 47 move(s).
[32;1m[Board] [0mHistory replayed, 21 piece(s) on board.
[32;1m[Board] [0mLoading move file `championship/chessgambit-bbd/move.csv`...
[32;1m[Board] [0mBlack player is playing c4 to f1.
[32;1m[Board] [0m[5;1mBlack Bishop is taking White Rook.[0m
[32;1m[Board] [0m
[32;1m[Board] [0m     a b c d e f g h
[32;1m[Board] [0m   -------------------
[32;1m[Board] [0m 8 ||[7;1m [0m| |[7;1m [0m| |[30;1mr[0m|[30;1mb[0m|[30;1mK[0m| || 8
[32;1m[Board] [0m   -------------------
[32;1m[Board] [0m 7 || |[30;1mp[0m|[30;1mp[0m|[7;1m [0m| |[30;1mp[0m|[30;1mp[0m|[7;1m [0m|| 7
[32;1m[Board] [0m   -------------------
[32;1m[Board] [0m 6 ||[7;1m [0m| |[7;1m [0m| |[7;1m [0m|[30;1mk[0m|[7;1m [0m| || 6
[32;1m[Board] [0m   -------------------
[32;1m[Board] [0m 5 ||[30;1mp[0m|[7;1m [0m| |[7;1m [0m| |[7;1m [0m| |[7;1m [0m|| 5
[32;1m[Board] [0m   -------------------
[32;1m[Board] [0m 4 ||[7;1m [0m| |[7;1m [0m|[0;1mk[0m|[7;1m [0m| |[7;1m [0m| || 4
[32;1m[Board] [0m   -------------------
[32;1m[Board] [0m 3 ||[0;1mp[0m|[7;1m [0m| |[7;1m [0m|[0;1mp[0m|[7;1m [0m|[0;1mp[0m|[0;1mp[0m|| 3
[32;1m[Board] [0m   -------------------
[32;1m[Board] [0m 2 ||[7;1m [0m|[0;1mp[0m|[7;1m [0m|[30;1mr[0m|[7;1m [0m|[0;1mp[0m|[7;1m [0m| || 2
[32;1m[Board] [0m   -------------------
[32;1m[Board] [0m 1 || |[7;1m [0m| |[7;1m [0m|[0;1mr[0m|[30;1mb[0m|[0;1mK[0m|[7;1m [0m|| 1
[32;1m[Board] [0m   -------------------
[32;1m[Board] [0m     a b c d e f g h
[32;1m[Board] [0m
[32;1m[Referee] [0mThis is the turn of the White player...
Inputed Board
Currently playing: White

------------------------------Current Search Space--------------------------------------------
Possible moves for piece: P:
 P: (5,0)->(4,0) / a3a4
 P: (5,4)->(4,4) / e3e4
 P: (5,6)->(4,6) / g3g4
 P: (5,7)->(4,7) / h3h4
 P: (6,1)->(5,1) / b2b3
 P: (6,1)->(4,1) / b2b4
 P: (6,5)->(5,5) / f2f3
 P: (6,5)->(4,5) / f2f4
Possible moves for piece: R:
 R: (7,4)->(6,4) / e1e2
 R: (7,4)->(7,5) / e1f1
 R: (7,4)->(7,3) / e1d1
 R: (7,4)->(7,2) / e1c1
 R: (7,4)->(7,1) / e1b1
 R: (7,4)->(7,0) / e1a1
Possible moves for piece: N:
 N: (4,3)->(6,4) / d4e2
 N: (4,3)->(6,2) / d4c2
 N: (4,3)->(2,4) / d4e6
 N: (4,3)->(2,2) / d4c6
 N: (4,3)->(5,5) / d4f3
 N: (4,3)->(3,5) / d4f5
 N: (4,3)->(5,1) / d4b3
 N: (4,3)->(3,1) / d4b5
Possible moves for piece: K:
 K: (7,6)->(6,6) / g1g2
 K: (7,6)->(7,7) / g1h1
 K: (7,6)->(7,5) / g1f1
 K: (7,6)->(6,7) / g1h2

------------------------------Filtered Search Space--------------------------------------------
Possible moves for piece: P:
 P: (5,0)->(4,0) / a3a4
 P: (5,4)->(4,4) / e3e4
 P: (5,6)->(4,6) / g3g4
 P: (5,7)->(4,7) / h3h4
 P: (6,1)->(5,1) / b2b3
 P: (6,1)->(4,1) / b2b4
 P: (6,5)->(5,5) / f2f3
 P: (6,5)->(4,5) / f2f4
Possible moves for piece: R:
 R: (7,4)->(6,4) / e1e2
 R: (7,4)->(7,5) / e1f1
 R: (7,4)->(7,3) / e1d1
 R: (7,4)->(7,2) / e1c1
 R: (7,4)->(7,1) / e1b1
 R: (7,4)->(7,0) / e1a1
Possible moves for piece: N:
 N: (4,3)->(6,4) / d4e2
 N: (4,3)->(6,2) / d4c2
 N: (4,3)->(2,4) / d4e6
 N: (4,3)->(2,2) / d4c6
 N: (4,3)->(5,5) / d4f3
 N: (4,3)->(3,5) / d4f5
 N: (4,3)->(5,1) / d4b3
 N: (4,3)->(3,1) / d4b5
Possible moves for piece: K:
 K: (7,6)->(7,7) / g1h1
 K: (7,6)->(7,5) / g1f1
 K: (7,6)->(6,7) / g1h2

--------------------------------Info on Attacks---------------------------------------------------
Squares attacked by Black pieces:
(0,0) (0,1) (0,2) (0,3) (0,7) (1,3) (1,4) (1,7) (2,0) (2,1) (2,2) (2,3) (2,4) (2,6) (2,7) (3,1) (3,2) (3,3) (3,4) (3,7) (4,1) (4,2) (4,3) (4,4) (4,6) (5,0) (5,3) (5,4) (5,7) (6,1) (6,2) (6,4) (6,5) (6,6) (7,3) 

-------------------------------Squares controlled by the enemy------------------------------------
X X X X * * * X 
* * * X X * * X 
X X X X X * X X 
* X X X X * * X 
* X X X X * X * 
X * * X X * * X 
* X X * X X X * 
* * * X * * * * 

------------------------------Check Information---------------------------------------------------
White King located at: (7,6)
White King is safe, no check at this position.

------------------------------Special Move Information-------------------------------------------
No en passant allowed right now
------------------------------Castling Rights Information-------------------------------------------
White Kingside Castle:  NOT AVAILABLE
White Queenside Castle: NOT AVAILABLE
Black Kingside Castle:  NOT AVAILABLE
Black Queenside Castle: NOT AVAILABLE
---------------------------------------------------------------------------------------------------

========== CAPTURE EXPLORATION ==========
[0] R x b | Potential loss: NO | Score: 330
[1] K x b | Potential loss: NO | Score: 330
========================================

========== CHECK EXPLORATION ==========
(no checks found)
======================================
--------------------------------------------------------------------------------------------------
Chosen Move: (7,4) --> (7,5)
 / e1f1

* * * * r b k * 
* p p * * p p * 
* * * * * n * * 
p * * * * * * * 
* * * N * * * * 
P * * * P * P P 
* P * r * P * * 
* * * * * R K * 

[32;1m[Game] [0mPlayer's error code: 0
[32;1m[Game] [0mChecking move validity...
[32;1m[Board] [0mInitializing board (size: 8)...
[32;1m[Board] [0m32 piece(s) on board.
[32;1m[Board] [0mLoading history file `championship/chessgambit-bbd/history.csv`...
[32;1m[Board] [0mLoaded 48 move(s).
[32;1m[Board] [0mHistory replayed, 20 piece(s) on board.
[32;1m[Board] [0mLoading move file `championship/chessgambit-bbd/move.csv`...
[32;1m[Board] [0mWhite player is playing e1 to f1.
[32;1m[Board] [0m[5;1mWhite Rook is taking Black Bishop.[0m
[32;1m[Board] [0m
[32;1m[Board] [0m     a b c d e f g h
[32;1m[Board] [0m   -------------------
[32;1m[Board] [0m 8 ||[7;1m [0m| |[7;1m [0m| |[30;1mr[0m|[30;1mb[0m|[30;1mK[0m| || 8
[32;1m[Board] [0m   -------------------
[32;1m[Board] [0m 7 || |[30;1mp[0m|[30;1mp[0m|[7;1m [0m| |[30;1mp[0m|[30;1mp[0m|[7;1m [0m|| 7
[32;1m[Board] [0m   -------------------
[32;1m[Board] [0m 6 ||[7;1m [0m| |[7;1m [0m| |[7;1m [0m|[30;1mk[0m|[7;1m [0m| || 6
[32;1m[Board] [0m   -------------------
[32;1m[Board] [0m 5 ||[30;1mp[0m|[7;1m [0m| |[7;1m [0m| |[7;1m [0m| |[7;1m [0m|| 5
[32;1m[Board] [0m   -------------------
[32;1m[Board] [0m 4 ||[7;1m [0m| |[7;1m [0m|[0;1mk[0m|[7;1m [0m| |[7;1m [0m| || 4
[32;1m[Board] [0m   -------------------
[32;1m[Board] [0m 3 ||[0;1mp[0m|[7;1m [0m| |[7;1m [0m|[0;1mp[0m|[7;1m [0m|[0;1mp[0m|[0;1mp[0m|| 3
[32;1m[Board] [0m   -------------------
[32;1m[Board] [0m 2 ||[7;1m [0m|[0;1mp[0m|[7;1m [0m|[30;1mr[0m|[7;1m [0m|[0;1mp[0m|[7;1m [0m| || 2
[32;1m[Board] [0m   -------------------
[32;1m[Board] [0m 1 || |[7;1m [0m| |[7;1m [0m| |[0;1mr[0m|[0;1mK[0m|[7;1m [0m|| 1
[32;1m[Board] [0m   -------------------
[32;1m[Board] [0m     a b c d e f g h
[32;1m[Board] [0m
[32;1m[Referee] [0mThis is the turn of the Black player...
Succesfully loaded network via incbin!
info score 4421 depth 1 nodes 44 time 2
-32000 32000 30
info score 4298 depth 2 nodes 244 time 3
-32000 32000 30
info score 4363 depth 3 nodes 1258 time 3
-32000 32000 30
info score 4321 depth 4 nodes 5500 time 6
-32000 32000 30
info score 4351 depth 5 nodes 6405 time 7
4291 4351 30
info score 4377 depth 5 nodes 19179 time 16
4291 4381 60
info score 4349 depth 6 nodes 39398 time 32
4347 4407 30
info score 4363 depth 7 nodes 119230 time 92
4319 4379 30
info score 4358 depth 8 nodes 274203 time 214
4333 4393 30
info score 4388 depth 9 nodes 343936 time 283
4328 4388 30
info score 4418 depth 9 nodes 540829 time 566
4328 4418 60
info score 4440 depth 9 nodes 933820 time 876
4328 4478 120
info score 4428 depth 10 nodes 1486515 time 1312
4410 4470 30
info score 4458 depth 11 nodes 2444159 time 2131
4398 4458 30
info score 4479 depth 11 nodes 4566275 time 3932
4398 4488 60
info score 4489 depth 12 nodes 7822331 time 6616
4449 4509 30
bestmove d2b2
[32;1m[Game] [0mPlayer's error code: 0
[32;1m[Game] [0mChecking move validity...
[32;1m[Board] [0mInitializing board (size: 8)...
[32;1m[Board] [0m32 piece(s) on board.
[32;1m[Board] [0mLoading history file `championship/chessgambit-bbd/history.csv`...
[32;1m[Board] [0mLoaded 49 move(s).
[32;1m[Board] [0mHistory replayed, 19 piece(s) on board.
[32;1m[Board] [0mLoading move file `championship/chessgambit-bbd/move.csv`...
[32;1m[Board] [0mBlack player is playing d2 to b2.
[32;1m[Board] [0m[5;1mBlack Rook is taking White Pawn.[0m
[32;1m[Board] [0m
[32;1m[Board] [0m     a b c d e f g h
[32;1m[Board] [0m   -------------------
[32;1m[Board] [0m 8 ||[7;1m [0m| |[7;1m [0m| |[30;1mr[0m|[30;1mb[0m|[30;1mK[0m| || 8
[32;1m[Board] [0m   -------------------
[32;1m[Board] [0m 7 || |[30;1mp[0m|[30;1mp[0m|[7;1m [0m| |[30;1mp[0m|[30;1mp[0m|[7;1m [0m|| 7
[32;1m[Board] [0m   -------------------
[32;1m[Board] [0m 6 ||[7;1m [0m| |[7;1m [0m| |[7;1m [0m|[30;1mk[0m|[7;1m [0m| || 6
[32;1m[Board] [0m   -------------------
[32;1m[Board] [0m 5 ||[30;1mp[0m|[7;1m [0m| |[7;1m [0m| |[7;1m [0m| |[7;1m [0m|| 5
[32;1m[Board] [0m   -------------------
[32;1m[Board] [0m 4 ||[7;1m [0m| |[7;1m [0m|[0;1mk[0m|[7;1m [0m| |[7;1m [0m| || 4
[32;1m[Board] [0m   -------------------
[32;1m[Board] [0m 3 ||[0;1mp[0m|[7;1m [0m| |[7;1m [0m|[0;1mp[0m|[7;1m [0m|[0;1mp[0m|[0;1mp[0m|| 3
[32;1m[Board] [0m   -------------------
[32;1m[Board] [0m 2 ||[7;1m [0m|[30;1mr[0m|[7;1m [0m| |[7;1m [0m|[0;1mp[0m|[7;1m [0m| || 2
[32;1m[Board] [0m   -------------------
[32;1m[Board] [0m 1 || |[7;1m [0m| |[7;1m [0m| |[0;1mr[0m|[0;1mK[0m|[7;1m [0m|| 1
[32;1m[Board] [0m   -------------------
[32;1m[Board] [0m     a b c d e f g h
[32;1m[Board] [0m
[32;1m[Referee] [0mThis is the turn of the White player...
Inputed Board
Currently playing: White

------------------------------Current Search Space--------------------------------------------
Possible moves for piece: P:
 P: (5,0)->(4,0) / a3a4
 P: (5,4)->(4,4) / e3e4
 P: (5,6)->(4,6) / g3g4
 P: (5,7)->(4,7) / h3h4
 P: (6,5)->(5,5) / f2f3
 P: (6,5)->(4,5) / f2f4
Possible moves for piece: R:
 R: (7,5)->(7,4) / f1e1
 R: (7,5)->(7,3) / f1d1
 R: (7,5)->(7,2) / f1c1
 R: (7,5)->(7,1) / f1b1
 R: (7,5)->(7,0) / f1a1
Possible moves for piece: N:
 N: (4,3)->(6,4) / d4e2
 N: (4,3)->(6,2) / d4c2
 N: (4,3)->(2,4) / d4e6
 N: (4,3)->(2,2) / d4c6
 N: (4,3)->(5,5) / d4f3
 N: (4,3)->(3,5) / d4f5
 N: (4,3)->(5,1) / d4b3
 N: (4,3)->(3,1) / d4b5
Possible moves for piece: K:
 K: (7,6)->(6,6) / g1g2
 K: (7,6)->(7,7) / g1h1
 K: (7,6)->(6,7) / g1h2

------------------------------Filtered Search Space--------------------------------------------
Possible moves for piece: P:
 P: (5,0)->(4,0) / a3a4
 P: (5,4)->(4,4) / e3e4
 P: (5,6)->(4,6) / g3g4
 P: (5,7)->(4,7) / h3h4
 P: (6,5)->(5,5) / f2f3
 P: (6,5)->(4,5) / f2f4
Possible moves for piece: R:
 R: (7,5)->(7,4) / f1e1
 R: (7,5)->(7,3) / f1d1
 R: (7,5)->(7,2) / f1c1
 R: (7,5)->(7,1) / f1b1
 R: (7,5)->(7,0) / f1a1
Possible moves for piece: N:
 N: (4,3)->(6,4) / d4e2
 N: (4,3)->(6,2) / d4c2
 N: (4,3)->(2,4) / d4e6
 N: (4,3)->(2,2) / d4c6
 N: (4,3)->(5,5) / d4f3
 N: (4,3)->(3,5) / d4f5
 N: (4,3)->(5,1) / d4b3
 N: (4,3)->(3,1) / d4b5
Possible moves for piece: K:
 K: (7,6)->(6,6) / g1g2
 K: (7,6)->(7,7) / g1h1
 K: (7,6)->(6,7) / g1h2

--------------------------------Info on Attacks---------------------------------------------------
Squares attacked by Black pieces:
(0,0) (0,1) (0,2) (0,3) (0,7) (1,3) (1,4) (1,7) (2,0) (2,1) (2,2) (2,3) (2,4) (2,6) (2,7) (3,1) (3,2) (3,3) (3,4) (3,7) (4,1) (4,4) (4,6) (5,0) (5,1) (5,4) (6,0) (6,2) (6,3) (6,4) (6,5) (7,1) 

-------------------------------Squares controlled by the enemy------------------------------------
X X X X * * * X 
* * * X X * * X 
X X X X X * X X 
* X X X X * * X 
* X * * X * X * 
X X * * X * * * 
X * X X X X * * 
* X * * * * * * 

------------------------------Check Information---------------------------------------------------
White King located at: (7,6)
White King is safe, no check at this position.

------------------------------Special Move Information-------------------------------------------
No en passant allowed right now
------------------------------Castling Rights Information-------------------------------------------
White Kingside Castle:  NOT AVAILABLE
White Queenside Castle: NOT AVAILABLE
Black Kingside Castle:  NOT AVAILABLE
Black Queenside Castle: NOT AVAILABLE
---------------------------------------------------------------------------------------------------

========== CAPTURE EXPLORATION ==========
========================================

========== CHECK EXPLORATION ==========
(no checks found)
======================================
--------------------------------------------------------------------------------------------------
Chosen Move: (7,5) --> (7,2)
 / f1c1

* * * * r b k * 
* p p * * p p * 
* * * * * n * * 
p * * * * * * * 
* * * N * * * * 
P * * * P * P P 
* r * * * P * * 
* * R * * * K * 

[32;1m[Game] [0mPlayer's error code: 0
[32;1m[Game] [0mChecking move validity...
[32;1m[Board] [0mInitializing board (size: 8)...
[32;1m[Board] [0m32 piece(s) on board.
[32;1m[Board] [0mLoading history file `championship/chessgambit-bbd/history.csv`...
[32;1m[Board] [0mLoaded 50 move(s).
[32;1m[Board] [0mHistory replayed, 18 piece(s) on board.
[32;1m[Board] [0mLoading move file `championship/chessgambit-bbd/move.csv`...
[32;1m[Board] [0mWhite player is playing f1 to c1.
[32;1m[Board] [0m
[32;1m[Board] [0m     a b c d e f g h
[32;1m[Board] [0m   -------------------
[32;1m[Board] [0m 8 ||[7;1m [0m| |[7;1m [0m| |[30;1mr[0m|[30;1mb[0m|[30;1mK[0m| || 8
[32;1m[Board] [0m   -------------------
[32;1m[Board] [0m 7 || |[30;1mp[0m|[30;1mp[0m|[7;1m [0m| |[30;1mp[0m|[30;1mp[0m|[7;1m [0m|| 7
[32;1m[Board] [0m   -------------------
[32;1m[Board] [0m 6 ||[7;1m [0m| |[7;1m [0m| |[7;1m [0m|[30;1mk[0m|[7;1m [0m| || 6
[32;1m[Board] [0m   -------------------
[32;1m[Board] [0m 5 ||[30;1mp[0m|[7;1m [0m| |[7;1m [0m| |[7;1m [0m| |[7;1m [0m|| 5
[32;1m[Board] [0m   -------------------
[32;1m[Board] [0m 4 ||[7;1m [0m| |[7;1m [0m|[0;1mk[0m|[7;1m [0m| |[7;1m [0m| || 4
[32;1m[Board] [0m   -------------------
[32;1m[Board] [0m 3 ||[0;1mp[0m|[7;1m [0m| |[7;1m [0m|[0;1mp[0m|[7;1m [0m|[0;1mp[0m|[0;1mp[0m|| 3
[32;1m[Board] [0m   -------------------
[32;1m[Board] [0m 2 ||[7;1m [0m|[30;1mr[0m|[7;1m [0m| |[7;1m [0m|[0;1mp[0m|[7;1m [0m| || 2
[32;1m[Board] [0m   -------------------
[32;1m[Board] [0m 1 || |[7;1m [0m|[0;1mr[0m|[7;1m [0m| |[7;1m [0m|[0;1mK[0m|[7;1m [0m|| 1
[32;1m[Board] [0m   -------------------
[32;1m[Board] [0m     a b c d e f g h
[32;1m[Board] [0m
[32;1m[Referee] [0mThis is the turn of the Black player...
Succesfully loaded network via incbin!
info score 4467 depth 1 nodes 128 time 6
-32000 32000 30
info score 4341 depth 2 nodes 537 time 6
-32000 32000 30
info score 4378 depth 3 nodes 2432 time 11
-32000 32000 30
info score 4415 depth 4 nodes 5261 time 13
-32000 32000 30
info score 4445 depth 5 nodes 11667 time 24
4385 4445 30
info score 4457 depth 5 nodes 13397 time 26
4385 4475 60
info score 4427 depth 6 nodes 25613 time 45
4427 4487 30
info score 4411 depth 6 nodes 30451 time 52
4397 4487 60
info score 4441 depth 7 nodes 33658 time 58
4381 4441 30
info score 4471 depth 7 nodes 34714 time 59
4381 4471 60
info score 4483 depth 7 nodes 89539 time 140
4381 4531 120
info score 4453 depth 8 nodes 155785 time 241
4453 4513 30
info score 4428 depth 8 nodes 199539 time 303
4423 4513 60
info score 4458 depth 9 nodes 225736 time 348
4398 4458 30
info score 4488 depth 9 nodes 251703 time 390
4398 4488 60
info score 4510 depth 9 nodes 446722 time 546
4398 4548 120
info score 4540 depth 10 nodes 596696 time 765
4480 4540 30
info score 4565 depth 10 nodes 819033 time 948
4480 4570 60
info score 4595 depth 11 nodes 1318894 time 1351
4535 4595 30
info score 4595 depth 11 nodes 2062489 time 1932
4535 4625 60
info score 4573 depth 12 nodes 3930713 time 3347
4565 4625 30
info score 4603 depth 13 nodes 6299987 time 5276
4543 4603 30
info score 4633 depth 13 nodes 7670593 time 6365
4543 4633 60
bestmove c7c5
[32;1m[Game] [0mPlayer's error code: 0
[32;1m[Game] [0mChecking move validity...
[32;1m[Board] [0mInitializing board (size: 8)...
[32;1m[Board] [0m32 piece(s) on board.
[32;1m[Board] [0mLoading history file `championship/chessgambit-bbd/history.csv`...
[32;1m[Board] [0mLoaded 51 move(s).
[32;1m[Board] [0mHistory replayed, 18 piece(s) on board.
[32;1m[Board] [0mLoading move file `championship/chessgambit-bbd/move.csv`...
[32;1m[Board] [0mBlack player is playing c7 to c5.
[32;1m[Board] [0m
[32;1m[Board] [0m     a b c d e f g h
[32;1m[Board] [0m   -------------------
[32;1m[Board] [0m 8 ||[7;1m [0m| |[7;1m [0m| |[30;1mr[0m|[30;1mb[0m|[30;1mK[0m| || 8
[32;1m[Board] [0m   -------------------
[32;1m[Board] [0m 7 || |[30;1mp[0m| |[7;1m [0m| |[30;1mp[0m|[30;1mp[0m|[7;1m [0m|| 7
[32;1m[Board] [0m   -------------------
[32;1m[Board] [0m 6 ||[7;1m [0m| |[7;1m [0m| |[7;1m [0m|[30;1mk[0m|[7;1m [0m| || 6
[32;1m[Board] [0m   -------------------
[32;1m[Board] [0m 5 ||[30;1mp[0m|[7;1m [0m|[30;1mp[0m|[7;1m [0m| |[7;1m [0m| |[7;1m [0m|| 5
[32;1m[Board] [0m   -------------------
[32;1m[Board] [0m 4 ||[7;1m [0m| |[7;1m [0m|[0;1mk[0m|[7;1m [0m| |[7;1m [0m| || 4
[32;1m[Board] [0m   -------------------
[32;1m[Board] [0m 3 ||[0;1mp[0m|[7;1m [0m| |[7;1m [0m|[0;1mp[0m|[7;1m [0m|[0;1mp[0m|[0;1mp[0m|| 3
[32;1m[Board] [0m   -------------------
[32;1m[Board] [0m 2 ||[7;1m [0m|[30;1mr[0m|[7;1m [0m| |[7;1m [0m|[0;1mp[0m|[7;1m [0m| || 2
[32;1m[Board] [0m   -------------------
[32;1m[Board] [0m 1 || |[7;1m [0m|[0;1mr[0m|[7;1m [0m| |[7;1m [0m|[0;1mK[0m|[7;1m [0m|| 1
[32;1m[Board] [0m   -------------------
[32;1m[Board] [0m     a b c d e f g h
[32;1m[Board] [0m
[32;1m[Referee] [0mThis is the turn of the White player...
Inputed Board
Currently playing: White

------------------------------Current Search Space--------------------------------------------
Possible moves for piece: P:
 P: (5,0)->(4,0) / a3a4
 P: (5,4)->(4,4) / e3e4
 P: (5,6)->(4,6) / g3g4
 P: (5,7)->(4,7) / h3h4
 P: (6,5)->(5,5) / f2f3
 P: (6,5)->(4,5) / f2f4
Possible moves for piece: R:
 R: (7,2)->(6,2) / c1c2
 R: (7,2)->(5,2) / c1c3
 R: (7,2)->(4,2) / c1c4
 R: (7,2)->(3,2) / c1c5
 R: (7,2)->(7,3) / c1d1
 R: (7,2)->(7,4) / c1e1
 R: (7,2)->(7,5) / c1f1
 R: (7,2)->(7,1) / c1b1
 R: (7,2)->(7,0) / c1a1
Possible moves for piece: N:
 N: (4,3)->(6,4) / d4e2
 N: (4,3)->(6,2) / d4c2
 N: (4,3)->(2,4) / d4e6
 N: (4,3)->(2,2) / d4c6
 N: (4,3)->(5,5) / d4f3
 N: (4,3)->(3,5) / d4f5
 N: (4,3)->(5,1) / d4b3
 N: (4,3)->(3,1) / d4b5
Possible moves for piece: K:
 K: (7,6)->(6,6) / g1g2
 K: (7,6)->(7,7) / g1h1
 K: (7,6)->(7,5) / g1f1
 K: (7,6)->(6,7) / g1h2

------------------------------Filtered Search Space--------------------------------------------
Possible moves for piece: P:
 P: (5,0)->(4,0) / a3a4
 P: (5,4)->(4,4) / e3e4
 P: (5,6)->(4,6) / g3g4
 P: (5,7)->(4,7) / h3h4
 P: (6,5)->(5,5) / f2f3
 P: (6,5)->(4,5) / f2f4
Possible moves for piece: R:
 R: (7,2)->(6,2) / c1c2
 R: (7,2)->(5,2) / c1c3
 R: (7,2)->(4,2) / c1c4
 R: (7,2)->(3,2) / c1c5
 R: (7,2)->(7,3) / c1d1
 R: (7,2)->(7,4) / c1e1
 R: (7,2)->(7,5) / c1f1
 R: (7,2)->(7,1) / c1b1
 R: (7,2)->(7,0) / c1a1
Possible moves for piece: N:
 N: (4,3)->(6,4) / d4e2
 N: (4,3)->(6,2) / d4c2
 N: (4,3)->(2,4) / d4e6
 N: (4,3)->(2,2) / d4c6
 N: (4,3)->(5,5) / d4f3
 N: (4,3)->(3,5) / d4f5
 N: (4,3)->(5,1) / d4b3
 N: (4,3)->(3,1) / d4b5
Possible moves for piece: K:
 K: (7,6)->(6,6) / g1g2
 K: (7,6)->(7,7) / g1h1
 K: (7,6)->(7,5) / g1f1
 K: (7,6)->(6,7) / g1h2

--------------------------------Info on Attacks---------------------------------------------------
Squares attacked by Black pieces:
(0,0) (0,1) (0,2) (0,3) (0,7) (1,3) (1,4) (1,7) (2,0) (2,1) (2,2) (2,3) (2,4) (2,6) (2,7) (3,1) (3,3) (3,4) (3,7) (4,1) (4,3) (4,4) (4,6) (5,1) (5,4) (6,0) (6,2) (6,3) (6,4) (6,5) (7,1) 

-------------------------------Squares controlled by the enemy------------------------------------
X X X X * * * X 
* * * X X * * X 
X X X X X * X X 
* X * X X * * X 
* X * X X * X * 
* X * * X * * * 
X * X X X X * * 
* X * * * * * * 

------------------------------Check Information---------------------------------------------------
White King located at: (7,6)
White King is safe, no check at this position.

------------------------------Special Move Information-------------------------------------------
No en passant allowed right now
------------------------------Castling Rights Information-------------------------------------------
White Kingside Castle:  NOT AVAILABLE
White Queenside Castle: NOT AVAILABLE
Black Kingside Castle:  NOT AVAILABLE
Black Queenside Castle: NOT AVAILABLE
---------------------------------------------------------------------------------------------------

========== CAPTURE EXPLORATION ==========
[0] R x p | Potential loss: NO | Score: 100
========================================

========== CHECK EXPLORATION ==========
(no checks found)
======================================
--------------------------------------------------------------------------------------------------
Chosen Move: (4,3) --> (5,5)
 / d4f3

* * * * r b k * 
* p * * * p p * 
* * * * * n * * 
p * p * * * * * 
* * * * * * * * 
P * * * P N P P 
* r * * * P * * 
* * R * * * K * 

[32;1m[Game] [0mPlayer's error code: 0
[32;1m[Game] [0mChecking move validity...
[32;1m[Board] [0mInitializing board (size: 8)...
[32;1m[Board] [0m32 piece(s) on board.
[32;1m[Board] [0mLoading history file `championship/chessgambit-bbd/history.csv`...
[32;1m[Board] [0mLoaded 52 move(s).
[32;1m[Board] [0mHistory replayed, 18 piece(s) on board.
[32;1m[Board] [0mLoading move file `championship/chessgambit-bbd/move.csv`...
[32;1m[Board] [0mWhite player is playing d4 to f3.
[32;1m[Board] [0m
[32;1m[Board] [0m     a b c d e f g h
[32;1m[Board] [0m   -------------------
[32;1m[Board] [0m 8 ||[7;1m [0m| |[7;1m [0m| |[30;1mr[0m|[30;1mb[0m|[30;1mK[0m| || 8
[32;1m[Board] [0m   -------------------
[32;1m[Board] [0m 7 || |[30;1mp[0m| |[7;1m [0m| |[30;1mp[0m|[30;1mp[0m|[7;1m [0m|| 7
[32;1m[Board] [0m   -------------------
[32;1m[Board] [0m 6 ||[7;1m [0m| |[7;1m [0m| |[7;1m [0m|[30;1mk[0m|[7;1m [0m| || 6
[32;1m[Board] [0m   -------------------
[32;1m[Board] [0m 5 ||[30;1mp[0m|[7;1m [0m|[30;1mp[0m|[7;1m [0m| |[7;1m [0m| |[7;1m [0m|| 5
[32;1m[Board] [0m   -------------------
[32;1m[Board] [0m 4 ||[7;1m [0m| |[7;1m [0m| |[7;1m [0m| |[7;1m [0m| || 4
[32;1m[Board] [0m   -------------------
[32;1m[Board] [0m 3 ||[0;1mp[0m|[7;1m [0m| |[7;1m [0m|[0;1mp[0m|[0;1mk[0m|[0;1mp[0m|[0;1mp[0m|| 3
[32;1m[Board] [0m   -------------------
[32;1m[Board] [0m 2 ||[7;1m [0m|[30;1mr[0m|[7;1m [0m| |[7;1m [0m|[0;1mp[0m|[7;1m [0m| || 2
[32;1m[Board] [0m   -------------------
[32;1m[Board] [0m 1 || |[7;1m [0m|[0;1mr[0m|[7;1m [0m| |[7;1m [0m|[0;1mK[0m|[7;1m [0m|| 1
[32;1m[Board] [0m   -------------------
[32;1m[Board] [0m     a b c d e f g h
[32;1m[Board] [0m
[32;1m[Referee] [0mThis is the turn of the Black player...
Succesfully loaded network via incbin!
info score 4496 depth 1 nodes 59 time 6
-32000 32000 30
info score 4481 depth 2 nodes 519 time 6
-32000 32000 30
info score 4545 depth 3 nodes 1711 time 7
-32000 32000 30
info score 4534 depth 4 nodes 3301 time 12
-32000 32000 30
info score 4564 depth 5 nodes 4478 time 13
4504 4564 30
info score 4597 depth 5 nodes 4709 time 13
4504 4594 60
info score 4609 depth 5 nodes 9332 time 20
4504 4654 120
info score 4579 depth 6 nodes 15599 time 31
4579 4639 30
info score 4578 depth 6 nodes 20890 time 38
4549 4639 60
info score 4608 depth 7 nodes 37491 time 65
4548 4608 30
info score 4638 depth 7 nodes 39865 time 67
4548 4638 60
info score 4676 depth 7 nodes 59336 time 98
4548 4698 120
info score 4654 depth 8 nodes 118639 time 167
4646 4706 30
info score 4684 depth 9 nodes 175054 time 215
4624 4684 30
info score 4714 depth 9 nodes 192502 time 229
4624 4714 60
info score 4725 depth 9 nodes 293703 time 306
4624 4774 120
info score 4707 depth 10 nodes 484460 time 490
4695 4755 30
info score 4727 depth 11 nodes 1410379 time 1268
4677 4737 30
info score 4757 depth 12 nodes 2077578 time 1827
4697 4757 30
info score 4758 depth 12 nodes 2832337 time 2442
4697 4787 60
info score 4788 depth 13 nodes 5011963 time 4320
4728 4788 30
info score 4818 depth 13 nodes 6850622 time 5868
4728 4818 60
info score 4878 depth 13 nodes 9421465 time 8067
4728 4878 120
bestmove f6e4
[32;1m[Game] [0mPlayer's error code: 0
[32;1m[Game] [0mChecking move validity...
[32;1m[Board] [0mInitializing board (size: 8)...
[32;1m[Board] [0m32 piece(s) on board.
[32;1m[Board] [0mLoading history file `championship/chessgambit-bbd/history.csv`...
[32;1m[Board] [0mLoaded 53 move(s).
[32;1m[Board] [0mHistory replayed, 18 piece(s) on board.
[32;1m[Board] [0mLoading move file `championship/chessgambit-bbd/move.csv`...
[32;1m[Board] [0mBlack player is playing f6 to e4.
[32;1m[Board] [0m
[32;1m[Board] [0m     a b c d e f g h
[32;1m[Board] [0m   -------------------
[32;1m[Board] [0m 8 ||[7;1m [0m| |[7;1m [0m| |[30;1mr[0m|[30;1mb[0m|[30;1mK[0m| || 8
[32;1m[Board] [0m   -------------------
[32;1m[Board] [0m 7 || |[30;1mp[0m| |[7;1m [0m| |[30;1mp[0m|[30;1mp[0m|[7;1m [0m|| 7
[32;1m[Board] [0m   -------------------
[32;1m[Board] [0m 6 ||[7;1m [0m| |[7;1m [0m| |[7;1m [0m| |[7;1m [0m| || 6
[32;1m[Board] [0m   -------------------
[32;1m[Board] [0m 5 ||[30;1mp[0m|[7;1m [0m|[30;1mp[0m|[7;1m [0m| |[7;1m [0m| |[7;1m [0m|| 5
[32;1m[Board] [0m   -------------------
[32;1m[Board] [0m 4 ||[7;1m [0m| |[7;1m [0m| |[30;1mk[0m| |[7;1m [0m| || 4
[32;1m[Board] [0m   -------------------
[32;1m[Board] [0m 3 ||[0;1mp[0m|[7;1m [0m| |[7;1m [0m|[0;1mp[0m|[0;1mk[0m|[0;1mp[0m|[0;1mp[0m|| 3
[32;1m[Board] [0m   -------------------
[32;1m[Board] [0m 2 ||[7;1m [0m|[30;1mr[0m|[7;1m [0m| |[7;1m [0m|[0;1mp[0m|[7;1m [0m| || 2
[32;1m[Board] [0m   -------------------
[32;1m[Board] [0m 1 || |[7;1m [0m|[0;1mr[0m|[7;1m [0m| |[7;1m [0m|[0;1mK[0m|[7;1m [0m|| 1
[32;1m[Board] [0m   -------------------
[32;1m[Board] [0m     a b c d e f g h
[32;1m[Board] [0m
[32;1m[Referee] [0mThis is the turn of the White player...
Inputed Board
Currently playing: White

------------------------------Current Search Space--------------------------------------------
Possible moves for piece: P:
 P: (5,0)->(4,0) / a3a4
 P: (5,6)->(4,6) / g3g4
 P: (5,7)->(4,7) / h3h4
Possible moves for piece: R:
 R: (7,2)->(6,2) / c1c2
 R: (7,2)->(5,2) / c1c3
 R: (7,2)->(4,2) / c1c4
 R: (7,2)->(3,2) / c1c5
 R: (7,2)->(7,3) / c1d1
 R: (7,2)->(7,4) / c1e1
 R: (7,2)->(7,5) / c1f1
 R: (7,2)->(7,1) / c1b1
 R: (7,2)->(7,0) / c1a1
Possible moves for piece: N:
 N: (5,5)->(7,4) / f3e1
 N: (5,5)->(3,6) / f3g5
 N: (5,5)->(3,4) / f3e5
 N: (5,5)->(6,7) / f3h2
 N: (5,5)->(4,7) / f3h4
 N: (5,5)->(6,3) / f3d2
 N: (5,5)->(4,3) / f3d4
Possible moves for piece: K:
 K: (7,6)->(6,6) / g1g2
 K: (7,6)->(7,7) / g1h1
 K: (7,6)->(7,5) / g1f1
 K: (7,6)->(6,7) / g1h2

------------------------------Filtered Search Space--------------------------------------------
Possible moves for piece: P:
 P: (5,0)->(4,0) / a3a4
 P: (5,6)->(4,6) / g3g4
 P: (5,7)->(4,7) / h3h4
Possible moves for piece: R:
 R: (7,2)->(6,2) / c1c2
 R: (7,2)->(5,2) / c1c3
 R: (7,2)->(4,2) / c1c4
 R: (7,2)->(3,2) / c1c5
 R: (7,2)->(7,3) / c1d1
 R: (7,2)->(7,4) / c1e1
 R: (7,2)->(7,5) / c1f1
 R: (7,2)->(7,1) / c1b1
 R: (7,2)->(7,0) / c1a1
Possible moves for piece: N:
 N: (5,5)->(7,4) / f3e1
 N: (5,5)->(3,6) / f3g5
 N: (5,5)->(3,4) / f3e5
 N: (5,5)->(6,7) / f3h2
 N: (5,5)->(4,7) / f3h4
 N: (5,5)->(6,3) / f3d2
 N: (5,5)->(4,3) / f3d4
Possible moves for piece: K:
 K: (7,6)->(6,6) / g1g2
 K: (7,6)->(7,7) / g1h1
 K: (7,6)->(7,5) / g1f1
 K: (7,6)->(6,7) / g1h2

--------------------------------Info on Attacks---------------------------------------------------
Squares attacked by Black pieces:
(0,0) (0,1) (0,2) (0,3) (0,7) (1,4) (1,7) (2,0) (2,1) (2,2) (2,3) (2,4) (2,5) (2,6) (2,7) (3,1) (3,4) (3,6) (4,1) (4,3) (5,1) (5,2) (5,6) (6,0) (6,2) (6,3) (6,4) (6,5) (7,1) 

-------------------------------Squares controlled by the enemy------------------------------------
X X X X * * * X 
* * * * X * * X 
X X X X X X X X 
* X * * X * X * 
* X * X * * * * 
* X X * * * X * 
X * X X X X * * 
* X * * * * * * 

------------------------------Check Information---------------------------------------------------
White King located at: (7,6)
White King is safe, no check at this position.

------------------------------Special Move Information-------------------------------------------
No en passant allowed right now
------------------------------Castling Rights Information-------------------------------------------
White Kingside Castle:  NOT AVAILABLE
White Queenside Castle: NOT AVAILABLE
Black Kingside Castle:  NOT AVAILABLE
Black Queenside Castle: NOT AVAILABLE
---------------------------------------------------------------------------------------------------

========== CAPTURE EXPLORATION ==========
[0] R x p | Potential loss: NO | Score: 100
========================================

========== CHECK EXPLORATION ==========
(no checks found)
======================================
--------------------------------------------------------------------------------------------------
Chosen Move: (7,2) --> (7,5)
 / c1f1

* * * * r b k * 
* p * * * p p * 
* * * * * * * * 
p * p * * * * * 
* * * * n * * * 
P * * * P N P P 
* r * * * P * * 
* * * * * R K * 

[32;1m[Game] [0mPlayer's error code: 0
[32;1m[Game] [0mChecking move validity...
[32;1m[Board] [0mInitializing board (size: 8)...
[32;1m[Board] [0m32 piece(s) on board.
[32;1m[Board] [0mLoading history file `championship/chessgambit-bbd/history.csv`...
[32;1m[Board] [0mLoaded 54 move(s).
[32;1m[Board] [0mHistory replayed, 18 piece(s) on board.
[32;1m[Board] [0mLoading move file `championship/chessgambit-bbd/move.csv`...
[32;1m[Board] [0mWhite player is playing c1 to f1.
[32;1m[Board] [0m
[32;1m[Board] [0m     a b c d e f g h
[32;1m[Board] [0m   -------------------
[32;1m[Board] [0m 8 ||[7;1m [0m| |[7;1m [0m| |[30;1mr[0m|[30;1mb[0m|[30;1mK[0m| || 8
[32;1m[Board] [0m   -------------------
[32;1m[Board] [0m 7 || |[30;1mp[0m| |[7;1m [0m| |[30;1mp[0m|[30;1mp[0m|[7;1m [0m|| 7
[32;1m[Board] [0m   -------------------
[32;1m[Board] [0m 6 ||[7;1m [0m| |[7;1m [0m| |[7;1m [0m| |[7;1m [0m| || 6
[32;1m[Board] [0m   -------------------
[32;1m[Board] [0m 5 ||[30;1mp[0m|[7;1m [0m|[30;1mp[0m|[7;1m [0m| |[7;1m [0m| |[7;1m [0m|| 5
[32;1m[Board] [0m   -------------------
[32;1m[Board] [0m 4 ||[7;1m [0m| |[7;1m [0m| |[30;1mk[0m| |[7;1m [0m| || 4
[32;1m[Board] [0m   -------------------
[32;1m[Board] [0m 3 ||[0;1mp[0m|[7;1m [0m| |[7;1m [0m|[0;1mp[0m|[0;1mk[0m|[0;1mp[0m|[0;1mp[0m|| 3
[32;1m[Board] [0m   -------------------
[32;1m[Board] [0m 2 ||[7;1m [0m|[30;1mr[0m|[7;1m [0m| |[7;1m [0m|[0;1mp[0m|[7;1m [0m| || 2
[32;1m[Board] [0m   -------------------
[32;1m[Board] [0m 1 || |[7;1m [0m| |[7;1m [0m| |[0;1mr[0m|[0;1mK[0m|[7;1m [0m|| 1
[32;1m[Board] [0m   -------------------
[32;1m[Board] [0m     a b c d e f g h
[32;1m[Board] [0m
[32;1m[Referee] [0mThis is the turn of the Black player...
Succesfully loaded network via incbin!
info score 4545 depth 1 nodes 60 time 4
-32000 32000 30
info score 4534 depth 2 nodes 602 time 4
-32000 32000 30
info score 4609 depth 3 nodes 2323 time 5
-32000 32000 30
info score 4578 depth 4 nodes 5354 time 7
-32000 32000 30
info score 4612 depth 5 nodes 17039 time 16
4548 4608 30
info score 4641 depth 5 nodes 17594 time 17
4548 4638 60
info score 4676 depth 5 nodes 20255 time 19
4548 4698 120
info score 4654 depth 6 nodes 37514 time 37
4646 4706 30
info score 4684 depth 7 nodes 66481 time 60
4624 4684 30
info score 4714 depth 7 nodes 71477 time 65
4624 4714 60
info score 4725 depth 7 nodes 112020 time 95
4624 4774 120
info score 4707 depth 8 nodes 177476 time 147
4695 4755 30
info score 4727 depth 9 nodes 388734 time 317
4677 4737 30
info score 4757 depth 10 nodes 587668 time 485
4697 4757 30
info score 4758 depth 10 nodes 806856 time 652
4697 4787 60
info score 4788 depth 11 nodes 1107000 time 918
4728 4788 30
info score 4818 depth 11 nodes 1240769 time 1035
4728 4818 60
info score 4878 depth 11 nodes 1722813 time 1550
4728 4878 120
info score 4933 depth 11 nodes 2899874 time 2578
4728 4998 240
info score 4903 depth 12 nodes 4511061 time 3943
4903 4963 30
info score 4896 depth 12 nodes 5479087 time 4734
4873 4963 60
info score 4926 depth 13 nodes 7386349 time 6388
4866 4926 30
info score 4956 depth 13 nodes 9332171 time 8048
4866 4956 60
bestmove c5c4
[32;1m[Game] [0mPlayer's error code: 0
[32;1m[Game] [0mChecking move validity...
[32;1m[Board] [0mInitializing board (size: 8)...
[32;1m[Board] [0m32 piece(s) on board.
[32;1m[Board] [0mLoading history file `championship/chessgambit-bbd/history.csv`...
[32;1m[Board] [0mLoaded 55 move(s).
[32;1m[Board] [0mHistory replayed, 18 piece(s) on board.
[32;1m[Board] [0mLoading move file `championship/chessgambit-bbd/move.csv`...
[32;1m[Board] [0mBlack player is playing c5 to c4.
[32;1m[Board] [0m
[32;1m[Board] [0m     a b c d e f g h
[32;1m[Board] [0m   -------------------
[32;1m[Board] [0m 8 ||[7;1m [0m| |[7;1m [0m| |[30;1mr[0m|[30;1mb[0m|[30;1mK[0m| || 8
[32;1m[Board] [0m   -------------------
[32;1m[Board] [0m 7 || |[30;1mp[0m| |[7;1m [0m| |[30;1mp[0m|[30;1mp[0m|[7;1m [0m|| 7
[32;1m[Board] [0m   -------------------
[32;1m[Board] [0m 6 ||[7;1m [0m| |[7;1m [0m| |[7;1m [0m| |[7;1m [0m| || 6
[32;1m[Board] [0m   -------------------
[32;1m[Board] [0m 5 ||[30;1mp[0m|[7;1m [0m| |[7;1m [0m| |[7;1m [0m| |[7;1m [0m|| 5
[32;1m[Board] [0m   -------------------
[32;1m[Board] [0m 4 ||[7;1m [0m| |[30;1mp[0m| |[30;1mk[0m| |[7;1m [0m| || 4
[32;1m[Board] [0m   -------------------
[32;1m[Board] [0m 3 ||[0;1mp[0m|[7;1m [0m| |[7;1m [0m|[0;1mp[0m|[0;1mk[0m|[0;1mp[0m|[0;1mp[0m|| 3
[32;1m[Board] [0m   -------------------
[32;1m[Board] [0m 2 ||[7;1m [0m|[30;1mr[0m|[7;1m [0m| |[7;1m [0m|[0;1mp[0m|[7;1m [0m| || 2
[32;1m[Board] [0m   -------------------
[32;1m[Board] [0m 1 || |[7;1m [0m| |[7;1m [0m| |[0;1mr[0m|[0;1mK[0m|[7;1m [0m|| 1
[32;1m[Board] [0m   -------------------
[32;1m[Board] [0m     a b c d e f g h
[32;1m[Board] [0m
[32;1m[Referee] [0mThis is the turn of the White player...
Inputed Board
Currently playing: White

------------------------------Current Search Space--------------------------------------------
Possible moves for piece: P:
 P: (5,0)->(4,0) / a3a4
 P: (5,6)->(4,6) / g3g4
 P: (5,7)->(4,7) / h3h4
Possible moves for piece: R:
 R: (7,5)->(7,4) / f1e1
 R: (7,5)->(7,3) / f1d1
 R: (7,5)->(7,2) / f1c1
 R: (7,5)->(7,1) / f1b1
 R: (7,5)->(7,0) / f1a1
Possible moves for piece: N:
 N: (5,5)->(7,4) / f3e1
 N: (5,5)->(3,6) / f3g5
 N: (5,5)->(3,4) / f3e5
 N: (5,5)->(6,7) / f3h2
 N: (5,5)->(4,7) / f3h4
 N: (5,5)->(6,3) / f3d2
 N: (5,5)->(4,3) / f3d4
Possible moves for piece: K:
 K: (7,6)->(6,6) / g1g2
 K: (7,6)->(7,7) / g1h1
 K: (7,6)->(6,7) / g1h2

------------------------------Filtered Search Space--------------------------------------------
Possible moves for piece: P:
 P: (5,0)->(4,0) / a3a4
 P: (5,6)->(4,6) / g3g4
 P: (5,7)->(4,7) / h3h4
Possible moves for piece: R:
 R: (7,5)->(7,4) / f1e1
 R: (7,5)->(7,3) / f1d1
 R: (7,5)->(7,2) / f1c1
 R: (7,5)->(7,1) / f1b1
 R: (7,5)->(7,0) / f1a1
Possible moves for piece: N:
 N: (5,5)->(7,4) / f3e1
 N: (5,5)->(3,6) / f3g5
 N: (5,5)->(3,4) / f3e5
 N: (5,5)->(6,7) / f3h2
 N: (5,5)->(4,7) / f3h4
 N: (5,5)->(6,3) / f3d2
 N: (5,5)->(4,3) / f3d4
Possible moves for piece: K:
 K: (7,6)->(6,6) / g1g2
 K: (7,6)->(7,7) / g1h1
 K: (7,6)->(6,7) / g1h2

--------------------------------Info on Attacks---------------------------------------------------
Squares attacked by Black pieces:
(0,0) (0,1) (0,2) (0,3) (0,7) (1,4) (1,7) (2,0) (2,1) (2,2) (2,3) (2,4) (2,5) (2,6) (2,7) (3,1) (3,2) (3,4) (3,6) (4,1) (5,0) (5,1) (5,2) (5,3) (5,6) (6,0) (6,2) (6,3) (6,4) (6,5) (7,1) 

-------------------------------Squares controlled by the enemy------------------------------------
X X X X * * * X 
* * * * X * * X 
X X X X X X X X 
* X X * X * X * 
* X * * * * * * 
X X X X * * X * 
X * X X X X * * 
* X * * * * * * 

------------------------------Check Information---------------------------------------------------
White King located at: (7,6)
White King is safe, no check at this position.

------------------------------Special Move Information-------------------------------------------
No en passant allowed right now
------------------------------Castling Rights Information-------------------------------------------
White Kingside Castle:  NOT AVAILABLE
White Queenside Castle: NOT AVAILABLE
Black Kingside Castle:  NOT AVAILABLE
Black Queenside Castle: NOT AVAILABLE
---------------------------------------------------------------------------------------------------

========== CAPTURE EXPLORATION ==========
========================================

========== CHECK EXPLORATION ==========
(no checks found)
======================================
--------------------------------------------------------------------------------------------------
Chosen Move: (5,5) --> (4,3)
 / f3d4

* * * * r b k * 
* p * * * p p * 
* * * * * * * * 
p * * * * * * * 
* * p N n * * * 
P * * * P * P P 
* r * * * P * * 
* * * * * R K * 

[32;1m[Game] [0mPlayer's error code: 0
[32;1m[Game] [0mChecking move validity...
[32;1m[Board] [0mInitializing board (size: 8)...
[32;1m[Board] [0m32 piece(s) on board.
[32;1m[Board] [0mLoading history file `championship/chessgambit-bbd/history.csv`...
[32;1m[Board] [0mLoaded 56 move(s).
[32;1m[Board] [0mHistory replayed, 18 piece(s) on board.
[32;1m[Board] [0mLoading move file `championship/chessgambit-bbd/move.csv`...
[32;1m[Board] [0mWhite player is playing f3 to d4.
[32;1m[Board] [0m
[32;1m[Board] [0m     a b c d e f g h
[32;1m[Board] [0m   -------------------
[32;1m[Board] [0m 8 ||[7;1m [0m| |[7;1m [0m| |[30;1mr[0m|[30;1mb[0m|[30;1mK[0m| || 8
[32;1m[Board] [0m   -------------------
[32;1m[Board] [0m 7 || |[30;1mp[0m| |[7;1m [0m| |[30;1mp[0m|[30;1mp[0m|[7;1m [0m|| 7
[32;1m[Board] [0m   -------------------
[32;1m[Board] [0m 6 ||[7;1m [0m| |[7;1m [0m| |[7;1m [0m| |[7;1m [0m| || 6
[32;1m[Board] [0m   -------------------
[32;1m[Board] [0m 5 ||[30;1mp[0m|[7;1m [0m| |[7;1m [0m| |[7;1m [0m| |[7;1m [0m|| 5
[32;1m[Board] [0m   -------------------
[32;1m[Board] [0m 4 ||[7;1m [0m| |[30;1mp[0m|[0;1mk[0m|[30;1mk[0m| |[7;1m [0m| || 4
[32;1m[Board] [0m   -------------------
[32;1m[Board] [0m 3 ||[0;1mp[0m|[7;1m [0m| |[7;1m [0m|[0;1mp[0m|[7;1m [0m|[0;1mp[0m|[0;1mp[0m|| 3
[32;1m[Board] [0m   -------------------
[32;1m[Board] [0m 2 ||[7;1m [0m|[30;1mr[0m|[7;1m [0m| |[7;1m [0m|[0;1mp[0m|[7;1m [0m| || 2
[32;1m[Board] [0m   -------------------
[32;1m[Board] [0m 1 || |[7;1m [0m| |[7;1m [0m| |[0;1mr[0m|[0;1mK[0m|[7;1m [0m|| 1
[32;1m[Board] [0m   -------------------
[32;1m[Board] [0m     a b c d e f g h
[32;1m[Board] [0m
[32;1m[Referee] [0mThis is the turn of the Black player...
Succesfully loaded network via incbin!
info score 4579 depth 1 nodes 71 time 6
-32000 32000 30
info score 4517 depth 2 nodes 610 time 7
-32000 32000 30
info score 4688 depth 3 nodes 2137 time 11
-32000 32000 30
info score 4654 depth 4 nodes 3998 time 13
-32000 32000 30
info score 4684 depth 5 nodes 7129 time 19
4624 4684 30
info score 4714 depth 5 nodes 8001 time 20
4624 4714 60
info score 4740 depth 5 nodes 15759 time 32
4624 4774 120
info score 4710 depth 6 nodes 28893 time 52
4710 4770 30
info score 4707 depth 6 nodes 35046 time 60
4680 4770 60
info score 4737 depth 7 nodes 46693 time 81
4677 4737 30
info score 4767 depth 7 nodes 48225 time 85
4677 4767 60
info score 4809 depth 7 nodes 94768 time 158
4677 4827 120
info score 4779 depth 8 nodes 145449 time 232
4779 4839 30
info score 4839 depth 8 nodes 219327 time 349
4749 4839 60
info score 4839 depth 8 nodes 219956 time 349
4749 4899 120
info score 4869 depth 9 nodes 395561 time 536
4809 4869 30
info score 4899 depth 9 nodes 483860 time 608
4809 4899 60
info score 4958 depth 9 nodes 605258 time 705
4809 4959 120
info score 4928 depth 10 nodes 829353 time 870
4928 4988 30
info score 4937 depth 10 nodes 1137082 time 1118
4898 4988 60
info score 4967 depth 11 nodes 1442793 time 1386
4907 4967 30
info score 4997 depth 11 nodes 1675360 time 1581
4907 4997 60
info score 4997 depth 11 nodes 2496322 time 2228
4907 5057 120
info score 5027 depth 12 nodes 3225754 time 2836
4967 5027 30
info score 5027 depth 12 nodes 3745035 time 3217
4967 5057 60
info score 5057 depth 13 nodes 5678867 time 4909
4997 5057 30
info score 5087 depth 13 nodes 7187925 time 6310
4997 5087 60
bestmove f8c5
[32;1m[Game] [0mPlayer's error code: 0
[32;1m[Game] [0mChecking move validity...
[32;1m[Board] [0mInitializing board (size: 8)...
[32;1m[Board] [0m32 piece(s) on board.
[32;1m[Board] [0mLoading history file `championship/chessgambit-bbd/history.csv`...
[32;1m[Board] [0mLoaded 57 move(s).
[32;1m[Board] [0mHistory replayed, 18 piece(s) on board.
[32;1m[Board] [0mLoading move file `championship/chessgambit-bbd/move.csv`...
[32;1m[Board] [0mBlack player is playing f8 to c5.
[32;1m[Board] [0m
[32;1m[Board] [0m     a b c d e f g h
[32;1m[Board] [0m   -------------------
[32;1m[Board] [0m 8 ||[7;1m [0m| |[7;1m [0m| |[30;1mr[0m| |[30;1mK[0m| || 8
[32;1m[Board] [0m   -------------------
[32;1m[Board] [0m 7 || |[30;1mp[0m| |[7;1m [0m| |[30;1mp[0m|[30;1mp[0m|[7;1m [0m|| 7
[32;1m[Board] [0m   -------------------
[32;1m[Board] [0m 6 ||[7;1m [0m| |[7;1m [0m| |[7;1m [0m| |[7;1m [0m| || 6
[32;1m[Board] [0m   -------------------
[32;1m[Board] [0m 5 ||[30;1mp[0m|[7;1m [0m|[30;1mb[0m|[7;1m [0m| |[7;1m [0m| |[7;1m [0m|| 5
[32;1m[Board] [0m   -------------------
[32;1m[Board] [0m 4 ||[7;1m [0m| |[30;1mp[0m|[0;1mk[0m|[30;1mk[0m| |[7;1m [0m| || 4
[32;1m[Board] [0m   -------------------
[32;1m[Board] [0m 3 ||[0;1mp[0m|[7;1m [0m| |[7;1m [0m|[0;1mp[0m|[7;1m [0m|[0;1mp[0m|[0;1mp[0m|| 3
[32;1m[Board] [0m   -------------------
[32;1m[Board] [0m 2 ||[7;1m [0m|[30;1mr[0m|[7;1m [0m| |[7;1m [0m|[0;1mp[0m|[7;1m [0m| || 2
[32;1m[Board] [0m   -------------------
[32;1m[Board] [0m 1 || |[7;1m [0m| |[7;1m [0m| |[0;1mr[0m|[0;1mK[0m|[7;1m [0m|| 1
[32;1m[Board] [0m   -------------------
[32;1m[Board] [0m     a b c d e f g h
[32;1m[Board] [0m
[32;1m[Referee] [0mThis is the turn of the White player...
Inputed Board
Currently playing: White

------------------------------Current Search Space--------------------------------------------
Possible moves for piece: P:
 P: (5,0)->(4,0) / a3a4
 P: (5,6)->(4,6) / g3g4
 P: (5,7)->(4,7) / h3h4
 P: (6,5)->(5,5) / f2f3
 P: (6,5)->(4,5) / f2f4
Possible moves for piece: R:
 R: (7,5)->(7,4) / f1e1
 R: (7,5)->(7,3) / f1d1
 R: (7,5)->(7,2) / f1c1
 R: (7,5)->(7,1) / f1b1
 R: (7,5)->(7,0) / f1a1
Possible moves for piece: N:
 N: (4,3)->(6,4) / d4e2
 N: (4,3)->(6,2) / d4c2
 N: (4,3)->(2,4) / d4e6
 N: (4,3)->(2,2) / d4c6
 N: (4,3)->(5,5) / d4f3
 N: (4,3)->(3,5) / d4f5
 N: (4,3)->(5,1) / d4b3
 N: (4,3)->(3,1) / d4b5
Possible moves for piece: K:
 K: (7,6)->(6,6) / g1g2
 K: (7,6)->(7,7) / g1h1
 K: (7,6)->(6,7) / g1h2

------------------------------Filtered Search Space--------------------------------------------
Possible moves for piece: P:
 P: (5,0)->(4,0) / a3a4
 P: (5,6)->(4,6) / g3g4
 P: (5,7)->(4,7) / h3h4
 P: (6,5)->(5,5) / f2f3
 P: (6,5)->(4,5) / f2f4
Possible moves for piece: R:
 R: (7,5)->(7,4) / f1e1
 R: (7,5)->(7,3) / f1d1
 R: (7,5)->(7,2) / f1c1
 R: (7,5)->(7,1) / f1b1
 R: (7,5)->(7,0) / f1a1
Possible moves for piece: N:
 N: (4,3)->(6,4) / d4e2
 N: (4,3)->(6,2) / d4c2
 N: (4,3)->(2,4) / d4e6
 N: (4,3)->(2,2) / d4c6
 N: (4,3)->(5,5) / d4f3
 N: (4,3)->(3,5) / d4f5
 N: (4,3)->(5,1) / d4b3
 N: (4,3)->(3,1) / d4b5
Possible moves for piece: K:
 K: (7,6)->(6,6) / g1g2
 K: (7,6)->(7,7) / g1h1
 K: (7,6)->(6,7) / g1h2

--------------------------------Info on Attacks---------------------------------------------------
Squares attacked by Black pieces:
(0,0) (0,1) (0,2) (0,3) (0,5) (0,7) (1,0) (1,4) (1,7) (2,0) (2,1) (2,2) (2,3) (2,4) (2,5) (2,6) (2,7) (3,1) (3,4) (3,6) (4,1) (4,3) (5,0) (5,1) (5,2) (5,3) (5,6) (6,0) (6,2) (6,3) (6,4) (6,5) (7,1) 

-------------------------------Squares controlled by the enemy------------------------------------
X X X X * X * X 
X * * * X * * X 
X X X X X X X X 
* X * * X * X * 
* X * X * * * * 
X X X X * * X * 
X * X X X X * * 
* X * * * * * * 

------------------------------Check Information---------------------------------------------------
White King located at: (7,6)
White King is safe, no check at this position.

------------------------------Special Move Information-------------------------------------------
No en passant allowed right now
------------------------------Castling Rights Information-------------------------------------------
White Kingside Castle:  NOT AVAILABLE
White Queenside Castle: NOT AVAILABLE
Black Kingside Castle:  NOT AVAILABLE
Black Queenside Castle: NOT AVAILABLE
---------------------------------------------------------------------------------------------------

========== CAPTURE EXPLORATION ==========
========================================

========== CHECK EXPLORATION ==========
(no checks found)
======================================
--------------------------------------------------------------------------------------------------
Chosen Move: (5,0) --> (4,0)
 / a3a4

* * * * r * k * 
* p * * * p p * 
* * * * * * * * 
p * b * * * * * 
P * p N n * * * 
* * * * P * P P 
* r * * * P * * 
* * * * * R K * 

[32;1m[Game] [0mPlayer's error code: 0
[32;1m[Game] [0mChecking move validity...
[32;1m[Board] [0mInitializing board (size: 8)...
[32;1m[Board] [0m32 piece(s) on board.
[32;1m[Board] [0mLoading history file `championship/chessgambit-bbd/history.csv`...
[32;1m[Board] [0mLoaded 58 move(s).
[32;1m[Board] [0mHistory replayed, 18 piece(s) on board.
[32;1m[Board] [0mLoading move file `championship/chessgambit-bbd/move.csv`...
[32;1m[Board] [0mWhite player is playing a3 to a4.
[32;1m[Board] [0m
[32;1m[Board] [0m     a b c d e f g h
[32;1m[Board] [0m   -------------------
[32;1m[Board] [0m 8 ||[7;1m [0m| |[7;1m [0m| |[30;1mr[0m| |[30;1mK[0m| || 8
[32;1m[Board] [0m   -------------------
[32;1m[Board] [0m 7 || |[30;1mp[0m| |[7;1m [0m| |[30;1mp[0m|[30;1mp[0m|[7;1m [0m|| 7
[32;1m[Board] [0m   -------------------
[32;1m[Board] [0m 6 ||[7;1m [0m| |[7;1m [0m| |[7;1m [0m| |[7;1m [0m| || 6
[32;1m[Board] [0m   -------------------
[32;1m[Board] [0m 5 ||[30;1mp[0m|[7;1m [0m|[30;1mb[0m|[7;1m [0m| |[7;1m [0m| |[7;1m [0m|| 5
[32;1m[Board] [0m   -------------------
[32;1m[Board] [0m 4 ||[0;1mp[0m| |[30;1mp[0m|[0;1mk[0m|[30;1mk[0m| |[7;1m [0m| || 4
[32;1m[Board] [0m   -------------------
[32;1m[Board] [0m 3 || |[7;1m [0m| |[7;1m [0m|[0;1mp[0m|[7;1m [0m|[0;1mp[0m|[0;1mp[0m|| 3
[32;1m[Board] [0m   -------------------
[32;1m[Board] [0m 2 ||[7;1m [0m|[30;1mr[0m|[7;1m [0m| |[7;1m [0m|[0;1mp[0m|[7;1m [0m| || 2
[32;1m[Board] [0m   -------------------
[32;1m[Board] [0m 1 || |[7;1m [0m| |[7;1m [0m| |[0;1mr[0m|[0;1mK[0m|[7;1m [0m|| 1
[32;1m[Board] [0m   -------------------
[32;1m[Board] [0m     a b c d e f g h
[32;1m[Board] [0m
[32;1m[Referee] [0mThis is the turn of the Black player...
Succesfully loaded network via incbin!
info score 4791 depth 1 nodes 64 time 6
-32000 32000 30
info score 4791 depth 2 nodes 163 time 7
-32000 32000 30
info score 4871 depth 3 nodes 1174 time 7
-32000 32000 30
info score 5072 depth 4 nodes 2227 time 8
-32000 32000 30
info score 5072 depth 5 nodes 5983 time 11
5042 5102 30
info score 5077 depth 6 nodes 10594 time 14
5042 5102 30
info score 5107 depth 7 nodes 12634 time 16
5047 5107 30
info score 5112 depth 7 nodes 27343 time 26
5047 5137 60
info score 5131 depth 8 nodes 58472 time 49
5082 5142 30
info score 5152 depth 9 nodes 191756 time 148
5101 5161 30
info score 5182 depth 10 nodes 217504 time 170
5122 5182 30
info score 5195 depth 10 nodes 463331 time 368
5122 5212 60
info score 5225 depth 11 nodes 524002 time 417
5165 5225 30
info score 5254 depth 11 nodes 1570557 time 1695
5165 5255 60
info score 5284 depth 12 nodes 1974019 time 2047
5224 5284 30
info score 5314 depth 12 nodes 2130715 time 2177
5224 5314 60
info score 5374 depth 12 nodes 2633429 time 2590
5224 5374 120
info score 5483 depth 12 nodes 3201663 time 3015
5224 5494 240
info score 5513 depth 13 nodes 3742554 time 3456
5453 5513 30
info score 5543 depth 13 nodes 3963581 time 3635
5453 5543 60
info score 5603 depth 13 nodes 5523004 time 4852
5453 5603 120
info score 5603 depth 13 nodes 9040488 time 7583
5453 5723 240
info score 5633 depth 14 nodes 9331227 time 7815
5573 5633 30
info score 5663 depth 14 nodes 9747956 time 8145
5573 5663 60
info score 5723 depth 14 nodes 9932427 time 8302
5573 5723 120
bestmove c5d4
[32;1m[Game] [0mPlayer's error code: 0
[32;1m[Game] [0mChecking move validity...
[32;1m[Board] [0mInitializing board (size: 8)...
[32;1m[Board] [0m32 piece(s) on board.
[32;1m[Board] [0mLoading history file `championship/chessgambit-bbd/history.csv`...
[32;1m[Board] [0mLoaded 59 move(s).
[32;1m[Board] [0mHistory replayed, 18 piece(s) on board.
[32;1m[Board] [0mLoading move file `championship/chessgambit-bbd/move.csv`...
[32;1m[Board] [0mBlack player is playing c5 to d4.
[32;1m[Board] [0m[5;1mBlack Bishop is taking White Knight.[0m
[32;1m[Board] [0m
[32;1m[Board] [0m     a b c d e f g h
[32;1m[Board] [0m   -------------------
[32;1m[Board] [0m 8 ||[7;1m [0m| |[7;1m [0m| |[30;1mr[0m| |[30;1mK[0m| || 8
[32;1m[Board] [0m   -------------------
[32;1m[Board] [0m 7 || |[30;1mp[0m| |[7;1m [0m| |[30;1mp[0m|[30;1mp[0m|[7;1m [0m|| 7
[32;1m[Board] [0m   -------------------
[32;1m[Board] [0m 6 ||[7;1m [0m| |[7;1m [0m| |[7;1m [0m| |[7;1m [0m| || 6
[32;1m[Board] [0m   -------------------
[32;1m[Board] [0m 5 ||[30;1mp[0m|[7;1m [0m| |[7;1m [0m| |[7;1m [0m| |[7;1m [0m|| 5
[32;1m[Board] [0m   -------------------
[32;1m[Board] [0m 4 ||[0;1mp[0m| |[30;1mp[0m|[30;1mb[0m|[30;1mk[0m| |[7;1m [0m| || 4
[32;1m[Board] [0m   -------------------
[32;1m[Board] [0m 3 || |[7;1m [0m| |[7;1m [0m|[0;1mp[0m|[7;1m [0m|[0;1mp[0m|[0;1mp[0m|| 3
[32;1m[Board] [0m   -------------------
[32;1m[Board] [0m 2 ||[7;1m [0m|[30;1mr[0m|[7;1m [0m| |[7;1m [0m|[0;1mp[0m|[7;1m [0m| || 2
[32;1m[Board] [0m   -------------------
[32;1m[Board] [0m 1 || |[7;1m [0m| |[7;1m [0m| |[0;1mr[0m|[0;1mK[0m|[7;1m [0m|| 1
[32;1m[Board] [0m   -------------------
[32;1m[Board] [0m     a b c d e f g h
[32;1m[Board] [0m
[32;1m[Referee] [0mThis is the turn of the White player...
Inputed Board
Currently playing: White

------------------------------Current Search Space--------------------------------------------
Possible moves for piece: P:
 P: (5,4)->(4,3) / e3d4
 P: (5,6)->(4,6) / g3g4
 P: (5,7)->(4,7) / h3h4
 P: (6,5)->(5,5) / f2f3
 P: (6,5)->(4,5) / f2f4
Possible moves for piece: R:
 R: (7,5)->(7,4) / f1e1
 R: (7,5)->(7,3) / f1d1
 R: (7,5)->(7,2) / f1c1
 R: (7,5)->(7,1) / f1b1
 R: (7,5)->(7,0) / f1a1
Possible moves for piece: K:
 K: (7,6)->(6,6) / g1g2
 K: (7,6)->(7,7) / g1h1
 K: (7,6)->(6,7) / g1h2

------------------------------Filtered Search Space--------------------------------------------
Possible moves for piece: P:
 P: (5,4)->(4,3) / e3d4
 P: (5,6)->(4,6) / g3g4
 P: (5,7)->(4,7) / h3h4
 P: (6,5)->(5,5) / f2f3
 P: (6,5)->(4,5) / f2f4
Possible moves for piece: R:
 R: (7,5)->(7,4) / f1e1
 R: (7,5)->(7,3) / f1d1
 R: (7,5)->(7,2) / f1c1
 R: (7,5)->(7,1) / f1b1
 R: (7,5)->(7,0) / f1a1
Possible moves for piece: K:
 K: (7,6)->(6,6) / g1g2
 K: (7,6)->(7,7) / g1h1
 K: (7,6)->(6,7) / g1h2

--------------------------------Info on Attacks---------------------------------------------------
Squares attacked by Black pieces:
(0,0) (0,1) (0,2) (0,3) (0,5) (0,7) (1,0) (1,4) (1,7) (2,0) (2,1) (2,2) (2,3) (2,4) (2,5) (2,6) (2,7) (3,1) (3,2) (3,4) (3,6) (4,1) (5,1) (5,2) (5,3) (5,4) (5,6) (6,0) (6,2) (6,3) (6,4) (6,5) (7,1) 

-------------------------------Squares controlled by the enemy------------------------------------
X X X X * X * X 
X * * * X * * X 
X X X X X X X X 
* X X * X * X * 
* X * * * * * * 
* X X X X * X * 
X * X X X X * * 
* X * * * * * * 

------------------------------Check Information---------------------------------------------------
White King located at: (7,6)
White King is safe, no check at this position.

------------------------------Special Move Information-------------------------------------------
No en passant allowed right now
------------------------------Castling Rights Information-------------------------------------------
White Kingside Castle:  NOT AVAILABLE
White Queenside Castle: NOT AVAILABLE
Black Kingside Castle:  NOT AVAILABLE
Black Queenside Castle: NOT AVAILABLE
---------------------------------------------------------------------------------------------------

========== CAPTURE EXPLORATION ==========
[0] P x b | Potential loss: NO | Score: 330
========================================

========== CHECK EXPLORATION ==========
(no checks found)
======================================
--------------------------------------------------------------------------------------------------
Chosen Move: (5,4) --> (4,3)
 / e3d4

* * * * r * k * 
* p * * * p p * 
* * * * * * * * 
p * * * * * * * 
P * p P n * * * 
* * * * * * P P 
* r * * * P * * 
* * * * * R K * 

[32;1m[Game] [0mPlayer's error code: 0
[32;1m[Game] [0mChecking move validity...
[32;1m[Board] [0mInitializing board (size: 8)...
[32;1m[Board] [0m32 piece(s) on board.
[32;1m[Board] [0mLoading history file `championship/chessgambit-bbd/history.csv`...
[32;1m[Board] [0mLoaded 60 move(s).
[32;1m[Board] [0mHistory replayed, 17 piece(s) on board.
[32;1m[Board] [0mLoading move file `championship/chessgambit-bbd/move.csv`...
[32;1m[Board] [0mWhite player is playing e3 to d4.
[32;1m[Board] [0m[5;1mWhite Pawn is taking Black Bishop.[0m
[32;1m[Board] [0m
[32;1m[Board] [0m     a b c d e f g h
[32;1m[Board] [0m   -------------------
[32;1m[Board] [0m 8 ||[7;1m [0m| |[7;1m [0m| |[30;1mr[0m| |[30;1mK[0m| || 8
[32;1m[Board] [0m   -------------------
[32;1m[Board] [0m 7 || |[30;1mp[0m| |[7;1m [0m| |[30;1mp[0m|[30;1mp[0m|[7;1m [0m|| 7
[32;1m[Board] [0m   -------------------
[32;1m[Board] [0m 6 ||[7;1m [0m| |[7;1m [0m| |[7;1m [0m| |[7;1m [0m| || 6
[32;1m[Board] [0m   -------------------
[32;1m[Board] [0m 5 ||[30;1mp[0m|[7;1m [0m| |[7;1m [0m| |[7;1m [0m| |[7;1m [0m|| 5
[32;1m[Board] [0m   -------------------
[32;1m[Board] [0m 4 ||[0;1mp[0m| |[30;1mp[0m|[0;1mp[0m|[30;1mk[0m| |[7;1m [0m| || 4
[32;1m[Board] [0m   -------------------
[32;1m[Board] [0m 3 || |[7;1m [0m| |[7;1m [0m| |[7;1m [0m|[0;1mp[0m|[0;1mp[0m|| 3
[32;1m[Board] [0m   -------------------
[32;1m[Board] [0m 2 ||[7;1m [0m|[30;1mr[0m|[7;1m [0m| |[7;1m [0m|[0;1mp[0m|[7;1m [0m| || 2
[32;1m[Board] [0m   -------------------
[32;1m[Board] [0m 1 || |[7;1m [0m| |[7;1m [0m| |[0;1mr[0m|[0;1mK[0m|[7;1m [0m|| 1
[32;1m[Board] [0m   -------------------
[32;1m[Board] [0m     a b c d e f g h
[32;1m[Board] [0m
[32;1m[Referee] [0mThis is the turn of the Black player...
Succesfully loaded network via incbin!
info score 4871 depth 1 nodes 48 time 3
-32000 32000 30
info score 5072 depth 2 nodes 675 time 3
-32000 32000 30
info score 5072 depth 3 nodes 1738 time 4
-32000 32000 30
info score 5077 depth 4 nodes 2497 time 5
-32000 32000 30
info score 5112 depth 5 nodes 3525 time 6
5047 5107 30
info score 5112 depth 5 nodes 5658 time 7
5047 5137 60
info score 5131 depth 6 nodes 10315 time 11
5082 5142 30
info score 5152 depth 7 nodes 31738 time 26
5101 5161 30
info score 5182 depth 8 nodes 42739 time 36
5122 5182 30
info score 5195 depth 8 nodes 70228 time 56
5122 5212 60
info score 5225 depth 9 nodes 89990 time 73
5165 5225 30
info score 5233 depth 9 nodes 163021 time 126
5165 5255 60
info score 5263 depth 10 nodes 345269 time 279
5203 5263 30
info score 5293 depth 10 nodes 375729 time 303
5203 5293 60
info score 5293 depth 10 nodes 414819 time 330
5203 5353 120
info score 5323 depth 11 nodes 586991 time 480
5263 5323 30
info score 5353 depth 11 nodes 657385 time 539
5263 5353 60
info score 5413 depth 11 nodes 752753 time 618
5263 5413 120
info score 5533 depth 11 nodes 996247 time 815
5263 5533 240
info score 5681 depth 11 nodes 1337798 time 1066
5263 5773 480
info score 5711 depth 12 nodes 1358894 time 1082
5651 5711 30
info score 5741 depth 12 nodes 1372313 time 1092
5651 5741 60
info score 5801 depth 12 nodes 1375500 time 1094
5651 5801 120
info score 5802 depth 12 nodes 1570841 time 1228
5651 5921 240
info score 5832 depth 13 nodes 1676610 time 1308
5772 5832 30
info score 5862 depth 13 nodes 1708034 time 1331
5772 5862 60
info score 5922 depth 13 nodes 1718758 time 1339
5772 5922 120
info score 6042 depth 13 nodes 1738829 time 1355
5772 6042 240
info score 6282 depth 13 nodes 2417910 time 1882
5772 6282 480
info score 6762 depth 13 nodes 3847417 time 3091
5772 6762 960
info score 7103 depth 13 nodes 5493331 time 4464
5772 7722 1920
info score 7133 depth 14 nodes 5844883 time 4743
7073 7133 30
info score 7163 depth 14 nodes 6530467 time 5247
7073 7163 60
info score 7223 depth 14 nodes 6578006 time 5283
7073 7223 120
info score 7343 depth 14 nodes 6611625 time 5311
7073 7343 240
info score 7351 depth 14 nodes 7518429 time 5942
7073 7583 480
bestmove e4f2
[32;1m[Game] [0mPlayer's error code: 0
[32;1m[Game] [0mChecking move validity...
[32;1m[Board] [0mInitializing board (size: 8)...
[32;1m[Board] [0m32 piece(s) on board.
[32;1m[Board] [0mLoading history file `championship/chessgambit-bbd/history.csv`...
[32;1m[Board] [0mLoaded 61 move(s).
[32;1m[Board] [0mHistory replayed, 16 piece(s) on board.
[32;1m[Board] [0mLoading move file `championship/chessgambit-bbd/move.csv`...
[32;1m[Board] [0mBlack player is playing e4 to f2.
[32;1m[Board] [0m[5;1mBlack Knight is taking White Pawn.[0m
[32;1m[Board] [0m
[32;1m[Board] [0m     a b c d e f g h
[32;1m[Board] [0m   -------------------
[32;1m[Board] [0m 8 ||[7;1m [0m| |[7;1m [0m| |[30;1mr[0m| |[30;1mK[0m| || 8
[32;1m[Board] [0m   -------------------
[32;1m[Board] [0m 7 || |[30;1mp[0m| |[7;1m [0m| |[30;1mp[0m|[30;1mp[0m|[7;1m [0m|| 7
[32;1m[Board] [0m   -------------------
[32;1m[Board] [0m 6 ||[7;1m [0m| |[7;1m [0m| |[7;1m [0m| |[7;1m [0m| || 6
[32;1m[Board] [0m   -------------------
[32;1m[Board] [0m 5 ||[30;1mp[0m|[7;1m [0m| |[7;1m [0m| |[7;1m [0m| |[7;1m [0m|| 5
[32;1m[Board] [0m   -------------------
[32;1m[Board] [0m 4 ||[0;1mp[0m| |[30;1mp[0m|[0;1mp[0m|[7;1m [0m| |[7;1m [0m| || 4
[32;1m[Board] [0m   -------------------
[32;1m[Board] [0m 3 || |[7;1m [0m| |[7;1m [0m| |[7;1m [0m|[0;1mp[0m|[0;1mp[0m|| 3
[32;1m[Board] [0m   -------------------
[32;1m[Board] [0m 2 ||[7;1m [0m|[30;1mr[0m|[7;1m [0m| |[7;1m [0m|[30;1mk[0m|[7;1m [0m| || 2
[32;1m[Board] [0m   -------------------
[32;1m[Board] [0m 1 || |[7;1m [0m| |[7;1m [0m| |[0;1mr[0m|[0;1mK[0m|[7;1m [0m|| 1
[32;1m[Board] [0m   -------------------
[32;1m[Board] [0m     a b c d e f g h
[32;1m[Board] [0m
[32;1m[Referee] [0mThis is the turn of the White player...
Inputed Board
Currently playing: White

------------------------------Current Search Space--------------------------------------------
Possible moves for piece: P:
 P: (4,3)->(3,3) / d4d5
 P: (5,6)->(4,6) / g3g4
 P: (5,7)->(4,7) / h3h4
Possible moves for piece: R:
 R: (7,5)->(6,5) / f1f2
 R: (7,5)->(7,4) / f1e1
 R: (7,5)->(7,3) / f1d1
 R: (7,5)->(7,2) / f1c1
 R: (7,5)->(7,1) / f1b1
 R: (7,5)->(7,0) / f1a1
Possible moves for piece: K:
 K: (7,6)->(6,6) / g1g2
 K: (7,6)->(7,7) / g1h1
 K: (7,6)->(6,7) / g1h2
 K: (7,6)->(6,5) / g1f2

------------------------------Filtered Search Space--------------------------------------------
Possible moves for piece: P:
 P: (4,3)->(3,3) / d4d5
 P: (5,6)->(4,6) / g3g4
 P: (5,7)->(4,7) / h3h4
Possible moves for piece: R:
 R: (7,5)->(6,5) / f1f2
 R: (7,5)->(7,4) / f1e1
 R: (7,5)->(7,3) / f1d1
 R: (7,5)->(7,2) / f1c1
 R: (7,5)->(7,1) / f1b1
 R: (7,5)->(7,0) / f1a1
Possible moves for piece: K:
 K: (7,6)->(6,6) / g1g2
 K: (7,6)->(6,7) / g1h2

--------------------------------Info on Attacks---------------------------------------------------
Squares attacked by Black pieces:
(0,0) (0,1) (0,2) (0,3) (0,5) (0,7) (1,4) (1,7) (2,0) (2,1) (2,2) (2,4) (2,5) (2,6) (2,7) (3,1) (3,4) (4,1) (4,4) (4,6) (5,1) (5,3) (5,4) (5,7) (6,0) (6,2) (6,3) (6,4) (7,1) (7,3) (7,4) (7,7) 

-------------------------------Squares controlled by the enemy------------------------------------
X X X X * X * X 
* * * * X * * X 
X X X * X X X X 
* X * * X * * * 
* X * * X * X * 
* X * X X * * X 
X * X X X * * * 
* X * X X * * X 

------------------------------Check Information---------------------------------------------------
White King located at: (7,6)
White King is safe, no check at this position.

------------------------------Special Move Information-------------------------------------------
No en passant allowed right now
------------------------------Castling Rights Information-------------------------------------------
White Kingside Castle:  NOT AVAILABLE
White Queenside Castle: NOT AVAILABLE
Black Kingside Castle:  NOT AVAILABLE
Black Queenside Castle: NOT AVAILABLE
---------------------------------------------------------------------------------------------------

========== CAPTURE EXPLORATION ==========
[0] R x n | Potential loss: NO | Score: 320
========================================

========== CHECK EXPLORATION ==========
(no checks found)
======================================
--------------------------------------------------------------------------------------------------
Chosen Move: (7,5) --> (6,5)
 / f1f2

* * * * r * k * 
* p * * * p p * 
* * * * * * * * 
p * * * * * * * 
P * p P * * * * 
* * * * * * P P 
* r * * * R * * 
* * * * * * K * 

[32;1m[Game] [0mPlayer's error code: 0
[32;1m[Game] [0mChecking move validity...
[32;1m[Board] [0mInitializing board (size: 8)...
[32;1m[Board] [0m32 piece(s) on board.
[32;1m[Board] [0mLoading history file `championship/chessgambit-bbd/history.csv`...
[32;1m[Board] [0mLoaded 62 move(s).
[32;1m[Board] [0mHistory replayed, 15 piece(s) on board.
[32;1m[Board] [0mLoading move file `championship/chessgambit-bbd/move.csv`...
[32;1m[Board] [0mWhite player is playing f1 to f2.
[32;1m[Board] [0m[5;1mWhite Rook is taking Black Knight.[0m
[32;1m[Board] [0m
[32;1m[Board] [0m     a b c d e f g h
[32;1m[Board] [0m   -------------------
[32;1m[Board] [0m 8 ||[7;1m [0m| |[7;1m [0m| |[30;1mr[0m| |[30;1mK[0m| || 8
[32;1m[Board] [0m   -------------------
[32;1m[Board] [0m 7 || |[30;1mp[0m| |[7;1m [0m| |[30;1mp[0m|[30;1mp[0m|[7;1m [0m|| 7
[32;1m[Board] [0m   -------------------
[32;1m[Board] [0m 6 ||[7;1m [0m| |[7;1m [0m| |[7;1m [0m| |[7;1m [0m| || 6
[32;1m[Board] [0m   -------------------
[32;1m[Board] [0m 5 ||[30;1mp[0m|[7;1m [0m| |[7;1m [0m| |[7;1m [0m| |[7;1m [0m|| 5
[32;1m[Board] [0m   -------------------
[32;1m[Board] [0m 4 ||[0;1mp[0m| |[30;1mp[0m|[0;1mp[0m|[7;1m [0m| |[7;1m [0m| || 4
[32;1m[Board] [0m   -------------------
[32;1m[Board] [0m 3 || |[7;1m [0m| |[7;1m [0m| |[7;1m [0m|[0;1mp[0m|[0;1mp[0m|| 3
[32;1m[Board] [0m   -------------------
[32;1m[Board] [0m 2 ||[7;1m [0m|[30;1mr[0m|[7;1m [0m| |[7;1m [0m|[0;1mr[0m|[7;1m [0m| || 2
[32;1m[Board] [0m   -------------------
[32;1m[Board] [0m 1 || |[7;1m [0m| |[7;1m [0m| |[7;1m [0m|[0;1mK[0m|[7;1m [0m|| 1
[32;1m[Board] [0m   -------------------
[32;1m[Board] [0m     a b c d e f g h
[32;1m[Board] [0m
[32;1m[Referee] [0mThis is the turn of the Black player...
Succesfully loaded network via incbin!
info score 4055 depth 1 nodes 43 time 3
-32000 32000 30
info score 4024 depth 2 nodes 167 time 3
-32000 32000 30
info score 4070 depth 3 nodes 1077 time 4
-32000 32000 30
info score 4106 depth 4 nodes 2522 time 5
-32000 32000 30
info score 4136 depth 5 nodes 3201 time 5
4076 4136 30
info score 4150 depth 5 nodes 8834 time 10
4076 4166 60
info score 4181 depth 6 nodes 11149 time 12
4120 4180 30
info score 4211 depth 6 nodes 11808 time 12
4120 4210 60
info score 4211 depth 6 nodes 14035 time 14
4120 4270 120
info score 4241 depth 7 nodes 15960 time 15
4181 4241 30
info score 4271 depth 7 nodes 17036 time 16
4181 4271 60
info score 4331 depth 7 nodes 19411 time 18
4181 4331 120
info score 4451 depth 7 nodes 19454 time 18
4181 4451 240
info score 4691 depth 7 nodes 19497 time 18
4181 4691 480
info score 4287 depth 7 nodes 26365 time 23
4181 5171 960
info score 4317 depth 8 nodes 32261 time 27
4257 4317 30
info score 4347 depth 8 nodes 32329 time 27
4257 4347 60
info score 4407 depth 8 nodes 32397 time 27
4257 4407 120
info score 4527 depth 8 nodes 32500 time 27
4257 4527 240
info score 4313 depth 8 nodes 42458 time 34
4257 4767 480
info score 4343 depth 9 nodes 58900 time 47
4283 4343 30
info score 4373 depth 9 nodes 69866 time 55
4283 4373 60
info score 4433 depth 9 nodes 69990 time 55
4283 4433 120
info score 4553 depth 9 nodes 70165 time 55
4283 4553 240
info score 4793 depth 9 nodes 70233 time 56
4283 4793 480
info score 5273 depth 9 nodes 70775 time 56
4283 5273 960
info score 6254 depth 9 nodes 72364 time 57
4283 6233 1920
info score 6396 depth 9 nodes 125028 time 93
4283 8153 3840
info score 6426 depth 10 nodes 126297 time 94
6366 6426 30
info score 6456 depth 10 nodes 127185 time 95
6366 6456 60
info score 6516 depth 10 nodes 127302 time 95
6366 6516 120
info score 6636 depth 10 nodes 127457 time 95
6366 6636 240
info score 6879 depth 10 nodes 128134 time 96
6366 6876 480
info score 7113 depth 10 nodes 159482 time 116
6366 7356 960
info score 7143 depth 11 nodes 162475 time 119
7083 7143 30
info score 7148 depth 11 nodes 340785 time 241
7083 7173 60
info score 7178 depth 12 nodes 344971 time 245
7118 7178 30
info score 7208 depth 12 nodes 354921 time 252
7118 7208 60
info score 7268 depth 12 nodes 360127 time 255
7118 7268 120
info score 7351 depth 12 nodes 541442 time 376
7118 7388 240
info score 7351 depth 13 nodes 1706505 time 1195
7321 7381 30
info score 7381 depth 14 nodes 1803735 time 1265
7321 7381 30
info score 7411 depth 14 nodes 1936911 time 1358
7321 7411 60
info score 7471 depth 14 nodes 1988405 time 1401
7321 7471 120
info score 7591 depth 14 nodes 2107065 time 1505
7321 7591 240
info score 7748 depth 14 nodes 3790313 time 2697
7321 7831 480
bestmove c4c3
[32;1m[Game] [0mPlayer's error code: 0
[32;1m[Game] [0mChecking move validity...
[32;1m[Board] [0mInitializing board (size: 8)...
[32;1m[Board] [0m32 piece(s) on board.
[32;1m[Board] [0mLoading history file `championship/chessgambit-bbd/history.csv`...
[32;1m[Board] [0mLoaded 63 move(s).
[32;1m[Board] [0mHistory replayed, 14 piece(s) on board.
[32;1m[Board] [0mLoading move file `championship/chessgambit-bbd/move.csv`...
[32;1m[Board] [0mBlack player is playing c4 to c3.
[32;1m[Board] [0m
[32;1m[Board] [0m     a b c d e f g h
[32;1m[Board] [0m   -------------------
[32;1m[Board] [0m 8 ||[7;1m [0m| |[7;1m [0m| |[30;1mr[0m| |[30;1mK[0m| || 8
[32;1m[Board] [0m   -------------------
[32;1m[Board] [0m 7 || |[30;1mp[0m| |[7;1m [0m| |[30;1mp[0m|[30;1mp[0m|[7;1m [0m|| 7
[32;1m[Board] [0m   -------------------
[32;1m[Board] [0m 6 ||[7;1m [0m| |[7;1m [0m| |[7;1m [0m| |[7;1m [0m| || 6
[32;1m[Board] [0m   -------------------
[32;1m[Board] [0m 5 ||[30;1mp[0m|[7;1m [0m| |[7;1m [0m| |[7;1m [0m| |[7;1m [0m|| 5
[32;1m[Board] [0m   -------------------
[32;1m[Board] [0m 4 ||[0;1mp[0m| |[7;1m [0m|[0;1mp[0m|[7;1m [0m| |[7;1m [0m| || 4
[32;1m[Board] [0m   -------------------
[32;1m[Board] [0m 3 || |[7;1m [0m|[30;1mp[0m|[7;1m [0m| |[7;1m [0m|[0;1mp[0m|[0;1mp[0m|| 3
[32;1m[Board] [0m   -------------------
[32;1m[Board] [0m 2 ||[7;1m [0m|[30;1mr[0m|[7;1m [0m| |[7;1m [0m|[0;1mr[0m|[7;1m [0m| || 2
[32;1m[Board] [0m   -------------------
[32;1m[Board] [0m 1 || |[7;1m [0m| |[7;1m [0m| |[7;1m [0m|[0;1mK[0m|[7;1m [0m|| 1
[32;1m[Board] [0m   -------------------
[32;1m[Board] [0m     a b c d e f g h
[32;1m[Board] [0m
[32;1m[Referee] [0mThis is the turn of the White player...
Inputed Board
Currently playing: White

------------------------------Current Search Space--------------------------------------------
Possible moves for piece: P:
 P: (4,3)->(3,3) / d4d5
 P: (5,6)->(4,6) / g3g4
 P: (5,7)->(4,7) / h3h4
Possible moves for piece: R:
 R: (6,5)->(7,5) / f2f1
 R: (6,5)->(5,5) / f2f3
 R: (6,5)->(4,5) / f2f4
 R: (6,5)->(3,5) / f2f5
 R: (6,5)->(2,5) / f2f6
 R: (6,5)->(1,5) / f2f7
 R: (6,5)->(6,6) / f2g2
 R: (6,5)->(6,7) / f2h2
 R: (6,5)->(6,4) / f2e2
 R: (6,5)->(6,3) / f2d2
 R: (6,5)->(6,2) / f2c2
 R: (6,5)->(6,1) / f2b2
Possible moves for piece: K:
 K: (7,6)->(6,6) / g1g2
 K: (7,6)->(7,7) / g1h1
 K: (7,6)->(7,5) / g1f1
 K: (7,6)->(6,7) / g1h2

------------------------------Filtered Search Space--------------------------------------------
Possible moves for piece: P:
 P: (4,3)->(3,3) / d4d5
 P: (5,6)->(4,6) / g3g4
 P: (5,7)->(4,7) / h3h4
Possible moves for piece: R:
 R: (6,5)->(7,5) / f2f1
 R: (6,5)->(5,5) / f2f3
 R: (6,5)->(4,5) / f2f4
 R: (6,5)->(3,5) / f2f5
 R: (6,5)->(2,5) / f2f6
 R: (6,5)->(1,5) / f2f7
 R: (6,5)->(6,6) / f2g2
 R: (6,5)->(6,7) / f2h2
 R: (6,5)->(6,4) / f2e2
 R: (6,5)->(6,3) / f2d2
 R: (6,5)->(6,2) / f2c2
 R: (6,5)->(6,1) / f2b2
Possible moves for piece: K:
 K: (7,6)->(6,6) / g1g2
 K: (7,6)->(7,7) / g1h1
 K: (7,6)->(7,5) / g1f1
 K: (7,6)->(6,7) / g1h2

--------------------------------Info on Attacks---------------------------------------------------
Squares attacked by Black pieces:
(0,0) (0,1) (0,2) (0,3) (0,5) (0,7) (1,4) (1,7) (2,0) (2,1) (2,2) (2,4) (2,5) (2,6) (2,7) (3,1) (3,4) (4,1) (4,4) (5,1) (5,4) (6,0) (6,2) (6,3) (6,4) (6,5) (7,1) (7,4) 

-------------------------------Squares controlled by the enemy------------------------------------
X X X X * X * X 
* * * * X * * X 
X X X * X X X X 
* X * * X * * * 
* X * * X * * * 
* X * * X * * * 
X * X X X X * * 
* X * * X * * * 

------------------------------Check Information---------------------------------------------------
White King located at: (7,6)
White King is safe, no check at this position.

------------------------------Special Move Information-------------------------------------------
No en passant allowed right now
------------------------------Castling Rights Information-------------------------------------------
White Kingside Castle:  NOT AVAILABLE
White Queenside Castle: NOT AVAILABLE
Black Kingside Castle:  NOT AVAILABLE
Black Queenside Castle: NOT AVAILABLE
---------------------------------------------------------------------------------------------------

========== CAPTURE EXPLORATION ==========
[0] R x p | Potential loss: NO | Score: 100
[1] R x r | Potential loss: NO | Score: 500
========================================

========== CHECK EXPLORATION ==========
(no checks found)
======================================
--------------------------------------------------------------------------------------------------
Chosen Move: (6,5) --> (5,5)
 / f2f3

* * * * r * k * 
* p * * * p p * 
* * * * * * * * 
p * * * * * * * 
P * * P * * * * 
* * p * * R P P 
* r * * * * * * 
* * * * * * K * 

[32;1m[Game] [0mPlayer's error code: 0
[32;1m[Game] [0mChecking move validity...
[32;1m[Board] [0mInitializing board (size: 8)...
[32;1m[Board] [0m32 piece(s) on board.
[32;1m[Board] [0mLoading history file `championship/chessgambit-bbd/history.csv`...
[32;1m[Board] [0mLoaded 64 move(s).
[32;1m[Board] [0mHistory replayed, 14 piece(s) on board.
[32;1m[Board] [0mLoading move file `championship/chessgambit-bbd/move.csv`...
[32;1m[Board] [0mWhite player is playing f2 to f3.
[32;1m[Board] [0m
[32;1m[Board] [0m     a b c d e f g h
[32;1m[Board] [0m   -------------------
[32;1m[Board] [0m 8 ||[7;1m [0m| |[7;1m [0m| |[30;1mr[0m| |[30;1mK[0m| || 8
[32;1m[Board] [0m   -------------------
[32;1m[Board] [0m 7 || |[30;1mp[0m| |[7;1m [0m| |[30;1mp[0m|[30;1mp[0m|[7;1m [0m|| 7
[32;1m[Board] [0m   -------------------
[32;1m[Board] [0m 6 ||[7;1m [0m| |[7;1m [0m| |[7;1m [0m| |[7;1m [0m| || 6
[32;1m[Board] [0m   -------------------
[32;1m[Board] [0m 5 ||[30;1mp[0m|[7;1m [0m| |[7;1m [0m| |[7;1m [0m| |[7;1m [0m|| 5
[32;1m[Board] [0m   -------------------
[32;1m[Board] [0m 4 ||[0;1mp[0m| |[7;1m [0m|[0;1mp[0m|[7;1m [0m| |[7;1m [0m| || 4
[32;1m[Board] [0m   -------------------
[32;1m[Board] [0m 3 || |[7;1m [0m|[30;1mp[0m|[7;1m [0m| |[0;1mr[0m|[0;1mp[0m|[0;1mp[0m|| 3
[32;1m[Board] [0m   -------------------
[32;1m[Board] [0m 2 ||[7;1m [0m|[30;1mr[0m|[7;1m [0m| |[7;1m [0m| |[7;1m [0m| || 2
[32;1m[Board] [0m   -------------------
[32;1m[Board] [0m 1 || |[7;1m [0m| |[7;1m [0m| |[7;1m [0m|[0;1mK[0m|[7;1m [0m|| 1
[32;1m[Board] [0m   -------------------
[32;1m[Board] [0m     a b c d e f g h
[32;1m[Board] [0m
[32;1m[Referee] [0mThis is the turn of the Black player...
Succesfully loaded network via incbin!
info score 4123 depth 1 nodes 49 time 6
-32000 32000 30
info score 4194 depth 2 nodes 194 time 6
-32000 32000 30
info score 4189 depth 3 nodes 1357 time 7
-32000 32000 30
info score 4309 depth 4 nodes 2543 time 8
-32000 32000 30
info score 4309 depth 5 nodes 5654 time 13
4279 4339 30
info score 4345 depth 6 nodes 6336 time 14
4279 4339 30
info score 4369 depth 6 nodes 6589 time 14
4279 4369 60
info score 5317 depth 6 nodes 7107 time 15
4279 4429 120
info score 5317 depth 6 nodes 7111 time 15
4279 4549 240
info score 5317 depth 6 nodes 7114 time 15
4279 4789 480
info score 5317 depth 6 nodes 7117 time 15
4279 5269 960
info score 4369 depth 6 nodes 8827 time 19
4279 6229 1920
info score 4399 depth 7 nodes 11693 time 21
4339 4399 30
info score 4429 depth 7 nodes 11881 time 22
4339 4429 60
info score 4489 depth 7 nodes 12067 time 22
4339 4489 120
info score 4609 depth 7 nodes 12203 time 25
4339 4609 240
info score 4849 depth 7 nodes 12535 time 26
4339 4849 480
info score 5342 depth 7 nodes 12856 time 26
4339 5329 960
info score 6256 depth 7 nodes 21098 time 35
4339 6289 1920
info score 6286 depth 8 nodes 21523 time 35
6226 6286 30
info score 6316 depth 8 nodes 21599 time 35
6226 6316 60
info score 6376 depth 8 nodes 21690 time 35
6226 6376 120
info score 6496 depth 8 nodes 21759 time 35
6226 6496 240
info score 6736 depth 8 nodes 21959 time 35
6226 6736 480
info score 6736 depth 8 nodes 28909 time 40
6226 7216 960
info score 6766 depth 9 nodes 33677 time 44
6706 6766 30
info score 6796 depth 9 nodes 34039 time 44
6706 6796 60
info score 6856 depth 9 nodes 34396 time 44
6706 6856 120
info score 7285 depth 9 nodes 37788 time 46
6706 6976 240
info score 7285 depth 9 nodes 39189 time 47
6706 7216 480
info score 7453 depth 9 nodes 64510 time 64
6706 7696 960
info score 7601 depth 10 nodes 64565 time 64
7423 7483 30
info score 7601 depth 10 nodes 65964 time 65
7423 7513 60
info score 7601 depth 10 nodes 65967 time 65
7423 7573 120
info score 7721 depth 10 nodes 66077 time 65
7423 7693 240
info score 7833 depth 10 nodes 96856 time 85
7423 7933 480
info score 7833 depth 11 nodes 228355 time 173
7803 7863 30
info score 7875 depth 12 nodes 230405 time 175
7803 7863 30
info score 7881 depth 12 nodes 395191 time 309
7803 7893 60
info score 31989 depth 13 nodes 451449 time 342
7851 7911 30
info score 31989 depth 13 nodes 464728 time 350
7851 7941 60
info score 31989 depth 13 nodes 464731 time 350
7851 8001 120
info score 31989 depth 13 nodes 464734 time 350
7851 8121 240
info score 31989 depth 13 nodes 464737 time 350
7851 8361 480
info score 31989 depth 13 nodes 464740 time 350
7851 8841 960
info score 31989 depth 13 nodes 464743 time 350
7851 9801 1920
info score 31989 depth 13 nodes 464746 time 350
7851 11721 3840
info score 31989 depth 13 nodes 464749 time 350
7851 15561 7680
info score 31989 depth 13 nodes 464752 time 350
7851 23241 15360
info score 31989 depth 13 nodes 1162093 time 806
7851 32000 30720
info score 31989 depth 14 nodes 2741468 time 1826
31959 32000 30
bestmove e8e1
[32;1m[Game] [0mPlayer's error code: 0
[32;1m[Game] [0mChecking move validity...
[32;1m[Board] [0mInitializing board (size: 8)...
[32;1m[Board] [0m32 piece(s) on board.
[32;1m[Board] [0mLoading history file `championship/chessgambit-bbd/history.csv`...
[32;1m[Board] [0mLoaded 65 move(s).
[32;1m[Board] [0mHistory replayed, 14 piece(s) on board.
[32;1m[Board] [0mLoading move file `championship/chessgambit-bbd/move.csv`...
[32;1m[Board] [0mBlack player is playing e8 to e1.
[32;1m[Board] [0m
[32;1m[Board] [0m     a b c d e f g h
[32;1m[Board] [0m   -------------------
[32;1m[Board] [0m 8 ||[7;1m [0m| |[7;1m [0m| |[7;1m [0m| |[30;1mK[0m| || 8
[32;1m[Board] [0m   -------------------
[32;1m[Board] [0m 7 || |[30;1mp[0m| |[7;1m [0m| |[30;1mp[0m|[30;1mp[0m|[7;1m [0m|| 7
[32;1m[Board] [0m   -------------------
[32;1m[Board] [0m 6 ||[7;1m [0m| |[7;1m [0m| |[7;1m [0m| |[7;1m [0m| || 6
[32;1m[Board] [0m   -------------------
[32;1m[Board] [0m 5 ||[30;1mp[0m|[7;1m [0m| |[7;1m [0m| |[7;1m [0m| |[7;1m [0m|| 5
[32;1m[Board] [0m   -------------------
[32;1m[Board] [0m 4 ||[0;1mp[0m| |[7;1m [0m|[0;1mp[0m|[7;1m [0m| |[7;1m [0m| || 4
[32;1m[Board] [0m   -------------------
[32;1m[Board] [0m 3 || |[7;1m [0m|[30;1mp[0m|[7;1m [0m| |[0;1mr[0m|[0;1mp[0m|[0;1mp[0m|| 3
[32;1m[Board] [0m   -------------------
[32;1m[Board] [0m 2 ||[7;1m [0m|[30;1mr[0m|[7;1m [0m| |[7;1m [0m| |[7;1m [0m| || 2
[32;1m[Board] [0m   -------------------
[32;1m[Board] [0m 1 || |[7;1m [0m| |[7;1m [0m|[30;1mr[0m|[7;1m [0m|[0;1mK[0m|[7;1m [0m|| 1
[32;1m[Board] [0m   -------------------
[32;1m[Board] [0m     a b c d e f g h
[32;1m[Board] [0m
[32;1m[Referee] [0mThis is the turn of the White player...
Inputed Board
Currently playing: White

------------------------------Current Search Space--------------------------------------------
Possible moves for piece: P:
 P: (4,3)->(3,3) / d4d5
 P: (5,6)->(4,6) / g3g4
 P: (5,7)->(4,7) / h3h4
Possible moves for piece: R:
 R: (5,5)->(6,5) / f3f2
 R: (5,5)->(7,5) / f3f1
 R: (5,5)->(4,5) / f3f4
 R: (5,5)->(3,5) / f3f5
 R: (5,5)->(2,5) / f3f6
 R: (5,5)->(1,5) / f3f7
 R: (5,5)->(5,4) / f3e3
 R: (5,5)->(5,3) / f3d3
 R: (5,5)->(5,2) / f3c3
Possible moves for piece: K:
 K: (7,6)->(6,6) / g1g2
 K: (7,6)->(7,7) / g1h1
 K: (7,6)->(7,5) / g1f1
 K: (7,6)->(6,7) / g1h2
 K: (7,6)->(6,5) / g1f2

------------------------------Filtered Search Space--------------------------------------------
Possible moves for piece: R:
 R: (5,5)->(7,5) / f3f1

--------------------------------Info on Attacks---------------------------------------------------
Squares attacked by Black pieces:
(0,4) (0,5) (0,7) (1,4) (1,7) (2,0) (2,1) (2,2) (2,4) (2,5) (2,6) (2,7) (3,1) (3,4) (4,1) (4,4) (5,1) (5,4) (6,0) (6,2) (6,3) (6,4) (6,5) (6,6) (6,7) (7,0) (7,1) (7,2) (7,3) (7,5) (7,6) 

-------------------------------Squares controlled by the enemy------------------------------------
* * * * X X * X 
* * * * X * * X 
X X X * X X X X 
* X * * X * * * 
* X * * X * * * 
* X * * X * * * 
X * X X X X X X 
X X X X * X X * 

------------------------------Check Information---------------------------------------------------
White King located at: (7,6)
White King is in check by r at (7,4)

------------------------------Special Move Information-------------------------------------------
No en passant allowed right now
------------------------------Castling Rights Information-------------------------------------------
White Kingside Castle:  NOT AVAILABLE
White Queenside Castle: NOT AVAILABLE
Black Kingside Castle:  NOT AVAILABLE
Black Queenside Castle: NOT AVAILABLE
---------------------------------------------------------------------------------------------------

========== CAPTURE EXPLORATION ==========
========================================

========== CHECK EXPLORATION ==========
(no checks found)
======================================
--------------------------------------------------------------------------------------------------
Chosen Move: (5,5) --> (7,5)
 / f3f1

* * * * * * k * 
* p * * * p p * 
* * * * * * * * 
p * * * * * * * 
P * * P * * * * 
* * p * * * P P 
* r * * * * * * 
* * * * r R K * 

[32;1m[Game] [0mPlayer's error code: 0
[32;1m[Game] [0mChecking move validity...
[32;1m[Board] [0mInitializing board (size: 8)...
[32;1m[Board] [0m32 piece(s) on board.
[32;1m[Board] [0mLoading history file `championship/chessgambit-bbd/history.csv`...
[32;1m[Board] [0mLoaded 66 move(s).
[32;1m[Board] [0mHistory replayed, 14 piece(s) on board.
[32;1m[Board] [0mLoading move file `championship/chessgambit-bbd/move.csv`...
[32;1m[Board] [0mWhite player is playing f3 to f1.
[32;1m[Board] [0m
[32;1m[Board] [0m     a b c d e f g h
[32;1m[Board] [0m   -------------------
[32;1m[Board] [0m 8 ||[7;1m [0m| |[7;1m [0m| |[7;1m [0m| |[30;1mK[0m| || 8
[32;1m[Board] [0m   -------------------
[32;1m[Board] [0m 7 || |[30;1mp[0m| |[7;1m [0m| |[30;1mp[0m|[30;1mp[0m|[7;1m [0m|| 7
[32;1m[Board] [0m   -------------------
[32;1m[Board] [0m 6 ||[7;1m [0m| |[7;1m [0m| |[7;1m [0m| |[7;1m [0m| || 6
[32;1m[Board] [0m   -------------------
[32;1m[Board] [0m 5 ||[30;1mp[0m|[7;1m [0m| |[7;1m [0m| |[7;1m [0m| |[7;1m [0m|| 5
[32;1m[Board] [0m   -------------------
[32;1m[Board] [0m 4 ||[0;1mp[0m| |[7;1m [0m|[0;1mp[0m|[7;1m [0m| |[7;1m [0m| || 4
[32;1m[Board] [0m   -------------------
[32;1m[Board] [0m 3 || |[7;1m [0m|[30;1mp[0m|[7;1m [0m| |[7;1m [0m|[0;1mp[0m|[0;1mp[0m|| 3
[32;1m[Board] [0m   -------------------
[32;1m[Board] [0m 2 ||[7;1m [0m|[30;1mr[0m|[7;1m [0m| |[7;1m [0m| |[7;1m [0m| || 2
[32;1m[Board] [0m   -------------------
[32;1m[Board] [0m 1 || |[7;1m [0m| |[7;1m [0m|[30;1mr[0m|[0;1mr[0m|[0;1mK[0m|[7;1m [0m|| 1
[32;1m[Board] [0m   -------------------
[32;1m[Board] [0m     a b c d e f g h
[32;1m[Board] [0m
[32;1m[Referee] [0mThis is the turn of the Black player...
Succesfully loaded network via incbin!
info score 4177 depth 1 nodes 42 time 2
-32000 32000 30
info score 4215 depth 2 nodes 203 time 2
-32000 32000 30
info score 4273 depth 3 nodes 1035 time 3
-32000 32000 30
info score 6884 depth 4 nodes 1176 time 3
-32000 32000 30
info score 6854 depth 5 nodes 2363 time 4
6854 6914 30
info score 6824 depth 5 nodes 2431 time 4
6824 6914 60
info score 6764 depth 5 nodes 2499 time 4
6764 6914 120
info score 6644 depth 5 nodes 2591 time 4
6644 6914 240
info score 6404 depth 5 nodes 2658 time 4
6404 6914 480
info score 5924 depth 5 nodes 3490 time 4
5924 6914 960
info score 4964 depth 5 nodes 3603 time 5
4964 6914 1920
info score 5317 depth 5 nodes 3742 time 5
3044 6914 3840
info score 5287 depth 6 nodes 5032 time 5
5287 5347 30
info score 5257 depth 6 nodes 5097 time 5
5257 5347 60
info score 5197 depth 6 nodes 5162 time 5
5197 5347 120
info score 5077 depth 6 nodes 5227 time 6
5077 5347 240
info score 4837 depth 6 nodes 5292 time 6
4837 5347 480
info score 4357 depth 6 nodes 5632 time 6
4357 5347 960
info score 5517 depth 6 nodes 5708 time 6
3397 5347 1920
info score 4326 depth 6 nodes 6268 time 6
3397 7267 3840
info score 5010 depth 7 nodes 6388 time 6
4296 4356 30
info score 5010 depth 7 nodes 6427 time 6
4296 4386 60
info score 5010 depth 7 nodes 6430 time 6
4296 4446 120
info score 5010 depth 7 nodes 6433 time 6
4296 4566 240
info score 5010 depth 7 nodes 6436 time 6
4296 4806 480
info score 5517 depth 7 nodes 6806 time 7
4296 5286 960
info score 7285 depth 7 nodes 6986 time 7
4296 6246 1920
info score 7453 depth 7 nodes 10490 time 9
4296 8166 3840
info score 7601 depth 8 nodes 10557 time 9
7423 7483 30
info score 7601 depth 8 nodes 10596 time 9
7423 7513 60
info score 7601 depth 8 nodes 10599 time 9
7423 7573 120
info score 7721 depth 8 nodes 10698 time 9
7423 7693 240
info score 7833 depth 8 nodes 14940 time 12
7423 7933 480
info score 7833 depth 9 nodes 47381 time 33
7803 7863 30
info score 7875 depth 10 nodes 49603 time 35
7803 7863 30
info score 7881 depth 10 nodes 98291 time 66
7803 7893 60
info score 31991 depth 11 nodes 161410 time 110
7851 7911 30
info score 31991 depth 11 nodes 161973 time 111
7851 7941 60
info score 31991 depth 11 nodes 161976 time 111
7851 8001 120
info score 31991 depth 11 nodes 161979 time 111
7851 8121 240
info score 31991 depth 11 nodes 161982 time 111
7851 8361 480
info score 31991 depth 11 nodes 161985 time 111
7851 8841 960
info score 31991 depth 11 nodes 161988 time 111
7851 9801 1920
info score 31991 depth 11 nodes 161991 time 111
7851 11721 3840
info score 31991 depth 11 nodes 161994 time 111
7851 15561 7680
info score 31991 depth 11 nodes 161997 time 111
7851 23241 15360
info score 31991 depth 11 nodes 322440 time 220
7851 32000 30720
info score 31991 depth 12 nodes 546712 time 371
31961 32000 30
info score 31991 depth 13 nodes 2306149 time 1592
31961 32000 30
info score 31991 depth 14 nodes 4307453 time 2942
31961 32000 30
bestmove e1f1
[32;1m[Game] [0mPlayer's error code: 0
[32;1m[Game] [0mChecking move validity...
[32;1m[Board] [0mInitializing board (size: 8)...
[32;1m[Board] [0m32 piece(s) on board.
[32;1m[Board] [0mLoading history file `championship/chessgambit-bbd/history.csv`...
[32;1m[Board] [0mLoaded 67 move(s).
[32;1m[Board] [0mHistory replayed, 14 piece(s) on board.
[32;1m[Board] [0mLoading move file `championship/chessgambit-bbd/move.csv`...
[32;1m[Board] [0mBlack player is playing e1 to f1.
[32;1m[Board] [0m[5;1mBlack Rook is taking White Rook.[0m
[32;1m[Board] [0m
[32;1m[Board] [0m     a b c d e f g h
[32;1m[Board] [0m   -------------------
[32;1m[Board] [0m 8 ||[7;1m [0m| |[7;1m [0m| |[7;1m [0m| |[30;1mK[0m| || 8
[32;1m[Board] [0m   -------------------
[32;1m[Board] [0m 7 || |[30;1mp[0m| |[7;1m [0m| |[30;1mp[0m|[30;1mp[0m|[7;1m [0m|| 7
[32;1m[Board] [0m   -------------------
[32;1m[Board] [0m 6 ||[7;1m [0m| |[7;1m [0m| |[7;1m [0m| |[7;1m [0m| || 6
[32;1m[Board] [0m   -------------------
[32;1m[Board] [0m 5 ||[30;1mp[0m|[7;1m [0m| |[7;1m [0m| |[7;1m [0m| |[7;1m [0m|| 5
[32;1m[Board] [0m   -------------------
[32;1m[Board] [0m 4 ||[0;1mp[0m| |[7;1m [0m|[0;1mp[0m|[7;1m [0m| |[7;1m [0m| || 4
[32;1m[Board] [0m   -------------------
[32;1m[Board] [0m 3 || |[7;1m [0m|[30;1mp[0m|[7;1m [0m| |[7;1m [0m|[0;1mp[0m|[0;1mp[0m|| 3
[32;1m[Board] [0m   -------------------
[32;1m[Board] [0m 2 ||[7;1m [0m|[30;1mr[0m|[7;1m [0m| |[7;1m [0m| |[7;1m [0m| || 2
[32;1m[Board] [0m   -------------------
[32;1m[Board] [0m 1 || |[7;1m [0m| |[7;1m [0m| |[30;1mr[0m|[0;1mK[0m|[7;1m [0m|| 1
[32;1m[Board] [0m   -------------------
[32;1m[Board] [0m     a b c d e f g h
[32;1m[Board] [0m
[32;1m[Referee] [0mThis is the turn of the White player...
Inputed Board
Currently playing: White

------------------------------Current Search Space--------------------------------------------
Possible moves for piece: P:
 P: (4,3)->(3,3) / d4d5
 P: (5,6)->(4,6) / g3g4
 P: (5,7)->(4,7) / h3h4
Possible moves for piece: K:
 K: (7,6)->(6,6) / g1g2
 K: (7,6)->(7,7) / g1h1
 K: (7,6)->(7,5) / g1f1
 K: (7,6)->(6,7) / g1h2
 K: (7,6)->(6,5) / g1f2

------------------------------Filtered Search Space--------------------------------------------
Possible moves for piece: K:
 K: (7,6)->(7,5) / g1f1

--------------------------------Info on Attacks---------------------------------------------------
Squares attacked by Black pieces:
(0,5) (0,7) (1,7) (2,0) (2,1) (2,2) (2,4) (2,5) (2,6) (2,7) (3,1) (3,5) (4,1) (4,5) (5,1) (5,5) (6,0) (6,2) (6,3) (6,4) (6,5) (6,6) (6,7) (7,0) (7,1) (7,2) (7,3) (7,4) (7,6) 

-------------------------------Squares controlled by the enemy------------------------------------
* * * * * X * X 
* * * * * * * X 
X X X * X X X X 
* X * * * X * * 
* X * * * X * * 
* X * * * X * * 
X * X X X X X X 
X X X X X * X * 

------------------------------Check Information---------------------------------------------------
White King located at: (7,6)
White King is in check by r at (7,5)

------------------------------Special Move Information-------------------------------------------
No en passant allowed right now
------------------------------Castling Rights Information-------------------------------------------
White Kingside Castle:  NOT AVAILABLE
White Queenside Castle: NOT AVAILABLE
Black Kingside Castle:  NOT AVAILABLE
Black Queenside Castle: NOT AVAILABLE
---------------------------------------------------------------------------------------------------

========== CAPTURE EXPLORATION ==========
[0] K x r | Potential loss: NO | Score: 500
========================================

========== CHECK EXPLORATION ==========
(no checks found)
======================================
--------------------------------------------------------------------------------------------------
Chosen Move: (7,6) --> (7,5)
 / g1f1

* * * * * * k * 
* p * * * p p * 
* * * * * * * * 
p * * * * * * * 
P * * P * * * * 
* * p * * * P P 
* r * * * * * * 
* * * * * K * * 

[32;1m[Game] [0mPlayer's error code: 0
[32;1m[Game] [0mChecking move validity...
[32;1m[Board] [0mInitializing board (size: 8)...
[32;1m[Board] [0m32 piece(s) on board.
[32;1m[Board] [0mLoading history file `championship/chessgambit-bbd/history.csv`...
[32;1m[Board] [0mLoaded 68 move(s).
[32;1m[Board] [0mHistory replayed, 13 piece(s) on board.
[32;1m[Board] [0mLoading move file `championship/chessgambit-bbd/move.csv`...
[32;1m[Board] [0mWhite player is playing g1 to f1.
[32;1m[Board] [0m[5;1mWhite King is taking Black Rook.[0m
[32;1m[Board] [0m
[32;1m[Board] [0m     a b c d e f g h
[32;1m[Board] [0m   -------------------
[32;1m[Board] [0m 8 ||[7;1m [0m| |[7;1m [0m| |[7;1m [0m| |[30;1mK[0m| || 8
[32;1m[Board] [0m   -------------------
[32;1m[Board] [0m 7 || |[30;1mp[0m| |[7;1m [0m| |[30;1mp[0m|[30;1mp[0m|[7;1m [0m|| 7
[32;1m[Board] [0m   -------------------
[32;1m[Board] [0m 6 ||[7;1m [0m| |[7;1m [0m| |[7;1m [0m| |[7;1m [0m| || 6
[32;1m[Board] [0m   -------------------
[32;1m[Board] [0m 5 ||[30;1mp[0m|[7;1m [0m| |[7;1m [0m| |[7;1m [0m| |[7;1m [0m|| 5
[32;1m[Board] [0m   -------------------
[32;1m[Board] [0m 4 ||[0;1mp[0m| |[7;1m [0m|[0;1mp[0m|[7;1m [0m| |[7;1m [0m| || 4
[32;1m[Board] [0m   -------------------
[32;1m[Board] [0m 3 || |[7;1m [0m|[30;1mp[0m|[7;1m [0m| |[7;1m [0m|[0;1mp[0m|[0;1mp[0m|| 3
[32;1m[Board] [0m   -------------------
[32;1m[Board] [0m 2 ||[7;1m [0m|[30;1mr[0m|[7;1m [0m| |[7;1m [0m| |[7;1m [0m| || 2
[32;1m[Board] [0m   -------------------
[32;1m[Board] [0m 1 || |[7;1m [0m| |[7;1m [0m| |[0;1mK[0m| |[7;1m [0m|| 1
[32;1m[Board] [0m   -------------------
[32;1m[Board] [0m     a b c d e f g h
[32;1m[Board] [0m
[32;1m[Referee] [0mThis is the turn of the Black player...
Succesfully loaded network via incbin!
info score 4273 depth 1 nodes 25 time 3
-32000 32000 30
info score 6884 depth 2 nodes 100 time 3
-32000 32000 30
info score 6884 depth 3 nodes 215 time 3
-32000 32000 30
info score 7285 depth 4 nodes 316 time 4
-32000 32000 30
info score 7347 depth 5 nodes 357 time 4
7255 7315 30
info score 7347 depth 5 nodes 360 time 4
7255 7345 60
info score 7453 depth 5 nodes 411 time 4
7255 7405 120
info score 7453 depth 5 nodes 1452 time 4
7255 7525 240
info score 7601 depth 6 nodes 1499 time 4
7423 7483 30
info score 7601 depth 6 nodes 1502 time 4
7423 7513 60
info score 7601 depth 6 nodes 1505 time 4
7423 7573 120
info score 7721 depth 6 nodes 1605 time 5
7423 7693 240
info score 7833 depth 6 nodes 2725 time 5
7423 7933 480
info score 7833 depth 7 nodes 16624 time 15
7803 7863 30
info score 7875 depth 8 nodes 18837 time 17
7803 7863 30
info score 7881 depth 8 nodes 33276 time 26
7803 7893 60
info score 31993 depth 9 nodes 77672 time 58
7851 7911 30
info score 31993 depth 9 nodes 77675 time 58
7851 7941 60
info score 31993 depth 9 nodes 77678 time 58
7851 8001 120
info score 31993 depth 9 nodes 77681 time 58
7851 8121 240
info score 31993 depth 9 nodes 77684 time 58
7851 8361 480
info score 31993 depth 9 nodes 77687 time 58
7851 8841 960
info score 31993 depth 9 nodes 77690 time 58
7851 9801 1920
info score 31993 depth 9 nodes 77693 time 58
7851 11721 3840
info score 31993 depth 9 nodes 77696 time 58
7851 15561 7680
info score 31993 depth 9 nodes 77699 time 58
7851 23241 15360
info score 31993 depth 9 nodes 191289 time 139
7851 32000 30720
info score 31993 depth 10 nodes 349125 time 251
31963 32000 30
info score 31993 depth 11 nodes 1870632 time 1360
31963 32000 30
info score 31993 depth 12 nodes 3673602 time 2653
31963 32000 30
bestmove b2h2
[32;1m[Game] [0mPlayer's error code: 0
[32;1m[Game] [0mChecking move validity...
[32;1m[Board] [0mInitializing board (size: 8)...
[32;1m[Board] [0m32 piece(s) on board.
[32;1m[Board] [0mLoading history file `championship/chessgambit-bbd/history.csv`...
[32;1m[Board] [0mLoaded 69 move(s).
[32;1m[Board] [0mHistory replayed, 12 piece(s) on board.
[32;1m[Board] [0mLoading move file `championship/chessgambit-bbd/move.csv`...
[32;1m[Board] [0mBlack player is playing b2 to h2.
[32;1m[Board] [0m
[32;1m[Board] [0m     a b c d e f g h
[32;1m[Board] [0m   -------------------
[32;1m[Board] [0m 8 ||[7;1m [0m| |[7;1m [0m| |[7;1m [0m| |[30;1mK[0m| || 8
[32;1m[Board] [0m   -------------------
[32;1m[Board] [0m 7 || |[30;1mp[0m| |[7;1m [0m| |[30;1mp[0m|[30;1mp[0m|[7;1m [0m|| 7
[32;1m[Board] [0m   -------------------
[32;1m[Board] [0m 6 ||[7;1m [0m| |[7;1m [0m| |[7;1m [0m| |[7;1m [0m| || 6
[32;1m[Board] [0m   -------------------
[32;1m[Board] [0m 5 ||[30;1mp[0m|[7;1m [0m| |[7;1m [0m| |[7;1m [0m| |[7;1m [0m|| 5
[32;1m[Board] [0m   -------------------
[32;1m[Board] [0m 4 ||[0;1mp[0m| |[7;1m [0m|[0;1mp[0m|[7;1m [0m| |[7;1m [0m| || 4
[32;1m[Board] [0m   -------------------
[32;1m[Board] [0m 3 || |[7;1m [0m|[30;1mp[0m|[7;1m [0m| |[7;1m [0m|[0;1mp[0m|[0;1mp[0m|| 3
[32;1m[Board] [0m   -------------------
[32;1m[Board] [0m 2 ||[7;1m [0m| |[7;1m [0m| |[7;1m [0m| |[7;1m [0m|[30;1mr[0m|| 2
[32;1m[Board] [0m   -------------------
[32;1m[Board] [0m 1 || |[7;1m [0m| |[7;1m [0m| |[0;1mK[0m| |[7;1m [0m|| 1
[32;1m[Board] [0m   -------------------
[32;1m[Board] [0m     a b c d e f g h
[32;1m[Board] [0m
[32;1m[Referee] [0mThis is the turn of the White player...
Inputed Board
Currently playing: White

------------------------------Current Search Space--------------------------------------------
Possible moves for piece: P:
 P: (4,3)->(3,3) / d4d5
 P: (5,6)->(4,6) / g3g4
 P: (5,7)->(4,7) / h3h4
Possible moves for piece: K:
 K: (7,5)->(6,5) / f1f2
 K: (7,5)->(7,6) / f1g1
 K: (7,5)->(7,4) / f1e1
 K: (7,5)->(6,6) / f1g2
 K: (7,5)->(6,4) / f1e2

------------------------------Filtered Search Space--------------------------------------------
Possible moves for piece: P:
 P: (4,3)->(3,3) / d4d5
 P: (5,6)->(4,6) / g3g4
 P: (5,7)->(4,7) / h3h4
Possible moves for piece: K:
 K: (7,5)->(7,6) / f1g1
 K: (7,5)->(7,4) / f1e1

--------------------------------Info on Attacks---------------------------------------------------
Squares attacked by Black pieces:
(0,5) (0,7) (1,7) (2,0) (2,2) (2,4) (2,5) (2,6) (2,7) (4,1) (5,7) (6,0) (6,1) (6,2) (6,3) (6,4) (6,5) (6,6) (7,7) 

-------------------------------Squares controlled by the enemy------------------------------------
* * * * * X * X 
* * * * * * * X 
X * X * X X X X 
* * * * * * * * 
* X * * * * * * 
* * * * * * * X 
X X X X X X X * 
* * * * * * * X 

------------------------------Check Information---------------------------------------------------
White King located at: (7,5)
White King is safe, no check at this position.

------------------------------Special Move Information-------------------------------------------
No en passant allowed right now
------------------------------Castling Rights Information-------------------------------------------
White Kingside Castle:  NOT AVAILABLE
White Queenside Castle: NOT AVAILABLE
Black Kingside Castle:  NOT AVAILABLE
Black Queenside Castle: NOT AVAILABLE
---------------------------------------------------------------------------------------------------

========== CAPTURE EXPLORATION ==========
========================================

========== CHECK EXPLORATION ==========
(no checks found)
======================================
--------------------------------------------------------------------------------------------------
Chosen Move: (4,3) --> (3,3)
 / d4d5

* * * * * * k * 
* p * * * p p * 
* * * * * * * * 
p * * P * * * * 
P * * * * * * * 
* * p * * * P P 
* * * * * * * r 
* * * * * K * * 

[32;1m[Game] [0mPlayer's error code: 0
[32;1m[Game] [0mChecking move validity...
[32;1m[Board] [0mInitializing board (size: 8)...
[32;1m[Board] [0m32 piece(s) on board.
[32;1m[Board] [0mLoading history file `championship/chessgambit-bbd/history.csv`...
[32;1m[Board] [0mLoaded 70 move(s).
[32;1m[Board] [0mHistory replayed, 12 piece(s) on board.
[32;1m[Board] [0mLoading move file `championship/chessgambit-bbd/move.csv`...
[32;1m[Board] [0mWhite player is playing d4 to d5.
[32;1m[Board] [0m
[32;1m[Board] [0m     a b c d e f g h
[32;1m[Board] [0m   -------------------
[32;1m[Board] [0m 8 ||[7;1m [0m| |[7;1m [0m| |[7;1m [0m| |[30;1mK[0m| || 8
[32;1m[Board] [0m   -------------------
[32;1m[Board] [0m 7 || |[30;1mp[0m| |[7;1m [0m| |[30;1mp[0m|[30;1mp[0m|[7;1m [0m|| 7
[32;1m[Board] [0m   -------------------
[32;1m[Board] [0m 6 ||[7;1m [0m| |[7;1m [0m| |[7;1m [0m| |[7;1m [0m| || 6
[32;1m[Board] [0m   -------------------
[32;1m[Board] [0m 5 ||[30;1mp[0m|[7;1m [0m| |[0;1mp[0m| |[7;1m [0m| |[7;1m [0m|| 5
[32;1m[Board] [0m   -------------------
[32;1m[Board] [0m 4 ||[0;1mp[0m| |[7;1m [0m| |[7;1m [0m| |[7;1m [0m| || 4
[32;1m[Board] [0m   -------------------
[32;1m[Board] [0m 3 || |[7;1m [0m|[30;1mp[0m|[7;1m [0m| |[7;1m [0m|[0;1mp[0m|[0;1mp[0m|| 3
[32;1m[Board] [0m   -------------------
[32;1m[Board] [0m 2 ||[7;1m [0m| |[7;1m [0m| |[7;1m [0m| |[7;1m [0m|[30;1mr[0m|| 2
[32;1m[Board] [0m   -------------------
[32;1m[Board] [0m 1 || |[7;1m [0m| |[7;1m [0m| |[0;1mK[0m| |[7;1m [0m|| 1
[32;1m[Board] [0m   -------------------
[32;1m[Board] [0m     a b c d e f g h
[32;1m[Board] [0m
[32;1m[Referee] [0mThis is the turn of the Black player...
Succesfully loaded network via incbin!
info score 4241 depth 1 nodes 23 time 7
-32000 32000 30
info score 4676 depth 2 nodes 78 time 7
-32000 32000 30
info score 4676 depth 3 nodes 176 time 7
-32000 32000 30
info score 4689 depth 4 nodes 420 time 7
-32000 32000 30
info score 4793 depth 5 nodes 500 time 7
4659 4719 30
info score 4793 depth 5 nodes 503 time 7
4659 4749 60
info score 4803 depth 5 nodes 1509 time 8
4659 4809 120
info score 4911 depth 6 nodes 1543 time 8
4773 4833 30
info score 4911 depth 6 nodes 1546 time 8
4773 4863 60
info score 4949 depth 6 nodes 1561 time 8
4773 4923 120
info score 5016 depth 6 nodes 2654 time 12
4773 5043 240
info score 5079 depth 7 nodes 3424 time 13
4986 5046 30
info score 5079 depth 7 nodes 3427 time 13
4986 5076 60
info score 5140 depth 7 nodes 3473 time 13
4986 5136 120
info score 5260 depth 7 nodes 3539 time 13
4986 5256 240
info score 31995 depth 7 nodes 3860 time 13
4986 5496 480
info score 31995 depth 7 nodes 3863 time 13
4986 5976 960
info score 31995 depth 7 nodes 3866 time 13
4986 6936 1920
info score 31995 depth 7 nodes 3869 time 13
4986 8856 3840
info score 31995 depth 7 nodes 3872 time 13
4986 12696 7680
info score 31995 depth 7 nodes 3875 time 13
4986 20376 15360
info score 31995 depth 7 nodes 13366 time 26
4986 32000 30720
info score 31995 depth 8 nodes 23609 time 40
31965 32000 30
info score 31995 depth 9 nodes 112263 time 168
31965 32000 30
info score 31995 depth 10 nodes 205071 time 301
31965 32000 30
info score 31995 depth 11 nodes 980243 time 905
31965 32000 30
info score 31995 depth 12 nodes 1808998 time 1500
31965 32000 30
info score 31995 depth 13 nodes 8460038 time 6442
31965 32000 30
bestmove c3c2
[32;1m[Game] [0mPlayer's error code: 0
[32;1m[Game] [0mChecking move validity...
[32;1m[Board] [0mInitializing board (size: 8)...
[32;1m[Board] [0m32 piece(s) on board.
[32;1m[Board] [0mLoading history file `championship/chessgambit-bbd/history.csv`...
[32;1m[Board] [0mLoaded 71 move(s).
[32;1m[Board] [0mHistory replayed, 12 piece(s) on board.
[32;1m[Board] [0mLoading move file `championship/chessgambit-bbd/move.csv`...
[32;1m[Board] [0mBlack player is playing c3 to c2.
[32;1m[Board] [0m
[32;1m[Board] [0m     a b c d e f g h
[32;1m[Board] [0m   -------------------
[32;1m[Board] [0m 8 ||[7;1m [0m| |[7;1m [0m| |[7;1m [0m| |[30;1mK[0m| || 8
[32;1m[Board] [0m   -------------------
[32;1m[Board] [0m 7 || |[30;1mp[0m| |[7;1m [0m| |[30;1mp[0m|[30;1mp[0m|[7;1m [0m|| 7
[32;1m[Board] [0m   -------------------
[32;1m[Board] [0m 6 ||[7;1m [0m| |[7;1m [0m| |[7;1m [0m| |[7;1m [0m| || 6
[32;1m[Board] [0m   -------------------
[32;1m[Board] [0m 5 ||[30;1mp[0m|[7;1m [0m| |[0;1mp[0m| |[7;1m [0m| |[7;1m [0m|| 5
[32;1m[Board] [0m   -------------------
[32;1m[Board] [0m 4 ||[0;1mp[0m| |[7;1m [0m| |[7;1m [0m| |[7;1m [0m| || 4
[32;1m[Board] [0m   -------------------
[32;1m[Board] [0m 3 || |[7;1m [0m| |[7;1m [0m| |[7;1m [0m|[0;1mp[0m|[0;1mp[0m|| 3
[32;1m[Board] [0m   -------------------
[32;1m[Board] [0m 2 ||[7;1m [0m| |[30;1mp[0m| |[7;1m [0m| |[7;1m [0m|[30;1mr[0m|| 2
[32;1m[Board] [0m   -------------------
[32;1m[Board] [0m 1 || |[7;1m [0m| |[7;1m [0m| |[0;1mK[0m| |[7;1m [0m|| 1
[32;1m[Board] [0m   -------------------
[32;1m[Board] [0m     a b c d e f g h
[32;1m[Board] [0m
[32;1m[Referee] [0mThis is the turn of the White player...
Inputed Board
Currently playing: White

------------------------------Current Search Space--------------------------------------------
Possible moves for piece: P:
 P: (3,3)->(2,3) / d5d6
 P: (5,6)->(4,6) / g3g4
 P: (5,7)->(4,7) / h3h4
Possible moves for piece: K:
 K: (7,5)->(6,5) / f1f2
 K: (7,5)->(7,6) / f1g1
 K: (7,5)->(7,4) / f1e1
 K: (7,5)->(6,6) / f1g2
 K: (7,5)->(6,4) / f1e2

------------------------------Filtered Search Space--------------------------------------------
Possible moves for piece: P:
 P: (3,3)->(2,3) / d5d6
 P: (5,6)->(4,6) / g3g4
 P: (5,7)->(4,7) / h3h4
Possible moves for piece: K:
 K: (7,5)->(7,6) / f1g1
 K: (7,5)->(7,4) / f1e1

--------------------------------Info on Attacks---------------------------------------------------
Squares attacked by Black pieces:
(0,5) (0,7) (1,7) (2,0) (2,2) (2,4) (2,5) (2,6) (2,7) (4,1) (5,7) (6,3) (6,4) (6,5) (6,6) (7,1) (7,3) (7,7) 

-------------------------------Squares controlled by the enemy------------------------------------
* * * * * X * X 
* * * * * * * X 
X * X * X X X X 
* * * * * * * * 
* X * * * * * * 
* * * * * * * X 
* * * X X X X * 
* X * X * * * X 

------------------------------Check Information---------------------------------------------------
White King located at: (7,5)
White King is safe, no check at this position.

------------------------------Special Move Information-------------------------------------------
No en passant allowed right now
------------------------------Castling Rights Information-------------------------------------------
White Kingside Castle:  NOT AVAILABLE
White Queenside Castle: NOT AVAILABLE
Black Kingside Castle:  NOT AVAILABLE
Black Queenside Castle: NOT AVAILABLE
---------------------------------------------------------------------------------------------------

========== CAPTURE EXPLORATION ==========
========================================

========== CHECK EXPLORATION ==========
(no checks found)
======================================
--------------------------------------------------------------------------------------------------
Chosen Move: (7,5) --> (7,6)
 / f1g1

* * * * * * k * 
* p * * * p p * 
* * * * * * * * 
p * * P * * * * 
P * * * * * * * 
* * * * * * P P 
* * p * * * * r 
* * * * * * K * 

[32;1m[Game] [0mPlayer's error code: 0
[32;1m[Game] [0mChecking move validity...
[32;1m[Board] [0mInitializing board (size: 8)...
[32;1m[Board] [0m32 piece(s) on board.
[32;1m[Board] [0mLoading history file `championship/chessgambit-bbd/history.csv`...
[32;1m[Board] [0mLoaded 72 move(s).
[32;1m[Board] [0mHistory replayed, 12 piece(s) on board.
[32;1m[Board] [0mLoading move file `championship/chessgambit-bbd/move.csv`...
[32;1m[Board] [0mWhite player is playing f1 to g1.
[32;1m[Board] [0m
[32;1m[Board] [0m     a b c d e f g h
[32;1m[Board] [0m   -------------------
[32;1m[Board] [0m 8 ||[7;1m [0m| |[7;1m [0m| |[7;1m [0m| |[30;1mK[0m| || 8
[32;1m[Board] [0m   -------------------
[32;1m[Board] [0m 7 || |[30;1mp[0m| |[7;1m [0m| |[30;1mp[0m|[30;1mp[0m|[7;1m [0m|| 7
[32;1m[Board] [0m   -------------------
[32;1m[Board] [0m 6 ||[7;1m [0m| |[7;1m [0m| |[7;1m [0m| |[7;1m [0m| || 6
[32;1m[Board] [0m   -------------------
[32;1m[Board] [0m 5 ||[30;1mp[0m|[7;1m [0m| |[0;1mp[0m| |[7;1m [0m| |[7;1m [0m|| 5
[32;1m[Board] [0m   -------------------
[32;1m[Board] [0m 4 ||[0;1mp[0m| |[7;1m [0m| |[7;1m [0m| |[7;1m [0m| || 4
[32;1m[Board] [0m   -------------------
[32;1m[Board] [0m 3 || |[7;1m [0m| |[7;1m [0m| |[7;1m [0m|[0;1mp[0m|[0;1mp[0m|| 3
[32;1m[Board] [0m   -------------------
[32;1m[Board] [0m 2 ||[7;1m [0m| |[30;1mp[0m| |[7;1m [0m| |[7;1m [0m|[30;1mr[0m|| 2
[32;1m[Board] [0m   -------------------
[32;1m[Board] [0m 1 || |[7;1m [0m| |[7;1m [0m| |[7;1m [0m|[0;1mK[0m|[7;1m [0m|| 1
[32;1m[Board] [0m   -------------------
[32;1m[Board] [0m     a b c d e f g h
[32;1m[Board] [0m
[32;1m[Referee] [0mThis is the turn of the Black player...
Succesfully loaded network via incbin!
info score 4676 depth 1 nodes 30 time 2
-32000 32000 30
info score 4689 depth 2 nodes 76 time 2
-32000 32000 30
info score 4803 depth 3 nodes 205 time 3
-32000 32000 30
info score 5016 depth 4 nodes 340 time 3
-32000 32000 30
info score 5079 depth 5 nodes 1081 time 3
4986 5046 30
info score 5079 depth 5 nodes 1084 time 3
4986 5076 60
info score 5140 depth 5 nodes 1123 time 3
4986 5136 120
info score 5260 depth 5 nodes 1182 time 3
4986 5256 240
info score 31997 depth 5 nodes 1496 time 4
4986 5496 480
info score 31997 depth 5 nodes 1499 time 4
4986 5976 960
info score 31997 depth 5 nodes 1502 time 4
4986 6936 1920
info score 31997 depth 5 nodes 1505 time 4
4986 8856 3840
info score 31997 depth 5 nodes 1508 time 4
4986 12696 7680
info score 31997 depth 5 nodes 1511 time 4
4986 20376 15360
info score 31997 depth 5 nodes 1692 time 4
4986 32000 30720
info score 31997 depth 6 nodes 2392 time 4
31967 32000 30
info score 31997 depth 7 nodes 13008 time 12
31967 32000 30
info score 31997 depth 8 nodes 24538 time 20
31967 32000 30
info score 31997 depth 9 nodes 149913 time 110
31967 32000 30
info score 31997 depth 10 nodes 284780 time 204
31967 32000 30
info score 31997 depth 11 nodes 1524105 time 1155
31967 32000 30
info score 31997 depth 12 nodes 2864113 time 2100
31967 32000 30
bestmove h2d2
[32;1m[Game] [0mPlayer's error code: 0
[32;1m[Game] [0mChecking move validity...
[32;1m[Board] [0mInitializing board (size: 8)...
[32;1m[Board] [0m32 piece(s) on board.
[32;1m[Board] [0mLoading history file `championship/chessgambit-bbd/history.csv`...
[32;1m[Board] [0mLoaded 73 move(s).
[32;1m[Board] [0mHistory replayed, 12 piece(s) on board.
[32;1m[Board] [0mLoading move file `championship/chessgambit-bbd/move.csv`...
[32;1m[Board] [0mBlack player is playing h2 to d2.
[32;1m[Board] [0m
[32;1m[Board] [0m     a b c d e f g h
[32;1m[Board] [0m   -------------------
[32;1m[Board] [0m 8 ||[7;1m [0m| |[7;1m [0m| |[7;1m [0m| |[30;1mK[0m| || 8
[32;1m[Board] [0m   -------------------
[32;1m[Board] [0m 7 || |[30;1mp[0m| |[7;1m [0m| |[30;1mp[0m|[30;1mp[0m|[7;1m [0m|| 7
[32;1m[Board] [0m   -------------------
[32;1m[Board] [0m 6 ||[7;1m [0m| |[7;1m [0m| |[7;1m [0m| |[7;1m [0m| || 6
[32;1m[Board] [0m   -------------------
[32;1m[Board] [0m 5 ||[30;1mp[0m|[7;1m [0m| |[0;1mp[0m| |[7;1m [0m| |[7;1m [0m|| 5
[32;1m[Board] [0m   -------------------
[32;1m[Board] [0m 4 ||[0;1mp[0m| |[7;1m [0m| |[7;1m [0m| |[7;1m [0m| || 4
[32;1m[Board] [0m   -------------------
[32;1m[Board] [0m 3 || |[7;1m [0m| |[7;1m [0m| |[7;1m [0m|[0;1mp[0m|[0;1mp[0m|| 3
[32;1m[Board] [0m   -------------------
[32;1m[Board] [0m 2 ||[7;1m [0m| |[30;1mp[0m|[30;1mr[0m|[7;1m [0m| |[7;1m [0m| || 2
[32;1m[Board] [0m   -------------------
[32;1m[Board] [0m 1 || |[7;1m [0m| |[7;1m [0m| |[7;1m [0m|[0;1mK[0m|[7;1m [0m|| 1
[32;1m[Board] [0m   -------------------
[32;1m[Board] [0m     a b c d e f g h
[32;1m[Board] [0m
[32;1m[Referee] [0mThis is the turn of the White player...
Inputed Board
Currently playing: White

------------------------------Current Search Space--------------------------------------------
Possible moves for piece: P:
 P: (3,3)->(2,3) / d5d6
 P: (5,6)->(4,6) / g3g4
 P: (5,7)->(4,7) / h3h4
Possible moves for piece: K:
 K: (7,6)->(6,6) / g1g2
 K: (7,6)->(7,7) / g1h1
 K: (7,6)->(7,5) / g1f1
 K: (7,6)->(6,7) / g1h2
 K: (7,6)->(6,5) / g1f2

------------------------------Filtered Search Space--------------------------------------------
Possible moves for piece: P:
 P: (3,3)->(2,3) / d5d6
 P: (5,6)->(4,6) / g3g4
 P: (5,7)->(4,7) / h3h4
Possible moves for piece: K:
 K: (7,6)->(7,7) / g1h1
 K: (7,6)->(7,5) / g1f1

--------------------------------Info on Attacks---------------------------------------------------
Squares attacked by Black pieces:
(0,5) (0,7) (1,7) (2,0) (2,2) (2,4) (2,5) (2,6) (2,7) (3,3) (4,1) (4,3) (5,3) (6,4) (6,5) (6,6) (6,7) (7,1) (7,3) 

-------------------------------Squares controlled by the enemy------------------------------------
* * * * * X * X 
* * * * * * * X 
X * X * X X X X 
* * * X * * * * 
* X * X * * * * 
* * * X * * * * 
* * * * X X X X 
* X * X * * * * 

------------------------------Check Information---------------------------------------------------
White King located at: (7,6)
White King is safe, no check at this position.

------------------------------Special Move Information-------------------------------------------
No en passant allowed right now
------------------------------Castling Rights Information-------------------------------------------
White Kingside Castle:  NOT AVAILABLE
White Queenside Castle: NOT AVAILABLE
Black Kingside Castle:  NOT AVAILABLE
Black Queenside Castle: NOT AVAILABLE
---------------------------------------------------------------------------------------------------

========== CAPTURE EXPLORATION ==========
========================================

========== CHECK EXPLORATION ==========
(no checks found)
======================================
--------------------------------------------------------------------------------------------------
Chosen Move: (3,3) --> (2,3)
 / d5d6

* * * * * * k * 
* p * * * p p * 
* * * P * * * * 
p * * * * * * * 
P * * * * * * * 
* * * * * * P P 
* * p r * * * * 
* * * * * * K * 

[32;1m[Game] [0mPlayer's error code: 0
[32;1m[Game] [0mChecking move validity...
[32;1m[Board] [0mInitializing board (size: 8)...
[32;1m[Board] [0m32 piece(s) on board.
[32;1m[Board] [0mLoading history file `championship/chessgambit-bbd/history.csv`...
[32;1m[Board] [0mLoaded 74 move(s).
[32;1m[Board] [0mHistory replayed, 12 piece(s) on board.
[32;1m[Board] [0mLoading move file `championship/chessgambit-bbd/move.csv`...
[32;1m[Board] [0mWhite player is playing d5 to d6.
[32;1m[Board] [0m
[32;1m[Board] [0m     a b c d e f g h
[32;1m[Board] [0m   -------------------
[32;1m[Board] [0m 8 ||[7;1m [0m| |[7;1m [0m| |[7;1m [0m| |[30;1mK[0m| || 8
[32;1m[Board] [0m   -------------------
[32;1m[Board] [0m 7 || |[30;1mp[0m| |[7;1m [0m| |[30;1mp[0m|[30;1mp[0m|[7;1m [0m|| 7
[32;1m[Board] [0m   -------------------
[32;1m[Board] [0m 6 ||[7;1m [0m| |[7;1m [0m|[0;1mp[0m|[7;1m [0m| |[7;1m [0m| || 6
[32;1m[Board] [0m   -------------------
[32;1m[Board] [0m 5 ||[30;1mp[0m|[7;1m [0m| |[7;1m [0m| |[7;1m [0m| |[7;1m [0m|| 5
[32;1m[Board] [0m   -------------------
[32;1m[Board] [0m 4 ||[0;1mp[0m| |[7;1m [0m| |[7;1m [0m| |[7;1m [0m| || 4
[32;1m[Board] [0m   -------------------
[32;1m[Board] [0m 3 || |[7;1m [0m| |[7;1m [0m| |[7;1m [0m|[0;1mp[0m|[0;1mp[0m|| 3
[32;1m[Board] [0m   -------------------
[32;1m[Board] [0m 2 ||[7;1m [0m| |[30;1mp[0m|[30;1mr[0m|[7;1m [0m| |[7;1m [0m| || 2
[32;1m[Board] [0m   -------------------
[32;1m[Board] [0m 1 || |[7;1m [0m| |[7;1m [0m| |[7;1m [0m|[0;1mK[0m|[7;1m [0m|| 1
[32;1m[Board] [0m   -------------------
[32;1m[Board] [0m     a b c d e f g h
[32;1m[Board] [0m
[32;1m[Referee] [0mThis is the turn of the Black player...
Succesfully loaded network via incbin!
info score 6596 depth 1 nodes 26 time 7
-32000 32000 30
info score 31999 depth 2 nodes 60 time 7
-32000 32000 30
info score 31999 depth 3 nodes 124 time 7
-32000 32000 30
info score 31999 depth 4 nodes 199 time 7
-32000 32000 30
info score 31999 depth 5 nodes 1677 time 11
31969 32000 30
info score 31999 depth 6 nodes 3428 time 12
31969 32000 30
info score 31999 depth 7 nodes 23132 time 41
31969 32000 30
info score 31999 depth 8 nodes 45513 time 60
31969 32000 30
info score 31999 depth 9 nodes 296533 time 305
31969 32000 30
info score 31999 depth 10 nodes 576240 time 720
31969 32000 30
info score 31999 depth 11 nodes 3807778 time 3175
31969 32000 30
info score 31999 depth 12 nodes 8082366 time 6354
31969 32000 30
bestmove c2c1q
[32;1m[Game] [0mPlayer's error code: 0
[32;1m[Game] [0mChecking move validity...
[32;1m[Board] [0mInitializing board (size: 8)...
[32;1m[Board] [0m32 piece(s) on board.
[32;1m[Board] [0mLoading history file `championship/chessgambit-bbd/history.csv`...
[32;1m[Board] [0mLoaded 75 move(s).
[32;1m[Board] [0mHistory replayed, 12 piece(s) on board.
[32;1m[Board] [0mLoading move file `championship/chessgambit-bbd/move.csv`...
[32;1m[Board] [0mBlack player is playing c2 to c1.
[32;1m[Board] [0mPromoting a Black Pawn into a Queen
[32;1m[Board] [0m
[32;1m[Board] [0m     a b c d e f g h
[32;1m[Board] [0m   -------------------
[32;1m[Board] [0m 8 ||[7;1m [0m| |[7;1m [0m| |[7;1m [0m| |[30;1mK[0m| || 8
[32;1m[Board] [0m   -------------------
[32;1m[Board] [0m 7 || |[30;1mp[0m| |[7;1m [0m| |[30;1mp[0m|[30;1mp[0m|[7;1m [0m|| 7
[32;1m[Board] [0m   -------------------
[32;1m[Board] [0m 6 ||[7;1m [0m| |[7;1m [0m|[0;1mp[0m|[7;1m [0m| |[7;1m [0m| || 6
[32;1m[Board] [0m   -------------------
[32;1m[Board] [0m 5 ||[30;1mp[0m|[7;1m [0m| |[7;1m [0m| |[7;1m [0m| |[7;1m [0m|| 5
[32;1m[Board] [0m   -------------------
[32;1m[Board] [0m 4 ||[0;1mp[0m| |[7;1m [0m| |[7;1m [0m| |[7;1m [0m| || 4
[32;1m[Board] [0m   -------------------
[32;1m[Board] [0m 3 || |[7;1m [0m| |[7;1m [0m| |[7;1m [0m|[0;1mp[0m|[0;1mp[0m|| 3
[32;1m[Board] [0m   -------------------
[32;1m[Board] [0m 2 ||[7;1m [0m| |[7;1m [0m|[30;1mr[0m|[7;1m [0m| |[7;1m [0m| || 2
[32;1m[Board] [0m   -------------------
[32;1m[Board] [0m 1 || |[7;1m [0m|[30;1mQ[0m|[7;1m [0m| |[7;1m [0m|[0;1mK[0m|[7;1m [0m|| 1
[32;1m[Board] [0m   -------------------
[32;1m[Board] [0m     a b c d e f g h
[32;1m[Board] [0m
[32;1m[Referee] [0mThis is the turn of the White player...
