[32;1m[Board] [0mInitializing board (size: 8)...
[32;1m[Board] [0m32 piece(s) on board.
[32;1m[Board] [0m
[32;1m[Board] [0m     a b c d e f g h
[32;1m[Board] [0m   -------------------
[32;1m[Board] [0m 8 ||[30;1mr[0m|[30;1mk[0m|[30;1mb[0m|[30;1mQ[0m|[30;1mK[0m|[30;1mb[0m|[30;1mk[0m|[30;1mr[0m|| 8
[32;1m[Board] [0m   -------------------
[32;1m[Board] [0m 7 ||[30;1mp[0m|[30;1mp[0m|[30;1mp[0m|[30;1mp[0m|[30;1mp[0m|[30;1mp[0m|[30;1mp[0m|[30;1mp[0m|| 7
[32;1m[Board] [0m   -------------------
[32;1m[Board] [0m 6 ||[7;1m [0m| |[7;1m [0m| |[7;1m [0m| |[7;1m [0m| || 6
[32;1m[Board] [0m   -------------------
[32;1m[Board] [0m 5 || |[7;1m [0m| |[7;1m [0m| |[7;1m [0m| |[7;1m [0m|| 5
[32;1m[Board] [0m   -------------------
[32;1m[Board] [0m 4 ||[7;1m [0m| |[7;1m [0m| |[7;1m [0m| |[7;1m [0m| || 4
[32;1m[Board] [0m   -------------------
[32;1m[Board] [0m 3 || |[7;1m [0m| |[7;1m [0m| |[7;1m [0m| |[7;1m [0m|| 3
[32;1m[Board] [0m   -------------------
[32;1m[Board] [0m 2 ||[0;1mp[0m|[0;1mp[0m|[0;1mp[0m|[0;1mp[0m|[0;1mp[0m|[0;1mp[0m|[0;1mp[0m|[0;1mp[0m|| 2
[32;1m[Board] [0m   -------------------
[32;1m[Board] [0m 1 ||[0;1mr[0m|[0;1mk[0m|[0;1mb[0m|[0;1mQ[0m|[0;1mK[0m|[0;1mb[0m|[0;1mk[0m|[0;1mr[0m|| 1
[32;1m[Board] [0m   -------------------
[32;1m[Board] [0m     a b c d e f g h
[32;1m[Board] [0m
[32;1m[Referee] [0mThis is the turn of the White player...
Inputed Board

We are going to play White...

------------------------------Current Search Space--------------------------------------------
Possible moves for piece: P:
 P: (6,0)->(5,0) / a2a3
 P: (6,0)->(4,0) / a2a4
 P: (6,1)->(5,1) / b2b3
 P: (6,1)->(4,1) / b2b4
 P: (6,2)->(5,2) / c2c3
 P: (6,2)->(4,2) / c2c4
 P: (6,3)->(5,3) / d2d3
 P: (6,3)->(4,3) / d2d4
 P: (6,4)->(5,4) / e2e3
 P: (6,4)->(4,4) / e2e4
 P: (6,5)->(5,5) / f2f3
 P: (6,5)->(4,5) / f2f4
 P: (6,6)->(5,6) / g2g3
 P: (6,6)->(4,6) / g2g4
 P: (6,7)->(5,7) / h2h3
 P: (6,7)->(4,7) / h2h4
Possible moves for piece: N:
 N: (7,1)->(5,2) / b1c3
 N: (7,1)->(5,0) / b1a3
 N: (7,6)->(5,7) / g1h3
 N: (7,6)->(5,5) / g1f3

------------------------------Filtered Search Space--------------------------------------------
Possible moves for piece: P:
 P: (6,0)->(5,0) / a2a3
 P: (6,0)->(4,0) / a2a4
 P: (6,1)->(5,1) / b2b3
 P: (6,1)->(4,1) / b2b4
 P: (6,2)->(5,2) / c2c3
 P: (6,2)->(4,2) / c2c4
 P: (6,3)->(5,3) / d2d3
 P: (6,3)->(4,3) / d2d4
 P: (6,4)->(5,4) / e2e3
 P: (6,4)->(4,4) / e2e4
 P: (6,5)->(5,5) / f2f3
 P: (6,5)->(4,5) / f2f4
 P: (6,6)->(5,6) / g2g3
 P: (6,6)->(4,6) / g2g4
 P: (6,7)->(5,7) / h2h3
 P: (6,7)->(4,7) / h2h4
Possible moves for piece: N:
 N: (7,1)->(5,2) / b1c3
 N: (7,1)->(5,0) / b1a3
 N: (7,6)->(5,7) / g1h3
 N: (7,6)->(5,5) / g1f3

--------------------------------Info on Attacks---------------------------------------------------
Squares attacked by Black pieces:
(2,0) (2,1) (2,2) (2,3) (2,4) (2,5) (2,6) (2,7) 

-------------------------------Squares controlled by the enemy------------------------------------
* * * * * * * * 
* * * * * * * * 
X X X X X X X X 
* * * * * * * * 
* * * * * * * * 
* * * * * * * * 
* * * * * * * * 
* * * * * * * * 

------------------------------Check Information---------------------------------------------------
White King located at: (7,4)
White King is safe, no check at this position.

------------------------------Special Move Information-------------------------------------------
No en passant allowed right now
------------------------------Castling Rights Information-------------------------------------------
White Kingside Castle:  AVAILABLE
White Queenside Castle: AVAILABLE
Black Kingside Castle:  AVAILABLE
Black Queenside Castle: AVAILABLE
---------------------------------------------------------------------------------------------------

========== CAPTURE EXPLORATION ==========
========================================

========== CHECK EXPLORATION ==========
(no checks found)
======================================
--------------------------------------------------------------------------------------------------
Chosen Move: (7,1) --> (5,2)
 / b1c3

r n b q k b n r 
p p p p p p p p 
* * * * * * * * 
* * * * * * * * 
* * * * * * * * 
* * N * * * * * 
P P P P P P P P 
R * B Q K B N R 

[32;1m[Game] [0mPlayer's error code: 0
[32;1m[Game] [0mChecking move validity...
[32;1m[Board] [0mInitializing board (size: 8)...
[32;1m[Board] [0m32 piece(s) on board.
[32;1m[Board] [0mLoading history file `championship/chessgambit-chess_project_pelm/history.csv`...
[32;1m[Board] [0mLoaded 0 move(s).
[32;1m[Board] [0mHistory replayed, 32 piece(s) on board.
[32;1m[Board] [0mLoading move file `championship/chessgambit-chess_project_pelm/move.csv`...
[32;1m[Board] [0mWhite player is playing b1 to c3.
[32;1m[Board] [0m
[32;1m[Board] [0m     a b c d e f g h
[32;1m[Board] [0m   -------------------
[32;1m[Board] [0m 8 ||[30;1mr[0m|[30;1mk[0m|[30;1mb[0m|[30;1mQ[0m|[30;1mK[0m|[30;1mb[0m|[30;1mk[0m|[30;1mr[0m|| 8
[32;1m[Board] [0m   -------------------
[32;1m[Board] [0m 7 ||[30;1mp[0m|[30;1mp[0m|[30;1mp[0m|[30;1mp[0m|[30;1mp[0m|[30;1mp[0m|[30;1mp[0m|[30;1mp[0m|| 7
[32;1m[Board] [0m   -------------------
[32;1m[Board] [0m 6 ||[7;1m [0m| |[7;1m [0m| |[7;1m [0m| |[7;1m [0m| || 6
[32;1m[Board] [0m   -------------------
[32;1m[Board] [0m 5 || |[7;1m [0m| |[7;1m [0m| |[7;1m [0m| |[7;1m [0m|| 5
[32;1m[Board] [0m   -------------------
[32;1m[Board] [0m 4 ||[7;1m [0m| |[7;1m [0m| |[7;1m [0m| |[7;1m [0m| || 4
[32;1m[Board] [0m   -------------------
[32;1m[Board] [0m 3 || |[7;1m [0m|[0;1mk[0m|[7;1m [0m| |[7;1m [0m| |[7;1m [0m|| 3
[32;1m[Board] [0m   -------------------
[32;1m[Board] [0m 2 ||[0;1mp[0m|[0;1mp[0m|[0;1mp[0m|[0;1mp[0m|[0;1mp[0m|[0;1mp[0m|[0;1mp[0m|[0;1mp[0m|| 2
[32;1m[Board] [0m   -------------------
[32;1m[Board] [0m 1 ||[0;1mr[0m|[7;1m [0m|[0;1mb[0m|[0;1mQ[0m|[0;1mK[0m|[0;1mb[0m|[0;1mk[0m|[0;1mr[0m|| 1
[32;1m[Board] [0m   -------------------
[32;1m[Board] [0m     a b c d e f g h
[32;1m[Board] [0m
[32;1m[Referee] [0mThis is the turn of the Black player...
new one at 2 number of nodes 62 no of distinct states visited 62 time left 9.97993
new one at 3 number of nodes 613 no of distinct states visited 437 time left 9.8874
new one at 4 number of nodes 3011 no of distinct states visited 2346 time left 9.43272
new one at 5 number of nodes 20561 no of distinct states visited 14390 time left 6.47057
new one at 6 number of nodes 33439 no of distinct states visited 34304 time left 0.999835
ok it did depth 5 and now we're doing move e7e6 with evaluation 50 number of nodes examined is 20561
[32;1m[Game] [0mPlayer's error code: 0
[32;1m[Game] [0mChecking move validity...
[32;1m[Board] [0mInitializing board (size: 8)...
[32;1m[Board] [0m32 piece(s) on board.
[32;1m[Board] [0mLoading history file `championship/chessgambit-chess_project_pelm/history.csv`...
[32;1m[Board] [0mLoaded 1 move(s).
[32;1m[Board] [0mHistory replayed, 32 piece(s) on board.
[32;1m[Board] [0mLoading move file `championship/chessgambit-chess_project_pelm/move.csv`...
[32;1m[Board] [0mBlack player is playing e7 to e6.
[32;1m[Board] [0m
[32;1m[Board] [0m     a b c d e f g h
[32;1m[Board] [0m   -------------------
[32;1m[Board] [0m 8 ||[30;1mr[0m|[30;1mk[0m|[30;1mb[0m|[30;1mQ[0m|[30;1mK[0m|[30;1mb[0m|[30;1mk[0m|[30;1mr[0m|| 8
[32;1m[Board] [0m   -------------------
[32;1m[Board] [0m 7 ||[30;1mp[0m|[30;1mp[0m|[30;1mp[0m|[30;1mp[0m| |[30;1mp[0m|[30;1mp[0m|[30;1mp[0m|| 7
[32;1m[Board] [0m   -------------------
[32;1m[Board] [0m 6 ||[7;1m [0m| |[7;1m [0m| |[30;1mp[0m| |[7;1m [0m| || 6
[32;1m[Board] [0m   -------------------
[32;1m[Board] [0m 5 || |[7;1m [0m| |[7;1m [0m| |[7;1m [0m| |[7;1m [0m|| 5
[32;1m[Board] [0m   -------------------
[32;1m[Board] [0m 4 ||[7;1m [0m| |[7;1m [0m| |[7;1m [0m| |[7;1m [0m| || 4
[32;1m[Board] [0m   -------------------
[32;1m[Board] [0m 3 || |[7;1m [0m|[0;1mk[0m|[7;1m [0m| |[7;1m [0m| |[7;1m [0m|| 3
[32;1m[Board] [0m   -------------------
[32;1m[Board] [0m 2 ||[0;1mp[0m|[0;1mp[0m|[0;1mp[0m|[0;1mp[0m|[0;1mp[0m|[0;1mp[0m|[0;1mp[0m|[0;1mp[0m|| 2
[32;1m[Board] [0m   -------------------
[32;1m[Board] [0m 1 ||[0;1mr[0m|[7;1m [0m|[0;1mb[0m|[0;1mQ[0m|[0;1mK[0m|[0;1mb[0m|[0;1mk[0m|[0;1mr[0m|| 1
[32;1m[Board] [0m   -------------------
[32;1m[Board] [0m     a b c d e f g h
[32;1m[Board] [0m
[32;1m[Referee] [0mThis is the turn of the White player...
Inputed Board
Currently playing: White

------------------------------Current Search Space--------------------------------------------
Possible moves for piece: P:
 P: (6,0)->(5,0) / a2a3
 P: (6,0)->(4,0) / a2a4
 P: (6,1)->(5,1) / b2b3
 P: (6,1)->(4,1) / b2b4
 P: (6,3)->(5,3) / d2d3
 P: (6,3)->(4,3) / d2d4
 P: (6,4)->(5,4) / e2e3
 P: (6,4)->(4,4) / e2e4
 P: (6,5)->(5,5) / f2f3
 P: (6,5)->(4,5) / f2f4
 P: (6,6)->(5,6) / g2g3
 P: (6,6)->(4,6) / g2g4
 P: (6,7)->(5,7) / h2h3
 P: (6,7)->(4,7) / h2h4
Possible moves for piece: R:
 R: (7,0)->(7,1) / a1b1
Possible moves for piece: N:
 N: (5,2)->(7,1) / c3b1
 N: (5,2)->(3,3) / c3d5
 N: (5,2)->(3,1) / c3b5
 N: (5,2)->(4,4) / c3e4
 N: (5,2)->(4,0) / c3a4
 N: (7,6)->(5,7) / g1h3
 N: (7,6)->(5,5) / g1f3

------------------------------Filtered Search Space--------------------------------------------
Possible moves for piece: P:
 P: (6,0)->(5,0) / a2a3
 P: (6,0)->(4,0) / a2a4
 P: (6,1)->(5,1) / b2b3
 P: (6,1)->(4,1) / b2b4
 P: (6,3)->(5,3) / d2d3
 P: (6,3)->(4,3) / d2d4
 P: (6,4)->(5,4) / e2e3
 P: (6,4)->(4,4) / e2e4
 P: (6,5)->(5,5) / f2f3
 P: (6,5)->(4,5) / f2f4
 P: (6,6)->(5,6) / g2g3
 P: (6,6)->(4,6) / g2g4
 P: (6,7)->(5,7) / h2h3
 P: (6,7)->(4,7) / h2h4
Possible moves for piece: R:
 R: (7,0)->(7,1) / a1b1
Possible moves for piece: N:
 N: (5,2)->(7,1) / c3b1
 N: (5,2)->(3,3) / c3d5
 N: (5,2)->(3,1) / c3b5
 N: (5,2)->(4,4) / c3e4
 N: (5,2)->(4,0) / c3a4
 N: (7,6)->(5,7) / g1h3
 N: (7,6)->(5,5) / g1f3

--------------------------------Info on Attacks---------------------------------------------------
Squares attacked by Black pieces:
(1,4) (2,0) (2,1) (2,2) (2,3) (2,5) (2,6) (2,7) (3,2) (3,3) (3,5) (3,6) (4,1) (4,7) (5,0) 

-------------------------------Squares controlled by the enemy------------------------------------
* * * * * * * * 
* * * * X * * * 
X X X X * X X X 
* * X X * X X * 
* X * * * * * X 
X * * * * * * * 
* * * * * * * * 
* * * * * * * * 

------------------------------Check Information---------------------------------------------------
White King located at: (7,4)
White King is safe, no check at this position.

------------------------------Special Move Information-------------------------------------------
No en passant allowed right now
------------------------------Castling Rights Information-------------------------------------------
White Kingside Castle:  AVAILABLE
White Queenside Castle: AVAILABLE
Black Kingside Castle:  AVAILABLE
Black Queenside Castle: AVAILABLE
---------------------------------------------------------------------------------------------------

========== CAPTURE EXPLORATION ==========
========================================

========== CHECK EXPLORATION ==========
(no checks found)
======================================
--------------------------------------------------------------------------------------------------
Chosen Move: (7,6) --> (5,5)
 / g1f3

r n b q k b n r 
p p p p * p p p 
* * * * p * * * 
* * * * * * * * 
* * * * * * * * 
* * N * * N * * 
P P P P P P P P 
R * B Q K B * R 

[32;1m[Game] [0mPlayer's error code: 0
[32;1m[Game] [0mChecking move validity...
[32;1m[Board] [0mInitializing board (size: 8)...
[32;1m[Board] [0m32 piece(s) on board.
[32;1m[Board] [0mLoading history file `championship/chessgambit-chess_project_pelm/history.csv`...
[32;1m[Board] [0mLoaded 2 move(s).
[32;1m[Board] [0mHistory replayed, 32 piece(s) on board.
[32;1m[Board] [0mLoading move file `championship/chessgambit-chess_project_pelm/move.csv`...
[32;1m[Board] [0mWhite player is playing g1 to f3.
[32;1m[Board] [0m
[32;1m[Board] [0m     a b c d e f g h
[32;1m[Board] [0m   -------------------
[32;1m[Board] [0m 8 ||[30;1mr[0m|[30;1mk[0m|[30;1mb[0m|[30;1mQ[0m|[30;1mK[0m|[30;1mb[0m|[30;1mk[0m|[30;1mr[0m|| 8
[32;1m[Board] [0m   -------------------
[32;1m[Board] [0m 7 ||[30;1mp[0m|[30;1mp[0m|[30;1mp[0m|[30;1mp[0m| |[30;1mp[0m|[30;1mp[0m|[30;1mp[0m|| 7
[32;1m[Board] [0m   -------------------
[32;1m[Board] [0m 6 ||[7;1m [0m| |[7;1m [0m| |[30;1mp[0m| |[7;1m [0m| || 6
[32;1m[Board] [0m   -------------------
[32;1m[Board] [0m 5 || |[7;1m [0m| |[7;1m [0m| |[7;1m [0m| |[7;1m [0m|| 5
[32;1m[Board] [0m   -------------------
[32;1m[Board] [0m 4 ||[7;1m [0m| |[7;1m [0m| |[7;1m [0m| |[7;1m [0m| || 4
[32;1m[Board] [0m   -------------------
[32;1m[Board] [0m 3 || |[7;1m [0m|[0;1mk[0m|[7;1m [0m| |[0;1mk[0m| |[7;1m [0m|| 3
[32;1m[Board] [0m   -------------------
[32;1m[Board] [0m 2 ||[0;1mp[0m|[0;1mp[0m|[0;1mp[0m|[0;1mp[0m|[0;1mp[0m|[0;1mp[0m|[0;1mp[0m|[0;1mp[0m|| 2
[32;1m[Board] [0m   -------------------
[32;1m[Board] [0m 1 ||[0;1mr[0m|[7;1m [0m|[0;1mb[0m|[0;1mQ[0m|[0;1mK[0m|[0;1mb[0m| |[0;1mr[0m|| 1
[32;1m[Board] [0m   -------------------
[32;1m[Board] [0m     a b c d e f g h
[32;1m[Board] [0m
[32;1m[Referee] [0mThis is the turn of the Black player...
new one at 2 number of nodes 84 no of distinct states visited 84 time left 9.96676
new one at 3 number of nodes 1251 no of distinct states visited 987 time left 9.78129
new one at 4 number of nodes 3933 no of distinct states visited 3274 time left 9.02725
new one at 5 number of nodes 46568 no of distinct states visited 25458 time left 1.95905
new one at 6 number of nodes 6021 no of distinct states visited 29782 time left 0.999883
ok it did depth 5 and now we're doing move g8f6 with evaluation 140 number of nodes examined is 46568
[32;1m[Game] [0mPlayer's error code: 0
[32;1m[Game] [0mChecking move validity...
[32;1m[Board] [0mInitializing board (size: 8)...
[32;1m[Board] [0m32 piece(s) on board.
[32;1m[Board] [0mLoading history file `championship/chessgambit-chess_project_pelm/history.csv`...
[32;1m[Board] [0mLoaded 3 move(s).
[32;1m[Board] [0mHistory replayed, 32 piece(s) on board.
[32;1m[Board] [0mLoading move file `championship/chessgambit-chess_project_pelm/move.csv`...
[32;1m[Board] [0mBlack player is playing g8 to f6.
[32;1m[Board] [0m
[32;1m[Board] [0m     a b c d e f g h
[32;1m[Board] [0m   -------------------
[32;1m[Board] [0m 8 ||[30;1mr[0m|[30;1mk[0m|[30;1mb[0m|[30;1mQ[0m|[30;1mK[0m|[30;1mb[0m|[7;1m [0m|[30;1mr[0m|| 8
[32;1m[Board] [0m   -------------------
[32;1m[Board] [0m 7 ||[30;1mp[0m|[30;1mp[0m|[30;1mp[0m|[30;1mp[0m| |[30;1mp[0m|[30;1mp[0m|[30;1mp[0m|| 7
[32;1m[Board] [0m   -------------------
[32;1m[Board] [0m 6 ||[7;1m [0m| |[7;1m [0m| |[30;1mp[0m|[30;1mk[0m|[7;1m [0m| || 6
[32;1m[Board] [0m   -------------------
[32;1m[Board] [0m 5 || |[7;1m [0m| |[7;1m [0m| |[7;1m [0m| |[7;1m [0m|| 5
[32;1m[Board] [0m   -------------------
[32;1m[Board] [0m 4 ||[7;1m [0m| |[7;1m [0m| |[7;1m [0m| |[7;1m [0m| || 4
[32;1m[Board] [0m   -------------------
[32;1m[Board] [0m 3 || |[7;1m [0m|[0;1mk[0m|[7;1m [0m| |[0;1mk[0m| |[7;1m [0m|| 3
[32;1m[Board] [0m   -------------------
[32;1m[Board] [0m 2 ||[0;1mp[0m|[0;1mp[0m|[0;1mp[0m|[0;1mp[0m|[0;1mp[0m|[0;1mp[0m|[0;1mp[0m|[0;1mp[0m|| 2
[32;1m[Board] [0m   -------------------
[32;1m[Board] [0m 1 ||[0;1mr[0m|[7;1m [0m|[0;1mb[0m|[0;1mQ[0m|[0;1mK[0m|[0;1mb[0m| |[0;1mr[0m|| 1
[32;1m[Board] [0m   -------------------
[32;1m[Board] [0m     a b c d e f g h
[32;1m[Board] [0m
[32;1m[Referee] [0mThis is the turn of the White player...
Inputed Board
Currently playing: White

------------------------------Current Search Space--------------------------------------------
Possible moves for piece: P:
 P: (6,0)->(5,0) / a2a3
 P: (6,0)->(4,0) / a2a4
 P: (6,1)->(5,1) / b2b3
 P: (6,1)->(4,1) / b2b4
 P: (6,3)->(5,3) / d2d3
 P: (6,3)->(4,3) / d2d4
 P: (6,4)->(5,4) / e2e3
 P: (6,4)->(4,4) / e2e4
 P: (6,6)->(5,6) / g2g3
 P: (6,6)->(4,6) / g2g4
 P: (6,7)->(5,7) / h2h3
 P: (6,7)->(4,7) / h2h4
Possible moves for piece: R:
 R: (7,0)->(7,1) / a1b1
 R: (7,7)->(7,6) / h1g1
Possible moves for piece: N:
 N: (5,2)->(7,1) / c3b1
 N: (5,2)->(3,3) / c3d5
 N: (5,2)->(3,1) / c3b5
 N: (5,2)->(4,4) / c3e4
 N: (5,2)->(4,0) / c3a4
 N: (5,5)->(7,6) / f3g1
 N: (5,5)->(3,6) / f3g5
 N: (5,5)->(3,4) / f3e5
 N: (5,5)->(4,7) / f3h4
 N: (5,5)->(4,3) / f3d4

------------------------------Filtered Search Space--------------------------------------------
Possible moves for piece: P:
 P: (6,0)->(5,0) / a2a3
 P: (6,0)->(4,0) / a2a4
 P: (6,1)->(5,1) / b2b3
 P: (6,1)->(4,1) / b2b4
 P: (6,3)->(5,3) / d2d3
 P: (6,3)->(4,3) / d2d4
 P: (6,4)->(5,4) / e2e3
 P: (6,4)->(4,4) / e2e4
 P: (6,6)->(5,6) / g2g3
 P: (6,6)->(4,6) / g2g4
 P: (6,7)->(5,7) / h2h3
 P: (6,7)->(4,7) / h2h4
Possible moves for piece: R:
 R: (7,0)->(7,1) / a1b1
 R: (7,7)->(7,6) / h1g1
Possible moves for piece: N:
 N: (5,2)->(7,1) / c3b1
 N: (5,2)->(3,3) / c3d5
 N: (5,2)->(3,1) / c3b5
 N: (5,2)->(4,4) / c3e4
 N: (5,2)->(4,0) / c3a4
 N: (5,5)->(7,6) / f3g1
 N: (5,5)->(3,6) / f3g5
 N: (5,5)->(3,4) / f3e5
 N: (5,5)->(4,7) / f3h4
 N: (5,5)->(4,3) / f3d4

--------------------------------Info on Attacks---------------------------------------------------
Squares attacked by Black pieces:
(0,6) (1,4) (2,0) (2,1) (2,2) (2,3) (2,6) (2,7) (3,2) (3,3) (3,5) (3,7) (4,1) (4,4) (4,6) (5,0) 

-------------------------------Squares controlled by the enemy------------------------------------
* * * * * * X * 
* * * * X * * * 
X X X X * * X X 
* * X X * X * X 
* X * * X * X * 
X * * * * * * * 
* * * * * * * * 
* * * * * * * * 

------------------------------Check Information---------------------------------------------------
White King located at: (7,4)
White King is safe, no check at this position.

------------------------------Special Move Information-------------------------------------------
No en passant allowed right now
------------------------------Castling Rights Information-------------------------------------------
White Kingside Castle:  AVAILABLE
White Queenside Castle: AVAILABLE
Black Kingside Castle:  AVAILABLE
Black Queenside Castle: AVAILABLE
---------------------------------------------------------------------------------------------------

========== CAPTURE EXPLORATION ==========
========================================

========== CHECK EXPLORATION ==========
(no checks found)
======================================
--------------------------------------------------------------------------------------------------
Chosen Move: (6,4) --> (4,4)
 / e2e4

r n b q k b * r 
p p p p * p p p 
* * * * p n * * 
* * * * * * * * 
* * * * P * * * 
* * N * * N * * 
P P P P * P P P 
R * B Q K B * R 

[32;1m[Game] [0mPlayer's error code: 0
[32;1m[Game] [0mChecking move validity...
[32;1m[Board] [0mInitializing board (size: 8)...
[32;1m[Board] [0m32 piece(s) on board.
[32;1m[Board] [0mLoading history file `championship/chessgambit-chess_project_pelm/history.csv`...
[32;1m[Board] [0mLoaded 4 move(s).
[32;1m[Board] [0mHistory replayed, 32 piece(s) on board.
[32;1m[Board] [0mLoading move file `championship/chessgambit-chess_project_pelm/move.csv`...
[32;1m[Board] [0mWhite player is playing e2 to e4.
[32;1m[Board] [0m
[32;1m[Board] [0m     a b c d e f g h
[32;1m[Board] [0m   -------------------
[32;1m[Board] [0m 8 ||[30;1mr[0m|[30;1mk[0m|[30;1mb[0m|[30;1mQ[0m|[30;1mK[0m|[30;1mb[0m|[7;1m [0m|[30;1mr[0m|| 8
[32;1m[Board] [0m   -------------------
[32;1m[Board] [0m 7 ||[30;1mp[0m|[30;1mp[0m|[30;1mp[0m|[30;1mp[0m| |[30;1mp[0m|[30;1mp[0m|[30;1mp[0m|| 7
[32;1m[Board] [0m   -------------------
[32;1m[Board] [0m 6 ||[7;1m [0m| |[7;1m [0m| |[30;1mp[0m|[30;1mk[0m|[7;1m [0m| || 6
[32;1m[Board] [0m   -------------------
[32;1m[Board] [0m 5 || |[7;1m [0m| |[7;1m [0m| |[7;1m [0m| |[7;1m [0m|| 5
[32;1m[Board] [0m   -------------------
[32;1m[Board] [0m 4 ||[7;1m [0m| |[7;1m [0m| |[0;1mp[0m| |[7;1m [0m| || 4
[32;1m[Board] [0m   -------------------
[32;1m[Board] [0m 3 || |[7;1m [0m|[0;1mk[0m|[7;1m [0m| |[0;1mk[0m| |[7;1m [0m|| 3
[32;1m[Board] [0m   -------------------
[32;1m[Board] [0m 2 ||[0;1mp[0m|[0;1mp[0m|[0;1mp[0m|[0;1mp[0m|[7;1m [0m|[0;1mp[0m|[0;1mp[0m|[0;1mp[0m|| 2
[32;1m[Board] [0m   -------------------
[32;1m[Board] [0m 1 ||[0;1mr[0m|[7;1m [0m|[0;1mb[0m|[0;1mQ[0m|[0;1mK[0m|[0;1mb[0m| |[0;1mr[0m|| 1
[32;1m[Board] [0m   -------------------
[32;1m[Board] [0m     a b c d e f g h
[32;1m[Board] [0m
[32;1m[Referee] [0mThis is the turn of the Black player...
new one at 2 number of nodes 115 no of distinct states visited 115 time left 9.95905
new one at 3 number of nodes 1174 no of distinct states visited 963 time left 9.75579
new one at 4 number of nodes 6336 no of distinct states visited 5740 time left 8.34538
new one at 5 number of nodes 41454 no of distinct states visited 30930 time left 0.999738
ok it did depth 4 and now we're doing move f8b4 with evaluation -120 number of nodes examined is 6336
[32;1m[Game] [0mPlayer's error code: 0
[32;1m[Game] [0mChecking move validity...
[32;1m[Board] [0mInitializing board (size: 8)...
[32;1m[Board] [0m32 piece(s) on board.
[32;1m[Board] [0mLoading history file `championship/chessgambit-chess_project_pelm/history.csv`...
[32;1m[Board] [0mLoaded 5 move(s).
[32;1m[Board] [0mHistory replayed, 32 piece(s) on board.
[32;1m[Board] [0mLoading move file `championship/chessgambit-chess_project_pelm/move.csv`...
[32;1m[Board] [0mBlack player is playing f8 to b4.
[32;1m[Board] [0m
[32;1m[Board] [0m     a b c d e f g h
[32;1m[Board] [0m   -------------------
[32;1m[Board] [0m 8 ||[30;1mr[0m|[30;1mk[0m|[30;1mb[0m|[30;1mQ[0m|[30;1mK[0m| |[7;1m [0m|[30;1mr[0m|| 8
[32;1m[Board] [0m   -------------------
[32;1m[Board] [0m 7 ||[30;1mp[0m|[30;1mp[0m|[30;1mp[0m|[30;1mp[0m| |[30;1mp[0m|[30;1mp[0m|[30;1mp[0m|| 7
[32;1m[Board] [0m   -------------------
[32;1m[Board] [0m 6 ||[7;1m [0m| |[7;1m [0m| |[30;1mp[0m|[30;1mk[0m|[7;1m [0m| || 6
[32;1m[Board] [0m   -------------------
[32;1m[Board] [0m 5 || |[7;1m [0m| |[7;1m [0m| |[7;1m [0m| |[7;1m [0m|| 5
[32;1m[Board] [0m   -------------------
[32;1m[Board] [0m 4 ||[7;1m [0m|[30;1mb[0m|[7;1m [0m| |[0;1mp[0m| |[7;1m [0m| || 4
[32;1m[Board] [0m   -------------------
[32;1m[Board] [0m 3 || |[7;1m [0m|[0;1mk[0m|[7;1m [0m| |[0;1mk[0m| |[7;1m [0m|| 3
[32;1m[Board] [0m   -------------------
[32;1m[Board] [0m 2 ||[0;1mp[0m|[0;1mp[0m|[0;1mp[0m|[0;1mp[0m|[7;1m [0m|[0;1mp[0m|[0;1mp[0m|[0;1mp[0m|| 2
[32;1m[Board] [0m   -------------------
[32;1m[Board] [0m 1 ||[0;1mr[0m|[7;1m [0m|[0;1mb[0m|[0;1mQ[0m|[0;1mK[0m|[0;1mb[0m| |[0;1mr[0m|| 1
[32;1m[Board] [0m   -------------------
[32;1m[Board] [0m     a b c d e f g h
[32;1m[Board] [0m
[32;1m[Referee] [0mThis is the turn of the White player...
Inputed Board
Currently playing: White

------------------------------Current Search Space--------------------------------------------
Possible moves for piece: P:
 P: (4,4)->(3,4) / e4e5
 P: (6,0)->(5,0) / a2a3
 P: (6,0)->(4,0) / a2a4
 P: (6,1)->(5,1) / b2b3
 P: (6,3)->(5,3) / d2d3
 P: (6,3)->(4,3) / d2d4
 P: (6,6)->(5,6) / g2g3
 P: (6,6)->(4,6) / g2g4
 P: (6,7)->(5,7) / h2h3
 P: (6,7)->(4,7) / h2h4
Possible moves for piece: R:
 R: (7,0)->(7,1) / a1b1
 R: (7,7)->(7,6) / h1g1
Possible moves for piece: N:
 N: (5,2)->(7,1) / c3b1
 N: (5,2)->(3,3) / c3d5
 N: (5,2)->(3,1) / c3b5
 N: (5,2)->(6,4) / c3e2
 N: (5,2)->(4,0) / c3a4
 N: (5,5)->(7,6) / f3g1
 N: (5,5)->(3,6) / f3g5
 N: (5,5)->(3,4) / f3e5
 N: (5,5)->(4,7) / f3h4
 N: (5,5)->(4,3) / f3d4
Possible moves for piece: B:
 B: (7,5)->(6,4) / f1e2
 B: (7,5)->(5,3) / f1d3
 B: (7,5)->(4,2) / f1c4
 B: (7,5)->(3,1) / f1b5
 B: (7,5)->(2,0) / f1a6
Possible moves for piece: Q:
 Q: (7,3)->(6,4) / d1e2
Possible moves for piece: K:
 K: (7,4)->(6,4) / e1e2

------------------------------Filtered Search Space--------------------------------------------
Possible moves for piece: P:
 P: (4,4)->(3,4) / e4e5
 P: (6,0)->(5,0) / a2a3
 P: (6,0)->(4,0) / a2a4
 P: (6,1)->(5,1) / b2b3
 P: (6,3)->(5,3) / d2d3
 P: (6,3)->(4,3) / d2d4
 P: (6,6)->(5,6) / g2g3
 P: (6,6)->(4,6) / g2g4
 P: (6,7)->(5,7) / h2h3
 P: (6,7)->(4,7) / h2h4
Possible moves for piece: R:
 R: (7,0)->(7,1) / a1b1
 R: (7,7)->(7,6) / h1g1
Possible moves for piece: N:
 N: (5,2)->(7,1) / c3b1
 N: (5,2)->(3,3) / c3d5
 N: (5,2)->(3,1) / c3b5
 N: (5,2)->(6,4) / c3e2
 N: (5,2)->(4,0) / c3a4
 N: (5,5)->(7,6) / f3g1
 N: (5,5)->(3,6) / f3g5
 N: (5,5)->(3,4) / f3e5
 N: (5,5)->(4,7) / f3h4
 N: (5,5)->(4,3) / f3d4
Possible moves for piece: B:
 B: (7,5)->(6,4) / f1e2
 B: (7,5)->(5,3) / f1d3
 B: (7,5)->(4,2) / f1c4
 B: (7,5)->(3,1) / f1b5
 B: (7,5)->(2,0) / f1a6
Possible moves for piece: Q:
 Q: (7,3)->(6,4) / d1e2
Possible moves for piece: K:
 K: (7,4)->(6,4) / e1e2

--------------------------------Info on Attacks---------------------------------------------------
Squares attacked by Black pieces:
(0,5) (0,6) (1,4) (2,0) (2,1) (2,2) (2,3) (2,6) (2,7) (3,0) (3,2) (3,3) (3,5) (3,7) (4,4) (4,6) (5,0) (5,2) 

-------------------------------Squares controlled by the enemy------------------------------------
* * * * * X X * 
* * * * X * * * 
X X X X * * X X 
X * X X * X * X 
* * * * X * X * 
X * X * * * * * 
* * * * * * * * 
* * * * * * * * 

------------------------------Check Information---------------------------------------------------
White King located at: (7,4)
White King is safe, no check at this position.

------------------------------Special Move Information-------------------------------------------
No en passant allowed right now
------------------------------Castling Rights Information-------------------------------------------
White Kingside Castle:  AVAILABLE
White Queenside Castle: AVAILABLE
Black Kingside Castle:  AVAILABLE
Black Queenside Castle: AVAILABLE
---------------------------------------------------------------------------------------------------

========== CAPTURE EXPLORATION ==========
========================================

========== CHECK EXPLORATION ==========
(no checks found)
======================================
--------------------------------------------------------------------------------------------------
Chosen Move: (7,5) --> (5,3)
 / f1d3

r n b q k * * r 
p p p p * p p p 
* * * * p n * * 
* * * * * * * * 
* b * * P * * * 
* * N B * N * * 
P P P P * P P P 
R * B Q K * * R 

[32;1m[Game] [0mPlayer's error code: 0
[32;1m[Game] [0mChecking move validity...
[32;1m[Board] [0mInitializing board (size: 8)...
[32;1m[Board] [0m32 piece(s) on board.
[32;1m[Board] [0mLoading history file `championship/chessgambit-chess_project_pelm/history.csv`...
[32;1m[Board] [0mLoaded 6 move(s).
[32;1m[Board] [0mHistory replayed, 32 piece(s) on board.
[32;1m[Board] [0mLoading move file `championship/chessgambit-chess_project_pelm/move.csv`...
[32;1m[Board] [0mWhite player is playing f1 to d3.
[32;1m[Board] [0m
[32;1m[Board] [0m     a b c d e f g h
[32;1m[Board] [0m   -------------------
[32;1m[Board] [0m 8 ||[30;1mr[0m|[30;1mk[0m|[30;1mb[0m|[30;1mQ[0m|[30;1mK[0m| |[7;1m [0m|[30;1mr[0m|| 8
[32;1m[Board] [0m   -------------------
[32;1m[Board] [0m 7 ||[30;1mp[0m|[30;1mp[0m|[30;1mp[0m|[30;1mp[0m| |[30;1mp[0m|[30;1mp[0m|[30;1mp[0m|| 7
[32;1m[Board] [0m   -------------------
[32;1m[Board] [0m 6 ||[7;1m [0m| |[7;1m [0m| |[30;1mp[0m|[30;1mk[0m|[7;1m [0m| || 6
[32;1m[Board] [0m   -------------------
[32;1m[Board] [0m 5 || |[7;1m [0m| |[7;1m [0m| |[7;1m [0m| |[7;1m [0m|| 5
[32;1m[Board] [0m   -------------------
[32;1m[Board] [0m 4 ||[7;1m [0m|[30;1mb[0m|[7;1m [0m| |[0;1mp[0m| |[7;1m [0m| || 4
[32;1m[Board] [0m   -------------------
[32;1m[Board] [0m 3 || |[7;1m [0m|[0;1mk[0m|[0;1mb[0m| |[0;1mk[0m| |[7;1m [0m|| 3
[32;1m[Board] [0m   -------------------
[32;1m[Board] [0m 2 ||[0;1mp[0m|[0;1mp[0m|[0;1mp[0m|[0;1mp[0m|[7;1m [0m|[0;1mp[0m|[0;1mp[0m|[0;1mp[0m|| 2
[32;1m[Board] [0m   -------------------
[32;1m[Board] [0m 1 ||[0;1mr[0m|[7;1m [0m|[0;1mb[0m|[0;1mQ[0m|[0;1mK[0m|[7;1m [0m| |[0;1mr[0m|| 1
[32;1m[Board] [0m   -------------------
[32;1m[Board] [0m     a b c d e f g h
[32;1m[Board] [0m
[32;1m[Referee] [0mThis is the turn of the Black player...
new one at 2 number of nodes 123 no of distinct states visited 123 time left 9.95286
new one at 3 number of nodes 1289 no of distinct states visited 912 time left 9.71257
new one at 4 number of nodes 4746 no of distinct states visited 3851 time left 8.79496
new one at 5 number of nodes 44320 no of distinct states visited 24942 time left 2.61846
new one at 6 number of nodes 10480 no of distinct states visited 31611 time left 0.9998
ok it did depth 5 and now we're doing move e8g8 with evaluation 140 number of nodes examined is 44320
[32;1m[Game] [0mPlayer's error code: 0
[32;1m[Game] [0mChecking move validity...
[32;1m[Board] [0mInitializing board (size: 8)...
[32;1m[Board] [0m32 piece(s) on board.
[32;1m[Board] [0mLoading history file `championship/chessgambit-chess_project_pelm/history.csv`...
[32;1m[Board] [0mLoaded 7 move(s).
[32;1m[Board] [0mHistory replayed, 32 piece(s) on board.
[32;1m[Board] [0mLoading move file `championship/chessgambit-chess_project_pelm/move.csv`...
[32;1m[Board] [0mBlack player is playing e8 to g8.
[32;1m[Board] [0mBlack player is castling kingside...
[32;1m[Board] [0m
[32;1m[Board] [0m     a b c d e f g h
[32;1m[Board] [0m   -------------------
[32;1m[Board] [0m 8 ||[30;1mr[0m|[30;1mk[0m|[30;1mb[0m|[30;1mQ[0m|[7;1m [0m|[30;1mr[0m|[30;1mK[0m| || 8
[32;1m[Board] [0m   -------------------
[32;1m[Board] [0m 7 ||[30;1mp[0m|[30;1mp[0m|[30;1mp[0m|[30;1mp[0m| |[30;1mp[0m|[30;1mp[0m|[30;1mp[0m|| 7
[32;1m[Board] [0m   -------------------
[32;1m[Board] [0m 6 ||[7;1m [0m| |[7;1m [0m| |[30;1mp[0m|[30;1mk[0m|[7;1m [0m| || 6
[32;1m[Board] [0m   -------------------
[32;1m[Board] [0m 5 || |[7;1m [0m| |[7;1m [0m| |[7;1m [0m| |[7;1m [0m|| 5
[32;1m[Board] [0m   -------------------
[32;1m[Board] [0m 4 ||[7;1m [0m|[30;1mb[0m|[7;1m [0m| |[0;1mp[0m| |[7;1m [0m| || 4
[32;1m[Board] [0m   -------------------
[32;1m[Board] [0m 3 || |[7;1m [0m|[0;1mk[0m|[0;1mb[0m| |[0;1mk[0m| |[7;1m [0m|| 3
[32;1m[Board] [0m   -------------------
[32;1m[Board] [0m 2 ||[0;1mp[0m|[0;1mp[0m|[0;1mp[0m|[0;1mp[0m|[7;1m [0m|[0;1mp[0m|[0;1mp[0m|[0;1mp[0m|| 2
[32;1m[Board] [0m   -------------------
[32;1m[Board] [0m 1 ||[0;1mr[0m|[7;1m [0m|[0;1mb[0m|[0;1mQ[0m|[0;1mK[0m|[7;1m [0m| |[0;1mr[0m|| 1
[32;1m[Board] [0m   -------------------
[32;1m[Board] [0m     a b c d e f g h
[32;1m[Board] [0m
[32;1m[Referee] [0mThis is the turn of the White player...
Inputed Board
Currently playing: White

------------------------------Current Search Space--------------------------------------------
Possible moves for piece: P:
 P: (4,4)->(3,4) / e4e5
 P: (6,0)->(5,0) / a2a3
 P: (6,0)->(4,0) / a2a4
 P: (6,1)->(5,1) / b2b3
 P: (6,6)->(5,6) / g2g3
 P: (6,6)->(4,6) / g2g4
 P: (6,7)->(5,7) / h2h3
 P: (6,7)->(4,7) / h2h4
Possible moves for piece: R:
 R: (7,0)->(7,1) / a1b1
 R: (7,7)->(7,6) / h1g1
 R: (7,7)->(7,5) / h1f1
Possible moves for piece: N:
 N: (5,2)->(7,1) / c3b1
 N: (5,2)->(3,3) / c3d5
 N: (5,2)->(3,1) / c3b5
 N: (5,2)->(6,4) / c3e2
 N: (5,2)->(4,0) / c3a4
 N: (5,5)->(7,6) / f3g1
 N: (5,5)->(3,6) / f3g5
 N: (5,5)->(3,4) / f3e5
 N: (5,5)->(4,7) / f3h4
 N: (5,5)->(4,3) / f3d4
Possible moves for piece: B:
 B: (5,3)->(4,2) / d3c4
 B: (5,3)->(3,1) / d3b5
 B: (5,3)->(2,0) / d3a6
 B: (5,3)->(6,4) / d3e2
 B: (5,3)->(7,5) / d3f1
Possible moves for piece: Q:
 Q: (7,3)->(6,4) / d1e2
Possible moves for piece: K:
 K: (7,4)->(6,4) / e1e2
 K: (7,4)->(7,5) / e1f1
 K: (7,4)->(7,6) / e1g1

------------------------------Filtered Search Space--------------------------------------------
Possible moves for piece: P:
 P: (4,4)->(3,4) / e4e5
 P: (6,0)->(5,0) / a2a3
 P: (6,0)->(4,0) / a2a4
 P: (6,1)->(5,1) / b2b3
 P: (6,6)->(5,6) / g2g3
 P: (6,6)->(4,6) / g2g4
 P: (6,7)->(5,7) / h2h3
 P: (6,7)->(4,7) / h2h4
Possible moves for piece: R:
 R: (7,0)->(7,1) / a1b1
 R: (7,7)->(7,6) / h1g1
 R: (7,7)->(7,5) / h1f1
Possible moves for piece: N:
 N: (5,2)->(7,1) / c3b1
 N: (5,2)->(3,3) / c3d5
 N: (5,2)->(3,1) / c3b5
 N: (5,2)->(6,4) / c3e2
 N: (5,2)->(4,0) / c3a4
 N: (5,5)->(7,6) / f3g1
 N: (5,5)->(3,6) / f3g5
 N: (5,5)->(3,4) / f3e5
 N: (5,5)->(4,7) / f3h4
 N: (5,5)->(4,3) / f3d4
Possible moves for piece: B:
 B: (5,3)->(4,2) / d3c4
 B: (5,3)->(3,1) / d3b5
 B: (5,3)->(2,0) / d3a6
 B: (5,3)->(6,4) / d3e2
 B: (5,3)->(7,5) / d3f1
Possible moves for piece: Q:
 Q: (7,3)->(6,4) / d1e2
Possible moves for piece: K:
 K: (7,4)->(6,4) / e1e2
 K: (7,4)->(7,5) / e1f1
 K: (7,4)->(7,6) / e1g1

--------------------------------Info on Attacks---------------------------------------------------
Squares attacked by Black pieces:
(0,4) (0,7) (1,4) (2,0) (2,1) (2,2) (2,3) (2,6) (2,7) (3,0) (3,2) (3,3) (3,5) (3,7) (4,4) (4,6) (5,0) (5,2) 

-------------------------------Squares controlled by the enemy------------------------------------
* * * * X * * X 
* * * * X * * * 
X X X X * * X X 
X * X X * X * X 
* * * * X * X * 
X * X * * * * * 
* * * * * * * * 
* * * * * * * * 

------------------------------Check Information---------------------------------------------------
White King located at: (7,4)
White King is safe, no check at this position.

------------------------------Special Move Information-------------------------------------------
No en passant allowed right now
------------------------------Castling Rights Information-------------------------------------------
White Kingside Castle:  AVAILABLE
White Queenside Castle: AVAILABLE
Black Kingside Castle:  NOT AVAILABLE
Black Queenside Castle: NOT AVAILABLE
---------------------------------------------------------------------------------------------------

========== CAPTURE EXPLORATION ==========
========================================

========== CHECK EXPLORATION ==========
(no checks found)
======================================
--------------------------------------------------------------------------------------------------
Chosen Move: (5,5) --> (7,6)
 / f3g1

r n b q * r k * 
p p p p * p p p 
* * * * p n * * 
* * * * * * * * 
* b * * P * * * 
* * N B * * * * 
P P P P * P P P 
R * B Q K * N R 

Code timed out used determine move
[32;1m[Game] [0mPlayer's error code: 0
[32;1m[Game] [0mChecking move validity...
[32;1m[Board] [0mInitializing board (size: 8)...
[32;1m[Board] [0m32 piece(s) on board.
[32;1m[Board] [0mLoading history file `championship/chessgambit-chess_project_pelm/history.csv`...
[32;1m[Board] [0mLoaded 8 move(s).
[32;1m[Board] [0mHistory replayed, 32 piece(s) on board.
[32;1m[Board] [0mLoading move file `championship/chessgambit-chess_project_pelm/move.csv`...
[32;1m[Board] [0mWhite player is playing f3 to g1.
[32;1m[Board] [0m
[32;1m[Board] [0m     a b c d e f g h
[32;1m[Board] [0m   -------------------
[32;1m[Board] [0m 8 ||[30;1mr[0m|[30;1mk[0m|[30;1mb[0m|[30;1mQ[0m|[7;1m [0m|[30;1mr[0m|[30;1mK[0m| || 8
[32;1m[Board] [0m   -------------------
[32;1m[Board] [0m 7 ||[30;1mp[0m|[30;1mp[0m|[30;1mp[0m|[30;1mp[0m| |[30;1mp[0m|[30;1mp[0m|[30;1mp[0m|| 7
[32;1m[Board] [0m   -------------------
[32;1m[Board] [0m 6 ||[7;1m [0m| |[7;1m [0m| |[30;1mp[0m|[30;1mk[0m|[7;1m [0m| || 6
[32;1m[Board] [0m   -------------------
[32;1m[Board] [0m 5 || |[7;1m [0m| |[7;1m [0m| |[7;1m [0m| |[7;1m [0m|| 5
[32;1m[Board] [0m   -------------------
[32;1m[Board] [0m 4 ||[7;1m [0m|[30;1mb[0m|[7;1m [0m| |[0;1mp[0m| |[7;1m [0m| || 4
[32;1m[Board] [0m   -------------------
[32;1m[Board] [0m 3 || |[7;1m [0m|[0;1mk[0m|[0;1mb[0m| |[7;1m [0m| |[7;1m [0m|| 3
[32;1m[Board] [0m   -------------------
[32;1m[Board] [0m 2 ||[0;1mp[0m|[0;1mp[0m|[0;1mp[0m|[0;1mp[0m|[7;1m [0m|[0;1mp[0m|[0;1mp[0m|[0;1mp[0m|| 2
[32;1m[Board] [0m   -------------------
[32;1m[Board] [0m 1 ||[0;1mr[0m|[7;1m [0m|[0;1mb[0m|[0;1mQ[0m|[0;1mK[0m|[7;1m [0m|[0;1mk[0m|[0;1mr[0m|| 1
[32;1m[Board] [0m   -------------------
[32;1m[Board] [0m     a b c d e f g h
[32;1m[Board] [0m
[32;1m[Referee] [0mThis is the turn of the Black player...
new one at 2 number of nodes 88 no of distinct states visited 88 time left 9.96113
new one at 3 number of nodes 1086 no of distinct states visited 726 time left 9.78513
new one at 4 number of nodes 2777 no of distinct states visited 1884 time left 9.18519
new one at 5 number of nodes 45219 no of distinct states visited 23624 time left 1.23903
new one at 6 number of nodes 1543 no of distinct states visited 24833 time left 0.999867
ok it did depth 5 and now we're doing move d7d5 with evaluation 355 number of nodes examined is 45219
[32;1m[Game] [0mPlayer's error code: 0
[32;1m[Game] [0mChecking move validity...
[32;1m[Board] [0mInitializing board (size: 8)...
[32;1m[Board] [0m32 piece(s) on board.
[32;1m[Board] [0mLoading history file `championship/chessgambit-chess_project_pelm/history.csv`...
[32;1m[Board] [0mLoaded 9 move(s).
[32;1m[Board] [0mHistory replayed, 32 piece(s) on board.
[32;1m[Board] [0mLoading move file `championship/chessgambit-chess_project_pelm/move.csv`...
[32;1m[Board] [0mBlack player is playing d7 to d5.
[32;1m[Board] [0m
[32;1m[Board] [0m     a b c d e f g h
[32;1m[Board] [0m   -------------------
[32;1m[Board] [0m 8 ||[30;1mr[0m|[30;1mk[0m|[30;1mb[0m|[30;1mQ[0m|[7;1m [0m|[30;1mr[0m|[30;1mK[0m| || 8
[32;1m[Board] [0m   -------------------
[32;1m[Board] [0m 7 ||[30;1mp[0m|[30;1mp[0m|[30;1mp[0m|[7;1m [0m| |[30;1mp[0m|[30;1mp[0m|[30;1mp[0m|| 7
[32;1m[Board] [0m   -------------------
[32;1m[Board] [0m 6 ||[7;1m [0m| |[7;1m [0m| |[30;1mp[0m|[30;1mk[0m|[7;1m [0m| || 6
[32;1m[Board] [0m   -------------------
[32;1m[Board] [0m 5 || |[7;1m [0m| |[30;1mp[0m| |[7;1m [0m| |[7;1m [0m|| 5
[32;1m[Board] [0m   -------------------
[32;1m[Board] [0m 4 ||[7;1m [0m|[30;1mb[0m|[7;1m [0m| |[0;1mp[0m| |[7;1m [0m| || 4
[32;1m[Board] [0m   -------------------
[32;1m[Board] [0m 3 || |[7;1m [0m|[0;1mk[0m|[0;1mb[0m| |[7;1m [0m| |[7;1m [0m|| 3
[32;1m[Board] [0m   -------------------
[32;1m[Board] [0m 2 ||[0;1mp[0m|[0;1mp[0m|[0;1mp[0m|[0;1mp[0m|[7;1m [0m|[0;1mp[0m|[0;1mp[0m|[0;1mp[0m|| 2
[32;1m[Board] [0m   -------------------
[32;1m[Board] [0m 1 ||[0;1mr[0m|[7;1m [0m|[0;1mb[0m|[0;1mQ[0m|[0;1mK[0m|[7;1m [0m|[0;1mk[0m|[0;1mr[0m|| 1
[32;1m[Board] [0m   -------------------
[32;1m[Board] [0m     a b c d e f g h
[32;1m[Board] [0m
[32;1m[Referee] [0mThis is the turn of the White player...
Inputed Board
Currently playing: White

------------------------------Current Search Space--------------------------------------------
Possible moves for piece: P:
 P: (4,4)->(3,4) / e4e5
 P: (4,4)->(3,3) / e4d5
 P: (6,0)->(5,0) / a2a3
 P: (6,0)->(4,0) / a2a4
 P: (6,1)->(5,1) / b2b3
 P: (6,5)->(5,5) / f2f3
 P: (6,5)->(4,5) / f2f4
 P: (6,6)->(5,6) / g2g3
 P: (6,6)->(4,6) / g2g4
 P: (6,7)->(5,7) / h2h3
 P: (6,7)->(4,7) / h2h4
Possible moves for piece: R:
 R: (7,0)->(7,1) / a1b1
Possible moves for piece: N:
 N: (5,2)->(7,1) / c3b1
 N: (5,2)->(3,3) / c3d5
 N: (5,2)->(3,1) / c3b5
 N: (5,2)->(6,4) / c3e2
 N: (5,2)->(4,0) / c3a4
 N: (7,6)->(5,7) / g1h3
 N: (7,6)->(5,5) / g1f3
 N: (7,6)->(6,4) / g1e2
Possible moves for piece: B:
 B: (5,3)->(4,2) / d3c4
 B: (5,3)->(3,1) / d3b5
 B: (5,3)->(2,0) / d3a6
 B: (5,3)->(6,4) / d3e2
 B: (5,3)->(7,5) / d3f1
Possible moves for piece: Q:
 Q: (7,3)->(6,4) / d1e2
 Q: (7,3)->(5,5) / d1f3
 Q: (7,3)->(4,6) / d1g4
 Q: (7,3)->(3,7) / d1h5
Possible moves for piece: K:
 K: (7,4)->(6,4) / e1e2
 K: (7,4)->(7,5) / e1f1

------------------------------Filtered Search Space--------------------------------------------
Possible moves for piece: P:
 P: (4,4)->(3,4) / e4e5
 P: (4,4)->(3,3) / e4d5
 P: (6,0)->(5,0) / a2a3
 P: (6,0)->(4,0) / a2a4
 P: (6,1)->(5,1) / b2b3
 P: (6,5)->(5,5) / f2f3
 P: (6,5)->(4,5) / f2f4
 P: (6,6)->(5,6) / g2g3
 P: (6,6)->(4,6) / g2g4
 P: (6,7)->(5,7) / h2h3
 P: (6,7)->(4,7) / h2h4
Possible moves for piece: R:
 R: (7,0)->(7,1) / a1b1
Possible moves for piece: N:
 N: (5,2)->(7,1) / c3b1
 N: (5,2)->(3,3) / c3d5
 N: (5,2)->(3,1) / c3b5
 N: (5,2)->(6,4) / c3e2
 N: (5,2)->(4,0) / c3a4
 N: (7,6)->(5,7) / g1h3
 N: (7,6)->(5,5) / g1f3
 N: (7,6)->(6,4) / g1e2
Possible moves for piece: B:
 B: (5,3)->(4,2) / d3c4
 B: (5,3)->(3,1) / d3b5
 B: (5,3)->(2,0) / d3a6
 B: (5,3)->(6,4) / d3e2
 B: (5,3)->(7,5) / d3f1
Possible moves for piece: Q:
 Q: (7,3)->(6,4) / d1e2
 Q: (7,3)->(5,5) / d1f3
 Q: (7,3)->(4,6) / d1g4
 Q: (7,3)->(3,7) / d1h5
Possible moves for piece: K:
 K: (7,4)->(6,4) / e1e2
 K: (7,4)->(7,5) / e1f1

--------------------------------Info on Attacks---------------------------------------------------
Squares attacked by Black pieces:
(0,4) (0,7) (1,3) (1,4) (2,0) (2,1) (2,2) (2,3) (2,6) (2,7) (3,0) (3,2) (3,5) (3,7) (4,2) (4,4) (4,6) (5,0) (5,2) 

-------------------------------Squares controlled by the enemy------------------------------------
* * * * X * * X 
* * * X X * * * 
X X X X * * X X 
X * X * * X * X 
* * X * X * X * 
X * X * * * * * 
* * * * * * * * 
* * * * * * * * 

------------------------------Check Information---------------------------------------------------
White King located at: (7,4)
White King is safe, no check at this position.

------------------------------Special Move Information-------------------------------------------
No en passant allowed right now
------------------------------Castling Rights Information-------------------------------------------
White Kingside Castle:  AVAILABLE
White Queenside Castle: AVAILABLE
Black Kingside Castle:  NOT AVAILABLE
Black Queenside Castle: NOT AVAILABLE
---------------------------------------------------------------------------------------------------

========== CAPTURE EXPLORATION ==========
[0] P x p | Potential loss: NO | Score: 100
[1] N x p | Potential loss: NO | Score: 100
========================================

========== CHECK EXPLORATION ==========
(no checks found)
======================================
--------------------------------------------------------------------------------------------------
Chosen Move: (7,6) --> (6,4)
 / g1e2

r n b q * r k * 
p p p * * p p p 
* * * * p n * * 
* * * p * * * * 
* b * * P * * * 
* * N B * * * * 
P P P P N P P P 
R * B Q K * * R 

[32;1m[Game] [0mPlayer's error code: 0
[32;1m[Game] [0mChecking move validity...
[32;1m[Board] [0mInitializing board (size: 8)...
[32;1m[Board] [0m32 piece(s) on board.
[32;1m[Board] [0mLoading history file `championship/chessgambit-chess_project_pelm/history.csv`...
[32;1m[Board] [0mLoaded 10 move(s).
[32;1m[Board] [0mHistory replayed, 32 piece(s) on board.
[32;1m[Board] [0mLoading move file `championship/chessgambit-chess_project_pelm/move.csv`...
[32;1m[Board] [0mWhite player is playing g1 to e2.
[32;1m[Board] [0m
[32;1m[Board] [0m     a b c d e f g h
[32;1m[Board] [0m   -------------------
[32;1m[Board] [0m 8 ||[30;1mr[0m|[30;1mk[0m|[30;1mb[0m|[30;1mQ[0m|[7;1m [0m|[30;1mr[0m|[30;1mK[0m| || 8
[32;1m[Board] [0m   -------------------
[32;1m[Board] [0m 7 ||[30;1mp[0m|[30;1mp[0m|[30;1mp[0m|[7;1m [0m| |[30;1mp[0m|[30;1mp[0m|[30;1mp[0m|| 7
[32;1m[Board] [0m   -------------------
[32;1m[Board] [0m 6 ||[7;1m [0m| |[7;1m [0m| |[30;1mp[0m|[30;1mk[0m|[7;1m [0m| || 6
[32;1m[Board] [0m   -------------------
[32;1m[Board] [0m 5 || |[7;1m [0m| |[30;1mp[0m| |[7;1m [0m| |[7;1m [0m|| 5
[32;1m[Board] [0m   -------------------
[32;1m[Board] [0m 4 ||[7;1m [0m|[30;1mb[0m|[7;1m [0m| |[0;1mp[0m| |[7;1m [0m| || 4
[32;1m[Board] [0m   -------------------
[32;1m[Board] [0m 3 || |[7;1m [0m|[0;1mk[0m|[0;1mb[0m| |[7;1m [0m| |[7;1m [0m|| 3
[32;1m[Board] [0m   -------------------
[32;1m[Board] [0m 2 ||[0;1mp[0m|[0;1mp[0m|[0;1mp[0m|[0;1mp[0m|[0;1mk[0m|[0;1mp[0m|[0;1mp[0m|[0;1mp[0m|| 2
[32;1m[Board] [0m   -------------------
[32;1m[Board] [0m 1 ||[0;1mr[0m|[7;1m [0m|[0;1mb[0m|[0;1mQ[0m|[0;1mK[0m|[7;1m [0m| |[0;1mr[0m|| 1
[32;1m[Board] [0m   -------------------
[32;1m[Board] [0m     a b c d e f g h
[32;1m[Board] [0m
[32;1m[Referee] [0mThis is the turn of the Black player...
new one at 2 number of nodes 96 no of distinct states visited 96 time left 9.95562
new one at 3 number of nodes 1383 no of distinct states visited 904 time left 9.7293
new one at 4 number of nodes 5488 no of distinct states visited 4552 time left 8.61822
new one at 5 number of nodes 51019 no of distinct states visited 28026 time left 0.99977
ok it did depth 4 and now we're doing move d5e4 with evaluation 90 number of nodes examined is 5488
[32;1m[Game] [0mPlayer's error code: 0
[32;1m[Game] [0mChecking move validity...
[32;1m[Board] [0mInitializing board (size: 8)...
[32;1m[Board] [0m32 piece(s) on board.
[32;1m[Board] [0mLoading history file `championship/chessgambit-chess_project_pelm/history.csv`...
[32;1m[Board] [0mLoaded 11 move(s).
[32;1m[Board] [0mHistory replayed, 32 piece(s) on board.
[32;1m[Board] [0mLoading move file `championship/chessgambit-chess_project_pelm/move.csv`...
[32;1m[Board] [0mBlack player is playing d5 to e4.
[32;1m[Board] [0m[5;1mBlack Pawn is taking White Pawn.[0m
[32;1m[Board] [0m
[32;1m[Board] [0m     a b c d e f g h
[32;1m[Board] [0m   -------------------
[32;1m[Board] [0m 8 ||[30;1mr[0m|[30;1mk[0m|[30;1mb[0m|[30;1mQ[0m|[7;1m [0m|[30;1mr[0m|[30;1mK[0m| || 8
[32;1m[Board] [0m   -------------------
[32;1m[Board] [0m 7 ||[30;1mp[0m|[30;1mp[0m|[30;1mp[0m|[7;1m [0m| |[30;1mp[0m|[30;1mp[0m|[30;1mp[0m|| 7
[32;1m[Board] [0m   -------------------
[32;1m[Board] [0m 6 ||[7;1m [0m| |[7;1m [0m| |[30;1mp[0m|[30;1mk[0m|[7;1m [0m| || 6
[32;1m[Board] [0m   -------------------
[32;1m[Board] [0m 5 || |[7;1m [0m| |[7;1m [0m| |[7;1m [0m| |[7;1m [0m|| 5
[32;1m[Board] [0m   -------------------
[32;1m[Board] [0m 4 ||[7;1m [0m|[30;1mb[0m|[7;1m [0m| |[30;1mp[0m| |[7;1m [0m| || 4
[32;1m[Board] [0m   -------------------
[32;1m[Board] [0m 3 || |[7;1m [0m|[0;1mk[0m|[0;1mb[0m| |[7;1m [0m| |[7;1m [0m|| 3
[32;1m[Board] [0m   -------------------
[32;1m[Board] [0m 2 ||[0;1mp[0m|[0;1mp[0m|[0;1mp[0m|[0;1mp[0m|[0;1mk[0m|[0;1mp[0m|[0;1mp[0m|[0;1mp[0m|| 2
[32;1m[Board] [0m   -------------------
[32;1m[Board] [0m 1 ||[0;1mr[0m|[7;1m [0m|[0;1mb[0m|[0;1mQ[0m|[0;1mK[0m|[7;1m [0m| |[0;1mr[0m|| 1
[32;1m[Board] [0m   -------------------
[32;1m[Board] [0m     a b c d e f g h
[32;1m[Board] [0m
[32;1m[Referee] [0mThis is the turn of the White player...
Inputed Board
Currently playing: White

------------------------------Current Search Space--------------------------------------------
Possible moves for piece: P:
 P: (6,0)->(5,0) / a2a3
 P: (6,0)->(4,0) / a2a4
 P: (6,1)->(5,1) / b2b3
 P: (6,5)->(5,5) / f2f3
 P: (6,5)->(4,5) / f2f4
 P: (6,6)->(5,6) / g2g3
 P: (6,6)->(4,6) / g2g4
 P: (6,7)->(5,7) / h2h3
 P: (6,7)->(4,7) / h2h4
Possible moves for piece: R:
 R: (7,0)->(7,1) / a1b1
 R: (7,7)->(7,6) / h1g1
 R: (7,7)->(7,5) / h1f1
Possible moves for piece: N:
 N: (5,2)->(7,1) / c3b1
 N: (5,2)->(3,3) / c3d5
 N: (5,2)->(3,1) / c3b5
 N: (5,2)->(4,4) / c3e4
 N: (5,2)->(4,0) / c3a4
 N: (6,4)->(4,5) / e2f4
 N: (6,4)->(4,3) / e2d4
 N: (6,4)->(7,6) / e2g1
 N: (6,4)->(5,6) / e2g3
Possible moves for piece: B:
 B: (5,3)->(4,2) / d3c4
 B: (5,3)->(3,1) / d3b5
 B: (5,3)->(2,0) / d3a6
 B: (5,3)->(4,4) / d3e4
Possible moves for piece: K:
 K: (7,4)->(7,5) / e1f1
 K: (7,4)->(7,6) / e1g1

------------------------------Filtered Search Space--------------------------------------------
Possible moves for piece: P:
 P: (6,0)->(5,0) / a2a3
 P: (6,0)->(4,0) / a2a4
 P: (6,1)->(5,1) / b2b3
 P: (6,5)->(5,5) / f2f3
 P: (6,5)->(4,5) / f2f4
 P: (6,6)->(5,6) / g2g3
 P: (6,6)->(4,6) / g2g4
 P: (6,7)->(5,7) / h2h3
 P: (6,7)->(4,7) / h2h4
Possible moves for piece: R:
 R: (7,0)->(7,1) / a1b1
 R: (7,7)->(7,6) / h1g1
 R: (7,7)->(7,5) / h1f1
Possible moves for piece: N:
 N: (5,2)->(7,1) / c3b1
 N: (5,2)->(3,3) / c3d5
 N: (5,2)->(3,1) / c3b5
 N: (5,2)->(4,4) / c3e4
 N: (5,2)->(4,0) / c3a4
 N: (6,4)->(4,5) / e2f4
 N: (6,4)->(4,3) / e2d4
 N: (6,4)->(7,6) / e2g1
 N: (6,4)->(5,6) / e2g3
Possible moves for piece: B:
 B: (5,3)->(4,2) / d3c4
 B: (5,3)->(3,1) / d3b5
 B: (5,3)->(2,0) / d3a6
 B: (5,3)->(4,4) / d3e4
Possible moves for piece: K:
 K: (7,4)->(7,5) / e1f1
 K: (7,4)->(7,6) / e1g1

--------------------------------Info on Attacks---------------------------------------------------
Squares attacked by Black pieces:
(0,4) (0,7) (1,3) (1,4) (2,0) (2,1) (2,2) (2,3) (2,6) (2,7) (3,0) (3,2) (3,3) (3,5) (3,7) (4,3) (4,6) (5,0) (5,2) (5,3) (5,5) 

-------------------------------Squares controlled by the enemy------------------------------------
* * * * X * * X 
* * * X X * * * 
X X X X * * X X 
X * X X * X * X 
* * * X * * X * 
X * X X * X * * 
* * * * * * * * 
* * * * * * * * 

------------------------------Check Information---------------------------------------------------
White King located at: (7,4)
White King is safe, no check at this position.

------------------------------Special Move Information-------------------------------------------
No en passant allowed right now
------------------------------Castling Rights Information-------------------------------------------
White Kingside Castle:  AVAILABLE
White Queenside Castle: AVAILABLE
Black Kingside Castle:  NOT AVAILABLE
Black Queenside Castle: NOT AVAILABLE
---------------------------------------------------------------------------------------------------

========== CAPTURE EXPLORATION ==========
[0] N x p | Potential loss: NO | Score: 100
[1] B x p | Potential loss: NO | Score: 100
========================================

========== CHECK EXPLORATION ==========
(no checks found)
======================================
--------------------------------------------------------------------------------------------------
Chosen Move: (5,2) --> (4,4)
 / c3e4

r n b q * r k * 
p p p * * p p p 
* * * * p n * * 
* * * * * * * * 
* b * * N * * * 
* * * B * * * * 
P P P P N P P P 
R * B Q K * * R 

[32;1m[Game] [0mPlayer's error code: 0
[32;1m[Game] [0mChecking move validity...
[32;1m[Board] [0mInitializing board (size: 8)...
[32;1m[Board] [0m32 piece(s) on board.
[32;1m[Board] [0mLoading history file `championship/chessgambit-chess_project_pelm/history.csv`...
[32;1m[Board] [0mLoaded 12 move(s).
[32;1m[Board] [0mHistory replayed, 31 piece(s) on board.
[32;1m[Board] [0mLoading move file `championship/chessgambit-chess_project_pelm/move.csv`...
[32;1m[Board] [0mWhite player is playing c3 to e4.
[32;1m[Board] [0m[5;1mWhite Knight is taking Black Pawn.[0m
[32;1m[Board] [0m
[32;1m[Board] [0m     a b c d e f g h
[32;1m[Board] [0m   -------------------
[32;1m[Board] [0m 8 ||[30;1mr[0m|[30;1mk[0m|[30;1mb[0m|[30;1mQ[0m|[7;1m [0m|[30;1mr[0m|[30;1mK[0m| || 8
[32;1m[Board] [0m   -------------------
[32;1m[Board] [0m 7 ||[30;1mp[0m|[30;1mp[0m|[30;1mp[0m|[7;1m [0m| |[30;1mp[0m|[30;1mp[0m|[30;1mp[0m|| 7
[32;1m[Board] [0m   -------------------
[32;1m[Board] [0m 6 ||[7;1m [0m| |[7;1m [0m| |[30;1mp[0m|[30;1mk[0m|[7;1m [0m| || 6
[32;1m[Board] [0m   -------------------
[32;1m[Board] [0m 5 || |[7;1m [0m| |[7;1m [0m| |[7;1m [0m| |[7;1m [0m|| 5
[32;1m[Board] [0m   -------------------
[32;1m[Board] [0m 4 ||[7;1m [0m|[30;1mb[0m|[7;1m [0m| |[0;1mk[0m| |[7;1m [0m| || 4
[32;1m[Board] [0m   -------------------
[32;1m[Board] [0m 3 || |[7;1m [0m| |[0;1mb[0m| |[7;1m [0m| |[7;1m [0m|| 3
[32;1m[Board] [0m   -------------------
[32;1m[Board] [0m 2 ||[0;1mp[0m|[0;1mp[0m|[0;1mp[0m|[0;1mp[0m|[0;1mk[0m|[0;1mp[0m|[0;1mp[0m|[0;1mp[0m|| 2
[32;1m[Board] [0m   -------------------
[32;1m[Board] [0m 1 ||[0;1mr[0m|[7;1m [0m|[0;1mb[0m|[0;1mQ[0m|[0;1mK[0m|[7;1m [0m| |[0;1mr[0m|| 1
[32;1m[Board] [0m   -------------------
[32;1m[Board] [0m     a b c d e f g h
[32;1m[Board] [0m
[32;1m[Referee] [0mThis is the turn of the Black player...
new one at 2 number of nodes 100 no of distinct states visited 100 time left 9.95361
new one at 3 number of nodes 874 no of distinct states visited 846 time left 9.70521
new one at 4 number of nodes 3761 no of distinct states visited 3130 time left 8.79203
new one at 5 number of nodes 42736 no of distinct states visited 29734 time left 2.06446
new one at 6 number of nodes 5226 no of distinct states visited 33261 time left 0.99978
ok it did depth 5 and now we're doing move d8d5 with evaluation 285 number of nodes examined is 42736
[32;1m[Game] [0mPlayer's error code: 0
[32;1m[Game] [0mChecking move validity...
[32;1m[Board] [0mInitializing board (size: 8)...
[32;1m[Board] [0m32 piece(s) on board.
[32;1m[Board] [0mLoading history file `championship/chessgambit-chess_project_pelm/history.csv`...
[32;1m[Board] [0mLoaded 13 move(s).
[32;1m[Board] [0mHistory replayed, 30 piece(s) on board.
[32;1m[Board] [0mLoading move file `championship/chessgambit-chess_project_pelm/move.csv`...
[32;1m[Board] [0mBlack player is playing d8 to d5.
[32;1m[Board] [0m
[32;1m[Board] [0m     a b c d e f g h
[32;1m[Board] [0m   -------------------
[32;1m[Board] [0m 8 ||[30;1mr[0m|[30;1mk[0m|[30;1mb[0m| |[7;1m [0m|[30;1mr[0m|[30;1mK[0m| || 8
[32;1m[Board] [0m   -------------------
[32;1m[Board] [0m 7 ||[30;1mp[0m|[30;1mp[0m|[30;1mp[0m|[7;1m [0m| |[30;1mp[0m|[30;1mp[0m|[30;1mp[0m|| 7
[32;1m[Board] [0m   -------------------
[32;1m[Board] [0m 6 ||[7;1m [0m| |[7;1m [0m| |[30;1mp[0m|[30;1mk[0m|[7;1m [0m| || 6
[32;1m[Board] [0m   -------------------
[32;1m[Board] [0m 5 || |[7;1m [0m| |[30;1mQ[0m| |[7;1m [0m| |[7;1m [0m|| 5
[32;1m[Board] [0m   -------------------
[32;1m[Board] [0m 4 ||[7;1m [0m|[30;1mb[0m|[7;1m [0m| |[0;1mk[0m| |[7;1m [0m| || 4
[32;1m[Board] [0m   -------------------
[32;1m[Board] [0m 3 || |[7;1m [0m| |[0;1mb[0m| |[7;1m [0m| |[7;1m [0m|| 3
[32;1m[Board] [0m   -------------------
[32;1m[Board] [0m 2 ||[0;1mp[0m|[0;1mp[0m|[0;1mp[0m|[0;1mp[0m|[0;1mk[0m|[0;1mp[0m|[0;1mp[0m|[0;1mp[0m|| 2
[32;1m[Board] [0m   -------------------
[32;1m[Board] [0m 1 ||[0;1mr[0m|[7;1m [0m|[0;1mb[0m|[0;1mQ[0m|[0;1mK[0m|[7;1m [0m| |[0;1mr[0m|| 1
[32;1m[Board] [0m   -------------------
[32;1m[Board] [0m     a b c d e f g h
[32;1m[Board] [0m
[32;1m[Referee] [0mThis is the turn of the White player...
Inputed Board
Currently playing: White

------------------------------Current Search Space--------------------------------------------
Possible moves for piece: P:
 P: (6,0)->(5,0) / a2a3
 P: (6,0)->(4,0) / a2a4
 P: (6,1)->(5,1) / b2b3
 P: (6,2)->(5,2) / c2c3
 P: (6,2)->(4,2) / c2c4
 P: (6,5)->(5,5) / f2f3
 P: (6,5)->(4,5) / f2f4
 P: (6,6)->(5,6) / g2g3
 P: (6,6)->(4,6) / g2g4
 P: (6,7)->(5,7) / h2h3
 P: (6,7)->(4,7) / h2h4
Possible moves for piece: R:
 R: (7,0)->(7,1) / a1b1
 R: (7,7)->(7,6) / h1g1
 R: (7,7)->(7,5) / h1f1
Possible moves for piece: N:
 N: (4,4)->(2,5) / e4f6
 N: (4,4)->(2,3) / e4d6
 N: (4,4)->(5,6) / e4g3
 N: (4,4)->(3,6) / e4g5
 N: (4,4)->(5,2) / e4c3
 N: (4,4)->(3,2) / e4c5
 N: (6,4)->(4,5) / e2f4
 N: (6,4)->(4,3) / e2d4
 N: (6,4)->(7,6) / e2g1
 N: (6,4)->(5,6) / e2g3
 N: (6,4)->(5,2) / e2c3
Possible moves for piece: B:
 B: (5,3)->(4,2) / d3c4
 B: (5,3)->(3,1) / d3b5
 B: (5,3)->(2,0) / d3a6
Possible moves for piece: K:
 K: (7,4)->(7,5) / e1f1
 K: (7,4)->(7,6) / e1g1

------------------------------Filtered Search Space--------------------------------------------
Possible moves for piece: P:
 P: (6,0)->(5,0) / a2a3
 P: (6,0)->(4,0) / a2a4
 P: (6,1)->(5,1) / b2b3
 P: (6,2)->(5,2) / c2c3
 P: (6,2)->(4,2) / c2c4
 P: (6,5)->(5,5) / f2f3
 P: (6,5)->(4,5) / f2f4
 P: (6,6)->(5,6) / g2g3
 P: (6,6)->(4,6) / g2g4
 P: (6,7)->(5,7) / h2h3
 P: (6,7)->(4,7) / h2h4
Possible moves for piece: R:
 R: (7,0)->(7,1) / a1b1
 R: (7,7)->(7,6) / h1g1
 R: (7,7)->(7,5) / h1f1
Possible moves for piece: N:
 N: (4,4)->(2,5) / e4f6
 N: (4,4)->(2,3) / e4d6
 N: (4,4)->(5,6) / e4g3
 N: (4,4)->(3,6) / e4g5
 N: (4,4)->(5,2) / e4c3
 N: (4,4)->(3,2) / e4c5
 N: (6,4)->(4,5) / e2f4
 N: (6,4)->(4,3) / e2d4
 N: (6,4)->(7,6) / e2g1
 N: (6,4)->(5,6) / e2g3
 N: (6,4)->(5,2) / e2c3
Possible moves for piece: B:
 B: (5,3)->(4,2) / d3c4
 B: (5,3)->(3,1) / d3b5
 B: (5,3)->(2,0) / d3a6
Possible moves for piece: K:
 K: (7,4)->(7,5) / e1f1
 K: (7,4)->(7,6) / e1g1

--------------------------------Info on Attacks---------------------------------------------------
Squares attacked by Black pieces:
(0,3) (0,4) (0,7) (1,3) (1,4) (2,0) (2,1) (2,2) (2,3) (2,6) (2,7) (3,0) (3,1) (3,2) (3,4) (3,5) (3,6) (3,7) (4,2) (4,3) (4,4) (4,6) (5,0) (5,1) (5,2) (5,3) (6,0) (6,3) 

-------------------------------Squares controlled by the enemy------------------------------------
* * * X X * * X 
* * * X X * * * 
X X X X * * X X 
X X X * X X X X 
* * X X X * X * 
X X X X * * * * 
X * * X * * * * 
* * * * * * * * 

------------------------------Check Information---------------------------------------------------
White King located at: (7,4)
White King is safe, no check at this position.

------------------------------Special Move Information-------------------------------------------
No en passant allowed right now
------------------------------Castling Rights Information-------------------------------------------
White Kingside Castle:  AVAILABLE
White Queenside Castle: AVAILABLE
Black Kingside Castle:  NOT AVAILABLE
Black Queenside Castle: NOT AVAILABLE
---------------------------------------------------------------------------------------------------

========== CAPTURE EXPLORATION ==========
[0] N x n | Potential loss: NO | Score: 320
========================================

========== CHECK EXPLORATION ==========
[0] Candidate: N -> (4,4) -> (2,5) x n | Checking move: N (4,4) -> (2,5)Checkmate: NO
======================================
--------------------------------------------------------------------------------------------------
Chosen Move: (4,4) --> (2,5)
 / e4f6

r n b * * r k * 
p p p * * p p p 
* * * * p N * * 
* * * q * * * * 
* b * * * * * * 
* * * B * * * * 
P P P P N P P P 
R * B Q K * * R 

[32;1m[Game] [0mPlayer's error code: 0
[32;1m[Game] [0mChecking move validity...
[32;1m[Board] [0mInitializing board (size: 8)...
[32;1m[Board] [0m32 piece(s) on board.
[32;1m[Board] [0mLoading history file `championship/chessgambit-chess_project_pelm/history.csv`...
[32;1m[Board] [0mLoaded 14 move(s).
[32;1m[Board] [0mHistory replayed, 30 piece(s) on board.
[32;1m[Board] [0mLoading move file `championship/chessgambit-chess_project_pelm/move.csv`...
[32;1m[Board] [0mWhite player is playing e4 to f6.
[32;1m[Board] [0m[5;1mWhite Knight is taking Black Knight.[0m
[32;1m[Board] [0m
[32;1m[Board] [0m     a b c d e f g h
[32;1m[Board] [0m   -------------------
[32;1m[Board] [0m 8 ||[30;1mr[0m|[30;1mk[0m|[30;1mb[0m| |[7;1m [0m|[30;1mr[0m|[30;1mK[0m| || 8
[32;1m[Board] [0m   -------------------
[32;1m[Board] [0m 7 ||[30;1mp[0m|[30;1mp[0m|[30;1mp[0m|[7;1m [0m| |[30;1mp[0m|[30;1mp[0m|[30;1mp[0m|| 7
[32;1m[Board] [0m   -------------------
[32;1m[Board] [0m 6 ||[7;1m [0m| |[7;1m [0m| |[30;1mp[0m|[0;1mk[0m|[7;1m [0m| || 6
[32;1m[Board] [0m   -------------------
[32;1m[Board] [0m 5 || |[7;1m [0m| |[30;1mQ[0m| |[7;1m [0m| |[7;1m [0m|| 5
[32;1m[Board] [0m   -------------------
[32;1m[Board] [0m 4 ||[7;1m [0m|[30;1mb[0m|[7;1m [0m| |[7;1m [0m| |[7;1m [0m| || 4
[32;1m[Board] [0m   -------------------
[32;1m[Board] [0m 3 || |[7;1m [0m| |[0;1mb[0m| |[7;1m [0m| |[7;1m [0m|| 3
[32;1m[Board] [0m   -------------------
[32;1m[Board] [0m 2 ||[0;1mp[0m|[0;1mp[0m|[0;1mp[0m|[0;1mp[0m|[0;1mk[0m|[0;1mp[0m|[0;1mp[0m|[0;1mp[0m|| 2
[32;1m[Board] [0m   -------------------
[32;1m[Board] [0m 1 ||[0;1mr[0m|[7;1m [0m|[0;1mb[0m|[0;1mQ[0m|[0;1mK[0m|[7;1m [0m| |[0;1mr[0m|| 1
[32;1m[Board] [0m   -------------------
[32;1m[Board] [0m     a b c d e f g h
[32;1m[Board] [0m
[32;1m[Referee] [0mThis is the turn of the Black player...
new one at 2 number of nodes 32 no of distinct states visited 32 time left 9.98811
new one at 3 number of nodes 159 no of distinct states visited 158 time left 9.93583
new one at 4 number of nodes 1324 no of distinct states visited 1231 time left 9.6673
new one at 5 number of nodes 5402 no of distinct states visited 4674 time left 8.54264
new one at 6 number of nodes 38689 no of distinct states visited 31809 time left 1.55744
new one at 7 number of nodes 3096 no of distinct states visited 33725 time left 0.999746
ok it did depth 6 and now we're doing move g7f6 with evaluation -95 number of nodes examined is 38689
[32;1m[Game] [0mPlayer's error code: 0
[32;1m[Game] [0mChecking move validity...
[32;1m[Board] [0mInitializing board (size: 8)...
[32;1m[Board] [0m32 piece(s) on board.
[32;1m[Board] [0mLoading history file `championship/chessgambit-chess_project_pelm/history.csv`...
[32;1m[Board] [0mLoaded 15 move(s).
[32;1m[Board] [0mHistory replayed, 29 piece(s) on board.
[32;1m[Board] [0mLoading move file `championship/chessgambit-chess_project_pelm/move.csv`...
[32;1m[Board] [0mBlack player is playing g7 to f6.
[32;1m[Board] [0m[5;1mBlack Pawn is taking White Knight.[0m
[32;1m[Board] [0m
[32;1m[Board] [0m     a b c d e f g h
[32;1m[Board] [0m   -------------------
[32;1m[Board] [0m 8 ||[30;1mr[0m|[30;1mk[0m|[30;1mb[0m| |[7;1m [0m|[30;1mr[0m|[30;1mK[0m| || 8
[32;1m[Board] [0m   -------------------
[32;1m[Board] [0m 7 ||[30;1mp[0m|[30;1mp[0m|[30;1mp[0m|[7;1m [0m| |[30;1mp[0m| |[30;1mp[0m|| 7
[32;1m[Board] [0m   -------------------
[32;1m[Board] [0m 6 ||[7;1m [0m| |[7;1m [0m| |[30;1mp[0m|[30;1mp[0m|[7;1m [0m| || 6
[32;1m[Board] [0m   -------------------
[32;1m[Board] [0m 5 || |[7;1m [0m| |[30;1mQ[0m| |[7;1m [0m| |[7;1m [0m|| 5
[32;1m[Board] [0m   -------------------
[32;1m[Board] [0m 4 ||[7;1m [0m|[30;1mb[0m|[7;1m [0m| |[7;1m [0m| |[7;1m [0m| || 4
[32;1m[Board] [0m   -------------------
[32;1m[Board] [0m 3 || |[7;1m [0m| |[0;1mb[0m| |[7;1m [0m| |[7;1m [0m|| 3
[32;1m[Board] [0m   -------------------
[32;1m[Board] [0m 2 ||[0;1mp[0m|[0;1mp[0m|[0;1mp[0m|[0;1mp[0m|[0;1mk[0m|[0;1mp[0m|[0;1mp[0m|[0;1mp[0m|| 2
[32;1m[Board] [0m   -------------------
[32;1m[Board] [0m 1 ||[0;1mr[0m|[7;1m [0m|[0;1mb[0m|[0;1mQ[0m|[0;1mK[0m|[7;1m [0m| |[0;1mr[0m|| 1
[32;1m[Board] [0m   -------------------
[32;1m[Board] [0m     a b c d e f g h
[32;1m[Board] [0m
[32;1m[Referee] [0mThis is the turn of the White player...
Inputed Board
Currently playing: White

------------------------------Current Search Space--------------------------------------------
Possible moves for piece: P:
 P: (6,0)->(5,0) / a2a3
 P: (6,0)->(4,0) / a2a4
 P: (6,1)->(5,1) / b2b3
 P: (6,2)->(5,2) / c2c3
 P: (6,2)->(4,2) / c2c4
 P: (6,5)->(5,5) / f2f3
 P: (6,5)->(4,5) / f2f4
 P: (6,6)->(5,6) / g2g3
 P: (6,6)->(4,6) / g2g4
 P: (6,7)->(5,7) / h2h3
 P: (6,7)->(4,7) / h2h4
Possible moves for piece: R:
 R: (7,0)->(7,1) / a1b1
 R: (7,7)->(7,6) / h1g1
 R: (7,7)->(7,5) / h1f1
Possible moves for piece: N:
 N: (6,4)->(4,5) / e2f4
 N: (6,4)->(4,3) / e2d4
 N: (6,4)->(7,6) / e2g1
 N: (6,4)->(5,6) / e2g3
 N: (6,4)->(5,2) / e2c3
Possible moves for piece: B:
 B: (5,3)->(4,2) / d3c4
 B: (5,3)->(3,1) / d3b5
 B: (5,3)->(2,0) / d3a6
 B: (5,3)->(4,4) / d3e4
 B: (5,3)->(3,5) / d3f5
 B: (5,3)->(2,6) / d3g6
 B: (5,3)->(1,7) / d3h7
Possible moves for piece: K:
 K: (7,4)->(7,5) / e1f1
 K: (7,4)->(7,6) / e1g1

------------------------------Filtered Search Space--------------------------------------------
Possible moves for piece: P:
 P: (6,0)->(5,0) / a2a3
 P: (6,0)->(4,0) / a2a4
 P: (6,1)->(5,1) / b2b3
 P: (6,2)->(5,2) / c2c3
 P: (6,2)->(4,2) / c2c4
 P: (6,5)->(5,5) / f2f3
 P: (6,5)->(4,5) / f2f4
 P: (6,6)->(5,6) / g2g3
 P: (6,6)->(4,6) / g2g4
 P: (6,7)->(5,7) / h2h3
 P: (6,7)->(4,7) / h2h4
Possible moves for piece: R:
 R: (7,0)->(7,1) / a1b1
 R: (7,7)->(7,6) / h1g1
 R: (7,7)->(7,5) / h1f1
Possible moves for piece: N:
 N: (6,4)->(4,5) / e2f4
 N: (6,4)->(4,3) / e2d4
 N: (6,4)->(7,6) / e2g1
 N: (6,4)->(5,6) / e2g3
 N: (6,4)->(5,2) / e2c3
Possible moves for piece: B:
 B: (5,3)->(4,2) / d3c4
 B: (5,3)->(3,1) / d3b5
 B: (5,3)->(2,0) / d3a6
 B: (5,3)->(4,4) / d3e4
 B: (5,3)->(3,5) / d3f5
 B: (5,3)->(2,6) / d3g6
 B: (5,3)->(1,7) / d3h7
Possible moves for piece: K:
 K: (7,4)->(7,5) / e1f1
 K: (7,4)->(7,6) / e1g1

--------------------------------Info on Attacks---------------------------------------------------
Squares attacked by Black pieces:
(0,3) (0,4) (0,7) (1,3) (1,4) (1,6) (2,0) (2,1) (2,2) (2,3) (2,6) (3,0) (3,1) (3,2) (3,4) (3,5) (3,6) (3,7) (4,2) (4,3) (4,4) (5,0) (5,1) (5,2) (5,3) (5,5) (6,0) (6,3) (6,6) 

-------------------------------Squares controlled by the enemy------------------------------------
* * * X X * * X 
* * * X X * X * 
X X X X * * X * 
X X X * X X X X 
* * X X X * * * 
X X X X * X * * 
X * * X * * X * 
* * * * * * * * 

------------------------------Check Information---------------------------------------------------
White King located at: (7,4)
White King is safe, no check at this position.

------------------------------Special Move Information-------------------------------------------
No en passant allowed right now
------------------------------Castling Rights Information-------------------------------------------
White Kingside Castle:  AVAILABLE
White Queenside Castle: AVAILABLE
Black Kingside Castle:  NOT AVAILABLE
Black Queenside Castle: NOT AVAILABLE
---------------------------------------------------------------------------------------------------

========== CAPTURE EXPLORATION ==========
[0] B x p | Potential loss: NO | Score: 100
========================================

========== CHECK EXPLORATION ==========
[0] Candidate: B -> (5,3) -> (1,7) x p | Checking move: B (5,3) -> (1,7)Checkmate: NO
======================================
--------------------------------------------------------------------------------------------------
Chosen Move: (5,3) --> (1,7)
 / d3h7

r n b * * r k * 
p p p * * p * B 
* * * * p p * * 
* * * q * * * * 
* b * * * * * * 
* * * * * * * * 
P P P P N P P P 
R * B Q K * * R 

Code timed out used determine move
[32;1m[Game] [0mPlayer's error code: 0
[32;1m[Game] [0mChecking move validity...
[32;1m[Board] [0mInitializing board (size: 8)...
[32;1m[Board] [0m32 piece(s) on board.
[32;1m[Board] [0mLoading history file `championship/chessgambit-chess_project_pelm/history.csv`...
[32;1m[Board] [0mLoaded 16 move(s).
[32;1m[Board] [0mHistory replayed, 28 piece(s) on board.
[32;1m[Board] [0mLoading move file `championship/chessgambit-chess_project_pelm/move.csv`...
[32;1m[Board] [0mWhite player is playing d3 to h7.
[32;1m[Board] [0m[5;1mWhite Bishop is taking Black Pawn.[0m
[32;1m[Board] [0m
[32;1m[Board] [0m     a b c d e f g h
[32;1m[Board] [0m   -------------------
[32;1m[Board] [0m 8 ||[30;1mr[0m|[30;1mk[0m|[30;1mb[0m| |[7;1m [0m|[30;1mr[0m|[30;1mK[0m| || 8
[32;1m[Board] [0m   -------------------
[32;1m[Board] [0m 7 ||[30;1mp[0m|[30;1mp[0m|[30;1mp[0m|[7;1m [0m| |[30;1mp[0m| |[0;1mb[0m|| 7
[32;1m[Board] [0m   -------------------
[32;1m[Board] [0m 6 ||[7;1m [0m| |[7;1m [0m| |[30;1mp[0m|[30;1mp[0m|[7;1m [0m| || 6
[32;1m[Board] [0m   -------------------
[32;1m[Board] [0m 5 || |[7;1m [0m| |[30;1mQ[0m| |[7;1m [0m| |[7;1m [0m|| 5
[32;1m[Board] [0m   -------------------
[32;1m[Board] [0m 4 ||[7;1m [0m|[30;1mb[0m|[7;1m [0m| |[7;1m [0m| |[7;1m [0m| || 4
[32;1m[Board] [0m   -------------------
[32;1m[Board] [0m 3 || |[7;1m [0m| |[7;1m [0m| |[7;1m [0m| |[7;1m [0m|| 3
[32;1m[Board] [0m   -------------------
[32;1m[Board] [0m 2 ||[0;1mp[0m|[0;1mp[0m|[0;1mp[0m|[0;1mp[0m|[0;1mk[0m|[0;1mp[0m|[0;1mp[0m|[0;1mp[0m|| 2
[32;1m[Board] [0m   -------------------
[32;1m[Board] [0m 1 ||[0;1mr[0m|[7;1m [0m|[0;1mb[0m|[0;1mQ[0m|[0;1mK[0m|[7;1m [0m| |[0;1mr[0m|| 1
[32;1m[Board] [0m   -------------------
[32;1m[Board] [0m     a b c d e f g h
[32;1m[Board] [0m
[32;1m[Referee] [0mThis is the turn of the Black player...
new one at 2 number of nodes 27 no of distinct states visited 27 time left 9.99535
new one at 3 number of nodes 185 no of distinct states visited 184 time left 9.96658
new one at 4 number of nodes 1149 no of distinct states visited 1167 time left 9.76062
new one at 5 number of nodes 9733 no of distinct states visited 8421 time left 8.48426
new one at 6 number of nodes 31695 no of distinct states visited 30938 time left 2.54182
new one at 7 number of nodes 8741 no of distinct states visited 37597 time left 0.999829
ok it did depth 6 and now we're doing move g8h7 with evaluation 100 number of nodes examined is 31695
[32;1m[Game] [0mPlayer's error code: 0
[32;1m[Game] [0mChecking move validity...
[32;1m[Board] [0mInitializing board (size: 8)...
[32;1m[Board] [0m32 piece(s) on board.
[32;1m[Board] [0mLoading history file `championship/chessgambit-chess_project_pelm/history.csv`...
[32;1m[Board] [0mLoaded 17 move(s).
[32;1m[Board] [0mHistory replayed, 27 piece(s) on board.
[32;1m[Board] [0mLoading move file `championship/chessgambit-chess_project_pelm/move.csv`...
[32;1m[Board] [0mBlack player is playing g8 to h7.
[32;1m[Board] [0m[5;1mBlack King is taking White Bishop.[0m
[32;1m[Board] [0m
[32;1m[Board] [0m     a b c d e f g h
[32;1m[Board] [0m   -------------------
[32;1m[Board] [0m 8 ||[30;1mr[0m|[30;1mk[0m|[30;1mb[0m| |[7;1m [0m|[30;1mr[0m|[7;1m [0m| || 8
[32;1m[Board] [0m   -------------------
[32;1m[Board] [0m 7 ||[30;1mp[0m|[30;1mp[0m|[30;1mp[0m|[7;1m [0m| |[30;1mp[0m| |[30;1mK[0m|| 7
[32;1m[Board] [0m   -------------------
[32;1m[Board] [0m 6 ||[7;1m [0m| |[7;1m [0m| |[30;1mp[0m|[30;1mp[0m|[7;1m [0m| || 6
[32;1m[Board] [0m   -------------------
[32;1m[Board] [0m 5 || |[7;1m [0m| |[30;1mQ[0m| |[7;1m [0m| |[7;1m [0m|| 5
[32;1m[Board] [0m   -------------------
[32;1m[Board] [0m 4 ||[7;1m [0m|[30;1mb[0m|[7;1m [0m| |[7;1m [0m| |[7;1m [0m| || 4
[32;1m[Board] [0m   -------------------
[32;1m[Board] [0m 3 || |[7;1m [0m| |[7;1m [0m| |[7;1m [0m| |[7;1m [0m|| 3
[32;1m[Board] [0m   -------------------
[32;1m[Board] [0m 2 ||[0;1mp[0m|[0;1mp[0m|[0;1mp[0m|[0;1mp[0m|[0;1mk[0m|[0;1mp[0m|[0;1mp[0m|[0;1mp[0m|| 2
[32;1m[Board] [0m   -------------------
[32;1m[Board] [0m 1 ||[0;1mr[0m|[7;1m [0m|[0;1mb[0m|[0;1mQ[0m|[0;1mK[0m|[7;1m [0m| |[0;1mr[0m|| 1
[32;1m[Board] [0m   -------------------
[32;1m[Board] [0m     a b c d e f g h
[32;1m[Board] [0m
[32;1m[Referee] [0mThis is the turn of the White player...
Inputed Board
Currently playing: White

------------------------------Current Search Space--------------------------------------------
Possible moves for piece: P:
 P: (6,0)->(5,0) / a2a3
 P: (6,0)->(4,0) / a2a4
 P: (6,1)->(5,1) / b2b3
 P: (6,2)->(5,2) / c2c3
 P: (6,2)->(4,2) / c2c4
 P: (6,3)->(5,3) / d2d3
 P: (6,3)->(4,3) / d2d4
 P: (6,5)->(5,5) / f2f3
 P: (6,5)->(4,5) / f2f4
 P: (6,6)->(5,6) / g2g3
 P: (6,6)->(4,6) / g2g4
 P: (6,7)->(5,7) / h2h3
 P: (6,7)->(4,7) / h2h4
Possible moves for piece: R:
 R: (7,0)->(7,1) / a1b1
 R: (7,7)->(7,6) / h1g1
 R: (7,7)->(7,5) / h1f1
Possible moves for piece: N:
 N: (6,4)->(4,5) / e2f4
 N: (6,4)->(4,3) / e2d4
 N: (6,4)->(7,6) / e2g1
 N: (6,4)->(5,6) / e2g3
 N: (6,4)->(5,2) / e2c3
Possible moves for piece: K:
 K: (7,4)->(7,5) / e1f1
 K: (7,4)->(7,6) / e1g1

------------------------------Filtered Search Space--------------------------------------------
Possible moves for piece: P:
 P: (6,0)->(5,0) / a2a3
 P: (6,0)->(4,0) / a2a4
 P: (6,1)->(5,1) / b2b3
 P: (6,2)->(5,2) / c2c3
 P: (6,2)->(4,2) / c2c4
 P: (6,5)->(5,5) / f2f3
 P: (6,5)->(4,5) / f2f4
 P: (6,6)->(5,6) / g2g3
 P: (6,6)->(4,6) / g2g4
 P: (6,7)->(5,7) / h2h3
 P: (6,7)->(4,7) / h2h4
Possible moves for piece: R:
 R: (7,0)->(7,1) / a1b1
 R: (7,7)->(7,6) / h1g1
 R: (7,7)->(7,5) / h1f1
Possible moves for piece: N:
 N: (6,4)->(4,5) / e2f4
 N: (6,4)->(4,3) / e2d4
 N: (6,4)->(7,6) / e2g1
 N: (6,4)->(5,6) / e2g3
 N: (6,4)->(5,2) / e2c3
Possible moves for piece: K:
 K: (7,4)->(7,5) / e1f1
 K: (7,4)->(7,6) / e1g1

--------------------------------Info on Attacks---------------------------------------------------
Squares attacked by Black pieces:
(0,3) (0,4) (0,6) (0,7) (1,3) (1,4) (1,6) (2,0) (2,1) (2,2) (2,3) (2,6) (2,7) (3,0) (3,1) (3,2) (3,4) (3,5) (3,6) (3,7) (4,2) (4,3) (4,4) (5,0) (5,1) (5,2) (5,3) (5,5) (6,0) (6,3) (6,6) 

-------------------------------Squares controlled by the enemy------------------------------------
* * * X X * X X 
* * * X X * X * 
X X X X * * X X 
X X X * X X X X 
* * X X X * * * 
X X X X * X * * 
X * * X * * X * 
* * * * * * * * 

------------------------------Check Information---------------------------------------------------
White King located at: (7,4)
White King is safe, no check at this position.

------------------------------Special Move Information-------------------------------------------
No en passant allowed right now
------------------------------Castling Rights Information-------------------------------------------
White Kingside Castle:  AVAILABLE
White Queenside Castle: AVAILABLE
Black Kingside Castle:  NOT AVAILABLE
Black Queenside Castle: NOT AVAILABLE
---------------------------------------------------------------------------------------------------

========== CAPTURE EXPLORATION ==========
========================================

========== CHECK EXPLORATION ==========
(no checks found)
======================================
--------------------------------------------------------------------------------------------------
Chosen Move: (6,6) --> (4,6)
 / g2g4

r n b * * r * * 
p p p * * p * k 
* * * * p p * * 
* * * q * * * * 
* b * * * * P * 
* * * * * * * * 
P P P P N P * P 
R * B Q K * * R 

Code timed out used determine move
[32;1m[Game] [0mPlayer's error code: 0
[32;1m[Game] [0mChecking move validity...
[32;1m[Board] [0mInitializing board (size: 8)...
[32;1m[Board] [0m32 piece(s) on board.
[32;1m[Board] [0mLoading history file `championship/chessgambit-chess_project_pelm/history.csv`...
[32;1m[Board] [0mLoaded 18 move(s).
[32;1m[Board] [0mHistory replayed, 26 piece(s) on board.
[32;1m[Board] [0mLoading move file `championship/chessgambit-chess_project_pelm/move.csv`...
[32;1m[Board] [0mWhite player is playing g2 to g4.
[32;1m[Board] [0m
[32;1m[Board] [0m     a b c d e f g h
[32;1m[Board] [0m   -------------------
[32;1m[Board] [0m 8 ||[30;1mr[0m|[30;1mk[0m|[30;1mb[0m| |[7;1m [0m|[30;1mr[0m|[7;1m [0m| || 8
[32;1m[Board] [0m   -------------------
[32;1m[Board] [0m 7 ||[30;1mp[0m|[30;1mp[0m|[30;1mp[0m|[7;1m [0m| |[30;1mp[0m| |[30;1mK[0m|| 7
[32;1m[Board] [0m   -------------------
[32;1m[Board] [0m 6 ||[7;1m [0m| |[7;1m [0m| |[30;1mp[0m|[30;1mp[0m|[7;1m [0m| || 6
[32;1m[Board] [0m   -------------------
[32;1m[Board] [0m 5 || |[7;1m [0m| |[30;1mQ[0m| |[7;1m [0m| |[7;1m [0m|| 5
[32;1m[Board] [0m   -------------------
[32;1m[Board] [0m 4 ||[7;1m [0m|[30;1mb[0m|[7;1m [0m| |[7;1m [0m| |[0;1mp[0m| || 4
[32;1m[Board] [0m   -------------------
[32;1m[Board] [0m 3 || |[7;1m [0m| |[7;1m [0m| |[7;1m [0m| |[7;1m [0m|| 3
[32;1m[Board] [0m   -------------------
[32;1m[Board] [0m 2 ||[0;1mp[0m|[0;1mp[0m|[0;1mp[0m|[0;1mp[0m|[0;1mk[0m|[0;1mp[0m|[7;1m [0m|[0;1mp[0m|| 2
[32;1m[Board] [0m   -------------------
[32;1m[Board] [0m 1 ||[0;1mr[0m|[7;1m [0m|[0;1mb[0m|[0;1mQ[0m|[0;1mK[0m|[7;1m [0m| |[0;1mr[0m|| 1
[32;1m[Board] [0m   -------------------
[32;1m[Board] [0m     a b c d e f g h
[32;1m[Board] [0m
[32;1m[Referee] [0mThis is the turn of the Black player...
new one at 2 number of nodes 99 no of distinct states visited 99 time left 9.97301
new one at 3 number of nodes 2283 no of distinct states visited 1435 time left 9.74263
new one at 4 number of nodes 4467 no of distinct states visited 3089 time left 8.85729
new one at 5 number of nodes 71725 no of distinct states visited 31445 time left 0.999798
ok it did depth 4 and now we're doing move d5h1 with evaluation 1065 number of nodes examined is 4467
[32;1m[Game] [0mPlayer's error code: 0
[32;1m[Game] [0mChecking move validity...
[32;1m[Board] [0mInitializing board (size: 8)...
[32;1m[Board] [0m32 piece(s) on board.
[32;1m[Board] [0mLoading history file `championship/chessgambit-chess_project_pelm/history.csv`...
[32;1m[Board] [0mLoaded 19 move(s).
[32;1m[Board] [0mHistory replayed, 26 piece(s) on board.
[32;1m[Board] [0mLoading move file `championship/chessgambit-chess_project_pelm/move.csv`...
[32;1m[Board] [0mBlack player is playing d5 to h1.
[32;1m[Board] [0m[5;1mBlack Queen is taking White Rook.[0m
[32;1m[Board] [0m
[32;1m[Board] [0m     a b c d e f g h
[32;1m[Board] [0m   -------------------
[32;1m[Board] [0m 8 ||[30;1mr[0m|[30;1mk[0m|[30;1mb[0m| |[7;1m [0m|[30;1mr[0m|[7;1m [0m| || 8
[32;1m[Board] [0m   -------------------
[32;1m[Board] [0m 7 ||[30;1mp[0m|[30;1mp[0m|[30;1mp[0m|[7;1m [0m| |[30;1mp[0m| |[30;1mK[0m|| 7
[32;1m[Board] [0m   -------------------
[32;1m[Board] [0m 6 ||[7;1m [0m| |[7;1m [0m| |[30;1mp[0m|[30;1mp[0m|[7;1m [0m| || 6
[32;1m[Board] [0m   -------------------
[32;1m[Board] [0m 5 || |[7;1m [0m| |[7;1m [0m| |[7;1m [0m| |[7;1m [0m|| 5
[32;1m[Board] [0m   -------------------
[32;1m[Board] [0m 4 ||[7;1m [0m|[30;1mb[0m|[7;1m [0m| |[7;1m [0m| |[0;1mp[0m| || 4
[32;1m[Board] [0m   -------------------
[32;1m[Board] [0m 3 || |[7;1m [0m| |[7;1m [0m| |[7;1m [0m| |[7;1m [0m|| 3
[32;1m[Board] [0m   -------------------
[32;1m[Board] [0m 2 ||[0;1mp[0m|[0;1mp[0m|[0;1mp[0m|[0;1mp[0m|[0;1mk[0m|[0;1mp[0m|[7;1m [0m|[0;1mp[0m|| 2
[32;1m[Board] [0m   -------------------
[32;1m[Board] [0m 1 ||[0;1mr[0m|[7;1m [0m|[0;1mb[0m|[0;1mQ[0m|[0;1mK[0m|[7;1m [0m| |[30;1mQ[0m|| 1
[32;1m[Board] [0m   -------------------
[32;1m[Board] [0m     a b c d e f g h
[32;1m[Board] [0m
[32;1m[Referee] [0mThis is the turn of the White player...
Inputed Board
Currently playing: White

------------------------------Current Search Space--------------------------------------------
Possible moves for piece: P:
 P: (4,6)->(3,6) / g4g5
 P: (6,0)->(5,0) / a2a3
 P: (6,0)->(4,0) / a2a4
 P: (6,1)->(5,1) / b2b3
 P: (6,2)->(5,2) / c2c3
 P: (6,2)->(4,2) / c2c4
 P: (6,3)->(5,3) / d2d3
 P: (6,3)->(4,3) / d2d4
 P: (6,5)->(5,5) / f2f3
 P: (6,5)->(4,5) / f2f4
 P: (6,7)->(5,7) / h2h3
 P: (6,7)->(4,7) / h2h4
Possible moves for piece: R:
 R: (7,0)->(7,1) / a1b1
Possible moves for piece: N:
 N: (6,4)->(4,5) / e2f4
 N: (6,4)->(4,3) / e2d4
 N: (6,4)->(7,6) / e2g1
 N: (6,4)->(5,6) / e2g3
 N: (6,4)->(5,2) / e2c3
Possible moves for piece: K:
 K: (7,4)->(7,5) / e1f1

------------------------------Filtered Search Space--------------------------------------------
Possible moves for piece: N:
 N: (6,4)->(7,6) / e2g1

--------------------------------Info on Attacks---------------------------------------------------
Squares attacked by Black pieces:
(0,3) (0,4) (0,6) (0,7) (1,3) (1,4) (1,6) (2,0) (2,1) (2,2) (2,3) (2,6) (2,7) (3,0) (3,2) (3,3) (3,4) (3,5) (3,6) (4,4) (5,0) (5,2) (5,5) (6,3) (6,6) (6,7) (7,4) (7,5) (7,6) 

-------------------------------Squares controlled by the enemy------------------------------------
* * * X X * X X 
* * * X X * X * 
X X X X * * X X 
X * X X X X X * 
* * * * X * * * 
X * X * * X * * 
* * * X * * X X 
* * * * X X X * 

------------------------------Check Information---------------------------------------------------
White King located at: (7,4)
White King is in check by q at (7,7)

------------------------------Special Move Information-------------------------------------------
No en passant allowed right now
------------------------------Castling Rights Information-------------------------------------------
White Kingside Castle:  NOT AVAILABLE
White Queenside Castle: AVAILABLE
Black Kingside Castle:  NOT AVAILABLE
Black Queenside Castle: NOT AVAILABLE
---------------------------------------------------------------------------------------------------

========== CAPTURE EXPLORATION ==========
========================================

========== CHECK EXPLORATION ==========
(no checks found)
======================================
--------------------------------------------------------------------------------------------------
Chosen Move: (6,4) --> (7,6)
 / e2g1

r n b * * r * * 
p p p * * p * k 
* * * * p p * * 
* * * * * * * * 
* b * * * * P * 
* * * * * * * * 
P P P P * P * P 
R * B Q K * N q 

[32;1m[Game] [0mPlayer's error code: 0
[32;1m[Game] [0mChecking move validity...
[32;1m[Board] [0mInitializing board (size: 8)...
[32;1m[Board] [0m32 piece(s) on board.
[32;1m[Board] [0mLoading history file `championship/chessgambit-chess_project_pelm/history.csv`...
[32;1m[Board] [0mLoaded 20 move(s).
[32;1m[Board] [0mHistory replayed, 25 piece(s) on board.
[32;1m[Board] [0mLoading move file `championship/chessgambit-chess_project_pelm/move.csv`...
[32;1m[Board] [0mWhite player is playing e2 to g1.
[32;1m[Board] [0m
[32;1m[Board] [0m     a b c d e f g h
[32;1m[Board] [0m   -------------------
[32;1m[Board] [0m 8 ||[30;1mr[0m|[30;1mk[0m|[30;1mb[0m| |[7;1m [0m|[30;1mr[0m|[7;1m [0m| || 8
[32;1m[Board] [0m   -------------------
[32;1m[Board] [0m 7 ||[30;1mp[0m|[30;1mp[0m|[30;1mp[0m|[7;1m [0m| |[30;1mp[0m| |[30;1mK[0m|| 7
[32;1m[Board] [0m   -------------------
[32;1m[Board] [0m 6 ||[7;1m [0m| |[7;1m [0m| |[30;1mp[0m|[30;1mp[0m|[7;1m [0m| || 6
[32;1m[Board] [0m   -------------------
[32;1m[Board] [0m 5 || |[7;1m [0m| |[7;1m [0m| |[7;1m [0m| |[7;1m [0m|| 5
[32;1m[Board] [0m   -------------------
[32;1m[Board] [0m 4 ||[7;1m [0m|[30;1mb[0m|[7;1m [0m| |[7;1m [0m| |[0;1mp[0m| || 4
[32;1m[Board] [0m   -------------------
[32;1m[Board] [0m 3 || |[7;1m [0m| |[7;1m [0m| |[7;1m [0m| |[7;1m [0m|| 3
[32;1m[Board] [0m   -------------------
[32;1m[Board] [0m 2 ||[0;1mp[0m|[0;1mp[0m|[0;1mp[0m|[0;1mp[0m|[7;1m [0m|[0;1mp[0m|[7;1m [0m|[0;1mp[0m|| 2
[32;1m[Board] [0m   -------------------
[32;1m[Board] [0m 1 ||[0;1mr[0m|[7;1m [0m|[0;1mb[0m|[0;1mQ[0m|[0;1mK[0m|[7;1m [0m|[0;1mk[0m|[30;1mQ[0m|| 1
[32;1m[Board] [0m   -------------------
[32;1m[Board] [0m     a b c d e f g h
[32;1m[Board] [0m
[32;1m[Referee] [0mThis is the turn of the Black player...
new one at 2 number of nodes 71 no of distinct states visited 71 time left 9.97059
new one at 3 number of nodes 1351 no of distinct states visited 819 time left 9.78487
new one at 4 number of nodes 2701 no of distinct states visited 2133 time left 9.26885
new one at 5 number of nodes 50594 no of distinct states visited 23396 time left 3.96846
new one at 6 number of nodes 14140 no of distinct states visited 30313 time left 0.99971
ok it did depth 5 and now we're doing move h1g1 with evaluation 1290 number of nodes examined is 50594
[32;1m[Game] [0mPlayer's error code: 0
[32;1m[Game] [0mChecking move validity...
[32;1m[Board] [0mInitializing board (size: 8)...
[32;1m[Board] [0m32 piece(s) on board.
[32;1m[Board] [0mLoading history file `championship/chessgambit-chess_project_pelm/history.csv`...
[32;1m[Board] [0mLoaded 21 move(s).
[32;1m[Board] [0mHistory replayed, 25 piece(s) on board.
[32;1m[Board] [0mLoading move file `championship/chessgambit-chess_project_pelm/move.csv`...
[32;1m[Board] [0mBlack player is playing h1 to g1.
[32;1m[Board] [0m[5;1mBlack Queen is taking White Knight.[0m
[32;1m[Board] [0m
[32;1m[Board] [0m     a b c d e f g h
[32;1m[Board] [0m   -------------------
[32;1m[Board] [0m 8 ||[30;1mr[0m|[30;1mk[0m|[30;1mb[0m| |[7;1m [0m|[30;1mr[0m|[7;1m [0m| || 8
[32;1m[Board] [0m   -------------------
[32;1m[Board] [0m 7 ||[30;1mp[0m|[30;1mp[0m|[30;1mp[0m|[7;1m [0m| |[30;1mp[0m| |[30;1mK[0m|| 7
[32;1m[Board] [0m   -------------------
[32;1m[Board] [0m 6 ||[7;1m [0m| |[7;1m [0m| |[30;1mp[0m|[30;1mp[0m|[7;1m [0m| || 6
[32;1m[Board] [0m   -------------------
[32;1m[Board] [0m 5 || |[7;1m [0m| |[7;1m [0m| |[7;1m [0m| |[7;1m [0m|| 5
[32;1m[Board] [0m   -------------------
[32;1m[Board] [0m 4 ||[7;1m [0m|[30;1mb[0m|[7;1m [0m| |[7;1m [0m| |[0;1mp[0m| || 4
[32;1m[Board] [0m   -------------------
[32;1m[Board] [0m 3 || |[7;1m [0m| |[7;1m [0m| |[7;1m [0m| |[7;1m [0m|| 3
[32;1m[Board] [0m   -------------------
[32;1m[Board] [0m 2 ||[0;1mp[0m|[0;1mp[0m|[0;1mp[0m|[0;1mp[0m|[7;1m [0m|[0;1mp[0m|[7;1m [0m|[0;1mp[0m|| 2
[32;1m[Board] [0m   -------------------
[32;1m[Board] [0m 1 ||[0;1mr[0m|[7;1m [0m|[0;1mb[0m|[0;1mQ[0m|[0;1mK[0m|[7;1m [0m|[30;1mQ[0m|[7;1m [0m|| 1
[32;1m[Board] [0m   -------------------
[32;1m[Board] [0m     a b c d e f g h
[32;1m[Board] [0m
[32;1m[Referee] [0mThis is the turn of the White player...
Inputed Board
Currently playing: White

------------------------------Current Search Space--------------------------------------------
Possible moves for piece: P:
 P: (4,6)->(3,6) / g4g5
 P: (6,0)->(5,0) / a2a3
 P: (6,0)->(4,0) / a2a4
 P: (6,1)->(5,1) / b2b3
 P: (6,2)->(5,2) / c2c3
 P: (6,2)->(4,2) / c2c4
 P: (6,3)->(5,3) / d2d3
 P: (6,3)->(4,3) / d2d4
 P: (6,5)->(5,5) / f2f3
 P: (6,5)->(4,5) / f2f4
 P: (6,7)->(5,7) / h2h3
 P: (6,7)->(4,7) / h2h4
Possible moves for piece: R:
 R: (7,0)->(7,1) / a1b1
Possible moves for piece: Q:
 Q: (7,3)->(6,4) / d1e2
 Q: (7,3)->(5,5) / d1f3
Possible moves for piece: K:
 K: (7,4)->(6,4) / e1e2
 K: (7,4)->(7,5) / e1f1

------------------------------Filtered Search Space--------------------------------------------
Possible moves for piece: K:
 K: (7,4)->(6,4) / e1e2

--------------------------------Info on Attacks---------------------------------------------------
Squares attacked by Black pieces:
(0,3) (0,4) (0,6) (0,7) (1,3) (1,4) (1,6) (2,0) (2,1) (2,2) (2,3) (2,6) (2,7) (3,0) (3,2) (3,3) (3,4) (3,5) (3,6) (4,6) (5,0) (5,2) (5,6) (6,3) (6,5) (6,6) (6,7) (7,4) (7,5) (7,7) 

-------------------------------Squares controlled by the enemy------------------------------------
* * * X X * X X 
* * * X X * X * 
X X X X * * X X 
X * X X X X X * 
* * * * * * X * 
X * X * * * X * 
* * * X * X X X 
* * * * X X * X 

------------------------------Check Information---------------------------------------------------
White King located at: (7,4)
White King is in check by q at (7,6)

------------------------------Special Move Information-------------------------------------------
No en passant allowed right now
------------------------------Castling Rights Information-------------------------------------------
White Kingside Castle:  NOT AVAILABLE
White Queenside Castle: AVAILABLE
Black Kingside Castle:  NOT AVAILABLE
Black Queenside Castle: NOT AVAILABLE
---------------------------------------------------------------------------------------------------

========== CAPTURE EXPLORATION ==========
========================================

========== CHECK EXPLORATION ==========
(no checks found)
======================================
--------------------------------------------------------------------------------------------------
Chosen Move: (7,4) --> (6,4)
 / e1e2

r n b * * r * * 
p p p * * p * k 
* * * * p p * * 
* * * * * * * * 
* b * * * * P * 
* * * * * * * * 
P P P P K P * P 
R * B Q * * q * 

[32;1m[Game] [0mPlayer's error code: 0
[32;1m[Game] [0mChecking move validity...
[32;1m[Board] [0mInitializing board (size: 8)...
[32;1m[Board] [0m32 piece(s) on board.
[32;1m[Board] [0mLoading history file `championship/chessgambit-chess_project_pelm/history.csv`...
[32;1m[Board] [0mLoaded 22 move(s).
[32;1m[Board] [0mHistory replayed, 24 piece(s) on board.
[32;1m[Board] [0mLoading move file `championship/chessgambit-chess_project_pelm/move.csv`...
[32;1m[Board] [0mWhite player is playing e1 to e2.
[32;1m[Board] [0m
[32;1m[Board] [0m     a b c d e f g h
[32;1m[Board] [0m   -------------------
[32;1m[Board] [0m 8 ||[30;1mr[0m|[30;1mk[0m|[30;1mb[0m| |[7;1m [0m|[30;1mr[0m|[7;1m [0m| || 8
[32;1m[Board] [0m   -------------------
[32;1m[Board] [0m 7 ||[30;1mp[0m|[30;1mp[0m|[30;1mp[0m|[7;1m [0m| |[30;1mp[0m| |[30;1mK[0m|| 7
[32;1m[Board] [0m   -------------------
[32;1m[Board] [0m 6 ||[7;1m [0m| |[7;1m [0m| |[30;1mp[0m|[30;1mp[0m|[7;1m [0m| || 6
[32;1m[Board] [0m   -------------------
[32;1m[Board] [0m 5 || |[7;1m [0m| |[7;1m [0m| |[7;1m [0m| |[7;1m [0m|| 5
[32;1m[Board] [0m   -------------------
[32;1m[Board] [0m 4 ||[7;1m [0m|[30;1mb[0m|[7;1m [0m| |[7;1m [0m| |[0;1mp[0m| || 4
[32;1m[Board] [0m   -------------------
[32;1m[Board] [0m 3 || |[7;1m [0m| |[7;1m [0m| |[7;1m [0m| |[7;1m [0m|| 3
[32;1m[Board] [0m   -------------------
[32;1m[Board] [0m 2 ||[0;1mp[0m|[0;1mp[0m|[0;1mp[0m|[0;1mp[0m|[0;1mK[0m|[0;1mp[0m|[7;1m [0m|[0;1mp[0m|| 2
[32;1m[Board] [0m   -------------------
[32;1m[Board] [0m 1 ||[0;1mr[0m|[7;1m [0m|[0;1mb[0m|[0;1mQ[0m| |[7;1m [0m|[30;1mQ[0m|[7;1m [0m|| 1
[32;1m[Board] [0m   -------------------
[32;1m[Board] [0m     a b c d e f g h
[32;1m[Board] [0m
[32;1m[Referee] [0mThis is the turn of the Black player...
new one at 2 number of nodes 94 no of distinct states visited 94 time left 9.98365
new one at 3 number of nodes 1344 no of distinct states visited 967 time left 9.83594
new one at 4 number of nodes 3375 no of distinct states visited 2909 time left 9.19673
new one at 5 number of nodes 48036 no of distinct states visited 26930 time left 3.86043
new one at 6 number of nodes 15316 no of distinct states visited 37296 time left 0.999726
ok it did depth 5 and now we're doing move g1g4 with evaluation 1290 number of nodes examined is 48036
[32;1m[Game] [0mPlayer's error code: 0
[32;1m[Game] [0mChecking move validity...
[32;1m[Board] [0mInitializing board (size: 8)...
[32;1m[Board] [0m32 piece(s) on board.
[32;1m[Board] [0mLoading history file `championship/chessgambit-chess_project_pelm/history.csv`...
[32;1m[Board] [0mLoaded 23 move(s).
[32;1m[Board] [0mHistory replayed, 24 piece(s) on board.
[32;1m[Board] [0mLoading move file `championship/chessgambit-chess_project_pelm/move.csv`...
[32;1m[Board] [0mBlack player is playing g1 to g4.
[32;1m[Board] [0m[5;1mBlack Queen is taking White Pawn.[0m
[32;1m[Board] [0m
[32;1m[Board] [0m     a b c d e f g h
[32;1m[Board] [0m   -------------------
[32;1m[Board] [0m 8 ||[30;1mr[0m|[30;1mk[0m|[30;1mb[0m| |[7;1m [0m|[30;1mr[0m|[7;1m [0m| || 8
[32;1m[Board] [0m   -------------------
[32;1m[Board] [0m 7 ||[30;1mp[0m|[30;1mp[0m|[30;1mp[0m|[7;1m [0m| |[30;1mp[0m| |[30;1mK[0m|| 7
[32;1m[Board] [0m   -------------------
[32;1m[Board] [0m 6 ||[7;1m [0m| |[7;1m [0m| |[30;1mp[0m|[30;1mp[0m|[7;1m [0m| || 6
[32;1m[Board] [0m   -------------------
[32;1m[Board] [0m 5 || |[7;1m [0m| |[7;1m [0m| |[7;1m [0m| |[7;1m [0m|| 5
[32;1m[Board] [0m   -------------------
[32;1m[Board] [0m 4 ||[7;1m [0m|[30;1mb[0m|[7;1m [0m| |[7;1m [0m| |[30;1mQ[0m| || 4
[32;1m[Board] [0m   -------------------
[32;1m[Board] [0m 3 || |[7;1m [0m| |[7;1m [0m| |[7;1m [0m| |[7;1m [0m|| 3
[32;1m[Board] [0m   -------------------
[32;1m[Board] [0m 2 ||[0;1mp[0m|[0;1mp[0m|[0;1mp[0m|[0;1mp[0m|[0;1mK[0m|[0;1mp[0m|[7;1m [0m|[0;1mp[0m|| 2
[32;1m[Board] [0m   -------------------
[32;1m[Board] [0m 1 ||[0;1mr[0m|[7;1m [0m|[0;1mb[0m|[0;1mQ[0m| |[7;1m [0m| |[7;1m [0m|| 1
[32;1m[Board] [0m   -------------------
[32;1m[Board] [0m     a b c d e f g h
[32;1m[Board] [0m
[32;1m[Referee] [0mThis is the turn of the White player...
Inputed Board
Currently playing: White

------------------------------Current Search Space--------------------------------------------
Possible moves for piece: P:
 P: (6,0)->(5,0) / a2a3
 P: (6,0)->(4,0) / a2a4
 P: (6,1)->(5,1) / b2b3
 P: (6,2)->(5,2) / c2c3
 P: (6,2)->(4,2) / c2c4
 P: (6,3)->(5,3) / d2d3
 P: (6,3)->(4,3) / d2d4
 P: (6,5)->(5,5) / f2f3
 P: (6,5)->(4,5) / f2f4
 P: (6,7)->(5,7) / h2h3
 P: (6,7)->(4,7) / h2h4
Possible moves for piece: R:
 R: (7,0)->(7,1) / a1b1
Possible moves for piece: Q:
 Q: (7,3)->(7,4) / d1e1
 Q: (7,3)->(7,5) / d1f1
 Q: (7,3)->(7,6) / d1g1
 Q: (7,3)->(7,7) / d1h1
Possible moves for piece: K:
 K: (6,4)->(7,4) / e2e1
 K: (6,4)->(5,4) / e2e3
 K: (6,4)->(7,5) / e2f1
 K: (6,4)->(5,5) / e2f3
 K: (6,4)->(5,3) / e2d3

------------------------------Filtered Search Space--------------------------------------------
Possible moves for piece: P:
 P: (6,5)->(5,5) / f2f3
Possible moves for piece: K:
 K: (6,4)->(7,4) / e2e1
 K: (6,4)->(5,4) / e2e3
 K: (6,4)->(7,5) / e2f1
 K: (6,4)->(5,3) / e2d3

--------------------------------Info on Attacks---------------------------------------------------
Squares attacked by Black pieces:
(0,3) (0,4) (0,6) (0,7) (1,3) (1,4) (1,6) (2,0) (2,1) (2,2) (2,3) (2,6) (2,7) (3,0) (3,2) (3,3) (3,4) (3,5) (3,6) (3,7) (4,2) (4,3) (4,4) (4,5) (4,7) (5,0) (5,2) (5,5) (5,6) (5,7) (6,3) (6,4) (6,6) (7,6) 

-------------------------------Squares controlled by the enemy------------------------------------
* * * X X * X X 
* * * X X * X * 
X X X X * * X X 
X * X X X X X X 
* * X X X X * X 
X * X * * X X X 
* * * X X * X * 
* * * * * * X * 

------------------------------Check Information---------------------------------------------------
White King located at: (6,4)
White King is in check by q at (4,6)

------------------------------Special Move Information-------------------------------------------
No en passant allowed right now
------------------------------Castling Rights Information-------------------------------------------
White Kingside Castle:  NOT AVAILABLE
White Queenside Castle: NOT AVAILABLE
Black Kingside Castle:  NOT AVAILABLE
Black Queenside Castle: NOT AVAILABLE
---------------------------------------------------------------------------------------------------

========== CAPTURE EXPLORATION ==========
========================================

========== CHECK EXPLORATION ==========
(no checks found)
======================================
--------------------------------------------------------------------------------------------------
Chosen Move: (6,4) --> (7,4)
 / e2e1

r n b * * r * * 
p p p * * p * k 
* * * * p p * * 
* * * * * * * * 
* b * * * * q * 
* * * * * * * * 
P P P P * P * P 
R * B Q K * * * 

[32;1m[Game] [0mPlayer's error code: 0
[32;1m[Game] [0mChecking move validity...
[32;1m[Board] [0mInitializing board (size: 8)...
[32;1m[Board] [0m32 piece(s) on board.
[32;1m[Board] [0mLoading history file `championship/chessgambit-chess_project_pelm/history.csv`...
[32;1m[Board] [0mLoaded 24 move(s).
[32;1m[Board] [0mHistory replayed, 23 piece(s) on board.
[32;1m[Board] [0mLoading move file `championship/chessgambit-chess_project_pelm/move.csv`...
[32;1m[Board] [0mWhite player is playing e2 to e1.
[32;1m[Board] [0m
[32;1m[Board] [0m     a b c d e f g h
[32;1m[Board] [0m   -------------------
[32;1m[Board] [0m 8 ||[30;1mr[0m|[30;1mk[0m|[30;1mb[0m| |[7;1m [0m|[30;1mr[0m|[7;1m [0m| || 8
[32;1m[Board] [0m   -------------------
[32;1m[Board] [0m 7 ||[30;1mp[0m|[30;1mp[0m|[30;1mp[0m|[7;1m [0m| |[30;1mp[0m| |[30;1mK[0m|| 7
[32;1m[Board] [0m   -------------------
[32;1m[Board] [0m 6 ||[7;1m [0m| |[7;1m [0m| |[30;1mp[0m|[30;1mp[0m|[7;1m [0m| || 6
[32;1m[Board] [0m   -------------------
[32;1m[Board] [0m 5 || |[7;1m [0m| |[7;1m [0m| |[7;1m [0m| |[7;1m [0m|| 5
[32;1m[Board] [0m   -------------------
[32;1m[Board] [0m 4 ||[7;1m [0m|[30;1mb[0m|[7;1m [0m| |[7;1m [0m| |[30;1mQ[0m| || 4
[32;1m[Board] [0m   -------------------
[32;1m[Board] [0m 3 || |[7;1m [0m| |[7;1m [0m| |[7;1m [0m| |[7;1m [0m|| 3
[32;1m[Board] [0m   -------------------
[32;1m[Board] [0m 2 ||[0;1mp[0m|[0;1mp[0m|[0;1mp[0m|[0;1mp[0m|[7;1m [0m|[0;1mp[0m|[7;1m [0m|[0;1mp[0m|| 2
[32;1m[Board] [0m   -------------------
[32;1m[Board] [0m 1 ||[0;1mr[0m|[7;1m [0m|[0;1mb[0m|[0;1mQ[0m|[0;1mK[0m|[7;1m [0m| |[7;1m [0m|| 1
[32;1m[Board] [0m   -------------------
[32;1m[Board] [0m     a b c d e f g h
[32;1m[Board] [0m
[32;1m[Referee] [0mThis is the turn of the Black player...
new one at 2 number of nodes 93 no of distinct states visited 93 time left 9.98196
new one at 3 number of nodes 1703 no of distinct states visited 1291 time left 9.77208
new one at 4 number of nodes 3099 no of distinct states visited 2694 time left 9.07159
new one at 5 number of nodes 54438 no of distinct states visited 33359 time left 2.91628
new one at 6 number of nodes 8935 no of distinct states visited 37585 time left 0.999599
ok it did depth 5 and now we're doing move g4e4 with evaluation 2050 number of nodes examined is 54438
[32;1m[Game] [0mPlayer's error code: 0
[32;1m[Game] [0mChecking move validity...
[32;1m[Board] [0mInitializing board (size: 8)...
[32;1m[Board] [0m32 piece(s) on board.
[32;1m[Board] [0mLoading history file `championship/chessgambit-chess_project_pelm/history.csv`...
[32;1m[Board] [0mLoaded 25 move(s).
[32;1m[Board] [0mHistory replayed, 23 piece(s) on board.
[32;1m[Board] [0mLoading move file `championship/chessgambit-chess_project_pelm/move.csv`...
[32;1m[Board] [0mBlack player is playing g4 to e4.
[32;1m[Board] [0m
[32;1m[Board] [0m     a b c d e f g h
[32;1m[Board] [0m   -------------------
[32;1m[Board] [0m 8 ||[30;1mr[0m|[30;1mk[0m|[30;1mb[0m| |[7;1m [0m|[30;1mr[0m|[7;1m [0m| || 8
[32;1m[Board] [0m   -------------------
[32;1m[Board] [0m 7 ||[30;1mp[0m|[30;1mp[0m|[30;1mp[0m|[7;1m [0m| |[30;1mp[0m| |[30;1mK[0m|| 7
[32;1m[Board] [0m   -------------------
[32;1m[Board] [0m 6 ||[7;1m [0m| |[7;1m [0m| |[30;1mp[0m|[30;1mp[0m|[7;1m [0m| || 6
[32;1m[Board] [0m   -------------------
[32;1m[Board] [0m 5 || |[7;1m [0m| |[7;1m [0m| |[7;1m [0m| |[7;1m [0m|| 5
[32;1m[Board] [0m   -------------------
[32;1m[Board] [0m 4 ||[7;1m [0m|[30;1mb[0m|[7;1m [0m| |[30;1mQ[0m| |[7;1m [0m| || 4
[32;1m[Board] [0m   -------------------
[32;1m[Board] [0m 3 || |[7;1m [0m| |[7;1m [0m| |[7;1m [0m| |[7;1m [0m|| 3
[32;1m[Board] [0m   -------------------
[32;1m[Board] [0m 2 ||[0;1mp[0m|[0;1mp[0m|[0;1mp[0m|[0;1mp[0m|[7;1m [0m|[0;1mp[0m|[7;1m [0m|[0;1mp[0m|| 2
[32;1m[Board] [0m   -------------------
[32;1m[Board] [0m 1 ||[0;1mr[0m|[7;1m [0m|[0;1mb[0m|[0;1mQ[0m|[0;1mK[0m|[7;1m [0m| |[7;1m [0m|| 1
[32;1m[Board] [0m   -------------------
[32;1m[Board] [0m     a b c d e f g h
[32;1m[Board] [0m
[32;1m[Referee] [0mThis is the turn of the White player...
Inputed Board
Currently playing: White

------------------------------Current Search Space--------------------------------------------
Possible moves for piece: P:
 P: (6,0)->(5,0) / a2a3
 P: (6,0)->(4,0) / a2a4
 P: (6,1)->(5,1) / b2b3
 P: (6,2)->(5,2) / c2c3
 P: (6,2)->(4,2) / c2c4
 P: (6,3)->(5,3) / d2d3
 P: (6,3)->(4,3) / d2d4
 P: (6,5)->(5,5) / f2f3
 P: (6,5)->(4,5) / f2f4
 P: (6,7)->(5,7) / h2h3
 P: (6,7)->(4,7) / h2h4
Possible moves for piece: R:
 R: (7,0)->(7,1) / a1b1
Possible moves for piece: Q:
 Q: (7,3)->(6,4) / d1e2
 Q: (7,3)->(5,5) / d1f3
 Q: (7,3)->(4,6) / d1g4
 Q: (7,3)->(3,7) / d1h5
Possible moves for piece: K:
 K: (7,4)->(6,4) / e1e2
 K: (7,4)->(7,5) / e1f1

------------------------------Filtered Search Space--------------------------------------------
Possible moves for piece: Q:
 Q: (7,3)->(6,4) / d1e2
Possible moves for piece: K:
 K: (7,4)->(7,5) / e1f1

--------------------------------Info on Attacks---------------------------------------------------
Squares attacked by Black pieces:
(0,3) (0,4) (0,6) (0,7) (1,3) (1,4) (1,6) (2,0) (2,1) (2,2) (2,3) (2,6) (2,7) (3,0) (3,2) (3,3) (3,4) (3,5) (3,6) (4,2) (4,3) (4,5) (4,6) (4,7) (5,0) (5,2) (5,3) (5,4) (5,5) (6,2) (6,3) (6,4) (6,6) (7,4) (7,7) 

-------------------------------Squares controlled by the enemy------------------------------------
* * * X X * X X 
* * * X X * X * 
X X X X * * X X 
X * X X X X X * 
* * X X * X X X 
X * X X X X * * 
* * X X X * X * 
* * * * X * * X 

------------------------------Check Information---------------------------------------------------
White King located at: (7,4)
White King is in check by q at (4,4)

------------------------------Special Move Information-------------------------------------------
No en passant allowed right now
------------------------------Castling Rights Information-------------------------------------------
White Kingside Castle:  NOT AVAILABLE
White Queenside Castle: NOT AVAILABLE
Black Kingside Castle:  NOT AVAILABLE
Black Queenside Castle: NOT AVAILABLE
---------------------------------------------------------------------------------------------------

========== CAPTURE EXPLORATION ==========
========================================

========== CHECK EXPLORATION ==========
(no checks found)
======================================
--------------------------------------------------------------------------------------------------
Chosen Move: (7,4) --> (7,5)
 / e1f1

r n b * * r * * 
p p p * * p * k 
* * * * p p * * 
* * * * * * * * 
* b * * q * * * 
* * * * * * * * 
P P P P * P * P 
R * B Q * K * * 

[32;1m[Game] [0mPlayer's error code: 0
[32;1m[Game] [0mChecking move validity...
[32;1m[Board] [0mInitializing board (size: 8)...
[32;1m[Board] [0m32 piece(s) on board.
[32;1m[Board] [0mLoading history file `championship/chessgambit-chess_project_pelm/history.csv`...
[32;1m[Board] [0mLoaded 26 move(s).
[32;1m[Board] [0mHistory replayed, 23 piece(s) on board.
[32;1m[Board] [0mLoading move file `championship/chessgambit-chess_project_pelm/move.csv`...
[32;1m[Board] [0mWhite player is playing e1 to f1.
[32;1m[Board] [0m
[32;1m[Board] [0m     a b c d e f g h
[32;1m[Board] [0m   -------------------
[32;1m[Board] [0m 8 ||[30;1mr[0m|[30;1mk[0m|[30;1mb[0m| |[7;1m [0m|[30;1mr[0m|[7;1m [0m| || 8
[32;1m[Board] [0m   -------------------
[32;1m[Board] [0m 7 ||[30;1mp[0m|[30;1mp[0m|[30;1mp[0m|[7;1m [0m| |[30;1mp[0m| |[30;1mK[0m|| 7
[32;1m[Board] [0m   -------------------
[32;1m[Board] [0m 6 ||[7;1m [0m| |[7;1m [0m| |[30;1mp[0m|[30;1mp[0m|[7;1m [0m| || 6
[32;1m[Board] [0m   -------------------
[32;1m[Board] [0m 5 || |[7;1m [0m| |[7;1m [0m| |[7;1m [0m| |[7;1m [0m|| 5
[32;1m[Board] [0m   -------------------
[32;1m[Board] [0m 4 ||[7;1m [0m|[30;1mb[0m|[7;1m [0m| |[30;1mQ[0m| |[7;1m [0m| || 4
[32;1m[Board] [0m   -------------------
[32;1m[Board] [0m 3 || |[7;1m [0m| |[7;1m [0m| |[7;1m [0m| |[7;1m [0m|| 3
[32;1m[Board] [0m   -------------------
[32;1m[Board] [0m 2 ||[0;1mp[0m|[0;1mp[0m|[0;1mp[0m|[0;1mp[0m|[7;1m [0m|[0;1mp[0m|[7;1m [0m|[0;1mp[0m|| 2
[32;1m[Board] [0m   -------------------
[32;1m[Board] [0m 1 ||[0;1mr[0m|[7;1m [0m|[0;1mb[0m|[0;1mQ[0m| |[0;1mK[0m| |[7;1m [0m|| 1
[32;1m[Board] [0m   -------------------
[32;1m[Board] [0m     a b c d e f g h
[32;1m[Board] [0m
[32;1m[Referee] [0mThis is the turn of the Black player...
new one at 2 number of nodes 147 no of distinct states visited 147 time left 9.9736
new one at 3 number of nodes 2342 no of distinct states visited 1923 time left 9.70225
new one at 4 number of nodes 6144 no of distinct states visited 5679 time left 8.52634
new one at 5 number of nodes 64046 no of distinct states visited 44758 time left 0.999788
ok it did depth 4 and now we're doing move e4h1 with evaluation 1240 number of nodes examined is 6144
[32;1m[Game] [0mPlayer's error code: 0
[32;1m[Game] [0mChecking move validity...
[32;1m[Board] [0mInitializing board (size: 8)...
[32;1m[Board] [0m32 piece(s) on board.
[32;1m[Board] [0mLoading history file `championship/chessgambit-chess_project_pelm/history.csv`...
[32;1m[Board] [0mLoaded 27 move(s).
[32;1m[Board] [0mHistory replayed, 23 piece(s) on board.
[32;1m[Board] [0mLoading move file `championship/chessgambit-chess_project_pelm/move.csv`...
[32;1m[Board] [0mBlack player is playing e4 to h1.
[32;1m[Board] [0m
[32;1m[Board] [0m     a b c d e f g h
[32;1m[Board] [0m   -------------------
[32;1m[Board] [0m 8 ||[30;1mr[0m|[30;1mk[0m|[30;1mb[0m| |[7;1m [0m|[30;1mr[0m|[7;1m [0m| || 8
[32;1m[Board] [0m   -------------------
[32;1m[Board] [0m 7 ||[30;1mp[0m|[30;1mp[0m|[30;1mp[0m|[7;1m [0m| |[30;1mp[0m| |[30;1mK[0m|| 7
[32;1m[Board] [0m   -------------------
[32;1m[Board] [0m 6 ||[7;1m [0m| |[7;1m [0m| |[30;1mp[0m|[30;1mp[0m|[7;1m [0m| || 6
[32;1m[Board] [0m   -------------------
[32;1m[Board] [0m 5 || |[7;1m [0m| |[7;1m [0m| |[7;1m [0m| |[7;1m [0m|| 5
[32;1m[Board] [0m   -------------------
[32;1m[Board] [0m 4 ||[7;1m [0m|[30;1mb[0m|[7;1m [0m| |[7;1m [0m| |[7;1m [0m| || 4
[32;1m[Board] [0m   -------------------
[32;1m[Board] [0m 3 || |[7;1m [0m| |[7;1m [0m| |[7;1m [0m| |[7;1m [0m|| 3
[32;1m[Board] [0m   -------------------
[32;1m[Board] [0m 2 ||[0;1mp[0m|[0;1mp[0m|[0;1mp[0m|[0;1mp[0m|[7;1m [0m|[0;1mp[0m|[7;1m [0m|[0;1mp[0m|| 2
[32;1m[Board] [0m   -------------------
[32;1m[Board] [0m 1 ||[0;1mr[0m|[7;1m [0m|[0;1mb[0m|[0;1mQ[0m| |[0;1mK[0m| |[30;1mQ[0m|| 1
[32;1m[Board] [0m   -------------------
[32;1m[Board] [0m     a b c d e f g h
[32;1m[Board] [0m
[32;1m[Referee] [0mThis is the turn of the White player...
Inputed Board
Currently playing: White

------------------------------Current Search Space--------------------------------------------
Possible moves for piece: P:
 P: (6,0)->(5,0) / a2a3
 P: (6,0)->(4,0) / a2a4
 P: (6,1)->(5,1) / b2b3
 P: (6,2)->(5,2) / c2c3
 P: (6,2)->(4,2) / c2c4
 P: (6,3)->(5,3) / d2d3
 P: (6,3)->(4,3) / d2d4
 P: (6,5)->(5,5) / f2f3
 P: (6,5)->(4,5) / f2f4
 P: (6,7)->(5,7) / h2h3
 P: (6,7)->(4,7) / h2h4
Possible moves for piece: R:
 R: (7,0)->(7,1) / a1b1
Possible moves for piece: Q:
 Q: (7,3)->(7,4) / d1e1
 Q: (7,3)->(6,4) / d1e2
 Q: (7,3)->(5,5) / d1f3
 Q: (7,3)->(4,6) / d1g4
 Q: (7,3)->(3,7) / d1h5
Possible moves for piece: K:
 K: (7,5)->(7,6) / f1g1
 K: (7,5)->(7,4) / f1e1
 K: (7,5)->(6,6) / f1g2
 K: (7,5)->(6,4) / f1e2

------------------------------Filtered Search Space--------------------------------------------
Possible moves for piece: K:
 K: (7,5)->(6,4) / f1e2

--------------------------------Info on Attacks---------------------------------------------------
Squares attacked by Black pieces:
(0,3) (0,4) (0,6) (0,7) (1,3) (1,4) (1,6) (2,0) (2,1) (2,2) (2,3) (2,6) (2,7) (3,0) (3,2) (3,3) (3,4) (3,5) (3,6) (4,4) (5,0) (5,2) (5,5) (6,3) (6,6) (6,7) (7,5) (7,6) 

-------------------------------Squares controlled by the enemy------------------------------------
* * * X X * X X 
* * * X X * X * 
X X X X * * X X 
X * X X X X X * 
* * * * X * * * 
X * X * * X * * 
* * * X * * X X 
* * * * * X X * 

------------------------------Check Information---------------------------------------------------
White King located at: (7,5)
White King is in check by q at (7,7)

------------------------------Special Move Information-------------------------------------------
No en passant allowed right now
------------------------------Castling Rights Information-------------------------------------------
White Kingside Castle:  NOT AVAILABLE
White Queenside Castle: NOT AVAILABLE
Black Kingside Castle:  NOT AVAILABLE
Black Queenside Castle: NOT AVAILABLE
---------------------------------------------------------------------------------------------------

========== CAPTURE EXPLORATION ==========
========================================

========== CHECK EXPLORATION ==========
(no checks found)
======================================
--------------------------------------------------------------------------------------------------
Chosen Move: (7,5) --> (6,4)
 / f1e2

r n b * * r * * 
p p p * * p * k 
* * * * p p * * 
* * * * * * * * 
* b * * * * * * 
* * * * * * * * 
P P P P K P * P 
R * B Q * * * q 

[32;1m[Game] [0mPlayer's error code: 0
[32;1m[Game] [0mChecking move validity...
[32;1m[Board] [0mInitializing board (size: 8)...
[32;1m[Board] [0m32 piece(s) on board.
[32;1m[Board] [0mLoading history file `championship/chessgambit-chess_project_pelm/history.csv`...
[32;1m[Board] [0mLoaded 28 move(s).
[32;1m[Board] [0mHistory replayed, 23 piece(s) on board.
[32;1m[Board] [0mLoading move file `championship/chessgambit-chess_project_pelm/move.csv`...
[32;1m[Board] [0mWhite player is playing f1 to e2.
[32;1m[Board] [0m
[32;1m[Board] [0m     a b c d e f g h
[32;1m[Board] [0m   -------------------
[32;1m[Board] [0m 8 ||[30;1mr[0m|[30;1mk[0m|[30;1mb[0m| |[7;1m [0m|[30;1mr[0m|[7;1m [0m| || 8
[32;1m[Board] [0m   -------------------
[32;1m[Board] [0m 7 ||[30;1mp[0m|[30;1mp[0m|[30;1mp[0m|[7;1m [0m| |[30;1mp[0m| |[30;1mK[0m|| 7
[32;1m[Board] [0m   -------------------
[32;1m[Board] [0m 6 ||[7;1m [0m| |[7;1m [0m| |[30;1mp[0m|[30;1mp[0m|[7;1m [0m| || 6
[32;1m[Board] [0m   -------------------
[32;1m[Board] [0m 5 || |[7;1m [0m| |[7;1m [0m| |[7;1m [0m| |[7;1m [0m|| 5
[32;1m[Board] [0m   -------------------
[32;1m[Board] [0m 4 ||[7;1m [0m|[30;1mb[0m|[7;1m [0m| |[7;1m [0m| |[7;1m [0m| || 4
[32;1m[Board] [0m   -------------------
[32;1m[Board] [0m 3 || |[7;1m [0m| |[7;1m [0m| |[7;1m [0m| |[7;1m [0m|| 3
[32;1m[Board] [0m   -------------------
[32;1m[Board] [0m 2 ||[0;1mp[0m|[0;1mp[0m|[0;1mp[0m|[0;1mp[0m|[0;1mK[0m|[0;1mp[0m|[7;1m [0m|[0;1mp[0m|| 2
[32;1m[Board] [0m   -------------------
[32;1m[Board] [0m 1 ||[0;1mr[0m|[7;1m [0m|[0;1mb[0m|[0;1mQ[0m| |[7;1m [0m| |[30;1mQ[0m|| 1
[32;1m[Board] [0m   -------------------
[32;1m[Board] [0m     a b c d e f g h
[32;1m[Board] [0m
[32;1m[Referee] [0mThis is the turn of the Black player...
new one at 2 number of nodes 95 no of distinct states visited 94 time left 9.96676
new one at 3 number of nodes 1433 no of distinct states visited 1048 time left 9.69649
new one at 4 number of nodes 3504 no of distinct states visited 3047 time left 9.01057
new one at 5 number of nodes 49397 no of distinct states visited 28458 time left 3.03892
new one at 6 number of nodes 10882 no of distinct states visited 35324 time left 0.999709
ok it did depth 5 and now we're doing move h1h2 with evaluation 1395 number of nodes examined is 49397
[32;1m[Game] [0mPlayer's error code: 0
[32;1m[Game] [0mChecking move validity...
[32;1m[Board] [0mInitializing board (size: 8)...
[32;1m[Board] [0m32 piece(s) on board.
[32;1m[Board] [0mLoading history file `championship/chessgambit-chess_project_pelm/history.csv`...
[32;1m[Board] [0mLoaded 29 move(s).
[32;1m[Board] [0mHistory replayed, 23 piece(s) on board.
[32;1m[Board] [0mLoading move file `championship/chessgambit-chess_project_pelm/move.csv`...
[32;1m[Board] [0mBlack player is playing h1 to h2.
[32;1m[Board] [0m[5;1mBlack Queen is taking White Pawn.[0m
[32;1m[Board] [0m
[32;1m[Board] [0m     a b c d e f g h
[32;1m[Board] [0m   -------------------
[32;1m[Board] [0m 8 ||[30;1mr[0m|[30;1mk[0m|[30;1mb[0m| |[7;1m [0m|[30;1mr[0m|[7;1m [0m| || 8
[32;1m[Board] [0m   -------------------
[32;1m[Board] [0m 7 ||[30;1mp[0m|[30;1mp[0m|[30;1mp[0m|[7;1m [0m| |[30;1mp[0m| |[30;1mK[0m|| 7
[32;1m[Board] [0m   -------------------
[32;1m[Board] [0m 6 ||[7;1m [0m| |[7;1m [0m| |[30;1mp[0m|[30;1mp[0m|[7;1m [0m| || 6
[32;1m[Board] [0m   -------------------
[32;1m[Board] [0m 5 || |[7;1m [0m| |[7;1m [0m| |[7;1m [0m| |[7;1m [0m|| 5
[32;1m[Board] [0m   -------------------
[32;1m[Board] [0m 4 ||[7;1m [0m|[30;1mb[0m|[7;1m [0m| |[7;1m [0m| |[7;1m [0m| || 4
[32;1m[Board] [0m   -------------------
[32;1m[Board] [0m 3 || |[7;1m [0m| |[7;1m [0m| |[7;1m [0m| |[7;1m [0m|| 3
[32;1m[Board] [0m   -------------------
[32;1m[Board] [0m 2 ||[0;1mp[0m|[0;1mp[0m|[0;1mp[0m|[0;1mp[0m|[0;1mK[0m|[0;1mp[0m|[7;1m [0m|[30;1mQ[0m|| 2
[32;1m[Board] [0m   -------------------
[32;1m[Board] [0m 1 ||[0;1mr[0m|[7;1m [0m|[0;1mb[0m|[0;1mQ[0m| |[7;1m [0m| |[7;1m [0m|| 1
[32;1m[Board] [0m   -------------------
[32;1m[Board] [0m     a b c d e f g h
[32;1m[Board] [0m
[32;1m[Referee] [0mThis is the turn of the White player...
Inputed Board
Currently playing: White

------------------------------Current Search Space--------------------------------------------
Possible moves for piece: P:
 P: (6,0)->(5,0) / a2a3
 P: (6,0)->(4,0) / a2a4
 P: (6,1)->(5,1) / b2b3
 P: (6,2)->(5,2) / c2c3
 P: (6,2)->(4,2) / c2c4
 P: (6,3)->(5,3) / d2d3
 P: (6,3)->(4,3) / d2d4
 P: (6,5)->(5,5) / f2f3
 P: (6,5)->(4,5) / f2f4
Possible moves for piece: R:
 R: (7,0)->(7,1) / a1b1
Possible moves for piece: Q:
 Q: (7,3)->(7,4) / d1e1
 Q: (7,3)->(7,5) / d1f1
 Q: (7,3)->(7,6) / d1g1
 Q: (7,3)->(7,7) / d1h1
Possible moves for piece: K:
 K: (6,4)->(7,4) / e2e1
 K: (6,4)->(5,4) / e2e3
 K: (6,4)->(7,5) / e2f1
 K: (6,4)->(5,5) / e2f3
 K: (6,4)->(5,3) / e2d3

------------------------------Filtered Search Space--------------------------------------------
Possible moves for piece: P:
 P: (6,0)->(5,0) / a2a3
 P: (6,0)->(4,0) / a2a4
 P: (6,1)->(5,1) / b2b3
 P: (6,2)->(5,2) / c2c3
 P: (6,2)->(4,2) / c2c4
 P: (6,3)->(5,3) / d2d3
 P: (6,3)->(4,3) / d2d4
Possible moves for piece: R:
 R: (7,0)->(7,1) / a1b1
Possible moves for piece: Q:
 Q: (7,3)->(7,4) / d1e1
 Q: (7,3)->(7,5) / d1f1
 Q: (7,3)->(7,6) / d1g1
 Q: (7,3)->(7,7) / d1h1
Possible moves for piece: K:
 K: (6,4)->(7,4) / e2e1
 K: (6,4)->(5,4) / e2e3
 K: (6,4)->(7,5) / e2f1
 K: (6,4)->(5,5) / e2f3
 K: (6,4)->(5,3) / e2d3

--------------------------------Info on Attacks---------------------------------------------------
Squares attacked by Black pieces:
(0,3) (0,4) (0,6) (0,7) (1,3) (1,4) (1,6) (2,0) (2,1) (2,2) (2,3) (2,6) (2,7) (3,0) (3,2) (3,3) (3,4) (3,5) (3,6) (3,7) (4,5) (4,7) (5,0) (5,2) (5,6) (5,7) (6,3) (6,5) (6,6) (7,6) (7,7) 

-------------------------------Squares controlled by the enemy------------------------------------
* * * X X * X X 
* * * X X * X * 
X X X X * * X X 
X * X X X X X X 
* * * * * X * X 
X * X * * * X X 
* * * X * X X * 
* * * * * * X X 

------------------------------Check Information---------------------------------------------------
White King located at: (6,4)
White King is safe, no check at this position.

------------------------------Special Move Information-------------------------------------------
No en passant allowed right now
------------------------------Castling Rights Information-------------------------------------------
White Kingside Castle:  NOT AVAILABLE
White Queenside Castle: NOT AVAILABLE
Black Kingside Castle:  NOT AVAILABLE
Black Queenside Castle: NOT AVAILABLE
---------------------------------------------------------------------------------------------------

========== CAPTURE EXPLORATION ==========
========================================

========== CHECK EXPLORATION ==========
(no checks found)
======================================
--------------------------------------------------------------------------------------------------
Chosen Move: (6,3) --> (4,3)
 / d2d4

r n b * * r * * 
p p p * * p * k 
* * * * p p * * 
* * * * * * * * 
* b * P * * * * 
* * * * * * * * 
P P P * K P * q 
R * B Q * * * * 

[32;1m[Game] [0mPlayer's error code: 0
[32;1m[Game] [0mChecking move validity...
[32;1m[Board] [0mInitializing board (size: 8)...
[32;1m[Board] [0m32 piece(s) on board.
[32;1m[Board] [0mLoading history file `championship/chessgambit-chess_project_pelm/history.csv`...
[32;1m[Board] [0mLoaded 30 move(s).
[32;1m[Board] [0mHistory replayed, 22 piece(s) on board.
[32;1m[Board] [0mLoading move file `championship/chessgambit-chess_project_pelm/move.csv`...
[32;1m[Board] [0mWhite player is playing d2 to d4.
[32;1m[Board] [0m
[32;1m[Board] [0m     a b c d e f g h
[32;1m[Board] [0m   -------------------
[32;1m[Board] [0m 8 ||[30;1mr[0m|[30;1mk[0m|[30;1mb[0m| |[7;1m [0m|[30;1mr[0m|[7;1m [0m| || 8
[32;1m[Board] [0m   -------------------
[32;1m[Board] [0m 7 ||[30;1mp[0m|[30;1mp[0m|[30;1mp[0m|[7;1m [0m| |[30;1mp[0m| |[30;1mK[0m|| 7
[32;1m[Board] [0m   -------------------
[32;1m[Board] [0m 6 ||[7;1m [0m| |[7;1m [0m| |[30;1mp[0m|[30;1mp[0m|[7;1m [0m| || 6
[32;1m[Board] [0m   -------------------
[32;1m[Board] [0m 5 || |[7;1m [0m| |[7;1m [0m| |[7;1m [0m| |[7;1m [0m|| 5
[32;1m[Board] [0m   -------------------
[32;1m[Board] [0m 4 ||[7;1m [0m|[30;1mb[0m|[7;1m [0m|[0;1mp[0m|[7;1m [0m| |[7;1m [0m| || 4
[32;1m[Board] [0m   -------------------
[32;1m[Board] [0m 3 || |[7;1m [0m| |[7;1m [0m| |[7;1m [0m| |[7;1m [0m|| 3
[32;1m[Board] [0m   -------------------
[32;1m[Board] [0m 2 ||[0;1mp[0m|[0;1mp[0m|[0;1mp[0m| |[0;1mK[0m|[0;1mp[0m|[7;1m [0m|[30;1mQ[0m|| 2
[32;1m[Board] [0m   -------------------
[32;1m[Board] [0m 1 ||[0;1mr[0m|[7;1m [0m|[0;1mb[0m|[0;1mQ[0m| |[7;1m [0m| |[7;1m [0m|| 1
[32;1m[Board] [0m   -------------------
[32;1m[Board] [0m     a b c d e f g h
[32;1m[Board] [0m
[32;1m[Referee] [0mThis is the turn of the Black player...
new one at 2 number of nodes 104 no of distinct states visited 104 time left 9.95476
new one at 3 number of nodes 2160 no of distinct states visited 1617 time left 9.70702
new one at 4 number of nodes 4703 no of distinct states visited 5177 time left 8.7706
new one at 5 number of nodes 63689 no of distinct states visited 45187 time left 0.999835
ok it did depth 4 and now we're doing move b8c6 with evaluation 1265 number of nodes examined is 4703
[32;1m[Game] [0mPlayer's error code: 0
[32;1m[Game] [0mChecking move validity...
[32;1m[Board] [0mInitializing board (size: 8)...
[32;1m[Board] [0m32 piece(s) on board.
[32;1m[Board] [0mLoading history file `championship/chessgambit-chess_project_pelm/history.csv`...
[32;1m[Board] [0mLoaded 31 move(s).
[32;1m[Board] [0mHistory replayed, 22 piece(s) on board.
[32;1m[Board] [0mLoading move file `championship/chessgambit-chess_project_pelm/move.csv`...
[32;1m[Board] [0mBlack player is playing b8 to c6.
[32;1m[Board] [0m
[32;1m[Board] [0m     a b c d e f g h
[32;1m[Board] [0m   -------------------
[32;1m[Board] [0m 8 ||[30;1mr[0m| |[30;1mb[0m| |[7;1m [0m|[30;1mr[0m|[7;1m [0m| || 8
[32;1m[Board] [0m   -------------------
[32;1m[Board] [0m 7 ||[30;1mp[0m|[30;1mp[0m|[30;1mp[0m|[7;1m [0m| |[30;1mp[0m| |[30;1mK[0m|| 7
[32;1m[Board] [0m   -------------------
[32;1m[Board] [0m 6 ||[7;1m [0m| |[30;1mk[0m| |[30;1mp[0m|[30;1mp[0m|[7;1m [0m| || 6
[32;1m[Board] [0m   -------------------
[32;1m[Board] [0m 5 || |[7;1m [0m| |[7;1m [0m| |[7;1m [0m| |[7;1m [0m|| 5
[32;1m[Board] [0m   -------------------
[32;1m[Board] [0m 4 ||[7;1m [0m|[30;1mb[0m|[7;1m [0m|[0;1mp[0m|[7;1m [0m| |[7;1m [0m| || 4
[32;1m[Board] [0m   -------------------
[32;1m[Board] [0m 3 || |[7;1m [0m| |[7;1m [0m| |[7;1m [0m| |[7;1m [0m|| 3
[32;1m[Board] [0m   -------------------
[32;1m[Board] [0m 2 ||[0;1mp[0m|[0;1mp[0m|[0;1mp[0m| |[0;1mK[0m|[0;1mp[0m|[7;1m [0m|[30;1mQ[0m|| 2
[32;1m[Board] [0m   -------------------
[32;1m[Board] [0m 1 ||[0;1mr[0m|[7;1m [0m|[0;1mb[0m|[0;1mQ[0m| |[7;1m [0m| |[7;1m [0m|| 1
[32;1m[Board] [0m   -------------------
[32;1m[Board] [0m     a b c d e f g h
[32;1m[Board] [0m
[32;1m[Referee] [0mThis is the turn of the White player...
Inputed Board
Currently playing: White

------------------------------Current Search Space--------------------------------------------
Possible moves for piece: P:
 P: (4,3)->(3,3) / d4d5
 P: (6,0)->(5,0) / a2a3
 P: (6,0)->(4,0) / a2a4
 P: (6,1)->(5,1) / b2b3
 P: (6,2)->(5,2) / c2c3
 P: (6,2)->(4,2) / c2c4
 P: (6,5)->(5,5) / f2f3
 P: (6,5)->(4,5) / f2f4
Possible moves for piece: R:
 R: (7,0)->(7,1) / a1b1
Possible moves for piece: B:
 B: (7,2)->(6,3) / c1d2
 B: (7,2)->(5,4) / c1e3
 B: (7,2)->(4,5) / c1f4
 B: (7,2)->(3,6) / c1g5
 B: (7,2)->(2,7) / c1h6
Possible moves for piece: Q:
 Q: (7,3)->(6,3) / d1d2
 Q: (7,3)->(5,3) / d1d3
 Q: (7,3)->(7,4) / d1e1
 Q: (7,3)->(7,5) / d1f1
 Q: (7,3)->(7,6) / d1g1
 Q: (7,3)->(7,7) / d1h1
Possible moves for piece: K:
 K: (6,4)->(7,4) / e2e1
 K: (6,4)->(5,4) / e2e3
 K: (6,4)->(6,3) / e2d2
 K: (6,4)->(7,5) / e2f1
 K: (6,4)->(5,5) / e2f3
 K: (6,4)->(5,3) / e2d3

------------------------------Filtered Search Space--------------------------------------------
Possible moves for piece: P:
 P: (4,3)->(3,3) / d4d5
 P: (6,0)->(5,0) / a2a3
 P: (6,0)->(4,0) / a2a4
 P: (6,1)->(5,1) / b2b3
 P: (6,2)->(5,2) / c2c3
 P: (6,2)->(4,2) / c2c4
Possible moves for piece: R:
 R: (7,0)->(7,1) / a1b1
Possible moves for piece: B:
 B: (7,2)->(6,3) / c1d2
 B: (7,2)->(5,4) / c1e3
 B: (7,2)->(4,5) / c1f4
 B: (7,2)->(3,6) / c1g5
 B: (7,2)->(2,7) / c1h6
Possible moves for piece: Q:
 Q: (7,3)->(6,3) / d1d2
 Q: (7,3)->(5,3) / d1d3
 Q: (7,3)->(7,4) / d1e1
 Q: (7,3)->(7,5) / d1f1
 Q: (7,3)->(7,6) / d1g1
 Q: (7,3)->(7,7) / d1h1
Possible moves for piece: K:
 K: (6,4)->(5,4) / e2e3
 K: (6,4)->(7,5) / e2f1
 K: (6,4)->(5,5) / e2f3
 K: (6,4)->(5,3) / e2d3

--------------------------------Info on Attacks---------------------------------------------------
Squares attacked by Black pieces:
(0,1) (0,3) (0,4) (0,6) (0,7) (1,3) (1,4) (1,6) (2,0) (2,1) (2,3) (2,6) (2,7) (3,0) (3,2) (3,3) (3,4) (3,5) (3,6) (3,7) (4,3) (4,5) (4,7) (5,0) (5,2) (5,6) (5,7) (6,3) (6,5) (6,6) (7,4) (7,6) (7,7) 

-------------------------------Squares controlled by the enemy------------------------------------
* X * X X * X X 
* * * X X * X * 
X X * X * * X X 
X * X X X X X X 
* * * X * X * X 
X * X * * * X X 
* * * X * X X * 
* * * * X * X X 

------------------------------Check Information---------------------------------------------------
White King located at: (6,4)
White King is safe, no check at this position.

------------------------------Special Move Information-------------------------------------------
No en passant allowed right now
------------------------------Castling Rights Information-------------------------------------------
White Kingside Castle:  NOT AVAILABLE
White Queenside Castle: NOT AVAILABLE
Black Kingside Castle:  NOT AVAILABLE
Black Queenside Castle: NOT AVAILABLE
---------------------------------------------------------------------------------------------------

========== CAPTURE EXPLORATION ==========
========================================

========== CHECK EXPLORATION ==========
[0] Candidate: Q -> (7,3) -> (5,3) | Checking move: Q (7,3) -> (5,3)Checkmate: NO
======================================
--------------------------------------------------------------------------------------------------
Chosen Move: (7,2) --> (5,4)
 / c1e3

r * b * * r * * 
p p p * * p * k 
* * n * p p * * 
* * * * * * * * 
* b * P * * * * 
* * * * B * * * 
P P P * K P * q 
R * * Q * * * * 

[32;1m[Game] [0mPlayer's error code: 0
[32;1m[Game] [0mChecking move validity...
[32;1m[Board] [0mInitializing board (size: 8)...
[32;1m[Board] [0m32 piece(s) on board.
[32;1m[Board] [0mLoading history file `championship/chessgambit-chess_project_pelm/history.csv`...
[32;1m[Board] [0mLoaded 32 move(s).
[32;1m[Board] [0mHistory replayed, 22 piece(s) on board.
[32;1m[Board] [0mLoading move file `championship/chessgambit-chess_project_pelm/move.csv`...
[32;1m[Board] [0mWhite player is playing c1 to e3.
[32;1m[Board] [0m
[32;1m[Board] [0m     a b c d e f g h
[32;1m[Board] [0m   -------------------
[32;1m[Board] [0m 8 ||[30;1mr[0m| |[30;1mb[0m| |[7;1m [0m|[30;1mr[0m|[7;1m [0m| || 8
[32;1m[Board] [0m   -------------------
[32;1m[Board] [0m 7 ||[30;1mp[0m|[30;1mp[0m|[30;1mp[0m|[7;1m [0m| |[30;1mp[0m| |[30;1mK[0m|| 7
[32;1m[Board] [0m   -------------------
[32;1m[Board] [0m 6 ||[7;1m [0m| |[30;1mk[0m| |[30;1mp[0m|[30;1mp[0m|[7;1m [0m| || 6
[32;1m[Board] [0m   -------------------
[32;1m[Board] [0m 5 || |[7;1m [0m| |[7;1m [0m| |[7;1m [0m| |[7;1m [0m|| 5
[32;1m[Board] [0m   -------------------
[32;1m[Board] [0m 4 ||[7;1m [0m|[30;1mb[0m|[7;1m [0m|[0;1mp[0m|[7;1m [0m| |[7;1m [0m| || 4
[32;1m[Board] [0m   -------------------
[32;1m[Board] [0m 3 || |[7;1m [0m| |[7;1m [0m|[0;1mb[0m|[7;1m [0m| |[7;1m [0m|| 3
[32;1m[Board] [0m   -------------------
[32;1m[Board] [0m 2 ||[0;1mp[0m|[0;1mp[0m|[0;1mp[0m| |[0;1mK[0m|[0;1mp[0m|[7;1m [0m|[30;1mQ[0m|| 2
[32;1m[Board] [0m   -------------------
[32;1m[Board] [0m 1 ||[0;1mr[0m|[7;1m [0m| |[0;1mQ[0m| |[7;1m [0m| |[7;1m [0m|| 1
[32;1m[Board] [0m   -------------------
[32;1m[Board] [0m     a b c d e f g h
[32;1m[Board] [0m
[32;1m[Referee] [0mThis is the turn of the Black player...
new one at 2 number of nodes 132 no of distinct states visited 132 time left 9.97456
new one at 3 number of nodes 2050 no of distinct states visited 1529 time left 9.73724
new one at 4 number of nodes 7394 no of distinct states visited 6700 time left 8.29703
new one at 5 number of nodes 52140 no of distinct states visited 44626 time left 0.999754
ok it did depth 4 and now we're doing move h2h5 with evaluation 1285 number of nodes examined is 7394
[32;1m[Game] [0mPlayer's error code: 0
[32;1m[Game] [0mChecking move validity...
[32;1m[Board] [0mInitializing board (size: 8)...
[32;1m[Board] [0m32 piece(s) on board.
[32;1m[Board] [0mLoading history file `championship/chessgambit-chess_project_pelm/history.csv`...
[32;1m[Board] [0mLoaded 33 move(s).
[32;1m[Board] [0mHistory replayed, 22 piece(s) on board.
[32;1m[Board] [0mLoading move file `championship/chessgambit-chess_project_pelm/move.csv`...
[32;1m[Board] [0mBlack player is playing h2 to h5.
[32;1m[Board] [0m
[32;1m[Board] [0m     a b c d e f g h
[32;1m[Board] [0m   -------------------
[32;1m[Board] [0m 8 ||[30;1mr[0m| |[30;1mb[0m| |[7;1m [0m|[30;1mr[0m|[7;1m [0m| || 8
[32;1m[Board] [0m   -------------------
[32;1m[Board] [0m 7 ||[30;1mp[0m|[30;1mp[0m|[30;1mp[0m|[7;1m [0m| |[30;1mp[0m| |[30;1mK[0m|| 7
[32;1m[Board] [0m   -------------------
[32;1m[Board] [0m 6 ||[7;1m [0m| |[30;1mk[0m| |[30;1mp[0m|[30;1mp[0m|[7;1m [0m| || 6
[32;1m[Board] [0m   -------------------
[32;1m[Board] [0m 5 || |[7;1m [0m| |[7;1m [0m| |[7;1m [0m| |[30;1mQ[0m|| 5
[32;1m[Board] [0m   -------------------
[32;1m[Board] [0m 4 ||[7;1m [0m|[30;1mb[0m|[7;1m [0m|[0;1mp[0m|[7;1m [0m| |[7;1m [0m| || 4
[32;1m[Board] [0m   -------------------
[32;1m[Board] [0m 3 || |[7;1m [0m| |[7;1m [0m|[0;1mb[0m|[7;1m [0m| |[7;1m [0m|| 3
[32;1m[Board] [0m   -------------------
[32;1m[Board] [0m 2 ||[0;1mp[0m|[0;1mp[0m|[0;1mp[0m| |[0;1mK[0m|[0;1mp[0m|[7;1m [0m| || 2
[32;1m[Board] [0m   -------------------
[32;1m[Board] [0m 1 ||[0;1mr[0m|[7;1m [0m| |[0;1mQ[0m| |[7;1m [0m| |[7;1m [0m|| 1
[32;1m[Board] [0m   -------------------
[32;1m[Board] [0m     a b c d e f g h
[32;1m[Board] [0m
[32;1m[Referee] [0mThis is the turn of the White player...
Inputed Board
Currently playing: White

------------------------------Current Search Space--------------------------------------------
Possible moves for piece: P:
 P: (4,3)->(3,3) / d4d5
 P: (6,0)->(5,0) / a2a3
 P: (6,0)->(4,0) / a2a4
 P: (6,1)->(5,1) / b2b3
 P: (6,2)->(5,2) / c2c3
 P: (6,2)->(4,2) / c2c4
 P: (6,5)->(5,5) / f2f3
 P: (6,5)->(4,5) / f2f4
Possible moves for piece: R:
 R: (7,0)->(7,1) / a1b1
 R: (7,0)->(7,2) / a1c1
Possible moves for piece: B:
 B: (5,4)->(4,5) / e3f4
 B: (5,4)->(3,6) / e3g5
 B: (5,4)->(2,7) / e3h6
 B: (5,4)->(6,3) / e3d2
 B: (5,4)->(7,2) / e3c1
Possible moves for piece: Q:
 Q: (7,3)->(6,3) / d1d2
 Q: (7,3)->(5,3) / d1d3
 Q: (7,3)->(7,4) / d1e1
 Q: (7,3)->(7,5) / d1f1
 Q: (7,3)->(7,6) / d1g1
 Q: (7,3)->(7,7) / d1h1
 Q: (7,3)->(7,2) / d1c1
 Q: (7,3)->(7,1) / d1b1
Possible moves for piece: K:
 K: (6,4)->(7,4) / e2e1
 K: (6,4)->(6,3) / e2d2
 K: (6,4)->(7,5) / e2f1
 K: (6,4)->(5,5) / e2f3
 K: (6,4)->(5,3) / e2d3

------------------------------Filtered Search Space--------------------------------------------
Possible moves for piece: P:
 P: (6,5)->(5,5) / f2f3
Possible moves for piece: K:
 K: (6,4)->(7,5) / e2f1
 K: (6,4)->(5,3) / e2d3

--------------------------------Info on Attacks---------------------------------------------------
Squares attacked by Black pieces:
(0,1) (0,3) (0,4) (0,6) (0,7) (1,3) (1,4) (1,6) (2,0) (2,1) (2,3) (2,6) (2,7) (3,0) (3,1) (3,2) (3,3) (3,4) (3,5) (3,6) (4,3) (4,6) (4,7) (5,0) (5,2) (5,5) (5,7) (6,3) (6,4) (6,7) (7,4) (7,7) 

-------------------------------Squares controlled by the enemy------------------------------------
* X * X X * X X 
* * * X X * X * 
X X * X * * X X 
X X X X X X X * 
* * * X * * X X 
X * X * * X * X 
* * * X X * * X 
* * * * X * * X 

------------------------------Check Information---------------------------------------------------
White King located at: (6,4)
White King is in check by q at (3,7)

------------------------------Special Move Information-------------------------------------------
No en passant allowed right now
------------------------------Castling Rights Information-------------------------------------------
White Kingside Castle:  NOT AVAILABLE
White Queenside Castle: NOT AVAILABLE
Black Kingside Castle:  NOT AVAILABLE
Black Queenside Castle: NOT AVAILABLE
---------------------------------------------------------------------------------------------------

========== CAPTURE EXPLORATION ==========
========================================

========== CHECK EXPLORATION ==========
(no checks found)
======================================
--------------------------------------------------------------------------------------------------
Chosen Move: (6,4) --> (7,5)
 / e2f1

r * b * * r * * 
p p p * * p * k 
* * n * p p * * 
* * * * * * * q 
* b * P * * * * 
* * * * B * * * 
P P P * * P * * 
R * * Q * K * * 

[32;1m[Game] [0mPlayer's error code: 0
[32;1m[Game] [0mChecking move validity...
[32;1m[Board] [0mInitializing board (size: 8)...
[32;1m[Board] [0m32 piece(s) on board.
[32;1m[Board] [0mLoading history file `championship/chessgambit-chess_project_pelm/history.csv`...
[32;1m[Board] [0mLoaded 34 move(s).
[32;1m[Board] [0mHistory replayed, 22 piece(s) on board.
[32;1m[Board] [0mLoading move file `championship/chessgambit-chess_project_pelm/move.csv`...
[32;1m[Board] [0mWhite player is playing e2 to f1.
[32;1m[Board] [0m
[32;1m[Board] [0m     a b c d e f g h
[32;1m[Board] [0m   -------------------
[32;1m[Board] [0m 8 ||[30;1mr[0m| |[30;1mb[0m| |[7;1m [0m|[30;1mr[0m|[7;1m [0m| || 8
[32;1m[Board] [0m   -------------------
[32;1m[Board] [0m 7 ||[30;1mp[0m|[30;1mp[0m|[30;1mp[0m|[7;1m [0m| |[30;1mp[0m| |[30;1mK[0m|| 7
[32;1m[Board] [0m   -------------------
[32;1m[Board] [0m 6 ||[7;1m [0m| |[30;1mk[0m| |[30;1mp[0m|[30;1mp[0m|[7;1m [0m| || 6
[32;1m[Board] [0m   -------------------
[32;1m[Board] [0m 5 || |[7;1m [0m| |[7;1m [0m| |[7;1m [0m| |[30;1mQ[0m|| 5
[32;1m[Board] [0m   -------------------
[32;1m[Board] [0m 4 ||[7;1m [0m|[30;1mb[0m|[7;1m [0m|[0;1mp[0m|[7;1m [0m| |[7;1m [0m| || 4
[32;1m[Board] [0m   -------------------
[32;1m[Board] [0m 3 || |[7;1m [0m| |[7;1m [0m|[0;1mb[0m|[7;1m [0m| |[7;1m [0m|| 3
[32;1m[Board] [0m   -------------------
[32;1m[Board] [0m 2 ||[0;1mp[0m|[0;1mp[0m|[0;1mp[0m| |[7;1m [0m|[0;1mp[0m|[7;1m [0m| || 2
[32;1m[Board] [0m   -------------------
[32;1m[Board] [0m 1 ||[0;1mr[0m|[7;1m [0m| |[0;1mQ[0m| |[0;1mK[0m| |[7;1m [0m|| 1
[32;1m[Board] [0m   -------------------
[32;1m[Board] [0m     a b c d e f g h
[32;1m[Board] [0m
[32;1m[Referee] [0mThis is the turn of the Black player...
new one at 2 number of nodes 98 no of distinct states visited 97 time left 9.97911
new one at 3 number of nodes 1128 no of distinct states visited 996 time left 9.83661
new one at 4 number of nodes 3091 no of distinct states visited 2809 time left 9.16745
new one at 5 number of nodes 32281 no of distinct states visited 23623 time left 4.95449
new one at 6 number of nodes 17329 no of distinct states visited 32965 time left 0.999836
ok it did depth 5 and now we're doing move h5h1 with evaluation 1600 number of nodes examined is 32281
[32;1m[Game] [0mPlayer's error code: 0
[32;1m[Game] [0mChecking move validity...
[32;1m[Board] [0mInitializing board (size: 8)...
[32;1m[Board] [0m32 piece(s) on board.
[32;1m[Board] [0mLoading history file `championship/chessgambit-chess_project_pelm/history.csv`...
[32;1m[Board] [0mLoaded 35 move(s).
[32;1m[Board] [0mHistory replayed, 22 piece(s) on board.
[32;1m[Board] [0mLoading move file `championship/chessgambit-chess_project_pelm/move.csv`...
[32;1m[Board] [0mBlack player is playing h5 to h1.
[32;1m[Board] [0m
[32;1m[Board] [0m     a b c d e f g h
[32;1m[Board] [0m   -------------------
[32;1m[Board] [0m 8 ||[30;1mr[0m| |[30;1mb[0m| |[7;1m [0m|[30;1mr[0m|[7;1m [0m| || 8
[32;1m[Board] [0m   -------------------
[32;1m[Board] [0m 7 ||[30;1mp[0m|[30;1mp[0m|[30;1mp[0m|[7;1m [0m| |[30;1mp[0m| |[30;1mK[0m|| 7
[32;1m[Board] [0m   -------------------
[32;1m[Board] [0m 6 ||[7;1m [0m| |[30;1mk[0m| |[30;1mp[0m|[30;1mp[0m|[7;1m [0m| || 6
[32;1m[Board] [0m   -------------------
[32;1m[Board] [0m 5 || |[7;1m [0m| |[7;1m [0m| |[7;1m [0m| |[7;1m [0m|| 5
[32;1m[Board] [0m   -------------------
[32;1m[Board] [0m 4 ||[7;1m [0m|[30;1mb[0m|[7;1m [0m|[0;1mp[0m|[7;1m [0m| |[7;1m [0m| || 4
[32;1m[Board] [0m   -------------------
[32;1m[Board] [0m 3 || |[7;1m [0m| |[7;1m [0m|[0;1mb[0m|[7;1m [0m| |[7;1m [0m|| 3
[32;1m[Board] [0m   -------------------
[32;1m[Board] [0m 2 ||[0;1mp[0m|[0;1mp[0m|[0;1mp[0m| |[7;1m [0m|[0;1mp[0m|[7;1m [0m| || 2
[32;1m[Board] [0m   -------------------
[32;1m[Board] [0m 1 ||[0;1mr[0m|[7;1m [0m| |[0;1mQ[0m| |[0;1mK[0m| |[30;1mQ[0m|| 1
[32;1m[Board] [0m   -------------------
[32;1m[Board] [0m     a b c d e f g h
[32;1m[Board] [0m
[32;1m[Referee] [0mThis is the turn of the White player...
Inputed Board
Currently playing: White

------------------------------Current Search Space--------------------------------------------
Possible moves for piece: P:
 P: (4,3)->(3,3) / d4d5
 P: (6,0)->(5,0) / a2a3
 P: (6,0)->(4,0) / a2a4
 P: (6,1)->(5,1) / b2b3
 P: (6,2)->(5,2) / c2c3
 P: (6,2)->(4,2) / c2c4
 P: (6,5)->(5,5) / f2f3
 P: (6,5)->(4,5) / f2f4
Possible moves for piece: R:
 R: (7,0)->(7,1) / a1b1
 R: (7,0)->(7,2) / a1c1
Possible moves for piece: B:
 B: (5,4)->(4,5) / e3f4
 B: (5,4)->(3,6) / e3g5
 B: (5,4)->(2,7) / e3h6
 B: (5,4)->(6,3) / e3d2
 B: (5,4)->(7,2) / e3c1
Possible moves for piece: Q:
 Q: (7,3)->(6,3) / d1d2
 Q: (7,3)->(5,3) / d1d3
 Q: (7,3)->(7,4) / d1e1
 Q: (7,3)->(7,2) / d1c1
 Q: (7,3)->(7,1) / d1b1
 Q: (7,3)->(6,4) / d1e2
 Q: (7,3)->(5,5) / d1f3
 Q: (7,3)->(4,6) / d1g4
 Q: (7,3)->(3,7) / d1h5
Possible moves for piece: K:
 K: (7,5)->(7,6) / f1g1
 K: (7,5)->(7,4) / f1e1
 K: (7,5)->(6,6) / f1g2
 K: (7,5)->(6,4) / f1e2

------------------------------Filtered Search Space--------------------------------------------
Possible moves for piece: K:
 K: (7,5)->(6,4) / f1e2

--------------------------------Info on Attacks---------------------------------------------------
Squares attacked by Black pieces:
(0,1) (0,3) (0,4) (0,6) (0,7) (1,3) (1,4) (1,6) (2,0) (2,1) (2,3) (2,6) (2,7) (3,0) (3,2) (3,3) (3,4) (3,5) (3,6) (3,7) (4,3) (4,4) (4,7) (5,0) (5,2) (5,5) (5,7) (6,3) (6,6) (6,7) (7,4) (7,5) (7,6) 

-------------------------------Squares controlled by the enemy------------------------------------
* X * X X * X X 
* * * X X * X * 
X X * X * * X X 
X * X X X X X X 
* * * X X * * X 
X * X * * X * X 
* * * X * * X X 
* * * * X X X * 

------------------------------Check Information---------------------------------------------------
White King located at: (7,5)
White King is in check by q at (7,7)

------------------------------Special Move Information-------------------------------------------
No en passant allowed right now
------------------------------Castling Rights Information-------------------------------------------
White Kingside Castle:  NOT AVAILABLE
White Queenside Castle: NOT AVAILABLE
Black Kingside Castle:  NOT AVAILABLE
Black Queenside Castle: NOT AVAILABLE
---------------------------------------------------------------------------------------------------

========== CAPTURE EXPLORATION ==========
========================================

========== CHECK EXPLORATION ==========
(no checks found)
======================================
--------------------------------------------------------------------------------------------------
Chosen Move: (7,5) --> (6,4)
 / f1e2

r * b * * r * * 
p p p * * p * k 
* * n * p p * * 
* * * * * * * * 
* b * P * * * * 
* * * * B * * * 
P P P * K P * * 
R * * Q * * * q 

[32;1m[Game] [0mPlayer's error code: 0
[32;1m[Game] [0mChecking move validity...
[32;1m[Board] [0mInitializing board (size: 8)...
[32;1m[Board] [0m32 piece(s) on board.
[32;1m[Board] [0mLoading history file `championship/chessgambit-chess_project_pelm/history.csv`...
[32;1m[Board] [0mLoaded 36 move(s).
[32;1m[Board] [0mHistory replayed, 22 piece(s) on board.
[32;1m[Board] [0mLoading move file `championship/chessgambit-chess_project_pelm/move.csv`...
[32;1m[Board] [0mWhite player is playing f1 to e2.
[32;1m[Board] [0m
[32;1m[Board] [0m     a b c d e f g h
[32;1m[Board] [0m   -------------------
[32;1m[Board] [0m 8 ||[30;1mr[0m| |[30;1mb[0m| |[7;1m [0m|[30;1mr[0m|[7;1m [0m| || 8
[32;1m[Board] [0m   -------------------
[32;1m[Board] [0m 7 ||[30;1mp[0m|[30;1mp[0m|[30;1mp[0m|[7;1m [0m| |[30;1mp[0m| |[30;1mK[0m|| 7
[32;1m[Board] [0m   -------------------
[32;1m[Board] [0m 6 ||[7;1m [0m| |[30;1mk[0m| |[30;1mp[0m|[30;1mp[0m|[7;1m [0m| || 6
[32;1m[Board] [0m   -------------------
[32;1m[Board] [0m 5 || |[7;1m [0m| |[7;1m [0m| |[7;1m [0m| |[7;1m [0m|| 5
[32;1m[Board] [0m   -------------------
[32;1m[Board] [0m 4 ||[7;1m [0m|[30;1mb[0m|[7;1m [0m|[0;1mp[0m|[7;1m [0m| |[7;1m [0m| || 4
[32;1m[Board] [0m   -------------------
[32;1m[Board] [0m 3 || |[7;1m [0m| |[7;1m [0m|[0;1mb[0m|[7;1m [0m| |[7;1m [0m|| 3
[32;1m[Board] [0m   -------------------
[32;1m[Board] [0m 2 ||[0;1mp[0m|[0;1mp[0m|[0;1mp[0m| |[0;1mK[0m|[0;1mp[0m|[7;1m [0m| || 2
[32;1m[Board] [0m   -------------------
[32;1m[Board] [0m 1 ||[0;1mr[0m|[7;1m [0m| |[0;1mQ[0m| |[7;1m [0m| |[30;1mQ[0m|| 1
[32;1m[Board] [0m   -------------------
[32;1m[Board] [0m     a b c d e f g h
[32;1m[Board] [0m
[32;1m[Referee] [0mThis is the turn of the Black player...
new one at 2 number of nodes 90 no of distinct states visited 89 time left 9.98158
new one at 3 number of nodes 1018 no of distinct states visited 920 time left 9.85902
new one at 4 number of nodes 3770 no of distinct states visited 3497 time left 9.08802
new one at 5 number of nodes 43428 no of distinct states visited 34288 time left 3.11906
new one at 6 number of nodes 10389 no of distinct states visited 39299 time left 0.999773
ok it did depth 5 and now we're doing move h1h3 with evaluation 1440 number of nodes examined is 43428
[32;1m[Game] [0mPlayer's error code: 0
[32;1m[Game] [0mChecking move validity...
[32;1m[Board] [0mInitializing board (size: 8)...
[32;1m[Board] [0m32 piece(s) on board.
[32;1m[Board] [0mLoading history file `championship/chessgambit-chess_project_pelm/history.csv`...
[32;1m[Board] [0mLoaded 37 move(s).
[32;1m[Board] [0mHistory replayed, 22 piece(s) on board.
[32;1m[Board] [0mLoading move file `championship/chessgambit-chess_project_pelm/move.csv`...
[32;1m[Board] [0mBlack player is playing h1 to h3.
[32;1m[Board] [0m
[32;1m[Board] [0m     a b c d e f g h
[32;1m[Board] [0m   -------------------
[32;1m[Board] [0m 8 ||[30;1mr[0m| |[30;1mb[0m| |[7;1m [0m|[30;1mr[0m|[7;1m [0m| || 8
[32;1m[Board] [0m   -------------------
[32;1m[Board] [0m 7 ||[30;1mp[0m|[30;1mp[0m|[30;1mp[0m|[7;1m [0m| |[30;1mp[0m| |[30;1mK[0m|| 7
[32;1m[Board] [0m   -------------------
[32;1m[Board] [0m 6 ||[7;1m [0m| |[30;1mk[0m| |[30;1mp[0m|[30;1mp[0m|[7;1m [0m| || 6
[32;1m[Board] [0m   -------------------
[32;1m[Board] [0m 5 || |[7;1m [0m| |[7;1m [0m| |[7;1m [0m| |[7;1m [0m|| 5
[32;1m[Board] [0m   -------------------
[32;1m[Board] [0m 4 ||[7;1m [0m|[30;1mb[0m|[7;1m [0m|[0;1mp[0m|[7;1m [0m| |[7;1m [0m| || 4
[32;1m[Board] [0m   -------------------
[32;1m[Board] [0m 3 || |[7;1m [0m| |[7;1m [0m|[0;1mb[0m|[7;1m [0m| |[30;1mQ[0m|| 3
[32;1m[Board] [0m   -------------------
[32;1m[Board] [0m 2 ||[0;1mp[0m|[0;1mp[0m|[0;1mp[0m| |[0;1mK[0m|[0;1mp[0m|[7;1m [0m| || 2
[32;1m[Board] [0m   -------------------
[32;1m[Board] [0m 1 ||[0;1mr[0m|[7;1m [0m| |[0;1mQ[0m| |[7;1m [0m| |[7;1m [0m|| 1
[32;1m[Board] [0m   -------------------
[32;1m[Board] [0m     a b c d e f g h
[32;1m[Board] [0m
[32;1m[Referee] [0mThis is the turn of the White player...
Inputed Board
Currently playing: White

------------------------------Current Search Space--------------------------------------------
Possible moves for piece: P:
 P: (4,3)->(3,3) / d4d5
 P: (6,0)->(5,0) / a2a3
 P: (6,0)->(4,0) / a2a4
 P: (6,1)->(5,1) / b2b3
 P: (6,2)->(5,2) / c2c3
 P: (6,2)->(4,2) / c2c4
 P: (6,5)->(5,5) / f2f3
 P: (6,5)->(4,5) / f2f4
Possible moves for piece: R:
 R: (7,0)->(7,1) / a1b1
 R: (7,0)->(7,2) / a1c1
Possible moves for piece: B:
 B: (5,4)->(4,5) / e3f4
 B: (5,4)->(3,6) / e3g5
 B: (5,4)->(2,7) / e3h6
 B: (5,4)->(6,3) / e3d2
 B: (5,4)->(7,2) / e3c1
Possible moves for piece: Q:
 Q: (7,3)->(6,3) / d1d2
 Q: (7,3)->(5,3) / d1d3
 Q: (7,3)->(7,4) / d1e1
 Q: (7,3)->(7,5) / d1f1
 Q: (7,3)->(7,6) / d1g1
 Q: (7,3)->(7,7) / d1h1
 Q: (7,3)->(7,2) / d1c1
 Q: (7,3)->(7,1) / d1b1
Possible moves for piece: K:
 K: (6,4)->(7,4) / e2e1
 K: (6,4)->(6,3) / e2d2
 K: (6,4)->(7,5) / e2f1
 K: (6,4)->(5,5) / e2f3
 K: (6,4)->(5,3) / e2d3

------------------------------Filtered Search Space--------------------------------------------
Possible moves for piece: P:
 P: (4,3)->(3,3) / d4d5
 P: (6,0)->(5,0) / a2a3
 P: (6,0)->(4,0) / a2a4
 P: (6,1)->(5,1) / b2b3
 P: (6,2)->(5,2) / c2c3
 P: (6,2)->(4,2) / c2c4
 P: (6,5)->(5,5) / f2f3
 P: (6,5)->(4,5) / f2f4
Possible moves for piece: R:
 R: (7,0)->(7,1) / a1b1
 R: (7,0)->(7,2) / a1c1
Possible moves for piece: B:
 B: (5,4)->(4,5) / e3f4
 B: (5,4)->(3,6) / e3g5
 B: (5,4)->(2,7) / e3h6
 B: (5,4)->(6,3) / e3d2
 B: (5,4)->(7,2) / e3c1
Possible moves for piece: Q:
 Q: (7,3)->(6,3) / d1d2
 Q: (7,3)->(5,3) / d1d3
 Q: (7,3)->(7,4) / d1e1
 Q: (7,3)->(7,5) / d1f1
 Q: (7,3)->(7,6) / d1g1
 Q: (7,3)->(7,7) / d1h1
 Q: (7,3)->(7,2) / d1c1
 Q: (7,3)->(7,1) / d1b1
Possible moves for piece: K:
 K: (6,4)->(5,3) / e2d3

--------------------------------Info on Attacks---------------------------------------------------
Squares attacked by Black pieces:
(0,1) (0,3) (0,4) (0,6) (0,7) (1,3) (1,4) (1,6) (2,0) (2,1) (2,3) (2,6) (2,7) (3,0) (3,2) (3,3) (3,4) (3,5) (3,6) (3,7) (4,3) (4,6) (4,7) (5,0) (5,2) (5,4) (5,5) (5,6) (6,3) (6,6) (6,7) (7,4) (7,5) (7,7) 

-------------------------------Squares controlled by the enemy------------------------------------
* X * X X * X X 
* * * X X * X * 
X X * X * * X X 
X * X X X X X X 
* * * X * * X X 
X * X * X X X * 
* * * X * * X X 
* * * * X X * X 

------------------------------Check Information---------------------------------------------------
White King located at: (6,4)
White King is safe, no check at this position.

------------------------------Special Move Information-------------------------------------------
No en passant allowed right now
------------------------------Castling Rights Information-------------------------------------------
White Kingside Castle:  NOT AVAILABLE
White Queenside Castle: NOT AVAILABLE
Black Kingside Castle:  NOT AVAILABLE
Black Queenside Castle: NOT AVAILABLE
---------------------------------------------------------------------------------------------------

========== CAPTURE EXPLORATION ==========
========================================

========== CHECK EXPLORATION ==========
[0] Candidate: Q -> (7,3) -> (5,3) | Checking move: Q (7,3) -> (5,3)Checkmate: NO
======================================
--------------------------------------------------------------------------------------------------
Chosen Move: (7,3) --> (5,3)
 / d1d3

r * b * * r * * 
p p p * * p * k 
* * n * p p * * 
* * * * * * * * 
* b * P * * * * 
* * * Q B * * q 
P P P * K P * * 
R * * * * * * * 

[32;1m[Game] [0mPlayer's error code: 0
[32;1m[Game] [0mChecking move validity...
[32;1m[Board] [0mInitializing board (size: 8)...
[32;1m[Board] [0m32 piece(s) on board.
[32;1m[Board] [0mLoading history file `championship/chessgambit-chess_project_pelm/history.csv`...
[32;1m[Board] [0mLoaded 38 move(s).
[32;1m[Board] [0mHistory replayed, 22 piece(s) on board.
[32;1m[Board] [0mLoading move file `championship/chessgambit-chess_project_pelm/move.csv`...
[32;1m[Board] [0mWhite player is playing d1 to d3.
[32;1m[Board] [0m
[32;1m[Board] [0m     a b c d e f g h
[32;1m[Board] [0m   -------------------
[32;1m[Board] [0m 8 ||[30;1mr[0m| |[30;1mb[0m| |[7;1m [0m|[30;1mr[0m|[7;1m [0m| || 8
[32;1m[Board] [0m   -------------------
[32;1m[Board] [0m 7 ||[30;1mp[0m|[30;1mp[0m|[30;1mp[0m|[7;1m [0m| |[30;1mp[0m| |[30;1mK[0m|| 7
[32;1m[Board] [0m   -------------------
[32;1m[Board] [0m 6 ||[7;1m [0m| |[30;1mk[0m| |[30;1mp[0m|[30;1mp[0m|[7;1m [0m| || 6
[32;1m[Board] [0m   -------------------
[32;1m[Board] [0m 5 || |[7;1m [0m| |[7;1m [0m| |[7;1m [0m| |[7;1m [0m|| 5
[32;1m[Board] [0m   -------------------
[32;1m[Board] [0m 4 ||[7;1m [0m|[30;1mb[0m|[7;1m [0m|[0;1mp[0m|[7;1m [0m| |[7;1m [0m| || 4
[32;1m[Board] [0m   -------------------
[32;1m[Board] [0m 3 || |[7;1m [0m| |[0;1mQ[0m|[0;1mb[0m|[7;1m [0m| |[30;1mQ[0m|| 3
[32;1m[Board] [0m   -------------------
[32;1m[Board] [0m 2 ||[0;1mp[0m|[0;1mp[0m|[0;1mp[0m| |[0;1mK[0m|[0;1mp[0m|[7;1m [0m| || 2
[32;1m[Board] [0m   -------------------
[32;1m[Board] [0m 1 ||[0;1mr[0m|[7;1m [0m| |[7;1m [0m| |[7;1m [0m| |[7;1m [0m|| 1
[32;1m[Board] [0m   -------------------
[32;1m[Board] [0m     a b c d e f g h
[32;1m[Board] [0m
[32;1m[Referee] [0mThis is the turn of the Black player...
new one at 2 number of nodes 43 no of distinct states visited 43 time left 9.99272
new one at 3 number of nodes 377 no of distinct states visited 376 time left 9.92759
new one at 4 number of nodes 2046 no of distinct states visited 2129 time left 9.58504
new one at 5 number of nodes 14579 no of distinct states visited 13639 time left 7.18242
new one at 6 number of nodes 35680 no of distinct states visited 39493 time left 0.99978
ok it did depth 5 and now we're doing move h7g8 with evaluation 1440 number of nodes examined is 14579
[32;1m[Game] [0mPlayer's error code: 0
[32;1m[Game] [0mChecking move validity...
[32;1m[Board] [0mInitializing board (size: 8)...
[32;1m[Board] [0m32 piece(s) on board.
[32;1m[Board] [0mLoading history file `championship/chessgambit-chess_project_pelm/history.csv`...
[32;1m[Board] [0mLoaded 39 move(s).
[32;1m[Board] [0mHistory replayed, 22 piece(s) on board.
[32;1m[Board] [0mLoading move file `championship/chessgambit-chess_project_pelm/move.csv`...
[32;1m[Board] [0mBlack player is playing h7 to g8.
[32;1m[Board] [0m
[32;1m[Board] [0m     a b c d e f g h
[32;1m[Board] [0m   -------------------
[32;1m[Board] [0m 8 ||[30;1mr[0m| |[30;1mb[0m| |[7;1m [0m|[30;1mr[0m|[30;1mK[0m| || 8
[32;1m[Board] [0m   -------------------
[32;1m[Board] [0m 7 ||[30;1mp[0m|[30;1mp[0m|[30;1mp[0m|[7;1m [0m| |[30;1mp[0m| |[7;1m [0m|| 7
[32;1m[Board] [0m   -------------------
[32;1m[Board] [0m 6 ||[7;1m [0m| |[30;1mk[0m| |[30;1mp[0m|[30;1mp[0m|[7;1m [0m| || 6
[32;1m[Board] [0m   -------------------
[32;1m[Board] [0m 5 || |[7;1m [0m| |[7;1m [0m| |[7;1m [0m| |[7;1m [0m|| 5
[32;1m[Board] [0m   -------------------
[32;1m[Board] [0m 4 ||[7;1m [0m|[30;1mb[0m|[7;1m [0m|[0;1mp[0m|[7;1m [0m| |[7;1m [0m| || 4
[32;1m[Board] [0m   -------------------
[32;1m[Board] [0m 3 || |[7;1m [0m| |[0;1mQ[0m|[0;1mb[0m|[7;1m [0m| |[30;1mQ[0m|| 3
[32;1m[Board] [0m   -------------------
[32;1m[Board] [0m 2 ||[0;1mp[0m|[0;1mp[0m|[0;1mp[0m| |[0;1mK[0m|[0;1mp[0m|[7;1m [0m| || 2
[32;1m[Board] [0m   -------------------
[32;1m[Board] [0m 1 ||[0;1mr[0m|[7;1m [0m| |[7;1m [0m| |[7;1m [0m| |[7;1m [0m|| 1
[32;1m[Board] [0m   -------------------
[32;1m[Board] [0m     a b c d e f g h
[32;1m[Board] [0m
[32;1m[Referee] [0mThis is the turn of the White player...
Inputed Board
Currently playing: White

------------------------------Current Search Space--------------------------------------------
Possible moves for piece: P:
 P: (4,3)->(3,3) / d4d5
 P: (6,0)->(5,0) / a2a3
 P: (6,0)->(4,0) / a2a4
 P: (6,1)->(5,1) / b2b3
 P: (6,2)->(5,2) / c2c3
 P: (6,2)->(4,2) / c2c4
 P: (6,5)->(5,5) / f2f3
 P: (6,5)->(4,5) / f2f4
Possible moves for piece: R:
 R: (7,0)->(7,1) / a1b1
 R: (7,0)->(7,2) / a1c1
 R: (7,0)->(7,3) / a1d1
 R: (7,0)->(7,4) / a1e1
 R: (7,0)->(7,5) / a1f1
 R: (7,0)->(7,6) / a1g1
 R: (7,0)->(7,7) / a1h1
Possible moves for piece: B:
 B: (5,4)->(4,5) / e3f4
 B: (5,4)->(3,6) / e3g5
 B: (5,4)->(2,7) / e3h6
 B: (5,4)->(6,3) / e3d2
 B: (5,4)->(7,2) / e3c1
Possible moves for piece: Q:
 Q: (5,3)->(6,3) / d3d2
 Q: (5,3)->(7,3) / d3d1
 Q: (5,3)->(5,2) / d3c3
 Q: (5,3)->(5,1) / d3b3
 Q: (5,3)->(5,0) / d3a3
 Q: (5,3)->(4,2) / d3c4
 Q: (5,3)->(3,1) / d3b5
 Q: (5,3)->(2,0) / d3a6
 Q: (5,3)->(4,4) / d3e4
 Q: (5,3)->(3,5) / d3f5
 Q: (5,3)->(2,6) / d3g6
 Q: (5,3)->(1,7) / d3h7
Possible moves for piece: K:
 K: (6,4)->(7,4) / e2e1
 K: (6,4)->(6,3) / e2d2
 K: (6,4)->(7,5) / e2f1
 K: (6,4)->(7,3) / e2d1
 K: (6,4)->(5,5) / e2f3

------------------------------Filtered Search Space--------------------------------------------
Possible moves for piece: P:
 P: (4,3)->(3,3) / d4d5
 P: (6,0)->(5,0) / a2a3
 P: (6,0)->(4,0) / a2a4
 P: (6,1)->(5,1) / b2b3
 P: (6,2)->(5,2) / c2c3
 P: (6,2)->(4,2) / c2c4
 P: (6,5)->(5,5) / f2f3
 P: (6,5)->(4,5) / f2f4
Possible moves for piece: R:
 R: (7,0)->(7,1) / a1b1
 R: (7,0)->(7,2) / a1c1
 R: (7,0)->(7,3) / a1d1
 R: (7,0)->(7,4) / a1e1
 R: (7,0)->(7,5) / a1f1
 R: (7,0)->(7,6) / a1g1
 R: (7,0)->(7,7) / a1h1
Possible moves for piece: B:
 B: (5,4)->(4,5) / e3f4
 B: (5,4)->(3,6) / e3g5
 B: (5,4)->(2,7) / e3h6
 B: (5,4)->(6,3) / e3d2
 B: (5,4)->(7,2) / e3c1
Possible moves for piece: Q:
 Q: (5,3)->(6,3) / d3d2
 Q: (5,3)->(7,3) / d3d1
 Q: (5,3)->(5,2) / d3c3
 Q: (5,3)->(5,1) / d3b3
 Q: (5,3)->(5,0) / d3a3
 Q: (5,3)->(4,2) / d3c4
 Q: (5,3)->(3,1) / d3b5
 Q: (5,3)->(2,0) / d3a6
 Q: (5,3)->(4,4) / d3e4
 Q: (5,3)->(3,5) / d3f5
 Q: (5,3)->(2,6) / d3g6
 Q: (5,3)->(1,7) / d3h7
Possible moves for piece: K:
 K: (6,4)->(7,3) / e2d1

--------------------------------Info on Attacks---------------------------------------------------
Squares attacked by Black pieces:
(0,1) (0,3) (0,4) (0,7) (1,3) (1,4) (1,6) (1,7) (2,0) (2,1) (2,3) (2,6) (2,7) (3,0) (3,2) (3,3) (3,4) (3,5) (3,6) (3,7) (4,3) (4,6) (4,7) (5,0) (5,2) (5,4) (5,5) (5,6) (6,3) (6,6) (6,7) (7,4) (7,5) (7,7) 

-------------------------------Squares controlled by the enemy------------------------------------
* X * X X * * X 
* * * X X * X X 
X X * X * * X X 
X * X X X X X X 
* * * X * * X X 
X * X * X X X * 
* * * X * * X X 
* * * * X X * X 

------------------------------Check Information---------------------------------------------------
White King located at: (6,4)
White King is safe, no check at this position.

------------------------------Special Move Information-------------------------------------------
No en passant allowed right now
------------------------------Castling Rights Information-------------------------------------------
White Kingside Castle:  NOT AVAILABLE
White Queenside Castle: NOT AVAILABLE
Black Kingside Castle:  NOT AVAILABLE
Black Queenside Castle: NOT AVAILABLE
---------------------------------------------------------------------------------------------------

========== CAPTURE EXPLORATION ==========
========================================

========== CHECK EXPLORATION ==========
[0] Candidate: Q -> (5,3) -> (2,6) | Checking move: Q (5,3) -> (2,6)Checkmate: NO
[1] Candidate: Q -> (5,3) -> (1,7) | Checking move: Q (5,3) -> (1,7)Checkmate: NO
[2] Candidate: R -> (7,0) -> (7,6) | Checking move: R (7,0) -> (7,6)Checkmate: NO
======================================
--------------------------------------------------------------------------------------------------
Chosen Move: (5,3) --> (7,3)
 / d3d1

r * b * * r k * 
p p p * * p * * 
* * n * p p * * 
* * * * * * * * 
* b * P * * * * 
* * * * B * * q 
P P P * K P * * 
R * * Q * * * * 

Code timed out used determine move
[32;1m[Game] [0mPlayer's error code: 0
[32;1m[Game] [0mChecking move validity...
[32;1m[Board] [0mInitializing board (size: 8)...
[32;1m[Board] [0m32 piece(s) on board.
[32;1m[Board] [0mLoading history file `championship/chessgambit-chess_project_pelm/history.csv`...
[32;1m[Board] [0mLoaded 40 move(s).
[32;1m[Board] [0mHistory replayed, 22 piece(s) on board.
[32;1m[Board] [0mLoading move file `championship/chessgambit-chess_project_pelm/move.csv`...
[32;1m[Board] [0mWhite player is playing d3 to d1.
[32;1m[Board] [0m
[32;1m[Board] [0m     a b c d e f g h
[32;1m[Board] [0m   -------------------
[32;1m[Board] [0m 8 ||[30;1mr[0m| |[30;1mb[0m| |[7;1m [0m|[30;1mr[0m|[30;1mK[0m| || 8
[32;1m[Board] [0m   -------------------
[32;1m[Board] [0m 7 ||[30;1mp[0m|[30;1mp[0m|[30;1mp[0m|[7;1m [0m| |[30;1mp[0m| |[7;1m [0m|| 7
[32;1m[Board] [0m   -------------------
[32;1m[Board] [0m 6 ||[7;1m [0m| |[30;1mk[0m| |[30;1mp[0m|[30;1mp[0m|[7;1m [0m| || 6
[32;1m[Board] [0m   -------------------
[32;1m[Board] [0m 5 || |[7;1m [0m| |[7;1m [0m| |[7;1m [0m| |[7;1m [0m|| 5
[32;1m[Board] [0m   -------------------
[32;1m[Board] [0m 4 ||[7;1m [0m|[30;1mb[0m|[7;1m [0m|[0;1mp[0m|[7;1m [0m| |[7;1m [0m| || 4
[32;1m[Board] [0m   -------------------
[32;1m[Board] [0m 3 || |[7;1m [0m| |[7;1m [0m|[0;1mb[0m|[7;1m [0m| |[30;1mQ[0m|| 3
[32;1m[Board] [0m   -------------------
[32;1m[Board] [0m 2 ||[0;1mp[0m|[0;1mp[0m|[0;1mp[0m| |[0;1mK[0m|[0;1mp[0m|[7;1m [0m| || 2
[32;1m[Board] [0m   -------------------
[32;1m[Board] [0m 1 ||[0;1mr[0m|[7;1m [0m| |[0;1mQ[0m| |[7;1m [0m| |[7;1m [0m|| 1
[32;1m[Board] [0m   -------------------
[32;1m[Board] [0m     a b c d e f g h
[32;1m[Board] [0m
[32;1m[Referee] [0mThis is the turn of the Black player...
new one at 2 number of nodes 137 no of distinct states visited 137 time left 9.96988
new one at 3 number of nodes 1747 no of distinct states visited 1631 time left 9.73504
new one at 4 number of nodes 6238 no of distinct states visited 6043 time left 8.58984
new one at 5 number of nodes 58477 no of distinct states visited 45492 time left 0.999724
ok it did depth 4 and now we're doing move h3h5 with evaluation 1305 number of nodes examined is 6238
[32;1m[Game] [0mPlayer's error code: 0
[32;1m[Game] [0mChecking move validity...
[32;1m[Board] [0mInitializing board (size: 8)...
[32;1m[Board] [0m32 piece(s) on board.
[32;1m[Board] [0mLoading history file `championship/chessgambit-chess_project_pelm/history.csv`...
[32;1m[Board] [0mLoaded 41 move(s).
[32;1m[Board] [0mHistory replayed, 22 piece(s) on board.
[32;1m[Board] [0mLoading move file `championship/chessgambit-chess_project_pelm/move.csv`...
[32;1m[Board] [0mBlack player is playing h3 to h5.
[32;1m[Board] [0m
[32;1m[Board] [0m     a b c d e f g h
[32;1m[Board] [0m   -------------------
[32;1m[Board] [0m 8 ||[30;1mr[0m| |[30;1mb[0m| |[7;1m [0m|[30;1mr[0m|[30;1mK[0m| || 8
[32;1m[Board] [0m   -------------------
[32;1m[Board] [0m 7 ||[30;1mp[0m|[30;1mp[0m|[30;1mp[0m|[7;1m [0m| |[30;1mp[0m| |[7;1m [0m|| 7
[32;1m[Board] [0m   -------------------
[32;1m[Board] [0m 6 ||[7;1m [0m| |[30;1mk[0m| |[30;1mp[0m|[30;1mp[0m|[7;1m [0m| || 6
[32;1m[Board] [0m   -------------------
[32;1m[Board] [0m 5 || |[7;1m [0m| |[7;1m [0m| |[7;1m [0m| |[30;1mQ[0m|| 5
[32;1m[Board] [0m   -------------------
[32;1m[Board] [0m 4 ||[7;1m [0m|[30;1mb[0m|[7;1m [0m|[0;1mp[0m|[7;1m [0m| |[7;1m [0m| || 4
[32;1m[Board] [0m   -------------------
[32;1m[Board] [0m 3 || |[7;1m [0m| |[7;1m [0m|[0;1mb[0m|[7;1m [0m| |[7;1m [0m|| 3
[32;1m[Board] [0m   -------------------
[32;1m[Board] [0m 2 ||[0;1mp[0m|[0;1mp[0m|[0;1mp[0m| |[0;1mK[0m|[0;1mp[0m|[7;1m [0m| || 2
[32;1m[Board] [0m   -------------------
[32;1m[Board] [0m 1 ||[0;1mr[0m|[7;1m [0m| |[0;1mQ[0m| |[7;1m [0m| |[7;1m [0m|| 1
[32;1m[Board] [0m   -------------------
[32;1m[Board] [0m     a b c d e f g h
[32;1m[Board] [0m
[32;1m[Referee] [0mThis is the turn of the White player...
Inputed Board
Currently playing: White

------------------------------Current Search Space--------------------------------------------
Possible moves for piece: P:
 P: (4,3)->(3,3) / d4d5
 P: (6,0)->(5,0) / a2a3
 P: (6,0)->(4,0) / a2a4
 P: (6,1)->(5,1) / b2b3
 P: (6,2)->(5,2) / c2c3
 P: (6,2)->(4,2) / c2c4
 P: (6,5)->(5,5) / f2f3
 P: (6,5)->(4,5) / f2f4
Possible moves for piece: R:
 R: (7,0)->(7,1) / a1b1
 R: (7,0)->(7,2) / a1c1
Possible moves for piece: B:
 B: (5,4)->(4,5) / e3f4
 B: (5,4)->(3,6) / e3g5
 B: (5,4)->(2,7) / e3h6
 B: (5,4)->(6,3) / e3d2
 B: (5,4)->(7,2) / e3c1
Possible moves for piece: Q:
 Q: (7,3)->(6,3) / d1d2
 Q: (7,3)->(5,3) / d1d3
 Q: (7,3)->(7,4) / d1e1
 Q: (7,3)->(7,5) / d1f1
 Q: (7,3)->(7,6) / d1g1
 Q: (7,3)->(7,7) / d1h1
 Q: (7,3)->(7,2) / d1c1
 Q: (7,3)->(7,1) / d1b1
Possible moves for piece: K:
 K: (6,4)->(7,4) / e2e1
 K: (6,4)->(6,3) / e2d2
 K: (6,4)->(7,5) / e2f1
 K: (6,4)->(5,5) / e2f3
 K: (6,4)->(5,3) / e2d3

------------------------------Filtered Search Space--------------------------------------------
Possible moves for piece: P:
 P: (6,5)->(5,5) / f2f3
Possible moves for piece: K:
 K: (6,4)->(7,5) / e2f1
 K: (6,4)->(5,3) / e2d3

--------------------------------Info on Attacks---------------------------------------------------
Squares attacked by Black pieces:
(0,1) (0,3) (0,4) (0,7) (1,3) (1,4) (1,6) (1,7) (2,0) (2,1) (2,3) (2,6) (2,7) (3,0) (3,1) (3,2) (3,3) (3,4) (3,5) (3,6) (4,3) (4,6) (4,7) (5,0) (5,2) (5,5) (5,7) (6,3) (6,4) (6,7) (7,4) (7,7) 

-------------------------------Squares controlled by the enemy------------------------------------
* X * X X * * X 
* * * X X * X X 
X X * X * * X X 
X X X X X X X * 
* * * X * * X X 
X * X * * X * X 
* * * X X * * X 
* * * * X * * X 

------------------------------Check Information---------------------------------------------------
White King located at: (6,4)
White King is in check by q at (3,7)

------------------------------Special Move Information-------------------------------------------
No en passant allowed right now
------------------------------Castling Rights Information-------------------------------------------
White Kingside Castle:  NOT AVAILABLE
White Queenside Castle: NOT AVAILABLE
Black Kingside Castle:  NOT AVAILABLE
Black Queenside Castle: NOT AVAILABLE
---------------------------------------------------------------------------------------------------

========== CAPTURE EXPLORATION ==========
========================================

========== CHECK EXPLORATION ==========
(no checks found)
======================================
--------------------------------------------------------------------------------------------------
Chosen Move: (6,4) --> (7,5)
 / e2f1

r * b * * r k * 
p p p * * p * * 
* * n * p p * * 
* * * * * * * q 
* b * P * * * * 
* * * * B * * * 
P P P * * P * * 
R * * Q * K * * 

[32;1m[Game] [0mPlayer's error code: 0
[32;1m[Game] [0mChecking move validity...
[32;1m[Board] [0mInitializing board (size: 8)...
[32;1m[Board] [0m32 piece(s) on board.
[32;1m[Board] [0mLoading history file `championship/chessgambit-chess_project_pelm/history.csv`...
[32;1m[Board] [0mLoaded 42 move(s).
[32;1m[Board] [0mHistory replayed, 22 piece(s) on board.
[32;1m[Board] [0mLoading move file `championship/chessgambit-chess_project_pelm/move.csv`...
[32;1m[Board] [0mWhite player is playing e2 to f1.
[32;1m[Board] [0m
[32;1m[Board] [0m     a b c d e f g h
[32;1m[Board] [0m   -------------------
[32;1m[Board] [0m 8 ||[30;1mr[0m| |[30;1mb[0m| |[7;1m [0m|[30;1mr[0m|[30;1mK[0m| || 8
[32;1m[Board] [0m   -------------------
[32;1m[Board] [0m 7 ||[30;1mp[0m|[30;1mp[0m|[30;1mp[0m|[7;1m [0m| |[30;1mp[0m| |[7;1m [0m|| 7
[32;1m[Board] [0m   -------------------
[32;1m[Board] [0m 6 ||[7;1m [0m| |[30;1mk[0m| |[30;1mp[0m|[30;1mp[0m|[7;1m [0m| || 6
[32;1m[Board] [0m   -------------------
[32;1m[Board] [0m 5 || |[7;1m [0m| |[7;1m [0m| |[7;1m [0m| |[30;1mQ[0m|| 5
[32;1m[Board] [0m   -------------------
[32;1m[Board] [0m 4 ||[7;1m [0m|[30;1mb[0m|[7;1m [0m|[0;1mp[0m|[7;1m [0m| |[7;1m [0m| || 4
[32;1m[Board] [0m   -------------------
[32;1m[Board] [0m 3 || |[7;1m [0m| |[7;1m [0m|[0;1mb[0m|[7;1m [0m| |[7;1m [0m|| 3
[32;1m[Board] [0m   -------------------
[32;1m[Board] [0m 2 ||[0;1mp[0m|[0;1mp[0m|[0;1mp[0m| |[7;1m [0m|[0;1mp[0m|[7;1m [0m| || 2
[32;1m[Board] [0m   -------------------
[32;1m[Board] [0m 1 ||[0;1mr[0m|[7;1m [0m| |[0;1mQ[0m| |[0;1mK[0m| |[7;1m [0m|| 1
[32;1m[Board] [0m   -------------------
[32;1m[Board] [0m     a b c d e f g h
[32;1m[Board] [0m
[32;1m[Referee] [0mThis is the turn of the Black player...
new one at 2 number of nodes 96 no of distinct states visited 95 time left 9.97987
new one at 3 number of nodes 1717 no of distinct states visited 1319 time left 9.76544
new one at 4 number of nodes 3492 no of distinct states visited 3027 time left 8.95895
new one at 5 number of nodes 43823 no of distinct states visited 28345 time left 3.29815
new one at 6 number of nodes 10624 no of distinct states visited 33822 time left 0.9998
ok it did depth 5 and now we're doing move h5h1 with evaluation 1640 number of nodes examined is 43823
[32;1m[Game] [0mPlayer's error code: 0
[32;1m[Game] [0mChecking move validity...
[32;1m[Board] [0mInitializing board (size: 8)...
[32;1m[Board] [0m32 piece(s) on board.
[32;1m[Board] [0mLoading history file `championship/chessgambit-chess_project_pelm/history.csv`...
[32;1m[Board] [0mLoaded 43 move(s).
[32;1m[Board] [0mHistory replayed, 22 piece(s) on board.
[32;1m[Board] [0mLoading move file `championship/chessgambit-chess_project_pelm/move.csv`...
[32;1m[Board] [0mBlack player is playing h5 to h1.
[32;1m[Board] [0m
[32;1m[Board] [0m     a b c d e f g h
[32;1m[Board] [0m   -------------------
[32;1m[Board] [0m 8 ||[30;1mr[0m| |[30;1mb[0m| |[7;1m [0m|[30;1mr[0m|[30;1mK[0m| || 8
[32;1m[Board] [0m   -------------------
[32;1m[Board] [0m 7 ||[30;1mp[0m|[30;1mp[0m|[30;1mp[0m|[7;1m [0m| |[30;1mp[0m| |[7;1m [0m|| 7
[32;1m[Board] [0m   -------------------
[32;1m[Board] [0m 6 ||[7;1m [0m| |[30;1mk[0m| |[30;1mp[0m|[30;1mp[0m|[7;1m [0m| || 6
[32;1m[Board] [0m   -------------------
[32;1m[Board] [0m 5 || |[7;1m [0m| |[7;1m [0m| |[7;1m [0m| |[7;1m [0m|| 5
[32;1m[Board] [0m   -------------------
[32;1m[Board] [0m 4 ||[7;1m [0m|[30;1mb[0m|[7;1m [0m|[0;1mp[0m|[7;1m [0m| |[7;1m [0m| || 4
[32;1m[Board] [0m   -------------------
[32;1m[Board] [0m 3 || |[7;1m [0m| |[7;1m [0m|[0;1mb[0m|[7;1m [0m| |[7;1m [0m|| 3
[32;1m[Board] [0m   -------------------
[32;1m[Board] [0m 2 ||[0;1mp[0m|[0;1mp[0m|[0;1mp[0m| |[7;1m [0m|[0;1mp[0m|[7;1m [0m| || 2
[32;1m[Board] [0m   -------------------
[32;1m[Board] [0m 1 ||[0;1mr[0m|[7;1m [0m| |[0;1mQ[0m| |[0;1mK[0m| |[30;1mQ[0m|| 1
[32;1m[Board] [0m   -------------------
[32;1m[Board] [0m     a b c d e f g h
[32;1m[Board] [0m
[32;1m[Referee] [0mThis is the turn of the White player...
Inputed Board
Currently playing: White

------------------------------Current Search Space--------------------------------------------
Possible moves for piece: P:
 P: (4,3)->(3,3) / d4d5
 P: (6,0)->(5,0) / a2a3
 P: (6,0)->(4,0) / a2a4
 P: (6,1)->(5,1) / b2b3
 P: (6,2)->(5,2) / c2c3
 P: (6,2)->(4,2) / c2c4
 P: (6,5)->(5,5) / f2f3
 P: (6,5)->(4,5) / f2f4
Possible moves for piece: R:
 R: (7,0)->(7,1) / a1b1
 R: (7,0)->(7,2) / a1c1
Possible moves for piece: B:
 B: (5,4)->(4,5) / e3f4
 B: (5,4)->(3,6) / e3g5
 B: (5,4)->(2,7) / e3h6
 B: (5,4)->(6,3) / e3d2
 B: (5,4)->(7,2) / e3c1
Possible moves for piece: Q:
 Q: (7,3)->(6,3) / d1d2
 Q: (7,3)->(5,3) / d1d3
 Q: (7,3)->(7,4) / d1e1
 Q: (7,3)->(7,2) / d1c1
 Q: (7,3)->(7,1) / d1b1
 Q: (7,3)->(6,4) / d1e2
 Q: (7,3)->(5,5) / d1f3
 Q: (7,3)->(4,6) / d1g4
 Q: (7,3)->(3,7) / d1h5
Possible moves for piece: K:
 K: (7,5)->(7,6) / f1g1
 K: (7,5)->(7,4) / f1e1
 K: (7,5)->(6,6) / f1g2
 K: (7,5)->(6,4) / f1e2

------------------------------Filtered Search Space--------------------------------------------
Possible moves for piece: K:
 K: (7,5)->(6,4) / f1e2

--------------------------------Info on Attacks---------------------------------------------------
Squares attacked by Black pieces:
(0,1) (0,3) (0,4) (0,7) (1,3) (1,4) (1,6) (1,7) (2,0) (2,1) (2,3) (2,6) (2,7) (3,0) (3,2) (3,3) (3,4) (3,5) (3,6) (3,7) (4,3) (4,4) (4,7) (5,0) (5,2) (5,5) (5,7) (6,3) (6,6) (6,7) (7,4) (7,5) (7,6) 

-------------------------------Squares controlled by the enemy------------------------------------
* X * X X * * X 
* * * X X * X X 
X X * X * * X X 
X * X X X X X X 
* * * X X * * X 
X * X * * X * X 
* * * X * * X X 
* * * * X X X * 

------------------------------Check Information---------------------------------------------------
White King located at: (7,5)
White King is in check by q at (7,7)

------------------------------Special Move Information-------------------------------------------
No en passant allowed right now
------------------------------Castling Rights Information-------------------------------------------
White Kingside Castle:  NOT AVAILABLE
White Queenside Castle: NOT AVAILABLE
Black Kingside Castle:  NOT AVAILABLE
Black Queenside Castle: NOT AVAILABLE
---------------------------------------------------------------------------------------------------

========== CAPTURE EXPLORATION ==========
========================================

========== CHECK EXPLORATION ==========
(no checks found)
======================================
--------------------------------------------------------------------------------------------------
Chosen Move: (7,5) --> (6,4)
 / f1e2

r * b * * r k * 
p p p * * p * * 
* * n * p p * * 
* * * * * * * * 
* b * P * * * * 
* * * * B * * * 
P P P * K P * * 
R * * Q * * * q 

[32;1m[Game] [0mPlayer's error code: 0
[32;1m[Game] [0mChecking move validity...
[32;1m[Board] [0mInitializing board (size: 8)...
[32;1m[Board] [0m32 piece(s) on board.
[32;1m[Board] [0mLoading history file `championship/chessgambit-chess_project_pelm/history.csv`...
[32;1m[Board] [0mLoaded 44 move(s).
[32;1m[Board] [0mHistory replayed, 22 piece(s) on board.
[32;1m[Board] [0mLoading move file `championship/chessgambit-chess_project_pelm/move.csv`...
[32;1m[Board] [0mWhite player is playing f1 to e2.
[32;1m[Board] [0m
[32;1m[Board] [0m     a b c d e f g h
[32;1m[Board] [0m   -------------------
[32;1m[Board] [0m 8 ||[30;1mr[0m| |[30;1mb[0m| |[7;1m [0m|[30;1mr[0m|[30;1mK[0m| || 8
[32;1m[Board] [0m   -------------------
[32;1m[Board] [0m 7 ||[30;1mp[0m|[30;1mp[0m|[30;1mp[0m|[7;1m [0m| |[30;1mp[0m| |[7;1m [0m|| 7
[32;1m[Board] [0m   -------------------
[32;1m[Board] [0m 6 ||[7;1m [0m| |[30;1mk[0m| |[30;1mp[0m|[30;1mp[0m|[7;1m [0m| || 6
[32;1m[Board] [0m   -------------------
[32;1m[Board] [0m 5 || |[7;1m [0m| |[7;1m [0m| |[7;1m [0m| |[7;1m [0m|| 5
[32;1m[Board] [0m   -------------------
[32;1m[Board] [0m 4 ||[7;1m [0m|[30;1mb[0m|[7;1m [0m|[0;1mp[0m|[7;1m [0m| |[7;1m [0m| || 4
[32;1m[Board] [0m   -------------------
[32;1m[Board] [0m 3 || |[7;1m [0m| |[7;1m [0m|[0;1mb[0m|[7;1m [0m| |[7;1m [0m|| 3
[32;1m[Board] [0m   -------------------
[32;1m[Board] [0m 2 ||[0;1mp[0m|[0;1mp[0m|[0;1mp[0m| |[0;1mK[0m|[0;1mp[0m|[7;1m [0m| || 2
[32;1m[Board] [0m   -------------------
[32;1m[Board] [0m 1 ||[0;1mr[0m|[7;1m [0m| |[0;1mQ[0m| |[7;1m [0m| |[30;1mQ[0m|| 1
[32;1m[Board] [0m   -------------------
[32;1m[Board] [0m     a b c d e f g h
[32;1m[Board] [0m
[32;1m[Referee] [0mThis is the turn of the Black player...
new one at 2 number of nodes 88 no of distinct states visited 87 time left 9.982
new one at 3 number of nodes 1392 no of distinct states visited 1109 time left 9.80306
new one at 4 number of nodes 4600 no of distinct states visited 3914 time left 8.82863
new one at 5 number of nodes 49187 no of distinct states visited 37680 time left 1.90602
new one at 6 number of nodes 4694 no of distinct states visited 40378 time left 0.999714
ok it did depth 5 and now we're doing move b4e1 with evaluation 1465 number of nodes examined is 49187
[32;1m[Game] [0mPlayer's error code: 0
[32;1m[Game] [0mChecking move validity...
[32;1m[Board] [0mInitializing board (size: 8)...
[32;1m[Board] [0m32 piece(s) on board.
[32;1m[Board] [0mLoading history file `championship/chessgambit-chess_project_pelm/history.csv`...
[32;1m[Board] [0mLoaded 45 move(s).
[32;1m[Board] [0mHistory replayed, 22 piece(s) on board.
[32;1m[Board] [0mLoading move file `championship/chessgambit-chess_project_pelm/move.csv`...
[32;1m[Board] [0mBlack player is playing b4 to e1.
[32;1m[Board] [0m
[32;1m[Board] [0m     a b c d e f g h
[32;1m[Board] [0m   -------------------
[32;1m[Board] [0m 8 ||[30;1mr[0m| |[30;1mb[0m| |[7;1m [0m|[30;1mr[0m|[30;1mK[0m| || 8
[32;1m[Board] [0m   -------------------
[32;1m[Board] [0m 7 ||[30;1mp[0m|[30;1mp[0m|[30;1mp[0m|[7;1m [0m| |[30;1mp[0m| |[7;1m [0m|| 7
[32;1m[Board] [0m   -------------------
[32;1m[Board] [0m 6 ||[7;1m [0m| |[30;1mk[0m| |[30;1mp[0m|[30;1mp[0m|[7;1m [0m| || 6
[32;1m[Board] [0m   -------------------
[32;1m[Board] [0m 5 || |[7;1m [0m| |[7;1m [0m| |[7;1m [0m| |[7;1m [0m|| 5
[32;1m[Board] [0m   -------------------
[32;1m[Board] [0m 4 ||[7;1m [0m| |[7;1m [0m|[0;1mp[0m|[7;1m [0m| |[7;1m [0m| || 4
[32;1m[Board] [0m   -------------------
[32;1m[Board] [0m 3 || |[7;1m [0m| |[7;1m [0m|[0;1mb[0m|[7;1m [0m| |[7;1m [0m|| 3
[32;1m[Board] [0m   -------------------
[32;1m[Board] [0m 2 ||[0;1mp[0m|[0;1mp[0m|[0;1mp[0m| |[0;1mK[0m|[0;1mp[0m|[7;1m [0m| || 2
[32;1m[Board] [0m   -------------------
[32;1m[Board] [0m 1 ||[0;1mr[0m|[7;1m [0m| |[0;1mQ[0m|[30;1mb[0m|[7;1m [0m| |[30;1mQ[0m|| 1
[32;1m[Board] [0m   -------------------
[32;1m[Board] [0m     a b c d e f g h
[32;1m[Board] [0m
[32;1m[Referee] [0mThis is the turn of the White player...
Inputed Board
Currently playing: White

------------------------------Current Search Space--------------------------------------------
Possible moves for piece: P:
 P: (4,3)->(3,3) / d4d5
 P: (6,0)->(5,0) / a2a3
 P: (6,0)->(4,0) / a2a4
 P: (6,1)->(5,1) / b2b3
 P: (6,1)->(4,1) / b2b4
 P: (6,2)->(5,2) / c2c3
 P: (6,2)->(4,2) / c2c4
 P: (6,5)->(5,5) / f2f3
 P: (6,5)->(4,5) / f2f4
Possible moves for piece: R:
 R: (7,0)->(7,1) / a1b1
 R: (7,0)->(7,2) / a1c1
Possible moves for piece: B:
 B: (5,4)->(4,5) / e3f4
 B: (5,4)->(3,6) / e3g5
 B: (5,4)->(2,7) / e3h6
 B: (5,4)->(6,3) / e3d2
 B: (5,4)->(7,2) / e3c1
Possible moves for piece: Q:
 Q: (7,3)->(6,3) / d1d2
 Q: (7,3)->(5,3) / d1d3
 Q: (7,3)->(7,4) / d1e1
 Q: (7,3)->(7,2) / d1c1
 Q: (7,3)->(7,1) / d1b1
Possible moves for piece: K:
 K: (6,4)->(7,4) / e2e1
 K: (6,4)->(6,3) / e2d2
 K: (6,4)->(7,5) / e2f1
 K: (6,4)->(5,5) / e2f3
 K: (6,4)->(5,3) / e2d3

------------------------------Filtered Search Space--------------------------------------------
Possible moves for piece: P:
 P: (4,3)->(3,3) / d4d5
 P: (6,0)->(5,0) / a2a3
 P: (6,0)->(4,0) / a2a4
 P: (6,1)->(5,1) / b2b3
 P: (6,1)->(4,1) / b2b4
 P: (6,2)->(5,2) / c2c3
 P: (6,2)->(4,2) / c2c4
 P: (6,5)->(5,5) / f2f3
 P: (6,5)->(4,5) / f2f4
Possible moves for piece: R:
 R: (7,0)->(7,1) / a1b1
 R: (7,0)->(7,2) / a1c1
Possible moves for piece: B:
 B: (5,4)->(4,5) / e3f4
 B: (5,4)->(3,6) / e3g5
 B: (5,4)->(2,7) / e3h6
 B: (5,4)->(6,3) / e3d2
 B: (5,4)->(7,2) / e3c1
Possible moves for piece: Q:
 Q: (7,3)->(6,3) / d1d2
 Q: (7,3)->(5,3) / d1d3
 Q: (7,3)->(7,4) / d1e1
 Q: (7,3)->(7,2) / d1c1
 Q: (7,3)->(7,1) / d1b1
Possible moves for piece: K:
 K: (6,4)->(5,3) / e2d3

--------------------------------Info on Attacks---------------------------------------------------
Squares attacked by Black pieces:
(0,1) (0,3) (0,4) (0,7) (1,3) (1,4) (1,6) (1,7) (2,0) (2,1) (2,3) (2,6) (2,7) (3,0) (3,3) (3,4) (3,5) (3,6) (3,7) (4,1) (4,3) (4,4) (4,7) (5,2) (5,5) (5,7) (6,3) (6,5) (6,6) (6,7) (7,5) (7,6) 

-------------------------------Squares controlled by the enemy------------------------------------
* X * X X * * X 
* * * X X * X X 
X X * X * * X X 
X * * X X X X X 
* X * X X * * X 
* * X * * X * X 
* * * X * X X X 
* * * * * X X * 

------------------------------Check Information---------------------------------------------------
White King located at: (6,4)
White King is safe, no check at this position.

------------------------------Special Move Information-------------------------------------------
No en passant allowed right now
------------------------------Castling Rights Information-------------------------------------------
White Kingside Castle:  NOT AVAILABLE
White Queenside Castle: NOT AVAILABLE
Black Kingside Castle:  NOT AVAILABLE
Black Queenside Castle: NOT AVAILABLE
---------------------------------------------------------------------------------------------------

========== CAPTURE EXPLORATION ==========
[0] Q x b | Potential loss: NO | Score: 330
========================================

========== CHECK EXPLORATION ==========
(no checks found)
======================================
--------------------------------------------------------------------------------------------------
Chosen Move: (7,3) --> (7,4)
 / d1e1

r * b * * r k * 
p p p * * p * * 
* * n * p p * * 
* * * * * * * * 
* * * P * * * * 
* * * * B * * * 
P P P * K P * * 
R * * * Q * * q 

[32;1m[Game] [0mPlayer's error code: 0
[32;1m[Game] [0mChecking move validity...
[32;1m[Board] [0mInitializing board (size: 8)...
[32;1m[Board] [0m32 piece(s) on board.
[32;1m[Board] [0mLoading history file `championship/chessgambit-chess_project_pelm/history.csv`...
[32;1m[Board] [0mLoaded 46 move(s).
[32;1m[Board] [0mHistory replayed, 22 piece(s) on board.
[32;1m[Board] [0mLoading move file `championship/chessgambit-chess_project_pelm/move.csv`...
[32;1m[Board] [0mWhite player is playing d1 to e1.
[32;1m[Board] [0m[5;1mWhite Queen is taking Black Bishop.[0m
[32;1m[Board] [0m
[32;1m[Board] [0m     a b c d e f g h
[32;1m[Board] [0m   -------------------
[32;1m[Board] [0m 8 ||[30;1mr[0m| |[30;1mb[0m| |[7;1m [0m|[30;1mr[0m|[30;1mK[0m| || 8
[32;1m[Board] [0m   -------------------
[32;1m[Board] [0m 7 ||[30;1mp[0m|[30;1mp[0m|[30;1mp[0m|[7;1m [0m| |[30;1mp[0m| |[7;1m [0m|| 7
[32;1m[Board] [0m   -------------------
[32;1m[Board] [0m 6 ||[7;1m [0m| |[30;1mk[0m| |[30;1mp[0m|[30;1mp[0m|[7;1m [0m| || 6
[32;1m[Board] [0m   -------------------
[32;1m[Board] [0m 5 || |[7;1m [0m| |[7;1m [0m| |[7;1m [0m| |[7;1m [0m|| 5
[32;1m[Board] [0m   -------------------
[32;1m[Board] [0m 4 ||[7;1m [0m| |[7;1m [0m|[0;1mp[0m|[7;1m [0m| |[7;1m [0m| || 4
[32;1m[Board] [0m   -------------------
[32;1m[Board] [0m 3 || |[7;1m [0m| |[7;1m [0m|[0;1mb[0m|[7;1m [0m| |[7;1m [0m|| 3
[32;1m[Board] [0m   -------------------
[32;1m[Board] [0m 2 ||[0;1mp[0m|[0;1mp[0m|[0;1mp[0m| |[0;1mK[0m|[0;1mp[0m|[7;1m [0m| || 2
[32;1m[Board] [0m   -------------------
[32;1m[Board] [0m 1 ||[0;1mr[0m|[7;1m [0m| |[7;1m [0m|[0;1mQ[0m|[7;1m [0m| |[30;1mQ[0m|| 1
[32;1m[Board] [0m   -------------------
[32;1m[Board] [0m     a b c d e f g h
[32;1m[Board] [0m
[32;1m[Referee] [0mThis is the turn of the Black player...
new one at 2 number of nodes 75 no of distinct states visited 75 time left 9.98489
new one at 3 number of nodes 948 no of distinct states visited 716 time left 9.86842
new one at 4 number of nodes 2638 no of distinct states visited 2164 time left 9.30124
new one at 5 number of nodes 34545 no of distinct states visited 20072 time left 4.56206
new one at 6 number of nodes 16991 no of distinct states visited 30392 time left 0.999821
ok it did depth 5 and now we're doing move c6d4 with evaluation 1160 number of nodes examined is 34545
[32;1m[Game] [0mPlayer's error code: 0
[32;1m[Game] [0mChecking move validity...
[32;1m[Board] [0mInitializing board (size: 8)...
[32;1m[Board] [0m32 piece(s) on board.
[32;1m[Board] [0mLoading history file `championship/chessgambit-chess_project_pelm/history.csv`...
[32;1m[Board] [0mLoaded 47 move(s).
[32;1m[Board] [0mHistory replayed, 21 piece(s) on board.
[32;1m[Board] [0mLoading move file `championship/chessgambit-chess_project_pelm/move.csv`...
[32;1m[Board] [0mBlack player is playing c6 to d4.
[32;1m[Board] [0m[5;1mBlack Knight is taking White Pawn.[0m
[32;1m[Board] [0m
[32;1m[Board] [0m     a b c d e f g h
[32;1m[Board] [0m   -------------------
[32;1m[Board] [0m 8 ||[30;1mr[0m| |[30;1mb[0m| |[7;1m [0m|[30;1mr[0m|[30;1mK[0m| || 8
[32;1m[Board] [0m   -------------------
[32;1m[Board] [0m 7 ||[30;1mp[0m|[30;1mp[0m|[30;1mp[0m|[7;1m [0m| |[30;1mp[0m| |[7;1m [0m|| 7
[32;1m[Board] [0m   -------------------
[32;1m[Board] [0m 6 ||[7;1m [0m| |[7;1m [0m| |[30;1mp[0m|[30;1mp[0m|[7;1m [0m| || 6
[32;1m[Board] [0m   -------------------
[32;1m[Board] [0m 5 || |[7;1m [0m| |[7;1m [0m| |[7;1m [0m| |[7;1m [0m|| 5
[32;1m[Board] [0m   -------------------
[32;1m[Board] [0m 4 ||[7;1m [0m| |[7;1m [0m|[30;1mk[0m|[7;1m [0m| |[7;1m [0m| || 4
[32;1m[Board] [0m   -------------------
[32;1m[Board] [0m 3 || |[7;1m [0m| |[7;1m [0m|[0;1mb[0m|[7;1m [0m| |[7;1m [0m|| 3
[32;1m[Board] [0m   -------------------
[32;1m[Board] [0m 2 ||[0;1mp[0m|[0;1mp[0m|[0;1mp[0m| |[0;1mK[0m|[0;1mp[0m|[7;1m [0m| || 2
[32;1m[Board] [0m   -------------------
[32;1m[Board] [0m 1 ||[0;1mr[0m|[7;1m [0m| |[7;1m [0m|[0;1mQ[0m|[7;1m [0m| |[30;1mQ[0m|| 1
[32;1m[Board] [0m   -------------------
[32;1m[Board] [0m     a b c d e f g h
[32;1m[Board] [0m
[32;1m[Referee] [0mThis is the turn of the White player...
Inputed Board
Currently playing: White

------------------------------Current Search Space--------------------------------------------
Possible moves for piece: P:
 P: (6,0)->(5,0) / a2a3
 P: (6,0)->(4,0) / a2a4
 P: (6,1)->(5,1) / b2b3
 P: (6,1)->(4,1) / b2b4
 P: (6,2)->(5,2) / c2c3
 P: (6,2)->(4,2) / c2c4
 P: (6,5)->(5,5) / f2f3
 P: (6,5)->(4,5) / f2f4
Possible moves for piece: R:
 R: (7,0)->(7,1) / a1b1
 R: (7,0)->(7,2) / a1c1
 R: (7,0)->(7,3) / a1d1
Possible moves for piece: B:
 B: (5,4)->(4,3) / e3d4
 B: (5,4)->(4,5) / e3f4
 B: (5,4)->(3,6) / e3g5
 B: (5,4)->(2,7) / e3h6
 B: (5,4)->(6,3) / e3d2
 B: (5,4)->(7,2) / e3c1
Possible moves for piece: Q:
 Q: (7,4)->(7,5) / e1f1
 Q: (7,4)->(7,6) / e1g1
 Q: (7,4)->(7,7) / e1h1
 Q: (7,4)->(7,3) / e1d1
 Q: (7,4)->(7,2) / e1c1
 Q: (7,4)->(7,1) / e1b1
 Q: (7,4)->(6,3) / e1d2
 Q: (7,4)->(5,2) / e1c3
 Q: (7,4)->(4,1) / e1b4
 Q: (7,4)->(3,0) / e1a5
Possible moves for piece: K:
 K: (6,4)->(6,3) / e2d2
 K: (6,4)->(7,5) / e2f1
 K: (6,4)->(7,3) / e2d1
 K: (6,4)->(5,5) / e2f3
 K: (6,4)->(5,3) / e2d3

------------------------------Filtered Search Space--------------------------------------------
Possible moves for piece: B:
 B: (5,4)->(4,3) / e3d4
Possible moves for piece: K:
 K: (6,4)->(6,3) / e2d2
 K: (6,4)->(7,3) / e2d1
 K: (6,4)->(5,3) / e2d3

--------------------------------Info on Attacks---------------------------------------------------
Squares attacked by Black pieces:
(0,1) (0,3) (0,4) (0,7) (1,3) (1,6) (1,7) (2,0) (2,1) (2,2) (2,3) (2,6) (2,7) (3,1) (3,3) (3,4) (3,5) (3,6) (3,7) (4,4) (4,7) (5,1) (5,5) (5,7) (6,2) (6,4) (6,6) (6,7) (7,4) (7,5) (7,6) 

-------------------------------Squares controlled by the enemy------------------------------------
* X * X X * * X 
* * * X * * X X 
X X X X * * X X 
* X * X X X X X 
* * * * X * * X 
* X * * * X * X 
* * X * X * X X 
* * * * X X X * 

------------------------------Check Information---------------------------------------------------
White King located at: (6,4)
White King is in check by n at (4,3)

------------------------------Special Move Information-------------------------------------------
No en passant allowed right now
------------------------------Castling Rights Information-------------------------------------------
White Kingside Castle:  NOT AVAILABLE
White Queenside Castle: NOT AVAILABLE
Black Kingside Castle:  NOT AVAILABLE
Black Queenside Castle: NOT AVAILABLE
---------------------------------------------------------------------------------------------------

========== CAPTURE EXPLORATION ==========
[0] B x n | Potential loss: NO | Score: 320
========================================

========== CHECK EXPLORATION ==========
(no checks found)
======================================
--------------------------------------------------------------------------------------------------
Chosen Move: (5,4) --> (4,3)
 / e3d4

r * b * * r k * 
p p p * * p * * 
* * * * p p * * 
* * * * * * * * 
* * * B * * * * 
* * * * * * * * 
P P P * K P * * 
R * * * Q * * q 

[32;1m[Game] [0mPlayer's error code: 0
[32;1m[Game] [0mChecking move validity...
[32;1m[Board] [0mInitializing board (size: 8)...
[32;1m[Board] [0m32 piece(s) on board.
[32;1m[Board] [0mLoading history file `championship/chessgambit-chess_project_pelm/history.csv`...
[32;1m[Board] [0mLoaded 48 move(s).
[32;1m[Board] [0mHistory replayed, 20 piece(s) on board.
[32;1m[Board] [0mLoading move file `championship/chessgambit-chess_project_pelm/move.csv`...
[32;1m[Board] [0mWhite player is playing e3 to d4.
[32;1m[Board] [0m[5;1mWhite Bishop is taking Black Knight.[0m
[32;1m[Board] [0m
[32;1m[Board] [0m     a b c d e f g h
[32;1m[Board] [0m   -------------------
[32;1m[Board] [0m 8 ||[30;1mr[0m| |[30;1mb[0m| |[7;1m [0m|[30;1mr[0m|[30;1mK[0m| || 8
[32;1m[Board] [0m   -------------------
[32;1m[Board] [0m 7 ||[30;1mp[0m|[30;1mp[0m|[30;1mp[0m|[7;1m [0m| |[30;1mp[0m| |[7;1m [0m|| 7
[32;1m[Board] [0m   -------------------
[32;1m[Board] [0m 6 ||[7;1m [0m| |[7;1m [0m| |[30;1mp[0m|[30;1mp[0m|[7;1m [0m| || 6
[32;1m[Board] [0m   -------------------
[32;1m[Board] [0m 5 || |[7;1m [0m| |[7;1m [0m| |[7;1m [0m| |[7;1m [0m|| 5
[32;1m[Board] [0m   -------------------
[32;1m[Board] [0m 4 ||[7;1m [0m| |[7;1m [0m|[0;1mb[0m|[7;1m [0m| |[7;1m [0m| || 4
[32;1m[Board] [0m   -------------------
[32;1m[Board] [0m 3 || |[7;1m [0m| |[7;1m [0m| |[7;1m [0m| |[7;1m [0m|| 3
[32;1m[Board] [0m   -------------------
[32;1m[Board] [0m 2 ||[0;1mp[0m|[0;1mp[0m|[0;1mp[0m| |[0;1mK[0m|[0;1mp[0m|[7;1m [0m| || 2
[32;1m[Board] [0m   -------------------
[32;1m[Board] [0m 1 ||[0;1mr[0m|[7;1m [0m| |[7;1m [0m|[0;1mQ[0m|[7;1m [0m| |[30;1mQ[0m|| 1
[32;1m[Board] [0m   -------------------
[32;1m[Board] [0m     a b c d e f g h
[32;1m[Board] [0m
[32;1m[Referee] [0mThis is the turn of the Black player...
new one at 2 number of nodes 69 no of distinct states visited 69 time left 9.96976
new one at 3 number of nodes 913 no of distinct states visited 726 time left 9.75223
new one at 4 number of nodes 2590 no of distinct states visited 2472 time left 9.30638
new one at 5 number of nodes 21206 no of distinct states visited 15532 time left 6.22738
new one at 6 number of nodes 32688 no of distinct states visited 37985 time left 0.999768
ok it did depth 5 and now we're doing move h1e4 with evaluation 1050 number of nodes examined is 21206
[32;1m[Game] [0mPlayer's error code: 0
[32;1m[Game] [0mChecking move validity...
[32;1m[Board] [0mInitializing board (size: 8)...
[32;1m[Board] [0m32 piece(s) on board.
[32;1m[Board] [0mLoading history file `championship/chessgambit-chess_project_pelm/history.csv`...
[32;1m[Board] [0mLoaded 49 move(s).
[32;1m[Board] [0mHistory replayed, 19 piece(s) on board.
[32;1m[Board] [0mLoading move file `championship/chessgambit-chess_project_pelm/move.csv`...
[32;1m[Board] [0mBlack player is playing h1 to e4.
[32;1m[Board] [0m
[32;1m[Board] [0m     a b c d e f g h
[32;1m[Board] [0m   -------------------
[32;1m[Board] [0m 8 ||[30;1mr[0m| |[30;1mb[0m| |[7;1m [0m|[30;1mr[0m|[30;1mK[0m| || 8
[32;1m[Board] [0m   -------------------
[32;1m[Board] [0m 7 ||[30;1mp[0m|[30;1mp[0m|[30;1mp[0m|[7;1m [0m| |[30;1mp[0m| |[7;1m [0m|| 7
[32;1m[Board] [0m   -------------------
[32;1m[Board] [0m 6 ||[7;1m [0m| |[7;1m [0m| |[30;1mp[0m|[30;1mp[0m|[7;1m [0m| || 6
[32;1m[Board] [0m   -------------------
[32;1m[Board] [0m 5 || |[7;1m [0m| |[7;1m [0m| |[7;1m [0m| |[7;1m [0m|| 5
[32;1m[Board] [0m   -------------------
[32;1m[Board] [0m 4 ||[7;1m [0m| |[7;1m [0m|[0;1mb[0m|[30;1mQ[0m| |[7;1m [0m| || 4
[32;1m[Board] [0m   -------------------
[32;1m[Board] [0m 3 || |[7;1m [0m| |[7;1m [0m| |[7;1m [0m| |[7;1m [0m|| 3
[32;1m[Board] [0m   -------------------
[32;1m[Board] [0m 2 ||[0;1mp[0m|[0;1mp[0m|[0;1mp[0m| |[0;1mK[0m|[0;1mp[0m|[7;1m [0m| || 2
[32;1m[Board] [0m   -------------------
[32;1m[Board] [0m 1 ||[0;1mr[0m|[7;1m [0m| |[7;1m [0m|[0;1mQ[0m|[7;1m [0m| |[7;1m [0m|| 1
[32;1m[Board] [0m   -------------------
[32;1m[Board] [0m     a b c d e f g h
[32;1m[Board] [0m
[32;1m[Referee] [0mThis is the turn of the White player...
Inputed Board
Currently playing: White

------------------------------Current Search Space--------------------------------------------
Possible moves for piece: P:
 P: (6,0)->(5,0) / a2a3
 P: (6,0)->(4,0) / a2a4
 P: (6,1)->(5,1) / b2b3
 P: (6,1)->(4,1) / b2b4
 P: (6,2)->(5,2) / c2c3
 P: (6,2)->(4,2) / c2c4
 P: (6,5)->(5,5) / f2f3
 P: (6,5)->(4,5) / f2f4
Possible moves for piece: R:
 R: (7,0)->(7,1) / a1b1
 R: (7,0)->(7,2) / a1c1
 R: (7,0)->(7,3) / a1d1
Possible moves for piece: B:
 B: (4,3)->(3,2) / d4c5
 B: (4,3)->(2,1) / d4b6
 B: (4,3)->(1,0) / d4a7
 B: (4,3)->(3,4) / d4e5
 B: (4,3)->(2,5) / d4f6
 B: (4,3)->(5,2) / d4c3
 B: (4,3)->(5,4) / d4e3
Possible moves for piece: Q:
 Q: (7,4)->(7,5) / e1f1
 Q: (7,4)->(7,6) / e1g1
 Q: (7,4)->(7,7) / e1h1
 Q: (7,4)->(7,3) / e1d1
 Q: (7,4)->(7,2) / e1c1
 Q: (7,4)->(7,1) / e1b1
 Q: (7,4)->(6,3) / e1d2
 Q: (7,4)->(5,2) / e1c3
 Q: (7,4)->(4,1) / e1b4
 Q: (7,4)->(3,0) / e1a5
Possible moves for piece: K:
 K: (6,4)->(5,4) / e2e3
 K: (6,4)->(6,3) / e2d2
 K: (6,4)->(7,5) / e2f1
 K: (6,4)->(7,3) / e2d1
 K: (6,4)->(5,5) / e2f3
 K: (6,4)->(5,3) / e2d3

------------------------------Filtered Search Space--------------------------------------------
Possible moves for piece: B:
 B: (4,3)->(5,4) / d4e3
Possible moves for piece: K:
 K: (6,4)->(6,3) / e2d2
 K: (6,4)->(7,5) / e2f1
 K: (6,4)->(7,3) / e2d1

--------------------------------Info on Attacks---------------------------------------------------
Squares attacked by Black pieces:
(0,1) (0,3) (0,4) (0,7) (1,3) (1,6) (1,7) (2,0) (2,1) (2,2) (2,3) (2,6) (3,3) (3,4) (3,5) (3,6) (4,3) (4,5) (4,6) (4,7) (5,3) (5,4) (5,5) (6,2) (6,4) (6,6) (7,7) 

-------------------------------Squares controlled by the enemy------------------------------------
* X * X X * * X 
* * * X * * X X 
X X X X * * X * 
* * * X X X X * 
* * * X * X X X 
* * * X X X * * 
* * X * X * X * 
* * * * * * * X 

------------------------------Check Information---------------------------------------------------
White King located at: (6,4)
White King is in check by q at (4,4)

------------------------------Special Move Information-------------------------------------------
No en passant allowed right now
------------------------------Castling Rights Information-------------------------------------------
White Kingside Castle:  NOT AVAILABLE
White Queenside Castle: NOT AVAILABLE
Black Kingside Castle:  NOT AVAILABLE
Black Queenside Castle: NOT AVAILABLE
---------------------------------------------------------------------------------------------------

========== CAPTURE EXPLORATION ==========
========================================

========== CHECK EXPLORATION ==========
(no checks found)
======================================
--------------------------------------------------------------------------------------------------
Chosen Move: (4,3) --> (5,4)
 / d4e3

r * b * * r k * 
p p p * * p * * 
* * * * p p * * 
* * * * * * * * 
* * * * q * * * 
* * * * B * * * 
P P P * K P * * 
R * * * Q * * * 

[32;1m[Game] [0mPlayer's error code: 0
[32;1m[Game] [0mChecking move validity...
[32;1m[Board] [0mInitializing board (size: 8)...
[32;1m[Board] [0m32 piece(s) on board.
[32;1m[Board] [0mLoading history file `championship/chessgambit-chess_project_pelm/history.csv`...
[32;1m[Board] [0mLoaded 50 move(s).
[32;1m[Board] [0mHistory replayed, 19 piece(s) on board.
[32;1m[Board] [0mLoading move file `championship/chessgambit-chess_project_pelm/move.csv`...
[32;1m[Board] [0mWhite player is playing d4 to e3.
[32;1m[Board] [0m
[32;1m[Board] [0m     a b c d e f g h
[32;1m[Board] [0m   -------------------
[32;1m[Board] [0m 8 ||[30;1mr[0m| |[30;1mb[0m| |[7;1m [0m|[30;1mr[0m|[30;1mK[0m| || 8
[32;1m[Board] [0m   -------------------
[32;1m[Board] [0m 7 ||[30;1mp[0m|[30;1mp[0m|[30;1mp[0m|[7;1m [0m| |[30;1mp[0m| |[7;1m [0m|| 7
[32;1m[Board] [0m   -------------------
[32;1m[Board] [0m 6 ||[7;1m [0m| |[7;1m [0m| |[30;1mp[0m|[30;1mp[0m|[7;1m [0m| || 6
[32;1m[Board] [0m   -------------------
[32;1m[Board] [0m 5 || |[7;1m [0m| |[7;1m [0m| |[7;1m [0m| |[7;1m [0m|| 5
[32;1m[Board] [0m   -------------------
[32;1m[Board] [0m 4 ||[7;1m [0m| |[7;1m [0m| |[30;1mQ[0m| |[7;1m [0m| || 4
[32;1m[Board] [0m   -------------------
[32;1m[Board] [0m 3 || |[7;1m [0m| |[7;1m [0m|[0;1mb[0m|[7;1m [0m| |[7;1m [0m|| 3
[32;1m[Board] [0m   -------------------
[32;1m[Board] [0m 2 ||[0;1mp[0m|[0;1mp[0m|[0;1mp[0m| |[0;1mK[0m|[0;1mp[0m|[7;1m [0m| || 2
[32;1m[Board] [0m   -------------------
[32;1m[Board] [0m 1 ||[0;1mr[0m|[7;1m [0m| |[7;1m [0m|[0;1mQ[0m|[7;1m [0m| |[7;1m [0m|| 1
[32;1m[Board] [0m   -------------------
[32;1m[Board] [0m     a b c d e f g h
[32;1m[Board] [0m
[32;1m[Referee] [0mThis is the turn of the Black player...
new one at 2 number of nodes 75 no of distinct states visited 75 time left 9.97421
new one at 3 number of nodes 973 no of distinct states visited 866 time left 9.72124
new one at 4 number of nodes 2369 no of distinct states visited 2579 time left 9.17271
new one at 5 number of nodes 55472 no of distinct states visited 40834 time left 1.89581
new one at 6 number of nodes 7993 no of distinct states visited 46882 time left 0.999887
ok it did depth 5 and now we're doing move e6e5 with evaluation 1025 number of nodes examined is 55472
[32;1m[Game] [0mPlayer's error code: 0
[32;1m[Game] [0mChecking move validity...
[32;1m[Board] [0mInitializing board (size: 8)...
[32;1m[Board] [0m32 piece(s) on board.
[32;1m[Board] [0mLoading history file `championship/chessgambit-chess_project_pelm/history.csv`...
[32;1m[Board] [0mLoaded 51 move(s).
[32;1m[Board] [0mHistory replayed, 19 piece(s) on board.
[32;1m[Board] [0mLoading move file `championship/chessgambit-chess_project_pelm/move.csv`...
[32;1m[Board] [0mBlack player is playing e6 to e5.
[32;1m[Board] [0m
[32;1m[Board] [0m     a b c d e f g h
[32;1m[Board] [0m   -------------------
[32;1m[Board] [0m 8 ||[30;1mr[0m| |[30;1mb[0m| |[7;1m [0m|[30;1mr[0m|[30;1mK[0m| || 8
[32;1m[Board] [0m   -------------------
[32;1m[Board] [0m 7 ||[30;1mp[0m|[30;1mp[0m|[30;1mp[0m|[7;1m [0m| |[30;1mp[0m| |[7;1m [0m|| 7
[32;1m[Board] [0m   -------------------
[32;1m[Board] [0m 6 ||[7;1m [0m| |[7;1m [0m| |[7;1m [0m|[30;1mp[0m|[7;1m [0m| || 6
[32;1m[Board] [0m   -------------------
[32;1m[Board] [0m 5 || |[7;1m [0m| |[7;1m [0m|[30;1mp[0m|[7;1m [0m| |[7;1m [0m|| 5
[32;1m[Board] [0m   -------------------
[32;1m[Board] [0m 4 ||[7;1m [0m| |[7;1m [0m| |[30;1mQ[0m| |[7;1m [0m| || 4
[32;1m[Board] [0m   -------------------
[32;1m[Board] [0m 3 || |[7;1m [0m| |[7;1m [0m|[0;1mb[0m|[7;1m [0m| |[7;1m [0m|| 3
[32;1m[Board] [0m   -------------------
[32;1m[Board] [0m 2 ||[0;1mp[0m|[0;1mp[0m|[0;1mp[0m| |[0;1mK[0m|[0;1mp[0m|[7;1m [0m| || 2
[32;1m[Board] [0m   -------------------
[32;1m[Board] [0m 1 ||[0;1mr[0m|[7;1m [0m| |[7;1m [0m|[0;1mQ[0m|[7;1m [0m| |[7;1m [0m|| 1
[32;1m[Board] [0m   -------------------
[32;1m[Board] [0m     a b c d e f g h
[32;1m[Board] [0m
[32;1m[Referee] [0mThis is the turn of the White player...
Inputed Board
Currently playing: White

------------------------------Current Search Space--------------------------------------------
Possible moves for piece: P:
 P: (6,0)->(5,0) / a2a3
 P: (6,0)->(4,0) / a2a4
 P: (6,1)->(5,1) / b2b3
 P: (6,1)->(4,1) / b2b4
 P: (6,2)->(5,2) / c2c3
 P: (6,2)->(4,2) / c2c4
 P: (6,5)->(5,5) / f2f3
 P: (6,5)->(4,5) / f2f4
Possible moves for piece: R:
 R: (7,0)->(7,1) / a1b1
 R: (7,0)->(7,2) / a1c1
 R: (7,0)->(7,3) / a1d1
Possible moves for piece: B:
 B: (5,4)->(4,3) / e3d4
 B: (5,4)->(3,2) / e3c5
 B: (5,4)->(2,1) / e3b6
 B: (5,4)->(1,0) / e3a7
 B: (5,4)->(4,5) / e3f4
 B: (5,4)->(3,6) / e3g5
 B: (5,4)->(2,7) / e3h6
 B: (5,4)->(6,3) / e3d2
 B: (5,4)->(7,2) / e3c1
Possible moves for piece: Q:
 Q: (7,4)->(7,5) / e1f1
 Q: (7,4)->(7,6) / e1g1
 Q: (7,4)->(7,7) / e1h1
 Q: (7,4)->(7,3) / e1d1
 Q: (7,4)->(7,2) / e1c1
 Q: (7,4)->(7,1) / e1b1
 Q: (7,4)->(6,3) / e1d2
 Q: (7,4)->(5,2) / e1c3
 Q: (7,4)->(4,1) / e1b4
 Q: (7,4)->(3,0) / e1a5
Possible moves for piece: K:
 K: (6,4)->(6,3) / e2d2
 K: (6,4)->(7,5) / e2f1
 K: (6,4)->(7,3) / e2d1
 K: (6,4)->(5,5) / e2f3
 K: (6,4)->(5,3) / e2d3

------------------------------Filtered Search Space--------------------------------------------
Possible moves for piece: P:
 P: (6,0)->(5,0) / a2a3
 P: (6,0)->(4,0) / a2a4
 P: (6,1)->(5,1) / b2b3
 P: (6,1)->(4,1) / b2b4
 P: (6,2)->(5,2) / c2c3
 P: (6,2)->(4,2) / c2c4
 P: (6,5)->(5,5) / f2f3
 P: (6,5)->(4,5) / f2f4
Possible moves for piece: R:
 R: (7,0)->(7,1) / a1b1
 R: (7,0)->(7,2) / a1c1
 R: (7,0)->(7,3) / a1d1
Possible moves for piece: Q:
 Q: (7,4)->(7,5) / e1f1
 Q: (7,4)->(7,6) / e1g1
 Q: (7,4)->(7,7) / e1h1
 Q: (7,4)->(7,3) / e1d1
 Q: (7,4)->(7,2) / e1c1
 Q: (7,4)->(7,1) / e1b1
 Q: (7,4)->(6,3) / e1d2
 Q: (7,4)->(5,2) / e1c3
 Q: (7,4)->(4,1) / e1b4
 Q: (7,4)->(3,0) / e1a5
Possible moves for piece: K:
 K: (6,4)->(6,3) / e2d2
 K: (6,4)->(7,5) / e2f1
 K: (6,4)->(7,3) / e2d1

--------------------------------Info on Attacks---------------------------------------------------
Squares attacked by Black pieces:
(0,1) (0,3) (0,4) (0,7) (1,3) (1,6) (1,7) (2,0) (2,1) (2,2) (2,3) (2,4) (2,6) (3,3) (3,5) (3,6) (4,0) (4,1) (4,2) (4,3) (4,5) (4,6) (4,7) (5,3) (5,4) (5,5) (5,7) (6,2) (6,6) (7,7) 

-------------------------------Squares controlled by the enemy------------------------------------
* X * X X * * X 
* * * X * * X X 
X X X X X * X * 
* * * X * X X * 
X X X X * X X X 
* * * X X X * X 
* * X * * * X * 
* * * * * * * X 

------------------------------Check Information---------------------------------------------------
White King located at: (6,4)
White King is safe, no check at this position.

------------------------------Special Move Information-------------------------------------------
No en passant allowed right now
------------------------------Castling Rights Information-------------------------------------------
White Kingside Castle:  NOT AVAILABLE
White Queenside Castle: NOT AVAILABLE
Black Kingside Castle:  NOT AVAILABLE
Black Queenside Castle: NOT AVAILABLE
---------------------------------------------------------------------------------------------------

========== CAPTURE EXPLORATION ==========
========================================

========== CHECK EXPLORATION ==========
[0] Candidate: Q -> (7,4) -> (7,6) | Checking move: Q (7,4) -> (7,6)Checkmate: NO
======================================
--------------------------------------------------------------------------------------------------
Chosen Move: (6,4) --> (7,3)
 / e2d1

r * b * * r k * 
p p p * * p * * 
* * * * * p * * 
* * * * p * * * 
* * * * q * * * 
* * * * B * * * 
P P P * * P * * 
R * * K Q * * * 

[32;1m[Game] [0mPlayer's error code: 0
[32;1m[Game] [0mChecking move validity...
[32;1m[Board] [0mInitializing board (size: 8)...
[32;1m[Board] [0m32 piece(s) on board.
[32;1m[Board] [0mLoading history file `championship/chessgambit-chess_project_pelm/history.csv`...
[32;1m[Board] [0mLoaded 52 move(s).
[32;1m[Board] [0mHistory replayed, 19 piece(s) on board.
[32;1m[Board] [0mLoading move file `championship/chessgambit-chess_project_pelm/move.csv`...
[32;1m[Board] [0mWhite player is playing e2 to d1.
[32;1m[Board] [0m
[32;1m[Board] [0m     a b c d e f g h
[32;1m[Board] [0m   -------------------
[32;1m[Board] [0m 8 ||[30;1mr[0m| |[30;1mb[0m| |[7;1m [0m|[30;1mr[0m|[30;1mK[0m| || 8
[32;1m[Board] [0m   -------------------
[32;1m[Board] [0m 7 ||[30;1mp[0m|[30;1mp[0m|[30;1mp[0m|[7;1m [0m| |[30;1mp[0m| |[7;1m [0m|| 7
[32;1m[Board] [0m   -------------------
[32;1m[Board] [0m 6 ||[7;1m [0m| |[7;1m [0m| |[7;1m [0m|[30;1mp[0m|[7;1m [0m| || 6
[32;1m[Board] [0m   -------------------
[32;1m[Board] [0m 5 || |[7;1m [0m| |[7;1m [0m|[30;1mp[0m|[7;1m [0m| |[7;1m [0m|| 5
[32;1m[Board] [0m   -------------------
[32;1m[Board] [0m 4 ||[7;1m [0m| |[7;1m [0m| |[30;1mQ[0m| |[7;1m [0m| || 4
[32;1m[Board] [0m   -------------------
[32;1m[Board] [0m 3 || |[7;1m [0m| |[7;1m [0m|[0;1mb[0m|[7;1m [0m| |[7;1m [0m|| 3
[32;1m[Board] [0m   -------------------
[32;1m[Board] [0m 2 ||[0;1mp[0m|[0;1mp[0m|[0;1mp[0m| |[7;1m [0m|[0;1mp[0m|[7;1m [0m| || 2
[32;1m[Board] [0m   -------------------
[32;1m[Board] [0m 1 ||[0;1mr[0m|[7;1m [0m| |[0;1mK[0m|[0;1mQ[0m|[7;1m [0m| |[7;1m [0m|| 1
[32;1m[Board] [0m   -------------------
[32;1m[Board] [0m     a b c d e f g h
[32;1m[Board] [0m
[32;1m[Referee] [0mThis is the turn of the Black player...
new one at 2 number of nodes 121 no of distinct states visited 121 time left 9.97802
new one at 3 number of nodes 1515 no of distinct states visited 1066 time left 9.79374
new one at 4 number of nodes 4720 no of distinct states visited 3856 time left 8.88144
new one at 5 number of nodes 67049 no of distinct states visited 36320 time left 1.15919
new one at 6 number of nodes 1334 no of distinct states visited 37384 time left 0.999844
ok it did depth 5 and now we're doing move c8f5 with evaluation 1095 number of nodes examined is 67049
[32;1m[Game] [0mPlayer's error code: 0
[32;1m[Game] [0mChecking move validity...
[32;1m[Board] [0mInitializing board (size: 8)...
[32;1m[Board] [0m32 piece(s) on board.
[32;1m[Board] [0mLoading history file `championship/chessgambit-chess_project_pelm/history.csv`...
[32;1m[Board] [0mLoaded 53 move(s).
[32;1m[Board] [0mHistory replayed, 19 piece(s) on board.
[32;1m[Board] [0mLoading move file `championship/chessgambit-chess_project_pelm/move.csv`...
[32;1m[Board] [0mBlack player is playing c8 to f5.
[32;1m[Board] [0m
[32;1m[Board] [0m     a b c d e f g h
[32;1m[Board] [0m   -------------------
[32;1m[Board] [0m 8 ||[30;1mr[0m| |[7;1m [0m| |[7;1m [0m|[30;1mr[0m|[30;1mK[0m| || 8
[32;1m[Board] [0m   -------------------
[32;1m[Board] [0m 7 ||[30;1mp[0m|[30;1mp[0m|[30;1mp[0m|[7;1m [0m| |[30;1mp[0m| |[7;1m [0m|| 7
[32;1m[Board] [0m   -------------------
[32;1m[Board] [0m 6 ||[7;1m [0m| |[7;1m [0m| |[7;1m [0m|[30;1mp[0m|[7;1m [0m| || 6
[32;1m[Board] [0m   -------------------
[32;1m[Board] [0m 5 || |[7;1m [0m| |[7;1m [0m|[30;1mp[0m|[30;1mb[0m| |[7;1m [0m|| 5
[32;1m[Board] [0m   -------------------
[32;1m[Board] [0m 4 ||[7;1m [0m| |[7;1m [0m| |[30;1mQ[0m| |[7;1m [0m| || 4
[32;1m[Board] [0m   -------------------
[32;1m[Board] [0m 3 || |[7;1m [0m| |[7;1m [0m|[0;1mb[0m|[7;1m [0m| |[7;1m [0m|| 3
[32;1m[Board] [0m   -------------------
[32;1m[Board] [0m 2 ||[0;1mp[0m|[0;1mp[0m|[0;1mp[0m| |[7;1m [0m|[0;1mp[0m|[7;1m [0m| || 2
[32;1m[Board] [0m   -------------------
[32;1m[Board] [0m 1 ||[0;1mr[0m|[7;1m [0m| |[0;1mK[0m|[0;1mQ[0m|[7;1m [0m| |[7;1m [0m|| 1
[32;1m[Board] [0m   -------------------
[32;1m[Board] [0m     a b c d e f g h
[32;1m[Board] [0m
[32;1m[Referee] [0mThis is the turn of the White player...
Inputed Board
Currently playing: White

------------------------------Current Search Space--------------------------------------------
Possible moves for piece: P:
 P: (6,0)->(5,0) / a2a3
 P: (6,0)->(4,0) / a2a4
 P: (6,1)->(5,1) / b2b3
 P: (6,1)->(4,1) / b2b4
 P: (6,2)->(5,2) / c2c3
 P: (6,2)->(4,2) / c2c4
 P: (6,5)->(5,5) / f2f3
 P: (6,5)->(4,5) / f2f4
Possible moves for piece: R:
 R: (7,0)->(7,1) / a1b1
 R: (7,0)->(7,2) / a1c1
Possible moves for piece: B:
 B: (5,4)->(4,3) / e3d4
 B: (5,4)->(3,2) / e3c5
 B: (5,4)->(2,1) / e3b6
 B: (5,4)->(1,0) / e3a7
 B: (5,4)->(4,5) / e3f4
 B: (5,4)->(3,6) / e3g5
 B: (5,4)->(2,7) / e3h6
 B: (5,4)->(6,3) / e3d2
 B: (5,4)->(7,2) / e3c1
Possible moves for piece: Q:
 Q: (7,4)->(6,4) / e1e2
 Q: (7,4)->(7,5) / e1f1
 Q: (7,4)->(7,6) / e1g1
 Q: (7,4)->(7,7) / e1h1
 Q: (7,4)->(6,3) / e1d2
 Q: (7,4)->(5,2) / e1c3
 Q: (7,4)->(4,1) / e1b4
 Q: (7,4)->(3,0) / e1a5
Possible moves for piece: K:
 K: (7,3)->(6,3) / d1d2
 K: (7,3)->(7,2) / d1c1
 K: (7,3)->(6,4) / d1e2

------------------------------Filtered Search Space--------------------------------------------
Possible moves for piece: P:
 P: (6,0)->(5,0) / a2a3
 P: (6,0)->(4,0) / a2a4
 P: (6,1)->(5,1) / b2b3
 P: (6,1)->(4,1) / b2b4
 P: (6,2)->(5,2) / c2c3
 P: (6,2)->(4,2) / c2c4
 P: (6,5)->(5,5) / f2f3
 P: (6,5)->(4,5) / f2f4
Possible moves for piece: R:
 R: (7,0)->(7,1) / a1b1
 R: (7,0)->(7,2) / a1c1
Possible moves for piece: B:
 B: (5,4)->(4,3) / e3d4
 B: (5,4)->(3,2) / e3c5
 B: (5,4)->(2,1) / e3b6
 B: (5,4)->(1,0) / e3a7
 B: (5,4)->(4,5) / e3f4
 B: (5,4)->(3,6) / e3g5
 B: (5,4)->(2,7) / e3h6
 B: (5,4)->(6,3) / e3d2
 B: (5,4)->(7,2) / e3c1
Possible moves for piece: Q:
 Q: (7,4)->(6,4) / e1e2
 Q: (7,4)->(7,5) / e1f1
 Q: (7,4)->(7,6) / e1g1
 Q: (7,4)->(7,7) / e1h1
 Q: (7,4)->(6,3) / e1d2
 Q: (7,4)->(5,2) / e1c3
 Q: (7,4)->(4,1) / e1b4
 Q: (7,4)->(3,0) / e1a5
Possible moves for piece: K:
 K: (7,3)->(6,3) / d1d2
 K: (7,3)->(7,2) / d1c1
 K: (7,3)->(6,4) / d1e2

--------------------------------Info on Attacks---------------------------------------------------
Squares attacked by Black pieces:
(0,1) (0,2) (0,3) (0,4) (0,7) (1,3) (1,6) (1,7) (2,0) (2,1) (2,2) (2,3) (2,4) (2,6) (3,3) (3,6) (4,0) (4,1) (4,2) (4,3) (4,5) (4,6) (4,7) (5,3) (5,4) (5,5) (5,7) (6,2) (6,6) (7,7) 

-------------------------------Squares controlled by the enemy------------------------------------
* X X X X * * X 
* * * X * * X X 
X X X X X * X * 
* * * X * * X * 
X X X X * X X X 
* * * X X X * X 
* * X * * * X * 
* * * * * * * X 

------------------------------Check Information---------------------------------------------------
White King located at: (7,3)
White King is safe, no check at this position.

------------------------------Special Move Information-------------------------------------------
No en passant allowed right now
------------------------------Castling Rights Information-------------------------------------------
White Kingside Castle:  NOT AVAILABLE
White Queenside Castle: NOT AVAILABLE
Black Kingside Castle:  NOT AVAILABLE
Black Queenside Castle: NOT AVAILABLE
---------------------------------------------------------------------------------------------------

========== CAPTURE EXPLORATION ==========
[0] B x p | Potential loss: NO | Score: 100
========================================

========== CHECK EXPLORATION ==========
[0] Candidate: Q -> (7,4) -> (7,6) | Checking move: Q (7,4) -> (7,6)Checkmate: NO
======================================
--------------------------------------------------------------------------------------------------
Chosen Move: (7,4) --> (7,6)
 / e1g1

r * * * * r k * 
p p p * * p * * 
* * * * * p * * 
* * * * p b * * 
* * * * q * * * 
* * * * B * * * 
P P P * * P * * 
R * * K * * Q * 

[32;1m[Game] [0mPlayer's error code: 0
[32;1m[Game] [0mChecking move validity...
[32;1m[Board] [0mInitializing board (size: 8)...
[32;1m[Board] [0m32 piece(s) on board.
[32;1m[Board] [0mLoading history file `championship/chessgambit-chess_project_pelm/history.csv`...
[32;1m[Board] [0mLoaded 54 move(s).
[32;1m[Board] [0mHistory replayed, 19 piece(s) on board.
[32;1m[Board] [0mLoading move file `championship/chessgambit-chess_project_pelm/move.csv`...
[32;1m[Board] [0mWhite player is playing e1 to g1.
[32;1m[Board] [0m
[32;1m[Board] [0m     a b c d e f g h
[32;1m[Board] [0m   -------------------
[32;1m[Board] [0m 8 ||[30;1mr[0m| |[7;1m [0m| |[7;1m [0m|[30;1mr[0m|[30;1mK[0m| || 8
[32;1m[Board] [0m   -------------------
[32;1m[Board] [0m 7 ||[30;1mp[0m|[30;1mp[0m|[30;1mp[0m|[7;1m [0m| |[30;1mp[0m| |[7;1m [0m|| 7
[32;1m[Board] [0m   -------------------
[32;1m[Board] [0m 6 ||[7;1m [0m| |[7;1m [0m| |[7;1m [0m|[30;1mp[0m|[7;1m [0m| || 6
[32;1m[Board] [0m   -------------------
[32;1m[Board] [0m 5 || |[7;1m [0m| |[7;1m [0m|[30;1mp[0m|[30;1mb[0m| |[7;1m [0m|| 5
[32;1m[Board] [0m   -------------------
[32;1m[Board] [0m 4 ||[7;1m [0m| |[7;1m [0m| |[30;1mQ[0m| |[7;1m [0m| || 4
[32;1m[Board] [0m   -------------------
[32;1m[Board] [0m 3 || |[7;1m [0m| |[7;1m [0m|[0;1mb[0m|[7;1m [0m| |[7;1m [0m|| 3
[32;1m[Board] [0m   -------------------
[32;1m[Board] [0m 2 ||[0;1mp[0m|[0;1mp[0m|[0;1mp[0m| |[7;1m [0m|[0;1mp[0m|[7;1m [0m| || 2
[32;1m[Board] [0m   -------------------
[32;1m[Board] [0m 1 ||[0;1mr[0m|[7;1m [0m| |[0;1mK[0m| |[7;1m [0m|[0;1mQ[0m|[7;1m [0m|| 1
[32;1m[Board] [0m   -------------------
[32;1m[Board] [0m     a b c d e f g h
[32;1m[Board] [0m
[32;1m[Referee] [0mThis is the turn of the Black player...
new one at 2 number of nodes 77 no of distinct states visited 77 time left 9.98884
new one at 3 number of nodes 352 no of distinct states visited 380 time left 9.94039
new one at 4 number of nodes 1012 no of distinct states visited 1132 time left 9.74164
new one at 5 number of nodes 14341 no of distinct states visited 12371 time left 7.99352
new one at 6 number of nodes 37046 no of distinct states visited 39368 time left 0.999842
ok it did depth 5 and now we're doing move f5g6 with evaluation 1135 number of nodes examined is 14341
[32;1m[Game] [0mPlayer's error code: 0
[32;1m[Game] [0mChecking move validity...
[32;1m[Board] [0mInitializing board (size: 8)...
[32;1m[Board] [0m32 piece(s) on board.
[32;1m[Board] [0mLoading history file `championship/chessgambit-chess_project_pelm/history.csv`...
[32;1m[Board] [0mLoaded 55 move(s).
[32;1m[Board] [0mHistory replayed, 19 piece(s) on board.
[32;1m[Board] [0mLoading move file `championship/chessgambit-chess_project_pelm/move.csv`...
[32;1m[Board] [0mBlack player is playing f5 to g6.
[32;1m[Board] [0m
[32;1m[Board] [0m     a b c d e f g h
[32;1m[Board] [0m   -------------------
[32;1m[Board] [0m 8 ||[30;1mr[0m| |[7;1m [0m| |[7;1m [0m|[30;1mr[0m|[30;1mK[0m| || 8
[32;1m[Board] [0m   -------------------
[32;1m[Board] [0m 7 ||[30;1mp[0m|[30;1mp[0m|[30;1mp[0m|[7;1m [0m| |[30;1mp[0m| |[7;1m [0m|| 7
[32;1m[Board] [0m   -------------------
[32;1m[Board] [0m 6 ||[7;1m [0m| |[7;1m [0m| |[7;1m [0m|[30;1mp[0m|[30;1mb[0m| || 6
[32;1m[Board] [0m   -------------------
[32;1m[Board] [0m 5 || |[7;1m [0m| |[7;1m [0m|[30;1mp[0m|[7;1m [0m| |[7;1m [0m|| 5
[32;1m[Board] [0m   -------------------
[32;1m[Board] [0m 4 ||[7;1m [0m| |[7;1m [0m| |[30;1mQ[0m| |[7;1m [0m| || 4
[32;1m[Board] [0m   -------------------
[32;1m[Board] [0m 3 || |[7;1m [0m| |[7;1m [0m|[0;1mb[0m|[7;1m [0m| |[7;1m [0m|| 3
[32;1m[Board] [0m   -------------------
[32;1m[Board] [0m 2 ||[0;1mp[0m|[0;1mp[0m|[0;1mp[0m| |[7;1m [0m|[0;1mp[0m|[7;1m [0m| || 2
[32;1m[Board] [0m   -------------------
[32;1m[Board] [0m 1 ||[0;1mr[0m|[7;1m [0m| |[0;1mK[0m| |[7;1m [0m|[0;1mQ[0m|[7;1m [0m|| 1
[32;1m[Board] [0m   -------------------
[32;1m[Board] [0m     a b c d e f g h
[32;1m[Board] [0m
[32;1m[Referee] [0mThis is the turn of the White player...
Inputed Board
Currently playing: White

------------------------------Current Search Space--------------------------------------------
Possible moves for piece: P:
 P: (6,0)->(5,0) / a2a3
 P: (6,0)->(4,0) / a2a4
 P: (6,1)->(5,1) / b2b3
 P: (6,1)->(4,1) / b2b4
 P: (6,2)->(5,2) / c2c3
 P: (6,2)->(4,2) / c2c4
 P: (6,5)->(5,5) / f2f3
 P: (6,5)->(4,5) / f2f4
Possible moves for piece: R:
 R: (7,0)->(7,1) / a1b1
 R: (7,0)->(7,2) / a1c1
Possible moves for piece: B:
 B: (5,4)->(4,3) / e3d4
 B: (5,4)->(3,2) / e3c5
 B: (5,4)->(2,1) / e3b6
 B: (5,4)->(1,0) / e3a7
 B: (5,4)->(4,5) / e3f4
 B: (5,4)->(3,6) / e3g5
 B: (5,4)->(2,7) / e3h6
 B: (5,4)->(6,3) / e3d2
 B: (5,4)->(7,2) / e3c1
Possible moves for piece: Q:
 Q: (7,6)->(6,6) / g1g2
 Q: (7,6)->(5,6) / g1g3
 Q: (7,6)->(4,6) / g1g4
 Q: (7,6)->(3,6) / g1g5
 Q: (7,6)->(2,6) / g1g6
 Q: (7,6)->(7,7) / g1h1
 Q: (7,6)->(7,5) / g1f1
 Q: (7,6)->(7,4) / g1e1
 Q: (7,6)->(6,7) / g1h2
Possible moves for piece: K:
 K: (7,3)->(6,3) / d1d2
 K: (7,3)->(7,4) / d1e1
 K: (7,3)->(7,2) / d1c1
 K: (7,3)->(6,4) / d1e2

------------------------------Filtered Search Space--------------------------------------------
Possible moves for piece: P:
 P: (6,0)->(5,0) / a2a3
 P: (6,0)->(4,0) / a2a4
 P: (6,1)->(5,1) / b2b3
 P: (6,1)->(4,1) / b2b4
 P: (6,2)->(5,2) / c2c3
 P: (6,2)->(4,2) / c2c4
 P: (6,5)->(5,5) / f2f3
 P: (6,5)->(4,5) / f2f4
Possible moves for piece: R:
 R: (7,0)->(7,1) / a1b1
 R: (7,0)->(7,2) / a1c1
Possible moves for piece: B:
 B: (5,4)->(4,3) / e3d4
 B: (5,4)->(3,2) / e3c5
 B: (5,4)->(2,1) / e3b6
 B: (5,4)->(1,0) / e3a7
 B: (5,4)->(4,5) / e3f4
 B: (5,4)->(3,6) / e3g5
 B: (5,4)->(2,7) / e3h6
 B: (5,4)->(6,3) / e3d2
 B: (5,4)->(7,2) / e3c1
Possible moves for piece: Q:
 Q: (7,6)->(6,6) / g1g2
 Q: (7,6)->(5,6) / g1g3
 Q: (7,6)->(4,6) / g1g4
 Q: (7,6)->(3,6) / g1g5
 Q: (7,6)->(2,6) / g1g6
 Q: (7,6)->(7,7) / g1h1
 Q: (7,6)->(7,5) / g1f1
 Q: (7,6)->(7,4) / g1e1
 Q: (7,6)->(6,7) / g1h2
Possible moves for piece: K:
 K: (7,3)->(6,3) / d1d2
 K: (7,3)->(7,4) / d1e1
 K: (7,3)->(7,2) / d1c1
 K: (7,3)->(6,4) / d1e2

--------------------------------Info on Attacks---------------------------------------------------
Squares attacked by Black pieces:
(0,1) (0,2) (0,3) (0,4) (0,7) (1,6) (1,7) (2,0) (2,1) (2,2) (2,3) (2,4) (3,3) (3,5) (3,6) (3,7) (4,0) (4,1) (4,2) (4,3) (4,5) (4,6) (4,7) (5,3) (5,4) (5,5) (6,2) (6,6) (7,7) 

-------------------------------Squares controlled by the enemy------------------------------------
* X X X X * * X 
* * * * * * X X 
X X X X X * * * 
* * * X * X X X 
X X X X * X X X 
* * * X X X * * 
* * X * * * X * 
* * * * * * * X 

------------------------------Check Information---------------------------------------------------
White King located at: (7,3)
White King is safe, no check at this position.

------------------------------Special Move Information-------------------------------------------
No en passant allowed right now
------------------------------Castling Rights Information-------------------------------------------
White Kingside Castle:  NOT AVAILABLE
White Queenside Castle: NOT AVAILABLE
Black Kingside Castle:  NOT AVAILABLE
Black Queenside Castle: NOT AVAILABLE
---------------------------------------------------------------------------------------------------

========== CAPTURE EXPLORATION ==========
[0] B x p | Potential loss: NO | Score: 100
[1] Q x b | Potential loss: NO | Score: 330
========================================

========== CHECK EXPLORATION ==========
[0] Candidate: Q -> (7,6) -> (2,6) x b | Checking move: Q (7,6) -> (2,6)Checkmate: NO
======================================
--------------------------------------------------------------------------------------------------
Chosen Move: (7,3) --> (7,4)
 / d1e1

r * * * * r k * 
p p p * * p * * 
* * * * * p b * 
* * * * p * * * 
* * * * q * * * 
* * * * B * * * 
P P P * * P * * 
R * * * K * Q * 

[32;1m[Game] [0mPlayer's error code: 0
[32;1m[Game] [0mChecking move validity...
[32;1m[Board] [0mInitializing board (size: 8)...
[32;1m[Board] [0m32 piece(s) on board.
[32;1m[Board] [0mLoading history file `championship/chessgambit-chess_project_pelm/history.csv`...
[32;1m[Board] [0mLoaded 56 move(s).
[32;1m[Board] [0mHistory replayed, 19 piece(s) on board.
[32;1m[Board] [0mLoading move file `championship/chessgambit-chess_project_pelm/move.csv`...
[32;1m[Board] [0mWhite player is playing d1 to e1.
[32;1m[Board] [0m
[32;1m[Board] [0m     a b c d e f g h
[32;1m[Board] [0m   -------------------
[32;1m[Board] [0m 8 ||[30;1mr[0m| |[7;1m [0m| |[7;1m [0m|[30;1mr[0m|[30;1mK[0m| || 8
[32;1m[Board] [0m   -------------------
[32;1m[Board] [0m 7 ||[30;1mp[0m|[30;1mp[0m|[30;1mp[0m|[7;1m [0m| |[30;1mp[0m| |[7;1m [0m|| 7
[32;1m[Board] [0m   -------------------
[32;1m[Board] [0m 6 ||[7;1m [0m| |[7;1m [0m| |[7;1m [0m|[30;1mp[0m|[30;1mb[0m| || 6
[32;1m[Board] [0m   -------------------
[32;1m[Board] [0m 5 || |[7;1m [0m| |[7;1m [0m|[30;1mp[0m|[7;1m [0m| |[7;1m [0m|| 5
[32;1m[Board] [0m   -------------------
[32;1m[Board] [0m 4 ||[7;1m [0m| |[7;1m [0m| |[30;1mQ[0m| |[7;1m [0m| || 4
[32;1m[Board] [0m   -------------------
[32;1m[Board] [0m 3 || |[7;1m [0m| |[7;1m [0m|[0;1mb[0m|[7;1m [0m| |[7;1m [0m|| 3
[32;1m[Board] [0m   -------------------
[32;1m[Board] [0m 2 ||[0;1mp[0m|[0;1mp[0m|[0;1mp[0m| |[7;1m [0m|[0;1mp[0m|[7;1m [0m| || 2
[32;1m[Board] [0m   -------------------
[32;1m[Board] [0m 1 ||[0;1mr[0m|[7;1m [0m| |[7;1m [0m|[0;1mK[0m|[7;1m [0m|[0;1mQ[0m|[7;1m [0m|| 1
[32;1m[Board] [0m   -------------------
[32;1m[Board] [0m     a b c d e f g h
[32;1m[Board] [0m
[32;1m[Referee] [0mThis is the turn of the Black player...
new one at 2 number of nodes 103 no of distinct states visited 103 time left 9.98188
new one at 3 number of nodes 1479 no of distinct states visited 1122 time left 9.81154
new one at 4 number of nodes 4253 no of distinct states visited 3789 time left 9.05489
new one at 5 number of nodes 68681 no of distinct states visited 42021 time left 0.999808
ok it did depth 4 and now we're doing move e4c2 with evaluation 745 number of nodes examined is 4253
[32;1m[Game] [0mPlayer's error code: 0
[32;1m[Game] [0mChecking move validity...
[32;1m[Board] [0mInitializing board (size: 8)...
[32;1m[Board] [0m32 piece(s) on board.
[32;1m[Board] [0mLoading history file `championship/chessgambit-chess_project_pelm/history.csv`...
[32;1m[Board] [0mLoaded 57 move(s).
[32;1m[Board] [0mHistory replayed, 19 piece(s) on board.
[32;1m[Board] [0mLoading move file `championship/chessgambit-chess_project_pelm/move.csv`...
[32;1m[Board] [0mBlack player is playing e4 to c2.
[32;1m[Board] [0m[5;1mBlack Queen is taking White Pawn.[0m
[32;1m[Board] [0m
[32;1m[Board] [0m     a b c d e f g h
[32;1m[Board] [0m   -------------------
[32;1m[Board] [0m 8 ||[30;1mr[0m| |[7;1m [0m| |[7;1m [0m|[30;1mr[0m|[30;1mK[0m| || 8
[32;1m[Board] [0m   -------------------
[32;1m[Board] [0m 7 ||[30;1mp[0m|[30;1mp[0m|[30;1mp[0m|[7;1m [0m| |[30;1mp[0m| |[7;1m [0m|| 7
[32;1m[Board] [0m   -------------------
[32;1m[Board] [0m 6 ||[7;1m [0m| |[7;1m [0m| |[7;1m [0m|[30;1mp[0m|[30;1mb[0m| || 6
[32;1m[Board] [0m   -------------------
[32;1m[Board] [0m 5 || |[7;1m [0m| |[7;1m [0m|[30;1mp[0m|[7;1m [0m| |[7;1m [0m|| 5
[32;1m[Board] [0m   -------------------
[32;1m[Board] [0m 4 ||[7;1m [0m| |[7;1m [0m| |[7;1m [0m| |[7;1m [0m| || 4
[32;1m[Board] [0m   -------------------
[32;1m[Board] [0m 3 || |[7;1m [0m| |[7;1m [0m|[0;1mb[0m|[7;1m [0m| |[7;1m [0m|| 3
[32;1m[Board] [0m   -------------------
[32;1m[Board] [0m 2 ||[0;1mp[0m|[0;1mp[0m|[30;1mQ[0m| |[7;1m [0m|[0;1mp[0m|[7;1m [0m| || 2
[32;1m[Board] [0m   -------------------
[32;1m[Board] [0m 1 ||[0;1mr[0m|[7;1m [0m| |[7;1m [0m|[0;1mK[0m|[7;1m [0m|[0;1mQ[0m|[7;1m [0m|| 1
[32;1m[Board] [0m   -------------------
[32;1m[Board] [0m     a b c d e f g h
[32;1m[Board] [0m
[32;1m[Referee] [0mThis is the turn of the White player...
Inputed Board
Currently playing: White

------------------------------Current Search Space--------------------------------------------
Possible moves for piece: P:
 P: (6,0)->(5,0) / a2a3
 P: (6,0)->(4,0) / a2a4
 P: (6,1)->(5,1) / b2b3
 P: (6,1)->(4,1) / b2b4
 P: (6,5)->(5,5) / f2f3
 P: (6,5)->(4,5) / f2f4
Possible moves for piece: R:
 R: (7,0)->(7,1) / a1b1
 R: (7,0)->(7,2) / a1c1
 R: (7,0)->(7,3) / a1d1
Possible moves for piece: B:
 B: (5,4)->(4,3) / e3d4
 B: (5,4)->(3,2) / e3c5
 B: (5,4)->(2,1) / e3b6
 B: (5,4)->(1,0) / e3a7
 B: (5,4)->(4,5) / e3f4
 B: (5,4)->(3,6) / e3g5
 B: (5,4)->(2,7) / e3h6
 B: (5,4)->(6,3) / e3d2
 B: (5,4)->(7,2) / e3c1
Possible moves for piece: Q:
 Q: (7,6)->(6,6) / g1g2
 Q: (7,6)->(5,6) / g1g3
 Q: (7,6)->(4,6) / g1g4
 Q: (7,6)->(3,6) / g1g5
 Q: (7,6)->(2,6) / g1g6
 Q: (7,6)->(7,7) / g1h1
 Q: (7,6)->(7,5) / g1f1
 Q: (7,6)->(6,7) / g1h2
Possible moves for piece: K:
 K: (7,4)->(6,4) / e1e2
 K: (7,4)->(7,5) / e1f1
 K: (7,4)->(7,3) / e1d1
 K: (7,4)->(6,3) / e1d2

------------------------------Filtered Search Space--------------------------------------------
Possible moves for piece: P:
 P: (6,0)->(5,0) / a2a3
 P: (6,0)->(4,0) / a2a4
 P: (6,1)->(5,1) / b2b3
 P: (6,1)->(4,1) / b2b4
 P: (6,5)->(5,5) / f2f3
 P: (6,5)->(4,5) / f2f4
Possible moves for piece: R:
 R: (7,0)->(7,1) / a1b1
 R: (7,0)->(7,2) / a1c1
 R: (7,0)->(7,3) / a1d1
Possible moves for piece: B:
 B: (5,4)->(4,3) / e3d4
 B: (5,4)->(3,2) / e3c5
 B: (5,4)->(2,1) / e3b6
 B: (5,4)->(1,0) / e3a7
 B: (5,4)->(4,5) / e3f4
 B: (5,4)->(3,6) / e3g5
 B: (5,4)->(2,7) / e3h6
 B: (5,4)->(6,3) / e3d2
 B: (5,4)->(7,2) / e3c1
Possible moves for piece: Q:
 Q: (7,6)->(6,6) / g1g2
 Q: (7,6)->(5,6) / g1g3
 Q: (7,6)->(4,6) / g1g4
 Q: (7,6)->(3,6) / g1g5
 Q: (7,6)->(2,6) / g1g6
 Q: (7,6)->(7,7) / g1h1
 Q: (7,6)->(7,5) / g1f1
 Q: (7,6)->(6,7) / g1h2
Possible moves for piece: K:
 K: (7,4)->(7,5) / e1f1

--------------------------------Info on Attacks---------------------------------------------------
Squares attacked by Black pieces:
(0,1) (0,2) (0,3) (0,4) (0,7) (1,6) (1,7) (2,0) (2,1) (2,2) (2,3) (2,4) (3,2) (3,5) (3,6) (3,7) (4,0) (4,2) (4,3) (4,4) (4,5) (5,1) (5,2) (5,3) (6,1) (6,3) (6,4) (6,5) (7,1) (7,2) (7,3) 

-------------------------------Squares controlled by the enemy------------------------------------
* X X X X * * X 
* * * * * * X X 
X X X X X * * * 
* * X * * X X X 
X * X X X X * * 
* X X X * * * * 
* X * X X X * * 
* X X X * * * * 

------------------------------Check Information---------------------------------------------------
White King located at: (7,4)
White King is safe, no check at this position.

------------------------------Special Move Information-------------------------------------------
No en passant allowed right now
------------------------------Castling Rights Information-------------------------------------------
White Kingside Castle:  NOT AVAILABLE
White Queenside Castle: NOT AVAILABLE
Black Kingside Castle:  NOT AVAILABLE
Black Queenside Castle: NOT AVAILABLE
---------------------------------------------------------------------------------------------------

========== CAPTURE EXPLORATION ==========
[0] B x p | Potential loss: NO | Score: 100
[1] Q x b | Potential loss: NO | Score: 330
========================================

========== CHECK EXPLORATION ==========
[0] Candidate: Q -> (7,6) -> (2,6) x b | Checking move: Q (7,6) -> (2,6)Checkmate: NO
======================================
--------------------------------------------------------------------------------------------------
Chosen Move: (7,0) --> (7,2)
 / a1c1

r * * * * r k * 
p p p * * p * * 
* * * * * p b * 
* * * * p * * * 
* * * * * * * * 
* * * * B * * * 
P P q * * P * * 
* * R * K * Q * 

[32;1m[Game] [0mPlayer's error code: 0
[32;1m[Game] [0mChecking move validity...
[32;1m[Board] [0mInitializing board (size: 8)...
[32;1m[Board] [0m32 piece(s) on board.
[32;1m[Board] [0mLoading history file `championship/chessgambit-chess_project_pelm/history.csv`...
[32;1m[Board] [0mLoaded 58 move(s).
[32;1m[Board] [0mHistory replayed, 18 piece(s) on board.
[32;1m[Board] [0mLoading move file `championship/chessgambit-chess_project_pelm/move.csv`...
[32;1m[Board] [0mWhite player is playing a1 to c1.
[32;1m[Board] [0m
[32;1m[Board] [0m     a b c d e f g h
[32;1m[Board] [0m   -------------------
[32;1m[Board] [0m 8 ||[30;1mr[0m| |[7;1m [0m| |[7;1m [0m|[30;1mr[0m|[30;1mK[0m| || 8
[32;1m[Board] [0m   -------------------
[32;1m[Board] [0m 7 ||[30;1mp[0m|[30;1mp[0m|[30;1mp[0m|[7;1m [0m| |[30;1mp[0m| |[7;1m [0m|| 7
[32;1m[Board] [0m   -------------------
[32;1m[Board] [0m 6 ||[7;1m [0m| |[7;1m [0m| |[7;1m [0m|[30;1mp[0m|[30;1mb[0m| || 6
[32;1m[Board] [0m   -------------------
[32;1m[Board] [0m 5 || |[7;1m [0m| |[7;1m [0m|[30;1mp[0m|[7;1m [0m| |[7;1m [0m|| 5
[32;1m[Board] [0m   -------------------
[32;1m[Board] [0m 4 ||[7;1m [0m| |[7;1m [0m| |[7;1m [0m| |[7;1m [0m| || 4
[32;1m[Board] [0m   -------------------
[32;1m[Board] [0m 3 || |[7;1m [0m| |[7;1m [0m|[0;1mb[0m|[7;1m [0m| |[7;1m [0m|| 3
[32;1m[Board] [0m   -------------------
[32;1m[Board] [0m 2 ||[0;1mp[0m|[0;1mp[0m|[30;1mQ[0m| |[7;1m [0m|[0;1mp[0m|[7;1m [0m| || 2
[32;1m[Board] [0m   -------------------
[32;1m[Board] [0m 1 || |[7;1m [0m|[0;1mr[0m|[7;1m [0m|[0;1mK[0m|[7;1m [0m|[0;1mQ[0m|[7;1m [0m|| 1
[32;1m[Board] [0m   -------------------
[32;1m[Board] [0m     a b c d e f g h
[32;1m[Board] [0m
[32;1m[Referee] [0mThis is the turn of the Black player...
new one at 2 number of nodes 106 no of distinct states visited 106 time left 9.96766
new one at 3 number of nodes 1239 no of distinct states visited 1035 time left 9.79717
new one at 4 number of nodes 3006 no of distinct states visited 2682 time left 9.19004
new one at 5 number of nodes 25305 no of distinct states visited 19645 time left 5.51375
new one at 6 number of nodes 25582 no of distinct states visited 37015 time left 0.999788
ok it did depth 5 and now we're doing move c2b2 with evaluation 1255 number of nodes examined is 25305
[32;1m[Game] [0mPlayer's error code: 0
[32;1m[Game] [0mChecking move validity...
[32;1m[Board] [0mInitializing board (size: 8)...
[32;1m[Board] [0m32 piece(s) on board.
[32;1m[Board] [0mLoading history file `championship/chessgambit-chess_project_pelm/history.csv`...
[32;1m[Board] [0mLoaded 59 move(s).
[32;1m[Board] [0mHistory replayed, 18 piece(s) on board.
[32;1m[Board] [0mLoading move file `championship/chessgambit-chess_project_pelm/move.csv`...
[32;1m[Board] [0mBlack player is playing c2 to b2.
[32;1m[Board] [0m[5;1mBlack Queen is taking White Pawn.[0m
[32;1m[Board] [0m
[32;1m[Board] [0m     a b c d e f g h
[32;1m[Board] [0m   -------------------
[32;1m[Board] [0m 8 ||[30;1mr[0m| |[7;1m [0m| |[7;1m [0m|[30;1mr[0m|[30;1mK[0m| || 8
[32;1m[Board] [0m   -------------------
[32;1m[Board] [0m 7 ||[30;1mp[0m|[30;1mp[0m|[30;1mp[0m|[7;1m [0m| |[30;1mp[0m| |[7;1m [0m|| 7
[32;1m[Board] [0m   -------------------
[32;1m[Board] [0m 6 ||[7;1m [0m| |[7;1m [0m| |[7;1m [0m|[30;1mp[0m|[30;1mb[0m| || 6
[32;1m[Board] [0m   -------------------
[32;1m[Board] [0m 5 || |[7;1m [0m| |[7;1m [0m|[30;1mp[0m|[7;1m [0m| |[7;1m [0m|| 5
[32;1m[Board] [0m   -------------------
[32;1m[Board] [0m 4 ||[7;1m [0m| |[7;1m [0m| |[7;1m [0m| |[7;1m [0m| || 4
[32;1m[Board] [0m   -------------------
[32;1m[Board] [0m 3 || |[7;1m [0m| |[7;1m [0m|[0;1mb[0m|[7;1m [0m| |[7;1m [0m|| 3
[32;1m[Board] [0m   -------------------
[32;1m[Board] [0m 2 ||[0;1mp[0m|[30;1mQ[0m|[7;1m [0m| |[7;1m [0m|[0;1mp[0m|[7;1m [0m| || 2
[32;1m[Board] [0m   -------------------
[32;1m[Board] [0m 1 || |[7;1m [0m|[0;1mr[0m|[7;1m [0m|[0;1mK[0m|[7;1m [0m|[0;1mQ[0m|[7;1m [0m|| 1
[32;1m[Board] [0m   -------------------
[32;1m[Board] [0m     a b c d e f g h
[32;1m[Board] [0m
[32;1m[Referee] [0mThis is the turn of the White player...
Inputed Board
Currently playing: White

------------------------------Current Search Space--------------------------------------------
Possible moves for piece: P:
 P: (6,0)->(5,0) / a2a3
 P: (6,0)->(4,0) / a2a4
 P: (6,5)->(5,5) / f2f3
 P: (6,5)->(4,5) / f2f4
Possible moves for piece: R:
 R: (7,2)->(6,2) / c1c2
 R: (7,2)->(5,2) / c1c3
 R: (7,2)->(4,2) / c1c4
 R: (7,2)->(3,2) / c1c5
 R: (7,2)->(2,2) / c1c6
 R: (7,2)->(1,2) / c1c7
 R: (7,2)->(7,3) / c1d1
 R: (7,2)->(7,1) / c1b1
 R: (7,2)->(7,0) / c1a1
Possible moves for piece: B:
 B: (5,4)->(4,3) / e3d4
 B: (5,4)->(3,2) / e3c5
 B: (5,4)->(2,1) / e3b6
 B: (5,4)->(1,0) / e3a7
 B: (5,4)->(4,5) / e3f4
 B: (5,4)->(3,6) / e3g5
 B: (5,4)->(2,7) / e3h6
 B: (5,4)->(6,3) / e3d2
Possible moves for piece: Q:
 Q: (7,6)->(6,6) / g1g2
 Q: (7,6)->(5,6) / g1g3
 Q: (7,6)->(4,6) / g1g4
 Q: (7,6)->(3,6) / g1g5
 Q: (7,6)->(2,6) / g1g6
 Q: (7,6)->(7,7) / g1h1
 Q: (7,6)->(7,5) / g1f1
 Q: (7,6)->(6,7) / g1h2
Possible moves for piece: K:
 K: (7,4)->(6,4) / e1e2
 K: (7,4)->(7,5) / e1f1
 K: (7,4)->(7,3) / e1d1
 K: (7,4)->(6,3) / e1d2

------------------------------Filtered Search Space--------------------------------------------
Possible moves for piece: P:
 P: (6,0)->(5,0) / a2a3
 P: (6,0)->(4,0) / a2a4
 P: (6,5)->(5,5) / f2f3
 P: (6,5)->(4,5) / f2f4
Possible moves for piece: R:
 R: (7,2)->(6,2) / c1c2
 R: (7,2)->(5,2) / c1c3
 R: (7,2)->(4,2) / c1c4
 R: (7,2)->(3,2) / c1c5
 R: (7,2)->(2,2) / c1c6
 R: (7,2)->(1,2) / c1c7
 R: (7,2)->(7,3) / c1d1
 R: (7,2)->(7,1) / c1b1
 R: (7,2)->(7,0) / c1a1
Possible moves for piece: B:
 B: (5,4)->(4,3) / e3d4
 B: (5,4)->(3,2) / e3c5
 B: (5,4)->(2,1) / e3b6
 B: (5,4)->(1,0) / e3a7
 B: (5,4)->(4,5) / e3f4
 B: (5,4)->(3,6) / e3g5
 B: (5,4)->(2,7) / e3h6
 B: (5,4)->(6,3) / e3d2
Possible moves for piece: Q:
 Q: (7,6)->(6,6) / g1g2
 Q: (7,6)->(5,6) / g1g3
 Q: (7,6)->(4,6) / g1g4
 Q: (7,6)->(3,6) / g1g5
 Q: (7,6)->(2,6) / g1g6
 Q: (7,6)->(7,7) / g1h1
 Q: (7,6)->(7,5) / g1f1
 Q: (7,6)->(6,7) / g1h2
Possible moves for piece: K:
 K: (7,4)->(7,5) / e1f1
 K: (7,4)->(7,3) / e1d1

--------------------------------Info on Attacks---------------------------------------------------
Squares attacked by Black pieces:
(0,1) (0,2) (0,3) (0,4) (0,7) (1,6) (1,7) (2,0) (2,1) (2,2) (2,3) (2,4) (3,1) (3,5) (3,6) (3,7) (4,1) (4,3) (4,4) (4,5) (5,0) (5,1) (5,2) (5,3) (6,0) (6,2) (6,3) (6,4) (6,5) (7,0) (7,1) (7,2) 

-------------------------------Squares controlled by the enemy------------------------------------
* X X X X * * X 
* * * * * * X X 
X X X X X * * * 
* X * * * X X X 
* X * X X X * * 
X X X X * * * * 
X * X X X X * * 
X X X * * * * * 

------------------------------Check Information---------------------------------------------------
White King located at: (7,4)
White King is safe, no check at this position.

------------------------------Special Move Information-------------------------------------------
No en passant allowed right now
------------------------------Castling Rights Information-------------------------------------------
White Kingside Castle:  NOT AVAILABLE
White Queenside Castle: NOT AVAILABLE
Black Kingside Castle:  NOT AVAILABLE
Black Queenside Castle: NOT AVAILABLE
---------------------------------------------------------------------------------------------------

========== CAPTURE EXPLORATION ==========
[0] B x p | Potential loss: NO | Score: 100
[1] R x p | Potential loss: NO | Score: 100
[2] Q x b | Potential loss: NO | Score: 330
========================================

========== CHECK EXPLORATION ==========
[0] Candidate: Q -> (7,6) -> (2,6) x b | Checking move: Q (7,6) -> (2,6)Checkmate: NO
======================================
--------------------------------------------------------------------------------------------------
Chosen Move: (7,2) --> (1,2)
 / c1c7

r * * * * r k * 
p p R * * p * * 
* * * * * p b * 
* * * * p * * * 
* * * * * * * * 
* * * * B * * * 
P q * * * P * * 
* * * * K * Q * 

[32;1m[Game] [0mPlayer's error code: 0
[32;1m[Game] [0mChecking move validity...
[32;1m[Board] [0mInitializing board (size: 8)...
[32;1m[Board] [0m32 piece(s) on board.
[32;1m[Board] [0mLoading history file `championship/chessgambit-chess_project_pelm/history.csv`...
[32;1m[Board] [0mLoaded 60 move(s).
[32;1m[Board] [0mHistory replayed, 17 piece(s) on board.
[32;1m[Board] [0mLoading move file `championship/chessgambit-chess_project_pelm/move.csv`...
[32;1m[Board] [0mWhite player is playing c1 to c7.
[32;1m[Board] [0m[5;1mWhite Rook is taking Black Pawn.[0m
[32;1m[Board] [0m
[32;1m[Board] [0m     a b c d e f g h
[32;1m[Board] [0m   -------------------
[32;1m[Board] [0m 8 ||[30;1mr[0m| |[7;1m [0m| |[7;1m [0m|[30;1mr[0m|[30;1mK[0m| || 8
[32;1m[Board] [0m   -------------------
[32;1m[Board] [0m 7 ||[30;1mp[0m|[30;1mp[0m|[0;1mr[0m|[7;1m [0m| |[30;1mp[0m| |[7;1m [0m|| 7
[32;1m[Board] [0m   -------------------
[32;1m[Board] [0m 6 ||[7;1m [0m| |[7;1m [0m| |[7;1m [0m|[30;1mp[0m|[30;1mb[0m| || 6
[32;1m[Board] [0m   -------------------
[32;1m[Board] [0m 5 || |[7;1m [0m| |[7;1m [0m|[30;1mp[0m|[7;1m [0m| |[7;1m [0m|| 5
[32;1m[Board] [0m   -------------------
[32;1m[Board] [0m 4 ||[7;1m [0m| |[7;1m [0m| |[7;1m [0m| |[7;1m [0m| || 4
[32;1m[Board] [0m   -------------------
[32;1m[Board] [0m 3 || |[7;1m [0m| |[7;1m [0m|[0;1mb[0m|[7;1m [0m| |[7;1m [0m|| 3
[32;1m[Board] [0m   -------------------
[32;1m[Board] [0m 2 ||[0;1mp[0m|[30;1mQ[0m|[7;1m [0m| |[7;1m [0m|[0;1mp[0m|[7;1m [0m| || 2
[32;1m[Board] [0m   -------------------
[32;1m[Board] [0m 1 || |[7;1m [0m| |[7;1m [0m|[0;1mK[0m|[7;1m [0m|[0;1mQ[0m|[7;1m [0m|| 1
[32;1m[Board] [0m   -------------------
[32;1m[Board] [0m     a b c d e f g h
[32;1m[Board] [0m
[32;1m[Referee] [0mThis is the turn of the Black player...
new one at 2 number of nodes 100 no of distinct states visited 100 time left 9.98148
new one at 3 number of nodes 1311 no of distinct states visited 1216 time left 9.822
new one at 4 number of nodes 2730 no of distinct states visited 3110 time left 9.29989
new one at 5 number of nodes 34672 no of distinct states visited 25511 time left 4.91097
new one at 6 number of nodes 24342 no of distinct states visited 42812 time left 0.999777
ok it did depth 5 and now we're doing move b2a2 with evaluation 1325 number of nodes examined is 34672
[32;1m[Game] [0mPlayer's error code: 0
[32;1m[Game] [0mChecking move validity...
[32;1m[Board] [0mInitializing board (size: 8)...
[32;1m[Board] [0m32 piece(s) on board.
[32;1m[Board] [0mLoading history file `championship/chessgambit-chess_project_pelm/history.csv`...
[32;1m[Board] [0mLoaded 61 move(s).
[32;1m[Board] [0mHistory replayed, 16 piece(s) on board.
[32;1m[Board] [0mLoading move file `championship/chessgambit-chess_project_pelm/move.csv`...
[32;1m[Board] [0mBlack player is playing b2 to a2.
[32;1m[Board] [0m[5;1mBlack Queen is taking White Pawn.[0m
[32;1m[Board] [0m
[32;1m[Board] [0m     a b c d e f g h
[32;1m[Board] [0m   -------------------
[32;1m[Board] [0m 8 ||[30;1mr[0m| |[7;1m [0m| |[7;1m [0m|[30;1mr[0m|[30;1mK[0m| || 8
[32;1m[Board] [0m   -------------------
[32;1m[Board] [0m 7 ||[30;1mp[0m|[30;1mp[0m|[0;1mr[0m|[7;1m [0m| |[30;1mp[0m| |[7;1m [0m|| 7
[32;1m[Board] [0m   -------------------
[32;1m[Board] [0m 6 ||[7;1m [0m| |[7;1m [0m| |[7;1m [0m|[30;1mp[0m|[30;1mb[0m| || 6
[32;1m[Board] [0m   -------------------
[32;1m[Board] [0m 5 || |[7;1m [0m| |[7;1m [0m|[30;1mp[0m|[7;1m [0m| |[7;1m [0m|| 5
[32;1m[Board] [0m   -------------------
[32;1m[Board] [0m 4 ||[7;1m [0m| |[7;1m [0m| |[7;1m [0m| |[7;1m [0m| || 4
[32;1m[Board] [0m   -------------------
[32;1m[Board] [0m 3 || |[7;1m [0m| |[7;1m [0m|[0;1mb[0m|[7;1m [0m| |[7;1m [0m|| 3
[32;1m[Board] [0m   -------------------
[32;1m[Board] [0m 2 ||[30;1mQ[0m| |[7;1m [0m| |[7;1m [0m|[0;1mp[0m|[7;1m [0m| || 2
[32;1m[Board] [0m   -------------------
[32;1m[Board] [0m 1 || |[7;1m [0m| |[7;1m [0m|[0;1mK[0m|[7;1m [0m|[0;1mQ[0m|[7;1m [0m|| 1
[32;1m[Board] [0m   -------------------
[32;1m[Board] [0m     a b c d e f g h
[32;1m[Board] [0m
[32;1m[Referee] [0mThis is the turn of the White player...
Inputed Board
Currently playing: White

------------------------------Current Search Space--------------------------------------------
Possible moves for piece: P:
 P: (6,5)->(5,5) / f2f3
 P: (6,5)->(4,5) / f2f4
Possible moves for piece: R:
 R: (1,2)->(2,2) / c7c6
 R: (1,2)->(3,2) / c7c5
 R: (1,2)->(4,2) / c7c4
 R: (1,2)->(5,2) / c7c3
 R: (1,2)->(6,2) / c7c2
 R: (1,2)->(7,2) / c7c1
 R: (1,2)->(0,2) / c7c8
 R: (1,2)->(1,3) / c7d7
 R: (1,2)->(1,4) / c7e7
 R: (1,2)->(1,5) / c7f7
 R: (1,2)->(1,1) / c7b7
Possible moves for piece: B:
 B: (5,4)->(4,3) / e3d4
 B: (5,4)->(3,2) / e3c5
 B: (5,4)->(2,1) / e3b6
 B: (5,4)->(1,0) / e3a7
 B: (5,4)->(4,5) / e3f4
 B: (5,4)->(3,6) / e3g5
 B: (5,4)->(2,7) / e3h6
 B: (5,4)->(6,3) / e3d2
 B: (5,4)->(7,2) / e3c1
Possible moves for piece: Q:
 Q: (7,6)->(6,6) / g1g2
 Q: (7,6)->(5,6) / g1g3
 Q: (7,6)->(4,6) / g1g4
 Q: (7,6)->(3,6) / g1g5
 Q: (7,6)->(2,6) / g1g6
 Q: (7,6)->(7,7) / g1h1
 Q: (7,6)->(7,5) / g1f1
 Q: (7,6)->(6,7) / g1h2
Possible moves for piece: K:
 K: (7,4)->(6,4) / e1e2
 K: (7,4)->(7,5) / e1f1
 K: (7,4)->(7,3) / e1d1
 K: (7,4)->(6,3) / e1d2

------------------------------Filtered Search Space--------------------------------------------
Possible moves for piece: P:
 P: (6,5)->(5,5) / f2f3
 P: (6,5)->(4,5) / f2f4
Possible moves for piece: R:
 R: (1,2)->(2,2) / c7c6
 R: (1,2)->(3,2) / c7c5
 R: (1,2)->(4,2) / c7c4
 R: (1,2)->(5,2) / c7c3
 R: (1,2)->(6,2) / c7c2
 R: (1,2)->(7,2) / c7c1
 R: (1,2)->(0,2) / c7c8
 R: (1,2)->(1,3) / c7d7
 R: (1,2)->(1,4) / c7e7
 R: (1,2)->(1,5) / c7f7
 R: (1,2)->(1,1) / c7b7
Possible moves for piece: B:
 B: (5,4)->(4,3) / e3d4
 B: (5,4)->(3,2) / e3c5
 B: (5,4)->(2,1) / e3b6
 B: (5,4)->(1,0) / e3a7
 B: (5,4)->(4,5) / e3f4
 B: (5,4)->(3,6) / e3g5
 B: (5,4)->(2,7) / e3h6
 B: (5,4)->(6,3) / e3d2
 B: (5,4)->(7,2) / e3c1
Possible moves for piece: Q:
 Q: (7,6)->(6,6) / g1g2
 Q: (7,6)->(5,6) / g1g3
 Q: (7,6)->(4,6) / g1g4
 Q: (7,6)->(3,6) / g1g5
 Q: (7,6)->(2,6) / g1g6
 Q: (7,6)->(7,7) / g1h1
 Q: (7,6)->(7,5) / g1f1
 Q: (7,6)->(6,7) / g1h2
Possible moves for piece: K:
 K: (7,4)->(7,5) / e1f1
 K: (7,4)->(7,3) / e1d1

--------------------------------Info on Attacks---------------------------------------------------
Squares attacked by Black pieces:
(0,1) (0,2) (0,3) (0,4) (0,7) (1,6) (1,7) (2,0) (2,1) (2,2) (2,4) (3,0) (3,3) (3,5) (3,6) (3,7) (4,0) (4,2) (4,3) (4,4) (4,5) (5,0) (5,1) (5,3) (6,1) (6,2) (6,3) (6,4) (6,5) (7,0) (7,1) 

-------------------------------Squares controlled by the enemy------------------------------------
* X X X X * * X 
* * * * * * X X 
X X X * X * * * 
X * * X * X X X 
X * X X X X * * 
X X * X * * * * 
* X X X X X * * 
X X * * * * * * 

------------------------------Check Information---------------------------------------------------
White King located at: (7,4)
White King is safe, no check at this position.

------------------------------Special Move Information-------------------------------------------
No en passant allowed right now
------------------------------Castling Rights Information-------------------------------------------
White Kingside Castle:  NOT AVAILABLE
White Queenside Castle: NOT AVAILABLE
Black Kingside Castle:  NOT AVAILABLE
Black Queenside Castle: NOT AVAILABLE
---------------------------------------------------------------------------------------------------

========== CAPTURE EXPLORATION ==========
[0] R x p | Potential loss: NO | Score: 100
[1] R x p | Potential loss: NO | Score: 100
[2] B x p | Potential loss: NO | Score: 100
[3] Q x b | Potential loss: NO | Score: 330
========================================

========== CHECK EXPLORATION ==========
[0] Candidate: Q -> (7,6) -> (2,6) x b | Checking move: Q (7,6) -> (2,6)Checkmate: NO
======================================
--------------------------------------------------------------------------------------------------
Chosen Move: (7,4) --> (7,5)
 / e1f1

r * * * * r k * 
p p R * * p * * 
* * * * * p b * 
* * * * p * * * 
* * * * * * * * 
* * * * B * * * 
q * * * * P * * 
* * * * * K Q * 

[32;1m[Game] [0mPlayer's error code: 0
[32;1m[Game] [0mChecking move validity...
[32;1m[Board] [0mInitializing board (size: 8)...
[32;1m[Board] [0m32 piece(s) on board.
[32;1m[Board] [0mLoading history file `championship/chessgambit-chess_project_pelm/history.csv`...
[32;1m[Board] [0mLoaded 62 move(s).
[32;1m[Board] [0mHistory replayed, 15 piece(s) on board.
[32;1m[Board] [0mLoading move file `championship/chessgambit-chess_project_pelm/move.csv`...
[32;1m[Board] [0mWhite player is playing e1 to f1.
[32;1m[Board] [0m
[32;1m[Board] [0m     a b c d e f g h
[32;1m[Board] [0m   -------------------
[32;1m[Board] [0m 8 ||[30;1mr[0m| |[7;1m [0m| |[7;1m [0m|[30;1mr[0m|[30;1mK[0m| || 8
[32;1m[Board] [0m   -------------------
[32;1m[Board] [0m 7 ||[30;1mp[0m|[30;1mp[0m|[0;1mr[0m|[7;1m [0m| |[30;1mp[0m| |[7;1m [0m|| 7
[32;1m[Board] [0m   -------------------
[32;1m[Board] [0m 6 ||[7;1m [0m| |[7;1m [0m| |[7;1m [0m|[30;1mp[0m|[30;1mb[0m| || 6
[32;1m[Board] [0m   -------------------
[32;1m[Board] [0m 5 || |[7;1m [0m| |[7;1m [0m|[30;1mp[0m|[7;1m [0m| |[7;1m [0m|| 5
[32;1m[Board] [0m   -------------------
[32;1m[Board] [0m 4 ||[7;1m [0m| |[7;1m [0m| |[7;1m [0m| |[7;1m [0m| || 4
[32;1m[Board] [0m   -------------------
[32;1m[Board] [0m 3 || |[7;1m [0m| |[7;1m [0m|[0;1mb[0m|[7;1m [0m| |[7;1m [0m|| 3
[32;1m[Board] [0m   -------------------
[32;1m[Board] [0m 2 ||[30;1mQ[0m| |[7;1m [0m| |[7;1m [0m|[0;1mp[0m|[7;1m [0m| || 2
[32;1m[Board] [0m   -------------------
[32;1m[Board] [0m 1 || |[7;1m [0m| |[7;1m [0m| |[0;1mK[0m|[0;1mQ[0m|[7;1m [0m|| 1
[32;1m[Board] [0m   -------------------
[32;1m[Board] [0m     a b c d e f g h
[32;1m[Board] [0m
[32;1m[Referee] [0mThis is the turn of the Black player...
new one at 2 number of nodes 69 no of distinct states visited 69 time left 9.98655
new one at 3 number of nodes 1503 no of distinct states visited 1282 time left 9.82791
new one at 4 number of nodes 2801 no of distinct states visited 2967 time left 9.2875
new one at 5 number of nodes 66636 no of distinct states visited 42751 time left 1.0155
new one at 6 number of nodes 93 no of distinct states visited 42814 time left 0.999886
ok it did depth 5 and now we're doing move a2a5 with evaluation 1405 number of nodes examined is 66636
[32;1m[Game] [0mPlayer's error code: 0
[32;1m[Game] [0mChecking move validity...
[32;1m[Board] [0mInitializing board (size: 8)...
[32;1m[Board] [0m32 piece(s) on board.
[32;1m[Board] [0mLoading history file `championship/chessgambit-chess_project_pelm/history.csv`...
[32;1m[Board] [0mLoaded 63 move(s).
[32;1m[Board] [0mHistory replayed, 15 piece(s) on board.
[32;1m[Board] [0mLoading move file `championship/chessgambit-chess_project_pelm/move.csv`...
[32;1m[Board] [0mBlack player is playing a2 to a5.
[32;1m[Board] [0m
[32;1m[Board] [0m     a b c d e f g h
[32;1m[Board] [0m   -------------------
[32;1m[Board] [0m 8 ||[30;1mr[0m| |[7;1m [0m| |[7;1m [0m|[30;1mr[0m|[30;1mK[0m| || 8
[32;1m[Board] [0m   -------------------
[32;1m[Board] [0m 7 ||[30;1mp[0m|[30;1mp[0m|[0;1mr[0m|[7;1m [0m| |[30;1mp[0m| |[7;1m [0m|| 7
[32;1m[Board] [0m   -------------------
[32;1m[Board] [0m 6 ||[7;1m [0m| |[7;1m [0m| |[7;1m [0m|[30;1mp[0m|[30;1mb[0m| || 6
[32;1m[Board] [0m   -------------------
[32;1m[Board] [0m 5 ||[30;1mQ[0m|[7;1m [0m| |[7;1m [0m|[30;1mp[0m|[7;1m [0m| |[7;1m [0m|| 5
[32;1m[Board] [0m   -------------------
[32;1m[Board] [0m 4 ||[7;1m [0m| |[7;1m [0m| |[7;1m [0m| |[7;1m [0m| || 4
[32;1m[Board] [0m   -------------------
[32;1m[Board] [0m 3 || |[7;1m [0m| |[7;1m [0m|[0;1mb[0m|[7;1m [0m| |[7;1m [0m|| 3
[32;1m[Board] [0m   -------------------
[32;1m[Board] [0m 2 ||[7;1m [0m| |[7;1m [0m| |[7;1m [0m|[0;1mp[0m|[7;1m [0m| || 2
[32;1m[Board] [0m   -------------------
[32;1m[Board] [0m 1 || |[7;1m [0m| |[7;1m [0m| |[0;1mK[0m|[0;1mQ[0m|[7;1m [0m|| 1
[32;1m[Board] [0m   -------------------
[32;1m[Board] [0m     a b c d e f g h
[32;1m[Board] [0m
[32;1m[Referee] [0mThis is the turn of the White player...
Inputed Board
Currently playing: White

------------------------------Current Search Space--------------------------------------------
Possible moves for piece: P:
 P: (6,5)->(5,5) / f2f3
 P: (6,5)->(4,5) / f2f4
Possible moves for piece: R:
 R: (1,2)->(2,2) / c7c6
 R: (1,2)->(3,2) / c7c5
 R: (1,2)->(4,2) / c7c4
 R: (1,2)->(5,2) / c7c3
 R: (1,2)->(6,2) / c7c2
 R: (1,2)->(7,2) / c7c1
 R: (1,2)->(0,2) / c7c8
 R: (1,2)->(1,3) / c7d7
 R: (1,2)->(1,4) / c7e7
 R: (1,2)->(1,5) / c7f7
 R: (1,2)->(1,1) / c7b7
Possible moves for piece: B:
 B: (5,4)->(4,3) / e3d4
 B: (5,4)->(3,2) / e3c5
 B: (5,4)->(2,1) / e3b6
 B: (5,4)->(1,0) / e3a7
 B: (5,4)->(4,5) / e3f4
 B: (5,4)->(3,6) / e3g5
 B: (5,4)->(2,7) / e3h6
 B: (5,4)->(6,3) / e3d2
 B: (5,4)->(7,2) / e3c1
Possible moves for piece: Q:
 Q: (7,6)->(6,6) / g1g2
 Q: (7,6)->(5,6) / g1g3
 Q: (7,6)->(4,6) / g1g4
 Q: (7,6)->(3,6) / g1g5
 Q: (7,6)->(2,6) / g1g6
 Q: (7,6)->(7,7) / g1h1
 Q: (7,6)->(6,7) / g1h2
Possible moves for piece: K:
 K: (7,5)->(7,4) / f1e1
 K: (7,5)->(6,6) / f1g2
 K: (7,5)->(6,4) / f1e2

------------------------------Filtered Search Space--------------------------------------------
Possible moves for piece: P:
 P: (6,5)->(5,5) / f2f3
 P: (6,5)->(4,5) / f2f4
Possible moves for piece: R:
 R: (1,2)->(2,2) / c7c6
 R: (1,2)->(3,2) / c7c5
 R: (1,2)->(4,2) / c7c4
 R: (1,2)->(5,2) / c7c3
 R: (1,2)->(6,2) / c7c2
 R: (1,2)->(7,2) / c7c1
 R: (1,2)->(0,2) / c7c8
 R: (1,2)->(1,3) / c7d7
 R: (1,2)->(1,4) / c7e7
 R: (1,2)->(1,5) / c7f7
 R: (1,2)->(1,1) / c7b7
Possible moves for piece: B:
 B: (5,4)->(4,3) / e3d4
 B: (5,4)->(3,2) / e3c5
 B: (5,4)->(2,1) / e3b6
 B: (5,4)->(1,0) / e3a7
 B: (5,4)->(4,5) / e3f4
 B: (5,4)->(3,6) / e3g5
 B: (5,4)->(2,7) / e3h6
 B: (5,4)->(6,3) / e3d2
 B: (5,4)->(7,2) / e3c1
Possible moves for piece: Q:
 Q: (7,6)->(6,6) / g1g2
 Q: (7,6)->(5,6) / g1g3
 Q: (7,6)->(4,6) / g1g4
 Q: (7,6)->(3,6) / g1g5
 Q: (7,6)->(2,6) / g1g6
 Q: (7,6)->(7,7) / g1h1
 Q: (7,6)->(6,7) / g1h2
Possible moves for piece: K:
 K: (7,5)->(6,6) / f1g2
 K: (7,5)->(6,4) / f1e2

--------------------------------Info on Attacks---------------------------------------------------
Squares attacked by Black pieces:
(0,1) (0,2) (0,3) (0,4) (0,7) (1,2) (1,6) (1,7) (2,0) (2,1) (2,2) (2,4) (3,1) (3,2) (3,3) (3,5) (3,6) (3,7) (4,0) (4,1) (4,3) (4,4) (4,5) (5,0) (5,2) (5,3) (6,0) (6,2) (6,3) (7,0) (7,1) (7,4) 

-------------------------------Squares controlled by the enemy------------------------------------
* X X X X * * X 
* * X * * * X X 
X X X * X * * * 
* X X X * X X X 
X X * X X X * * 
X * X X * * * * 
X * X X * * * * 
X X * * X * * * 

------------------------------Check Information---------------------------------------------------
White King located at: (7,5)
White King is safe, no check at this position.

------------------------------Special Move Information-------------------------------------------
No en passant allowed right now
------------------------------Castling Rights Information-------------------------------------------
White Kingside Castle:  NOT AVAILABLE
White Queenside Castle: NOT AVAILABLE
Black Kingside Castle:  NOT AVAILABLE
Black Queenside Castle: NOT AVAILABLE
---------------------------------------------------------------------------------------------------

========== CAPTURE EXPLORATION ==========
[0] R x p | Potential loss: NO | Score: 100
[1] R x p | Potential loss: NO | Score: 100
[2] B x p | Potential loss: NO | Score: 100
[3] Q x b | Potential loss: NO | Score: 330
========================================

========== CHECK EXPLORATION ==========
[0] Candidate: Q -> (7,6) -> (2,6) x b | Checking move: Q (7,6) -> (2,6)Checkmate: NO
======================================
--------------------------------------------------------------------------------------------------
Chosen Move: (1,2) --> (3,2)
 / c7c5

r * * * * r k * 
p p * * * p * * 
* * * * * p b * 
q * R * p * * * 
* * * * * * * * 
* * * * B * * * 
* * * * * P * * 
* * * * * K Q * 

[32;1m[Game] [0mPlayer's error code: 0
[32;1m[Game] [0mChecking move validity...
[32;1m[Board] [0mInitializing board (size: 8)...
[32;1m[Board] [0m32 piece(s) on board.
[32;1m[Board] [0mLoading history file `championship/chessgambit-chess_project_pelm/history.csv`...
[32;1m[Board] [0mLoaded 64 move(s).
[32;1m[Board] [0mHistory replayed, 15 piece(s) on board.
[32;1m[Board] [0mLoading move file `championship/chessgambit-chess_project_pelm/move.csv`...
[32;1m[Board] [0mWhite player is playing c7 to c5.
[32;1m[Board] [0m
[32;1m[Board] [0m     a b c d e f g h
[32;1m[Board] [0m   -------------------
[32;1m[Board] [0m 8 ||[30;1mr[0m| |[7;1m [0m| |[7;1m [0m|[30;1mr[0m|[30;1mK[0m| || 8
[32;1m[Board] [0m   -------------------
[32;1m[Board] [0m 7 ||[30;1mp[0m|[30;1mp[0m| |[7;1m [0m| |[30;1mp[0m| |[7;1m [0m|| 7
[32;1m[Board] [0m   -------------------
[32;1m[Board] [0m 6 ||[7;1m [0m| |[7;1m [0m| |[7;1m [0m|[30;1mp[0m|[30;1mb[0m| || 6
[32;1m[Board] [0m   -------------------
[32;1m[Board] [0m 5 ||[30;1mQ[0m|[7;1m [0m|[0;1mr[0m|[7;1m [0m|[30;1mp[0m|[7;1m [0m| |[7;1m [0m|| 5
[32;1m[Board] [0m   -------------------
[32;1m[Board] [0m 4 ||[7;1m [0m| |[7;1m [0m| |[7;1m [0m| |[7;1m [0m| || 4
[32;1m[Board] [0m   -------------------
[32;1m[Board] [0m 3 || |[7;1m [0m| |[7;1m [0m|[0;1mb[0m|[7;1m [0m| |[7;1m [0m|| 3
[32;1m[Board] [0m   -------------------
[32;1m[Board] [0m 2 ||[7;1m [0m| |[7;1m [0m| |[7;1m [0m|[0;1mp[0m|[7;1m [0m| || 2
[32;1m[Board] [0m   -------------------
[32;1m[Board] [0m 1 || |[7;1m [0m| |[7;1m [0m| |[0;1mK[0m|[0;1mQ[0m|[7;1m [0m|| 1
[32;1m[Board] [0m   -------------------
[32;1m[Board] [0m     a b c d e f g h
[32;1m[Board] [0m
[32;1m[Referee] [0mThis is the turn of the Black player...
new one at 2 number of nodes 82 no of distinct states visited 82 time left 9.98556
new one at 3 number of nodes 1249 no of distinct states visited 989 time left 9.84354
new one at 4 number of nodes 2558 no of distinct states visited 2644 time left 9.33716
new one at 5 number of nodes 28227 no of distinct states visited 20178 time left 6.07314
new one at 6 number of nodes 29874 no of distinct states visited 39692 time left 0.999776
ok it did depth 5 and now we're doing move a5a6 with evaluation 1415 number of nodes examined is 28227
[32;1m[Game] [0mPlayer's error code: 0
[32;1m[Game] [0mChecking move validity...
[32;1m[Board] [0mInitializing board (size: 8)...
[32;1m[Board] [0m32 piece(s) on board.
[32;1m[Board] [0mLoading history file `championship/chessgambit-chess_project_pelm/history.csv`...
[32;1m[Board] [0mLoaded 65 move(s).
[32;1m[Board] [0mHistory replayed, 15 piece(s) on board.
[32;1m[Board] [0mLoading move file `championship/chessgambit-chess_project_pelm/move.csv`...
[32;1m[Board] [0mBlack player is playing a5 to a6.
[32;1m[Board] [0m
[32;1m[Board] [0m     a b c d e f g h
[32;1m[Board] [0m   -------------------
[32;1m[Board] [0m 8 ||[30;1mr[0m| |[7;1m [0m| |[7;1m [0m|[30;1mr[0m|[30;1mK[0m| || 8
[32;1m[Board] [0m   -------------------
[32;1m[Board] [0m 7 ||[30;1mp[0m|[30;1mp[0m| |[7;1m [0m| |[30;1mp[0m| |[7;1m [0m|| 7
[32;1m[Board] [0m   -------------------
[32;1m[Board] [0m 6 ||[30;1mQ[0m| |[7;1m [0m| |[7;1m [0m|[30;1mp[0m|[30;1mb[0m| || 6
[32;1m[Board] [0m   -------------------
[32;1m[Board] [0m 5 || |[7;1m [0m|[0;1mr[0m|[7;1m [0m|[30;1mp[0m|[7;1m [0m| |[7;1m [0m|| 5
[32;1m[Board] [0m   -------------------
[32;1m[Board] [0m 4 ||[7;1m [0m| |[7;1m [0m| |[7;1m [0m| |[7;1m [0m| || 4
[32;1m[Board] [0m   -------------------
[32;1m[Board] [0m 3 || |[7;1m [0m| |[7;1m [0m|[0;1mb[0m|[7;1m [0m| |[7;1m [0m|| 3
[32;1m[Board] [0m   -------------------
[32;1m[Board] [0m 2 ||[7;1m [0m| |[7;1m [0m| |[7;1m [0m|[0;1mp[0m|[7;1m [0m| || 2
[32;1m[Board] [0m   -------------------
[32;1m[Board] [0m 1 || |[7;1m [0m| |[7;1m [0m| |[0;1mK[0m|[0;1mQ[0m|[7;1m [0m|| 1
[32;1m[Board] [0m   -------------------
[32;1m[Board] [0m     a b c d e f g h
[32;1m[Board] [0m
[32;1m[Referee] [0mThis is the turn of the White player...
Inputed Board
Currently playing: White

------------------------------Current Search Space--------------------------------------------
Possible moves for piece: P:
 P: (6,5)->(5,5) / f2f3
 P: (6,5)->(4,5) / f2f4
Possible moves for piece: R:
 R: (3,2)->(4,2) / c5c4
 R: (3,2)->(5,2) / c5c3
 R: (3,2)->(6,2) / c5c2
 R: (3,2)->(7,2) / c5c1
 R: (3,2)->(2,2) / c5c6
 R: (3,2)->(1,2) / c5c7
 R: (3,2)->(0,2) / c5c8
 R: (3,2)->(3,3) / c5d5
 R: (3,2)->(3,4) / c5e5
 R: (3,2)->(3,1) / c5b5
 R: (3,2)->(3,0) / c5a5
Possible moves for piece: B:
 B: (5,4)->(4,3) / e3d4
 B: (5,4)->(4,5) / e3f4
 B: (5,4)->(3,6) / e3g5
 B: (5,4)->(2,7) / e3h6
 B: (5,4)->(6,3) / e3d2
 B: (5,4)->(7,2) / e3c1
Possible moves for piece: Q:
 Q: (7,6)->(6,6) / g1g2
 Q: (7,6)->(5,6) / g1g3
 Q: (7,6)->(4,6) / g1g4
 Q: (7,6)->(3,6) / g1g5
 Q: (7,6)->(2,6) / g1g6
 Q: (7,6)->(7,7) / g1h1
 Q: (7,6)->(6,7) / g1h2
Possible moves for piece: K:
 K: (7,5)->(7,4) / f1e1
 K: (7,5)->(6,6) / f1g2
 K: (7,5)->(6,4) / f1e2

------------------------------Filtered Search Space--------------------------------------------
Possible moves for piece: R:
 R: (3,2)->(4,2) / c5c4
 R: (3,2)->(3,1) / c5b5
Possible moves for piece: K:
 K: (7,5)->(7,4) / f1e1
 K: (7,5)->(6,6) / f1g2

--------------------------------Info on Attacks---------------------------------------------------
Squares attacked by Black pieces:
(0,1) (0,2) (0,3) (0,4) (0,7) (1,6) (1,7) (2,1) (2,2) (2,3) (2,4) (3,0) (3,1) (3,5) (3,6) (3,7) (4,0) (4,2) (4,3) (4,4) (4,5) (5,0) (5,3) (6,0) (6,2) (6,4) (7,0) (7,1) (7,5) 

-------------------------------Squares controlled by the enemy------------------------------------
* X X X X * * X 
* * * * * * X X 
* X X X X * * * 
X X * * * X X X 
X * X X X X * * 
X * * X * * * * 
X * X * X * * * 
X X * * * X * * 

------------------------------Check Information---------------------------------------------------
White King located at: (7,5)
White King is in check by q at (2,0)

------------------------------Special Move Information-------------------------------------------
No en passant allowed right now
------------------------------Castling Rights Information-------------------------------------------
White Kingside Castle:  NOT AVAILABLE
White Queenside Castle: NOT AVAILABLE
Black Kingside Castle:  NOT AVAILABLE
Black Queenside Castle: NOT AVAILABLE
---------------------------------------------------------------------------------------------------

========== CAPTURE EXPLORATION ==========
========================================

========== CHECK EXPLORATION ==========
(no checks found)
======================================
--------------------------------------------------------------------------------------------------
Chosen Move: (7,5) --> (6,6)
 / f1g2

r * * * * r k * 
p p * * * p * * 
q * * * * p b * 
* * R * p * * * 
* * * * * * * * 
* * * * B * * * 
* * * * * P K * 
* * * * * * Q * 

[32;1m[Game] [0mPlayer's error code: 0
[32;1m[Game] [0mChecking move validity...
[32;1m[Board] [0mInitializing board (size: 8)...
[32;1m[Board] [0m32 piece(s) on board.
[32;1m[Board] [0mLoading history file `championship/chessgambit-chess_project_pelm/history.csv`...
[32;1m[Board] [0mLoaded 66 move(s).
[32;1m[Board] [0mHistory replayed, 15 piece(s) on board.
[32;1m[Board] [0mLoading move file `championship/chessgambit-chess_project_pelm/move.csv`...
[32;1m[Board] [0mWhite player is playing f1 to g2.
[32;1m[Board] [0m
[32;1m[Board] [0m     a b c d e f g h
[32;1m[Board] [0m   -------------------
[32;1m[Board] [0m 8 ||[30;1mr[0m| |[7;1m [0m| |[7;1m [0m|[30;1mr[0m|[30;1mK[0m| || 8
[32;1m[Board] [0m   -------------------
[32;1m[Board] [0m 7 ||[30;1mp[0m|[30;1mp[0m| |[7;1m [0m| |[30;1mp[0m| |[7;1m [0m|| 7
[32;1m[Board] [0m   -------------------
[32;1m[Board] [0m 6 ||[30;1mQ[0m| |[7;1m [0m| |[7;1m [0m|[30;1mp[0m|[30;1mb[0m| || 6
[32;1m[Board] [0m   -------------------
[32;1m[Board] [0m 5 || |[7;1m [0m|[0;1mr[0m|[7;1m [0m|[30;1mp[0m|[7;1m [0m| |[7;1m [0m|| 5
[32;1m[Board] [0m   -------------------
[32;1m[Board] [0m 4 ||[7;1m [0m| |[7;1m [0m| |[7;1m [0m| |[7;1m [0m| || 4
[32;1m[Board] [0m   -------------------
[32;1m[Board] [0m 3 || |[7;1m [0m| |[7;1m [0m|[0;1mb[0m|[7;1m [0m| |[7;1m [0m|| 3
[32;1m[Board] [0m   -------------------
[32;1m[Board] [0m 2 ||[7;1m [0m| |[7;1m [0m| |[7;1m [0m|[0;1mp[0m|[0;1mK[0m| || 2
[32;1m[Board] [0m   -------------------
[32;1m[Board] [0m 1 || |[7;1m [0m| |[7;1m [0m| |[7;1m [0m|[0;1mQ[0m|[7;1m [0m|| 1
[32;1m[Board] [0m   -------------------
[32;1m[Board] [0m     a b c d e f g h
[32;1m[Board] [0m
[32;1m[Referee] [0mThis is the turn of the Black player...
new one at 2 number of nodes 109 no of distinct states visited 109 time left 9.95588
new one at 3 number of nodes 2243 no of distinct states visited 1932 time left 9.69179
new one at 4 number of nodes 12673 no of distinct states visited 11396 time left 7.38277
new one at 5 number of nodes 48518 no of distinct states visited 44454 time left 0.999741
ok it did depth 4 and now we're doing move a6a4 with evaluation 1030 number of nodes examined is 12673
[32;1m[Game] [0mPlayer's error code: 0
[32;1m[Game] [0mChecking move validity...
[32;1m[Board] [0mInitializing board (size: 8)...
[32;1m[Board] [0m32 piece(s) on board.
[32;1m[Board] [0mLoading history file `championship/chessgambit-chess_project_pelm/history.csv`...
[32;1m[Board] [0mLoaded 67 move(s).
[32;1m[Board] [0mHistory replayed, 15 piece(s) on board.
[32;1m[Board] [0mLoading move file `championship/chessgambit-chess_project_pelm/move.csv`...
[32;1m[Board] [0mBlack player is playing a6 to a4.
[32;1m[Board] [0m
[32;1m[Board] [0m     a b c d e f g h
[32;1m[Board] [0m   -------------------
[32;1m[Board] [0m 8 ||[30;1mr[0m| |[7;1m [0m| |[7;1m [0m|[30;1mr[0m|[30;1mK[0m| || 8
[32;1m[Board] [0m   -------------------
[32;1m[Board] [0m 7 ||[30;1mp[0m|[30;1mp[0m| |[7;1m [0m| |[30;1mp[0m| |[7;1m [0m|| 7
[32;1m[Board] [0m   -------------------
[32;1m[Board] [0m 6 ||[7;1m [0m| |[7;1m [0m| |[7;1m [0m|[30;1mp[0m|[30;1mb[0m| || 6
[32;1m[Board] [0m   -------------------
[32;1m[Board] [0m 5 || |[7;1m [0m|[0;1mr[0m|[7;1m [0m|[30;1mp[0m|[7;1m [0m| |[7;1m [0m|| 5
[32;1m[Board] [0m   -------------------
[32;1m[Board] [0m 4 ||[30;1mQ[0m| |[7;1m [0m| |[7;1m [0m| |[7;1m [0m| || 4
[32;1m[Board] [0m   -------------------
[32;1m[Board] [0m 3 || |[7;1m [0m| |[7;1m [0m|[0;1mb[0m|[7;1m [0m| |[7;1m [0m|| 3
[32;1m[Board] [0m   -------------------
[32;1m[Board] [0m 2 ||[7;1m [0m| |[7;1m [0m| |[7;1m [0m|[0;1mp[0m|[0;1mK[0m| || 2
[32;1m[Board] [0m   -------------------
[32;1m[Board] [0m 1 || |[7;1m [0m| |[7;1m [0m| |[7;1m [0m|[0;1mQ[0m|[7;1m [0m|| 1
[32;1m[Board] [0m   -------------------
[32;1m[Board] [0m     a b c d e f g h
[32;1m[Board] [0m
[32;1m[Referee] [0mThis is the turn of the White player...
Inputed Board
Currently playing: White

------------------------------Current Search Space--------------------------------------------
Possible moves for piece: P:
 P: (6,5)->(5,5) / f2f3
 P: (6,5)->(4,5) / f2f4
Possible moves for piece: R:
 R: (3,2)->(4,2) / c5c4
 R: (3,2)->(5,2) / c5c3
 R: (3,2)->(6,2) / c5c2
 R: (3,2)->(7,2) / c5c1
 R: (3,2)->(2,2) / c5c6
 R: (3,2)->(1,2) / c5c7
 R: (3,2)->(0,2) / c5c8
 R: (3,2)->(3,3) / c5d5
 R: (3,2)->(3,4) / c5e5
 R: (3,2)->(3,1) / c5b5
 R: (3,2)->(3,0) / c5a5
Possible moves for piece: B:
 B: (5,4)->(4,3) / e3d4
 B: (5,4)->(4,5) / e3f4
 B: (5,4)->(3,6) / e3g5
 B: (5,4)->(2,7) / e3h6
 B: (5,4)->(6,3) / e3d2
 B: (5,4)->(7,2) / e3c1
Possible moves for piece: Q:
 Q: (7,6)->(7,7) / g1h1
 Q: (7,6)->(7,5) / g1f1
 Q: (7,6)->(7,4) / g1e1
 Q: (7,6)->(7,3) / g1d1
 Q: (7,6)->(7,2) / g1c1
 Q: (7,6)->(7,1) / g1b1
 Q: (7,6)->(7,0) / g1a1
 Q: (7,6)->(6,7) / g1h2
Possible moves for piece: K:
 K: (6,6)->(5,6) / g2g3
 K: (6,6)->(6,7) / g2h2
 K: (6,6)->(7,7) / g2h1
 K: (6,6)->(7,5) / g2f1
 K: (6,6)->(5,7) / g2h3
 K: (6,6)->(5,5) / g2f3

------------------------------Filtered Search Space--------------------------------------------
Possible moves for piece: P:
 P: (6,5)->(5,5) / f2f3
 P: (6,5)->(4,5) / f2f4
Possible moves for piece: R:
 R: (3,2)->(4,2) / c5c4
 R: (3,2)->(5,2) / c5c3
 R: (3,2)->(6,2) / c5c2
 R: (3,2)->(7,2) / c5c1
 R: (3,2)->(2,2) / c5c6
 R: (3,2)->(1,2) / c5c7
 R: (3,2)->(0,2) / c5c8
 R: (3,2)->(3,3) / c5d5
 R: (3,2)->(3,4) / c5e5
 R: (3,2)->(3,1) / c5b5
 R: (3,2)->(3,0) / c5a5
Possible moves for piece: B:
 B: (5,4)->(4,3) / e3d4
 B: (5,4)->(4,5) / e3f4
 B: (5,4)->(3,6) / e3g5
 B: (5,4)->(2,7) / e3h6
 B: (5,4)->(6,3) / e3d2
 B: (5,4)->(7,2) / e3c1
Possible moves for piece: Q:
 Q: (7,6)->(7,7) / g1h1
 Q: (7,6)->(7,5) / g1f1
 Q: (7,6)->(7,4) / g1e1
 Q: (7,6)->(7,3) / g1d1
 Q: (7,6)->(7,2) / g1c1
 Q: (7,6)->(7,1) / g1b1
 Q: (7,6)->(7,0) / g1a1
 Q: (7,6)->(6,7) / g1h2
Possible moves for piece: K:
 K: (6,6)->(5,6) / g2g3
 K: (6,6)->(6,7) / g2h2
 K: (6,6)->(7,7) / g2h1
 K: (6,6)->(7,5) / g2f1
 K: (6,6)->(5,7) / g2h3
 K: (6,6)->(5,5) / g2f3

--------------------------------Info on Attacks---------------------------------------------------
Squares attacked by Black pieces:
(0,1) (0,2) (0,3) (0,4) (0,7) (1,3) (1,6) (1,7) (2,0) (2,1) (2,2) (2,4) (3,0) (3,1) (3,5) (3,6) (3,7) (4,1) (4,2) (4,3) (4,4) (4,5) (4,6) (4,7) (5,0) (5,1) (5,3) (6,0) (6,2) (7,0) (7,1) (7,3) 

-------------------------------Squares controlled by the enemy------------------------------------
* X X X X * * X 
* * * X * * X X 
X X X * X * * * 
X X * * * X X X 
* X X X X X X X 
X X * X * * * * 
X * X * * * * * 
X X * X * * * * 

------------------------------Check Information---------------------------------------------------
White King located at: (6,6)
White King is safe, no check at this position.

------------------------------Special Move Information-------------------------------------------
No en passant allowed right now
------------------------------Castling Rights Information-------------------------------------------
White Kingside Castle:  NOT AVAILABLE
White Queenside Castle: NOT AVAILABLE
Black Kingside Castle:  NOT AVAILABLE
Black Queenside Castle: NOT AVAILABLE
---------------------------------------------------------------------------------------------------

========== CAPTURE EXPLORATION ==========
[0] R x p | Potential loss: NO | Score: 100
========================================

========== CHECK EXPLORATION ==========
(no checks found)
======================================
--------------------------------------------------------------------------------------------------
Chosen Move: (3,2) --> (1,2)
 / c5c7

r * * * * r k * 
p p R * * p * * 
* * * * * p b * 
* * * * p * * * 
q * * * * * * * 
* * * * B * * * 
* * * * * P K * 
* * * * * * Q * 

[32;1m[Game] [0mPlayer's error code: 0
[32;1m[Game] [0mChecking move validity...
[32;1m[Board] [0mInitializing board (size: 8)...
[32;1m[Board] [0m32 piece(s) on board.
[32;1m[Board] [0mLoading history file `championship/chessgambit-chess_project_pelm/history.csv`...
[32;1m[Board] [0mLoaded 68 move(s).
[32;1m[Board] [0mHistory replayed, 15 piece(s) on board.
[32;1m[Board] [0mLoading move file `championship/chessgambit-chess_project_pelm/move.csv`...
[32;1m[Board] [0mWhite player is playing c5 to c7.
[32;1m[Board] [0m
[32;1m[Board] [0m     a b c d e f g h
[32;1m[Board] [0m   -------------------
[32;1m[Board] [0m 8 ||[30;1mr[0m| |[7;1m [0m| |[7;1m [0m|[30;1mr[0m|[30;1mK[0m| || 8
[32;1m[Board] [0m   -------------------
[32;1m[Board] [0m 7 ||[30;1mp[0m|[30;1mp[0m|[0;1mr[0m|[7;1m [0m| |[30;1mp[0m| |[7;1m [0m|| 7
[32;1m[Board] [0m   -------------------
[32;1m[Board] [0m 6 ||[7;1m [0m| |[7;1m [0m| |[7;1m [0m|[30;1mp[0m|[30;1mb[0m| || 6
[32;1m[Board] [0m   -------------------
[32;1m[Board] [0m 5 || |[7;1m [0m| |[7;1m [0m|[30;1mp[0m|[7;1m [0m| |[7;1m [0m|| 5
[32;1m[Board] [0m   -------------------
[32;1m[Board] [0m 4 ||[30;1mQ[0m| |[7;1m [0m| |[7;1m [0m| |[7;1m [0m| || 4
[32;1m[Board] [0m   -------------------
[32;1m[Board] [0m 3 || |[7;1m [0m| |[7;1m [0m|[0;1mb[0m|[7;1m [0m| |[7;1m [0m|| 3
[32;1m[Board] [0m   -------------------
[32;1m[Board] [0m 2 ||[7;1m [0m| |[7;1m [0m| |[7;1m [0m|[0;1mp[0m|[0;1mK[0m| || 2
[32;1m[Board] [0m   -------------------
[32;1m[Board] [0m 1 || |[7;1m [0m| |[7;1m [0m| |[7;1m [0m|[0;1mQ[0m|[7;1m [0m|| 1
[32;1m[Board] [0m   -------------------
[32;1m[Board] [0m     a b c d e f g h
[32;1m[Board] [0m
[32;1m[Referee] [0mThis is the turn of the Black player...
new one at 2 number of nodes 231 no of distinct states visited 229 time left 9.95427
new one at 3 number of nodes 2425 no of distinct states visited 1940 time left 9.63359
new one at 4 number of nodes 9982 no of distinct states visited 8483 time left 7.75296
new one at 5 number of nodes 43001 no of distinct states visited 35106 time left 0.999762
ok it did depth 4 and now we're doing move a4g4 with evaluation 1065 number of nodes examined is 9982
[32;1m[Game] [0mPlayer's error code: 0
[32;1m[Game] [0mChecking move validity...
[32;1m[Board] [0mInitializing board (size: 8)...
[32;1m[Board] [0m32 piece(s) on board.
[32;1m[Board] [0mLoading history file `championship/chessgambit-chess_project_pelm/history.csv`...
[32;1m[Board] [0mLoaded 69 move(s).
[32;1m[Board] [0mHistory replayed, 15 piece(s) on board.
[32;1m[Board] [0mLoading move file `championship/chessgambit-chess_project_pelm/move.csv`...
[32;1m[Board] [0mBlack player is playing a4 to g4.
[32;1m[Board] [0m
[32;1m[Board] [0m     a b c d e f g h
[32;1m[Board] [0m   -------------------
[32;1m[Board] [0m 8 ||[30;1mr[0m| |[7;1m [0m| |[7;1m [0m|[30;1mr[0m|[30;1mK[0m| || 8
[32;1m[Board] [0m   -------------------
[32;1m[Board] [0m 7 ||[30;1mp[0m|[30;1mp[0m|[0;1mr[0m|[7;1m [0m| |[30;1mp[0m| |[7;1m [0m|| 7
[32;1m[Board] [0m   -------------------
[32;1m[Board] [0m 6 ||[7;1m [0m| |[7;1m [0m| |[7;1m [0m|[30;1mp[0m|[30;1mb[0m| || 6
[32;1m[Board] [0m   -------------------
[32;1m[Board] [0m 5 || |[7;1m [0m| |[7;1m [0m|[30;1mp[0m|[7;1m [0m| |[7;1m [0m|| 5
[32;1m[Board] [0m   -------------------
[32;1m[Board] [0m 4 ||[7;1m [0m| |[7;1m [0m| |[7;1m [0m| |[30;1mQ[0m| || 4
[32;1m[Board] [0m   -------------------
[32;1m[Board] [0m 3 || |[7;1m [0m| |[7;1m [0m|[0;1mb[0m|[7;1m [0m| |[7;1m [0m|| 3
[32;1m[Board] [0m   -------------------
[32;1m[Board] [0m 2 ||[7;1m [0m| |[7;1m [0m| |[7;1m [0m|[0;1mp[0m|[0;1mK[0m| || 2
[32;1m[Board] [0m   -------------------
[32;1m[Board] [0m 1 || |[7;1m [0m| |[7;1m [0m| |[7;1m [0m|[0;1mQ[0m|[7;1m [0m|| 1
[32;1m[Board] [0m   -------------------
[32;1m[Board] [0m     a b c d e f g h
[32;1m[Board] [0m
[32;1m[Referee] [0mThis is the turn of the White player...
Inputed Board
Currently playing: White

------------------------------Current Search Space--------------------------------------------
Possible moves for piece: P:
 P: (6,5)->(5,5) / f2f3
 P: (6,5)->(4,5) / f2f4
Possible moves for piece: R:
 R: (1,2)->(2,2) / c7c6
 R: (1,2)->(3,2) / c7c5
 R: (1,2)->(4,2) / c7c4
 R: (1,2)->(5,2) / c7c3
 R: (1,2)->(6,2) / c7c2
 R: (1,2)->(7,2) / c7c1
 R: (1,2)->(0,2) / c7c8
 R: (1,2)->(1,3) / c7d7
 R: (1,2)->(1,4) / c7e7
 R: (1,2)->(1,5) / c7f7
 R: (1,2)->(1,1) / c7b7
Possible moves for piece: B:
 B: (5,4)->(4,3) / e3d4
 B: (5,4)->(3,2) / e3c5
 B: (5,4)->(2,1) / e3b6
 B: (5,4)->(1,0) / e3a7
 B: (5,4)->(4,5) / e3f4
 B: (5,4)->(3,6) / e3g5
 B: (5,4)->(2,7) / e3h6
 B: (5,4)->(6,3) / e3d2
 B: (5,4)->(7,2) / e3c1
Possible moves for piece: Q:
 Q: (7,6)->(7,7) / g1h1
 Q: (7,6)->(7,5) / g1f1
 Q: (7,6)->(7,4) / g1e1
 Q: (7,6)->(7,3) / g1d1
 Q: (7,6)->(7,2) / g1c1
 Q: (7,6)->(7,1) / g1b1
 Q: (7,6)->(7,0) / g1a1
 Q: (7,6)->(6,7) / g1h2
Possible moves for piece: K:
 K: (6,6)->(5,6) / g2g3
 K: (6,6)->(6,7) / g2h2
 K: (6,6)->(7,7) / g2h1
 K: (6,6)->(7,5) / g2f1
 K: (6,6)->(5,7) / g2h3
 K: (6,6)->(5,5) / g2f3

------------------------------Filtered Search Space--------------------------------------------
Possible moves for piece: K:
 K: (6,6)->(6,7) / g2h2
 K: (6,6)->(7,7) / g2h1
 K: (6,6)->(7,5) / g2f1

--------------------------------Info on Attacks---------------------------------------------------
Squares attacked by Black pieces:
(0,1) (0,2) (0,3) (0,4) (0,7) (1,3) (1,6) (1,7) (2,0) (2,1) (2,2) (2,4) (3,5) (3,6) (3,7) (4,0) (4,1) (4,2) (4,3) (4,4) (4,5) (4,7) (5,3) (5,5) (5,6) (5,7) (6,2) (6,4) (6,6) (7,1) (7,3) 

-------------------------------Squares controlled by the enemy------------------------------------
* X X X X * * X 
* * * X * * X X 
X X X * X * * * 
* * * * * X X X 
X X X X X X * X 
* * * X * X X X 
* * X * X * X * 
* X * X * * * * 

------------------------------Check Information---------------------------------------------------
White King located at: (6,6)
White King is in check by q at (4,6)

------------------------------Special Move Information-------------------------------------------
No en passant allowed right now
------------------------------Castling Rights Information-------------------------------------------
White Kingside Castle:  NOT AVAILABLE
White Queenside Castle: NOT AVAILABLE
Black Kingside Castle:  NOT AVAILABLE
Black Queenside Castle: NOT AVAILABLE
---------------------------------------------------------------------------------------------------

========== CAPTURE EXPLORATION ==========
========================================

========== CHECK EXPLORATION ==========
(no checks found)
======================================
--------------------------------------------------------------------------------------------------
Chosen Move: (6,6) --> (6,7)
 / g2h2

r * * * * r k * 
p p R * * p * * 
* * * * * p b * 
* * * * p * * * 
* * * * * * q * 
* * * * B * * * 
* * * * * P * K 
* * * * * * Q * 

[32;1m[Game] [0mPlayer's error code: 0
[32;1m[Game] [0mChecking move validity...
[32;1m[Board] [0mInitializing board (size: 8)...
[32;1m[Board] [0m32 piece(s) on board.
[32;1m[Board] [0mLoading history file `championship/chessgambit-chess_project_pelm/history.csv`...
[32;1m[Board] [0mLoaded 70 move(s).
[32;1m[Board] [0mHistory replayed, 15 piece(s) on board.
[32;1m[Board] [0mLoading move file `championship/chessgambit-chess_project_pelm/move.csv`...
[32;1m[Board] [0mWhite player is playing g2 to h2.
[32;1m[Board] [0m
[32;1m[Board] [0m     a b c d e f g h
[32;1m[Board] [0m   -------------------
[32;1m[Board] [0m 8 ||[30;1mr[0m| |[7;1m [0m| |[7;1m [0m|[30;1mr[0m|[30;1mK[0m| || 8
[32;1m[Board] [0m   -------------------
[32;1m[Board] [0m 7 ||[30;1mp[0m|[30;1mp[0m|[0;1mr[0m|[7;1m [0m| |[30;1mp[0m| |[7;1m [0m|| 7
[32;1m[Board] [0m   -------------------
[32;1m[Board] [0m 6 ||[7;1m [0m| |[7;1m [0m| |[7;1m [0m|[30;1mp[0m|[30;1mb[0m| || 6
[32;1m[Board] [0m   -------------------
[32;1m[Board] [0m 5 || |[7;1m [0m| |[7;1m [0m|[30;1mp[0m|[7;1m [0m| |[7;1m [0m|| 5
[32;1m[Board] [0m   -------------------
[32;1m[Board] [0m 4 ||[7;1m [0m| |[7;1m [0m| |[7;1m [0m| |[30;1mQ[0m| || 4
[32;1m[Board] [0m   -------------------
[32;1m[Board] [0m 3 || |[7;1m [0m| |[7;1m [0m|[0;1mb[0m|[7;1m [0m| |[7;1m [0m|| 3
[32;1m[Board] [0m   -------------------
[32;1m[Board] [0m 2 ||[7;1m [0m| |[7;1m [0m| |[7;1m [0m|[0;1mp[0m|[7;1m [0m|[0;1mK[0m|| 2
[32;1m[Board] [0m   -------------------
[32;1m[Board] [0m 1 || |[7;1m [0m| |[7;1m [0m| |[7;1m [0m|[0;1mQ[0m|[7;1m [0m|| 1
[32;1m[Board] [0m   -------------------
[32;1m[Board] [0m     a b c d e f g h
[32;1m[Board] [0m
[32;1m[Referee] [0mThis is the turn of the Black player...
new one at 2 number of nodes 93 no of distinct states visited 93 time left 9.95965
new one at 3 number of nodes 1436 no of distinct states visited 1197 time left 9.76133
new one at 4 number of nodes 2990 no of distinct states visited 2776 time left 8.87432
new one at 5 number of nodes 54461 no of distinct states visited 39993 time left 0.999805
ok it did depth 4 and now we're doing move g4h4 with evaluation 1055 number of nodes examined is 2990
[32;1m[Game] [0mPlayer's error code: 0
[32;1m[Game] [0mChecking move validity...
[32;1m[Board] [0mInitializing board (size: 8)...
[32;1m[Board] [0m32 piece(s) on board.
[32;1m[Board] [0mLoading history file `championship/chessgambit-chess_project_pelm/history.csv`...
[32;1m[Board] [0mLoaded 71 move(s).
[32;1m[Board] [0mHistory replayed, 15 piece(s) on board.
[32;1m[Board] [0mLoading move file `championship/chessgambit-chess_project_pelm/move.csv`...
[32;1m[Board] [0mBlack player is playing g4 to h4.
[32;1m[Board] [0m
[32;1m[Board] [0m     a b c d e f g h
[32;1m[Board] [0m   -------------------
[32;1m[Board] [0m 8 ||[30;1mr[0m| |[7;1m [0m| |[7;1m [0m|[30;1mr[0m|[30;1mK[0m| || 8
[32;1m[Board] [0m   -------------------
[32;1m[Board] [0m 7 ||[30;1mp[0m|[30;1mp[0m|[0;1mr[0m|[7;1m [0m| |[30;1mp[0m| |[7;1m [0m|| 7
[32;1m[Board] [0m   -------------------
[32;1m[Board] [0m 6 ||[7;1m [0m| |[7;1m [0m| |[7;1m [0m|[30;1mp[0m|[30;1mb[0m| || 6
[32;1m[Board] [0m   -------------------
[32;1m[Board] [0m 5 || |[7;1m [0m| |[7;1m [0m|[30;1mp[0m|[7;1m [0m| |[7;1m [0m|| 5
[32;1m[Board] [0m   -------------------
[32;1m[Board] [0m 4 ||[7;1m [0m| |[7;1m [0m| |[7;1m [0m| |[7;1m [0m|[30;1mQ[0m|| 4
[32;1m[Board] [0m   -------------------
[32;1m[Board] [0m 3 || |[7;1m [0m| |[7;1m [0m|[0;1mb[0m|[7;1m [0m| |[7;1m [0m|| 3
[32;1m[Board] [0m   -------------------
[32;1m[Board] [0m 2 ||[7;1m [0m| |[7;1m [0m| |[7;1m [0m|[0;1mp[0m|[7;1m [0m|[0;1mK[0m|| 2
[32;1m[Board] [0m   -------------------
[32;1m[Board] [0m 1 || |[7;1m [0m| |[7;1m [0m| |[7;1m [0m|[0;1mQ[0m|[7;1m [0m|| 1
[32;1m[Board] [0m   -------------------
[32;1m[Board] [0m     a b c d e f g h
[32;1m[Board] [0m
[32;1m[Referee] [0mThis is the turn of the White player...
Inputed Board
Currently playing: White

------------------------------Current Search Space--------------------------------------------
Possible moves for piece: P:
 P: (6,5)->(5,5) / f2f3
 P: (6,5)->(4,5) / f2f4
Possible moves for piece: R:
 R: (1,2)->(2,2) / c7c6
 R: (1,2)->(3,2) / c7c5
 R: (1,2)->(4,2) / c7c4
 R: (1,2)->(5,2) / c7c3
 R: (1,2)->(6,2) / c7c2
 R: (1,2)->(7,2) / c7c1
 R: (1,2)->(0,2) / c7c8
 R: (1,2)->(1,3) / c7d7
 R: (1,2)->(1,4) / c7e7
 R: (1,2)->(1,5) / c7f7
 R: (1,2)->(1,1) / c7b7
Possible moves for piece: B:
 B: (5,4)->(4,3) / e3d4
 B: (5,4)->(3,2) / e3c5
 B: (5,4)->(2,1) / e3b6
 B: (5,4)->(1,0) / e3a7
 B: (5,4)->(4,5) / e3f4
 B: (5,4)->(3,6) / e3g5
 B: (5,4)->(2,7) / e3h6
 B: (5,4)->(6,3) / e3d2
 B: (5,4)->(7,2) / e3c1
Possible moves for piece: Q:
 Q: (7,6)->(6,6) / g1g2
 Q: (7,6)->(5,6) / g1g3
 Q: (7,6)->(4,6) / g1g4
 Q: (7,6)->(3,6) / g1g5
 Q: (7,6)->(2,6) / g1g6
 Q: (7,6)->(7,7) / g1h1
 Q: (7,6)->(7,5) / g1f1
 Q: (7,6)->(7,4) / g1e1
 Q: (7,6)->(7,3) / g1d1
 Q: (7,6)->(7,2) / g1c1
 Q: (7,6)->(7,1) / g1b1
 Q: (7,6)->(7,0) / g1a1
Possible moves for piece: K:
 K: (6,7)->(7,7) / h2h1
 K: (6,7)->(5,7) / h2h3
 K: (6,7)->(6,6) / h2g2
 K: (6,7)->(5,6) / h2g3

------------------------------Filtered Search Space--------------------------------------------
Possible moves for piece: K:
 K: (6,7)->(6,6) / h2g2

--------------------------------Info on Attacks---------------------------------------------------
Squares attacked by Black pieces:
(0,1) (0,2) (0,3) (0,4) (0,7) (1,6) (1,7) (2,0) (2,1) (2,2) (2,4) (2,7) (3,5) (3,6) (3,7) (4,0) (4,1) (4,2) (4,3) (4,4) (4,5) (4,6) (5,3) (5,6) (5,7) (6,2) (6,5) (6,7) (7,1) 

-------------------------------Squares controlled by the enemy------------------------------------
* X X X X * * X 
* * * * * * X X 
X X X * X * * X 
* * * * * X X X 
X X X X X X X * 
* * * X * * X X 
* * X * * X * X 
* X * * * * * * 

------------------------------Check Information---------------------------------------------------
White King located at: (6,7)
White King is in check by q at (4,7)

------------------------------Special Move Information-------------------------------------------
No en passant allowed right now
------------------------------Castling Rights Information-------------------------------------------
White Kingside Castle:  NOT AVAILABLE
White Queenside Castle: NOT AVAILABLE
Black Kingside Castle:  NOT AVAILABLE
Black Queenside Castle: NOT AVAILABLE
---------------------------------------------------------------------------------------------------

========== CAPTURE EXPLORATION ==========
========================================

========== CHECK EXPLORATION ==========
(no checks found)
======================================
--------------------------------------------------------------------------------------------------
Chosen Move: (6,7) --> (6,6)
 / h2g2

r * * * * r k * 
p p R * * p * * 
* * * * * p b * 
* * * * p * * * 
* * * * * * * q 
* * * * B * * * 
* * * * * P K * 
* * * * * * Q * 

[32;1m[Game] [0mPlayer's error code: 0
[32;1m[Game] [0mChecking move validity...
[32;1m[Board] [0mInitializing board (size: 8)...
[32;1m[Board] [0m32 piece(s) on board.
[32;1m[Board] [0mLoading history file `championship/chessgambit-chess_project_pelm/history.csv`...
[32;1m[Board] [0mLoaded 72 move(s).
[32;1m[Board] [0mHistory replayed, 15 piece(s) on board.
[32;1m[Board] [0mLoading move file `championship/chessgambit-chess_project_pelm/move.csv`...
[32;1m[Board] [0mWhite player is playing h2 to g2.
[32;1m[Board] [0m
[32;1m[Board] [0m     a b c d e f g h
[32;1m[Board] [0m   -------------------
[32;1m[Board] [0m 8 ||[30;1mr[0m| |[7;1m [0m| |[7;1m [0m|[30;1mr[0m|[30;1mK[0m| || 8
[32;1m[Board] [0m   -------------------
[32;1m[Board] [0m 7 ||[30;1mp[0m|[30;1mp[0m|[0;1mr[0m|[7;1m [0m| |[30;1mp[0m| |[7;1m [0m|| 7
[32;1m[Board] [0m   -------------------
[32;1m[Board] [0m 6 ||[7;1m [0m| |[7;1m [0m| |[7;1m [0m|[30;1mp[0m|[30;1mb[0m| || 6
[32;1m[Board] [0m   -------------------
[32;1m[Board] [0m 5 || |[7;1m [0m| |[7;1m [0m|[30;1mp[0m|[7;1m [0m| |[7;1m [0m|| 5
[32;1m[Board] [0m   -------------------
[32;1m[Board] [0m 4 ||[7;1m [0m| |[7;1m [0m| |[7;1m [0m| |[7;1m [0m|[30;1mQ[0m|| 4
[32;1m[Board] [0m   -------------------
[32;1m[Board] [0m 3 || |[7;1m [0m| |[7;1m [0m|[0;1mb[0m|[7;1m [0m| |[7;1m [0m|| 3
[32;1m[Board] [0m   -------------------
[32;1m[Board] [0m 2 ||[7;1m [0m| |[7;1m [0m| |[7;1m [0m|[0;1mp[0m|[0;1mK[0m| || 2
[32;1m[Board] [0m   -------------------
[32;1m[Board] [0m 1 || |[7;1m [0m| |[7;1m [0m| |[7;1m [0m|[0;1mQ[0m|[7;1m [0m|| 1
[32;1m[Board] [0m   -------------------
[32;1m[Board] [0m     a b c d e f g h
[32;1m[Board] [0m
[32;1m[Referee] [0mThis is the turn of the Black player...
new one at 2 number of nodes 119 no of distinct states visited 118 time left 9.95455
new one at 3 number of nodes 1875 no of distinct states visited 1664 time left 9.68046
new one at 4 number of nodes 8016 no of distinct states visited 7555 time left 8.14677
new one at 5 number of nodes 53393 no of distinct states visited 46976 time left 0.999797
ok it did depth 4 and now we're doing move a8b8 with evaluation 945 number of nodes examined is 8016
[32;1m[Game] [0mPlayer's error code: 0
[32;1m[Game] [0mChecking move validity...
[32;1m[Board] [0mInitializing board (size: 8)...
[32;1m[Board] [0m32 piece(s) on board.
[32;1m[Board] [0mLoading history file `championship/chessgambit-chess_project_pelm/history.csv`...
[32;1m[Board] [0mLoaded 73 move(s).
[32;1m[Board] [0mHistory replayed, 15 piece(s) on board.
[32;1m[Board] [0mLoading move file `championship/chessgambit-chess_project_pelm/move.csv`...
[32;1m[Board] [0mBlack player is playing a8 to b8.
[32;1m[Board] [0m
[32;1m[Board] [0m     a b c d e f g h
[32;1m[Board] [0m   -------------------
[32;1m[Board] [0m 8 ||[7;1m [0m|[30;1mr[0m|[7;1m [0m| |[7;1m [0m|[30;1mr[0m|[30;1mK[0m| || 8
[32;1m[Board] [0m   -------------------
[32;1m[Board] [0m 7 ||[30;1mp[0m|[30;1mp[0m|[0;1mr[0m|[7;1m [0m| |[30;1mp[0m| |[7;1m [0m|| 7
[32;1m[Board] [0m   -------------------
[32;1m[Board] [0m 6 ||[7;1m [0m| |[7;1m [0m| |[7;1m [0m|[30;1mp[0m|[30;1mb[0m| || 6
[32;1m[Board] [0m   -------------------
[32;1m[Board] [0m 5 || |[7;1m [0m| |[7;1m [0m|[30;1mp[0m|[7;1m [0m| |[7;1m [0m|| 5
[32;1m[Board] [0m   -------------------
[32;1m[Board] [0m 4 ||[7;1m [0m| |[7;1m [0m| |[7;1m [0m| |[7;1m [0m|[30;1mQ[0m|| 4
[32;1m[Board] [0m   -------------------
[32;1m[Board] [0m 3 || |[7;1m [0m| |[7;1m [0m|[0;1mb[0m|[7;1m [0m| |[7;1m [0m|| 3
[32;1m[Board] [0m   -------------------
[32;1m[Board] [0m 2 ||[7;1m [0m| |[7;1m [0m| |[7;1m [0m|[0;1mp[0m|[0;1mK[0m| || 2
[32;1m[Board] [0m   -------------------
[32;1m[Board] [0m 1 || |[7;1m [0m| |[7;1m [0m| |[7;1m [0m|[0;1mQ[0m|[7;1m [0m|| 1
[32;1m[Board] [0m   -------------------
[32;1m[Board] [0m     a b c d e f g h
[32;1m[Board] [0m
[32;1m[Referee] [0mThis is the turn of the White player...
Inputed Board
Currently playing: White

------------------------------Current Search Space--------------------------------------------
Possible moves for piece: P:
 P: (6,5)->(5,5) / f2f3
 P: (6,5)->(4,5) / f2f4
Possible moves for piece: R:
 R: (1,2)->(2,2) / c7c6
 R: (1,2)->(3,2) / c7c5
 R: (1,2)->(4,2) / c7c4
 R: (1,2)->(5,2) / c7c3
 R: (1,2)->(6,2) / c7c2
 R: (1,2)->(7,2) / c7c1
 R: (1,2)->(0,2) / c7c8
 R: (1,2)->(1,3) / c7d7
 R: (1,2)->(1,4) / c7e7
 R: (1,2)->(1,5) / c7f7
 R: (1,2)->(1,1) / c7b7
Possible moves for piece: B:
 B: (5,4)->(4,3) / e3d4
 B: (5,4)->(3,2) / e3c5
 B: (5,4)->(2,1) / e3b6
 B: (5,4)->(1,0) / e3a7
 B: (5,4)->(4,5) / e3f4
 B: (5,4)->(3,6) / e3g5
 B: (5,4)->(2,7) / e3h6
 B: (5,4)->(6,3) / e3d2
 B: (5,4)->(7,2) / e3c1
Possible moves for piece: Q:
 Q: (7,6)->(7,7) / g1h1
 Q: (7,6)->(7,5) / g1f1
 Q: (7,6)->(7,4) / g1e1
 Q: (7,6)->(7,3) / g1d1
 Q: (7,6)->(7,2) / g1c1
 Q: (7,6)->(7,1) / g1b1
 Q: (7,6)->(7,0) / g1a1
 Q: (7,6)->(6,7) / g1h2
Possible moves for piece: K:
 K: (6,6)->(5,6) / g2g3
 K: (6,6)->(6,7) / g2h2
 K: (6,6)->(7,7) / g2h1
 K: (6,6)->(7,5) / g2f1
 K: (6,6)->(5,7) / g2h3
 K: (6,6)->(5,5) / g2f3

------------------------------Filtered Search Space--------------------------------------------
Possible moves for piece: P:
 P: (6,5)->(5,5) / f2f3
 P: (6,5)->(4,5) / f2f4
Possible moves for piece: R:
 R: (1,2)->(2,2) / c7c6
 R: (1,2)->(3,2) / c7c5
 R: (1,2)->(4,2) / c7c4
 R: (1,2)->(5,2) / c7c3
 R: (1,2)->(6,2) / c7c2
 R: (1,2)->(7,2) / c7c1
 R: (1,2)->(0,2) / c7c8
 R: (1,2)->(1,3) / c7d7
 R: (1,2)->(1,4) / c7e7
 R: (1,2)->(1,5) / c7f7
 R: (1,2)->(1,1) / c7b7
Possible moves for piece: B:
 B: (5,4)->(4,3) / e3d4
 B: (5,4)->(3,2) / e3c5
 B: (5,4)->(2,1) / e3b6
 B: (5,4)->(1,0) / e3a7
 B: (5,4)->(4,5) / e3f4
 B: (5,4)->(3,6) / e3g5
 B: (5,4)->(2,7) / e3h6
 B: (5,4)->(6,3) / e3d2
 B: (5,4)->(7,2) / e3c1
Possible moves for piece: Q:
 Q: (7,6)->(7,7) / g1h1
 Q: (7,6)->(7,5) / g1f1
 Q: (7,6)->(7,4) / g1e1
 Q: (7,6)->(7,3) / g1d1
 Q: (7,6)->(7,2) / g1c1
 Q: (7,6)->(7,1) / g1b1
 Q: (7,6)->(7,0) / g1a1
 Q: (7,6)->(6,7) / g1h2
Possible moves for piece: K:
 K: (6,6)->(7,5) / g2f1
 K: (6,6)->(5,5) / g2f3

--------------------------------Info on Attacks---------------------------------------------------
Squares attacked by Black pieces:
(0,0) (0,2) (0,3) (0,4) (0,7) (1,6) (1,7) (2,0) (2,1) (2,2) (2,4) (2,7) (3,5) (3,6) (3,7) (4,0) (4,1) (4,2) (4,3) (4,4) (4,5) (4,6) (5,3) (5,6) (5,7) (6,2) (6,5) (6,7) (7,1) (7,7) 

-------------------------------Squares controlled by the enemy------------------------------------
X * X X X * * X 
* * * * * * X X 
X X X * X * * X 
* * * * * X X X 
X X X X X X X * 
* * * X * * X X 
* * X * * X * X 
* X * * * * * X 

------------------------------Check Information---------------------------------------------------
White King located at: (6,6)
White King is safe, no check at this position.

------------------------------Special Move Information-------------------------------------------
No en passant allowed right now
------------------------------Castling Rights Information-------------------------------------------
White Kingside Castle:  NOT AVAILABLE
White Queenside Castle: NOT AVAILABLE
Black Kingside Castle:  NOT AVAILABLE
Black Queenside Castle: NOT AVAILABLE
---------------------------------------------------------------------------------------------------

========== CAPTURE EXPLORATION ==========
[0] R x p | Potential loss: NO | Score: 100
[1] R x p | Potential loss: NO | Score: 100
[2] B x p | Potential loss: NO | Score: 100
========================================

========== CHECK EXPLORATION ==========
(no checks found)
======================================
--------------------------------------------------------------------------------------------------
Chosen Move: (1,2) --> (1,5)
 / c7f7

* r * * * r k * 
p p * * * R * * 
* * * * * p b * 
* * * * p * * * 
* * * * * * * q 
* * * * B * * * 
* * * * * P K * 
* * * * * * Q * 

Code timed out used determine move
[32;1m[Game] [0mPlayer's error code: 0
[32;1m[Game] [0mChecking move validity...
[32;1m[Board] [0mInitializing board (size: 8)...
[32;1m[Board] [0m32 piece(s) on board.
[32;1m[Board] [0mLoading history file `championship/chessgambit-chess_project_pelm/history.csv`...
[32;1m[Board] [0mLoaded 74 move(s).
[32;1m[Board] [0mHistory replayed, 15 piece(s) on board.
[32;1m[Board] [0mLoading move file `championship/chessgambit-chess_project_pelm/move.csv`...
[32;1m[Board] [0mWhite player is playing c7 to f7.
[32;1m[Board] [0m[5;1mWhite Rook is taking Black Pawn.[0m
[32;1m[Board] [0m
[32;1m[Board] [0m     a b c d e f g h
[32;1m[Board] [0m   -------------------
[32;1m[Board] [0m 8 ||[7;1m [0m|[30;1mr[0m|[7;1m [0m| |[7;1m [0m|[30;1mr[0m|[30;1mK[0m| || 8
[32;1m[Board] [0m   -------------------
[32;1m[Board] [0m 7 ||[30;1mp[0m|[30;1mp[0m| |[7;1m [0m| |[0;1mr[0m| |[7;1m [0m|| 7
[32;1m[Board] [0m   -------------------
[32;1m[Board] [0m 6 ||[7;1m [0m| |[7;1m [0m| |[7;1m [0m|[30;1mp[0m|[30;1mb[0m| || 6
[32;1m[Board] [0m   -------------------
[32;1m[Board] [0m 5 || |[7;1m [0m| |[7;1m [0m|[30;1mp[0m|[7;1m [0m| |[7;1m [0m|| 5
[32;1m[Board] [0m   -------------------
[32;1m[Board] [0m 4 ||[7;1m [0m| |[7;1m [0m| |[7;1m [0m| |[7;1m [0m|[30;1mQ[0m|| 4
[32;1m[Board] [0m   -------------------
[32;1m[Board] [0m 3 || |[7;1m [0m| |[7;1m [0m|[0;1mb[0m|[7;1m [0m| |[7;1m [0m|| 3
[32;1m[Board] [0m   -------------------
[32;1m[Board] [0m 2 ||[7;1m [0m| |[7;1m [0m| |[7;1m [0m|[0;1mp[0m|[0;1mK[0m| || 2
[32;1m[Board] [0m   -------------------
[32;1m[Board] [0m 1 || |[7;1m [0m| |[7;1m [0m| |[7;1m [0m|[0;1mQ[0m|[7;1m [0m|| 1
[32;1m[Board] [0m   -------------------
[32;1m[Board] [0m     a b c d e f g h
[32;1m[Board] [0m
[32;1m[Referee] [0mThis is the turn of the Black player...
new one at 2 number of nodes 103 no of distinct states visited 103 time left 9.96104
new one at 3 number of nodes 770 no of distinct states visited 692 time left 9.80834
new one at 4 number of nodes 2362 no of distinct states visited 2130 time left 8.98871
new one at 5 number of nodes 29665 no of distinct states visited 23367 time left 5.7602
new one at 6 number of nodes 28933 no of distinct states visited 41243 time left 0.999818
ok it did depth 5 and now we're doing move f8f7 with evaluation 1465 number of nodes examined is 29665
[32;1m[Game] [0mPlayer's error code: 0
[32;1m[Game] [0mChecking move validity...
[32;1m[Board] [0mInitializing board (size: 8)...
[32;1m[Board] [0m32 piece(s) on board.
[32;1m[Board] [0mLoading history file `championship/chessgambit-chess_project_pelm/history.csv`...
[32;1m[Board] [0mLoaded 75 move(s).
[32;1m[Board] [0mHistory replayed, 14 piece(s) on board.
[32;1m[Board] [0mLoading move file `championship/chessgambit-chess_project_pelm/move.csv`...
[32;1m[Board] [0mBlack player is playing f8 to f7.
[32;1m[Board] [0m[5;1mBlack Rook is taking White Rook.[0m
[32;1m[Board] [0m
[32;1m[Board] [0m     a b c d e f g h
[32;1m[Board] [0m   -------------------
[32;1m[Board] [0m 8 ||[7;1m [0m|[30;1mr[0m|[7;1m [0m| |[7;1m [0m| |[30;1mK[0m| || 8
[32;1m[Board] [0m   -------------------
[32;1m[Board] [0m 7 ||[30;1mp[0m|[30;1mp[0m| |[7;1m [0m| |[30;1mr[0m| |[7;1m [0m|| 7
[32;1m[Board] [0m   -------------------
[32;1m[Board] [0m 6 ||[7;1m [0m| |[7;1m [0m| |[7;1m [0m|[30;1mp[0m|[30;1mb[0m| || 6
[32;1m[Board] [0m   -------------------
[32;1m[Board] [0m 5 || |[7;1m [0m| |[7;1m [0m|[30;1mp[0m|[7;1m [0m| |[7;1m [0m|| 5
[32;1m[Board] [0m   -------------------
[32;1m[Board] [0m 4 ||[7;1m [0m| |[7;1m [0m| |[7;1m [0m| |[7;1m [0m|[30;1mQ[0m|| 4
[32;1m[Board] [0m   -------------------
[32;1m[Board] [0m 3 || |[7;1m [0m| |[7;1m [0m|[0;1mb[0m|[7;1m [0m| |[7;1m [0m|| 3
[32;1m[Board] [0m   -------------------
[32;1m[Board] [0m 2 ||[7;1m [0m| |[7;1m [0m| |[7;1m [0m|[0;1mp[0m|[0;1mK[0m| || 2
[32;1m[Board] [0m   -------------------
[32;1m[Board] [0m 1 || |[7;1m [0m| |[7;1m [0m| |[7;1m [0m|[0;1mQ[0m|[7;1m [0m|| 1
[32;1m[Board] [0m   -------------------
[32;1m[Board] [0m     a b c d e f g h
[32;1m[Board] [0m
[32;1m[Referee] [0mThis is the turn of the White player...
Inputed Board
Currently playing: White

------------------------------Current Search Space--------------------------------------------
Possible moves for piece: P:
 P: (6,5)->(5,5) / f2f3
 P: (6,5)->(4,5) / f2f4
Possible moves for piece: B:
 B: (5,4)->(4,3) / e3d4
 B: (5,4)->(3,2) / e3c5
 B: (5,4)->(2,1) / e3b6
 B: (5,4)->(1,0) / e3a7
 B: (5,4)->(4,5) / e3f4
 B: (5,4)->(3,6) / e3g5
 B: (5,4)->(2,7) / e3h6
 B: (5,4)->(6,3) / e3d2
 B: (5,4)->(7,2) / e3c1
Possible moves for piece: Q:
 Q: (7,6)->(7,7) / g1h1
 Q: (7,6)->(7,5) / g1f1
 Q: (7,6)->(7,4) / g1e1
 Q: (7,6)->(7,3) / g1d1
 Q: (7,6)->(7,2) / g1c1
 Q: (7,6)->(7,1) / g1b1
 Q: (7,6)->(7,0) / g1a1
 Q: (7,6)->(6,7) / g1h2
Possible moves for piece: K:
 K: (6,6)->(5,6) / g2g3
 K: (6,6)->(6,7) / g2h2
 K: (6,6)->(7,7) / g2h1
 K: (6,6)->(7,5) / g2f1
 K: (6,6)->(5,7) / g2h3
 K: (6,6)->(5,5) / g2f3

------------------------------Filtered Search Space--------------------------------------------
Possible moves for piece: P:
 P: (6,5)->(5,5) / f2f3
 P: (6,5)->(4,5) / f2f4
Possible moves for piece: B:
 B: (5,4)->(4,3) / e3d4
 B: (5,4)->(3,2) / e3c5
 B: (5,4)->(2,1) / e3b6
 B: (5,4)->(1,0) / e3a7
 B: (5,4)->(4,5) / e3f4
 B: (5,4)->(3,6) / e3g5
 B: (5,4)->(2,7) / e3h6
 B: (5,4)->(6,3) / e3d2
 B: (5,4)->(7,2) / e3c1
Possible moves for piece: Q:
 Q: (7,6)->(7,7) / g1h1
 Q: (7,6)->(7,5) / g1f1
 Q: (7,6)->(7,4) / g1e1
 Q: (7,6)->(7,3) / g1d1
 Q: (7,6)->(7,2) / g1c1
 Q: (7,6)->(7,1) / g1b1
 Q: (7,6)->(7,0) / g1a1
 Q: (7,6)->(6,7) / g1h2
Possible moves for piece: K:
 K: (6,6)->(7,5) / g2f1
 K: (6,6)->(5,5) / g2f3

--------------------------------Info on Attacks---------------------------------------------------
Squares attacked by Black pieces:
(0,0) (0,2) (0,3) (0,4) (0,5) (0,7) (1,2) (1,3) (1,4) (1,6) (1,7) (2,0) (2,1) (2,2) (2,7) (3,5) (3,6) (3,7) (4,0) (4,1) (4,2) (4,3) (4,4) (4,5) (4,6) (5,3) (5,6) (5,7) (6,2) (6,5) (6,7) (7,1) (7,7) 

-------------------------------Squares controlled by the enemy------------------------------------
X * X X X X * X 
* * X X X * X X 
X X X * * * * X 
* * * * * X X X 
X X X X X X X * 
* * * X * * X X 
* * X * * X * X 
* X * * * * * X 

------------------------------Check Information---------------------------------------------------
White King located at: (6,6)
White King is safe, no check at this position.

------------------------------Special Move Information-------------------------------------------
No en passant allowed right now
------------------------------Castling Rights Information-------------------------------------------
White Kingside Castle:  NOT AVAILABLE
White Queenside Castle: NOT AVAILABLE
Black Kingside Castle:  NOT AVAILABLE
Black Queenside Castle: NOT AVAILABLE
---------------------------------------------------------------------------------------------------

========== CAPTURE EXPLORATION ==========
[0] B x p | Potential loss: NO | Score: 100
========================================

========== CHECK EXPLORATION ==========
(no checks found)
======================================
--------------------------------------------------------------------------------------------------
Chosen Move: (5,4) --> (1,0)
 / e3a7

* r * * * * k * 
B p * * * r * * 
* * * * * p b * 
* * * * p * * * 
* * * * * * * q 
* * * * * * * * 
* * * * * P K * 
* * * * * * Q * 

[32;1m[Game] [0mPlayer's error code: 0
[32;1m[Game] [0mChecking move validity...
[32;1m[Board] [0mInitializing board (size: 8)...
[32;1m[Board] [0m32 piece(s) on board.
[32;1m[Board] [0mLoading history file `championship/chessgambit-chess_project_pelm/history.csv`...
[32;1m[Board] [0mLoaded 76 move(s).
[32;1m[Board] [0mHistory replayed, 13 piece(s) on board.
[32;1m[Board] [0mLoading move file `championship/chessgambit-chess_project_pelm/move.csv`...
[32;1m[Board] [0mWhite player is playing e3 to a7.
[32;1m[Board] [0m[5;1mWhite Bishop is taking Black Pawn.[0m
[32;1m[Board] [0m
[32;1m[Board] [0m     a b c d e f g h
[32;1m[Board] [0m   -------------------
[32;1m[Board] [0m 8 ||[7;1m [0m|[30;1mr[0m|[7;1m [0m| |[7;1m [0m| |[30;1mK[0m| || 8
[32;1m[Board] [0m   -------------------
[32;1m[Board] [0m 7 ||[0;1mb[0m|[30;1mp[0m| |[7;1m [0m| |[30;1mr[0m| |[7;1m [0m|| 7
[32;1m[Board] [0m   -------------------
[32;1m[Board] [0m 6 ||[7;1m [0m| |[7;1m [0m| |[7;1m [0m|[30;1mp[0m|[30;1mb[0m| || 6
[32;1m[Board] [0m   -------------------
[32;1m[Board] [0m 5 || |[7;1m [0m| |[7;1m [0m|[30;1mp[0m|[7;1m [0m| |[7;1m [0m|| 5
[32;1m[Board] [0m   -------------------
[32;1m[Board] [0m 4 ||[7;1m [0m| |[7;1m [0m| |[7;1m [0m| |[7;1m [0m|[30;1mQ[0m|| 4
[32;1m[Board] [0m   -------------------
[32;1m[Board] [0m 3 || |[7;1m [0m| |[7;1m [0m| |[7;1m [0m| |[7;1m [0m|| 3
[32;1m[Board] [0m   -------------------
[32;1m[Board] [0m 2 ||[7;1m [0m| |[7;1m [0m| |[7;1m [0m|[0;1mp[0m|[0;1mK[0m| || 2
[32;1m[Board] [0m   -------------------
[32;1m[Board] [0m 1 || |[7;1m [0m| |[7;1m [0m| |[7;1m [0m|[0;1mQ[0m|[7;1m [0m|| 1
[32;1m[Board] [0m   -------------------
[32;1m[Board] [0m     a b c d e f g h
[32;1m[Board] [0m
[32;1m[Referee] [0mThis is the turn of the Black player...
new one at 2 number of nodes 107 no of distinct states visited 107 time left 9.96633
new one at 3 number of nodes 1756 no of distinct states visited 1391 time left 9.77615
new one at 4 number of nodes 4298 no of distinct states visited 3835 time left 9.13367
new one at 5 number of nodes 60188 no of distinct states visited 32279 time left 3.97383
new one at 6 number of nodes 18951 no of distinct states visited 43737 time left 0.999884
ok it did depth 5 and now we're doing move h4g5 with evaluation 2160 number of nodes examined is 60188
[32;1m[Game] [0mPlayer's error code: 0
[32;1m[Game] [0mChecking move validity...
[32;1m[Board] [0mInitializing board (size: 8)...
[32;1m[Board] [0m32 piece(s) on board.
[32;1m[Board] [0mLoading history file `championship/chessgambit-chess_project_pelm/history.csv`...
[32;1m[Board] [0mLoaded 77 move(s).
[32;1m[Board] [0mHistory replayed, 12 piece(s) on board.
[32;1m[Board] [0mLoading move file `championship/chessgambit-chess_project_pelm/move.csv`...
[32;1m[Board] [0mBlack player is playing h4 to g5.
[32;1m[Board] [0m
[32;1m[Board] [0m     a b c d e f g h
[32;1m[Board] [0m   -------------------
[32;1m[Board] [0m 8 ||[7;1m [0m|[30;1mr[0m|[7;1m [0m| |[7;1m [0m| |[30;1mK[0m| || 8
[32;1m[Board] [0m   -------------------
[32;1m[Board] [0m 7 ||[0;1mb[0m|[30;1mp[0m| |[7;1m [0m| |[30;1mr[0m| |[7;1m [0m|| 7
[32;1m[Board] [0m   -------------------
[32;1m[Board] [0m 6 ||[7;1m [0m| |[7;1m [0m| |[7;1m [0m|[30;1mp[0m|[30;1mb[0m| || 6
[32;1m[Board] [0m   -------------------
[32;1m[Board] [0m 5 || |[7;1m [0m| |[7;1m [0m|[30;1mp[0m|[7;1m [0m|[30;1mQ[0m|[7;1m [0m|| 5
[32;1m[Board] [0m   -------------------
[32;1m[Board] [0m 4 ||[7;1m [0m| |[7;1m [0m| |[7;1m [0m| |[7;1m [0m| || 4
[32;1m[Board] [0m   -------------------
[32;1m[Board] [0m 3 || |[7;1m [0m| |[7;1m [0m| |[7;1m [0m| |[7;1m [0m|| 3
[32;1m[Board] [0m   -------------------
[32;1m[Board] [0m 2 ||[7;1m [0m| |[7;1m [0m| |[7;1m [0m|[0;1mp[0m|[0;1mK[0m| || 2
[32;1m[Board] [0m   -------------------
[32;1m[Board] [0m 1 || |[7;1m [0m| |[7;1m [0m| |[7;1m [0m|[0;1mQ[0m|[7;1m [0m|| 1
[32;1m[Board] [0m   -------------------
[32;1m[Board] [0m     a b c d e f g h
[32;1m[Board] [0m
[32;1m[Referee] [0mThis is the turn of the White player...
Inputed Board
Currently playing: White

------------------------------Current Search Space--------------------------------------------
Possible moves for piece: P:
 P: (6,5)->(5,5) / f2f3
 P: (6,5)->(4,5) / f2f4
Possible moves for piece: B:
 B: (1,0)->(0,1) / a7b8
 B: (1,0)->(2,1) / a7b6
 B: (1,0)->(3,2) / a7c5
 B: (1,0)->(4,3) / a7d4
 B: (1,0)->(5,4) / a7e3
Possible moves for piece: Q:
 Q: (7,6)->(7,7) / g1h1
 Q: (7,6)->(7,5) / g1f1
 Q: (7,6)->(7,4) / g1e1
 Q: (7,6)->(7,3) / g1d1
 Q: (7,6)->(7,2) / g1c1
 Q: (7,6)->(7,1) / g1b1
 Q: (7,6)->(7,0) / g1a1
 Q: (7,6)->(6,7) / g1h2
Possible moves for piece: K:
 K: (6,6)->(5,6) / g2g3
 K: (6,6)->(6,7) / g2h2
 K: (6,6)->(7,7) / g2h1
 K: (6,6)->(7,5) / g2f1
 K: (6,6)->(5,7) / g2h3
 K: (6,6)->(5,5) / g2f3

------------------------------Filtered Search Space--------------------------------------------
Possible moves for piece: K:
 K: (6,6)->(6,7) / g2h2
 K: (6,6)->(7,7) / g2h1
 K: (6,6)->(7,5) / g2f1
 K: (6,6)->(5,7) / g2h3
 K: (6,6)->(5,5) / g2f3

--------------------------------Info on Attacks---------------------------------------------------
Squares attacked by Black pieces:
(0,0) (0,2) (0,3) (0,4) (0,5) (0,7) (1,2) (1,3) (1,4) (1,6) (1,7) (2,0) (2,2) (2,7) (3,5) (3,7) (4,3) (4,4) (4,5) (4,6) (4,7) (5,3) (5,4) (5,6) (6,2) (6,3) (6,6) (7,1) (7,2) 

-------------------------------Squares controlled by the enemy------------------------------------
X * X X X X * X 
* * X X X * X X 
X * X * * * * X 
* * * * * X * X 
* * * X X X X X 
* * * X X * X * 
* * X X * * X * 
* X X * * * * * 

------------------------------Check Information---------------------------------------------------
White King located at: (6,6)
White King is in check by q at (3,6)

------------------------------Special Move Information-------------------------------------------
No en passant allowed right now
------------------------------Castling Rights Information-------------------------------------------
White Kingside Castle:  NOT AVAILABLE
White Queenside Castle: NOT AVAILABLE
Black Kingside Castle:  NOT AVAILABLE
Black Queenside Castle: NOT AVAILABLE
---------------------------------------------------------------------------------------------------

========== CAPTURE EXPLORATION ==========
========================================

========== CHECK EXPLORATION ==========
(no checks found)
======================================
--------------------------------------------------------------------------------------------------
Chosen Move: (6,6) --> (7,7)
 / g2h1

* r * * * * k * 
B p * * * r * * 
* * * * * p b * 
* * * * p * q * 
* * * * * * * * 
* * * * * * * * 
* * * * * P * * 
* * * * * * Q K 

[32;1m[Game] [0mPlayer's error code: 0
[32;1m[Game] [0mChecking move validity...
[32;1m[Board] [0mInitializing board (size: 8)...
[32;1m[Board] [0m32 piece(s) on board.
[32;1m[Board] [0mLoading history file `championship/chessgambit-chess_project_pelm/history.csv`...
[32;1m[Board] [0mLoaded 78 move(s).
[32;1m[Board] [0mHistory replayed, 12 piece(s) on board.
[32;1m[Board] [0mLoading move file `championship/chessgambit-chess_project_pelm/move.csv`...
[32;1m[Board] [0mWhite player is playing g2 to h1.
[32;1m[Board] [0m
[32;1m[Board] [0m     a b c d e f g h
[32;1m[Board] [0m   -------------------
[32;1m[Board] [0m 8 ||[7;1m [0m|[30;1mr[0m|[7;1m [0m| |[7;1m [0m| |[30;1mK[0m| || 8
[32;1m[Board] [0m   -------------------
[32;1m[Board] [0m 7 ||[0;1mb[0m|[30;1mp[0m| |[7;1m [0m| |[30;1mr[0m| |[7;1m [0m|| 7
[32;1m[Board] [0m   -------------------
[32;1m[Board] [0m 6 ||[7;1m [0m| |[7;1m [0m| |[7;1m [0m|[30;1mp[0m|[30;1mb[0m| || 6
[32;1m[Board] [0m   -------------------
[32;1m[Board] [0m 5 || |[7;1m [0m| |[7;1m [0m|[30;1mp[0m|[7;1m [0m|[30;1mQ[0m|[7;1m [0m|| 5
[32;1m[Board] [0m   -------------------
[32;1m[Board] [0m 4 ||[7;1m [0m| |[7;1m [0m| |[7;1m [0m| |[7;1m [0m| || 4
[32;1m[Board] [0m   -------------------
[32;1m[Board] [0m 3 || |[7;1m [0m| |[7;1m [0m| |[7;1m [0m| |[7;1m [0m|| 3
[32;1m[Board] [0m   -------------------
[32;1m[Board] [0m 2 ||[7;1m [0m| |[7;1m [0m| |[7;1m [0m|[0;1mp[0m|[7;1m [0m| || 2
[32;1m[Board] [0m   -------------------
[32;1m[Board] [0m 1 || |[7;1m [0m| |[7;1m [0m| |[7;1m [0m|[0;1mQ[0m|[0;1mK[0m|| 1
[32;1m[Board] [0m   -------------------
[32;1m[Board] [0m     a b c d e f g h
[32;1m[Board] [0m
[32;1m[Referee] [0mThis is the turn of the Black player...
new one at 2 number of nodes 79 no of distinct states visited 79 time left 9.98653
new one at 3 number of nodes 1445 no of distinct states visited 1185 time left 9.86535
new one at 4 number of nodes 2900 no of distinct states visited 2483 time left 9.38648
new one at 5 number of nodes 51028 no of distinct states visited 29935 time left 4.87401
new one at 6 number of nodes 21099 no of distinct states visited 38621 time left 0.999787
ok it did depth 5 and now we're doing move g6e4 with evaluation 999995 number of nodes examined is 51028
[32;1m[Game] [0mPlayer's error code: 0
[32;1m[Game] [0mChecking move validity...
[32;1m[Board] [0mInitializing board (size: 8)...
[32;1m[Board] [0m32 piece(s) on board.
[32;1m[Board] [0mLoading history file `championship/chessgambit-chess_project_pelm/history.csv`...
[32;1m[Board] [0mLoaded 79 move(s).
[32;1m[Board] [0mHistory replayed, 12 piece(s) on board.
[32;1m[Board] [0mLoading move file `championship/chessgambit-chess_project_pelm/move.csv`...
[32;1m[Board] [0mBlack player is playing g6 to e4.
[32;1m[Board] [0m
[32;1m[Board] [0m     a b c d e f g h
[32;1m[Board] [0m   -------------------
[32;1m[Board] [0m 8 ||[7;1m [0m|[30;1mr[0m|[7;1m [0m| |[7;1m [0m| |[30;1mK[0m| || 8
[32;1m[Board] [0m   -------------------
[32;1m[Board] [0m 7 ||[0;1mb[0m|[30;1mp[0m| |[7;1m [0m| |[30;1mr[0m| |[7;1m [0m|| 7
[32;1m[Board] [0m   -------------------
[32;1m[Board] [0m 6 ||[7;1m [0m| |[7;1m [0m| |[7;1m [0m|[30;1mp[0m|[7;1m [0m| || 6
[32;1m[Board] [0m   -------------------
[32;1m[Board] [0m 5 || |[7;1m [0m| |[7;1m [0m|[30;1mp[0m|[7;1m [0m|[30;1mQ[0m|[7;1m [0m|| 5
[32;1m[Board] [0m   -------------------
[32;1m[Board] [0m 4 ||[7;1m [0m| |[7;1m [0m| |[30;1mb[0m| |[7;1m [0m| || 4
[32;1m[Board] [0m   -------------------
[32;1m[Board] [0m 3 || |[7;1m [0m| |[7;1m [0m| |[7;1m [0m| |[7;1m [0m|| 3
[32;1m[Board] [0m   -------------------
[32;1m[Board] [0m 2 ||[7;1m [0m| |[7;1m [0m| |[7;1m [0m|[0;1mp[0m|[7;1m [0m| || 2
[32;1m[Board] [0m   -------------------
[32;1m[Board] [0m 1 || |[7;1m [0m| |[7;1m [0m| |[7;1m [0m|[0;1mQ[0m|[0;1mK[0m|| 1
[32;1m[Board] [0m   -------------------
[32;1m[Board] [0m     a b c d e f g h
[32;1m[Board] [0m
[32;1m[Referee] [0mThis is the turn of the White player...
Inputed Board
Currently playing: White

------------------------------Current Search Space--------------------------------------------
Possible moves for piece: P:
 P: (6,5)->(5,5) / f2f3
 P: (6,5)->(4,5) / f2f4
Possible moves for piece: B:
 B: (1,0)->(0,1) / a7b8
 B: (1,0)->(2,1) / a7b6
 B: (1,0)->(3,2) / a7c5
 B: (1,0)->(4,3) / a7d4
 B: (1,0)->(5,4) / a7e3
Possible moves for piece: Q:
 Q: (7,6)->(6,6) / g1g2
 Q: (7,6)->(5,6) / g1g3
 Q: (7,6)->(4,6) / g1g4
 Q: (7,6)->(3,6) / g1g5
 Q: (7,6)->(7,5) / g1f1
 Q: (7,6)->(7,4) / g1e1
 Q: (7,6)->(7,3) / g1d1
 Q: (7,6)->(7,2) / g1c1
 Q: (7,6)->(7,1) / g1b1
 Q: (7,6)->(7,0) / g1a1
 Q: (7,6)->(6,7) / g1h2
Possible moves for piece: K:
 K: (7,7)->(6,7) / h1h2
 K: (7,7)->(6,6) / h1g2

------------------------------Filtered Search Space--------------------------------------------
Possible moves for piece: P:
 P: (6,5)->(5,5) / f2f3
Possible moves for piece: Q:
 Q: (7,6)->(6,6) / g1g2
Possible moves for piece: K:
 K: (7,7)->(6,7) / h1h2

--------------------------------Info on Attacks---------------------------------------------------
Squares attacked by Black pieces:
(0,0) (0,2) (0,3) (0,4) (0,5) (0,7) (1,2) (1,3) (1,4) (1,6) (1,7) (2,0) (2,2) (2,6) (2,7) (3,3) (3,5) (3,7) (4,3) (4,5) (4,6) (4,7) (5,3) (5,4) (5,5) (5,6) (6,2) (6,3) (6,6) (7,1) (7,2) (7,6) (7,7) 

-------------------------------Squares controlled by the enemy------------------------------------
X * X X X X * X 
* * X X X * X X 
X * X * * * X X 
* * * X * X * X 
* * * X * X X X 
* * * X X X X * 
* * X X * * X * 
* X X * * * X X 

------------------------------Check Information---------------------------------------------------
White King located at: (7,7)
White King is in check by b at (4,4)

------------------------------Special Move Information-------------------------------------------
No en passant allowed right now
------------------------------Castling Rights Information-------------------------------------------
White Kingside Castle:  NOT AVAILABLE
White Queenside Castle: NOT AVAILABLE
Black Kingside Castle:  NOT AVAILABLE
Black Queenside Castle: NOT AVAILABLE
---------------------------------------------------------------------------------------------------

========== CAPTURE EXPLORATION ==========
========================================

========== CHECK EXPLORATION ==========
(no checks found)
======================================
--------------------------------------------------------------------------------------------------
Chosen Move: (6,5) --> (5,5)
 / f2f3

* r * * * * k * 
B p * * * r * * 
* * * * * p * * 
* * * * p * q * 
* * * * b * * * 
* * * * * P * * 
* * * * * * * * 
* * * * * * Q K 

[32;1m[Game] [0mPlayer's error code: 0
[32;1m[Game] [0mChecking move validity...
[32;1m[Board] [0mInitializing board (size: 8)...
[32;1m[Board] [0m32 piece(s) on board.
[32;1m[Board] [0mLoading history file `championship/chessgambit-chess_project_pelm/history.csv`...
[32;1m[Board] [0mLoaded 80 move(s).
[32;1m[Board] [0mHistory replayed, 12 piece(s) on board.
[32;1m[Board] [0mLoading move file `championship/chessgambit-chess_project_pelm/move.csv`...
[32;1m[Board] [0mWhite player is playing f2 to f3.
[32;1m[Board] [0m
[32;1m[Board] [0m     a b c d e f g h
[32;1m[Board] [0m   -------------------
[32;1m[Board] [0m 8 ||[7;1m [0m|[30;1mr[0m|[7;1m [0m| |[7;1m [0m| |[30;1mK[0m| || 8
[32;1m[Board] [0m   -------------------
[32;1m[Board] [0m 7 ||[0;1mb[0m|[30;1mp[0m| |[7;1m [0m| |[30;1mr[0m| |[7;1m [0m|| 7
[32;1m[Board] [0m   -------------------
[32;1m[Board] [0m 6 ||[7;1m [0m| |[7;1m [0m| |[7;1m [0m|[30;1mp[0m|[7;1m [0m| || 6
[32;1m[Board] [0m   -------------------
[32;1m[Board] [0m 5 || |[7;1m [0m| |[7;1m [0m|[30;1mp[0m|[7;1m [0m|[30;1mQ[0m|[7;1m [0m|| 5
[32;1m[Board] [0m   -------------------
[32;1m[Board] [0m 4 ||[7;1m [0m| |[7;1m [0m| |[30;1mb[0m| |[7;1m [0m| || 4
[32;1m[Board] [0m   -------------------
[32;1m[Board] [0m 3 || |[7;1m [0m| |[7;1m [0m| |[0;1mp[0m| |[7;1m [0m|| 3
[32;1m[Board] [0m   -------------------
[32;1m[Board] [0m 2 ||[7;1m [0m| |[7;1m [0m| |[7;1m [0m| |[7;1m [0m| || 2
[32;1m[Board] [0m   -------------------
[32;1m[Board] [0m 1 || |[7;1m [0m| |[7;1m [0m| |[7;1m [0m|[0;1mQ[0m|[0;1mK[0m|| 1
[32;1m[Board] [0m   -------------------
[32;1m[Board] [0m     a b c d e f g h
[32;1m[Board] [0m
[32;1m[Referee] [0mThis is the turn of the Black player...
new one at 2 number of nodes 69 no of distinct states visited 69 time left 9.97359
new one at 3 number of nodes 1203 no of distinct states visited 813 time left 9.85752
new one at 4 number of nodes 2369 no of distinct states visited 1845 time left 9.44803
new one at 5 number of nodes 38082 no of distinct states visited 20734 time left 6.16526
new one at 6 number of nodes 34481 no of distinct states visited 33044 time left 0.999874
ok it did depth 5 and now we're doing move e4f3 with evaluation 999997 number of nodes examined is 38082
[32;1m[Game] [0mPlayer's error code: 0
[32;1m[Game] [0mChecking move validity...
[32;1m[Board] [0mInitializing board (size: 8)...
[32;1m[Board] [0m32 piece(s) on board.
[32;1m[Board] [0mLoading history file `championship/chessgambit-chess_project_pelm/history.csv`...
[32;1m[Board] [0mLoaded 81 move(s).
[32;1m[Board] [0mHistory replayed, 12 piece(s) on board.
[32;1m[Board] [0mLoading move file `championship/chessgambit-chess_project_pelm/move.csv`...
[32;1m[Board] [0mBlack player is playing e4 to f3.
[32;1m[Board] [0m[5;1mBlack Bishop is taking White Pawn.[0m
[32;1m[Board] [0m
[32;1m[Board] [0m     a b c d e f g h
[32;1m[Board] [0m   -------------------
[32;1m[Board] [0m 8 ||[7;1m [0m|[30;1mr[0m|[7;1m [0m| |[7;1m [0m| |[30;1mK[0m| || 8
[32;1m[Board] [0m   -------------------
[32;1m[Board] [0m 7 ||[0;1mb[0m|[30;1mp[0m| |[7;1m [0m| |[30;1mr[0m| |[7;1m [0m|| 7
[32;1m[Board] [0m   -------------------
[32;1m[Board] [0m 6 ||[7;1m [0m| |[7;1m [0m| |[7;1m [0m|[30;1mp[0m|[7;1m [0m| || 6
[32;1m[Board] [0m   -------------------
[32;1m[Board] [0m 5 || |[7;1m [0m| |[7;1m [0m|[30;1mp[0m|[7;1m [0m|[30;1mQ[0m|[7;1m [0m|| 5
[32;1m[Board] [0m   -------------------
[32;1m[Board] [0m 4 ||[7;1m [0m| |[7;1m [0m| |[7;1m [0m| |[7;1m [0m| || 4
[32;1m[Board] [0m   -------------------
[32;1m[Board] [0m 3 || |[7;1m [0m| |[7;1m [0m| |[30;1mb[0m| |[7;1m [0m|| 3
[32;1m[Board] [0m   -------------------
[32;1m[Board] [0m 2 ||[7;1m [0m| |[7;1m [0m| |[7;1m [0m| |[7;1m [0m| || 2
[32;1m[Board] [0m   -------------------
[32;1m[Board] [0m 1 || |[7;1m [0m| |[7;1m [0m| |[7;1m [0m|[0;1mQ[0m|[0;1mK[0m|| 1
[32;1m[Board] [0m   -------------------
[32;1m[Board] [0m     a b c d e f g h
[32;1m[Board] [0m
[32;1m[Referee] [0mThis is the turn of the White player...
Inputed Board
Currently playing: White

------------------------------Current Search Space--------------------------------------------
Possible moves for piece: B:
 B: (1,0)->(0,1) / a7b8
 B: (1,0)->(2,1) / a7b6
 B: (1,0)->(3,2) / a7c5
 B: (1,0)->(4,3) / a7d4
 B: (1,0)->(5,4) / a7e3
 B: (1,0)->(6,5) / a7f2
Possible moves for piece: Q:
 Q: (7,6)->(6,6) / g1g2
 Q: (7,6)->(5,6) / g1g3
 Q: (7,6)->(4,6) / g1g4
 Q: (7,6)->(3,6) / g1g5
 Q: (7,6)->(7,5) / g1f1
 Q: (7,6)->(7,4) / g1e1
 Q: (7,6)->(7,3) / g1d1
 Q: (7,6)->(7,2) / g1c1
 Q: (7,6)->(7,1) / g1b1
 Q: (7,6)->(7,0) / g1a1
 Q: (7,6)->(6,5) / g1f2
 Q: (7,6)->(5,4) / g1e3
 Q: (7,6)->(4,3) / g1d4
 Q: (7,6)->(3,2) / g1c5
 Q: (7,6)->(2,1) / g1b6
 Q: (7,6)->(6,7) / g1h2
Possible moves for piece: K:
 K: (7,7)->(6,7) / h1h2
 K: (7,7)->(6,6) / h1g2

------------------------------Filtered Search Space--------------------------------------------
Possible moves for piece: Q:
 Q: (7,6)->(6,6) / g1g2
Possible moves for piece: K:
 K: (7,7)->(6,7) / h1h2

--------------------------------Info on Attacks---------------------------------------------------
Squares attacked by Black pieces:
(0,0) (0,2) (0,3) (0,4) (0,5) (0,7) (1,2) (1,3) (1,4) (1,6) (1,7) (2,0) (2,2) (2,6) (2,7) (3,3) (3,5) (3,7) (4,3) (4,4) (4,5) (4,6) (4,7) (5,4) (5,6) (6,3) (6,4) (6,6) (7,2) (7,3) (7,6) (7,7) 

-------------------------------Squares controlled by the enemy------------------------------------
X * X X X X * X 
* * X X X * X X 
X * X * * * X X 
* * * X * X * X 
* * * X X X X X 
* * * * X * X * 
* * * X X * X * 
* * X X * * X X 

------------------------------Check Information---------------------------------------------------
White King located at: (7,7)
White King is in check by b at (5,5)

------------------------------Special Move Information-------------------------------------------
No en passant allowed right now
------------------------------Castling Rights Information-------------------------------------------
White Kingside Castle:  NOT AVAILABLE
White Queenside Castle: NOT AVAILABLE
Black Kingside Castle:  NOT AVAILABLE
Black Queenside Castle: NOT AVAILABLE
---------------------------------------------------------------------------------------------------

========== CAPTURE EXPLORATION ==========
========================================

========== CHECK EXPLORATION ==========
(no checks found)
======================================
--------------------------------------------------------------------------------------------------
Chosen Move: (7,6) --> (6,6)
 / g1g2

* r * * * * k * 
B p * * * r * * 
* * * * * p * * 
* * * * p * q * 
* * * * * * * * 
* * * * * b * * 
* * * * * * Q * 
* * * * * * * K 

[32;1m[Game] [0mPlayer's error code: 0
[32;1m[Game] [0mChecking move validity...
[32;1m[Board] [0mInitializing board (size: 8)...
[32;1m[Board] [0m32 piece(s) on board.
[32;1m[Board] [0mLoading history file `championship/chessgambit-chess_project_pelm/history.csv`...
[32;1m[Board] [0mLoaded 82 move(s).
[32;1m[Board] [0mHistory replayed, 11 piece(s) on board.
[32;1m[Board] [0mLoading move file `championship/chessgambit-chess_project_pelm/move.csv`...
[32;1m[Board] [0mWhite player is playing g1 to g2.
[32;1m[Board] [0m
[32;1m[Board] [0m     a b c d e f g h
[32;1m[Board] [0m   -------------------
[32;1m[Board] [0m 8 ||[7;1m [0m|[30;1mr[0m|[7;1m [0m| |[7;1m [0m| |[30;1mK[0m| || 8
[32;1m[Board] [0m   -------------------
[32;1m[Board] [0m 7 ||[0;1mb[0m|[30;1mp[0m| |[7;1m [0m| |[30;1mr[0m| |[7;1m [0m|| 7
[32;1m[Board] [0m   -------------------
[32;1m[Board] [0m 6 ||[7;1m [0m| |[7;1m [0m| |[7;1m [0m|[30;1mp[0m|[7;1m [0m| || 6
[32;1m[Board] [0m   -------------------
[32;1m[Board] [0m 5 || |[7;1m [0m| |[7;1m [0m|[30;1mp[0m|[7;1m [0m|[30;1mQ[0m|[7;1m [0m|| 5
[32;1m[Board] [0m   -------------------
[32;1m[Board] [0m 4 ||[7;1m [0m| |[7;1m [0m| |[7;1m [0m| |[7;1m [0m| || 4
[32;1m[Board] [0m   -------------------
[32;1m[Board] [0m 3 || |[7;1m [0m| |[7;1m [0m| |[30;1mb[0m| |[7;1m [0m|| 3
[32;1m[Board] [0m   -------------------
[32;1m[Board] [0m 2 ||[7;1m [0m| |[7;1m [0m| |[7;1m [0m| |[0;1mQ[0m| || 2
[32;1m[Board] [0m   -------------------
[32;1m[Board] [0m 1 || |[7;1m [0m| |[7;1m [0m| |[7;1m [0m| |[0;1mK[0m|| 1
[32;1m[Board] [0m   -------------------
[32;1m[Board] [0m     a b c d e f g h
[32;1m[Board] [0m
[32;1m[Referee] [0mThis is the turn of the Black player...
new one at 2 number of nodes 65 no of distinct states visited 65 time left 9.98361
new one at 3 number of nodes 1139 no of distinct states visited 657 time left 9.86599
new one at 4 number of nodes 2291 no of distinct states visited 1998 time left 9.50142
new one at 5 number of nodes 32536 no of distinct states visited 15553 time left 6.58644
new one at 6 number of nodes 42352 no of distinct states visited 28708 time left 0.999836
ok it did depth 5 and now we're doing move g5g2 with evaluation 999999 number of nodes examined is 32536
[32;1m[Game] [0mPlayer's error code: 0
[32;1m[Game] [0mChecking move validity...
[32;1m[Board] [0mInitializing board (size: 8)...
[32;1m[Board] [0m32 piece(s) on board.
[32;1m[Board] [0mLoading history file `championship/chessgambit-chess_project_pelm/history.csv`...
[32;1m[Board] [0mLoaded 83 move(s).
[32;1m[Board] [0mHistory replayed, 11 piece(s) on board.
[32;1m[Board] [0mLoading move file `championship/chessgambit-chess_project_pelm/move.csv`...
[32;1m[Board] [0mBlack player is playing g5 to g2.
[32;1m[Board] [0m[5;1mBlack Queen is taking White Queen.[0m
[32;1m[Board] [0m
[32;1m[Board] [0m     a b c d e f g h
[32;1m[Board] [0m   -------------------
[32;1m[Board] [0m 8 ||[7;1m [0m|[30;1mr[0m|[7;1m [0m| |[7;1m [0m| |[30;1mK[0m| || 8
[32;1m[Board] [0m   -------------------
[32;1m[Board] [0m 7 ||[0;1mb[0m|[30;1mp[0m| |[7;1m [0m| |[30;1mr[0m| |[7;1m [0m|| 7
[32;1m[Board] [0m   -------------------
[32;1m[Board] [0m 6 ||[7;1m [0m| |[7;1m [0m| |[7;1m [0m|[30;1mp[0m|[7;1m [0m| || 6
[32;1m[Board] [0m   -------------------
[32;1m[Board] [0m 5 || |[7;1m [0m| |[7;1m [0m|[30;1mp[0m|[7;1m [0m| |[7;1m [0m|| 5
[32;1m[Board] [0m   -------------------
[32;1m[Board] [0m 4 ||[7;1m [0m| |[7;1m [0m| |[7;1m [0m| |[7;1m [0m| || 4
[32;1m[Board] [0m   -------------------
[32;1m[Board] [0m 3 || |[7;1m [0m| |[7;1m [0m| |[30;1mb[0m| |[7;1m [0m|| 3
[32;1m[Board] [0m   -------------------
[32;1m[Board] [0m 2 ||[7;1m [0m| |[7;1m [0m| |[7;1m [0m| |[30;1mQ[0m| || 2
[32;1m[Board] [0m   -------------------
[32;1m[Board] [0m 1 || |[7;1m [0m| |[7;1m [0m| |[7;1m [0m| |[0;1mK[0m|| 1
[32;1m[Board] [0m   -------------------
[32;1m[Board] [0m     a b c d e f g h
[32;1m[Board] [0m
[32;1m[Referee] [0mThis is the turn of the White player...
