[32;1m[Board] [0mInitializing board (size: 8)...
[32;1m[Board] [0m32 piece(s) on board.
[32;1m[Board] [0m
[32;1m[Board] [0m     a b c d e f g h
[32;1m[Board] [0m   -------------------
[32;1m[Board] [0m 8 ||[30;1mr[0m|[30;1mk[0m|[30;1mb[0m|[30;1mQ[0m|[30;1mK[0m|[30;1mb[0m|[30;1mk[0m|[30;1mr[0m|| 8
[32;1m[Board] [0m   -------------------
[32;1m[Board] [0m 7 ||[30;1mp[0m|[30;1mp[0m|[30;1mp[0m|[30;1mp[0m|[30;1mp[0m|[30;1mp[0m|[30;1mp[0m|[30;1mp[0m|| 7
[32;1m[Board] [0m   -------------------
[32;1m[Board] [0m 6 ||[7;1m [0m| |[7;1m [0m| |[7;1m [0m| |[7;1m [0m| || 6
[32;1m[Board] [0m   -------------------
[32;1m[Board] [0m 5 || |[7;1m [0m| |[7;1m [0m| |[7;1m [0m| |[7;1m [0m|| 5
[32;1m[Board] [0m   -------------------
[32;1m[Board] [0m 4 ||[7;1m [0m| |[7;1m [0m| |[7;1m [0m| |[7;1m [0m| || 4
[32;1m[Board] [0m   -------------------
[32;1m[Board] [0m 3 || |[7;1m [0m| |[7;1m [0m| |[7;1m [0m| |[7;1m [0m|| 3
[32;1m[Board] [0m   -------------------
[32;1m[Board] [0m 2 ||[0;1mp[0m|[0;1mp[0m|[0;1mp[0m|[0;1mp[0m|[0;1mp[0m|[0;1mp[0m|[0;1mp[0m|[0;1mp[0m|| 2
[32;1m[Board] [0m   -------------------
[32;1m[Board] [0m 1 ||[0;1mr[0m|[0;1mk[0m|[0;1mb[0m|[0;1mQ[0m|[0;1mK[0m|[0;1mb[0m|[0;1mk[0m|[0;1mr[0m|| 1
[32;1m[Board] [0m   -------------------
[32;1m[Board] [0m     a b c d e f g h
[32;1m[Board] [0m
[32;1m[Referee] [0mThis is the turn of the White player...
[32;1m[Game] [0mPlayer's error code: 0
[32;1m[Game] [0mChecking move validity...
[32;1m[Board] [0mInitializing board (size: 8)...
[32;1m[Board] [0m32 piece(s) on board.
[32;1m[Board] [0mLoading history file `stats/White/game-22/history.csv`...
[32;1m[Board] [0mLoaded 0 move(s).
[32;1m[Board] [0mHistory replayed, 32 piece(s) on board.
[32;1m[Board] [0mLoading move file `stats/White/game-22/move.csv`...
[32;1m[Board] [0mWhite player is playing h2 to h3.
[32;1m[Board] [0m
[32;1m[Board] [0m     a b c d e f g h
[32;1m[Board] [0m   -------------------
[32;1m[Board] [0m 8 ||[30;1mr[0m|[30;1mk[0m|[30;1mb[0m|[30;1mQ[0m|[30;1mK[0m|[30;1mb[0m|[30;1mk[0m|[30;1mr[0m|| 8
[32;1m[Board] [0m   -------------------
[32;1m[Board] [0m 7 ||[30;1mp[0m|[30;1mp[0m|[30;1mp[0m|[30;1mp[0m|[30;1mp[0m|[30;1mp[0m|[30;1mp[0m|[30;1mp[0m|| 7
[32;1m[Board] [0m   -------------------
[32;1m[Board] [0m 6 ||[7;1m [0m| |[7;1m [0m| |[7;1m [0m| |[7;1m [0m| || 6
[32;1m[Board] [0m   -------------------
[32;1m[Board] [0m 5 || |[7;1m [0m| |[7;1m [0m| |[7;1m [0m| |[7;1m [0m|| 5
[32;1m[Board] [0m   -------------------
[32;1m[Board] [0m 4 ||[7;1m [0m| |[7;1m [0m| |[7;1m [0m| |[7;1m [0m| || 4
[32;1m[Board] [0m   -------------------
[32;1m[Board] [0m 3 || |[7;1m [0m| |[7;1m [0m| |[7;1m [0m| |[0;1mp[0m|| 3
[32;1m[Board] [0m   -------------------
[32;1m[Board] [0m 2 ||[0;1mp[0m|[0;1mp[0m|[0;1mp[0m|[0;1mp[0m|[0;1mp[0m|[0;1mp[0m|[0;1mp[0m| || 2
[32;1m[Board] [0m   -------------------
[32;1m[Board] [0m 1 ||[0;1mr[0m|[0;1mk[0m|[0;1mb[0m|[0;1mQ[0m|[0;1mK[0m|[0;1mb[0m|[0;1mk[0m|[0;1mr[0m|| 1
[32;1m[Board] [0m   -------------------
[32;1m[Board] [0m     a b c d e f g h
[32;1m[Board] [0m
[32;1m[Referee] [0mThis is the turn of the Black player...
[32;1m[Board] [0mInitializing board (size: 8)...
[32;1m[Board] [0m32 piece(s) on board.
[32;1m[Board] [0mLoading history file `stats/White/game-22/history.csv`...
[32;1m[Board] [0mLoaded 1 move(s).
[32;1m[Board] [0mHistory replayed, 32 piece(s) on board.
[32;1m[RandomPlayer] [0mComputing possible moves...
[32;1m[RandomPlayer] [0m20 possible move(s)
[32;1m[RandomPlayer] [0mPlaying random move 4 out of 20
[32;1m[Game] [0mPlayer's error code: 0
[32;1m[Game] [0mChecking move validity...
[32;1m[Board] [0mInitializing board (size: 8)...
[32;1m[Board] [0m32 piece(s) on board.
[32;1m[Board] [0mLoading history file `stats/White/game-22/history.csv`...
[32;1m[Board] [0mLoaded 1 move(s).
[32;1m[Board] [0mHistory replayed, 32 piece(s) on board.
[32;1m[Board] [0mLoading move file `stats/White/game-22/move.csv`...
[32;1m[Board] [0mBlack player is playing c7 to c6.
[32;1m[Board] [0m
[32;1m[Board] [0m     a b c d e f g h
[32;1m[Board] [0m   -------------------
[32;1m[Board] [0m 8 ||[30;1mr[0m|[30;1mk[0m|[30;1mb[0m|[30;1mQ[0m|[30;1mK[0m|[30;1mb[0m|[30;1mk[0m|[30;1mr[0m|| 8
[32;1m[Board] [0m   -------------------
[32;1m[Board] [0m 7 ||[30;1mp[0m|[30;1mp[0m| |[30;1mp[0m|[30;1mp[0m|[30;1mp[0m|[30;1mp[0m|[30;1mp[0m|| 7
[32;1m[Board] [0m   -------------------
[32;1m[Board] [0m 6 ||[7;1m [0m| |[30;1mp[0m| |[7;1m [0m| |[7;1m [0m| || 6
[32;1m[Board] [0m   -------------------
[32;1m[Board] [0m 5 || |[7;1m [0m| |[7;1m [0m| |[7;1m [0m| |[7;1m [0m|| 5
[32;1m[Board] [0m   -------------------
[32;1m[Board] [0m 4 ||[7;1m [0m| |[7;1m [0m| |[7;1m [0m| |[7;1m [0m| || 4
[32;1m[Board] [0m   -------------------
[32;1m[Board] [0m 3 || |[7;1m [0m| |[7;1m [0m| |[7;1m [0m| |[0;1mp[0m|| 3
[32;1m[Board] [0m   -------------------
[32;1m[Board] [0m 2 ||[0;1mp[0m|[0;1mp[0m|[0;1mp[0m|[0;1mp[0m|[0;1mp[0m|[0;1mp[0m|[0;1mp[0m| || 2
[32;1m[Board] [0m   -------------------
[32;1m[Board] [0m 1 ||[0;1mr[0m|[0;1mk[0m|[0;1mb[0m|[0;1mQ[0m|[0;1mK[0m|[0;1mb[0m|[0;1mk[0m|[0;1mr[0m|| 1
[32;1m[Board] [0m   -------------------
[32;1m[Board] [0m     a b c d e f g h
[32;1m[Board] [0m
[32;1m[Referee] [0mThis is the turn of the White player...
Time to list all moves : 3.5635e-05
Time to rank all moves : 7.439e-06
Time to search all moves : 5.06658
Time to store TT : 1.58e-07
Time to list all moves : 1.1804e-05
Time to rank all moves : 6.483e-06
TIMEOUT! Time to search all moves : 4.3946
[32;1m[Game] [0mPlayer's error code: 0
[32;1m[Game] [0mChecking move validity...
[32;1m[Board] [0mInitializing board (size: 8)...
[32;1m[Board] [0m32 piece(s) on board.
[32;1m[Board] [0mLoading history file `stats/White/game-22/history.csv`...
[32;1m[Board] [0mLoaded 2 move(s).
[32;1m[Board] [0mHistory replayed, 32 piece(s) on board.
[32;1m[Board] [0mLoading move file `stats/White/game-22/move.csv`...
[32;1m[Board] [0mWhite player is playing g1 to f3.
[32;1m[Board] [0m
[32;1m[Board] [0m     a b c d e f g h
[32;1m[Board] [0m   -------------------
[32;1m[Board] [0m 8 ||[30;1mr[0m|[30;1mk[0m|[30;1mb[0m|[30;1mQ[0m|[30;1mK[0m|[30;1mb[0m|[30;1mk[0m|[30;1mr[0m|| 8
[32;1m[Board] [0m   -------------------
[32;1m[Board] [0m 7 ||[30;1mp[0m|[30;1mp[0m| |[30;1mp[0m|[30;1mp[0m|[30;1mp[0m|[30;1mp[0m|[30;1mp[0m|| 7
[32;1m[Board] [0m   -------------------
[32;1m[Board] [0m 6 ||[7;1m [0m| |[30;1mp[0m| |[7;1m [0m| |[7;1m [0m| || 6
[32;1m[Board] [0m   -------------------
[32;1m[Board] [0m 5 || |[7;1m [0m| |[7;1m [0m| |[7;1m [0m| |[7;1m [0m|| 5
[32;1m[Board] [0m   -------------------
[32;1m[Board] [0m 4 ||[7;1m [0m| |[7;1m [0m| |[7;1m [0m| |[7;1m [0m| || 4
[32;1m[Board] [0m   -------------------
[32;1m[Board] [0m 3 || |[7;1m [0m| |[7;1m [0m| |[0;1mk[0m| |[0;1mp[0m|| 3
[32;1m[Board] [0m   -------------------
[32;1m[Board] [0m 2 ||[0;1mp[0m|[0;1mp[0m|[0;1mp[0m|[0;1mp[0m|[0;1mp[0m|[0;1mp[0m|[0;1mp[0m| || 2
[32;1m[Board] [0m   -------------------
[32;1m[Board] [0m 1 ||[0;1mr[0m|[0;1mk[0m|[0;1mb[0m|[0;1mQ[0m|[0;1mK[0m|[0;1mb[0m| |[0;1mr[0m|| 1
[32;1m[Board] [0m   -------------------
[32;1m[Board] [0m     a b c d e f g h
[32;1m[Board] [0m
[32;1m[Referee] [0mThis is the turn of the Black player...
[32;1m[Board] [0mInitializing board (size: 8)...
[32;1m[Board] [0m32 piece(s) on board.
[32;1m[Board] [0mLoading history file `stats/White/game-22/history.csv`...
[32;1m[Board] [0mLoaded 3 move(s).
[32;1m[Board] [0mHistory replayed, 32 piece(s) on board.
[32;1m[RandomPlayer] [0mComputing possible moves...
[32;1m[RandomPlayer] [0m21 possible move(s)
[32;1m[RandomPlayer] [0mPlaying random move 19 out of 21
[32;1m[Game] [0mPlayer's error code: 0
[32;1m[Game] [0mChecking move validity...
[32;1m[Board] [0mInitializing board (size: 8)...
[32;1m[Board] [0m32 piece(s) on board.
[32;1m[Board] [0mLoading history file `stats/White/game-22/history.csv`...
[32;1m[Board] [0mLoaded 3 move(s).
[32;1m[Board] [0mHistory replayed, 32 piece(s) on board.
[32;1m[Board] [0mLoading move file `stats/White/game-22/move.csv`...
[32;1m[Board] [0mBlack player is playing d8 to b6.
[32;1m[Board] [0m
[32;1m[Board] [0m     a b c d e f g h
[32;1m[Board] [0m   -------------------
[32;1m[Board] [0m 8 ||[30;1mr[0m|[30;1mk[0m|[30;1mb[0m| |[30;1mK[0m|[30;1mb[0m|[30;1mk[0m|[30;1mr[0m|| 8
[32;1m[Board] [0m   -------------------
[32;1m[Board] [0m 7 ||[30;1mp[0m|[30;1mp[0m| |[30;1mp[0m|[30;1mp[0m|[30;1mp[0m|[30;1mp[0m|[30;1mp[0m|| 7
[32;1m[Board] [0m   -------------------
[32;1m[Board] [0m 6 ||[7;1m [0m|[30;1mQ[0m|[30;1mp[0m| |[7;1m [0m| |[7;1m [0m| || 6
[32;1m[Board] [0m   -------------------
[32;1m[Board] [0m 5 || |[7;1m [0m| |[7;1m [0m| |[7;1m [0m| |[7;1m [0m|| 5
[32;1m[Board] [0m   -------------------
[32;1m[Board] [0m 4 ||[7;1m [0m| |[7;1m [0m| |[7;1m [0m| |[7;1m [0m| || 4
[32;1m[Board] [0m   -------------------
[32;1m[Board] [0m 3 || |[7;1m [0m| |[7;1m [0m| |[0;1mk[0m| |[0;1mp[0m|| 3
[32;1m[Board] [0m   -------------------
[32;1m[Board] [0m 2 ||[0;1mp[0m|[0;1mp[0m|[0;1mp[0m|[0;1mp[0m|[0;1mp[0m|[0;1mp[0m|[0;1mp[0m| || 2
[32;1m[Board] [0m   -------------------
[32;1m[Board] [0m 1 ||[0;1mr[0m|[0;1mk[0m|[0;1mb[0m|[0;1mQ[0m|[0;1mK[0m|[0;1mb[0m| |[0;1mr[0m|| 1
[32;1m[Board] [0m   -------------------
[32;1m[Board] [0m     a b c d e f g h
[32;1m[Board] [0m
[32;1m[Referee] [0mThis is the turn of the White player...
Time to list all moves : 3.6638e-05
Time to rank all moves : 1.0323e-05
TIMEOUT! Time to search all moves : 9.46183
Time to list all moves : 1.2262e-05
Time to rank all moves : 8.026e-06
TIMEOUT! Time to search all moves : 3.993e-06
[32;1m[Game] [0mPlayer's error code: 0
[32;1m[Game] [0mChecking move validity...
[32;1m[Board] [0mInitializing board (size: 8)...
[32;1m[Board] [0m32 piece(s) on board.
[32;1m[Board] [0mLoading history file `stats/White/game-22/history.csv`...
[32;1m[Board] [0mLoaded 4 move(s).
[32;1m[Board] [0mHistory replayed, 32 piece(s) on board.
[32;1m[Board] [0mLoading move file `stats/White/game-22/move.csv`...
[32;1m[Board] [0mWhite player is playing d2 to d3.
[32;1m[Board] [0m
[32;1m[Board] [0m     a b c d e f g h
[32;1m[Board] [0m   -------------------
[32;1m[Board] [0m 8 ||[30;1mr[0m|[30;1mk[0m|[30;1mb[0m| |[30;1mK[0m|[30;1mb[0m|[30;1mk[0m|[30;1mr[0m|| 8
[32;1m[Board] [0m   -------------------
[32;1m[Board] [0m 7 ||[30;1mp[0m|[30;1mp[0m| |[30;1mp[0m|[30;1mp[0m|[30;1mp[0m|[30;1mp[0m|[30;1mp[0m|| 7
[32;1m[Board] [0m   -------------------
[32;1m[Board] [0m 6 ||[7;1m [0m|[30;1mQ[0m|[30;1mp[0m| |[7;1m [0m| |[7;1m [0m| || 6
[32;1m[Board] [0m   -------------------
[32;1m[Board] [0m 5 || |[7;1m [0m| |[7;1m [0m| |[7;1m [0m| |[7;1m [0m|| 5
[32;1m[Board] [0m   -------------------
[32;1m[Board] [0m 4 ||[7;1m [0m| |[7;1m [0m| |[7;1m [0m| |[7;1m [0m| || 4
[32;1m[Board] [0m   -------------------
[32;1m[Board] [0m 3 || |[7;1m [0m| |[0;1mp[0m| |[0;1mk[0m| |[0;1mp[0m|| 3
[32;1m[Board] [0m   -------------------
[32;1m[Board] [0m 2 ||[0;1mp[0m|[0;1mp[0m|[0;1mp[0m| |[0;1mp[0m|[0;1mp[0m|[0;1mp[0m| || 2
[32;1m[Board] [0m   -------------------
[32;1m[Board] [0m 1 ||[0;1mr[0m|[0;1mk[0m|[0;1mb[0m|[0;1mQ[0m|[0;1mK[0m|[0;1mb[0m| |[0;1mr[0m|| 1
[32;1m[Board] [0m   -------------------
[32;1m[Board] [0m     a b c d e f g h
[32;1m[Board] [0m
[32;1m[Referee] [0mThis is the turn of the Black player...
[32;1m[Board] [0mInitializing board (size: 8)...
[32;1m[Board] [0m32 piece(s) on board.
[32;1m[Board] [0mLoading history file `stats/White/game-22/history.csv`...
[32;1m[Board] [0mLoaded 5 move(s).
[32;1m[Board] [0mHistory replayed, 32 piece(s) on board.
[32;1m[RandomPlayer] [0mComputing possible moves...
[32;1m[RandomPlayer] [0m29 possible move(s)
[32;1m[RandomPlayer] [0mPlaying random move 0 out of 29
[32;1m[Game] [0mPlayer's error code: 0
[32;1m[Game] [0mChecking move validity...
[32;1m[Board] [0mInitializing board (size: 8)...
[32;1m[Board] [0m32 piece(s) on board.
[32;1m[Board] [0mLoading history file `stats/White/game-22/history.csv`...
[32;1m[Board] [0mLoaded 5 move(s).
[32;1m[Board] [0mHistory replayed, 32 piece(s) on board.
[32;1m[Board] [0mLoading move file `stats/White/game-22/move.csv`...
[32;1m[Board] [0mBlack player is playing a7 to a6.
[32;1m[Board] [0m
[32;1m[Board] [0m     a b c d e f g h
[32;1m[Board] [0m   -------------------
[32;1m[Board] [0m 8 ||[30;1mr[0m|[30;1mk[0m|[30;1mb[0m| |[30;1mK[0m|[30;1mb[0m|[30;1mk[0m|[30;1mr[0m|| 8
[32;1m[Board] [0m   -------------------
[32;1m[Board] [0m 7 || |[30;1mp[0m| |[30;1mp[0m|[30;1mp[0m|[30;1mp[0m|[30;1mp[0m|[30;1mp[0m|| 7
[32;1m[Board] [0m   -------------------
[32;1m[Board] [0m 6 ||[30;1mp[0m|[30;1mQ[0m|[30;1mp[0m| |[7;1m [0m| |[7;1m [0m| || 6
[32;1m[Board] [0m   -------------------
[32;1m[Board] [0m 5 || |[7;1m [0m| |[7;1m [0m| |[7;1m [0m| |[7;1m [0m|| 5
[32;1m[Board] [0m   -------------------
[32;1m[Board] [0m 4 ||[7;1m [0m| |[7;1m [0m| |[7;1m [0m| |[7;1m [0m| || 4
[32;1m[Board] [0m   -------------------
[32;1m[Board] [0m 3 || |[7;1m [0m| |[0;1mp[0m| |[0;1mk[0m| |[0;1mp[0m|| 3
[32;1m[Board] [0m   -------------------
[32;1m[Board] [0m 2 ||[0;1mp[0m|[0;1mp[0m|[0;1mp[0m| |[0;1mp[0m|[0;1mp[0m|[0;1mp[0m| || 2
[32;1m[Board] [0m   -------------------
[32;1m[Board] [0m 1 ||[0;1mr[0m|[0;1mk[0m|[0;1mb[0m|[0;1mQ[0m|[0;1mK[0m|[0;1mb[0m| |[0;1mr[0m|| 1
[32;1m[Board] [0m   -------------------
[32;1m[Board] [0m     a b c d e f g h
[32;1m[Board] [0m
[32;1m[Referee] [0mThis is the turn of the White player...
Time to list all moves : 4.2126e-05
Time to rank all moves : 1.3174e-05
TIMEOUT! Time to search all moves : 9.45967
Time to list all moves : 1.1965e-05
Time to rank all moves : 9.094e-06
TIMEOUT! Time to search all moves : 3.816e-06
[32;1m[Game] [0mPlayer's error code: 0
[32;1m[Game] [0mChecking move validity...
[32;1m[Board] [0mInitializing board (size: 8)...
[32;1m[Board] [0m32 piece(s) on board.
[32;1m[Board] [0mLoading history file `stats/White/game-22/history.csv`...
[32;1m[Board] [0mLoaded 6 move(s).
[32;1m[Board] [0mHistory replayed, 32 piece(s) on board.
[32;1m[Board] [0mLoading move file `stats/White/game-22/move.csv`...
[32;1m[Board] [0mWhite player is playing d1 to d2.
[32;1m[Board] [0m
[32;1m[Board] [0m     a b c d e f g h
[32;1m[Board] [0m   -------------------
[32;1m[Board] [0m 8 ||[30;1mr[0m|[30;1mk[0m|[30;1mb[0m| |[30;1mK[0m|[30;1mb[0m|[30;1mk[0m|[30;1mr[0m|| 8
[32;1m[Board] [0m   -------------------
[32;1m[Board] [0m 7 || |[30;1mp[0m| |[30;1mp[0m|[30;1mp[0m|[30;1mp[0m|[30;1mp[0m|[30;1mp[0m|| 7
[32;1m[Board] [0m   -------------------
[32;1m[Board] [0m 6 ||[30;1mp[0m|[30;1mQ[0m|[30;1mp[0m| |[7;1m [0m| |[7;1m [0m| || 6
[32;1m[Board] [0m   -------------------
[32;1m[Board] [0m 5 || |[7;1m [0m| |[7;1m [0m| |[7;1m [0m| |[7;1m [0m|| 5
[32;1m[Board] [0m   -------------------
[32;1m[Board] [0m 4 ||[7;1m [0m| |[7;1m [0m| |[7;1m [0m| |[7;1m [0m| || 4
[32;1m[Board] [0m   -------------------
[32;1m[Board] [0m 3 || |[7;1m [0m| |[0;1mp[0m| |[0;1mk[0m| |[0;1mp[0m|| 3
[32;1m[Board] [0m   -------------------
[32;1m[Board] [0m 2 ||[0;1mp[0m|[0;1mp[0m|[0;1mp[0m|[0;1mQ[0m|[0;1mp[0m|[0;1mp[0m|[0;1mp[0m| || 2
[32;1m[Board] [0m   -------------------
[32;1m[Board] [0m 1 ||[0;1mr[0m|[0;1mk[0m|[0;1mb[0m|[7;1m [0m|[0;1mK[0m|[0;1mb[0m| |[0;1mr[0m|| 1
[32;1m[Board] [0m   -------------------
[32;1m[Board] [0m     a b c d e f g h
[32;1m[Board] [0m
[32;1m[Referee] [0mThis is the turn of the Black player...
[32;1m[Board] [0mInitializing board (size: 8)...
[32;1m[Board] [0m32 piece(s) on board.
[32;1m[Board] [0mLoading history file `stats/White/game-22/history.csv`...
[32;1m[Board] [0mLoaded 7 move(s).
[32;1m[Board] [0mHistory replayed, 32 piece(s) on board.
[32;1m[RandomPlayer] [0mComputing possible moves...
[32;1m[RandomPlayer] [0m28 possible move(s)
[32;1m[RandomPlayer] [0mPlaying random move 0 out of 28
[32;1m[Game] [0mPlayer's error code: 0
[32;1m[Game] [0mChecking move validity...
[32;1m[Board] [0mInitializing board (size: 8)...
[32;1m[Board] [0m32 piece(s) on board.
[32;1m[Board] [0mLoading history file `stats/White/game-22/history.csv`...
[32;1m[Board] [0mLoaded 7 move(s).
[32;1m[Board] [0mHistory replayed, 32 piece(s) on board.
[32;1m[Board] [0mLoading move file `stats/White/game-22/move.csv`...
[32;1m[Board] [0mBlack player is playing a6 to a5.
[32;1m[Board] [0m
[32;1m[Board] [0m     a b c d e f g h
[32;1m[Board] [0m   -------------------
[32;1m[Board] [0m 8 ||[30;1mr[0m|[30;1mk[0m|[30;1mb[0m| |[30;1mK[0m|[30;1mb[0m|[30;1mk[0m|[30;1mr[0m|| 8
[32;1m[Board] [0m   -------------------
[32;1m[Board] [0m 7 || |[30;1mp[0m| |[30;1mp[0m|[30;1mp[0m|[30;1mp[0m|[30;1mp[0m|[30;1mp[0m|| 7
[32;1m[Board] [0m   -------------------
[32;1m[Board] [0m 6 ||[7;1m [0m|[30;1mQ[0m|[30;1mp[0m| |[7;1m [0m| |[7;1m [0m| || 6
[32;1m[Board] [0m   -------------------
[32;1m[Board] [0m 5 ||[30;1mp[0m|[7;1m [0m| |[7;1m [0m| |[7;1m [0m| |[7;1m [0m|| 5
[32;1m[Board] [0m   -------------------
[32;1m[Board] [0m 4 ||[7;1m [0m| |[7;1m [0m| |[7;1m [0m| |[7;1m [0m| || 4
[32;1m[Board] [0m   -------------------
[32;1m[Board] [0m 3 || |[7;1m [0m| |[0;1mp[0m| |[0;1mk[0m| |[0;1mp[0m|| 3
[32;1m[Board] [0m   -------------------
[32;1m[Board] [0m 2 ||[0;1mp[0m|[0;1mp[0m|[0;1mp[0m|[0;1mQ[0m|[0;1mp[0m|[0;1mp[0m|[0;1mp[0m| || 2
[32;1m[Board] [0m   -------------------
[32;1m[Board] [0m 1 ||[0;1mr[0m|[0;1mk[0m|[0;1mb[0m|[7;1m [0m|[0;1mK[0m|[0;1mb[0m| |[0;1mr[0m|| 1
[32;1m[Board] [0m   -------------------
[32;1m[Board] [0m     a b c d e f g h
[32;1m[Board] [0m
[32;1m[Referee] [0mThis is the turn of the White player...
Time to list all moves : 3.8958e-05
Time to rank all moves : 2.1752e-05
TIMEOUT! Time to search all moves : 9.46049
Time to list all moves : 1.3517e-05
Time to rank all moves : 1.0066e-05
TIMEOUT! Time to search all moves : 4.367e-06
[32;1m[Game] [0mPlayer's error code: 0
[32;1m[Game] [0mChecking move validity...
[32;1m[Board] [0mInitializing board (size: 8)...
[32;1m[Board] [0m32 piece(s) on board.
[32;1m[Board] [0mLoading history file `stats/White/game-22/history.csv`...
[32;1m[Board] [0mLoaded 8 move(s).
[32;1m[Board] [0mHistory replayed, 32 piece(s) on board.
[32;1m[Board] [0mLoading move file `stats/White/game-22/move.csv`...
[32;1m[Board] [0mWhite player is playing d2 to d1.
[32;1m[Board] [0m
[32;1m[Board] [0m     a b c d e f g h
[32;1m[Board] [0m   -------------------
[32;1m[Board] [0m 8 ||[30;1mr[0m|[30;1mk[0m|[30;1mb[0m| |[30;1mK[0m|[30;1mb[0m|[30;1mk[0m|[30;1mr[0m|| 8
[32;1m[Board] [0m   -------------------
[32;1m[Board] [0m 7 || |[30;1mp[0m| |[30;1mp[0m|[30;1mp[0m|[30;1mp[0m|[30;1mp[0m|[30;1mp[0m|| 7
[32;1m[Board] [0m   -------------------
[32;1m[Board] [0m 6 ||[7;1m [0m|[30;1mQ[0m|[30;1mp[0m| |[7;1m [0m| |[7;1m [0m| || 6
[32;1m[Board] [0m   -------------------
[32;1m[Board] [0m 5 ||[30;1mp[0m|[7;1m [0m| |[7;1m [0m| |[7;1m [0m| |[7;1m [0m|| 5
[32;1m[Board] [0m   -------------------
[32;1m[Board] [0m 4 ||[7;1m [0m| |[7;1m [0m| |[7;1m [0m| |[7;1m [0m| || 4
[32;1m[Board] [0m   -------------------
[32;1m[Board] [0m 3 || |[7;1m [0m| |[0;1mp[0m| |[0;1mk[0m| |[0;1mp[0m|| 3
[32;1m[Board] [0m   -------------------
[32;1m[Board] [0m 2 ||[0;1mp[0m|[0;1mp[0m|[0;1mp[0m| |[0;1mp[0m|[0;1mp[0m|[0;1mp[0m| || 2
[32;1m[Board] [0m   -------------------
[32;1m[Board] [0m 1 ||[0;1mr[0m|[0;1mk[0m|[0;1mb[0m|[0;1mQ[0m|[0;1mK[0m|[0;1mb[0m| |[0;1mr[0m|| 1
[32;1m[Board] [0m   -------------------
[32;1m[Board] [0m     a b c d e f g h
[32;1m[Board] [0m
[32;1m[Referee] [0mThis is the turn of the Black player...
[32;1m[Board] [0mInitializing board (size: 8)...
[32;1m[Board] [0m32 piece(s) on board.
[32;1m[Board] [0mLoading history file `stats/White/game-22/history.csv`...
[32;1m[Board] [0mLoaded 9 move(s).
[32;1m[Board] [0mHistory replayed, 32 piece(s) on board.
[32;1m[RandomPlayer] [0mComputing possible moves...
[32;1m[RandomPlayer] [0m30 possible move(s)
[32;1m[RandomPlayer] [0mPlaying random move 1 out of 30
[32;1m[Game] [0mPlayer's error code: 0
[32;1m[Game] [0mChecking move validity...
[32;1m[Board] [0mInitializing board (size: 8)...
[32;1m[Board] [0m32 piece(s) on board.
[32;1m[Board] [0mLoading history file `stats/White/game-22/history.csv`...
[32;1m[Board] [0mLoaded 9 move(s).
[32;1m[Board] [0mHistory replayed, 32 piece(s) on board.
[32;1m[Board] [0mLoading move file `stats/White/game-22/move.csv`...
[32;1m[Board] [0mBlack player is playing c6 to c5.
[32;1m[Board] [0m
[32;1m[Board] [0m     a b c d e f g h
[32;1m[Board] [0m   -------------------
[32;1m[Board] [0m 8 ||[30;1mr[0m|[30;1mk[0m|[30;1mb[0m| |[30;1mK[0m|[30;1mb[0m|[30;1mk[0m|[30;1mr[0m|| 8
[32;1m[Board] [0m   -------------------
[32;1m[Board] [0m 7 || |[30;1mp[0m| |[30;1mp[0m|[30;1mp[0m|[30;1mp[0m|[30;1mp[0m|[30;1mp[0m|| 7
[32;1m[Board] [0m   -------------------
[32;1m[Board] [0m 6 ||[7;1m [0m|[30;1mQ[0m|[7;1m [0m| |[7;1m [0m| |[7;1m [0m| || 6
[32;1m[Board] [0m   -------------------
[32;1m[Board] [0m 5 ||[30;1mp[0m|[7;1m [0m|[30;1mp[0m|[7;1m [0m| |[7;1m [0m| |[7;1m [0m|| 5
[32;1m[Board] [0m   -------------------
[32;1m[Board] [0m 4 ||[7;1m [0m| |[7;1m [0m| |[7;1m [0m| |[7;1m [0m| || 4
[32;1m[Board] [0m   -------------------
[32;1m[Board] [0m 3 || |[7;1m [0m| |[0;1mp[0m| |[0;1mk[0m| |[0;1mp[0m|| 3
[32;1m[Board] [0m   -------------------
[32;1m[Board] [0m 2 ||[0;1mp[0m|[0;1mp[0m|[0;1mp[0m| |[0;1mp[0m|[0;1mp[0m|[0;1mp[0m| || 2
[32;1m[Board] [0m   -------------------
[32;1m[Board] [0m 1 ||[0;1mr[0m|[0;1mk[0m|[0;1mb[0m|[0;1mQ[0m|[0;1mK[0m|[0;1mb[0m| |[0;1mr[0m|| 1
[32;1m[Board] [0m   -------------------
[32;1m[Board] [0m     a b c d e f g h
[32;1m[Board] [0m
[32;1m[Referee] [0mThis is the turn of the White player...
Time to list all moves : 3.5059e-05
Time to rank all moves : 1.036e-05
TIMEOUT! Time to search all moves : 9.45926
Time to list all moves : 1.145e-05
Time to rank all moves : 8.216e-06
TIMEOUT! Time to search all moves : 3.64e-06
[32;1m[Game] [0mPlayer's error code: 0
[32;1m[Game] [0mChecking move validity...
[32;1m[Board] [0mInitializing board (size: 8)...
[32;1m[Board] [0m32 piece(s) on board.
[32;1m[Board] [0mLoading history file `stats/White/game-22/history.csv`...
[32;1m[Board] [0mLoaded 10 move(s).
[32;1m[Board] [0mHistory replayed, 32 piece(s) on board.
[32;1m[Board] [0mLoading move file `stats/White/game-22/move.csv`...
[32;1m[Board] [0mWhite player is playing e1 to d2.
[32;1m[Board] [0m
[32;1m[Board] [0m     a b c d e f g h
[32;1m[Board] [0m   -------------------
[32;1m[Board] [0m 8 ||[30;1mr[0m|[30;1mk[0m|[30;1mb[0m| |[30;1mK[0m|[30;1mb[0m|[30;1mk[0m|[30;1mr[0m|| 8
[32;1m[Board] [0m   -------------------
[32;1m[Board] [0m 7 || |[30;1mp[0m| |[30;1mp[0m|[30;1mp[0m|[30;1mp[0m|[30;1mp[0m|[30;1mp[0m|| 7
[32;1m[Board] [0m   -------------------
[32;1m[Board] [0m 6 ||[7;1m [0m|[30;1mQ[0m|[7;1m [0m| |[7;1m [0m| |[7;1m [0m| || 6
[32;1m[Board] [0m   -------------------
[32;1m[Board] [0m 5 ||[30;1mp[0m|[7;1m [0m|[30;1mp[0m|[7;1m [0m| |[7;1m [0m| |[7;1m [0m|| 5
[32;1m[Board] [0m   -------------------
[32;1m[Board] [0m 4 ||[7;1m [0m| |[7;1m [0m| |[7;1m [0m| |[7;1m [0m| || 4
[32;1m[Board] [0m   -------------------
[32;1m[Board] [0m 3 || |[7;1m [0m| |[0;1mp[0m| |[0;1mk[0m| |[0;1mp[0m|| 3
[32;1m[Board] [0m   -------------------
[32;1m[Board] [0m 2 ||[0;1mp[0m|[0;1mp[0m|[0;1mp[0m|[0;1mK[0m|[0;1mp[0m|[0;1mp[0m|[0;1mp[0m| || 2
[32;1m[Board] [0m   -------------------
[32;1m[Board] [0m 1 ||[0;1mr[0m|[0;1mk[0m|[0;1mb[0m|[0;1mQ[0m| |[0;1mb[0m| |[0;1mr[0m|| 1
[32;1m[Board] [0m   -------------------
[32;1m[Board] [0m     a b c d e f g h
[32;1m[Board] [0m
[32;1m[Referee] [0mThis is the turn of the Black player...
[32;1m[Board] [0mInitializing board (size: 8)...
[32;1m[Board] [0m32 piece(s) on board.
[32;1m[Board] [0mLoading history file `stats/White/game-22/history.csv`...
[32;1m[Board] [0mLoaded 11 move(s).
[32;1m[Board] [0mHistory replayed, 32 piece(s) on board.
[32;1m[RandomPlayer] [0mComputing possible moves...
[32;1m[RandomPlayer] [0m33 possible move(s)
[32;1m[RandomPlayer] [0mPlaying random move 12 out of 33
[32;1m[Game] [0mPlayer's error code: 0
[32;1m[Game] [0mChecking move validity...
[32;1m[Board] [0mInitializing board (size: 8)...
[32;1m[Board] [0m32 piece(s) on board.
[32;1m[Board] [0mLoading history file `stats/White/game-22/history.csv`...
[32;1m[Board] [0mLoaded 11 move(s).
[32;1m[Board] [0mHistory replayed, 32 piece(s) on board.
[32;1m[Board] [0mLoading move file `stats/White/game-22/move.csv`...
[32;1m[Board] [0mBlack player is playing a8 to a7.
[32;1m[Board] [0m
[32;1m[Board] [0m     a b c d e f g h
[32;1m[Board] [0m   -------------------
[32;1m[Board] [0m 8 ||[7;1m [0m|[30;1mk[0m|[30;1mb[0m| |[30;1mK[0m|[30;1mb[0m|[30;1mk[0m|[30;1mr[0m|| 8
[32;1m[Board] [0m   -------------------
[32;1m[Board] [0m 7 ||[30;1mr[0m|[30;1mp[0m| |[30;1mp[0m|[30;1mp[0m|[30;1mp[0m|[30;1mp[0m|[30;1mp[0m|| 7
[32;1m[Board] [0m   -------------------
[32;1m[Board] [0m 6 ||[7;1m [0m|[30;1mQ[0m|[7;1m [0m| |[7;1m [0m| |[7;1m [0m| || 6
[32;1m[Board] [0m   -------------------
[32;1m[Board] [0m 5 ||[30;1mp[0m|[7;1m [0m|[30;1mp[0m|[7;1m [0m| |[7;1m [0m| |[7;1m [0m|| 5
[32;1m[Board] [0m   -------------------
[32;1m[Board] [0m 4 ||[7;1m [0m| |[7;1m [0m| |[7;1m [0m| |[7;1m [0m| || 4
[32;1m[Board] [0m   -------------------
[32;1m[Board] [0m 3 || |[7;1m [0m| |[0;1mp[0m| |[0;1mk[0m| |[0;1mp[0m|| 3
[32;1m[Board] [0m   -------------------
[32;1m[Board] [0m 2 ||[0;1mp[0m|[0;1mp[0m|[0;1mp[0m|[0;1mK[0m|[0;1mp[0m|[0;1mp[0m|[0;1mp[0m| || 2
[32;1m[Board] [0m   -------------------
[32;1m[Board] [0m 1 ||[0;1mr[0m|[0;1mk[0m|[0;1mb[0m|[0;1mQ[0m| |[0;1mb[0m| |[0;1mr[0m|| 1
[32;1m[Board] [0m   -------------------
[32;1m[Board] [0m     a b c d e f g h
[32;1m[Board] [0m
[32;1m[Referee] [0mThis is the turn of the White player...
Time to list all moves : 4.0425e-05
Time to rank all moves : 9.436e-06
TIMEOUT! Time to search all moves : 9.45816
Time to list all moves : 1.1642e-05
Time to rank all moves : 7.274e-06
TIMEOUT! Time to search all moves : 4.109e-06
[32;1m[Game] [0mPlayer's error code: 0
[32;1m[Game] [0mChecking move validity...
[32;1m[Board] [0mInitializing board (size: 8)...
[32;1m[Board] [0m32 piece(s) on board.
[32;1m[Board] [0mLoading history file `stats/White/game-22/history.csv`...
[32;1m[Board] [0mLoaded 12 move(s).
[32;1m[Board] [0mHistory replayed, 32 piece(s) on board.
[32;1m[Board] [0mLoading move file `stats/White/game-22/move.csv`...
[32;1m[Board] [0mWhite player is playing b1 to c3.
[32;1m[Board] [0m
[32;1m[Board] [0m     a b c d e f g h
[32;1m[Board] [0m   -------------------
[32;1m[Board] [0m 8 ||[7;1m [0m|[30;1mk[0m|[30;1mb[0m| |[30;1mK[0m|[30;1mb[0m|[30;1mk[0m|[30;1mr[0m|| 8
[32;1m[Board] [0m   -------------------
[32;1m[Board] [0m 7 ||[30;1mr[0m|[30;1mp[0m| |[30;1mp[0m|[30;1mp[0m|[30;1mp[0m|[30;1mp[0m|[30;1mp[0m|| 7
[32;1m[Board] [0m   -------------------
[32;1m[Board] [0m 6 ||[7;1m [0m|[30;1mQ[0m|[7;1m [0m| |[7;1m [0m| |[7;1m [0m| || 6
[32;1m[Board] [0m   -------------------
[32;1m[Board] [0m 5 ||[30;1mp[0m|[7;1m [0m|[30;1mp[0m|[7;1m [0m| |[7;1m [0m| |[7;1m [0m|| 5
[32;1m[Board] [0m   -------------------
[32;1m[Board] [0m 4 ||[7;1m [0m| |[7;1m [0m| |[7;1m [0m| |[7;1m [0m| || 4
[32;1m[Board] [0m   -------------------
[32;1m[Board] [0m 3 || |[7;1m [0m|[0;1mk[0m|[0;1mp[0m| |[0;1mk[0m| |[0;1mp[0m|| 3
[32;1m[Board] [0m   -------------------
[32;1m[Board] [0m 2 ||[0;1mp[0m|[0;1mp[0m|[0;1mp[0m|[0;1mK[0m|[0;1mp[0m|[0;1mp[0m|[0;1mp[0m| || 2
[32;1m[Board] [0m   -------------------
[32;1m[Board] [0m 1 ||[0;1mr[0m|[7;1m [0m|[0;1mb[0m|[0;1mQ[0m| |[0;1mb[0m| |[0;1mr[0m|| 1
[32;1m[Board] [0m   -------------------
[32;1m[Board] [0m     a b c d e f g h
[32;1m[Board] [0m
[32;1m[Referee] [0mThis is the turn of the Black player...
[32;1m[Board] [0mInitializing board (size: 8)...
[32;1m[Board] [0m32 piece(s) on board.
[32;1m[Board] [0mLoading history file `stats/White/game-22/history.csv`...
[32;1m[Board] [0mLoaded 13 move(s).
[32;1m[Board] [0mHistory replayed, 32 piece(s) on board.
[32;1m[RandomPlayer] [0mComputing possible moves...
[32;1m[RandomPlayer] [0m32 possible move(s)
[32;1m[RandomPlayer] [0mPlaying random move 12 out of 32
[32;1m[Game] [0mPlayer's error code: 0
[32;1m[Game] [0mChecking move validity...
[32;1m[Board] [0mInitializing board (size: 8)...
[32;1m[Board] [0m32 piece(s) on board.
[32;1m[Board] [0mLoading history file `stats/White/game-22/history.csv`...
[32;1m[Board] [0mLoaded 13 move(s).
[32;1m[Board] [0mHistory replayed, 32 piece(s) on board.
[32;1m[Board] [0mLoading move file `stats/White/game-22/move.csv`...
[32;1m[Board] [0mBlack player is playing a7 to a6.
[32;1m[Board] [0m
[32;1m[Board] [0m     a b c d e f g h
[32;1m[Board] [0m   -------------------
[32;1m[Board] [0m 8 ||[7;1m [0m|[30;1mk[0m|[30;1mb[0m| |[30;1mK[0m|[30;1mb[0m|[30;1mk[0m|[30;1mr[0m|| 8
[32;1m[Board] [0m   -------------------
[32;1m[Board] [0m 7 || |[30;1mp[0m| |[30;1mp[0m|[30;1mp[0m|[30;1mp[0m|[30;1mp[0m|[30;1mp[0m|| 7
[32;1m[Board] [0m   -------------------
[32;1m[Board] [0m 6 ||[30;1mr[0m|[30;1mQ[0m|[7;1m [0m| |[7;1m [0m| |[7;1m [0m| || 6
[32;1m[Board] [0m   -------------------
[32;1m[Board] [0m 5 ||[30;1mp[0m|[7;1m [0m|[30;1mp[0m|[7;1m [0m| |[7;1m [0m| |[7;1m [0m|| 5
[32;1m[Board] [0m   -------------------
[32;1m[Board] [0m 4 ||[7;1m [0m| |[7;1m [0m| |[7;1m [0m| |[7;1m [0m| || 4
[32;1m[Board] [0m   -------------------
[32;1m[Board] [0m 3 || |[7;1m [0m|[0;1mk[0m|[0;1mp[0m| |[0;1mk[0m| |[0;1mp[0m|| 3
[32;1m[Board] [0m   -------------------
[32;1m[Board] [0m 2 ||[0;1mp[0m|[0;1mp[0m|[0;1mp[0m|[0;1mK[0m|[0;1mp[0m|[0;1mp[0m|[0;1mp[0m| || 2
[32;1m[Board] [0m   -------------------
[32;1m[Board] [0m 1 ||[0;1mr[0m|[7;1m [0m|[0;1mb[0m|[0;1mQ[0m| |[0;1mb[0m| |[0;1mr[0m|| 1
[32;1m[Board] [0m   -------------------
[32;1m[Board] [0m     a b c d e f g h
[32;1m[Board] [0m
[32;1m[Referee] [0mThis is the turn of the White player...
Time to list all moves : 4.8945e-05
Time to rank all moves : 9.642e-06
TIMEOUT! Time to search all moves : 9.41782
Time to list all moves : 1.3122e-05
Time to rank all moves : 8.903e-06
TIMEOUT! Time to search all moves : 4.27e-06
[32;1m[Game] [0mPlayer's error code: 0
[32;1m[Game] [0mChecking move validity...
[32;1m[Board] [0mInitializing board (size: 8)...
[32;1m[Board] [0m32 piece(s) on board.
[32;1m[Board] [0mLoading history file `stats/White/game-22/history.csv`...
[32;1m[Board] [0mLoaded 14 move(s).
[32;1m[Board] [0mHistory replayed, 32 piece(s) on board.
[32;1m[Board] [0mLoading move file `stats/White/game-22/move.csv`...
[32;1m[Board] [0mWhite player is playing a2 to a3.
[32;1m[Board] [0m
[32;1m[Board] [0m     a b c d e f g h
[32;1m[Board] [0m   -------------------
[32;1m[Board] [0m 8 ||[7;1m [0m|[30;1mk[0m|[30;1mb[0m| |[30;1mK[0m|[30;1mb[0m|[30;1mk[0m|[30;1mr[0m|| 8
[32;1m[Board] [0m   -------------------
[32;1m[Board] [0m 7 || |[30;1mp[0m| |[30;1mp[0m|[30;1mp[0m|[30;1mp[0m|[30;1mp[0m|[30;1mp[0m|| 7
[32;1m[Board] [0m   -------------------
[32;1m[Board] [0m 6 ||[30;1mr[0m|[30;1mQ[0m|[7;1m [0m| |[7;1m [0m| |[7;1m [0m| || 6
[32;1m[Board] [0m   -------------------
[32;1m[Board] [0m 5 ||[30;1mp[0m|[7;1m [0m|[30;1mp[0m|[7;1m [0m| |[7;1m [0m| |[7;1m [0m|| 5
[32;1m[Board] [0m   -------------------
[32;1m[Board] [0m 4 ||[7;1m [0m| |[7;1m [0m| |[7;1m [0m| |[7;1m [0m| || 4
[32;1m[Board] [0m   -------------------
[32;1m[Board] [0m 3 ||[0;1mp[0m|[7;1m [0m|[0;1mk[0m|[0;1mp[0m| |[0;1mk[0m| |[0;1mp[0m|| 3
[32;1m[Board] [0m   -------------------
[32;1m[Board] [0m 2 ||[7;1m [0m|[0;1mp[0m|[0;1mp[0m|[0;1mK[0m|[0;1mp[0m|[0;1mp[0m|[0;1mp[0m| || 2
[32;1m[Board] [0m   -------------------
[32;1m[Board] [0m 1 ||[0;1mr[0m|[7;1m [0m|[0;1mb[0m|[0;1mQ[0m| |[0;1mb[0m| |[0;1mr[0m|| 1
[32;1m[Board] [0m   -------------------
[32;1m[Board] [0m     a b c d e f g h
[32;1m[Board] [0m
[32;1m[Referee] [0mThis is the turn of the Black player...
[32;1m[Board] [0mInitializing board (size: 8)...
[32;1m[Board] [0m32 piece(s) on board.
[32;1m[Board] [0mLoading history file `stats/White/game-22/history.csv`...
[32;1m[Board] [0mLoaded 15 move(s).
[32;1m[Board] [0mHistory replayed, 32 piece(s) on board.
[32;1m[RandomPlayer] [0mComputing possible moves...
[32;1m[RandomPlayer] [0m31 possible move(s)
[32;1m[RandomPlayer] [0mPlaying random move 1 out of 31
[32;1m[Game] [0mPlayer's error code: 0
[32;1m[Game] [0mChecking move validity...
[32;1m[Board] [0mInitializing board (size: 8)...
[32;1m[Board] [0m32 piece(s) on board.
[32;1m[Board] [0mLoading history file `stats/White/game-22/history.csv`...
[32;1m[Board] [0mLoaded 15 move(s).
[32;1m[Board] [0mHistory replayed, 32 piece(s) on board.
[32;1m[Board] [0mLoading move file `stats/White/game-22/move.csv`...
[32;1m[Board] [0mBlack player is playing c5 to c4.
[32;1m[Board] [0m
[32;1m[Board] [0m     a b c d e f g h
[32;1m[Board] [0m   -------------------
[32;1m[Board] [0m 8 ||[7;1m [0m|[30;1mk[0m|[30;1mb[0m| |[30;1mK[0m|[30;1mb[0m|[30;1mk[0m|[30;1mr[0m|| 8
[32;1m[Board] [0m   -------------------
[32;1m[Board] [0m 7 || |[30;1mp[0m| |[30;1mp[0m|[30;1mp[0m|[30;1mp[0m|[30;1mp[0m|[30;1mp[0m|| 7
[32;1m[Board] [0m   -------------------
[32;1m[Board] [0m 6 ||[30;1mr[0m|[30;1mQ[0m|[7;1m [0m| |[7;1m [0m| |[7;1m [0m| || 6
[32;1m[Board] [0m   -------------------
[32;1m[Board] [0m 5 ||[30;1mp[0m|[7;1m [0m| |[7;1m [0m| |[7;1m [0m| |[7;1m [0m|| 5
[32;1m[Board] [0m   -------------------
[32;1m[Board] [0m 4 ||[7;1m [0m| |[30;1mp[0m| |[7;1m [0m| |[7;1m [0m| || 4
[32;1m[Board] [0m   -------------------
[32;1m[Board] [0m 3 ||[0;1mp[0m|[7;1m [0m|[0;1mk[0m|[0;1mp[0m| |[0;1mk[0m| |[0;1mp[0m|| 3
[32;1m[Board] [0m   -------------------
[32;1m[Board] [0m 2 ||[7;1m [0m|[0;1mp[0m|[0;1mp[0m|[0;1mK[0m|[0;1mp[0m|[0;1mp[0m|[0;1mp[0m| || 2
[32;1m[Board] [0m   -------------------
[32;1m[Board] [0m 1 ||[0;1mr[0m|[7;1m [0m|[0;1mb[0m|[0;1mQ[0m| |[0;1mb[0m| |[0;1mr[0m|| 1
[32;1m[Board] [0m   -------------------
[32;1m[Board] [0m     a b c d e f g h
[32;1m[Board] [0m
[32;1m[Referee] [0mThis is the turn of the White player...
Time to list all moves : 3.6801e-05
Time to rank all moves : 9.997e-06
TIMEOUT! Time to search all moves : 9.45446
Time to list all moves : 1.325e-05
Time to rank all moves : 9.529e-06
TIMEOUT! Time to search all moves : 4.365e-06
[32;1m[Game] [0mPlayer's error code: 0
[32;1m[Game] [0mChecking move validity...
[32;1m[Board] [0mInitializing board (size: 8)...
[32;1m[Board] [0m32 piece(s) on board.
[32;1m[Board] [0mLoading history file `stats/White/game-22/history.csv`...
[32;1m[Board] [0mLoaded 16 move(s).
[32;1m[Board] [0mHistory replayed, 32 piece(s) on board.
[32;1m[Board] [0mLoading move file `stats/White/game-22/move.csv`...
[32;1m[Board] [0mWhite player is playing c3 to d5.
[32;1m[Board] [0m
[32;1m[Board] [0m     a b c d e f g h
[32;1m[Board] [0m   -------------------
[32;1m[Board] [0m 8 ||[7;1m [0m|[30;1mk[0m|[30;1mb[0m| |[30;1mK[0m|[30;1mb[0m|[30;1mk[0m|[30;1mr[0m|| 8
[32;1m[Board] [0m   -------------------
[32;1m[Board] [0m 7 || |[30;1mp[0m| |[30;1mp[0m|[30;1mp[0m|[30;1mp[0m|[30;1mp[0m|[30;1mp[0m|| 7
[32;1m[Board] [0m   -------------------
[32;1m[Board] [0m 6 ||[30;1mr[0m|[30;1mQ[0m|[7;1m [0m| |[7;1m [0m| |[7;1m [0m| || 6
[32;1m[Board] [0m   -------------------
[32;1m[Board] [0m 5 ||[30;1mp[0m|[7;1m [0m| |[0;1mk[0m| |[7;1m [0m| |[7;1m [0m|| 5
[32;1m[Board] [0m   -------------------
[32;1m[Board] [0m 4 ||[7;1m [0m| |[30;1mp[0m| |[7;1m [0m| |[7;1m [0m| || 4
[32;1m[Board] [0m   -------------------
[32;1m[Board] [0m 3 ||[0;1mp[0m|[7;1m [0m| |[0;1mp[0m| |[0;1mk[0m| |[0;1mp[0m|| 3
[32;1m[Board] [0m   -------------------
[32;1m[Board] [0m 2 ||[7;1m [0m|[0;1mp[0m|[0;1mp[0m|[0;1mK[0m|[0;1mp[0m|[0;1mp[0m|[0;1mp[0m| || 2
[32;1m[Board] [0m   -------------------
[32;1m[Board] [0m 1 ||[0;1mr[0m|[7;1m [0m|[0;1mb[0m|[0;1mQ[0m| |[0;1mb[0m| |[0;1mr[0m|| 1
[32;1m[Board] [0m   -------------------
[32;1m[Board] [0m     a b c d e f g h
[32;1m[Board] [0m
[32;1m[Referee] [0mThis is the turn of the Black player...
[32;1m[Board] [0mInitializing board (size: 8)...
[32;1m[Board] [0m32 piece(s) on board.
[32;1m[Board] [0mLoading history file `stats/White/game-22/history.csv`...
[32;1m[Board] [0mLoaded 17 move(s).
[32;1m[Board] [0mHistory replayed, 32 piece(s) on board.
[32;1m[RandomPlayer] [0mComputing possible moves...
[32;1m[RandomPlayer] [0m35 possible move(s)
[32;1m[RandomPlayer] [0mPlaying random move 3 out of 35
[32;1m[Game] [0mPlayer's error code: 0
[32;1m[Game] [0mChecking move validity...
[32;1m[Board] [0mInitializing board (size: 8)...
[32;1m[Board] [0m32 piece(s) on board.
[32;1m[Board] [0mLoading history file `stats/White/game-22/history.csv`...
[32;1m[Board] [0mLoaded 17 move(s).
[32;1m[Board] [0mHistory replayed, 32 piece(s) on board.
[32;1m[Board] [0mLoading move file `stats/White/game-22/move.csv`...
[32;1m[Board] [0mBlack player is playing d7 to d6.
[32;1m[Board] [0m
[32;1m[Board] [0m     a b c d e f g h
[32;1m[Board] [0m   -------------------
[32;1m[Board] [0m 8 ||[7;1m [0m|[30;1mk[0m|[30;1mb[0m| |[30;1mK[0m|[30;1mb[0m|[30;1mk[0m|[30;1mr[0m|| 8
[32;1m[Board] [0m   -------------------
[32;1m[Board] [0m 7 || |[30;1mp[0m| |[7;1m [0m|[30;1mp[0m|[30;1mp[0m|[30;1mp[0m|[30;1mp[0m|| 7
[32;1m[Board] [0m   -------------------
[32;1m[Board] [0m 6 ||[30;1mr[0m|[30;1mQ[0m|[7;1m [0m|[30;1mp[0m|[7;1m [0m| |[7;1m [0m| || 6
[32;1m[Board] [0m   -------------------
[32;1m[Board] [0m 5 ||[30;1mp[0m|[7;1m [0m| |[0;1mk[0m| |[7;1m [0m| |[7;1m [0m|| 5
[32;1m[Board] [0m   -------------------
[32;1m[Board] [0m 4 ||[7;1m [0m| |[30;1mp[0m| |[7;1m [0m| |[7;1m [0m| || 4
[32;1m[Board] [0m   -------------------
[32;1m[Board] [0m 3 ||[0;1mp[0m|[7;1m [0m| |[0;1mp[0m| |[0;1mk[0m| |[0;1mp[0m|| 3
[32;1m[Board] [0m   -------------------
[32;1m[Board] [0m 2 ||[7;1m [0m|[0;1mp[0m|[0;1mp[0m|[0;1mK[0m|[0;1mp[0m|[0;1mp[0m|[0;1mp[0m| || 2
[32;1m[Board] [0m   -------------------
[32;1m[Board] [0m 1 ||[0;1mr[0m|[7;1m [0m|[0;1mb[0m|[0;1mQ[0m| |[0;1mb[0m| |[0;1mr[0m|| 1
[32;1m[Board] [0m   -------------------
[32;1m[Board] [0m     a b c d e f g h
[32;1m[Board] [0m
[32;1m[Referee] [0mThis is the turn of the White player...
Time to list all moves : 4.4197e-05
Time to rank all moves : 1.2466e-05
TIMEOUT! Time to search all moves : 9.43132
Time to list all moves : 1.2492e-05
Time to rank all moves : 1.1341e-05
TIMEOUT! Time to search all moves : 4.241e-06
[32;1m[Game] [0mPlayer's error code: 0
[32;1m[Game] [0mChecking move validity...
[32;1m[Board] [0mInitializing board (size: 8)...
[32;1m[Board] [0m32 piece(s) on board.
[32;1m[Board] [0mLoading history file `stats/White/game-22/history.csv`...
[32;1m[Board] [0mLoaded 18 move(s).
[32;1m[Board] [0mHistory replayed, 32 piece(s) on board.
[32;1m[Board] [0mLoading move file `stats/White/game-22/move.csv`...
[32;1m[Board] [0mWhite player is playing d5 to b6.
[32;1m[Board] [0m[5;1mWhite Knight is taking Black Queen.[0m
[32;1m[Board] [0m
[32;1m[Board] [0m     a b c d e f g h
[32;1m[Board] [0m   -------------------
[32;1m[Board] [0m 8 ||[7;1m [0m|[30;1mk[0m|[30;1mb[0m| |[30;1mK[0m|[30;1mb[0m|[30;1mk[0m|[30;1mr[0m|| 8
[32;1m[Board] [0m   -------------------
[32;1m[Board] [0m 7 || |[30;1mp[0m| |[7;1m [0m|[30;1mp[0m|[30;1mp[0m|[30;1mp[0m|[30;1mp[0m|| 7
[32;1m[Board] [0m   -------------------
[32;1m[Board] [0m 6 ||[30;1mr[0m|[0;1mk[0m|[7;1m [0m|[30;1mp[0m|[7;1m [0m| |[7;1m [0m| || 6
[32;1m[Board] [0m   -------------------
[32;1m[Board] [0m 5 ||[30;1mp[0m|[7;1m [0m| |[7;1m [0m| |[7;1m [0m| |[7;1m [0m|| 5
[32;1m[Board] [0m   -------------------
[32;1m[Board] [0m 4 ||[7;1m [0m| |[30;1mp[0m| |[7;1m [0m| |[7;1m [0m| || 4
[32;1m[Board] [0m   -------------------
[32;1m[Board] [0m 3 ||[0;1mp[0m|[7;1m [0m| |[0;1mp[0m| |[0;1mk[0m| |[0;1mp[0m|| 3
[32;1m[Board] [0m   -------------------
[32;1m[Board] [0m 2 ||[7;1m [0m|[0;1mp[0m|[0;1mp[0m|[0;1mK[0m|[0;1mp[0m|[0;1mp[0m|[0;1mp[0m| || 2
[32;1m[Board] [0m   -------------------
[32;1m[Board] [0m 1 ||[0;1mr[0m|[7;1m [0m|[0;1mb[0m|[0;1mQ[0m| |[0;1mb[0m| |[0;1mr[0m|| 1
[32;1m[Board] [0m   -------------------
[32;1m[Board] [0m     a b c d e f g h
[32;1m[Board] [0m
[32;1m[Referee] [0mThis is the turn of the Black player...
[32;1m[Board] [0mInitializing board (size: 8)...
[32;1m[Board] [0m32 piece(s) on board.
[32;1m[Board] [0mLoading history file `stats/White/game-22/history.csv`...
[32;1m[Board] [0mLoaded 19 move(s).
[32;1m[Board] [0mHistory replayed, 31 piece(s) on board.
[32;1m[RandomPlayer] [0mComputing possible moves...
[32;1m[RandomPlayer] [0m25 possible move(s)
[32;1m[RandomPlayer] [0mPlaying random move 8 out of 25
[32;1m[Game] [0mPlayer's error code: 0
[32;1m[Game] [0mChecking move validity...
[32;1m[Board] [0mInitializing board (size: 8)...
[32;1m[Board] [0m32 piece(s) on board.
[32;1m[Board] [0mLoading history file `stats/White/game-22/history.csv`...
[32;1m[Board] [0mLoaded 19 move(s).
[32;1m[Board] [0mHistory replayed, 31 piece(s) on board.
[32;1m[Board] [0mLoading move file `stats/White/game-22/move.csv`...
[32;1m[Board] [0mBlack player is playing g7 to g6.
[32;1m[Board] [0m
[32;1m[Board] [0m     a b c d e f g h
[32;1m[Board] [0m   -------------------
[32;1m[Board] [0m 8 ||[7;1m [0m|[30;1mk[0m|[30;1mb[0m| |[30;1mK[0m|[30;1mb[0m|[30;1mk[0m|[30;1mr[0m|| 8
[32;1m[Board] [0m   -------------------
[32;1m[Board] [0m 7 || |[30;1mp[0m| |[7;1m [0m|[30;1mp[0m|[30;1mp[0m| |[30;1mp[0m|| 7
[32;1m[Board] [0m   -------------------
[32;1m[Board] [0m 6 ||[30;1mr[0m|[0;1mk[0m|[7;1m [0m|[30;1mp[0m|[7;1m [0m| |[30;1mp[0m| || 6
[32;1m[Board] [0m   -------------------
[32;1m[Board] [0m 5 ||[30;1mp[0m|[7;1m [0m| |[7;1m [0m| |[7;1m [0m| |[7;1m [0m|| 5
[32;1m[Board] [0m   -------------------
[32;1m[Board] [0m 4 ||[7;1m [0m| |[30;1mp[0m| |[7;1m [0m| |[7;1m [0m| || 4
[32;1m[Board] [0m   -------------------
[32;1m[Board] [0m 3 ||[0;1mp[0m|[7;1m [0m| |[0;1mp[0m| |[0;1mk[0m| |[0;1mp[0m|| 3
[32;1m[Board] [0m   -------------------
[32;1m[Board] [0m 2 ||[7;1m [0m|[0;1mp[0m|[0;1mp[0m|[0;1mK[0m|[0;1mp[0m|[0;1mp[0m|[0;1mp[0m| || 2
[32;1m[Board] [0m   -------------------
[32;1m[Board] [0m 1 ||[0;1mr[0m|[7;1m [0m|[0;1mb[0m|[0;1mQ[0m| |[0;1mb[0m| |[0;1mr[0m|| 1
[32;1m[Board] [0m   -------------------
[32;1m[Board] [0m     a b c d e f g h
[32;1m[Board] [0m
[32;1m[Referee] [0mThis is the turn of the White player...
Time to list all moves : 3.6237e-05
Time to rank all moves : 1.2479e-05
Time to search all moves : 8.28499
Time to store TT : 1.36e-07
Time to list all moves : 1.2904e-05
Time to rank all moves : 1.1794e-05
TIMEOUT! Time to search all moves : 1.17573
[32;1m[Game] [0mPlayer's error code: 0
[32;1m[Game] [0mChecking move validity...
[32;1m[Board] [0mInitializing board (size: 8)...
[32;1m[Board] [0m32 piece(s) on board.
[32;1m[Board] [0mLoading history file `stats/White/game-22/history.csv`...
[32;1m[Board] [0mLoaded 20 move(s).
[32;1m[Board] [0mHistory replayed, 31 piece(s) on board.
[32;1m[Board] [0mLoading move file `stats/White/game-22/move.csv`...
[32;1m[Board] [0mWhite player is playing b6 to c8.
[32;1m[Board] [0m[5;1mWhite Knight is taking Black Bishop.[0m
[32;1m[Board] [0m
[32;1m[Board] [0m     a b c d e f g h
[32;1m[Board] [0m   -------------------
[32;1m[Board] [0m 8 ||[7;1m [0m|[30;1mk[0m|[0;1mk[0m| |[30;1mK[0m|[30;1mb[0m|[30;1mk[0m|[30;1mr[0m|| 8
[32;1m[Board] [0m   -------------------
[32;1m[Board] [0m 7 || |[30;1mp[0m| |[7;1m [0m|[30;1mp[0m|[30;1mp[0m| |[30;1mp[0m|| 7
[32;1m[Board] [0m   -------------------
[32;1m[Board] [0m 6 ||[30;1mr[0m| |[7;1m [0m|[30;1mp[0m|[7;1m [0m| |[30;1mp[0m| || 6
[32;1m[Board] [0m   -------------------
[32;1m[Board] [0m 5 ||[30;1mp[0m|[7;1m [0m| |[7;1m [0m| |[7;1m [0m| |[7;1m [0m|| 5
[32;1m[Board] [0m   -------------------
[32;1m[Board] [0m 4 ||[7;1m [0m| |[30;1mp[0m| |[7;1m [0m| |[7;1m [0m| || 4
[32;1m[Board] [0m   -------------------
[32;1m[Board] [0m 3 ||[0;1mp[0m|[7;1m [0m| |[0;1mp[0m| |[0;1mk[0m| |[0;1mp[0m|| 3
[32;1m[Board] [0m   -------------------
[32;1m[Board] [0m 2 ||[7;1m [0m|[0;1mp[0m|[0;1mp[0m|[0;1mK[0m|[0;1mp[0m|[0;1mp[0m|[0;1mp[0m| || 2
[32;1m[Board] [0m   -------------------
[32;1m[Board] [0m 1 ||[0;1mr[0m|[7;1m [0m|[0;1mb[0m|[0;1mQ[0m| |[0;1mb[0m| |[0;1mr[0m|| 1
[32;1m[Board] [0m   -------------------
[32;1m[Board] [0m     a b c d e f g h
[32;1m[Board] [0m
[32;1m[Referee] [0mThis is the turn of the Black player...
[32;1m[Board] [0mInitializing board (size: 8)...
[32;1m[Board] [0m32 piece(s) on board.
[32;1m[Board] [0mLoading history file `stats/White/game-22/history.csv`...
[32;1m[Board] [0mLoaded 21 move(s).
[32;1m[Board] [0mHistory replayed, 30 piece(s) on board.
[32;1m[RandomPlayer] [0mComputing possible moves...
[32;1m[RandomPlayer] [0m25 possible move(s)
[32;1m[RandomPlayer] [0mPlaying random move 3 out of 25
[32;1m[Game] [0mPlayer's error code: 0
[32;1m[Game] [0mChecking move validity...
[32;1m[Board] [0mInitializing board (size: 8)...
[32;1m[Board] [0m32 piece(s) on board.
[32;1m[Board] [0mLoading history file `stats/White/game-22/history.csv`...
[32;1m[Board] [0mLoaded 21 move(s).
[32;1m[Board] [0mHistory replayed, 30 piece(s) on board.
[32;1m[Board] [0mLoading move file `stats/White/game-22/move.csv`...
[32;1m[Board] [0mBlack player is playing c4 to c3.
[32;1m[Board] [0m
[32;1m[Board] [0m     a b c d e f g h
[32;1m[Board] [0m   -------------------
[32;1m[Board] [0m 8 ||[7;1m [0m|[30;1mk[0m|[0;1mk[0m| |[30;1mK[0m|[30;1mb[0m|[30;1mk[0m|[30;1mr[0m|| 8
[32;1m[Board] [0m   -------------------
[32;1m[Board] [0m 7 || |[30;1mp[0m| |[7;1m [0m|[30;1mp[0m|[30;1mp[0m| |[30;1mp[0m|| 7
[32;1m[Board] [0m   -------------------
[32;1m[Board] [0m 6 ||[30;1mr[0m| |[7;1m [0m|[30;1mp[0m|[7;1m [0m| |[30;1mp[0m| || 6
[32;1m[Board] [0m   -------------------
[32;1m[Board] [0m 5 ||[30;1mp[0m|[7;1m [0m| |[7;1m [0m| |[7;1m [0m| |[7;1m [0m|| 5
[32;1m[Board] [0m   -------------------
[32;1m[Board] [0m 4 ||[7;1m [0m| |[7;1m [0m| |[7;1m [0m| |[7;1m [0m| || 4
[32;1m[Board] [0m   -------------------
[32;1m[Board] [0m 3 ||[0;1mp[0m|[7;1m [0m|[30;1mp[0m|[0;1mp[0m| |[0;1mk[0m| |[0;1mp[0m|| 3
[32;1m[Board] [0m   -------------------
[32;1m[Board] [0m 2 ||[7;1m [0m|[0;1mp[0m|[0;1mp[0m|[0;1mK[0m|[0;1mp[0m|[0;1mp[0m|[0;1mp[0m| || 2
[32;1m[Board] [0m   -------------------
[32;1m[Board] [0m 1 ||[0;1mr[0m|[7;1m [0m|[0;1mb[0m|[0;1mQ[0m| |[0;1mb[0m| |[0;1mr[0m|| 1
[32;1m[Board] [0m   -------------------
[32;1m[Board] [0m     a b c d e f g h
[32;1m[Board] [0m
[32;1m[Referee] [0mThis is the turn of the White player...
Time to list all moves : 2.9829e-05
Time to rank all moves : 1.0905e-05
Time to search all moves : 1.27207
Time to store TT : 1.56e-07
Time to list all moves : 9.907e-06
Time to rank all moves : 9.811e-06
Time to search all moves : 5.11823
Time to store TT : 1.96e-07
Time to list all moves : 9.936e-06
Time to rank all moves : 9.792e-06
TIMEOUT! Time to search all moves : 3.07038
[32;1m[Game] [0mPlayer's error code: 0
[32;1m[Game] [0mChecking move validity...
[32;1m[Board] [0mInitializing board (size: 8)...
[32;1m[Board] [0m32 piece(s) on board.
[32;1m[Board] [0mLoading history file `stats/White/game-22/history.csv`...
[32;1m[Board] [0mLoaded 22 move(s).
[32;1m[Board] [0mHistory replayed, 30 piece(s) on board.
[32;1m[Board] [0mLoading move file `stats/White/game-22/move.csv`...
[32;1m[Board] [0mWhite player is playing b2 to c3.
[32;1m[Board] [0m[5;1mWhite Pawn is taking Black Pawn.[0m
[32;1m[Board] [0m
[32;1m[Board] [0m     a b c d e f g h
[32;1m[Board] [0m   -------------------
[32;1m[Board] [0m 8 ||[7;1m [0m|[30;1mk[0m|[0;1mk[0m| |[30;1mK[0m|[30;1mb[0m|[30;1mk[0m|[30;1mr[0m|| 8
[32;1m[Board] [0m   -------------------
[32;1m[Board] [0m 7 || |[30;1mp[0m| |[7;1m [0m|[30;1mp[0m|[30;1mp[0m| |[30;1mp[0m|| 7
[32;1m[Board] [0m   -------------------
[32;1m[Board] [0m 6 ||[30;1mr[0m| |[7;1m [0m|[30;1mp[0m|[7;1m [0m| |[30;1mp[0m| || 6
[32;1m[Board] [0m   -------------------
[32;1m[Board] [0m 5 ||[30;1mp[0m|[7;1m [0m| |[7;1m [0m| |[7;1m [0m| |[7;1m [0m|| 5
[32;1m[Board] [0m   -------------------
[32;1m[Board] [0m 4 ||[7;1m [0m| |[7;1m [0m| |[7;1m [0m| |[7;1m [0m| || 4
[32;1m[Board] [0m   -------------------
[32;1m[Board] [0m 3 ||[0;1mp[0m|[7;1m [0m|[0;1mp[0m|[0;1mp[0m| |[0;1mk[0m| |[0;1mp[0m|| 3
[32;1m[Board] [0m   -------------------
[32;1m[Board] [0m 2 ||[7;1m [0m| |[0;1mp[0m|[0;1mK[0m|[0;1mp[0m|[0;1mp[0m|[0;1mp[0m| || 2
[32;1m[Board] [0m   -------------------
[32;1m[Board] [0m 1 ||[0;1mr[0m|[7;1m [0m|[0;1mb[0m|[0;1mQ[0m| |[0;1mb[0m| |[0;1mr[0m|| 1
[32;1m[Board] [0m   -------------------
[32;1m[Board] [0m     a b c d e f g h
[32;1m[Board] [0m
[32;1m[Referee] [0mThis is the turn of the Black player...
[32;1m[Board] [0mInitializing board (size: 8)...
[32;1m[Board] [0m32 piece(s) on board.
[32;1m[Board] [0mLoading history file `stats/White/game-22/history.csv`...
[32;1m[Board] [0mLoaded 23 move(s).
[32;1m[Board] [0mHistory replayed, 29 piece(s) on board.
[32;1m[RandomPlayer] [0mComputing possible moves...
[32;1m[RandomPlayer] [0m23 possible move(s)
[32;1m[RandomPlayer] [0mPlaying random move 16 out of 23
[32;1m[Game] [0mPlayer's error code: 0
[32;1m[Game] [0mChecking move validity...
[32;1m[Board] [0mInitializing board (size: 8)...
[32;1m[Board] [0m32 piece(s) on board.
[32;1m[Board] [0mLoading history file `stats/White/game-22/history.csv`...
[32;1m[Board] [0mLoaded 23 move(s).
[32;1m[Board] [0mHistory replayed, 29 piece(s) on board.
[32;1m[Board] [0mLoading move file `stats/White/game-22/move.csv`...
[32;1m[Board] [0mBlack player is playing b8 to c6.
[32;1m[Board] [0m
[32;1m[Board] [0m     a b c d e f g h
[32;1m[Board] [0m   -------------------
[32;1m[Board] [0m 8 ||[7;1m [0m| |[0;1mk[0m| |[30;1mK[0m|[30;1mb[0m|[30;1mk[0m|[30;1mr[0m|| 8
[32;1m[Board] [0m   -------------------
[32;1m[Board] [0m 7 || |[30;1mp[0m| |[7;1m [0m|[30;1mp[0m|[30;1mp[0m| |[30;1mp[0m|| 7
[32;1m[Board] [0m   -------------------
[32;1m[Board] [0m 6 ||[30;1mr[0m| |[30;1mk[0m|[30;1mp[0m|[7;1m [0m| |[30;1mp[0m| || 6
[32;1m[Board] [0m   -------------------
[32;1m[Board] [0m 5 ||[30;1mp[0m|[7;1m [0m| |[7;1m [0m| |[7;1m [0m| |[7;1m [0m|| 5
[32;1m[Board] [0m   -------------------
[32;1m[Board] [0m 4 ||[7;1m [0m| |[7;1m [0m| |[7;1m [0m| |[7;1m [0m| || 4
[32;1m[Board] [0m   -------------------
[32;1m[Board] [0m 3 ||[0;1mp[0m|[7;1m [0m|[0;1mp[0m|[0;1mp[0m| |[0;1mk[0m| |[0;1mp[0m|| 3
[32;1m[Board] [0m   -------------------
[32;1m[Board] [0m 2 ||[7;1m [0m| |[0;1mp[0m|[0;1mK[0m|[0;1mp[0m|[0;1mp[0m|[0;1mp[0m| || 2
[32;1m[Board] [0m   -------------------
[32;1m[Board] [0m 1 ||[0;1mr[0m|[7;1m [0m|[0;1mb[0m|[0;1mQ[0m| |[0;1mb[0m| |[0;1mr[0m|| 1
[32;1m[Board] [0m   -------------------
[32;1m[Board] [0m     a b c d e f g h
[32;1m[Board] [0m
[32;1m[Referee] [0mThis is the turn of the White player...
Time to list all moves : 3.3832e-05
Time to rank all moves : 9.569e-06
Time to search all moves : 6.13863
Time to store TT : 1.62e-07
Time to list all moves : 1.2746e-05
Time to rank all moves : 9.204e-06
TIMEOUT! Time to search all moves : 3.32252
[32;1m[Game] [0mPlayer's error code: 0
[32;1m[Game] [0mChecking move validity...
[32;1m[Board] [0mInitializing board (size: 8)...
[32;1m[Board] [0m32 piece(s) on board.
[32;1m[Board] [0mLoading history file `stats/White/game-22/history.csv`...
[32;1m[Board] [0mLoaded 24 move(s).
[32;1m[Board] [0mHistory replayed, 29 piece(s) on board.
[32;1m[Board] [0mLoading move file `stats/White/game-22/move.csv`...
[32;1m[Board] [0mWhite player is playing a1 to b1.
[32;1m[Board] [0m
[32;1m[Board] [0m     a b c d e f g h
[32;1m[Board] [0m   -------------------
[32;1m[Board] [0m 8 ||[7;1m [0m| |[0;1mk[0m| |[30;1mK[0m|[30;1mb[0m|[30;1mk[0m|[30;1mr[0m|| 8
[32;1m[Board] [0m   -------------------
[32;1m[Board] [0m 7 || |[30;1mp[0m| |[7;1m [0m|[30;1mp[0m|[30;1mp[0m| |[30;1mp[0m|| 7
[32;1m[Board] [0m   -------------------
[32;1m[Board] [0m 6 ||[30;1mr[0m| |[30;1mk[0m|[30;1mp[0m|[7;1m [0m| |[30;1mp[0m| || 6
[32;1m[Board] [0m   -------------------
[32;1m[Board] [0m 5 ||[30;1mp[0m|[7;1m [0m| |[7;1m [0m| |[7;1m [0m| |[7;1m [0m|| 5
[32;1m[Board] [0m   -------------------
[32;1m[Board] [0m 4 ||[7;1m [0m| |[7;1m [0m| |[7;1m [0m| |[7;1m [0m| || 4
[32;1m[Board] [0m   -------------------
[32;1m[Board] [0m 3 ||[0;1mp[0m|[7;1m [0m|[0;1mp[0m|[0;1mp[0m| |[0;1mk[0m| |[0;1mp[0m|| 3
[32;1m[Board] [0m   -------------------
[32;1m[Board] [0m 2 ||[7;1m [0m| |[0;1mp[0m|[0;1mK[0m|[0;1mp[0m|[0;1mp[0m|[0;1mp[0m| || 2
[32;1m[Board] [0m   -------------------
[32;1m[Board] [0m 1 || |[0;1mr[0m|[0;1mb[0m|[0;1mQ[0m| |[0;1mb[0m| |[0;1mr[0m|| 1
[32;1m[Board] [0m   -------------------
[32;1m[Board] [0m     a b c d e f g h
[32;1m[Board] [0m
[32;1m[Referee] [0mThis is the turn of the Black player...
[32;1m[Board] [0mInitializing board (size: 8)...
[32;1m[Board] [0m32 piece(s) on board.
[32;1m[Board] [0mLoading history file `stats/White/game-22/history.csv`...
[32;1m[Board] [0mLoaded 25 move(s).
[32;1m[Board] [0mHistory replayed, 29 piece(s) on board.
[32;1m[RandomPlayer] [0mComputing possible moves...
[32;1m[RandomPlayer] [0m26 possible move(s)
[32;1m[RandomPlayer] [0mPlaying random move 3 out of 26
[32;1m[Game] [0mPlayer's error code: 0
[32;1m[Game] [0mChecking move validity...
[32;1m[Board] [0mInitializing board (size: 8)...
[32;1m[Board] [0m32 piece(s) on board.
[32;1m[Board] [0mLoading history file `stats/White/game-22/history.csv`...
[32;1m[Board] [0mLoaded 25 move(s).
[32;1m[Board] [0mHistory replayed, 29 piece(s) on board.
[32;1m[Board] [0mLoading move file `stats/White/game-22/move.csv`...
[32;1m[Board] [0mBlack player is playing d6 to d5.
[32;1m[Board] [0m
[32;1m[Board] [0m     a b c d e f g h
[32;1m[Board] [0m   -------------------
[32;1m[Board] [0m 8 ||[7;1m [0m| |[0;1mk[0m| |[30;1mK[0m|[30;1mb[0m|[30;1mk[0m|[30;1mr[0m|| 8
[32;1m[Board] [0m   -------------------
[32;1m[Board] [0m 7 || |[30;1mp[0m| |[7;1m [0m|[30;1mp[0m|[30;1mp[0m| |[30;1mp[0m|| 7
[32;1m[Board] [0m   -------------------
[32;1m[Board] [0m 6 ||[30;1mr[0m| |[30;1mk[0m| |[7;1m [0m| |[30;1mp[0m| || 6
[32;1m[Board] [0m   -------------------
[32;1m[Board] [0m 5 ||[30;1mp[0m|[7;1m [0m| |[30;1mp[0m| |[7;1m [0m| |[7;1m [0m|| 5
[32;1m[Board] [0m   -------------------
[32;1m[Board] [0m 4 ||[7;1m [0m| |[7;1m [0m| |[7;1m [0m| |[7;1m [0m| || 4
[32;1m[Board] [0m   -------------------
[32;1m[Board] [0m 3 ||[0;1mp[0m|[7;1m [0m|[0;1mp[0m|[0;1mp[0m| |[0;1mk[0m| |[0;1mp[0m|| 3
[32;1m[Board] [0m   -------------------
[32;1m[Board] [0m 2 ||[7;1m [0m| |[0;1mp[0m|[0;1mK[0m|[0;1mp[0m|[0;1mp[0m|[0;1mp[0m| || 2
[32;1m[Board] [0m   -------------------
[32;1m[Board] [0m 1 || |[0;1mr[0m|[0;1mb[0m|[0;1mQ[0m| |[0;1mb[0m| |[0;1mr[0m|| 1
[32;1m[Board] [0m   -------------------
[32;1m[Board] [0m     a b c d e f g h
[32;1m[Board] [0m
[32;1m[Referee] [0mThis is the turn of the White player...
Time to list all moves : 4.5706e-05
Time to rank all moves : 1.1286e-05
TIMEOUT! Time to search all moves : 9.46078
Time to list all moves : 1.2618e-05
Time to rank all moves : 9.667e-06
TIMEOUT! Time to search all moves : 4.093e-06
[32;1m[Game] [0mPlayer's error code: 0
[32;1m[Game] [0mChecking move validity...
[32;1m[Board] [0mInitializing board (size: 8)...
[32;1m[Board] [0m32 piece(s) on board.
[32;1m[Board] [0mLoading history file `stats/White/game-22/history.csv`...
[32;1m[Board] [0mLoaded 26 move(s).
[32;1m[Board] [0mHistory replayed, 29 piece(s) on board.
[32;1m[Board] [0mLoading move file `stats/White/game-22/move.csv`...
[32;1m[Board] [0mWhite player is playing b1 to b7.
[32;1m[Board] [0m[5;1mWhite Rook is taking Black Pawn.[0m
[32;1m[Board] [0m
[32;1m[Board] [0m     a b c d e f g h
[32;1m[Board] [0m   -------------------
[32;1m[Board] [0m 8 ||[7;1m [0m| |[0;1mk[0m| |[30;1mK[0m|[30;1mb[0m|[30;1mk[0m|[30;1mr[0m|| 8
[32;1m[Board] [0m   -------------------
[32;1m[Board] [0m 7 || |[0;1mr[0m| |[7;1m [0m|[30;1mp[0m|[30;1mp[0m| |[30;1mp[0m|| 7
[32;1m[Board] [0m   -------------------
[32;1m[Board] [0m 6 ||[30;1mr[0m| |[30;1mk[0m| |[7;1m [0m| |[30;1mp[0m| || 6
[32;1m[Board] [0m   -------------------
[32;1m[Board] [0m 5 ||[30;1mp[0m|[7;1m [0m| |[30;1mp[0m| |[7;1m [0m| |[7;1m [0m|| 5
[32;1m[Board] [0m   -------------------
[32;1m[Board] [0m 4 ||[7;1m [0m| |[7;1m [0m| |[7;1m [0m| |[7;1m [0m| || 4
[32;1m[Board] [0m   -------------------
[32;1m[Board] [0m 3 ||[0;1mp[0m|[7;1m [0m|[0;1mp[0m|[0;1mp[0m| |[0;1mk[0m| |[0;1mp[0m|| 3
[32;1m[Board] [0m   -------------------
[32;1m[Board] [0m 2 ||[7;1m [0m| |[0;1mp[0m|[0;1mK[0m|[0;1mp[0m|[0;1mp[0m|[0;1mp[0m| || 2
[32;1m[Board] [0m   -------------------
[32;1m[Board] [0m 1 || |[7;1m [0m|[0;1mb[0m|[0;1mQ[0m| |[0;1mb[0m| |[0;1mr[0m|| 1
[32;1m[Board] [0m   -------------------
[32;1m[Board] [0m     a b c d e f g h
[32;1m[Board] [0m
[32;1m[Referee] [0mThis is the turn of the Black player...
[32;1m[Board] [0mInitializing board (size: 8)...
[32;1m[Board] [0m32 piece(s) on board.
[32;1m[Board] [0mLoading history file `stats/White/game-22/history.csv`...
[32;1m[Board] [0mLoaded 27 move(s).
[32;1m[Board] [0mHistory replayed, 28 piece(s) on board.
[32;1m[RandomPlayer] [0mComputing possible moves...
[32;1m[RandomPlayer] [0m23 possible move(s)
[32;1m[RandomPlayer] [0mPlaying random move 0 out of 23
[32;1m[Game] [0mPlayer's error code: 0
[32;1m[Game] [0mChecking move validity...
[32;1m[Board] [0mInitializing board (size: 8)...
[32;1m[Board] [0m32 piece(s) on board.
[32;1m[Board] [0mLoading history file `stats/White/game-22/history.csv`...
[32;1m[Board] [0mLoaded 27 move(s).
[32;1m[Board] [0mHistory replayed, 28 piece(s) on board.
[32;1m[Board] [0mLoading move file `stats/White/game-22/move.csv`...
[32;1m[Board] [0mBlack player is playing a5 to a4.
[32;1m[Board] [0m
[32;1m[Board] [0m     a b c d e f g h
[32;1m[Board] [0m   -------------------
[32;1m[Board] [0m 8 ||[7;1m [0m| |[0;1mk[0m| |[30;1mK[0m|[30;1mb[0m|[30;1mk[0m|[30;1mr[0m|| 8
[32;1m[Board] [0m   -------------------
[32;1m[Board] [0m 7 || |[0;1mr[0m| |[7;1m [0m|[30;1mp[0m|[30;1mp[0m| |[30;1mp[0m|| 7
[32;1m[Board] [0m   -------------------
[32;1m[Board] [0m 6 ||[30;1mr[0m| |[30;1mk[0m| |[7;1m [0m| |[30;1mp[0m| || 6
[32;1m[Board] [0m   -------------------
[32;1m[Board] [0m 5 || |[7;1m [0m| |[30;1mp[0m| |[7;1m [0m| |[7;1m [0m|| 5
[32;1m[Board] [0m   -------------------
[32;1m[Board] [0m 4 ||[30;1mp[0m| |[7;1m [0m| |[7;1m [0m| |[7;1m [0m| || 4
[32;1m[Board] [0m   -------------------
[32;1m[Board] [0m 3 ||[0;1mp[0m|[7;1m [0m|[0;1mp[0m|[0;1mp[0m| |[0;1mk[0m| |[0;1mp[0m|| 3
[32;1m[Board] [0m   -------------------
[32;1m[Board] [0m 2 ||[7;1m [0m| |[0;1mp[0m|[0;1mK[0m|[0;1mp[0m|[0;1mp[0m|[0;1mp[0m| || 2
[32;1m[Board] [0m   -------------------
[32;1m[Board] [0m 1 || |[7;1m [0m|[0;1mb[0m|[0;1mQ[0m| |[0;1mb[0m| |[0;1mr[0m|| 1
[32;1m[Board] [0m   -------------------
[32;1m[Board] [0m     a b c d e f g h
[32;1m[Board] [0m
[32;1m[Referee] [0mThis is the turn of the White player...
Time to list all moves : 4.3121e-05
Time to rank all moves : 1.401e-05
TIMEOUT! Time to search all moves : 9.46116
Time to list all moves : 1.278e-05
Time to rank all moves : 1.2229e-05
TIMEOUT! Time to search all moves : 3.92e-06
[32;1m[Game] [0mPlayer's error code: 0
[32;1m[Game] [0mChecking move validity...
[32;1m[Board] [0mInitializing board (size: 8)...
[32;1m[Board] [0m32 piece(s) on board.
[32;1m[Board] [0mLoading history file `stats/White/game-22/history.csv`...
[32;1m[Board] [0mLoaded 28 move(s).
[32;1m[Board] [0mHistory replayed, 28 piece(s) on board.
[32;1m[Board] [0mLoading move file `stats/White/game-22/move.csv`...
[32;1m[Board] [0mWhite player is playing b7 to b6.
[32;1m[Board] [0m
[32;1m[Board] [0m     a b c d e f g h
[32;1m[Board] [0m   -------------------
[32;1m[Board] [0m 8 ||[7;1m [0m| |[0;1mk[0m| |[30;1mK[0m|[30;1mb[0m|[30;1mk[0m|[30;1mr[0m|| 8
[32;1m[Board] [0m   -------------------
[32;1m[Board] [0m 7 || |[7;1m [0m| |[7;1m [0m|[30;1mp[0m|[30;1mp[0m| |[30;1mp[0m|| 7
[32;1m[Board] [0m   -------------------
[32;1m[Board] [0m 6 ||[30;1mr[0m|[0;1mr[0m|[30;1mk[0m| |[7;1m [0m| |[30;1mp[0m| || 6
[32;1m[Board] [0m   -------------------
[32;1m[Board] [0m 5 || |[7;1m [0m| |[30;1mp[0m| |[7;1m [0m| |[7;1m [0m|| 5
[32;1m[Board] [0m   -------------------
[32;1m[Board] [0m 4 ||[30;1mp[0m| |[7;1m [0m| |[7;1m [0m| |[7;1m [0m| || 4
[32;1m[Board] [0m   -------------------
[32;1m[Board] [0m 3 ||[0;1mp[0m|[7;1m [0m|[0;1mp[0m|[0;1mp[0m| |[0;1mk[0m| |[0;1mp[0m|| 3
[32;1m[Board] [0m   -------------------
[32;1m[Board] [0m 2 ||[7;1m [0m| |[0;1mp[0m|[0;1mK[0m|[0;1mp[0m|[0;1mp[0m|[0;1mp[0m| || 2
[32;1m[Board] [0m   -------------------
[32;1m[Board] [0m 1 || |[7;1m [0m|[0;1mb[0m|[0;1mQ[0m| |[0;1mb[0m| |[0;1mr[0m|| 1
[32;1m[Board] [0m   -------------------
[32;1m[Board] [0m     a b c d e f g h
[32;1m[Board] [0m
[32;1m[Referee] [0mThis is the turn of the Black player...
[32;1m[Board] [0mInitializing board (size: 8)...
[32;1m[Board] [0m32 piece(s) on board.
[32;1m[Board] [0mLoading history file `stats/White/game-22/history.csv`...
[32;1m[Board] [0mLoaded 29 move(s).
[32;1m[Board] [0mHistory replayed, 28 piece(s) on board.
[32;1m[RandomPlayer] [0mComputing possible moves...
[32;1m[RandomPlayer] [0m25 possible move(s)
[32;1m[RandomPlayer] [0mPlaying random move 7 out of 25
[32;1m[Game] [0mPlayer's error code: 0
[32;1m[Game] [0mChecking move validity...
[32;1m[Board] [0mInitializing board (size: 8)...
[32;1m[Board] [0m32 piece(s) on board.
[32;1m[Board] [0mLoading history file `stats/White/game-22/history.csv`...
[32;1m[Board] [0mLoaded 29 move(s).
[32;1m[Board] [0mHistory replayed, 28 piece(s) on board.
[32;1m[Board] [0mLoading move file `stats/White/game-22/move.csv`...
[32;1m[Board] [0mBlack player is playing h7 to h5.
[32;1m[Board] [0m
[32;1m[Board] [0m     a b c d e f g h
[32;1m[Board] [0m   -------------------
[32;1m[Board] [0m 8 ||[7;1m [0m| |[0;1mk[0m| |[30;1mK[0m|[30;1mb[0m|[30;1mk[0m|[30;1mr[0m|| 8
[32;1m[Board] [0m   -------------------
[32;1m[Board] [0m 7 || |[7;1m [0m| |[7;1m [0m|[30;1mp[0m|[30;1mp[0m| |[7;1m [0m|| 7
[32;1m[Board] [0m   -------------------
[32;1m[Board] [0m 6 ||[30;1mr[0m|[0;1mr[0m|[30;1mk[0m| |[7;1m [0m| |[30;1mp[0m| || 6
[32;1m[Board] [0m   -------------------
[32;1m[Board] [0m 5 || |[7;1m [0m| |[30;1mp[0m| |[7;1m [0m| |[30;1mp[0m|| 5
[32;1m[Board] [0m   -------------------
[32;1m[Board] [0m 4 ||[30;1mp[0m| |[7;1m [0m| |[7;1m [0m| |[7;1m [0m| || 4
[32;1m[Board] [0m   -------------------
[32;1m[Board] [0m 3 ||[0;1mp[0m|[7;1m [0m|[0;1mp[0m|[0;1mp[0m| |[0;1mk[0m| |[0;1mp[0m|| 3
[32;1m[Board] [0m   -------------------
[32;1m[Board] [0m 2 ||[7;1m [0m| |[0;1mp[0m|[0;1mK[0m|[0;1mp[0m|[0;1mp[0m|[0;1mp[0m| || 2
[32;1m[Board] [0m   -------------------
[32;1m[Board] [0m 1 || |[7;1m [0m|[0;1mb[0m|[0;1mQ[0m| |[0;1mb[0m| |[0;1mr[0m|| 1
[32;1m[Board] [0m   -------------------
[32;1m[Board] [0m     a b c d e f g h
[32;1m[Board] [0m
[32;1m[Referee] [0mThis is the turn of the White player...
Time to list all moves : 4.6577e-05
Time to rank all moves : 1.2813e-05
Time to search all moves : 7.0775
Time to store TT : 1.58e-07
Time to list all moves : 1.5218e-05
Time to rank all moves : 1.0874e-05
TIMEOUT! Time to search all moves : 2.38438
[32;1m[Game] [0mPlayer's error code: 0
[32;1m[Game] [0mChecking move validity...
[32;1m[Board] [0mInitializing board (size: 8)...
[32;1m[Board] [0m32 piece(s) on board.
[32;1m[Board] [0mLoading history file `stats/White/game-22/history.csv`...
[32;1m[Board] [0mLoaded 30 move(s).
[32;1m[Board] [0mHistory replayed, 28 piece(s) on board.
[32;1m[Board] [0mLoading move file `stats/White/game-22/move.csv`...
[32;1m[Board] [0mWhite player is playing b6 to a6.
[32;1m[Board] [0m[5;1mWhite Rook is taking Black Rook.[0m
[32;1m[Board] [0m
[32;1m[Board] [0m     a b c d e f g h
[32;1m[Board] [0m   -------------------
[32;1m[Board] [0m 8 ||[7;1m [0m| |[0;1mk[0m| |[30;1mK[0m|[30;1mb[0m|[30;1mk[0m|[30;1mr[0m|| 8
[32;1m[Board] [0m   -------------------
[32;1m[Board] [0m 7 || |[7;1m [0m| |[7;1m [0m|[30;1mp[0m|[30;1mp[0m| |[7;1m [0m|| 7
[32;1m[Board] [0m   -------------------
[32;1m[Board] [0m 6 ||[0;1mr[0m| |[30;1mk[0m| |[7;1m [0m| |[30;1mp[0m| || 6
[32;1m[Board] [0m   -------------------
[32;1m[Board] [0m 5 || |[7;1m [0m| |[30;1mp[0m| |[7;1m [0m| |[30;1mp[0m|| 5
[32;1m[Board] [0m   -------------------
[32;1m[Board] [0m 4 ||[30;1mp[0m| |[7;1m [0m| |[7;1m [0m| |[7;1m [0m| || 4
[32;1m[Board] [0m   -------------------
[32;1m[Board] [0m 3 ||[0;1mp[0m|[7;1m [0m|[0;1mp[0m|[0;1mp[0m| |[0;1mk[0m| |[0;1mp[0m|| 3
[32;1m[Board] [0m   -------------------
[32;1m[Board] [0m 2 ||[7;1m [0m| |[0;1mp[0m|[0;1mK[0m|[0;1mp[0m|[0;1mp[0m|[0;1mp[0m| || 2
[32;1m[Board] [0m   -------------------
[32;1m[Board] [0m 1 || |[7;1m [0m|[0;1mb[0m|[0;1mQ[0m| |[0;1mb[0m| |[0;1mr[0m|| 1
[32;1m[Board] [0m   -------------------
[32;1m[Board] [0m     a b c d e f g h
[32;1m[Board] [0m
[32;1m[Referee] [0mThis is the turn of the Black player...
[32;1m[Board] [0mInitializing board (size: 8)...
[32;1m[Board] [0m32 piece(s) on board.
[32;1m[Board] [0mLoading history file `stats/White/game-22/history.csv`...
[32;1m[Board] [0mLoaded 31 move(s).
[32;1m[Board] [0mHistory replayed, 27 piece(s) on board.
[32;1m[RandomPlayer] [0mComputing possible moves...
[32;1m[RandomPlayer] [0m22 possible move(s)
[32;1m[RandomPlayer] [0mPlaying random move 12 out of 22
[32;1m[Game] [0mPlayer's error code: 0
[32;1m[Game] [0mChecking move validity...
[32;1m[Board] [0mInitializing board (size: 8)...
[32;1m[Board] [0m32 piece(s) on board.
[32;1m[Board] [0mLoading history file `stats/White/game-22/history.csv`...
[32;1m[Board] [0mLoaded 31 move(s).
[32;1m[Board] [0mHistory replayed, 27 piece(s) on board.
[32;1m[Board] [0mLoading move file `stats/White/game-22/move.csv`...
[32;1m[Board] [0mBlack player is playing c6 to e5.
[32;1m[Board] [0m
[32;1m[Board] [0m     a b c d e f g h
[32;1m[Board] [0m   -------------------
[32;1m[Board] [0m 8 ||[7;1m [0m| |[0;1mk[0m| |[30;1mK[0m|[30;1mb[0m|[30;1mk[0m|[30;1mr[0m|| 8
[32;1m[Board] [0m   -------------------
[32;1m[Board] [0m 7 || |[7;1m [0m| |[7;1m [0m|[30;1mp[0m|[30;1mp[0m| |[7;1m [0m|| 7
[32;1m[Board] [0m   -------------------
[32;1m[Board] [0m 6 ||[0;1mr[0m| |[7;1m [0m| |[7;1m [0m| |[30;1mp[0m| || 6
[32;1m[Board] [0m   -------------------
[32;1m[Board] [0m 5 || |[7;1m [0m| |[30;1mp[0m|[30;1mk[0m|[7;1m [0m| |[30;1mp[0m|| 5
[32;1m[Board] [0m   -------------------
[32;1m[Board] [0m 4 ||[30;1mp[0m| |[7;1m [0m| |[7;1m [0m| |[7;1m [0m| || 4
[32;1m[Board] [0m   -------------------
[32;1m[Board] [0m 3 ||[0;1mp[0m|[7;1m [0m|[0;1mp[0m|[0;1mp[0m| |[0;1mk[0m| |[0;1mp[0m|| 3
[32;1m[Board] [0m   -------------------
[32;1m[Board] [0m 2 ||[7;1m [0m| |[0;1mp[0m|[0;1mK[0m|[0;1mp[0m|[0;1mp[0m|[0;1mp[0m| || 2
[32;1m[Board] [0m   -------------------
[32;1m[Board] [0m 1 || |[7;1m [0m|[0;1mb[0m|[0;1mQ[0m| |[0;1mb[0m| |[0;1mr[0m|| 1
[32;1m[Board] [0m   -------------------
[32;1m[Board] [0m     a b c d e f g h
[32;1m[Board] [0m
[32;1m[Referee] [0mThis is the turn of the White player...
Time to list all moves : 4.2507e-05
Time to rank all moves : 1.3001e-05
Time to search all moves : 8.05995
Time to store TT : 1.61e-07
Time to list all moves : 1.3373e-05
Time to rank all moves : 1.1644e-05
TIMEOUT! Time to search all moves : 1.40101
[32;1m[Game] [0mPlayer's error code: 0
[32;1m[Game] [0mChecking move validity...
[32;1m[Board] [0mInitializing board (size: 8)...
[32;1m[Board] [0m32 piece(s) on board.
[32;1m[Board] [0mLoading history file `stats/White/game-22/history.csv`...
[32;1m[Board] [0mLoaded 32 move(s).
[32;1m[Board] [0mHistory replayed, 27 piece(s) on board.
[32;1m[Board] [0mLoading move file `stats/White/game-22/move.csv`...
[32;1m[Board] [0mWhite player is playing f3 to e5.
[32;1m[Board] [0m[5;1mWhite Knight is taking Black Knight.[0m
[32;1m[Board] [0m
[32;1m[Board] [0m     a b c d e f g h
[32;1m[Board] [0m   -------------------
[32;1m[Board] [0m 8 ||[7;1m [0m| |[0;1mk[0m| |[30;1mK[0m|[30;1mb[0m|[30;1mk[0m|[30;1mr[0m|| 8
[32;1m[Board] [0m   -------------------
[32;1m[Board] [0m 7 || |[7;1m [0m| |[7;1m [0m|[30;1mp[0m|[30;1mp[0m| |[7;1m [0m|| 7
[32;1m[Board] [0m   -------------------
[32;1m[Board] [0m 6 ||[0;1mr[0m| |[7;1m [0m| |[7;1m [0m| |[30;1mp[0m| || 6
[32;1m[Board] [0m   -------------------
[32;1m[Board] [0m 5 || |[7;1m [0m| |[30;1mp[0m|[0;1mk[0m|[7;1m [0m| |[30;1mp[0m|| 5
[32;1m[Board] [0m   -------------------
[32;1m[Board] [0m 4 ||[30;1mp[0m| |[7;1m [0m| |[7;1m [0m| |[7;1m [0m| || 4
[32;1m[Board] [0m   -------------------
[32;1m[Board] [0m 3 ||[0;1mp[0m|[7;1m [0m|[0;1mp[0m|[0;1mp[0m| |[7;1m [0m| |[0;1mp[0m|| 3
[32;1m[Board] [0m   -------------------
[32;1m[Board] [0m 2 ||[7;1m [0m| |[0;1mp[0m|[0;1mK[0m|[0;1mp[0m|[0;1mp[0m|[0;1mp[0m| || 2
[32;1m[Board] [0m   -------------------
[32;1m[Board] [0m 1 || |[7;1m [0m|[0;1mb[0m|[0;1mQ[0m| |[0;1mb[0m| |[0;1mr[0m|| 1
[32;1m[Board] [0m   -------------------
[32;1m[Board] [0m     a b c d e f g h
[32;1m[Board] [0m
[32;1m[Referee] [0mThis is the turn of the Black player...
[32;1m[Board] [0mInitializing board (size: 8)...
[32;1m[Board] [0m32 piece(s) on board.
[32;1m[Board] [0mLoading history file `stats/White/game-22/history.csv`...
[32;1m[Board] [0mLoaded 33 move(s).
[32;1m[Board] [0mHistory replayed, 26 piece(s) on board.
[32;1m[RandomPlayer] [0mComputing possible moves...
[32;1m[RandomPlayer] [0m13 possible move(s)
[32;1m[RandomPlayer] [0mPlaying random move 8 out of 13
[32;1m[Game] [0mPlayer's error code: 0
[32;1m[Game] [0mChecking move validity...
[32;1m[Board] [0mInitializing board (size: 8)...
[32;1m[Board] [0m32 piece(s) on board.
[32;1m[Board] [0mLoading history file `stats/White/game-22/history.csv`...
[32;1m[Board] [0mLoaded 33 move(s).
[32;1m[Board] [0mHistory replayed, 26 piece(s) on board.
[32;1m[Board] [0mLoading move file `stats/White/game-22/move.csv`...
[32;1m[Board] [0mBlack player is playing g8 to h6.
[32;1m[Board] [0m
[32;1m[Board] [0m     a b c d e f g h
[32;1m[Board] [0m   -------------------
[32;1m[Board] [0m 8 ||[7;1m [0m| |[0;1mk[0m| |[30;1mK[0m|[30;1mb[0m|[7;1m [0m|[30;1mr[0m|| 8
[32;1m[Board] [0m   -------------------
[32;1m[Board] [0m 7 || |[7;1m [0m| |[7;1m [0m|[30;1mp[0m|[30;1mp[0m| |[7;1m [0m|| 7
[32;1m[Board] [0m   -------------------
[32;1m[Board] [0m 6 ||[0;1mr[0m| |[7;1m [0m| |[7;1m [0m| |[30;1mp[0m|[30;1mk[0m|| 6
[32;1m[Board] [0m   -------------------
[32;1m[Board] [0m 5 || |[7;1m [0m| |[30;1mp[0m|[0;1mk[0m|[7;1m [0m| |[30;1mp[0m|| 5
[32;1m[Board] [0m   -------------------
[32;1m[Board] [0m 4 ||[30;1mp[0m| |[7;1m [0m| |[7;1m [0m| |[7;1m [0m| || 4
[32;1m[Board] [0m   -------------------
[32;1m[Board] [0m 3 ||[0;1mp[0m|[7;1m [0m|[0;1mp[0m|[0;1mp[0m| |[7;1m [0m| |[0;1mp[0m|| 3
[32;1m[Board] [0m   -------------------
[32;1m[Board] [0m 2 ||[7;1m [0m| |[0;1mp[0m|[0;1mK[0m|[0;1mp[0m|[0;1mp[0m|[0;1mp[0m| || 2
[32;1m[Board] [0m   -------------------
[32;1m[Board] [0m 1 || |[7;1m [0m|[0;1mb[0m|[0;1mQ[0m| |[0;1mb[0m| |[0;1mr[0m|| 1
[32;1m[Board] [0m   -------------------
[32;1m[Board] [0m     a b c d e f g h
[32;1m[Board] [0m
[32;1m[Referee] [0mThis is the turn of the White player...
Time to list all moves : 4.2795e-05
Time to rank all moves : 1.3314e-05
TIMEOUT! Time to search all moves : 9.46194
Time to list all moves : 9.143e-06
Time to rank all moves : 8.665e-06
TIMEOUT! Time to search all moves : 2.847e-06
[32;1m[Game] [0mPlayer's error code: 0
[32;1m[Game] [0mChecking move validity...
[32;1m[Board] [0mInitializing board (size: 8)...
[32;1m[Board] [0m32 piece(s) on board.
[32;1m[Board] [0mLoading history file `stats/White/game-22/history.csv`...
[32;1m[Board] [0mLoaded 34 move(s).
[32;1m[Board] [0mHistory replayed, 26 piece(s) on board.
[32;1m[Board] [0mLoading move file `stats/White/game-22/move.csv`...
[32;1m[Board] [0mWhite player is playing a6 to a4.
[32;1m[Board] [0m[5;1mWhite Rook is taking Black Pawn.[0m
[32;1m[Board] [0m
[32;1m[Board] [0m     a b c d e f g h
[32;1m[Board] [0m   -------------------
[32;1m[Board] [0m 8 ||[7;1m [0m| |[0;1mk[0m| |[30;1mK[0m|[30;1mb[0m|[7;1m [0m|[30;1mr[0m|| 8
[32;1m[Board] [0m   -------------------
[32;1m[Board] [0m 7 || |[7;1m [0m| |[7;1m [0m|[30;1mp[0m|[30;1mp[0m| |[7;1m [0m|| 7
[32;1m[Board] [0m   -------------------
[32;1m[Board] [0m 6 ||[7;1m [0m| |[7;1m [0m| |[7;1m [0m| |[30;1mp[0m|[30;1mk[0m|| 6
[32;1m[Board] [0m   -------------------
[32;1m[Board] [0m 5 || |[7;1m [0m| |[30;1mp[0m|[0;1mk[0m|[7;1m [0m| |[30;1mp[0m|| 5
[32;1m[Board] [0m   -------------------
[32;1m[Board] [0m 4 ||[0;1mr[0m| |[7;1m [0m| |[7;1m [0m| |[7;1m [0m| || 4
[32;1m[Board] [0m   -------------------
[32;1m[Board] [0m 3 ||[0;1mp[0m|[7;1m [0m|[0;1mp[0m|[0;1mp[0m| |[7;1m [0m| |[0;1mp[0m|| 3
[32;1m[Board] [0m   -------------------
[32;1m[Board] [0m 2 ||[7;1m [0m| |[0;1mp[0m|[0;1mK[0m|[0;1mp[0m|[0;1mp[0m|[0;1mp[0m| || 2
[32;1m[Board] [0m   -------------------
[32;1m[Board] [0m 1 || |[7;1m [0m|[0;1mb[0m|[0;1mQ[0m| |[0;1mb[0m| |[0;1mr[0m|| 1
[32;1m[Board] [0m   -------------------
[32;1m[Board] [0m     a b c d e f g h
[32;1m[Board] [0m
[32;1m[Referee] [0mThis is the turn of the Black player...
[32;1m[Board] [0mInitializing board (size: 8)...
[32;1m[Board] [0m32 piece(s) on board.
[32;1m[Board] [0mLoading history file `stats/White/game-22/history.csv`...
[32;1m[Board] [0mLoaded 35 move(s).
[32;1m[Board] [0mHistory replayed, 25 piece(s) on board.
[32;1m[RandomPlayer] [0mComputing possible moves...
[32;1m[RandomPlayer] [0m13 possible move(s)
[32;1m[RandomPlayer] [0mPlaying random move 6 out of 13
[32;1m[Game] [0mPlayer's error code: 0
[32;1m[Game] [0mChecking move validity...
[32;1m[Board] [0mInitializing board (size: 8)...
[32;1m[Board] [0m32 piece(s) on board.
[32;1m[Board] [0mLoading history file `stats/White/game-22/history.csv`...
[32;1m[Board] [0mLoaded 35 move(s).
[32;1m[Board] [0mHistory replayed, 25 piece(s) on board.
[32;1m[Board] [0mLoading move file `stats/White/game-22/move.csv`...
[32;1m[Board] [0mBlack player is playing h8 to g8.
[32;1m[Board] [0m
[32;1m[Board] [0m     a b c d e f g h
[32;1m[Board] [0m   -------------------
[32;1m[Board] [0m 8 ||[7;1m [0m| |[0;1mk[0m| |[30;1mK[0m|[30;1mb[0m|[30;1mr[0m| || 8
[32;1m[Board] [0m   -------------------
[32;1m[Board] [0m 7 || |[7;1m [0m| |[7;1m [0m|[30;1mp[0m|[30;1mp[0m| |[7;1m [0m|| 7
[32;1m[Board] [0m   -------------------
[32;1m[Board] [0m 6 ||[7;1m [0m| |[7;1m [0m| |[7;1m [0m| |[30;1mp[0m|[30;1mk[0m|| 6
[32;1m[Board] [0m   -------------------
[32;1m[Board] [0m 5 || |[7;1m [0m| |[30;1mp[0m|[0;1mk[0m|[7;1m [0m| |[30;1mp[0m|| 5
[32;1m[Board] [0m   -------------------
[32;1m[Board] [0m 4 ||[0;1mr[0m| |[7;1m [0m| |[7;1m [0m| |[7;1m [0m| || 4
[32;1m[Board] [0m   -------------------
[32;1m[Board] [0m 3 ||[0;1mp[0m|[7;1m [0m|[0;1mp[0m|[0;1mp[0m| |[7;1m [0m| |[0;1mp[0m|| 3
[32;1m[Board] [0m   -------------------
[32;1m[Board] [0m 2 ||[7;1m [0m| |[0;1mp[0m|[0;1mK[0m|[0;1mp[0m|[0;1mp[0m|[0;1mp[0m| || 2
[32;1m[Board] [0m   -------------------
[32;1m[Board] [0m 1 || |[7;1m [0m|[0;1mb[0m|[0;1mQ[0m| |[0;1mb[0m| |[0;1mr[0m|| 1
[32;1m[Board] [0m   -------------------
[32;1m[Board] [0m     a b c d e f g h
[32;1m[Board] [0m
[32;1m[Referee] [0mThis is the turn of the White player...
Time to list all moves : 3.1517e-05
Time to rank all moves : 1.0506e-05
TIMEOUT! Time to search all moves : 9.46948
Time to list all moves : 9.053e-06
Time to rank all moves : 9.505e-06
TIMEOUT! Time to search all moves : 2.958e-06
[32;1m[Game] [0mPlayer's error code: 0
[32;1m[Game] [0mChecking move validity...
[32;1m[Board] [0mInitializing board (size: 8)...
[32;1m[Board] [0m32 piece(s) on board.
[32;1m[Board] [0mLoading history file `stats/White/game-22/history.csv`...
[32;1m[Board] [0mLoaded 36 move(s).
[32;1m[Board] [0mHistory replayed, 25 piece(s) on board.
[32;1m[Board] [0mLoading move file `stats/White/game-22/move.csv`...
[32;1m[Board] [0mWhite player is playing e2 to e4.
[32;1m[Board] [0m
[32;1m[Board] [0m     a b c d e f g h
[32;1m[Board] [0m   -------------------
[32;1m[Board] [0m 8 ||[7;1m [0m| |[0;1mk[0m| |[30;1mK[0m|[30;1mb[0m|[30;1mr[0m| || 8
[32;1m[Board] [0m   -------------------
[32;1m[Board] [0m 7 || |[7;1m [0m| |[7;1m [0m|[30;1mp[0m|[30;1mp[0m| |[7;1m [0m|| 7
[32;1m[Board] [0m   -------------------
[32;1m[Board] [0m 6 ||[7;1m [0m| |[7;1m [0m| |[7;1m [0m| |[30;1mp[0m|[30;1mk[0m|| 6
[32;1m[Board] [0m   -------------------
[32;1m[Board] [0m 5 || |[7;1m [0m| |[30;1mp[0m|[0;1mk[0m|[7;1m [0m| |[30;1mp[0m|| 5
[32;1m[Board] [0m   -------------------
[32;1m[Board] [0m 4 ||[0;1mr[0m| |[7;1m [0m| |[0;1mp[0m| |[7;1m [0m| || 4
[32;1m[Board] [0m   -------------------
[32;1m[Board] [0m 3 ||[0;1mp[0m|[7;1m [0m|[0;1mp[0m|[0;1mp[0m| |[7;1m [0m| |[0;1mp[0m|| 3
[32;1m[Board] [0m   -------------------
[32;1m[Board] [0m 2 ||[7;1m [0m| |[0;1mp[0m|[0;1mK[0m|[7;1m [0m|[0;1mp[0m|[0;1mp[0m| || 2
[32;1m[Board] [0m   -------------------
[32;1m[Board] [0m 1 || |[7;1m [0m|[0;1mb[0m|[0;1mQ[0m| |[0;1mb[0m| |[0;1mr[0m|| 1
[32;1m[Board] [0m   -------------------
[32;1m[Board] [0m     a b c d e f g h
[32;1m[Board] [0m
[32;1m[Referee] [0mThis is the turn of the Black player...
[32;1m[Board] [0mInitializing board (size: 8)...
[32;1m[Board] [0m32 piece(s) on board.
[32;1m[Board] [0mLoading history file `stats/White/game-22/history.csv`...
[32;1m[Board] [0mLoaded 37 move(s).
[32;1m[Board] [0mHistory replayed, 25 piece(s) on board.
[32;1m[RandomPlayer] [0mComputing possible moves...
[32;1m[RandomPlayer] [0m13 possible move(s)
[32;1m[RandomPlayer] [0mPlaying random move 2 out of 13
[32;1m[Game] [0mPlayer's error code: 0
[32;1m[Game] [0mChecking move validity...
[32;1m[Board] [0mInitializing board (size: 8)...
[32;1m[Board] [0m32 piece(s) on board.
[32;1m[Board] [0mLoading history file `stats/White/game-22/history.csv`...
[32;1m[Board] [0mLoaded 37 move(s).
[32;1m[Board] [0mHistory replayed, 25 piece(s) on board.
[32;1m[Board] [0mLoading move file `stats/White/game-22/move.csv`...
[32;1m[Board] [0mBlack player is playing e7 to e6.
[32;1m[Board] [0m
[32;1m[Board] [0m     a b c d e f g h
[32;1m[Board] [0m   -------------------
[32;1m[Board] [0m 8 ||[7;1m [0m| |[0;1mk[0m| |[30;1mK[0m|[30;1mb[0m|[30;1mr[0m| || 8
[32;1m[Board] [0m   -------------------
[32;1m[Board] [0m 7 || |[7;1m [0m| |[7;1m [0m| |[30;1mp[0m| |[7;1m [0m|| 7
[32;1m[Board] [0m   -------------------
[32;1m[Board] [0m 6 ||[7;1m [0m| |[7;1m [0m| |[30;1mp[0m| |[30;1mp[0m|[30;1mk[0m|| 6
[32;1m[Board] [0m   -------------------
[32;1m[Board] [0m 5 || |[7;1m [0m| |[30;1mp[0m|[0;1mk[0m|[7;1m [0m| |[30;1mp[0m|| 5
[32;1m[Board] [0m   -------------------
[32;1m[Board] [0m 4 ||[0;1mr[0m| |[7;1m [0m| |[0;1mp[0m| |[7;1m [0m| || 4
[32;1m[Board] [0m   -------------------
[32;1m[Board] [0m 3 ||[0;1mp[0m|[7;1m [0m|[0;1mp[0m|[0;1mp[0m| |[7;1m [0m| |[0;1mp[0m|| 3
[32;1m[Board] [0m   -------------------
[32;1m[Board] [0m 2 ||[7;1m [0m| |[0;1mp[0m|[0;1mK[0m|[7;1m [0m|[0;1mp[0m|[0;1mp[0m| || 2
[32;1m[Board] [0m   -------------------
[32;1m[Board] [0m 1 || |[7;1m [0m|[0;1mb[0m|[0;1mQ[0m| |[0;1mb[0m| |[0;1mr[0m|| 1
[32;1m[Board] [0m   -------------------
[32;1m[Board] [0m     a b c d e f g h
[32;1m[Board] [0m
[32;1m[Referee] [0mThis is the turn of the White player...
Time to list all moves : 4.9748e-05
Time to rank all moves : 1.5418e-05
TIMEOUT! Time to search all moves : 9.46199
Time to list all moves : 9.651e-06
Time to rank all moves : 1.0122e-05
TIMEOUT! Time to search all moves : 3.009e-06
[32;1m[Game] [0mPlayer's error code: 0
[32;1m[Game] [0mChecking move validity...
[32;1m[Board] [0mInitializing board (size: 8)...
[32;1m[Board] [0m32 piece(s) on board.
[32;1m[Board] [0mLoading history file `stats/White/game-22/history.csv`...
[32;1m[Board] [0mLoaded 38 move(s).
[32;1m[Board] [0mHistory replayed, 25 piece(s) on board.
[32;1m[Board] [0mLoading move file `stats/White/game-22/move.csv`...
[32;1m[Board] [0mWhite player is playing e4 to d5.
[32;1m[Board] [0m[5;1mWhite Pawn is taking Black Pawn.[0m
[32;1m[Board] [0m
[32;1m[Board] [0m     a b c d e f g h
[32;1m[Board] [0m   -------------------
[32;1m[Board] [0m 8 ||[7;1m [0m| |[0;1mk[0m| |[30;1mK[0m|[30;1mb[0m|[30;1mr[0m| || 8
[32;1m[Board] [0m   -------------------
[32;1m[Board] [0m 7 || |[7;1m [0m| |[7;1m [0m| |[30;1mp[0m| |[7;1m [0m|| 7
[32;1m[Board] [0m   -------------------
[32;1m[Board] [0m 6 ||[7;1m [0m| |[7;1m [0m| |[30;1mp[0m| |[30;1mp[0m|[30;1mk[0m|| 6
[32;1m[Board] [0m   -------------------
[32;1m[Board] [0m 5 || |[7;1m [0m| |[0;1mp[0m|[0;1mk[0m|[7;1m [0m| |[30;1mp[0m|| 5
[32;1m[Board] [0m   -------------------
[32;1m[Board] [0m 4 ||[0;1mr[0m| |[7;1m [0m| |[7;1m [0m| |[7;1m [0m| || 4
[32;1m[Board] [0m   -------------------
[32;1m[Board] [0m 3 ||[0;1mp[0m|[7;1m [0m|[0;1mp[0m|[0;1mp[0m| |[7;1m [0m| |[0;1mp[0m|| 3
[32;1m[Board] [0m   -------------------
[32;1m[Board] [0m 2 ||[7;1m [0m| |[0;1mp[0m|[0;1mK[0m|[7;1m [0m|[0;1mp[0m|[0;1mp[0m| || 2
[32;1m[Board] [0m   -------------------
[32;1m[Board] [0m 1 || |[7;1m [0m|[0;1mb[0m|[0;1mQ[0m| |[0;1mb[0m| |[0;1mr[0m|| 1
[32;1m[Board] [0m   -------------------
[32;1m[Board] [0m     a b c d e f g h
[32;1m[Board] [0m
[32;1m[Referee] [0mThis is the turn of the Black player...
[32;1m[Board] [0mInitializing board (size: 8)...
[32;1m[Board] [0m32 piece(s) on board.
[32;1m[Board] [0mLoading history file `stats/White/game-22/history.csv`...
[32;1m[Board] [0mLoaded 39 move(s).
[32;1m[Board] [0mHistory replayed, 24 piece(s) on board.
[32;1m[RandomPlayer] [0mComputing possible moves...
[32;1m[RandomPlayer] [0m16 possible move(s)
[32;1m[RandomPlayer] [0mPlaying random move 13 out of 16
[32;1m[Game] [0mPlayer's error code: 0
[32;1m[Game] [0mChecking move validity...
[32;1m[Board] [0mInitializing board (size: 8)...
[32;1m[Board] [0m32 piece(s) on board.
[32;1m[Board] [0mLoading history file `stats/White/game-22/history.csv`...
[32;1m[Board] [0mLoaded 39 move(s).
[32;1m[Board] [0mHistory replayed, 24 piece(s) on board.
[32;1m[Board] [0mLoading move file `stats/White/game-22/move.csv`...
[32;1m[Board] [0mBlack player is playing f8 to b4.
[32;1m[Board] [0m
[32;1m[Board] [0m     a b c d e f g h
[32;1m[Board] [0m   -------------------
[32;1m[Board] [0m 8 ||[7;1m [0m| |[0;1mk[0m| |[30;1mK[0m| |[30;1mr[0m| || 8
[32;1m[Board] [0m   -------------------
[32;1m[Board] [0m 7 || |[7;1m [0m| |[7;1m [0m| |[30;1mp[0m| |[7;1m [0m|| 7
[32;1m[Board] [0m   -------------------
[32;1m[Board] [0m 6 ||[7;1m [0m| |[7;1m [0m| |[30;1mp[0m| |[30;1mp[0m|[30;1mk[0m|| 6
[32;1m[Board] [0m   -------------------
[32;1m[Board] [0m 5 || |[7;1m [0m| |[0;1mp[0m|[0;1mk[0m|[7;1m [0m| |[30;1mp[0m|| 5
[32;1m[Board] [0m   -------------------
[32;1m[Board] [0m 4 ||[0;1mr[0m|[30;1mb[0m|[7;1m [0m| |[7;1m [0m| |[7;1m [0m| || 4
[32;1m[Board] [0m   -------------------
[32;1m[Board] [0m 3 ||[0;1mp[0m|[7;1m [0m|[0;1mp[0m|[0;1mp[0m| |[7;1m [0m| |[0;1mp[0m|| 3
[32;1m[Board] [0m   -------------------
[32;1m[Board] [0m 2 ||[7;1m [0m| |[0;1mp[0m|[0;1mK[0m|[7;1m [0m|[0;1mp[0m|[0;1mp[0m| || 2
[32;1m[Board] [0m   -------------------
[32;1m[Board] [0m 1 || |[7;1m [0m|[0;1mb[0m|[0;1mQ[0m| |[0;1mb[0m| |[0;1mr[0m|| 1
[32;1m[Board] [0m   -------------------
[32;1m[Board] [0m     a b c d e f g h
[32;1m[Board] [0m
[32;1m[Referee] [0mThis is the turn of the White player...
Time to list all moves : 3.1602e-05
Time to rank all moves : 1.1668e-05
TIMEOUT! Time to search all moves : 9.47232
Time to list all moves : 9.311e-06
Time to rank all moves : 1.0673e-05
TIMEOUT! Time to search all moves : 2.845e-06
[32;1m[Game] [0mPlayer's error code: 0
[32;1m[Game] [0mChecking move validity...
[32;1m[Board] [0mInitializing board (size: 8)...
[32;1m[Board] [0m32 piece(s) on board.
[32;1m[Board] [0mLoading history file `stats/White/game-22/history.csv`...
[32;1m[Board] [0mLoaded 40 move(s).
[32;1m[Board] [0mHistory replayed, 24 piece(s) on board.
[32;1m[Board] [0mLoading move file `stats/White/game-22/move.csv`...
[32;1m[Board] [0mWhite player is playing c3 to b4.
[32;1m[Board] [0m[5;1mWhite Pawn is taking Black Bishop.[0m
[32;1m[Board] [0m
[32;1m[Board] [0m     a b c d e f g h
[32;1m[Board] [0m   -------------------
[32;1m[Board] [0m 8 ||[7;1m [0m| |[0;1mk[0m| |[30;1mK[0m| |[30;1mr[0m| || 8
[32;1m[Board] [0m   -------------------
[32;1m[Board] [0m 7 || |[7;1m [0m| |[7;1m [0m| |[30;1mp[0m| |[7;1m [0m|| 7
[32;1m[Board] [0m   -------------------
[32;1m[Board] [0m 6 ||[7;1m [0m| |[7;1m [0m| |[30;1mp[0m| |[30;1mp[0m|[30;1mk[0m|| 6
[32;1m[Board] [0m   -------------------
[32;1m[Board] [0m 5 || |[7;1m [0m| |[0;1mp[0m|[0;1mk[0m|[7;1m [0m| |[30;1mp[0m|| 5
[32;1m[Board] [0m   -------------------
[32;1m[Board] [0m 4 ||[0;1mr[0m|[0;1mp[0m|[7;1m [0m| |[7;1m [0m| |[7;1m [0m| || 4
[32;1m[Board] [0m   -------------------
[32;1m[Board] [0m 3 ||[0;1mp[0m|[7;1m [0m| |[0;1mp[0m| |[7;1m [0m| |[0;1mp[0m|| 3
[32;1m[Board] [0m   -------------------
[32;1m[Board] [0m 2 ||[7;1m [0m| |[0;1mp[0m|[0;1mK[0m|[7;1m [0m|[0;1mp[0m|[0;1mp[0m| || 2
[32;1m[Board] [0m   -------------------
[32;1m[Board] [0m 1 || |[7;1m [0m|[0;1mb[0m|[0;1mQ[0m| |[0;1mb[0m| |[0;1mr[0m|| 1
[32;1m[Board] [0m   -------------------
[32;1m[Board] [0m     a b c d e f g h
[32;1m[Board] [0m
[32;1m[Referee] [0mThis is the turn of the Black player...
[32;1m[Board] [0mInitializing board (size: 8)...
[32;1m[Board] [0m32 piece(s) on board.
[32;1m[Board] [0mLoading history file `stats/White/game-22/history.csv`...
[32;1m[Board] [0mLoaded 41 move(s).
[32;1m[Board] [0mHistory replayed, 23 piece(s) on board.
[32;1m[RandomPlayer] [0mComputing possible moves...
[32;1m[RandomPlayer] [0m12 possible move(s)
[32;1m[RandomPlayer] [0mPlaying random move 8 out of 12
[32;1m[Game] [0mPlayer's error code: 0
[32;1m[Game] [0mChecking move validity...
[32;1m[Board] [0mInitializing board (size: 8)...
[32;1m[Board] [0m32 piece(s) on board.
[32;1m[Board] [0mLoading history file `stats/White/game-22/history.csv`...
[32;1m[Board] [0mLoaded 41 move(s).
[32;1m[Board] [0mHistory replayed, 23 piece(s) on board.
[32;1m[Board] [0mLoading move file `stats/White/game-22/move.csv`...
[32;1m[Board] [0mBlack player is playing h6 to f5.
[32;1m[Board] [0m
[32;1m[Board] [0m     a b c d e f g h
[32;1m[Board] [0m   -------------------
[32;1m[Board] [0m 8 ||[7;1m [0m| |[0;1mk[0m| |[30;1mK[0m| |[30;1mr[0m| || 8
[32;1m[Board] [0m   -------------------
[32;1m[Board] [0m 7 || |[7;1m [0m| |[7;1m [0m| |[30;1mp[0m| |[7;1m [0m|| 7
[32;1m[Board] [0m   -------------------
[32;1m[Board] [0m 6 ||[7;1m [0m| |[7;1m [0m| |[30;1mp[0m| |[30;1mp[0m| || 6
[32;1m[Board] [0m   -------------------
[32;1m[Board] [0m 5 || |[7;1m [0m| |[0;1mp[0m|[0;1mk[0m|[30;1mk[0m| |[30;1mp[0m|| 5
[32;1m[Board] [0m   -------------------
[32;1m[Board] [0m 4 ||[0;1mr[0m|[0;1mp[0m|[7;1m [0m| |[7;1m [0m| |[7;1m [0m| || 4
[32;1m[Board] [0m   -------------------
[32;1m[Board] [0m 3 ||[0;1mp[0m|[7;1m [0m| |[0;1mp[0m| |[7;1m [0m| |[0;1mp[0m|| 3
[32;1m[Board] [0m   -------------------
[32;1m[Board] [0m 2 ||[7;1m [0m| |[0;1mp[0m|[0;1mK[0m|[7;1m [0m|[0;1mp[0m|[0;1mp[0m| || 2
[32;1m[Board] [0m   -------------------
[32;1m[Board] [0m 1 || |[7;1m [0m|[0;1mb[0m|[0;1mQ[0m| |[0;1mb[0m| |[0;1mr[0m|| 1
[32;1m[Board] [0m   -------------------
[32;1m[Board] [0m     a b c d e f g h
[32;1m[Board] [0m
[32;1m[Referee] [0mThis is the turn of the White player...
Time to list all moves : 3.1287e-05
Time to rank all moves : 1.1411e-05
Time to search all moves : 6.13713
Time to store TT : 1.38e-07
Time to list all moves : 9.03e-06
Time to rank all moves : 1.0103e-05
TIMEOUT! Time to search all moves : 3.33544
[32;1m[Game] [0mPlayer's error code: 0
[32;1m[Game] [0mChecking move validity...
[32;1m[Board] [0mInitializing board (size: 8)...
[32;1m[Board] [0m32 piece(s) on board.
[32;1m[Board] [0mLoading history file `stats/White/game-22/history.csv`...
[32;1m[Board] [0mLoaded 42 move(s).
[32;1m[Board] [0mHistory replayed, 23 piece(s) on board.
[32;1m[Board] [0mLoading move file `stats/White/game-22/move.csv`...
[32;1m[Board] [0mWhite player is playing a4 to a8.
[32;1m[Board] [0m
[32;1m[Board] [0m     a b c d e f g h
[32;1m[Board] [0m   -------------------
[32;1m[Board] [0m 8 ||[0;1mr[0m| |[0;1mk[0m| |[30;1mK[0m| |[30;1mr[0m| || 8
[32;1m[Board] [0m   -------------------
[32;1m[Board] [0m 7 || |[7;1m [0m| |[7;1m [0m| |[30;1mp[0m| |[7;1m [0m|| 7
[32;1m[Board] [0m   -------------------
[32;1m[Board] [0m 6 ||[7;1m [0m| |[7;1m [0m| |[30;1mp[0m| |[30;1mp[0m| || 6
[32;1m[Board] [0m   -------------------
[32;1m[Board] [0m 5 || |[7;1m [0m| |[0;1mp[0m|[0;1mk[0m|[30;1mk[0m| |[30;1mp[0m|| 5
[32;1m[Board] [0m   -------------------
[32;1m[Board] [0m 4 ||[7;1m [0m|[0;1mp[0m|[7;1m [0m| |[7;1m [0m| |[7;1m [0m| || 4
[32;1m[Board] [0m   -------------------
[32;1m[Board] [0m 3 ||[0;1mp[0m|[7;1m [0m| |[0;1mp[0m| |[7;1m [0m| |[0;1mp[0m|| 3
[32;1m[Board] [0m   -------------------
[32;1m[Board] [0m 2 ||[7;1m [0m| |[0;1mp[0m|[0;1mK[0m|[7;1m [0m|[0;1mp[0m|[0;1mp[0m| || 2
[32;1m[Board] [0m   -------------------
[32;1m[Board] [0m 1 || |[7;1m [0m|[0;1mb[0m|[0;1mQ[0m| |[0;1mb[0m| |[0;1mr[0m|| 1
[32;1m[Board] [0m   -------------------
[32;1m[Board] [0m     a b c d e f g h
[32;1m[Board] [0m
[32;1m[Referee] [0mThis is the turn of the Black player...
[32;1m[Board] [0mInitializing board (size: 8)...
[32;1m[Board] [0m32 piece(s) on board.
[32;1m[Board] [0mLoading history file `stats/White/game-22/history.csv`...
[32;1m[Board] [0mLoaded 43 move(s).
[32;1m[Board] [0mHistory replayed, 23 piece(s) on board.
[32;1m[RandomPlayer] [0mComputing possible moves...
[32;1m[RandomPlayer] [0m17 possible move(s)
[32;1m[RandomPlayer] [0mPlaying random move 11 out of 17
[32;1m[Game] [0mPlayer's error code: 0
[32;1m[Game] [0mChecking move validity...
[32;1m[Board] [0mInitializing board (size: 8)...
[32;1m[Board] [0m32 piece(s) on board.
[32;1m[Board] [0mLoading history file `stats/White/game-22/history.csv`...
[32;1m[Board] [0mLoaded 43 move(s).
[32;1m[Board] [0mHistory replayed, 23 piece(s) on board.
[32;1m[Board] [0mLoading move file `stats/White/game-22/move.csv`...
[32;1m[Board] [0mBlack player is playing f5 to h4.
[32;1m[Board] [0m
[32;1m[Board] [0m     a b c d e f g h
[32;1m[Board] [0m   -------------------
[32;1m[Board] [0m 8 ||[0;1mr[0m| |[0;1mk[0m| |[30;1mK[0m| |[30;1mr[0m| || 8
[32;1m[Board] [0m   -------------------
[32;1m[Board] [0m 7 || |[7;1m [0m| |[7;1m [0m| |[30;1mp[0m| |[7;1m [0m|| 7
[32;1m[Board] [0m   -------------------
[32;1m[Board] [0m 6 ||[7;1m [0m| |[7;1m [0m| |[30;1mp[0m| |[30;1mp[0m| || 6
[32;1m[Board] [0m   -------------------
[32;1m[Board] [0m 5 || |[7;1m [0m| |[0;1mp[0m|[0;1mk[0m|[7;1m [0m| |[30;1mp[0m|| 5
[32;1m[Board] [0m   -------------------
[32;1m[Board] [0m 4 ||[7;1m [0m|[0;1mp[0m|[7;1m [0m| |[7;1m [0m| |[7;1m [0m|[30;1mk[0m|| 4
[32;1m[Board] [0m   -------------------
[32;1m[Board] [0m 3 ||[0;1mp[0m|[7;1m [0m| |[0;1mp[0m| |[7;1m [0m| |[0;1mp[0m|| 3
[32;1m[Board] [0m   -------------------
[32;1m[Board] [0m 2 ||[7;1m [0m| |[0;1mp[0m|[0;1mK[0m|[7;1m [0m|[0;1mp[0m|[0;1mp[0m| || 2
[32;1m[Board] [0m   -------------------
[32;1m[Board] [0m 1 || |[7;1m [0m|[0;1mb[0m|[0;1mQ[0m| |[0;1mb[0m| |[0;1mr[0m|| 1
[32;1m[Board] [0m   -------------------
[32;1m[Board] [0m     a b c d e f g h
[32;1m[Board] [0m
[32;1m[Referee] [0mThis is the turn of the White player...
Time to list all moves : 4.2786e-05
Time to rank all moves : 1.1542e-05
TIMEOUT! Time to search all moves : 9.47031
Time to list all moves : 9.552e-06
Time to rank all moves : 1.0461e-05
TIMEOUT! Time to search all moves : 2.947e-06
[32;1m[Game] [0mPlayer's error code: 0
[32;1m[Game] [0mChecking move validity...
[32;1m[Board] [0mInitializing board (size: 8)...
[32;1m[Board] [0m32 piece(s) on board.
[32;1m[Board] [0mLoading history file `stats/White/game-22/history.csv`...
[32;1m[Board] [0mLoaded 44 move(s).
[32;1m[Board] [0mHistory replayed, 23 piece(s) on board.
[32;1m[Board] [0mLoading move file `stats/White/game-22/move.csv`...
[32;1m[Board] [0mWhite player is playing d5 to d6.
[32;1m[Board] [0m
[32;1m[Board] [0m     a b c d e f g h
[32;1m[Board] [0m   -------------------
[32;1m[Board] [0m 8 ||[0;1mr[0m| |[0;1mk[0m| |[30;1mK[0m| |[30;1mr[0m| || 8
[32;1m[Board] [0m   -------------------
[32;1m[Board] [0m 7 || |[7;1m [0m| |[7;1m [0m| |[30;1mp[0m| |[7;1m [0m|| 7
[32;1m[Board] [0m   -------------------
[32;1m[Board] [0m 6 ||[7;1m [0m| |[7;1m [0m|[0;1mp[0m|[30;1mp[0m| |[30;1mp[0m| || 6
[32;1m[Board] [0m   -------------------
[32;1m[Board] [0m 5 || |[7;1m [0m| |[7;1m [0m|[0;1mk[0m|[7;1m [0m| |[30;1mp[0m|| 5
[32;1m[Board] [0m   -------------------
[32;1m[Board] [0m 4 ||[7;1m [0m|[0;1mp[0m|[7;1m [0m| |[7;1m [0m| |[7;1m [0m|[30;1mk[0m|| 4
[32;1m[Board] [0m   -------------------
[32;1m[Board] [0m 3 ||[0;1mp[0m|[7;1m [0m| |[0;1mp[0m| |[7;1m [0m| |[0;1mp[0m|| 3
[32;1m[Board] [0m   -------------------
[32;1m[Board] [0m 2 ||[7;1m [0m| |[0;1mp[0m|[0;1mK[0m|[7;1m [0m|[0;1mp[0m|[0;1mp[0m| || 2
[32;1m[Board] [0m   -------------------
[32;1m[Board] [0m 1 || |[7;1m [0m|[0;1mb[0m|[0;1mQ[0m| |[0;1mb[0m| |[0;1mr[0m|| 1
[32;1m[Board] [0m   -------------------
[32;1m[Board] [0m     a b c d e f g h
[32;1m[Board] [0m
[32;1m[Referee] [0mThis is the turn of the Black player...
[32;1m[Board] [0mInitializing board (size: 8)...
[32;1m[Board] [0m32 piece(s) on board.
[32;1m[Board] [0mLoading history file `stats/White/game-22/history.csv`...
[32;1m[Board] [0mLoaded 45 move(s).
[32;1m[Board] [0mHistory replayed, 23 piece(s) on board.
[32;1m[RandomPlayer] [0mComputing possible moves...
[32;1m[RandomPlayer] [0m11 possible move(s)
[32;1m[RandomPlayer] [0mPlaying random move 6 out of 11
[32;1m[Game] [0mPlayer's error code: 0
[32;1m[Game] [0mChecking move validity...
[32;1m[Board] [0mInitializing board (size: 8)...
[32;1m[Board] [0m32 piece(s) on board.
[32;1m[Board] [0mLoading history file `stats/White/game-22/history.csv`...
[32;1m[Board] [0mLoaded 45 move(s).
[32;1m[Board] [0mHistory replayed, 23 piece(s) on board.
[32;1m[Board] [0mLoading move file `stats/White/game-22/move.csv`...
[32;1m[Board] [0mBlack player is playing h4 to f5.
[32;1m[Board] [0m
[32;1m[Board] [0m     a b c d e f g h
[32;1m[Board] [0m   -------------------
[32;1m[Board] [0m 8 ||[0;1mr[0m| |[0;1mk[0m| |[30;1mK[0m| |[30;1mr[0m| || 8
[32;1m[Board] [0m   -------------------
[32;1m[Board] [0m 7 || |[7;1m [0m| |[7;1m [0m| |[30;1mp[0m| |[7;1m [0m|| 7
[32;1m[Board] [0m   -------------------
[32;1m[Board] [0m 6 ||[7;1m [0m| |[7;1m [0m|[0;1mp[0m|[30;1mp[0m| |[30;1mp[0m| || 6
[32;1m[Board] [0m   -------------------
[32;1m[Board] [0m 5 || |[7;1m [0m| |[7;1m [0m|[0;1mk[0m|[30;1mk[0m| |[30;1mp[0m|| 5
[32;1m[Board] [0m   -------------------
[32;1m[Board] [0m 4 ||[7;1m [0m|[0;1mp[0m|[7;1m [0m| |[7;1m [0m| |[7;1m [0m| || 4
[32;1m[Board] [0m   -------------------
[32;1m[Board] [0m 3 ||[0;1mp[0m|[7;1m [0m| |[0;1mp[0m| |[7;1m [0m| |[0;1mp[0m|| 3
[32;1m[Board] [0m   -------------------
[32;1m[Board] [0m 2 ||[7;1m [0m| |[0;1mp[0m|[0;1mK[0m|[7;1m [0m|[0;1mp[0m|[0;1mp[0m| || 2
[32;1m[Board] [0m   -------------------
[32;1m[Board] [0m 1 || |[7;1m [0m|[0;1mb[0m|[0;1mQ[0m| |[0;1mb[0m| |[0;1mr[0m|| 1
[32;1m[Board] [0m   -------------------
[32;1m[Board] [0m     a b c d e f g h
[32;1m[Board] [0m
[32;1m[Referee] [0mThis is the turn of the White player...
Time to list all moves : 3.1673e-05
Time to rank all moves : 1.1263e-05
Time to search all moves : 8.25928
Time to store TT : 6.2e-08
Time to list all moves : 8.937e-06
Time to rank all moves : 9.557e-06
TIMEOUT! Time to search all moves : 1.19858
[32;1m[Game] [0mPlayer's error code: 0
[32;1m[Game] [0mChecking move validity...
[32;1m[Board] [0mInitializing board (size: 8)...
[32;1m[Board] [0m32 piece(s) on board.
[32;1m[Board] [0mLoading history file `stats/White/game-22/history.csv`...
[32;1m[Board] [0mLoaded 46 move(s).
[32;1m[Board] [0mHistory replayed, 23 piece(s) on board.
[32;1m[Board] [0mLoading move file `stats/White/game-22/move.csv`...
[32;1m[Board] [0mWhite player is playing c8 to a7.
[32;1m[Board] [0m
[32;1m[Board] [0m     a b c d e f g h
[32;1m[Board] [0m   -------------------
[32;1m[Board] [0m 8 ||[0;1mr[0m| |[7;1m [0m| |[30;1mK[0m| |[30;1mr[0m| || 8
[32;1m[Board] [0m   -------------------
[32;1m[Board] [0m 7 ||[0;1mk[0m|[7;1m [0m| |[7;1m [0m| |[30;1mp[0m| |[7;1m [0m|| 7
[32;1m[Board] [0m   -------------------
[32;1m[Board] [0m 6 ||[7;1m [0m| |[7;1m [0m|[0;1mp[0m|[30;1mp[0m| |[30;1mp[0m| || 6
[32;1m[Board] [0m   -------------------
[32;1m[Board] [0m 5 || |[7;1m [0m| |[7;1m [0m|[0;1mk[0m|[30;1mk[0m| |[30;1mp[0m|| 5
[32;1m[Board] [0m   -------------------
[32;1m[Board] [0m 4 ||[7;1m [0m|[0;1mp[0m|[7;1m [0m| |[7;1m [0m| |[7;1m [0m| || 4
[32;1m[Board] [0m   -------------------
[32;1m[Board] [0m 3 ||[0;1mp[0m|[7;1m [0m| |[0;1mp[0m| |[7;1m [0m| |[0;1mp[0m|| 3
[32;1m[Board] [0m   -------------------
[32;1m[Board] [0m 2 ||[7;1m [0m| |[0;1mp[0m|[0;1mK[0m|[7;1m [0m|[0;1mp[0m|[0;1mp[0m| || 2
[32;1m[Board] [0m   -------------------
[32;1m[Board] [0m 1 || |[7;1m [0m|[0;1mb[0m|[0;1mQ[0m| |[0;1mb[0m| |[0;1mr[0m|| 1
[32;1m[Board] [0m   -------------------
[32;1m[Board] [0m     a b c d e f g h
[32;1m[Board] [0m
[32;1m[Referee] [0mThis is the turn of the Black player...
