[32;1m[Board] [0mInitializing board (size: 8)...
[32;1m[Board] [0m32 piece(s) on board.
[32;1m[Board] [0m
[32;1m[Board] [0m     a b c d e f g h
[32;1m[Board] [0m   -------------------
[32;1m[Board] [0m 8 ||[30;1mr[0m|[30;1mk[0m|[30;1mb[0m|[30;1mQ[0m|[30;1mK[0m|[30;1mb[0m|[30;1mk[0m|[30;1mr[0m|| 8
[32;1m[Board] [0m   -------------------
[32;1m[Board] [0m 7 ||[30;1mp[0m|[30;1mp[0m|[30;1mp[0m|[30;1mp[0m|[30;1mp[0m|[30;1mp[0m|[30;1mp[0m|[30;1mp[0m|| 7
[32;1m[Board] [0m   -------------------
[32;1m[Board] [0m 6 ||[7;1m [0m| |[7;1m [0m| |[7;1m [0m| |[7;1m [0m| || 6
[32;1m[Board] [0m   -------------------
[32;1m[Board] [0m 5 || |[7;1m [0m| |[7;1m [0m| |[7;1m [0m| |[7;1m [0m|| 5
[32;1m[Board] [0m   -------------------
[32;1m[Board] [0m 4 ||[7;1m [0m| |[7;1m [0m| |[7;1m [0m| |[7;1m [0m| || 4
[32;1m[Board] [0m   -------------------
[32;1m[Board] [0m 3 || |[7;1m [0m| |[7;1m [0m| |[7;1m [0m| |[7;1m [0m|| 3
[32;1m[Board] [0m   -------------------
[32;1m[Board] [0m 2 ||[0;1mp[0m|[0;1mp[0m|[0;1mp[0m|[0;1mp[0m|[0;1mp[0m|[0;1mp[0m|[0;1mp[0m|[0;1mp[0m|| 2
[32;1m[Board] [0m   -------------------
[32;1m[Board] [0m 1 ||[0;1mr[0m|[0;1mk[0m|[0;1mb[0m|[0;1mQ[0m|[0;1mK[0m|[0;1mb[0m|[0;1mk[0m|[0;1mr[0m|| 1
[32;1m[Board] [0m   -------------------
[32;1m[Board] [0m     a b c d e f g h
[32;1m[Board] [0m
[32;1m[Referee] [0mThis is the turn of the White player...
[32;1m[Game] [0mPlayer's error code: 0
[32;1m[Game] [0mChecking move validity...
[32;1m[Board] [0mInitializing board (size: 8)...
[32;1m[Board] [0m32 piece(s) on board.
[32;1m[Board] [0mLoading history file `championship/chessproj-logic-and-proofs/history.csv`...
[32;1m[Board] [0mLoaded 0 move(s).
[32;1m[Board] [0mHistory replayed, 32 piece(s) on board.
[32;1m[Board] [0mLoading move file `championship/chessproj-logic-and-proofs/move.csv`...
[32;1m[Board] [0mWhite player is playing b1 to c3.
[32;1m[Board] [0m
[32;1m[Board] [0m     a b c d e f g h
[32;1m[Board] [0m   -------------------
[32;1m[Board] [0m 8 ||[30;1mr[0m|[30;1mk[0m|[30;1mb[0m|[30;1mQ[0m|[30;1mK[0m|[30;1mb[0m|[30;1mk[0m|[30;1mr[0m|| 8
[32;1m[Board] [0m   -------------------
[32;1m[Board] [0m 7 ||[30;1mp[0m|[30;1mp[0m|[30;1mp[0m|[30;1mp[0m|[30;1mp[0m|[30;1mp[0m|[30;1mp[0m|[30;1mp[0m|| 7
[32;1m[Board] [0m   -------------------
[32;1m[Board] [0m 6 ||[7;1m [0m| |[7;1m [0m| |[7;1m [0m| |[7;1m [0m| || 6
[32;1m[Board] [0m   -------------------
[32;1m[Board] [0m 5 || |[7;1m [0m| |[7;1m [0m| |[7;1m [0m| |[7;1m [0m|| 5
[32;1m[Board] [0m   -------------------
[32;1m[Board] [0m 4 ||[7;1m [0m| |[7;1m [0m| |[7;1m [0m| |[7;1m [0m| || 4
[32;1m[Board] [0m   -------------------
[32;1m[Board] [0m 3 || |[7;1m [0m|[0;1mk[0m|[7;1m [0m| |[7;1m [0m| |[7;1m [0m|| 3
[32;1m[Board] [0m   -------------------
[32;1m[Board] [0m 2 ||[0;1mp[0m|[0;1mp[0m|[0;1mp[0m|[0;1mp[0m|[0;1mp[0m|[0;1mp[0m|[0;1mp[0m|[0;1mp[0m|| 2
[32;1m[Board] [0m   -------------------
[32;1m[Board] [0m 1 ||[0;1mr[0m|[7;1m [0m|[0;1mb[0m|[0;1mQ[0m|[0;1mK[0m|[0;1mb[0m|[0;1mk[0m|[0;1mr[0m|| 1
[32;1m[Board] [0m   -------------------
[32;1m[Board] [0m     a b c d e f g h
[32;1m[Board] [0m
[32;1m[Referee] [0mThis is the turn of the Black player...
[DEBUG] Input history filename: championship/chessproj-logic-and-proofs/history.csv
[DEBUG] Output move file: championship/chessproj-logic-and-proofs/move.csv
[Parser][ply=] 1
how i see the board before writing next move: Turn: Black
Enpassant: xx	Castling: WK WQ BK BQ 
   ---- ---- ---- ---- ---- ---- ---- ----
8 | r  | n  | b  | q  | k  | b  | n  | r  |
   ---- ---- ---- ---- ---- ---- ---- ----
7 | p  | p  | p  | p  | p  | p  | p  | p  |
   ---- ---- ---- ---- ---- ---- ---- ----
6 |    |    |    |    |    |    |    |    |
   ---- ---- ---- ---- ---- ---- ---- ----
5 |    |    |    |    |    |    |    |    |
   ---- ---- ---- ---- ---- ---- ---- ----
4 |    |    |    |    |    |    |    |    |
   ---- ---- ---- ---- ---- ---- ---- ----
3 |    |    | N  |    |    |    |    |    |
   ---- ---- ---- ---- ---- ---- ---- ----
2 | P  | P  | P  | P  | P  | P  | P  | P  |
   ---- ---- ---- ---- ---- ---- ---- ----
1 | R  |    | B  | Q  | K  | B  | N  | R  |
   ---- ---- ---- ---- ---- ---- ---- ----
    a    b    c    d    e    f    g    h
starting search...
depth: 1 score: -84 time: 0 nodes: 40 hashfull: 0
depth: 2 score: -123 time: 0 nodes: 475 hashfull: 0
depth: 3 score: -87 time: 0 nodes: 1060 hashfull: 0
depth: 4 score: -122 time: 5 nodes: 4386 hashfull: 0
depth: 5 score: -90 time: 11 nodes: 10981 hashfull: 0
depth: 6 score: -113 time: 66 nodes: 100135 hashfull: 4
depth: 7 score: -91 time: 65 nodes: 198257 hashfull: 7
depth: 8 score: -102 time: 137 nodes: 408031 hashfull: 15
depth: 9 score: -102 time: 700 nodes: 1453293 hashfull: 54
depth: 10 score: -83 time: 2467 nodes: 5201071 hashfull: 155
depth: 11 score: -76 time: 2377 nodes: 8891129 hashfull: 235
[DEBUG] [Parser] Wrote to ouput file championship/chessproj-logic-and-proofs/move.csv move : e7e5
[32;1m[Game] [0mPlayer's error code: 0
[32;1m[Game] [0mChecking move validity...
[32;1m[Board] [0mInitializing board (size: 8)...
[32;1m[Board] [0m32 piece(s) on board.
[32;1m[Board] [0mLoading history file `championship/chessproj-logic-and-proofs/history.csv`...
[32;1m[Board] [0mLoaded 1 move(s).
[32;1m[Board] [0mHistory replayed, 32 piece(s) on board.
[32;1m[Board] [0mLoading move file `championship/chessproj-logic-and-proofs/move.csv`...
[32;1m[Board] [0mBlack player is playing e7 to e5.
[32;1m[Board] [0m
[32;1m[Board] [0m     a b c d e f g h
[32;1m[Board] [0m   -------------------
[32;1m[Board] [0m 8 ||[30;1mr[0m|[30;1mk[0m|[30;1mb[0m|[30;1mQ[0m|[30;1mK[0m|[30;1mb[0m|[30;1mk[0m|[30;1mr[0m|| 8
[32;1m[Board] [0m   -------------------
[32;1m[Board] [0m 7 ||[30;1mp[0m|[30;1mp[0m|[30;1mp[0m|[30;1mp[0m| |[30;1mp[0m|[30;1mp[0m|[30;1mp[0m|| 7
[32;1m[Board] [0m   -------------------
[32;1m[Board] [0m 6 ||[7;1m [0m| |[7;1m [0m| |[7;1m [0m| |[7;1m [0m| || 6
[32;1m[Board] [0m   -------------------
[32;1m[Board] [0m 5 || |[7;1m [0m| |[7;1m [0m|[30;1mp[0m|[7;1m [0m| |[7;1m [0m|| 5
[32;1m[Board] [0m   -------------------
[32;1m[Board] [0m 4 ||[7;1m [0m| |[7;1m [0m| |[7;1m [0m| |[7;1m [0m| || 4
[32;1m[Board] [0m   -------------------
[32;1m[Board] [0m 3 || |[7;1m [0m|[0;1mk[0m|[7;1m [0m| |[7;1m [0m| |[7;1m [0m|| 3
[32;1m[Board] [0m   -------------------
[32;1m[Board] [0m 2 ||[0;1mp[0m|[0;1mp[0m|[0;1mp[0m|[0;1mp[0m|[0;1mp[0m|[0;1mp[0m|[0;1mp[0m|[0;1mp[0m|| 2
[32;1m[Board] [0m   -------------------
[32;1m[Board] [0m 1 ||[0;1mr[0m|[7;1m [0m|[0;1mb[0m|[0;1mQ[0m|[0;1mK[0m|[0;1mb[0m|[0;1mk[0m|[0;1mr[0m|| 1
[32;1m[Board] [0m   -------------------
[32;1m[Board] [0m     a b c d e f g h
[32;1m[Board] [0m
[32;1m[Referee] [0mThis is the turn of the White player...
[32;1m[Game] [0mPlayer's error code: 0
[32;1m[Game] [0mChecking move validity...
[32;1m[Board] [0mInitializing board (size: 8)...
[32;1m[Board] [0m32 piece(s) on board.
[32;1m[Board] [0mLoading history file `championship/chessproj-logic-and-proofs/history.csv`...
[32;1m[Board] [0mLoaded 2 move(s).
[32;1m[Board] [0mHistory replayed, 32 piece(s) on board.
[32;1m[Board] [0mLoading move file `championship/chessproj-logic-and-proofs/move.csv`...
[32;1m[Board] [0mWhite player is playing g1 to f3.
[32;1m[Board] [0m
[32;1m[Board] [0m     a b c d e f g h
[32;1m[Board] [0m   -------------------
[32;1m[Board] [0m 8 ||[30;1mr[0m|[30;1mk[0m|[30;1mb[0m|[30;1mQ[0m|[30;1mK[0m|[30;1mb[0m|[30;1mk[0m|[30;1mr[0m|| 8
[32;1m[Board] [0m   -------------------
[32;1m[Board] [0m 7 ||[30;1mp[0m|[30;1mp[0m|[30;1mp[0m|[30;1mp[0m| |[30;1mp[0m|[30;1mp[0m|[30;1mp[0m|| 7
[32;1m[Board] [0m   -------------------
[32;1m[Board] [0m 6 ||[7;1m [0m| |[7;1m [0m| |[7;1m [0m| |[7;1m [0m| || 6
[32;1m[Board] [0m   -------------------
[32;1m[Board] [0m 5 || |[7;1m [0m| |[7;1m [0m|[30;1mp[0m|[7;1m [0m| |[7;1m [0m|| 5
[32;1m[Board] [0m   -------------------
[32;1m[Board] [0m 4 ||[7;1m [0m| |[7;1m [0m| |[7;1m [0m| |[7;1m [0m| || 4
[32;1m[Board] [0m   -------------------
[32;1m[Board] [0m 3 || |[7;1m [0m|[0;1mk[0m|[7;1m [0m| |[0;1mk[0m| |[7;1m [0m|| 3
[32;1m[Board] [0m   -------------------
[32;1m[Board] [0m 2 ||[0;1mp[0m|[0;1mp[0m|[0;1mp[0m|[0;1mp[0m|[0;1mp[0m|[0;1mp[0m|[0;1mp[0m|[0;1mp[0m|| 2
[32;1m[Board] [0m   -------------------
[32;1m[Board] [0m 1 ||[0;1mr[0m|[7;1m [0m|[0;1mb[0m|[0;1mQ[0m|[0;1mK[0m|[0;1mb[0m| |[0;1mr[0m|| 1
[32;1m[Board] [0m   -------------------
[32;1m[Board] [0m     a b c d e f g h
[32;1m[Board] [0m
[32;1m[Referee] [0mThis is the turn of the Black player...
[DEBUG] Input history filename: championship/chessproj-logic-and-proofs/history.csv
[DEBUG] Output move file: championship/chessproj-logic-and-proofs/move.csv
[Parser][ply=] 3
how i see the board before writing next move: Turn: Black
Enpassant: xx	Castling: WK WQ BK BQ 
   ---- ---- ---- ---- ---- ---- ---- ----
8 | r  | n  | b  | q  | k  | b  | n  | r  |
   ---- ---- ---- ---- ---- ---- ---- ----
7 | p  | p  | p  | p  |    | p  | p  | p  |
   ---- ---- ---- ---- ---- ---- ---- ----
6 |    |    |    |    |    |    |    |    |
   ---- ---- ---- ---- ---- ---- ---- ----
5 |    |    |    |    | p  |    |    |    |
   ---- ---- ---- ---- ---- ---- ---- ----
4 |    |    |    |    |    |    |    |    |
   ---- ---- ---- ---- ---- ---- ---- ----
3 |    |    | N  |    |    | N  |    |    |
   ---- ---- ---- ---- ---- ---- ---- ----
2 | P  | P  | P  | P  | P  | P  | P  | P  |
   ---- ---- ---- ---- ---- ---- ---- ----
1 | R  |    | B  | Q  | K  | B  |    | R  |
   ---- ---- ---- ---- ---- ---- ---- ----
    a    b    c    d    e    f    g    h
starting search...
depth: 1 score: -85 time: 0 nodes: 114 hashfull: 0
depth: 2 score: -126 time: 0 nodes: 510 hashfull: 0
depth: 3 score: -96 time: 1 nodes: 2002 hashfull: 0
depth: 4 score: -98 time: 3 nodes: 5643 hashfull: 0
depth: 5 score: -90 time: 9 nodes: 17398 hashfull: 0
depth: 6 score: -93 time: 64 nodes: 100513 hashfull: 2
depth: 7 score: -81 time: 170 nodes: 329788 hashfull: 7
depth: 8 score: -78 time: 176 nodes: 585473 hashfull: 14
depth: 9 score: -76 time: 1060 nodes: 2140414 hashfull: 61
depth: 10 score: -81 time: 2879 nodes: 6343597 hashfull: 152
depth: 11 score: -65 time: 3908 nodes: 12429228 hashfull: 264
[DEBUG] [Parser] Wrote to ouput file championship/chessproj-logic-and-proofs/move.csv move : b8c6
[32;1m[Game] [0mPlayer's error code: 0
[32;1m[Game] [0mChecking move validity...
[32;1m[Board] [0mInitializing board (size: 8)...
[32;1m[Board] [0m32 piece(s) on board.
[32;1m[Board] [0mLoading history file `championship/chessproj-logic-and-proofs/history.csv`...
[32;1m[Board] [0mLoaded 3 move(s).
[32;1m[Board] [0mHistory replayed, 32 piece(s) on board.
[32;1m[Board] [0mLoading move file `championship/chessproj-logic-and-proofs/move.csv`...
[32;1m[Board] [0mBlack player is playing b8 to c6.
[32;1m[Board] [0m
[32;1m[Board] [0m     a b c d e f g h
[32;1m[Board] [0m   -------------------
[32;1m[Board] [0m 8 ||[30;1mr[0m| |[30;1mb[0m|[30;1mQ[0m|[30;1mK[0m|[30;1mb[0m|[30;1mk[0m|[30;1mr[0m|| 8
[32;1m[Board] [0m   -------------------
[32;1m[Board] [0m 7 ||[30;1mp[0m|[30;1mp[0m|[30;1mp[0m|[30;1mp[0m| |[30;1mp[0m|[30;1mp[0m|[30;1mp[0m|| 7
[32;1m[Board] [0m   -------------------
[32;1m[Board] [0m 6 ||[7;1m [0m| |[30;1mk[0m| |[7;1m [0m| |[7;1m [0m| || 6
[32;1m[Board] [0m   -------------------
[32;1m[Board] [0m 5 || |[7;1m [0m| |[7;1m [0m|[30;1mp[0m|[7;1m [0m| |[7;1m [0m|| 5
[32;1m[Board] [0m   -------------------
[32;1m[Board] [0m 4 ||[7;1m [0m| |[7;1m [0m| |[7;1m [0m| |[7;1m [0m| || 4
[32;1m[Board] [0m   -------------------
[32;1m[Board] [0m 3 || |[7;1m [0m|[0;1mk[0m|[7;1m [0m| |[0;1mk[0m| |[7;1m [0m|| 3
[32;1m[Board] [0m   -------------------
[32;1m[Board] [0m 2 ||[0;1mp[0m|[0;1mp[0m|[0;1mp[0m|[0;1mp[0m|[0;1mp[0m|[0;1mp[0m|[0;1mp[0m|[0;1mp[0m|| 2
[32;1m[Board] [0m   -------------------
[32;1m[Board] [0m 1 ||[0;1mr[0m|[7;1m [0m|[0;1mb[0m|[0;1mQ[0m|[0;1mK[0m|[0;1mb[0m| |[0;1mr[0m|| 1
[32;1m[Board] [0m   -------------------
[32;1m[Board] [0m     a b c d e f g h
[32;1m[Board] [0m
[32;1m[Referee] [0mThis is the turn of the White player...
[32;1m[Game] [0mPlayer's error code: 0
[32;1m[Game] [0mChecking move validity...
[32;1m[Board] [0mInitializing board (size: 8)...
[32;1m[Board] [0m32 piece(s) on board.
[32;1m[Board] [0mLoading history file `championship/chessproj-logic-and-proofs/history.csv`...
[32;1m[Board] [0mLoaded 4 move(s).
[32;1m[Board] [0mHistory replayed, 32 piece(s) on board.
[32;1m[Board] [0mLoading move file `championship/chessproj-logic-and-proofs/move.csv`...
[32;1m[Board] [0mWhite player is playing e2 to e4.
[32;1m[Board] [0m
[32;1m[Board] [0m     a b c d e f g h
[32;1m[Board] [0m   -------------------
[32;1m[Board] [0m 8 ||[30;1mr[0m| |[30;1mb[0m|[30;1mQ[0m|[30;1mK[0m|[30;1mb[0m|[30;1mk[0m|[30;1mr[0m|| 8
[32;1m[Board] [0m   -------------------
[32;1m[Board] [0m 7 ||[30;1mp[0m|[30;1mp[0m|[30;1mp[0m|[30;1mp[0m| |[30;1mp[0m|[30;1mp[0m|[30;1mp[0m|| 7
[32;1m[Board] [0m   -------------------
[32;1m[Board] [0m 6 ||[7;1m [0m| |[30;1mk[0m| |[7;1m [0m| |[7;1m [0m| || 6
[32;1m[Board] [0m   -------------------
[32;1m[Board] [0m 5 || |[7;1m [0m| |[7;1m [0m|[30;1mp[0m|[7;1m [0m| |[7;1m [0m|| 5
[32;1m[Board] [0m   -------------------
[32;1m[Board] [0m 4 ||[7;1m [0m| |[7;1m [0m| |[0;1mp[0m| |[7;1m [0m| || 4
[32;1m[Board] [0m   -------------------
[32;1m[Board] [0m 3 || |[7;1m [0m|[0;1mk[0m|[7;1m [0m| |[0;1mk[0m| |[7;1m [0m|| 3
[32;1m[Board] [0m   -------------------
[32;1m[Board] [0m 2 ||[0;1mp[0m|[0;1mp[0m|[0;1mp[0m|[0;1mp[0m|[7;1m [0m|[0;1mp[0m|[0;1mp[0m|[0;1mp[0m|| 2
[32;1m[Board] [0m   -------------------
[32;1m[Board] [0m 1 ||[0;1mr[0m|[7;1m [0m|[0;1mb[0m|[0;1mQ[0m|[0;1mK[0m|[0;1mb[0m| |[0;1mr[0m|| 1
[32;1m[Board] [0m   -------------------
[32;1m[Board] [0m     a b c d e f g h
[32;1m[Board] [0m
[32;1m[Referee] [0mThis is the turn of the Black player...
[DEBUG] Input history filename: championship/chessproj-logic-and-proofs/history.csv
[DEBUG] Output move file: championship/chessproj-logic-and-proofs/move.csv
[Parser][ply=] 5
how i see the board before writing next move: Turn: Black
Enpassant: e3	Castling: WK WQ BK BQ 
   ---- ---- ---- ---- ---- ---- ---- ----
8 | r  |    | b  | q  | k  | b  | n  | r  |
   ---- ---- ---- ---- ---- ---- ---- ----
7 | p  | p  | p  | p  |    | p  | p  | p  |
   ---- ---- ---- ---- ---- ---- ---- ----
6 |    |    | n  |    |    |    |    |    |
   ---- ---- ---- ---- ---- ---- ---- ----
5 |    |    |    |    | p  |    |    |    |
   ---- ---- ---- ---- ---- ---- ---- ----
4 |    |    |    |    | P  |    |    |    |
   ---- ---- ---- ---- ---- ---- ---- ----
3 |    |    | N  |    |    | N  |    |    |
   ---- ---- ---- ---- ---- ---- ---- ----
2 | P  | P  | P  | P  |    | P  | P  | P  |
   ---- ---- ---- ---- ---- ---- ---- ----
1 | R  |    | B  | Q  | K  | B  |    | R  |
   ---- ---- ---- ---- ---- ---- ---- ----
    a    b    c    d    e    f    g    h
starting search...
depth: 1 score: -84 time: 0 nodes: 128 hashfull: 0
depth: 2 score: -111 time: 0 nodes: 925 hashfull: 0
depth: 3 score: -92 time: 3 nodes: 5294 hashfull: 0
depth: 4 score: -92 time: 3 nodes: 9841 hashfull: 0
depth: 5 score: -67 time: 24 nodes: 40524 hashfull: 0
depth: 6 score: -76 time: 72 nodes: 136982 hashfull: 3
depth: 7 score: -65 time: 124 nodes: 304077 hashfull: 7
depth: 8 score: -65 time: 210 nodes: 586097 hashfull: 13
depth: 9 score: -54 time: 1102 nodes: 2166816 hashfull: 61
depth: 10 score: -47 time: 3616 nodes: 7255012 hashfull: 167
[DEBUG] [Parser] Wrote to ouput file championship/chessproj-logic-and-proofs/move.csv move : f8d6
[32;1m[Game] [0mPlayer's error code: 0
[32;1m[Game] [0mChecking move validity...
[32;1m[Board] [0mInitializing board (size: 8)...
[32;1m[Board] [0m32 piece(s) on board.
[32;1m[Board] [0mLoading history file `championship/chessproj-logic-and-proofs/history.csv`...
[32;1m[Board] [0mLoaded 5 move(s).
[32;1m[Board] [0mHistory replayed, 32 piece(s) on board.
[32;1m[Board] [0mLoading move file `championship/chessproj-logic-and-proofs/move.csv`...
[32;1m[Board] [0mBlack player is playing f8 to d6.
[32;1m[Board] [0m
[32;1m[Board] [0m     a b c d e f g h
[32;1m[Board] [0m   -------------------
[32;1m[Board] [0m 8 ||[30;1mr[0m| |[30;1mb[0m|[30;1mQ[0m|[30;1mK[0m| |[30;1mk[0m|[30;1mr[0m|| 8
[32;1m[Board] [0m   -------------------
[32;1m[Board] [0m 7 ||[30;1mp[0m|[30;1mp[0m|[30;1mp[0m|[30;1mp[0m| |[30;1mp[0m|[30;1mp[0m|[30;1mp[0m|| 7
[32;1m[Board] [0m   -------------------
[32;1m[Board] [0m 6 ||[7;1m [0m| |[30;1mk[0m|[30;1mb[0m|[7;1m [0m| |[7;1m [0m| || 6
[32;1m[Board] [0m   -------------------
[32;1m[Board] [0m 5 || |[7;1m [0m| |[7;1m [0m|[30;1mp[0m|[7;1m [0m| |[7;1m [0m|| 5
[32;1m[Board] [0m   -------------------
[32;1m[Board] [0m 4 ||[7;1m [0m| |[7;1m [0m| |[0;1mp[0m| |[7;1m [0m| || 4
[32;1m[Board] [0m   -------------------
[32;1m[Board] [0m 3 || |[7;1m [0m|[0;1mk[0m|[7;1m [0m| |[0;1mk[0m| |[7;1m [0m|| 3
[32;1m[Board] [0m   -------------------
[32;1m[Board] [0m 2 ||[0;1mp[0m|[0;1mp[0m|[0;1mp[0m|[0;1mp[0m|[7;1m [0m|[0;1mp[0m|[0;1mp[0m|[0;1mp[0m|| 2
[32;1m[Board] [0m   -------------------
[32;1m[Board] [0m 1 ||[0;1mr[0m|[7;1m [0m|[0;1mb[0m|[0;1mQ[0m|[0;1mK[0m|[0;1mb[0m| |[0;1mr[0m|| 1
[32;1m[Board] [0m   -------------------
[32;1m[Board] [0m     a b c d e f g h
[32;1m[Board] [0m
[32;1m[Referee] [0mThis is the turn of the White player...
[32;1m[Game] [0mPlayer's error code: 0
[32;1m[Game] [0mChecking move validity...
[32;1m[Board] [0mInitializing board (size: 8)...
[32;1m[Board] [0m32 piece(s) on board.
[32;1m[Board] [0mLoading history file `championship/chessproj-logic-and-proofs/history.csv`...
[32;1m[Board] [0mLoaded 6 move(s).
[32;1m[Board] [0mHistory replayed, 32 piece(s) on board.
[32;1m[Board] [0mLoading move file `championship/chessproj-logic-and-proofs/move.csv`...
[32;1m[Board] [0mWhite player is playing f1 to b5.
[32;1m[Board] [0m
[32;1m[Board] [0m     a b c d e f g h
[32;1m[Board] [0m   -------------------
[32;1m[Board] [0m 8 ||[30;1mr[0m| |[30;1mb[0m|[30;1mQ[0m|[30;1mK[0m| |[30;1mk[0m|[30;1mr[0m|| 8
[32;1m[Board] [0m   -------------------
[32;1m[Board] [0m 7 ||[30;1mp[0m|[30;1mp[0m|[30;1mp[0m|[30;1mp[0m| |[30;1mp[0m|[30;1mp[0m|[30;1mp[0m|| 7
[32;1m[Board] [0m   -------------------
[32;1m[Board] [0m 6 ||[7;1m [0m| |[30;1mk[0m|[30;1mb[0m|[7;1m [0m| |[7;1m [0m| || 6
[32;1m[Board] [0m   -------------------
[32;1m[Board] [0m 5 || |[0;1mb[0m| |[7;1m [0m|[30;1mp[0m|[7;1m [0m| |[7;1m [0m|| 5
[32;1m[Board] [0m   -------------------
[32;1m[Board] [0m 4 ||[7;1m [0m| |[7;1m [0m| |[0;1mp[0m| |[7;1m [0m| || 4
[32;1m[Board] [0m   -------------------
[32;1m[Board] [0m 3 || |[7;1m [0m|[0;1mk[0m|[7;1m [0m| |[0;1mk[0m| |[7;1m [0m|| 3
[32;1m[Board] [0m   -------------------
[32;1m[Board] [0m 2 ||[0;1mp[0m|[0;1mp[0m|[0;1mp[0m|[0;1mp[0m|[7;1m [0m|[0;1mp[0m|[0;1mp[0m|[0;1mp[0m|| 2
[32;1m[Board] [0m   -------------------
[32;1m[Board] [0m 1 ||[0;1mr[0m|[7;1m [0m|[0;1mb[0m|[0;1mQ[0m|[0;1mK[0m|[7;1m [0m| |[0;1mr[0m|| 1
[32;1m[Board] [0m   -------------------
[32;1m[Board] [0m     a b c d e f g h
[32;1m[Board] [0m
[32;1m[Referee] [0mThis is the turn of the Black player...
[DEBUG] Input history filename: championship/chessproj-logic-and-proofs/history.csv
[DEBUG] Output move file: championship/chessproj-logic-and-proofs/move.csv
[Parser][ply=] 7
how i see the board before writing next move: Turn: Black
Enpassant: xx	Castling: WK WQ BK BQ 
   ---- ---- ---- ---- ---- ---- ---- ----
8 | r  |    | b  | q  | k  |    | n  | r  |
   ---- ---- ---- ---- ---- ---- ---- ----
7 | p  | p  | p  | p  |    | p  | p  | p  |
   ---- ---- ---- ---- ---- ---- ---- ----
6 |    |    | n  | b  |    |    |    |    |
   ---- ---- ---- ---- ---- ---- ---- ----
5 |    | B  |    |    | p  |    |    |    |
   ---- ---- ---- ---- ---- ---- ---- ----
4 |    |    |    |    | P  |    |    |    |
   ---- ---- ---- ---- ---- ---- ---- ----
3 |    |    | N  |    |    | N  |    |    |
   ---- ---- ---- ---- ---- ---- ---- ----
2 | P  | P  | P  | P  |    | P  | P  | P  |
   ---- ---- ---- ---- ---- ---- ---- ----
1 | R  |    | B  | Q  | K  |    |    | R  |
   ---- ---- ---- ---- ---- ---- ---- ----
    a    b    c    d    e    f    g    h
starting search...
depth: 1 score: -73 time: 0 nodes: 396 hashfull: 0
depth: 2 score: -29 time: 2 nodes: 2106 hashfull: 0
depth: 3 score: -29 time: 2 nodes: 5000 hashfull: 0
depth: 4 score: -26 time: 7 nodes: 11757 hashfull: 0
depth: 5 score: -26 time: 10 nodes: 22290 hashfull: 0
depth: 6 score: -26 time: 37 nodes: 61758 hashfull: 1
depth: 7 score: -26 time: 161 nodes: 225136 hashfull: 5
depth: 8 score: -26 time: 252 nodes: 486575 hashfull: 10
depth: 9 score: -17 time: 1328 nodes: 1891544 hashfull: 44
depth: 10 score: -17 time: 2164 nodes: 4240749 hashfull: 95
depth: 11 score: -17 time: 3697 nodes: 9883436 hashfull: 189
[DEBUG] [Parser] Wrote to ouput file championship/chessproj-logic-and-proofs/move.csv move : g8f6
[32;1m[Game] [0mPlayer's error code: 0
[32;1m[Game] [0mChecking move validity...
[32;1m[Board] [0mInitializing board (size: 8)...
[32;1m[Board] [0m32 piece(s) on board.
[32;1m[Board] [0mLoading history file `championship/chessproj-logic-and-proofs/history.csv`...
[32;1m[Board] [0mLoaded 7 move(s).
[32;1m[Board] [0mHistory replayed, 32 piece(s) on board.
[32;1m[Board] [0mLoading move file `championship/chessproj-logic-and-proofs/move.csv`...
[32;1m[Board] [0mBlack player is playing g8 to f6.
[32;1m[Board] [0m
[32;1m[Board] [0m     a b c d e f g h
[32;1m[Board] [0m   -------------------
[32;1m[Board] [0m 8 ||[30;1mr[0m| |[30;1mb[0m|[30;1mQ[0m|[30;1mK[0m| |[7;1m [0m|[30;1mr[0m|| 8
[32;1m[Board] [0m   -------------------
[32;1m[Board] [0m 7 ||[30;1mp[0m|[30;1mp[0m|[30;1mp[0m|[30;1mp[0m| |[30;1mp[0m|[30;1mp[0m|[30;1mp[0m|| 7
[32;1m[Board] [0m   -------------------
[32;1m[Board] [0m 6 ||[7;1m [0m| |[30;1mk[0m|[30;1mb[0m|[7;1m [0m|[30;1mk[0m|[7;1m [0m| || 6
[32;1m[Board] [0m   -------------------
[32;1m[Board] [0m 5 || |[0;1mb[0m| |[7;1m [0m|[30;1mp[0m|[7;1m [0m| |[7;1m [0m|| 5
[32;1m[Board] [0m   -------------------
[32;1m[Board] [0m 4 ||[7;1m [0m| |[7;1m [0m| |[0;1mp[0m| |[7;1m [0m| || 4
[32;1m[Board] [0m   -------------------
[32;1m[Board] [0m 3 || |[7;1m [0m|[0;1mk[0m|[7;1m [0m| |[0;1mk[0m| |[7;1m [0m|| 3
[32;1m[Board] [0m   -------------------
[32;1m[Board] [0m 2 ||[0;1mp[0m|[0;1mp[0m|[0;1mp[0m|[0;1mp[0m|[7;1m [0m|[0;1mp[0m|[0;1mp[0m|[0;1mp[0m|| 2
[32;1m[Board] [0m   -------------------
[32;1m[Board] [0m 1 ||[0;1mr[0m|[7;1m [0m|[0;1mb[0m|[0;1mQ[0m|[0;1mK[0m|[7;1m [0m| |[0;1mr[0m|| 1
[32;1m[Board] [0m   -------------------
[32;1m[Board] [0m     a b c d e f g h
[32;1m[Board] [0m
[32;1m[Referee] [0mThis is the turn of the White player...
[32;1m[Game] [0mPlayer's error code: 0
[32;1m[Game] [0mChecking move validity...
[32;1m[Board] [0mInitializing board (size: 8)...
[32;1m[Board] [0m32 piece(s) on board.
[32;1m[Board] [0mLoading history file `championship/chessproj-logic-and-proofs/history.csv`...
[32;1m[Board] [0mLoaded 8 move(s).
[32;1m[Board] [0mHistory replayed, 32 piece(s) on board.
[32;1m[Board] [0mLoading move file `championship/chessproj-logic-and-proofs/move.csv`...
[32;1m[Board] [0mWhite player is playing b5 to d3.
[32;1m[Board] [0m
[32;1m[Board] [0m     a b c d e f g h
[32;1m[Board] [0m   -------------------
[32;1m[Board] [0m 8 ||[30;1mr[0m| |[30;1mb[0m|[30;1mQ[0m|[30;1mK[0m| |[7;1m [0m|[30;1mr[0m|| 8
[32;1m[Board] [0m   -------------------
[32;1m[Board] [0m 7 ||[30;1mp[0m|[30;1mp[0m|[30;1mp[0m|[30;1mp[0m| |[30;1mp[0m|[30;1mp[0m|[30;1mp[0m|| 7
[32;1m[Board] [0m   -------------------
[32;1m[Board] [0m 6 ||[7;1m [0m| |[30;1mk[0m|[30;1mb[0m|[7;1m [0m|[30;1mk[0m|[7;1m [0m| || 6
[32;1m[Board] [0m   -------------------
[32;1m[Board] [0m 5 || |[7;1m [0m| |[7;1m [0m|[30;1mp[0m|[7;1m [0m| |[7;1m [0m|| 5
[32;1m[Board] [0m   -------------------
[32;1m[Board] [0m 4 ||[7;1m [0m| |[7;1m [0m| |[0;1mp[0m| |[7;1m [0m| || 4
[32;1m[Board] [0m   -------------------
[32;1m[Board] [0m 3 || |[7;1m [0m|[0;1mk[0m|[0;1mb[0m| |[0;1mk[0m| |[7;1m [0m|| 3
[32;1m[Board] [0m   -------------------
[32;1m[Board] [0m 2 ||[0;1mp[0m|[0;1mp[0m|[0;1mp[0m|[0;1mp[0m|[7;1m [0m|[0;1mp[0m|[0;1mp[0m|[0;1mp[0m|| 2
[32;1m[Board] [0m   -------------------
[32;1m[Board] [0m 1 ||[0;1mr[0m|[7;1m [0m|[0;1mb[0m|[0;1mQ[0m|[0;1mK[0m|[7;1m [0m| |[0;1mr[0m|| 1
[32;1m[Board] [0m   -------------------
[32;1m[Board] [0m     a b c d e f g h
[32;1m[Board] [0m
[32;1m[Referee] [0mThis is the turn of the Black player...
[DEBUG] Input history filename: championship/chessproj-logic-and-proofs/history.csv
[DEBUG] Output move file: championship/chessproj-logic-and-proofs/move.csv
[Parser][ply=] 9
how i see the board before writing next move: Turn: Black
Enpassant: xx	Castling: WK WQ BK BQ 
   ---- ---- ---- ---- ---- ---- ---- ----
8 | r  |    | b  | q  | k  |    |    | r  |
   ---- ---- ---- ---- ---- ---- ---- ----
7 | p  | p  | p  | p  |    | p  | p  | p  |
   ---- ---- ---- ---- ---- ---- ---- ----
6 |    |    | n  | b  |    | n  |    |    |
   ---- ---- ---- ---- ---- ---- ---- ----
5 |    |    |    |    | p  |    |    |    |
   ---- ---- ---- ---- ---- ---- ---- ----
4 |    |    |    |    | P  |    |    |    |
   ---- ---- ---- ---- ---- ---- ---- ----
3 |    |    | N  | B  |    | N  |    |    |
   ---- ---- ---- ---- ---- ---- ---- ----
2 | P  | P  | P  | P  |    | P  | P  | P  |
   ---- ---- ---- ---- ---- ---- ---- ----
1 | R  |    | B  | Q  | K  |    |    | R  |
   ---- ---- ---- ---- ---- ---- ---- ----
    a    b    c    d    e    f    g    h
starting search...
depth: 1 score: -22 time: 0 nodes: 176 hashfull: 0
depth: 2 score: -22 time: 0 nodes: 337 hashfull: 0
depth: 3 score: 3 time: 1 nodes: 2022 hashfull: 0
depth: 4 score: -22 time: 8 nodes: 13576 hashfull: 0
depth: 5 score: -11 time: 12 nodes: 29946 hashfull: 0
depth: 6 score: -11 time: 30 nodes: 77513 hashfull: 2
depth: 7 score: -5 time: 168 nodes: 314452 hashfull: 6
depth: 8 score: -6 time: 332 nodes: 793686 hashfull: 15
depth: 9 score: -10 time: 778 nodes: 1982167 hashfull: 49
depth: 10 score: -7 time: 2208 nodes: 5072041 hashfull: 115
depth: 11 score: -3 time: 5705 nodes: 13449428 hashfull: 256
[DEBUG] [Parser] Wrote to ouput file championship/chessproj-logic-and-proofs/move.csv move : e8g8
[32;1m[Game] [0mPlayer's error code: 0
[32;1m[Game] [0mChecking move validity...
[32;1m[Board] [0mInitializing board (size: 8)...
[32;1m[Board] [0m32 piece(s) on board.
[32;1m[Board] [0mLoading history file `championship/chessproj-logic-and-proofs/history.csv`...
[32;1m[Board] [0mLoaded 9 move(s).
[32;1m[Board] [0mHistory replayed, 32 piece(s) on board.
[32;1m[Board] [0mLoading move file `championship/chessproj-logic-and-proofs/move.csv`...
[32;1m[Board] [0mBlack player is playing e8 to g8.
[32;1m[Board] [0mBlack player is castling kingside...
[32;1m[Board] [0m
[32;1m[Board] [0m     a b c d e f g h
[32;1m[Board] [0m   -------------------
[32;1m[Board] [0m 8 ||[30;1mr[0m| |[30;1mb[0m|[30;1mQ[0m|[7;1m [0m|[30;1mr[0m|[30;1mK[0m| || 8
[32;1m[Board] [0m   -------------------
[32;1m[Board] [0m 7 ||[30;1mp[0m|[30;1mp[0m|[30;1mp[0m|[30;1mp[0m| |[30;1mp[0m|[30;1mp[0m|[30;1mp[0m|| 7
[32;1m[Board] [0m   -------------------
[32;1m[Board] [0m 6 ||[7;1m [0m| |[30;1mk[0m|[30;1mb[0m|[7;1m [0m|[30;1mk[0m|[7;1m [0m| || 6
[32;1m[Board] [0m   -------------------
[32;1m[Board] [0m 5 || |[7;1m [0m| |[7;1m [0m|[30;1mp[0m|[7;1m [0m| |[7;1m [0m|| 5
[32;1m[Board] [0m   -------------------
[32;1m[Board] [0m 4 ||[7;1m [0m| |[7;1m [0m| |[0;1mp[0m| |[7;1m [0m| || 4
[32;1m[Board] [0m   -------------------
[32;1m[Board] [0m 3 || |[7;1m [0m|[0;1mk[0m|[0;1mb[0m| |[0;1mk[0m| |[7;1m [0m|| 3
[32;1m[Board] [0m   -------------------
[32;1m[Board] [0m 2 ||[0;1mp[0m|[0;1mp[0m|[0;1mp[0m|[0;1mp[0m|[7;1m [0m|[0;1mp[0m|[0;1mp[0m|[0;1mp[0m|| 2
[32;1m[Board] [0m   -------------------
[32;1m[Board] [0m 1 ||[0;1mr[0m|[7;1m [0m|[0;1mb[0m|[0;1mQ[0m|[0;1mK[0m|[7;1m [0m| |[0;1mr[0m|| 1
[32;1m[Board] [0m   -------------------
[32;1m[Board] [0m     a b c d e f g h
[32;1m[Board] [0m
[32;1m[Referee] [0mThis is the turn of the White player...
[32;1m[Game] [0mPlayer's error code: 0
[32;1m[Game] [0mChecking move validity...
[32;1m[Board] [0mInitializing board (size: 8)...
[32;1m[Board] [0m32 piece(s) on board.
[32;1m[Board] [0mLoading history file `championship/chessproj-logic-and-proofs/history.csv`...
[32;1m[Board] [0mLoaded 10 move(s).
[32;1m[Board] [0mHistory replayed, 32 piece(s) on board.
[32;1m[Board] [0mLoading move file `championship/chessproj-logic-and-proofs/move.csv`...
[32;1m[Board] [0mWhite player is playing b2 to b3.
[32;1m[Board] [0m
[32;1m[Board] [0m     a b c d e f g h
[32;1m[Board] [0m   -------------------
[32;1m[Board] [0m 8 ||[30;1mr[0m| |[30;1mb[0m|[30;1mQ[0m|[7;1m [0m|[30;1mr[0m|[30;1mK[0m| || 8
[32;1m[Board] [0m   -------------------
[32;1m[Board] [0m 7 ||[30;1mp[0m|[30;1mp[0m|[30;1mp[0m|[30;1mp[0m| |[30;1mp[0m|[30;1mp[0m|[30;1mp[0m|| 7
[32;1m[Board] [0m   -------------------
[32;1m[Board] [0m 6 ||[7;1m [0m| |[30;1mk[0m|[30;1mb[0m|[7;1m [0m|[30;1mk[0m|[7;1m [0m| || 6
[32;1m[Board] [0m   -------------------
[32;1m[Board] [0m 5 || |[7;1m [0m| |[7;1m [0m|[30;1mp[0m|[7;1m [0m| |[7;1m [0m|| 5
[32;1m[Board] [0m   -------------------
[32;1m[Board] [0m 4 ||[7;1m [0m| |[7;1m [0m| |[0;1mp[0m| |[7;1m [0m| || 4
[32;1m[Board] [0m   -------------------
[32;1m[Board] [0m 3 || |[0;1mp[0m|[0;1mk[0m|[0;1mb[0m| |[0;1mk[0m| |[7;1m [0m|| 3
[32;1m[Board] [0m   -------------------
[32;1m[Board] [0m 2 ||[0;1mp[0m| |[0;1mp[0m|[0;1mp[0m|[7;1m [0m|[0;1mp[0m|[0;1mp[0m|[0;1mp[0m|| 2
[32;1m[Board] [0m   -------------------
[32;1m[Board] [0m 1 ||[0;1mr[0m|[7;1m [0m|[0;1mb[0m|[0;1mQ[0m|[0;1mK[0m|[7;1m [0m| |[0;1mr[0m|| 1
[32;1m[Board] [0m   -------------------
[32;1m[Board] [0m     a b c d e f g h
[32;1m[Board] [0m
[32;1m[Referee] [0mThis is the turn of the Black player...
[DEBUG] Input history filename: championship/chessproj-logic-and-proofs/history.csv
[DEBUG] Output move file: championship/chessproj-logic-and-proofs/move.csv
[Parser][ply=] 11
how i see the board before writing next move: Turn: Black
Enpassant: xx	Castling: WK WQ xx
   ---- ---- ---- ---- ---- ---- ---- ----
8 | r  |    | b  | q  |    | r  | k  |    |
   ---- ---- ---- ---- ---- ---- ---- ----
7 | p  | p  | p  | p  |    | p  | p  | p  |
   ---- ---- ---- ---- ---- ---- ---- ----
6 |    |    | n  | b  |    | n  |    |    |
   ---- ---- ---- ---- ---- ---- ---- ----
5 |    |    |    |    | p  |    |    |    |
   ---- ---- ---- ---- ---- ---- ---- ----
4 |    |    |    |    | P  |    |    |    |
   ---- ---- ---- ---- ---- ---- ---- ----
3 |    | P  | N  | B  |    | N  |    |    |
   ---- ---- ---- ---- ---- ---- ---- ----
2 | P  |    | P  | P  |    | P  | P  | P  |
   ---- ---- ---- ---- ---- ---- ---- ----
1 | R  |    | B  | Q  | K  |    |    | R  |
   ---- ---- ---- ---- ---- ---- ---- ----
    a    b    c    d    e    f    g    h
starting search...
depth: 1 score: 6 time: 0 nodes: 566 hashfull: 0
depth: 2 score: 6 time: 0 nodes: 1158 hashfull: 0
depth: 3 score: 16 time: 1 nodes: 2781 hashfull: 0
depth: 4 score: 4 time: 19 nodes: 27901 hashfull: 0
depth: 5 score: 19 time: 10 nodes: 41747 hashfull: 0
depth: 6 score: -10 time: 80 nodes: 147967 hashfull: 2
depth: 7 score: -1 time: 80 nodes: 260519 hashfull: 5
depth: 8 score: -8 time: 594 nodes: 1092227 hashfull: 24
depth: 9 score: -3 time: 1674 nodes: 3081557 hashfull: 70
depth: 10 score: 5 time: 2880 nodes: 6844742 hashfull: 136
[DEBUG] [Parser] Wrote to ouput file championship/chessproj-logic-and-proofs/move.csv move : b7b6
[32;1m[Game] [0mPlayer's error code: 0
[32;1m[Game] [0mChecking move validity...
[32;1m[Board] [0mInitializing board (size: 8)...
[32;1m[Board] [0m32 piece(s) on board.
[32;1m[Board] [0mLoading history file `championship/chessproj-logic-and-proofs/history.csv`...
[32;1m[Board] [0mLoaded 11 move(s).
[32;1m[Board] [0mHistory replayed, 32 piece(s) on board.
[32;1m[Board] [0mLoading move file `championship/chessproj-logic-and-proofs/move.csv`...
[32;1m[Board] [0mBlack player is playing b7 to b6.
[32;1m[Board] [0m
[32;1m[Board] [0m     a b c d e f g h
[32;1m[Board] [0m   -------------------
[32;1m[Board] [0m 8 ||[30;1mr[0m| |[30;1mb[0m|[30;1mQ[0m|[7;1m [0m|[30;1mr[0m|[30;1mK[0m| || 8
[32;1m[Board] [0m   -------------------
[32;1m[Board] [0m 7 ||[30;1mp[0m|[7;1m [0m|[30;1mp[0m|[30;1mp[0m| |[30;1mp[0m|[30;1mp[0m|[30;1mp[0m|| 7
[32;1m[Board] [0m   -------------------
[32;1m[Board] [0m 6 ||[7;1m [0m|[30;1mp[0m|[30;1mk[0m|[30;1mb[0m|[7;1m [0m|[30;1mk[0m|[7;1m [0m| || 6
[32;1m[Board] [0m   -------------------
[32;1m[Board] [0m 5 || |[7;1m [0m| |[7;1m [0m|[30;1mp[0m|[7;1m [0m| |[7;1m [0m|| 5
[32;1m[Board] [0m   -------------------
[32;1m[Board] [0m 4 ||[7;1m [0m| |[7;1m [0m| |[0;1mp[0m| |[7;1m [0m| || 4
[32;1m[Board] [0m   -------------------
[32;1m[Board] [0m 3 || |[0;1mp[0m|[0;1mk[0m|[0;1mb[0m| |[0;1mk[0m| |[7;1m [0m|| 3
[32;1m[Board] [0m   -------------------
[32;1m[Board] [0m 2 ||[0;1mp[0m| |[0;1mp[0m|[0;1mp[0m|[7;1m [0m|[0;1mp[0m|[0;1mp[0m|[0;1mp[0m|| 2
[32;1m[Board] [0m   -------------------
[32;1m[Board] [0m 1 ||[0;1mr[0m|[7;1m [0m|[0;1mb[0m|[0;1mQ[0m|[0;1mK[0m|[7;1m [0m| |[0;1mr[0m|| 1
[32;1m[Board] [0m   -------------------
[32;1m[Board] [0m     a b c d e f g h
[32;1m[Board] [0m
[32;1m[Referee] [0mThis is the turn of the White player...
[32;1m[Game] [0mPlayer's error code: 0
[32;1m[Game] [0mChecking move validity...
[32;1m[Board] [0mInitializing board (size: 8)...
[32;1m[Board] [0m32 piece(s) on board.
[32;1m[Board] [0mLoading history file `championship/chessproj-logic-and-proofs/history.csv`...
[32;1m[Board] [0mLoaded 12 move(s).
[32;1m[Board] [0mHistory replayed, 32 piece(s) on board.
[32;1m[Board] [0mLoading move file `championship/chessproj-logic-and-proofs/move.csv`...
[32;1m[Board] [0mWhite player is playing a1 to b1.
[32;1m[Board] [0m
[32;1m[Board] [0m     a b c d e f g h
[32;1m[Board] [0m   -------------------
[32;1m[Board] [0m 8 ||[30;1mr[0m| |[30;1mb[0m|[30;1mQ[0m|[7;1m [0m|[30;1mr[0m|[30;1mK[0m| || 8
[32;1m[Board] [0m   -------------------
[32;1m[Board] [0m 7 ||[30;1mp[0m|[7;1m [0m|[30;1mp[0m|[30;1mp[0m| |[30;1mp[0m|[30;1mp[0m|[30;1mp[0m|| 7
[32;1m[Board] [0m   -------------------
[32;1m[Board] [0m 6 ||[7;1m [0m|[30;1mp[0m|[30;1mk[0m|[30;1mb[0m|[7;1m [0m|[30;1mk[0m|[7;1m [0m| || 6
[32;1m[Board] [0m   -------------------
[32;1m[Board] [0m 5 || |[7;1m [0m| |[7;1m [0m|[30;1mp[0m|[7;1m [0m| |[7;1m [0m|| 5
[32;1m[Board] [0m   -------------------
[32;1m[Board] [0m 4 ||[7;1m [0m| |[7;1m [0m| |[0;1mp[0m| |[7;1m [0m| || 4
[32;1m[Board] [0m   -------------------
[32;1m[Board] [0m 3 || |[0;1mp[0m|[0;1mk[0m|[0;1mb[0m| |[0;1mk[0m| |[7;1m [0m|| 3
[32;1m[Board] [0m   -------------------
[32;1m[Board] [0m 2 ||[0;1mp[0m| |[0;1mp[0m|[0;1mp[0m|[7;1m [0m|[0;1mp[0m|[0;1mp[0m|[0;1mp[0m|| 2
[32;1m[Board] [0m   -------------------
[32;1m[Board] [0m 1 || |[0;1mr[0m|[0;1mb[0m|[0;1mQ[0m|[0;1mK[0m|[7;1m [0m| |[0;1mr[0m|| 1
[32;1m[Board] [0m   -------------------
[32;1m[Board] [0m     a b c d e f g h
[32;1m[Board] [0m
[32;1m[Referee] [0mThis is the turn of the Black player...
[DEBUG] Input history filename: championship/chessproj-logic-and-proofs/history.csv
[DEBUG] Output move file: championship/chessproj-logic-and-proofs/move.csv
[Parser][ply=] 13
how i see the board before writing next move: Turn: Black
Enpassant: xx	Castling: WK xxx
   ---- ---- ---- ---- ---- ---- ---- ----
8 | r  |    | b  | q  |    | r  | k  |    |
   ---- ---- ---- ---- ---- ---- ---- ----
7 | p  |    | p  | p  |    | p  | p  | p  |
   ---- ---- ---- ---- ---- ---- ---- ----
6 |    | p  | n  | b  |    | n  |    |    |
   ---- ---- ---- ---- ---- ---- ---- ----
5 |    |    |    |    | p  |    |    |    |
   ---- ---- ---- ---- ---- ---- ---- ----
4 |    |    |    |    | P  |    |    |    |
   ---- ---- ---- ---- ---- ---- ---- ----
3 |    | P  | N  | B  |    | N  |    |    |
   ---- ---- ---- ---- ---- ---- ---- ----
2 | P  |    | P  | P  |    | P  | P  | P  |
   ---- ---- ---- ---- ---- ---- ---- ----
1 |    | R  | B  | Q  | K  |    |    | R  |
   ---- ---- ---- ---- ---- ---- ---- ----
    a    b    c    d    e    f    g    h
starting search...
depth: 1 score: 15 time: 0 nodes: 566 hashfull: 0
depth: 2 score: 15 time: 0 nodes: 1083 hashfull: 0
depth: 3 score: 19 time: 2 nodes: 3592 hashfull: 0
depth: 4 score: 19 time: 5 nodes: 9321 hashfull: 0
depth: 5 score: 23 time: 18 nodes: 23792 hashfull: 0
depth: 6 score: 36 time: 107 nodes: 133069 hashfull: 2
depth: 7 score: 35 time: 161 nodes: 299131 hashfull: 6
depth: 8 score: 35 time: 263 nodes: 573584 hashfull: 11
depth: 9 score: 34 time: 1387 nodes: 2068987 hashfull: 46
depth: 10 score: 34 time: 2863 nodes: 5062503 hashfull: 106
[DEBUG] [Parser] Wrote to ouput file championship/chessproj-logic-and-proofs/move.csv move : c8b7
[32;1m[Game] [0mPlayer's error code: 0
[32;1m[Game] [0mChecking move validity...
[32;1m[Board] [0mInitializing board (size: 8)...
[32;1m[Board] [0m32 piece(s) on board.
[32;1m[Board] [0mLoading history file `championship/chessproj-logic-and-proofs/history.csv`...
[32;1m[Board] [0mLoaded 13 move(s).
[32;1m[Board] [0mHistory replayed, 32 piece(s) on board.
[32;1m[Board] [0mLoading move file `championship/chessproj-logic-and-proofs/move.csv`...
[32;1m[Board] [0mBlack player is playing c8 to b7.
[32;1m[Board] [0m
[32;1m[Board] [0m     a b c d e f g h
[32;1m[Board] [0m   -------------------
[32;1m[Board] [0m 8 ||[30;1mr[0m| |[7;1m [0m|[30;1mQ[0m|[7;1m [0m|[30;1mr[0m|[30;1mK[0m| || 8
[32;1m[Board] [0m   -------------------
[32;1m[Board] [0m 7 ||[30;1mp[0m|[30;1mb[0m|[30;1mp[0m|[30;1mp[0m| |[30;1mp[0m|[30;1mp[0m|[30;1mp[0m|| 7
[32;1m[Board] [0m   -------------------
[32;1m[Board] [0m 6 ||[7;1m [0m|[30;1mp[0m|[30;1mk[0m|[30;1mb[0m|[7;1m [0m|[30;1mk[0m|[7;1m [0m| || 6
[32;1m[Board] [0m   -------------------
[32;1m[Board] [0m 5 || |[7;1m [0m| |[7;1m [0m|[30;1mp[0m|[7;1m [0m| |[7;1m [0m|| 5
[32;1m[Board] [0m   -------------------
[32;1m[Board] [0m 4 ||[7;1m [0m| |[7;1m [0m| |[0;1mp[0m| |[7;1m [0m| || 4
[32;1m[Board] [0m   -------------------
[32;1m[Board] [0m 3 || |[0;1mp[0m|[0;1mk[0m|[0;1mb[0m| |[0;1mk[0m| |[7;1m [0m|| 3
[32;1m[Board] [0m   -------------------
[32;1m[Board] [0m 2 ||[0;1mp[0m| |[0;1mp[0m|[0;1mp[0m|[7;1m [0m|[0;1mp[0m|[0;1mp[0m|[0;1mp[0m|| 2
[32;1m[Board] [0m   -------------------
[32;1m[Board] [0m 1 || |[0;1mr[0m|[0;1mb[0m|[0;1mQ[0m|[0;1mK[0m|[7;1m [0m| |[0;1mr[0m|| 1
[32;1m[Board] [0m   -------------------
[32;1m[Board] [0m     a b c d e f g h
[32;1m[Board] [0m
[32;1m[Referee] [0mThis is the turn of the White player...
[32;1m[Game] [0mPlayer's error code: 0
[32;1m[Game] [0mChecking move validity...
[32;1m[Board] [0mInitializing board (size: 8)...
[32;1m[Board] [0m32 piece(s) on board.
[32;1m[Board] [0mLoading history file `championship/chessproj-logic-and-proofs/history.csv`...
[32;1m[Board] [0mLoaded 14 move(s).
[32;1m[Board] [0mHistory replayed, 32 piece(s) on board.
[32;1m[Board] [0mLoading move file `championship/chessproj-logic-and-proofs/move.csv`...
[32;1m[Board] [0mWhite player is playing a2 to a3.
[32;1m[Board] [0m
[32;1m[Board] [0m     a b c d e f g h
[32;1m[Board] [0m   -------------------
[32;1m[Board] [0m 8 ||[30;1mr[0m| |[7;1m [0m|[30;1mQ[0m|[7;1m [0m|[30;1mr[0m|[30;1mK[0m| || 8
[32;1m[Board] [0m   -------------------
[32;1m[Board] [0m 7 ||[30;1mp[0m|[30;1mb[0m|[30;1mp[0m|[30;1mp[0m| |[30;1mp[0m|[30;1mp[0m|[30;1mp[0m|| 7
[32;1m[Board] [0m   -------------------
[32;1m[Board] [0m 6 ||[7;1m [0m|[30;1mp[0m|[30;1mk[0m|[30;1mb[0m|[7;1m [0m|[30;1mk[0m|[7;1m [0m| || 6
[32;1m[Board] [0m   -------------------
[32;1m[Board] [0m 5 || |[7;1m [0m| |[7;1m [0m|[30;1mp[0m|[7;1m [0m| |[7;1m [0m|| 5
[32;1m[Board] [0m   -------------------
[32;1m[Board] [0m 4 ||[7;1m [0m| |[7;1m [0m| |[0;1mp[0m| |[7;1m [0m| || 4
[32;1m[Board] [0m   -------------------
[32;1m[Board] [0m 3 ||[0;1mp[0m|[0;1mp[0m|[0;1mk[0m|[0;1mb[0m| |[0;1mk[0m| |[7;1m [0m|| 3
[32;1m[Board] [0m   -------------------
[32;1m[Board] [0m 2 ||[7;1m [0m| |[0;1mp[0m|[0;1mp[0m|[7;1m [0m|[0;1mp[0m|[0;1mp[0m|[0;1mp[0m|| 2
[32;1m[Board] [0m   -------------------
[32;1m[Board] [0m 1 || |[0;1mr[0m|[0;1mb[0m|[0;1mQ[0m|[0;1mK[0m|[7;1m [0m| |[0;1mr[0m|| 1
[32;1m[Board] [0m   -------------------
[32;1m[Board] [0m     a b c d e f g h
[32;1m[Board] [0m
[32;1m[Referee] [0mThis is the turn of the Black player...
[DEBUG] Input history filename: championship/chessproj-logic-and-proofs/history.csv
[DEBUG] Output move file: championship/chessproj-logic-and-proofs/move.csv
[Parser][ply=] 15
how i see the board before writing next move: Turn: Black
Enpassant: xx	Castling: WK xxx
   ---- ---- ---- ---- ---- ---- ---- ----
8 | r  |    |    | q  |    | r  | k  |    |
   ---- ---- ---- ---- ---- ---- ---- ----
7 | p  | b  | p  | p  |    | p  | p  | p  |
   ---- ---- ---- ---- ---- ---- ---- ----
6 |    | p  | n  | b  |    | n  |    |    |
   ---- ---- ---- ---- ---- ---- ---- ----
5 |    |    |    |    | p  |    |    |    |
   ---- ---- ---- ---- ---- ---- ---- ----
4 |    |    |    |    | P  |    |    |    |
   ---- ---- ---- ---- ---- ---- ---- ----
3 | P  | P  | N  | B  |    | N  |    |    |
   ---- ---- ---- ---- ---- ---- ---- ----
2 |    |    | P  | P  |    | P  | P  | P  |
   ---- ---- ---- ---- ---- ---- ---- ----
1 |    | R  | B  | Q  | K  |    |    | R  |
   ---- ---- ---- ---- ---- ---- ---- ----
    a    b    c    d    e    f    g    h
starting search...
depth: 1 score: 63 time: 0 nodes: 620 hashfull: 0
depth: 2 score: 58 time: 1 nodes: 1754 hashfull: 0
depth: 3 score: 64 time: 3 nodes: 5690 hashfull: 0
depth: 4 score: 46 time: 12 nodes: 21703 hashfull: 0
depth: 5 score: 46 time: 15 nodes: 43134 hashfull: 0
depth: 6 score: 49 time: 66 nodes: 133856 hashfull: 2
depth: 7 score: 45 time: 216 nodes: 408803 hashfull: 6
depth: 8 score: 56 time: 517 nodes: 1124145 hashfull: 20
depth: 9 score: 55 time: 806 nodes: 2369886 hashfull: 55
depth: 10 score: 55 time: 2127 nodes: 5428070 hashfull: 106
[DEBUG] [Parser] Wrote to ouput file championship/chessproj-logic-and-proofs/move.csv move : c6d4
[32;1m[Game] [0mPlayer's error code: 0
[32;1m[Game] [0mChecking move validity...
[32;1m[Board] [0mInitializing board (size: 8)...
[32;1m[Board] [0m32 piece(s) on board.
[32;1m[Board] [0mLoading history file `championship/chessproj-logic-and-proofs/history.csv`...
[32;1m[Board] [0mLoaded 15 move(s).
[32;1m[Board] [0mHistory replayed, 32 piece(s) on board.
[32;1m[Board] [0mLoading move file `championship/chessproj-logic-and-proofs/move.csv`...
[32;1m[Board] [0mBlack player is playing c6 to d4.
[32;1m[Board] [0m
[32;1m[Board] [0m     a b c d e f g h
[32;1m[Board] [0m   -------------------
[32;1m[Board] [0m 8 ||[30;1mr[0m| |[7;1m [0m|[30;1mQ[0m|[7;1m [0m|[30;1mr[0m|[30;1mK[0m| || 8
[32;1m[Board] [0m   -------------------
[32;1m[Board] [0m 7 ||[30;1mp[0m|[30;1mb[0m|[30;1mp[0m|[30;1mp[0m| |[30;1mp[0m|[30;1mp[0m|[30;1mp[0m|| 7
[32;1m[Board] [0m   -------------------
[32;1m[Board] [0m 6 ||[7;1m [0m|[30;1mp[0m|[7;1m [0m|[30;1mb[0m|[7;1m [0m|[30;1mk[0m|[7;1m [0m| || 6
[32;1m[Board] [0m   -------------------
[32;1m[Board] [0m 5 || |[7;1m [0m| |[7;1m [0m|[30;1mp[0m|[7;1m [0m| |[7;1m [0m|| 5
[32;1m[Board] [0m   -------------------
[32;1m[Board] [0m 4 ||[7;1m [0m| |[7;1m [0m|[30;1mk[0m|[0;1mp[0m| |[7;1m [0m| || 4
[32;1m[Board] [0m   -------------------
[32;1m[Board] [0m 3 ||[0;1mp[0m|[0;1mp[0m|[0;1mk[0m|[0;1mb[0m| |[0;1mk[0m| |[7;1m [0m|| 3
[32;1m[Board] [0m   -------------------
[32;1m[Board] [0m 2 ||[7;1m [0m| |[0;1mp[0m|[0;1mp[0m|[7;1m [0m|[0;1mp[0m|[0;1mp[0m|[0;1mp[0m|| 2
[32;1m[Board] [0m   -------------------
[32;1m[Board] [0m 1 || |[0;1mr[0m|[0;1mb[0m|[0;1mQ[0m|[0;1mK[0m|[7;1m [0m| |[0;1mr[0m|| 1
[32;1m[Board] [0m   -------------------
[32;1m[Board] [0m     a b c d e f g h
[32;1m[Board] [0m
[32;1m[Referee] [0mThis is the turn of the White player...
[32;1m[Game] [0mPlayer's error code: 0
[32;1m[Game] [0mChecking move validity...
[32;1m[Board] [0mInitializing board (size: 8)...
[32;1m[Board] [0m32 piece(s) on board.
[32;1m[Board] [0mLoading history file `championship/chessproj-logic-and-proofs/history.csv`...
[32;1m[Board] [0mLoaded 16 move(s).
[32;1m[Board] [0mHistory replayed, 32 piece(s) on board.
[32;1m[Board] [0mLoading move file `championship/chessproj-logic-and-proofs/move.csv`...
[32;1m[Board] [0mWhite player is playing e1 to g1.
[32;1m[Board] [0mWhite player is castling kingside...
[32;1m[Board] [0m
[32;1m[Board] [0m     a b c d e f g h
[32;1m[Board] [0m   -------------------
[32;1m[Board] [0m 8 ||[30;1mr[0m| |[7;1m [0m|[30;1mQ[0m|[7;1m [0m|[30;1mr[0m|[30;1mK[0m| || 8
[32;1m[Board] [0m   -------------------
[32;1m[Board] [0m 7 ||[30;1mp[0m|[30;1mb[0m|[30;1mp[0m|[30;1mp[0m| |[30;1mp[0m|[30;1mp[0m|[30;1mp[0m|| 7
[32;1m[Board] [0m   -------------------
[32;1m[Board] [0m 6 ||[7;1m [0m|[30;1mp[0m|[7;1m [0m|[30;1mb[0m|[7;1m [0m|[30;1mk[0m|[7;1m [0m| || 6
[32;1m[Board] [0m   -------------------
[32;1m[Board] [0m 5 || |[7;1m [0m| |[7;1m [0m|[30;1mp[0m|[7;1m [0m| |[7;1m [0m|| 5
[32;1m[Board] [0m   -------------------
[32;1m[Board] [0m 4 ||[7;1m [0m| |[7;1m [0m|[30;1mk[0m|[0;1mp[0m| |[7;1m [0m| || 4
[32;1m[Board] [0m   -------------------
[32;1m[Board] [0m 3 ||[0;1mp[0m|[0;1mp[0m|[0;1mk[0m|[0;1mb[0m| |[0;1mk[0m| |[7;1m [0m|| 3
[32;1m[Board] [0m   -------------------
[32;1m[Board] [0m 2 ||[7;1m [0m| |[0;1mp[0m|[0;1mp[0m|[7;1m [0m|[0;1mp[0m|[0;1mp[0m|[0;1mp[0m|| 2
[32;1m[Board] [0m   -------------------
[32;1m[Board] [0m 1 || |[0;1mr[0m|[0;1mb[0m|[0;1mQ[0m| |[0;1mr[0m|[0;1mK[0m|[7;1m [0m|| 1
[32;1m[Board] [0m   -------------------
[32;1m[Board] [0m     a b c d e f g h
[32;1m[Board] [0m
[32;1m[Referee] [0mThis is the turn of the Black player...
[DEBUG] Input history filename: championship/chessproj-logic-and-proofs/history.csv
[DEBUG] Output move file: championship/chessproj-logic-and-proofs/move.csv
[Parser][ply=] 17
how i see the board before writing next move: Turn: Black
Enpassant: xx	Castling: xxxx
   ---- ---- ---- ---- ---- ---- ---- ----
8 | r  |    |    | q  |    | r  | k  |    |
   ---- ---- ---- ---- ---- ---- ---- ----
7 | p  | b  | p  | p  |    | p  | p  | p  |
   ---- ---- ---- ---- ---- ---- ---- ----
6 |    | p  |    | b  |    | n  |    |    |
   ---- ---- ---- ---- ---- ---- ---- ----
5 |    |    |    |    | p  |    |    |    |
   ---- ---- ---- ---- ---- ---- ---- ----
4 |    |    |    | n  | P  |    |    |    |
   ---- ---- ---- ---- ---- ---- ---- ----
3 | P  | P  | N  | B  |    | N  |    |    |
   ---- ---- ---- ---- ---- ---- ---- ----
2 |    |    | P  | P  |    | P  | P  | P  |
   ---- ---- ---- ---- ---- ---- ---- ----
1 |    | R  | B  | Q  |    | R  | K  |    |
   ---- ---- ---- ---- ---- ---- ---- ----
    a    b    c    d    e    f    g    h
starting search...
depth: 1 score: 50 time: 3 nodes: 410 hashfull: 0
depth: 2 score: 34 time: 5 nodes: 2044 hashfull: 0
depth: 3 score: 34 time: 5 nodes: 3891 hashfull: 0
depth: 4 score: 63 time: 24 nodes: 14734 hashfull: 0
depth: 5 score: 63 time: 24 nodes: 27913 hashfull: 0
depth: 6 score: 56 time: 151 nodes: 139339 hashfull: 3
depth: 7 score: 55 time: 298 nodes: 353151 hashfull: 7
depth: 8 score: 55 time: 514 nodes: 790922 hashfull: 14
depth: 9 score: 62 time: 1625 nodes: 2907037 hashfull: 71
depth: 10 score: 54 time: 4260 nodes: 8798612 hashfull: 154
[DEBUG] [Parser] Wrote to ouput file championship/chessproj-logic-and-proofs/move.csv move : d8e7
[32;1m[Game] [0mPlayer's error code: 0
[32;1m[Game] [0mChecking move validity...
[32;1m[Board] [0mInitializing board (size: 8)...
[32;1m[Board] [0m32 piece(s) on board.
[32;1m[Board] [0mLoading history file `championship/chessproj-logic-and-proofs/history.csv`...
[32;1m[Board] [0mLoaded 17 move(s).
[32;1m[Board] [0mHistory replayed, 32 piece(s) on board.
[32;1m[Board] [0mLoading move file `championship/chessproj-logic-and-proofs/move.csv`...
[32;1m[Board] [0mBlack player is playing d8 to e7.
[32;1m[Board] [0m
[32;1m[Board] [0m     a b c d e f g h
[32;1m[Board] [0m   -------------------
[32;1m[Board] [0m 8 ||[30;1mr[0m| |[7;1m [0m| |[7;1m [0m|[30;1mr[0m|[30;1mK[0m| || 8
[32;1m[Board] [0m   -------------------
[32;1m[Board] [0m 7 ||[30;1mp[0m|[30;1mb[0m|[30;1mp[0m|[30;1mp[0m|[30;1mQ[0m|[30;1mp[0m|[30;1mp[0m|[30;1mp[0m|| 7
[32;1m[Board] [0m   -------------------
[32;1m[Board] [0m 6 ||[7;1m [0m|[30;1mp[0m|[7;1m [0m|[30;1mb[0m|[7;1m [0m|[30;1mk[0m|[7;1m [0m| || 6
[32;1m[Board] [0m   -------------------
[32;1m[Board] [0m 5 || |[7;1m [0m| |[7;1m [0m|[30;1mp[0m|[7;1m [0m| |[7;1m [0m|| 5
[32;1m[Board] [0m   -------------------
[32;1m[Board] [0m 4 ||[7;1m [0m| |[7;1m [0m|[30;1mk[0m|[0;1mp[0m| |[7;1m [0m| || 4
[32;1m[Board] [0m   -------------------
[32;1m[Board] [0m 3 ||[0;1mp[0m|[0;1mp[0m|[0;1mk[0m|[0;1mb[0m| |[0;1mk[0m| |[7;1m [0m|| 3
[32;1m[Board] [0m   -------------------
[32;1m[Board] [0m 2 ||[7;1m [0m| |[0;1mp[0m|[0;1mp[0m|[7;1m [0m|[0;1mp[0m|[0;1mp[0m|[0;1mp[0m|| 2
[32;1m[Board] [0m   -------------------
[32;1m[Board] [0m 1 || |[0;1mr[0m|[0;1mb[0m|[0;1mQ[0m| |[0;1mr[0m|[0;1mK[0m|[7;1m [0m|| 1
[32;1m[Board] [0m   -------------------
[32;1m[Board] [0m     a b c d e f g h
[32;1m[Board] [0m
[32;1m[Referee] [0mThis is the turn of the White player...
[32;1m[Game] [0mPlayer's error code: 0
[32;1m[Game] [0mChecking move validity...
[32;1m[Board] [0mInitializing board (size: 8)...
[32;1m[Board] [0m32 piece(s) on board.
[32;1m[Board] [0mLoading history file `championship/chessproj-logic-and-proofs/history.csv`...
[32;1m[Board] [0mLoaded 18 move(s).
[32;1m[Board] [0mHistory replayed, 32 piece(s) on board.
[32;1m[Board] [0mLoading move file `championship/chessproj-logic-and-proofs/move.csv`...
[32;1m[Board] [0mWhite player is playing b1 to a1.
[32;1m[Board] [0m
[32;1m[Board] [0m     a b c d e f g h
[32;1m[Board] [0m   -------------------
[32;1m[Board] [0m 8 ||[30;1mr[0m| |[7;1m [0m| |[7;1m [0m|[30;1mr[0m|[30;1mK[0m| || 8
[32;1m[Board] [0m   -------------------
[32;1m[Board] [0m 7 ||[30;1mp[0m|[30;1mb[0m|[30;1mp[0m|[30;1mp[0m|[30;1mQ[0m|[30;1mp[0m|[30;1mp[0m|[30;1mp[0m|| 7
[32;1m[Board] [0m   -------------------
[32;1m[Board] [0m 6 ||[7;1m [0m|[30;1mp[0m|[7;1m [0m|[30;1mb[0m|[7;1m [0m|[30;1mk[0m|[7;1m [0m| || 6
[32;1m[Board] [0m   -------------------
[32;1m[Board] [0m 5 || |[7;1m [0m| |[7;1m [0m|[30;1mp[0m|[7;1m [0m| |[7;1m [0m|| 5
[32;1m[Board] [0m   -------------------
[32;1m[Board] [0m 4 ||[7;1m [0m| |[7;1m [0m|[30;1mk[0m|[0;1mp[0m| |[7;1m [0m| || 4
[32;1m[Board] [0m   -------------------
[32;1m[Board] [0m 3 ||[0;1mp[0m|[0;1mp[0m|[0;1mk[0m|[0;1mb[0m| |[0;1mk[0m| |[7;1m [0m|| 3
[32;1m[Board] [0m   -------------------
[32;1m[Board] [0m 2 ||[7;1m [0m| |[0;1mp[0m|[0;1mp[0m|[7;1m [0m|[0;1mp[0m|[0;1mp[0m|[0;1mp[0m|| 2
[32;1m[Board] [0m   -------------------
[32;1m[Board] [0m 1 ||[0;1mr[0m|[7;1m [0m|[0;1mb[0m|[0;1mQ[0m| |[0;1mr[0m|[0;1mK[0m|[7;1m [0m|| 1
[32;1m[Board] [0m   -------------------
[32;1m[Board] [0m     a b c d e f g h
[32;1m[Board] [0m
[32;1m[Referee] [0mThis is the turn of the Black player...
[DEBUG] Input history filename: championship/chessproj-logic-and-proofs/history.csv
[DEBUG] Output move file: championship/chessproj-logic-and-proofs/move.csv
[Parser][ply=] 19
how i see the board before writing next move: Turn: Black
Enpassant: xx	Castling: xxxx
   ---- ---- ---- ---- ---- ---- ---- ----
8 | r  |    |    |    |    | r  | k  |    |
   ---- ---- ---- ---- ---- ---- ---- ----
7 | p  | b  | p  | p  | q  | p  | p  | p  |
   ---- ---- ---- ---- ---- ---- ---- ----
6 |    | p  |    | b  |    | n  |    |    |
   ---- ---- ---- ---- ---- ---- ---- ----
5 |    |    |    |    | p  |    |    |    |
   ---- ---- ---- ---- ---- ---- ---- ----
4 |    |    |    | n  | P  |    |    |    |
   ---- ---- ---- ---- ---- ---- ---- ----
3 | P  | P  | N  | B  |    | N  |    |    |
   ---- ---- ---- ---- ---- ---- ---- ----
2 |    |    | P  | P  |    | P  | P  | P  |
   ---- ---- ---- ---- ---- ---- ---- ----
1 | R  |    | B  | Q  |    | R  | K  |    |
   ---- ---- ---- ---- ---- ---- ---- ----
    a    b    c    d    e    f    g    h
starting search...
depth: 1 score: 81 time: 0 nodes: 539 hashfull: 0
depth: 2 score: 63 time: 5 nodes: 2857 hashfull: 0
depth: 3 score: 63 time: 1 nodes: 5488 hashfull: 0
depth: 4 score: 67 time: 13 nodes: 15245 hashfull: 0
depth: 5 score: 67 time: 28 nodes: 36226 hashfull: 0
depth: 6 score: 67 time: 142 nodes: 136855 hashfull: 3
depth: 7 score: 67 time: 163 nodes: 351946 hashfull: 7
depth: 8 score: 66 time: 423 nodes: 935162 hashfull: 16
depth: 9 score: 66 time: 1791 nodes: 3670030 hashfull: 87
[DEBUG] [Parser] Wrote to ouput file championship/chessproj-logic-and-proofs/move.csv move : a8d8
[32;1m[Game] [0mPlayer's error code: 0
[32;1m[Game] [0mChecking move validity...
[32;1m[Board] [0mInitializing board (size: 8)...
[32;1m[Board] [0m32 piece(s) on board.
[32;1m[Board] [0mLoading history file `championship/chessproj-logic-and-proofs/history.csv`...
[32;1m[Board] [0mLoaded 19 move(s).
[32;1m[Board] [0mHistory replayed, 32 piece(s) on board.
[32;1m[Board] [0mLoading move file `championship/chessproj-logic-and-proofs/move.csv`...
[32;1m[Board] [0mBlack player is playing a8 to d8.
[32;1m[Board] [0m
[32;1m[Board] [0m     a b c d e f g h
[32;1m[Board] [0m   -------------------
[32;1m[Board] [0m 8 ||[7;1m [0m| |[7;1m [0m|[30;1mr[0m|[7;1m [0m|[30;1mr[0m|[30;1mK[0m| || 8
[32;1m[Board] [0m   -------------------
[32;1m[Board] [0m 7 ||[30;1mp[0m|[30;1mb[0m|[30;1mp[0m|[30;1mp[0m|[30;1mQ[0m|[30;1mp[0m|[30;1mp[0m|[30;1mp[0m|| 7
[32;1m[Board] [0m   -------------------
[32;1m[Board] [0m 6 ||[7;1m [0m|[30;1mp[0m|[7;1m [0m|[30;1mb[0m|[7;1m [0m|[30;1mk[0m|[7;1m [0m| || 6
[32;1m[Board] [0m   -------------------
[32;1m[Board] [0m 5 || |[7;1m [0m| |[7;1m [0m|[30;1mp[0m|[7;1m [0m| |[7;1m [0m|| 5
[32;1m[Board] [0m   -------------------
[32;1m[Board] [0m 4 ||[7;1m [0m| |[7;1m [0m|[30;1mk[0m|[0;1mp[0m| |[7;1m [0m| || 4
[32;1m[Board] [0m   -------------------
[32;1m[Board] [0m 3 ||[0;1mp[0m|[0;1mp[0m|[0;1mk[0m|[0;1mb[0m| |[0;1mk[0m| |[7;1m [0m|| 3
[32;1m[Board] [0m   -------------------
[32;1m[Board] [0m 2 ||[7;1m [0m| |[0;1mp[0m|[0;1mp[0m|[7;1m [0m|[0;1mp[0m|[0;1mp[0m|[0;1mp[0m|| 2
[32;1m[Board] [0m   -------------------
[32;1m[Board] [0m 1 ||[0;1mr[0m|[7;1m [0m|[0;1mb[0m|[0;1mQ[0m| |[0;1mr[0m|[0;1mK[0m|[7;1m [0m|| 1
[32;1m[Board] [0m   -------------------
[32;1m[Board] [0m     a b c d e f g h
[32;1m[Board] [0m
[32;1m[Referee] [0mThis is the turn of the White player...
[32;1m[Game] [0mPlayer's error code: 0
[32;1m[Game] [0mChecking move validity...
[32;1m[Board] [0mInitializing board (size: 8)...
[32;1m[Board] [0m32 piece(s) on board.
[32;1m[Board] [0mLoading history file `championship/chessproj-logic-and-proofs/history.csv`...
[32;1m[Board] [0mLoaded 20 move(s).
[32;1m[Board] [0mHistory replayed, 32 piece(s) on board.
[32;1m[Board] [0mLoading move file `championship/chessproj-logic-and-proofs/move.csv`...
[32;1m[Board] [0mWhite player is playing a3 to a4.
[32;1m[Board] [0m
[32;1m[Board] [0m     a b c d e f g h
[32;1m[Board] [0m   -------------------
[32;1m[Board] [0m 8 ||[7;1m [0m| |[7;1m [0m|[30;1mr[0m|[7;1m [0m|[30;1mr[0m|[30;1mK[0m| || 8
[32;1m[Board] [0m   -------------------
[32;1m[Board] [0m 7 ||[30;1mp[0m|[30;1mb[0m|[30;1mp[0m|[30;1mp[0m|[30;1mQ[0m|[30;1mp[0m|[30;1mp[0m|[30;1mp[0m|| 7
[32;1m[Board] [0m   -------------------
[32;1m[Board] [0m 6 ||[7;1m [0m|[30;1mp[0m|[7;1m [0m|[30;1mb[0m|[7;1m [0m|[30;1mk[0m|[7;1m [0m| || 6
[32;1m[Board] [0m   -------------------
[32;1m[Board] [0m 5 || |[7;1m [0m| |[7;1m [0m|[30;1mp[0m|[7;1m [0m| |[7;1m [0m|| 5
[32;1m[Board] [0m   -------------------
[32;1m[Board] [0m 4 ||[0;1mp[0m| |[7;1m [0m|[30;1mk[0m|[0;1mp[0m| |[7;1m [0m| || 4
[32;1m[Board] [0m   -------------------
[32;1m[Board] [0m 3 || |[0;1mp[0m|[0;1mk[0m|[0;1mb[0m| |[0;1mk[0m| |[7;1m [0m|| 3
[32;1m[Board] [0m   -------------------
[32;1m[Board] [0m 2 ||[7;1m [0m| |[0;1mp[0m|[0;1mp[0m|[7;1m [0m|[0;1mp[0m|[0;1mp[0m|[0;1mp[0m|| 2
[32;1m[Board] [0m   -------------------
[32;1m[Board] [0m 1 ||[0;1mr[0m|[7;1m [0m|[0;1mb[0m|[0;1mQ[0m| |[0;1mr[0m|[0;1mK[0m|[7;1m [0m|| 1
[32;1m[Board] [0m   -------------------
[32;1m[Board] [0m     a b c d e f g h
[32;1m[Board] [0m
[32;1m[Referee] [0mThis is the turn of the Black player...
[DEBUG] Input history filename: championship/chessproj-logic-and-proofs/history.csv
[DEBUG] Output move file: championship/chessproj-logic-and-proofs/move.csv
[Parser][ply=] 21
how i see the board before writing next move: Turn: Black
Enpassant: xx	Castling: xxxx
   ---- ---- ---- ---- ---- ---- ---- ----
8 |    |    |    | r  |    | r  | k  |    |
   ---- ---- ---- ---- ---- ---- ---- ----
7 | p  | b  | p  | p  | q  | p  | p  | p  |
   ---- ---- ---- ---- ---- ---- ---- ----
6 |    | p  |    | b  |    | n  |    |    |
   ---- ---- ---- ---- ---- ---- ---- ----
5 |    |    |    |    | p  |    |    |    |
   ---- ---- ---- ---- ---- ---- ---- ----
4 | P  |    |    | n  | P  |    |    |    |
   ---- ---- ---- ---- ---- ---- ---- ----
3 |    | P  | N  | B  |    | N  |    |    |
   ---- ---- ---- ---- ---- ---- ---- ----
2 |    |    | P  | P  |    | P  | P  | P  |
   ---- ---- ---- ---- ---- ---- ---- ----
1 | R  |    | B  | Q  |    | R  | K  |    |
   ---- ---- ---- ---- ---- ---- ---- ----
    a    b    c    d    e    f    g    h
starting search...
depth: 1 score: 94 time: 0 nodes: 377 hashfull: 0
depth: 2 score: 79 time: 3 nodes: 4223 hashfull: 0
depth: 3 score: 77 time: 2 nodes: 7879 hashfull: 0
depth: 4 score: 78 time: 14 nodes: 27355 hashfull: 0
depth: 5 score: 78 time: 12 nodes: 44506 hashfull: 0
depth: 6 score: 78 time: 77 nodes: 158062 hashfull: 3
depth: 7 score: 78 time: 157 nodes: 390184 hashfull: 7
depth: 8 score: 78 time: 304 nodes: 838177 hashfull: 14
depth: 9 score: 76 time: 1807 nodes: 3525984 hashfull: 76
depth: 10 score: 72 time: 4586 nodes: 9906971 hashfull: 164
[DEBUG] [Parser] Wrote to ouput file championship/chessproj-logic-and-proofs/move.csv move : d6c5
[32;1m[Game] [0mPlayer's error code: 0
[32;1m[Game] [0mChecking move validity...
[32;1m[Board] [0mInitializing board (size: 8)...
[32;1m[Board] [0m32 piece(s) on board.
[32;1m[Board] [0mLoading history file `championship/chessproj-logic-and-proofs/history.csv`...
[32;1m[Board] [0mLoaded 21 move(s).
[32;1m[Board] [0mHistory replayed, 32 piece(s) on board.
[32;1m[Board] [0mLoading move file `championship/chessproj-logic-and-proofs/move.csv`...
[32;1m[Board] [0mBlack player is playing d6 to c5.
[32;1m[Board] [0m
[32;1m[Board] [0m     a b c d e f g h
[32;1m[Board] [0m   -------------------
[32;1m[Board] [0m 8 ||[7;1m [0m| |[7;1m [0m|[30;1mr[0m|[7;1m [0m|[30;1mr[0m|[30;1mK[0m| || 8
[32;1m[Board] [0m   -------------------
[32;1m[Board] [0m 7 ||[30;1mp[0m|[30;1mb[0m|[30;1mp[0m|[30;1mp[0m|[30;1mQ[0m|[30;1mp[0m|[30;1mp[0m|[30;1mp[0m|| 7
[32;1m[Board] [0m   -------------------
[32;1m[Board] [0m 6 ||[7;1m [0m|[30;1mp[0m|[7;1m [0m| |[7;1m [0m|[30;1mk[0m|[7;1m [0m| || 6
[32;1m[Board] [0m   -------------------
[32;1m[Board] [0m 5 || |[7;1m [0m|[30;1mb[0m|[7;1m [0m|[30;1mp[0m|[7;1m [0m| |[7;1m [0m|| 5
[32;1m[Board] [0m   -------------------
[32;1m[Board] [0m 4 ||[0;1mp[0m| |[7;1m [0m|[30;1mk[0m|[0;1mp[0m| |[7;1m [0m| || 4
[32;1m[Board] [0m   -------------------
[32;1m[Board] [0m 3 || |[0;1mp[0m|[0;1mk[0m|[0;1mb[0m| |[0;1mk[0m| |[7;1m [0m|| 3
[32;1m[Board] [0m   -------------------
[32;1m[Board] [0m 2 ||[7;1m [0m| |[0;1mp[0m|[0;1mp[0m|[7;1m [0m|[0;1mp[0m|[0;1mp[0m|[0;1mp[0m|| 2
[32;1m[Board] [0m   -------------------
[32;1m[Board] [0m 1 ||[0;1mr[0m|[7;1m [0m|[0;1mb[0m|[0;1mQ[0m| |[0;1mr[0m|[0;1mK[0m|[7;1m [0m|| 1
[32;1m[Board] [0m   -------------------
[32;1m[Board] [0m     a b c d e f g h
[32;1m[Board] [0m
[32;1m[Referee] [0mThis is the turn of the White player...
[32;1m[Game] [0mPlayer's error code: 0
[32;1m[Game] [0mChecking move validity...
[32;1m[Board] [0mInitializing board (size: 8)...
[32;1m[Board] [0m32 piece(s) on board.
[32;1m[Board] [0mLoading history file `championship/chessproj-logic-and-proofs/history.csv`...
[32;1m[Board] [0mLoaded 22 move(s).
[32;1m[Board] [0mHistory replayed, 32 piece(s) on board.
[32;1m[Board] [0mLoading move file `championship/chessproj-logic-and-proofs/move.csv`...
[32;1m[Board] [0mWhite player is playing a1 to b1.
[32;1m[Board] [0m
[32;1m[Board] [0m     a b c d e f g h
[32;1m[Board] [0m   -------------------
[32;1m[Board] [0m 8 ||[7;1m [0m| |[7;1m [0m|[30;1mr[0m|[7;1m [0m|[30;1mr[0m|[30;1mK[0m| || 8
[32;1m[Board] [0m   -------------------
[32;1m[Board] [0m 7 ||[30;1mp[0m|[30;1mb[0m|[30;1mp[0m|[30;1mp[0m|[30;1mQ[0m|[30;1mp[0m|[30;1mp[0m|[30;1mp[0m|| 7
[32;1m[Board] [0m   -------------------
[32;1m[Board] [0m 6 ||[7;1m [0m|[30;1mp[0m|[7;1m [0m| |[7;1m [0m|[30;1mk[0m|[7;1m [0m| || 6
[32;1m[Board] [0m   -------------------
[32;1m[Board] [0m 5 || |[7;1m [0m|[30;1mb[0m|[7;1m [0m|[30;1mp[0m|[7;1m [0m| |[7;1m [0m|| 5
[32;1m[Board] [0m   -------------------
[32;1m[Board] [0m 4 ||[0;1mp[0m| |[7;1m [0m|[30;1mk[0m|[0;1mp[0m| |[7;1m [0m| || 4
[32;1m[Board] [0m   -------------------
[32;1m[Board] [0m 3 || |[0;1mp[0m|[0;1mk[0m|[0;1mb[0m| |[0;1mk[0m| |[7;1m [0m|| 3
[32;1m[Board] [0m   -------------------
[32;1m[Board] [0m 2 ||[7;1m [0m| |[0;1mp[0m|[0;1mp[0m|[7;1m [0m|[0;1mp[0m|[0;1mp[0m|[0;1mp[0m|| 2
[32;1m[Board] [0m   -------------------
[32;1m[Board] [0m 1 || |[0;1mr[0m|[0;1mb[0m|[0;1mQ[0m| |[0;1mr[0m|[0;1mK[0m|[7;1m [0m|| 1
[32;1m[Board] [0m   -------------------
[32;1m[Board] [0m     a b c d e f g h
[32;1m[Board] [0m
[32;1m[Referee] [0mThis is the turn of the Black player...
[DEBUG] Input history filename: championship/chessproj-logic-and-proofs/history.csv
[DEBUG] Output move file: championship/chessproj-logic-and-proofs/move.csv
[Parser][ply=] 23
how i see the board before writing next move: Turn: Black
Enpassant: xx	Castling: xxxx
   ---- ---- ---- ---- ---- ---- ---- ----
8 |    |    |    | r  |    | r  | k  |    |
   ---- ---- ---- ---- ---- ---- ---- ----
7 | p  | b  | p  | p  | q  | p  | p  | p  |
   ---- ---- ---- ---- ---- ---- ---- ----
6 |    | p  |    |    |    | n  |    |    |
   ---- ---- ---- ---- ---- ---- ---- ----
5 |    |    | b  |    | p  |    |    |    |
   ---- ---- ---- ---- ---- ---- ---- ----
4 | P  |    |    | n  | P  |    |    |    |
   ---- ---- ---- ---- ---- ---- ---- ----
3 |    | P  | N  | B  |    | N  |    |    |
   ---- ---- ---- ---- ---- ---- ---- ----
2 |    |    | P  | P  |    | P  | P  | P  |
   ---- ---- ---- ---- ---- ---- ---- ----
1 |    | R  | B  | Q  |    | R  | K  |    |
   ---- ---- ---- ---- ---- ---- ---- ----
    a    b    c    d    e    f    g    h
starting search...
depth: 1 score: 108 time: 4 nodes: 1081 hashfull: 0
depth: 2 score: 107 time: 8 nodes: 6566 hashfull: 0
depth: 3 score: 91 time: 20 nodes: 19510 hashfull: 0
depth: 4 score: 91 time: 30 nodes: 41183 hashfull: 0
depth: 5 score: 89 time: 17 nodes: 64274 hashfull: 0
depth: 6 score: 96 time: 66 nodes: 162499 hashfull: 3
depth: 7 score: 96 time: 155 nodes: 375387 hashfull: 6
depth: 8 score: 96 time: 354 nodes: 891334 hashfull: 16
depth: 9 score: 96 time: 1710 nodes: 3515712 hashfull: 82
[DEBUG] [Parser] Wrote to ouput file championship/chessproj-logic-and-proofs/move.csv move : d7d5
[32;1m[Game] [0mPlayer's error code: 0
[32;1m[Game] [0mChecking move validity...
[32;1m[Board] [0mInitializing board (size: 8)...
[32;1m[Board] [0m32 piece(s) on board.
[32;1m[Board] [0mLoading history file `championship/chessproj-logic-and-proofs/history.csv`...
[32;1m[Board] [0mLoaded 23 move(s).
[32;1m[Board] [0mHistory replayed, 32 piece(s) on board.
[32;1m[Board] [0mLoading move file `championship/chessproj-logic-and-proofs/move.csv`...
[32;1m[Board] [0mBlack player is playing d7 to d5.
[32;1m[Board] [0m
[32;1m[Board] [0m     a b c d e f g h
[32;1m[Board] [0m   -------------------
[32;1m[Board] [0m 8 ||[7;1m [0m| |[7;1m [0m|[30;1mr[0m|[7;1m [0m|[30;1mr[0m|[30;1mK[0m| || 8
[32;1m[Board] [0m   -------------------
[32;1m[Board] [0m 7 ||[30;1mp[0m|[30;1mb[0m|[30;1mp[0m|[7;1m [0m|[30;1mQ[0m|[30;1mp[0m|[30;1mp[0m|[30;1mp[0m|| 7
[32;1m[Board] [0m   -------------------
[32;1m[Board] [0m 6 ||[7;1m [0m|[30;1mp[0m|[7;1m [0m| |[7;1m [0m|[30;1mk[0m|[7;1m [0m| || 6
[32;1m[Board] [0m   -------------------
[32;1m[Board] [0m 5 || |[7;1m [0m|[30;1mb[0m|[30;1mp[0m|[30;1mp[0m|[7;1m [0m| |[7;1m [0m|| 5
[32;1m[Board] [0m   -------------------
[32;1m[Board] [0m 4 ||[0;1mp[0m| |[7;1m [0m|[30;1mk[0m|[0;1mp[0m| |[7;1m [0m| || 4
[32;1m[Board] [0m   -------------------
[32;1m[Board] [0m 3 || |[0;1mp[0m|[0;1mk[0m|[0;1mb[0m| |[0;1mk[0m| |[7;1m [0m|| 3
[32;1m[Board] [0m   -------------------
[32;1m[Board] [0m 2 ||[7;1m [0m| |[0;1mp[0m|[0;1mp[0m|[7;1m [0m|[0;1mp[0m|[0;1mp[0m|[0;1mp[0m|| 2
[32;1m[Board] [0m   -------------------
[32;1m[Board] [0m 1 || |[0;1mr[0m|[0;1mb[0m|[0;1mQ[0m| |[0;1mr[0m|[0;1mK[0m|[7;1m [0m|| 1
[32;1m[Board] [0m   -------------------
[32;1m[Board] [0m     a b c d e f g h
[32;1m[Board] [0m
[32;1m[Referee] [0mThis is the turn of the White player...
[32;1m[Game] [0mPlayer's error code: 0
[32;1m[Game] [0mChecking move validity...
[32;1m[Board] [0mInitializing board (size: 8)...
[32;1m[Board] [0m32 piece(s) on board.
[32;1m[Board] [0mLoading history file `championship/chessproj-logic-and-proofs/history.csv`...
[32;1m[Board] [0mLoaded 24 move(s).
[32;1m[Board] [0mHistory replayed, 32 piece(s) on board.
[32;1m[Board] [0mLoading move file `championship/chessproj-logic-and-proofs/move.csv`...
[32;1m[Board] [0mWhite player is playing c3 to b5.
[32;1m[Board] [0m
[32;1m[Board] [0m     a b c d e f g h
[32;1m[Board] [0m   -------------------
[32;1m[Board] [0m 8 ||[7;1m [0m| |[7;1m [0m|[30;1mr[0m|[7;1m [0m|[30;1mr[0m|[30;1mK[0m| || 8
[32;1m[Board] [0m   -------------------
[32;1m[Board] [0m 7 ||[30;1mp[0m|[30;1mb[0m|[30;1mp[0m|[7;1m [0m|[30;1mQ[0m|[30;1mp[0m|[30;1mp[0m|[30;1mp[0m|| 7
[32;1m[Board] [0m   -------------------
[32;1m[Board] [0m 6 ||[7;1m [0m|[30;1mp[0m|[7;1m [0m| |[7;1m [0m|[30;1mk[0m|[7;1m [0m| || 6
[32;1m[Board] [0m   -------------------
[32;1m[Board] [0m 5 || |[0;1mk[0m|[30;1mb[0m|[30;1mp[0m|[30;1mp[0m|[7;1m [0m| |[7;1m [0m|| 5
[32;1m[Board] [0m   -------------------
[32;1m[Board] [0m 4 ||[0;1mp[0m| |[7;1m [0m|[30;1mk[0m|[0;1mp[0m| |[7;1m [0m| || 4
[32;1m[Board] [0m   -------------------
[32;1m[Board] [0m 3 || |[0;1mp[0m| |[0;1mb[0m| |[0;1mk[0m| |[7;1m [0m|| 3
[32;1m[Board] [0m   -------------------
[32;1m[Board] [0m 2 ||[7;1m [0m| |[0;1mp[0m|[0;1mp[0m|[7;1m [0m|[0;1mp[0m|[0;1mp[0m|[0;1mp[0m|| 2
[32;1m[Board] [0m   -------------------
[32;1m[Board] [0m 1 || |[0;1mr[0m|[0;1mb[0m|[0;1mQ[0m| |[0;1mr[0m|[0;1mK[0m|[7;1m [0m|| 1
[32;1m[Board] [0m   -------------------
[32;1m[Board] [0m     a b c d e f g h
[32;1m[Board] [0m
[32;1m[Referee] [0mThis is the turn of the Black player...
[DEBUG] Input history filename: championship/chessproj-logic-and-proofs/history.csv
[DEBUG] Output move file: championship/chessproj-logic-and-proofs/move.csv
[Parser][ply=] 25
how i see the board before writing next move: Turn: Black
Enpassant: xx	Castling: xxxx
   ---- ---- ---- ---- ---- ---- ---- ----
8 |    |    |    | r  |    | r  | k  |    |
   ---- ---- ---- ---- ---- ---- ---- ----
7 | p  | b  | p  |    | q  | p  | p  | p  |
   ---- ---- ---- ---- ---- ---- ---- ----
6 |    | p  |    |    |    | n  |    |    |
   ---- ---- ---- ---- ---- ---- ---- ----
5 |    | N  | b  | p  | p  |    |    |    |
   ---- ---- ---- ---- ---- ---- ---- ----
4 | P  |    |    | n  | P  |    |    |    |
   ---- ---- ---- ---- ---- ---- ---- ----
3 |    | P  |    | B  |    | N  |    |    |
   ---- ---- ---- ---- ---- ---- ---- ----
2 |    |    | P  | P  |    | P  | P  | P  |
   ---- ---- ---- ---- ---- ---- ---- ----
1 |    | R  | B  | Q  |    | R  | K  |    |
   ---- ---- ---- ---- ---- ---- ---- ----
    a    b    c    d    e    f    g    h
starting search...
depth: 1 score: 220 time: 1 nodes: 1558 hashfull: 0
depth: 2 score: 220 time: 0 nodes: 2077 hashfull: 0
depth: 3 score: 259 time: 3 nodes: 6952 hashfull: 0
depth: 4 score: 227 time: 4 nodes: 13586 hashfull: 0
depth: 5 score: 218 time: 17 nodes: 38881 hashfull: 0
depth: 6 score: 222 time: 40 nodes: 101384 hashfull: 2
depth: 7 score: 248 time: 127 nodes: 279899 hashfull: 6
depth: 8 score: 227 time: 242 nodes: 632251 hashfull: 12
depth: 9 score: 243 time: 1393 nodes: 2881045 hashfull: 75
depth: 10 score: 243 time: 2463 nodes: 6563806 hashfull: 128
[DEBUG] [Parser] Wrote to ouput file championship/chessproj-logic-and-proofs/move.csv move : d5e4
[32;1m[Game] [0mPlayer's error code: 0
[32;1m[Game] [0mChecking move validity...
[32;1m[Board] [0mInitializing board (size: 8)...
[32;1m[Board] [0m32 piece(s) on board.
[32;1m[Board] [0mLoading history file `championship/chessproj-logic-and-proofs/history.csv`...
[32;1m[Board] [0mLoaded 25 move(s).
[32;1m[Board] [0mHistory replayed, 32 piece(s) on board.
[32;1m[Board] [0mLoading move file `championship/chessproj-logic-and-proofs/move.csv`...
[32;1m[Board] [0mBlack player is playing d5 to e4.
[32;1m[Board] [0m[5;1mBlack Pawn is taking White Pawn.[0m
[32;1m[Board] [0m
[32;1m[Board] [0m     a b c d e f g h
[32;1m[Board] [0m   -------------------
[32;1m[Board] [0m 8 ||[7;1m [0m| |[7;1m [0m|[30;1mr[0m|[7;1m [0m|[30;1mr[0m|[30;1mK[0m| || 8
[32;1m[Board] [0m   -------------------
[32;1m[Board] [0m 7 ||[30;1mp[0m|[30;1mb[0m|[30;1mp[0m|[7;1m [0m|[30;1mQ[0m|[30;1mp[0m|[30;1mp[0m|[30;1mp[0m|| 7
[32;1m[Board] [0m   -------------------
[32;1m[Board] [0m 6 ||[7;1m [0m|[30;1mp[0m|[7;1m [0m| |[7;1m [0m|[30;1mk[0m|[7;1m [0m| || 6
[32;1m[Board] [0m   -------------------
[32;1m[Board] [0m 5 || |[0;1mk[0m|[30;1mb[0m|[7;1m [0m|[30;1mp[0m|[7;1m [0m| |[7;1m [0m|| 5
[32;1m[Board] [0m   -------------------
[32;1m[Board] [0m 4 ||[0;1mp[0m| |[7;1m [0m|[30;1mk[0m|[30;1mp[0m| |[7;1m [0m| || 4
[32;1m[Board] [0m   -------------------
[32;1m[Board] [0m 3 || |[0;1mp[0m| |[0;1mb[0m| |[0;1mk[0m| |[7;1m [0m|| 3
[32;1m[Board] [0m   -------------------
[32;1m[Board] [0m 2 ||[7;1m [0m| |[0;1mp[0m|[0;1mp[0m|[7;1m [0m|[0;1mp[0m|[0;1mp[0m|[0;1mp[0m|| 2
[32;1m[Board] [0m   -------------------
[32;1m[Board] [0m 1 || |[0;1mr[0m|[0;1mb[0m|[0;1mQ[0m| |[0;1mr[0m|[0;1mK[0m|[7;1m [0m|| 1
[32;1m[Board] [0m   -------------------
[32;1m[Board] [0m     a b c d e f g h
[32;1m[Board] [0m
[32;1m[Referee] [0mThis is the turn of the White player...
[32;1m[Game] [0mPlayer's error code: 0
[32;1m[Game] [0mChecking move validity...
[32;1m[Board] [0mInitializing board (size: 8)...
[32;1m[Board] [0m32 piece(s) on board.
[32;1m[Board] [0mLoading history file `championship/chessproj-logic-and-proofs/history.csv`...
[32;1m[Board] [0mLoaded 26 move(s).
[32;1m[Board] [0mHistory replayed, 31 piece(s) on board.
[32;1m[Board] [0mLoading move file `championship/chessproj-logic-and-proofs/move.csv`...
[32;1m[Board] [0mWhite player is playing b5 to d4.
[32;1m[Board] [0m[5;1mWhite Knight is taking Black Knight.[0m
[32;1m[Board] [0m
[32;1m[Board] [0m     a b c d e f g h
[32;1m[Board] [0m   -------------------
[32;1m[Board] [0m 8 ||[7;1m [0m| |[7;1m [0m|[30;1mr[0m|[7;1m [0m|[30;1mr[0m|[30;1mK[0m| || 8
[32;1m[Board] [0m   -------------------
[32;1m[Board] [0m 7 ||[30;1mp[0m|[30;1mb[0m|[30;1mp[0m|[7;1m [0m|[30;1mQ[0m|[30;1mp[0m|[30;1mp[0m|[30;1mp[0m|| 7
[32;1m[Board] [0m   -------------------
[32;1m[Board] [0m 6 ||[7;1m [0m|[30;1mp[0m|[7;1m [0m| |[7;1m [0m|[30;1mk[0m|[7;1m [0m| || 6
[32;1m[Board] [0m   -------------------
[32;1m[Board] [0m 5 || |[7;1m [0m|[30;1mb[0m|[7;1m [0m|[30;1mp[0m|[7;1m [0m| |[7;1m [0m|| 5
[32;1m[Board] [0m   -------------------
[32;1m[Board] [0m 4 ||[0;1mp[0m| |[7;1m [0m|[0;1mk[0m|[30;1mp[0m| |[7;1m [0m| || 4
[32;1m[Board] [0m   -------------------
[32;1m[Board] [0m 3 || |[0;1mp[0m| |[0;1mb[0m| |[0;1mk[0m| |[7;1m [0m|| 3
[32;1m[Board] [0m   -------------------
[32;1m[Board] [0m 2 ||[7;1m [0m| |[0;1mp[0m|[0;1mp[0m|[7;1m [0m|[0;1mp[0m|[0;1mp[0m|[0;1mp[0m|| 2
[32;1m[Board] [0m   -------------------
[32;1m[Board] [0m 1 || |[0;1mr[0m|[0;1mb[0m|[0;1mQ[0m| |[0;1mr[0m|[0;1mK[0m|[7;1m [0m|| 1
[32;1m[Board] [0m   -------------------
[32;1m[Board] [0m     a b c d e f g h
[32;1m[Board] [0m
[32;1m[Referee] [0mThis is the turn of the Black player...
[DEBUG] Input history filename: championship/chessproj-logic-and-proofs/history.csv
[DEBUG] Output move file: championship/chessproj-logic-and-proofs/move.csv
[Parser][ply=] 27
how i see the board before writing next move: Turn: Black
Enpassant: xx	Castling: xxxx
   ---- ---- ---- ---- ---- ---- ---- ----
8 |    |    |    | r  |    | r  | k  |    |
   ---- ---- ---- ---- ---- ---- ---- ----
7 | p  | b  | p  |    | q  | p  | p  | p  |
   ---- ---- ---- ---- ---- ---- ---- ----
6 |    | p  |    |    |    | n  |    |    |
   ---- ---- ---- ---- ---- ---- ---- ----
5 |    |    | b  |    | p  |    |    |    |
   ---- ---- ---- ---- ---- ---- ---- ----
4 | P  |    |    | N  | p  |    |    |    |
   ---- ---- ---- ---- ---- ---- ---- ----
3 |    | P  |    | B  |    | N  |    |    |
   ---- ---- ---- ---- ---- ---- ---- ----
2 |    |    | P  | P  |    | P  | P  | P  |
   ---- ---- ---- ---- ---- ---- ---- ----
1 |    | R  | B  | Q  |    | R  | K  |    |
   ---- ---- ---- ---- ---- ---- ---- ----
    a    b    c    d    e    f    g    h
starting search...
depth: 1 score: 259 time: 0 nodes: 103 hashfull: 0
depth: 2 score: 227 time: 0 nodes: 1018 hashfull: 0
depth: 3 score: 227 time: 1 nodes: 3163 hashfull: 0
depth: 4 score: 231 time: 6 nodes: 12146 hashfull: 0
depth: 5 score: 249 time: 15 nodes: 32571 hashfull: 0
depth: 6 score: 361 time: 81 nodes: 153196 hashfull: 2
depth: 7 score: 361 time: 128 nodes: 336949 hashfull: 7
depth: 8 score: 371 time: 269 nodes: 732224 hashfull: 14
depth: 9 score: 417 time: 1390 nodes: 3027804 hashfull: 81
depth: 10 score: 405 time: 3115 nodes: 7561884 hashfull: 146
[DEBUG] [Parser] Wrote to ouput file championship/chessproj-logic-and-proofs/move.csv move : e5d4
[32;1m[Game] [0mPlayer's error code: 0
[32;1m[Game] [0mChecking move validity...
[32;1m[Board] [0mInitializing board (size: 8)...
[32;1m[Board] [0m32 piece(s) on board.
[32;1m[Board] [0mLoading history file `championship/chessproj-logic-and-proofs/history.csv`...
[32;1m[Board] [0mLoaded 27 move(s).
[32;1m[Board] [0mHistory replayed, 30 piece(s) on board.
[32;1m[Board] [0mLoading move file `championship/chessproj-logic-and-proofs/move.csv`...
[32;1m[Board] [0mBlack player is playing e5 to d4.
[32;1m[Board] [0m[5;1mBlack Pawn is taking White Knight.[0m
[32;1m[Board] [0m
[32;1m[Board] [0m     a b c d e f g h
[32;1m[Board] [0m   -------------------
[32;1m[Board] [0m 8 ||[7;1m [0m| |[7;1m [0m|[30;1mr[0m|[7;1m [0m|[30;1mr[0m|[30;1mK[0m| || 8
[32;1m[Board] [0m   -------------------
[32;1m[Board] [0m 7 ||[30;1mp[0m|[30;1mb[0m|[30;1mp[0m|[7;1m [0m|[30;1mQ[0m|[30;1mp[0m|[30;1mp[0m|[30;1mp[0m|| 7
[32;1m[Board] [0m   -------------------
[32;1m[Board] [0m 6 ||[7;1m [0m|[30;1mp[0m|[7;1m [0m| |[7;1m [0m|[30;1mk[0m|[7;1m [0m| || 6
[32;1m[Board] [0m   -------------------
[32;1m[Board] [0m 5 || |[7;1m [0m|[30;1mb[0m|[7;1m [0m| |[7;1m [0m| |[7;1m [0m|| 5
[32;1m[Board] [0m   -------------------
[32;1m[Board] [0m 4 ||[0;1mp[0m| |[7;1m [0m|[30;1mp[0m|[30;1mp[0m| |[7;1m [0m| || 4
[32;1m[Board] [0m   -------------------
[32;1m[Board] [0m 3 || |[0;1mp[0m| |[0;1mb[0m| |[0;1mk[0m| |[7;1m [0m|| 3
[32;1m[Board] [0m   -------------------
[32;1m[Board] [0m 2 ||[7;1m [0m| |[0;1mp[0m|[0;1mp[0m|[7;1m [0m|[0;1mp[0m|[0;1mp[0m|[0;1mp[0m|| 2
[32;1m[Board] [0m   -------------------
[32;1m[Board] [0m 1 || |[0;1mr[0m|[0;1mb[0m|[0;1mQ[0m| |[0;1mr[0m|[0;1mK[0m|[7;1m [0m|| 1
[32;1m[Board] [0m   -------------------
[32;1m[Board] [0m     a b c d e f g h
[32;1m[Board] [0m
[32;1m[Referee] [0mThis is the turn of the White player...
[32;1m[Game] [0mPlayer's error code: 0
[32;1m[Game] [0mChecking move validity...
[32;1m[Board] [0mInitializing board (size: 8)...
[32;1m[Board] [0m32 piece(s) on board.
[32;1m[Board] [0mLoading history file `championship/chessproj-logic-and-proofs/history.csv`...
[32;1m[Board] [0mLoaded 28 move(s).
[32;1m[Board] [0mHistory replayed, 29 piece(s) on board.
[32;1m[Board] [0mLoading move file `championship/chessproj-logic-and-proofs/move.csv`...
[32;1m[Board] [0mWhite player is playing f1 to e1.
[32;1m[Board] [0m
[32;1m[Board] [0m     a b c d e f g h
[32;1m[Board] [0m   -------------------
[32;1m[Board] [0m 8 ||[7;1m [0m| |[7;1m [0m|[30;1mr[0m|[7;1m [0m|[30;1mr[0m|[30;1mK[0m| || 8
[32;1m[Board] [0m   -------------------
[32;1m[Board] [0m 7 ||[30;1mp[0m|[30;1mb[0m|[30;1mp[0m|[7;1m [0m|[30;1mQ[0m|[30;1mp[0m|[30;1mp[0m|[30;1mp[0m|| 7
[32;1m[Board] [0m   -------------------
[32;1m[Board] [0m 6 ||[7;1m [0m|[30;1mp[0m|[7;1m [0m| |[7;1m [0m|[30;1mk[0m|[7;1m [0m| || 6
[32;1m[Board] [0m   -------------------
[32;1m[Board] [0m 5 || |[7;1m [0m|[30;1mb[0m|[7;1m [0m| |[7;1m [0m| |[7;1m [0m|| 5
[32;1m[Board] [0m   -------------------
[32;1m[Board] [0m 4 ||[0;1mp[0m| |[7;1m [0m|[30;1mp[0m|[30;1mp[0m| |[7;1m [0m| || 4
[32;1m[Board] [0m   -------------------
[32;1m[Board] [0m 3 || |[0;1mp[0m| |[0;1mb[0m| |[0;1mk[0m| |[7;1m [0m|| 3
[32;1m[Board] [0m   -------------------
[32;1m[Board] [0m 2 ||[7;1m [0m| |[0;1mp[0m|[0;1mp[0m|[7;1m [0m|[0;1mp[0m|[0;1mp[0m|[0;1mp[0m|| 2
[32;1m[Board] [0m   -------------------
[32;1m[Board] [0m 1 || |[0;1mr[0m|[0;1mb[0m|[0;1mQ[0m|[0;1mr[0m|[7;1m [0m|[0;1mK[0m|[7;1m [0m|| 1
[32;1m[Board] [0m   -------------------
[32;1m[Board] [0m     a b c d e f g h
[32;1m[Board] [0m
[32;1m[Referee] [0mThis is the turn of the Black player...
[DEBUG] Input history filename: championship/chessproj-logic-and-proofs/history.csv
[DEBUG] Output move file: championship/chessproj-logic-and-proofs/move.csv
[Parser][ply=] 29
how i see the board before writing next move: Turn: Black
Enpassant: xx	Castling: xxxx
   ---- ---- ---- ---- ---- ---- ---- ----
8 |    |    |    | r  |    | r  | k  |    |
   ---- ---- ---- ---- ---- ---- ---- ----
7 | p  | b  | p  |    | q  | p  | p  | p  |
   ---- ---- ---- ---- ---- ---- ---- ----
6 |    | p  |    |    |    | n  |    |    |
   ---- ---- ---- ---- ---- ---- ---- ----
5 |    |    | b  |    |    |    |    |    |
   ---- ---- ---- ---- ---- ---- ---- ----
4 | P  |    |    | p  | p  |    |    |    |
   ---- ---- ---- ---- ---- ---- ---- ----
3 |    | P  |    | B  |    | N  |    |    |
   ---- ---- ---- ---- ---- ---- ---- ----
2 |    |    | P  | P  |    | P  | P  | P  |
   ---- ---- ---- ---- ---- ---- ---- ----
1 |    | R  | B  | Q  | R  |    | K  |    |
   ---- ---- ---- ---- ---- ---- ---- ----
    a    b    c    d    e    f    g    h
starting search...
depth: 1 score: 203 time: 4 nodes: 514 hashfull: 0
depth: 2 score: 259 time: 7 nodes: 4039 hashfull: 0
depth: 3 score: 259 time: 13 nodes: 8588 hashfull: 0
depth: 4 score: 361 time: 14 nodes: 18031 hashfull: 0
depth: 5 score: 361 time: 41 nodes: 38728 hashfull: 0
depth: 6 score: 371 time: 130 nodes: 173310 hashfull: 2
depth: 7 score: 417 time: 288 nodes: 452771 hashfull: 7
depth: 8 score: 405 time: 464 nodes: 948469 hashfull: 16
depth: 9 score: 402 time: 2389 nodes: 3818065 hashfull: 85
[DEBUG] [Parser] Wrote to ouput file championship/chessproj-logic-and-proofs/move.csv move : e7d6
[32;1m[Game] [0mPlayer's error code: 0
[32;1m[Game] [0mChecking move validity...
[32;1m[Board] [0mInitializing board (size: 8)...
[32;1m[Board] [0m32 piece(s) on board.
[32;1m[Board] [0mLoading history file `championship/chessproj-logic-and-proofs/history.csv`...
[32;1m[Board] [0mLoaded 29 move(s).
[32;1m[Board] [0mHistory replayed, 29 piece(s) on board.
[32;1m[Board] [0mLoading move file `championship/chessproj-logic-and-proofs/move.csv`...
[32;1m[Board] [0mBlack player is playing e7 to d6.
[32;1m[Board] [0m
[32;1m[Board] [0m     a b c d e f g h
[32;1m[Board] [0m   -------------------
[32;1m[Board] [0m 8 ||[7;1m [0m| |[7;1m [0m|[30;1mr[0m|[7;1m [0m|[30;1mr[0m|[30;1mK[0m| || 8
[32;1m[Board] [0m   -------------------
[32;1m[Board] [0m 7 ||[30;1mp[0m|[30;1mb[0m|[30;1mp[0m|[7;1m [0m| |[30;1mp[0m|[30;1mp[0m|[30;1mp[0m|| 7
[32;1m[Board] [0m   -------------------
[32;1m[Board] [0m 6 ||[7;1m [0m|[30;1mp[0m|[7;1m [0m|[30;1mQ[0m|[7;1m [0m|[30;1mk[0m|[7;1m [0m| || 6
[32;1m[Board] [0m   -------------------
[32;1m[Board] [0m 5 || |[7;1m [0m|[30;1mb[0m|[7;1m [0m| |[7;1m [0m| |[7;1m [0m|| 5
[32;1m[Board] [0m   -------------------
[32;1m[Board] [0m 4 ||[0;1mp[0m| |[7;1m [0m|[30;1mp[0m|[30;1mp[0m| |[7;1m [0m| || 4
[32;1m[Board] [0m   -------------------
[32;1m[Board] [0m 3 || |[0;1mp[0m| |[0;1mb[0m| |[0;1mk[0m| |[7;1m [0m|| 3
[32;1m[Board] [0m   -------------------
[32;1m[Board] [0m 2 ||[7;1m [0m| |[0;1mp[0m|[0;1mp[0m|[7;1m [0m|[0;1mp[0m|[0;1mp[0m|[0;1mp[0m|| 2
[32;1m[Board] [0m   -------------------
[32;1m[Board] [0m 1 || |[0;1mr[0m|[0;1mb[0m|[0;1mQ[0m|[0;1mr[0m|[7;1m [0m|[0;1mK[0m|[7;1m [0m|| 1
[32;1m[Board] [0m   -------------------
[32;1m[Board] [0m     a b c d e f g h
[32;1m[Board] [0m
[32;1m[Referee] [0mThis is the turn of the White player...
[32;1m[Game] [0mPlayer's error code: 0
[32;1m[Game] [0mChecking move validity...
[32;1m[Board] [0mInitializing board (size: 8)...
[32;1m[Board] [0m32 piece(s) on board.
[32;1m[Board] [0mLoading history file `championship/chessproj-logic-and-proofs/history.csv`...
[32;1m[Board] [0mLoaded 30 move(s).
[32;1m[Board] [0mHistory replayed, 29 piece(s) on board.
[32;1m[Board] [0mLoading move file `championship/chessproj-logic-and-proofs/move.csv`...
[32;1m[Board] [0mWhite player is playing d1 to e2.
[32;1m[Board] [0m
[32;1m[Board] [0m     a b c d e f g h
[32;1m[Board] [0m   -------------------
[32;1m[Board] [0m 8 ||[7;1m [0m| |[7;1m [0m|[30;1mr[0m|[7;1m [0m|[30;1mr[0m|[30;1mK[0m| || 8
[32;1m[Board] [0m   -------------------
[32;1m[Board] [0m 7 ||[30;1mp[0m|[30;1mb[0m|[30;1mp[0m|[7;1m [0m| |[30;1mp[0m|[30;1mp[0m|[30;1mp[0m|| 7
[32;1m[Board] [0m   -------------------
[32;1m[Board] [0m 6 ||[7;1m [0m|[30;1mp[0m|[7;1m [0m|[30;1mQ[0m|[7;1m [0m|[30;1mk[0m|[7;1m [0m| || 6
[32;1m[Board] [0m   -------------------
[32;1m[Board] [0m 5 || |[7;1m [0m|[30;1mb[0m|[7;1m [0m| |[7;1m [0m| |[7;1m [0m|| 5
[32;1m[Board] [0m   -------------------
[32;1m[Board] [0m 4 ||[0;1mp[0m| |[7;1m [0m|[30;1mp[0m|[30;1mp[0m| |[7;1m [0m| || 4
[32;1m[Board] [0m   -------------------
[32;1m[Board] [0m 3 || |[0;1mp[0m| |[0;1mb[0m| |[0;1mk[0m| |[7;1m [0m|| 3
[32;1m[Board] [0m   -------------------
[32;1m[Board] [0m 2 ||[7;1m [0m| |[0;1mp[0m|[0;1mp[0m|[0;1mQ[0m|[0;1mp[0m|[0;1mp[0m|[0;1mp[0m|| 2
[32;1m[Board] [0m   -------------------
[32;1m[Board] [0m 1 || |[0;1mr[0m|[0;1mb[0m|[7;1m [0m|[0;1mr[0m|[7;1m [0m|[0;1mK[0m|[7;1m [0m|| 1
[32;1m[Board] [0m   -------------------
[32;1m[Board] [0m     a b c d e f g h
[32;1m[Board] [0m
[32;1m[Referee] [0mThis is the turn of the Black player...
[DEBUG] Input history filename: championship/chessproj-logic-and-proofs/history.csv
[DEBUG] Output move file: championship/chessproj-logic-and-proofs/move.csv
[Parser][ply=] 31
how i see the board before writing next move: Turn: Black
Enpassant: xx	Castling: xxxx
   ---- ---- ---- ---- ---- ---- ---- ----
8 |    |    |    | r  |    | r  | k  |    |
   ---- ---- ---- ---- ---- ---- ---- ----
7 | p  | b  | p  |    |    | p  | p  | p  |
   ---- ---- ---- ---- ---- ---- ---- ----
6 |    | p  |    | q  |    | n  |    |    |
   ---- ---- ---- ---- ---- ---- ---- ----
5 |    |    | b  |    |    |    |    |    |
   ---- ---- ---- ---- ---- ---- ---- ----
4 | P  |    |    | p  | p  |    |    |    |
   ---- ---- ---- ---- ---- ---- ---- ----
3 |    | P  |    | B  |    | N  |    |    |
   ---- ---- ---- ---- ---- ---- ---- ----
2 |    |    | P  | P  | Q  | P  | P  | P  |
   ---- ---- ---- ---- ---- ---- ---- ----
1 |    | R  | B  |    | R  |    | K  |    |
   ---- ---- ---- ---- ---- ---- ---- ----
    a    b    c    d    e    f    g    h
starting search...
depth: 1 score: 454 time: 0 nodes: 141 hashfull: 0
depth: 2 score: 454 time: 0 nodes: 327 hashfull: 0
depth: 3 score: 480 time: 12 nodes: 6987 hashfull: 0
depth: 4 score: 543 time: 16 nodes: 24627 hashfull: 0
depth: 5 score: 553 time: 12 nodes: 38752 hashfull: 0
depth: 6 score: 556 time: 53 nodes: 108142 hashfull: 2
depth: 7 score: 560 time: 186 nodes: 316057 hashfull: 7
depth: 8 score: 528 time: 318 nodes: 783746 hashfull: 17
depth: 9 score: 557 time: 1282 nodes: 2909988 hashfull: 78
depth: 10 score: 542 time: 3246 nodes: 7990081 hashfull: 157
[DEBUG] [Parser] Wrote to ouput file championship/chessproj-logic-and-proofs/move.csv move : e4f3
[32;1m[Game] [0mPlayer's error code: 0
[32;1m[Game] [0mChecking move validity...
[32;1m[Board] [0mInitializing board (size: 8)...
[32;1m[Board] [0m32 piece(s) on board.
[32;1m[Board] [0mLoading history file `championship/chessproj-logic-and-proofs/history.csv`...
[32;1m[Board] [0mLoaded 31 move(s).
[32;1m[Board] [0mHistory replayed, 29 piece(s) on board.
[32;1m[Board] [0mLoading move file `championship/chessproj-logic-and-proofs/move.csv`...
[32;1m[Board] [0mBlack player is playing e4 to f3.
[32;1m[Board] [0m[5;1mBlack Pawn is taking White Knight.[0m
[32;1m[Board] [0m
[32;1m[Board] [0m     a b c d e f g h
[32;1m[Board] [0m   -------------------
[32;1m[Board] [0m 8 ||[7;1m [0m| |[7;1m [0m|[30;1mr[0m|[7;1m [0m|[30;1mr[0m|[30;1mK[0m| || 8
[32;1m[Board] [0m   -------------------
[32;1m[Board] [0m 7 ||[30;1mp[0m|[30;1mb[0m|[30;1mp[0m|[7;1m [0m| |[30;1mp[0m|[30;1mp[0m|[30;1mp[0m|| 7
[32;1m[Board] [0m   -------------------
[32;1m[Board] [0m 6 ||[7;1m [0m|[30;1mp[0m|[7;1m [0m|[30;1mQ[0m|[7;1m [0m|[30;1mk[0m|[7;1m [0m| || 6
[32;1m[Board] [0m   -------------------
[32;1m[Board] [0m 5 || |[7;1m [0m|[30;1mb[0m|[7;1m [0m| |[7;1m [0m| |[7;1m [0m|| 5
[32;1m[Board] [0m   -------------------
[32;1m[Board] [0m 4 ||[0;1mp[0m| |[7;1m [0m|[30;1mp[0m|[7;1m [0m| |[7;1m [0m| || 4
[32;1m[Board] [0m   -------------------
[32;1m[Board] [0m 3 || |[0;1mp[0m| |[0;1mb[0m| |[30;1mp[0m| |[7;1m [0m|| 3
[32;1m[Board] [0m   -------------------
[32;1m[Board] [0m 2 ||[7;1m [0m| |[0;1mp[0m|[0;1mp[0m|[0;1mQ[0m|[0;1mp[0m|[0;1mp[0m|[0;1mp[0m|| 2
[32;1m[Board] [0m   -------------------
[32;1m[Board] [0m 1 || |[0;1mr[0m|[0;1mb[0m|[7;1m [0m|[0;1mr[0m|[7;1m [0m|[0;1mK[0m|[7;1m [0m|| 1
[32;1m[Board] [0m   -------------------
[32;1m[Board] [0m     a b c d e f g h
[32;1m[Board] [0m
[32;1m[Referee] [0mThis is the turn of the White player...
[32;1m[Game] [0mPlayer's error code: 0
[32;1m[Game] [0mChecking move validity...
[32;1m[Board] [0mInitializing board (size: 8)...
[32;1m[Board] [0m32 piece(s) on board.
[32;1m[Board] [0mLoading history file `championship/chessproj-logic-and-proofs/history.csv`...
[32;1m[Board] [0mLoaded 32 move(s).
[32;1m[Board] [0mHistory replayed, 28 piece(s) on board.
[32;1m[Board] [0mLoading move file `championship/chessproj-logic-and-proofs/move.csv`...
[32;1m[Board] [0mWhite player is playing g2 to f3.
[32;1m[Board] [0m[5;1mWhite Pawn is taking Black Pawn.[0m
[32;1m[Board] [0m
[32;1m[Board] [0m     a b c d e f g h
[32;1m[Board] [0m   -------------------
[32;1m[Board] [0m 8 ||[7;1m [0m| |[7;1m [0m|[30;1mr[0m|[7;1m [0m|[30;1mr[0m|[30;1mK[0m| || 8
[32;1m[Board] [0m   -------------------
[32;1m[Board] [0m 7 ||[30;1mp[0m|[30;1mb[0m|[30;1mp[0m|[7;1m [0m| |[30;1mp[0m|[30;1mp[0m|[30;1mp[0m|| 7
[32;1m[Board] [0m   -------------------
[32;1m[Board] [0m 6 ||[7;1m [0m|[30;1mp[0m|[7;1m [0m|[30;1mQ[0m|[7;1m [0m|[30;1mk[0m|[7;1m [0m| || 6
[32;1m[Board] [0m   -------------------
[32;1m[Board] [0m 5 || |[7;1m [0m|[30;1mb[0m|[7;1m [0m| |[7;1m [0m| |[7;1m [0m|| 5
[32;1m[Board] [0m   -------------------
[32;1m[Board] [0m 4 ||[0;1mp[0m| |[7;1m [0m|[30;1mp[0m|[7;1m [0m| |[7;1m [0m| || 4
[32;1m[Board] [0m   -------------------
[32;1m[Board] [0m 3 || |[0;1mp[0m| |[0;1mb[0m| |[0;1mp[0m| |[7;1m [0m|| 3
[32;1m[Board] [0m   -------------------
[32;1m[Board] [0m 2 ||[7;1m [0m| |[0;1mp[0m|[0;1mp[0m|[0;1mQ[0m|[0;1mp[0m|[7;1m [0m|[0;1mp[0m|| 2
[32;1m[Board] [0m   -------------------
[32;1m[Board] [0m 1 || |[0;1mr[0m|[0;1mb[0m|[7;1m [0m|[0;1mr[0m|[7;1m [0m|[0;1mK[0m|[7;1m [0m|| 1
[32;1m[Board] [0m   -------------------
[32;1m[Board] [0m     a b c d e f g h
[32;1m[Board] [0m
[32;1m[Referee] [0mThis is the turn of the Black player...
[DEBUG] Input history filename: championship/chessproj-logic-and-proofs/history.csv
[DEBUG] Output move file: championship/chessproj-logic-and-proofs/move.csv
[Parser][ply=] 33
how i see the board before writing next move: Turn: Black
Enpassant: xx	Castling: xxxx
   ---- ---- ---- ---- ---- ---- ---- ----
8 |    |    |    | r  |    | r  | k  |    |
   ---- ---- ---- ---- ---- ---- ---- ----
7 | p  | b  | p  |    |    | p  | p  | p  |
   ---- ---- ---- ---- ---- ---- ---- ----
6 |    | p  |    | q  |    | n  |    |    |
   ---- ---- ---- ---- ---- ---- ---- ----
5 |    |    | b  |    |    |    |    |    |
   ---- ---- ---- ---- ---- ---- ---- ----
4 | P  |    |    | p  |    |    |    |    |
   ---- ---- ---- ---- ---- ---- ---- ----
3 |    | P  |    | B  |    | P  |    |    |
   ---- ---- ---- ---- ---- ---- ---- ----
2 |    |    | P  | P  | Q  | P  |    | P  |
   ---- ---- ---- ---- ---- ---- ---- ----
1 |    | R  | B  |    | R  |    | K  |    |
   ---- ---- ---- ---- ---- ---- ---- ----
    a    b    c    d    e    f    g    h
starting search...
depth: 1 score: 470 time: 0 nodes: 170 hashfull: 0
depth: 2 score: 543 time: 3 nodes: 3834 hashfull: 0
depth: 3 score: 553 time: 2 nodes: 7102 hashfull: 0
depth: 4 score: 556 time: 4 nodes: 13511 hashfull: 0
depth: 5 score: 560 time: 13 nodes: 30385 hashfull: 0
depth: 6 score: 528 time: 54 nodes: 111500 hashfull: 3
depth: 7 score: 557 time: 130 nodes: 296056 hashfull: 7
depth: 8 score: 542 time: 310 nodes: 741879 hashfull: 16
depth: 9 score: 536 time: 1179 nodes: 2632584 hashfull: 71
depth: 10 score: 543 time: 3435 nodes: 6889154 hashfull: 148
[DEBUG] [Parser] Wrote to ouput file championship/chessproj-logic-and-proofs/move.csv move : d8e8
[32;1m[Game] [0mPlayer's error code: 0
[32;1m[Game] [0mChecking move validity...
[32;1m[Board] [0mInitializing board (size: 8)...
[32;1m[Board] [0m32 piece(s) on board.
[32;1m[Board] [0mLoading history file `championship/chessproj-logic-and-proofs/history.csv`...
[32;1m[Board] [0mLoaded 33 move(s).
[32;1m[Board] [0mHistory replayed, 27 piece(s) on board.
[32;1m[Board] [0mLoading move file `championship/chessproj-logic-and-proofs/move.csv`...
[32;1m[Board] [0mBlack player is playing d8 to e8.
[32;1m[Board] [0m
[32;1m[Board] [0m     a b c d e f g h
[32;1m[Board] [0m   -------------------
[32;1m[Board] [0m 8 ||[7;1m [0m| |[7;1m [0m| |[30;1mr[0m|[30;1mr[0m|[30;1mK[0m| || 8
[32;1m[Board] [0m   -------------------
[32;1m[Board] [0m 7 ||[30;1mp[0m|[30;1mb[0m|[30;1mp[0m|[7;1m [0m| |[30;1mp[0m|[30;1mp[0m|[30;1mp[0m|| 7
[32;1m[Board] [0m   -------------------
[32;1m[Board] [0m 6 ||[7;1m [0m|[30;1mp[0m|[7;1m [0m|[30;1mQ[0m|[7;1m [0m|[30;1mk[0m|[7;1m [0m| || 6
[32;1m[Board] [0m   -------------------
[32;1m[Board] [0m 5 || |[7;1m [0m|[30;1mb[0m|[7;1m [0m| |[7;1m [0m| |[7;1m [0m|| 5
[32;1m[Board] [0m   -------------------
[32;1m[Board] [0m 4 ||[0;1mp[0m| |[7;1m [0m|[30;1mp[0m|[7;1m [0m| |[7;1m [0m| || 4
[32;1m[Board] [0m   -------------------
[32;1m[Board] [0m 3 || |[0;1mp[0m| |[0;1mb[0m| |[0;1mp[0m| |[7;1m [0m|| 3
[32;1m[Board] [0m   -------------------
[32;1m[Board] [0m 2 ||[7;1m [0m| |[0;1mp[0m|[0;1mp[0m|[0;1mQ[0m|[0;1mp[0m|[7;1m [0m|[0;1mp[0m|| 2
[32;1m[Board] [0m   -------------------
[32;1m[Board] [0m 1 || |[0;1mr[0m|[0;1mb[0m|[7;1m [0m|[0;1mr[0m|[7;1m [0m|[0;1mK[0m|[7;1m [0m|| 1
[32;1m[Board] [0m   -------------------
[32;1m[Board] [0m     a b c d e f g h
[32;1m[Board] [0m
[32;1m[Referee] [0mThis is the turn of the White player...
[32;1m[Game] [0mPlayer's error code: 0
[32;1m[Game] [0mChecking move validity...
[32;1m[Board] [0mInitializing board (size: 8)...
[32;1m[Board] [0m32 piece(s) on board.
[32;1m[Board] [0mLoading history file `championship/chessproj-logic-and-proofs/history.csv`...
[32;1m[Board] [0mLoaded 34 move(s).
[32;1m[Board] [0mHistory replayed, 27 piece(s) on board.
[32;1m[Board] [0mLoading move file `championship/chessproj-logic-and-proofs/move.csv`...
[32;1m[Board] [0mWhite player is playing e2 to f1.
[32;1m[Board] [0m
[32;1m[Board] [0m     a b c d e f g h
[32;1m[Board] [0m   -------------------
[32;1m[Board] [0m 8 ||[7;1m [0m| |[7;1m [0m| |[30;1mr[0m|[30;1mr[0m|[30;1mK[0m| || 8
[32;1m[Board] [0m   -------------------
[32;1m[Board] [0m 7 ||[30;1mp[0m|[30;1mb[0m|[30;1mp[0m|[7;1m [0m| |[30;1mp[0m|[30;1mp[0m|[30;1mp[0m|| 7
[32;1m[Board] [0m   -------------------
[32;1m[Board] [0m 6 ||[7;1m [0m|[30;1mp[0m|[7;1m [0m|[30;1mQ[0m|[7;1m [0m|[30;1mk[0m|[7;1m [0m| || 6
[32;1m[Board] [0m   -------------------
[32;1m[Board] [0m 5 || |[7;1m [0m|[30;1mb[0m|[7;1m [0m| |[7;1m [0m| |[7;1m [0m|| 5
[32;1m[Board] [0m   -------------------
[32;1m[Board] [0m 4 ||[0;1mp[0m| |[7;1m [0m|[30;1mp[0m|[7;1m [0m| |[7;1m [0m| || 4
[32;1m[Board] [0m   -------------------
[32;1m[Board] [0m 3 || |[0;1mp[0m| |[0;1mb[0m| |[0;1mp[0m| |[7;1m [0m|| 3
[32;1m[Board] [0m   -------------------
[32;1m[Board] [0m 2 ||[7;1m [0m| |[0;1mp[0m|[0;1mp[0m|[7;1m [0m|[0;1mp[0m|[7;1m [0m|[0;1mp[0m|| 2
[32;1m[Board] [0m   -------------------
[32;1m[Board] [0m 1 || |[0;1mr[0m|[0;1mb[0m|[7;1m [0m|[0;1mr[0m|[0;1mQ[0m|[0;1mK[0m|[7;1m [0m|| 1
[32;1m[Board] [0m   -------------------
[32;1m[Board] [0m     a b c d e f g h
[32;1m[Board] [0m
[32;1m[Referee] [0mThis is the turn of the Black player...
[DEBUG] Input history filename: championship/chessproj-logic-and-proofs/history.csv
[DEBUG] Output move file: championship/chessproj-logic-and-proofs/move.csv
[Parser][ply=] 35
how i see the board before writing next move: Turn: Black
Enpassant: xx	Castling: xxxx
   ---- ---- ---- ---- ---- ---- ---- ----
8 |    |    |    |    | r  | r  | k  |    |
   ---- ---- ---- ---- ---- ---- ---- ----
7 | p  | b  | p  |    |    | p  | p  | p  |
   ---- ---- ---- ---- ---- ---- ---- ----
6 |    | p  |    | q  |    | n  |    |    |
   ---- ---- ---- ---- ---- ---- ---- ----
5 |    |    | b  |    |    |    |    |    |
   ---- ---- ---- ---- ---- ---- ---- ----
4 | P  |    |    | p  |    |    |    |    |
   ---- ---- ---- ---- ---- ---- ---- ----
3 |    | P  |    | B  |    | P  |    |    |
   ---- ---- ---- ---- ---- ---- ---- ----
2 |    |    | P  | P  |    | P  |    | P  |
   ---- ---- ---- ---- ---- ---- ---- ----
1 |    | R  | B  |    | R  | Q  | K  |    |
   ---- ---- ---- ---- ---- ---- ---- ----
    a    b    c    d    e    f    g    h
starting search...
depth: 1 score: 560 time: 0 nodes: 129 hashfull: 0
depth: 2 score: 556 time: 3 nodes: 359 hashfull: 0
depth: 3 score: 560 time: 5 nodes: 3169 hashfull: 0
depth: 4 score: 528 time: 11 nodes: 9816 hashfull: 0
depth: 5 score: 557 time: 18 nodes: 21822 hashfull: 0
depth: 6 score: 542 time: 85 nodes: 93787 hashfull: 3
depth: 7 score: 536 time: 109 nodes: 264443 hashfull: 6
depth: 8 score: 543 time: 192 nodes: 568719 hashfull: 12
depth: 9 score: 555 time: 1275 nodes: 2225874 hashfull: 64
depth: 10 score: 539 time: 2659 nodes: 5513600 hashfull: 125
depth: 11 score: 544 time: 3807 nodes: 11364109 hashfull: 218
[DEBUG] [Parser] Wrote to ouput file championship/chessproj-logic-and-proofs/move.csv move : b7f3
[32;1m[Game] [0mPlayer's error code: 0
[32;1m[Game] [0mChecking move validity...
[32;1m[Board] [0mInitializing board (size: 8)...
[32;1m[Board] [0m32 piece(s) on board.
[32;1m[Board] [0mLoading history file `championship/chessproj-logic-and-proofs/history.csv`...
[32;1m[Board] [0mLoaded 35 move(s).
[32;1m[Board] [0mHistory replayed, 27 piece(s) on board.
[32;1m[Board] [0mLoading move file `championship/chessproj-logic-and-proofs/move.csv`...
[32;1m[Board] [0mBlack player is playing b7 to f3.
[32;1m[Board] [0m[5;1mBlack Bishop is taking White Pawn.[0m
[32;1m[Board] [0m
[32;1m[Board] [0m     a b c d e f g h
[32;1m[Board] [0m   -------------------
[32;1m[Board] [0m 8 ||[7;1m [0m| |[7;1m [0m| |[30;1mr[0m|[30;1mr[0m|[30;1mK[0m| || 8
[32;1m[Board] [0m   -------------------
[32;1m[Board] [0m 7 ||[30;1mp[0m|[7;1m [0m|[30;1mp[0m|[7;1m [0m| |[30;1mp[0m|[30;1mp[0m|[30;1mp[0m|| 7
[32;1m[Board] [0m   -------------------
[32;1m[Board] [0m 6 ||[7;1m [0m|[30;1mp[0m|[7;1m [0m|[30;1mQ[0m|[7;1m [0m|[30;1mk[0m|[7;1m [0m| || 6
[32;1m[Board] [0m   -------------------
[32;1m[Board] [0m 5 || |[7;1m [0m|[30;1mb[0m|[7;1m [0m| |[7;1m [0m| |[7;1m [0m|| 5
[32;1m[Board] [0m   -------------------
[32;1m[Board] [0m 4 ||[0;1mp[0m| |[7;1m [0m|[30;1mp[0m|[7;1m [0m| |[7;1m [0m| || 4
[32;1m[Board] [0m   -------------------
[32;1m[Board] [0m 3 || |[0;1mp[0m| |[0;1mb[0m| |[30;1mb[0m| |[7;1m [0m|| 3
[32;1m[Board] [0m   -------------------
[32;1m[Board] [0m 2 ||[7;1m [0m| |[0;1mp[0m|[0;1mp[0m|[7;1m [0m|[0;1mp[0m|[7;1m [0m|[0;1mp[0m|| 2
[32;1m[Board] [0m   -------------------
[32;1m[Board] [0m 1 || |[0;1mr[0m|[0;1mb[0m|[7;1m [0m|[0;1mr[0m|[0;1mQ[0m|[0;1mK[0m|[7;1m [0m|| 1
[32;1m[Board] [0m   -------------------
[32;1m[Board] [0m     a b c d e f g h
[32;1m[Board] [0m
[32;1m[Referee] [0mThis is the turn of the White player...
[32;1m[Game] [0mPlayer's error code: 0
[32;1m[Game] [0mChecking move validity...
[32;1m[Board] [0mInitializing board (size: 8)...
[32;1m[Board] [0m32 piece(s) on board.
[32;1m[Board] [0mLoading history file `championship/chessproj-logic-and-proofs/history.csv`...
[32;1m[Board] [0mLoaded 36 move(s).
[32;1m[Board] [0mHistory replayed, 26 piece(s) on board.
[32;1m[Board] [0mLoading move file `championship/chessproj-logic-and-proofs/move.csv`...
[32;1m[Board] [0mWhite player is playing d3 to c4.
[32;1m[Board] [0m
[32;1m[Board] [0m     a b c d e f g h
[32;1m[Board] [0m   -------------------
[32;1m[Board] [0m 8 ||[7;1m [0m| |[7;1m [0m| |[30;1mr[0m|[30;1mr[0m|[30;1mK[0m| || 8
[32;1m[Board] [0m   -------------------
[32;1m[Board] [0m 7 ||[30;1mp[0m|[7;1m [0m|[30;1mp[0m|[7;1m [0m| |[30;1mp[0m|[30;1mp[0m|[30;1mp[0m|| 7
[32;1m[Board] [0m   -------------------
[32;1m[Board] [0m 6 ||[7;1m [0m|[30;1mp[0m|[7;1m [0m|[30;1mQ[0m|[7;1m [0m|[30;1mk[0m|[7;1m [0m| || 6
[32;1m[Board] [0m   -------------------
[32;1m[Board] [0m 5 || |[7;1m [0m|[30;1mb[0m|[7;1m [0m| |[7;1m [0m| |[7;1m [0m|| 5
[32;1m[Board] [0m   -------------------
[32;1m[Board] [0m 4 ||[0;1mp[0m| |[0;1mb[0m|[30;1mp[0m|[7;1m [0m| |[7;1m [0m| || 4
[32;1m[Board] [0m   -------------------
[32;1m[Board] [0m 3 || |[0;1mp[0m| |[7;1m [0m| |[30;1mb[0m| |[7;1m [0m|| 3
[32;1m[Board] [0m   -------------------
[32;1m[Board] [0m 2 ||[7;1m [0m| |[0;1mp[0m|[0;1mp[0m|[7;1m [0m|[0;1mp[0m|[7;1m [0m|[0;1mp[0m|| 2
[32;1m[Board] [0m   -------------------
[32;1m[Board] [0m 1 || |[0;1mr[0m|[0;1mb[0m|[7;1m [0m|[0;1mr[0m|[0;1mQ[0m|[0;1mK[0m|[7;1m [0m|| 1
[32;1m[Board] [0m   -------------------
[32;1m[Board] [0m     a b c d e f g h
[32;1m[Board] [0m
[32;1m[Referee] [0mThis is the turn of the Black player...
[DEBUG] Input history filename: championship/chessproj-logic-and-proofs/history.csv
[DEBUG] Output move file: championship/chessproj-logic-and-proofs/move.csv
[Parser][ply=] 37
how i see the board before writing next move: Turn: Black
Enpassant: xx	Castling: xxxx
   ---- ---- ---- ---- ---- ---- ---- ----
8 |    |    |    |    | r  | r  | k  |    |
   ---- ---- ---- ---- ---- ---- ---- ----
7 | p  |    | p  |    |    | p  | p  | p  |
   ---- ---- ---- ---- ---- ---- ---- ----
6 |    | p  |    | q  |    | n  |    |    |
   ---- ---- ---- ---- ---- ---- ---- ----
5 |    |    | b  |    |    |    |    |    |
   ---- ---- ---- ---- ---- ---- ---- ----
4 | P  |    | B  | p  |    |    |    |    |
   ---- ---- ---- ---- ---- ---- ---- ----
3 |    | P  |    |    |    | b  |    |    |
   ---- ---- ---- ---- ---- ---- ---- ----
2 |    |    | P  | P  |    | P  |    | P  |
   ---- ---- ---- ---- ---- ---- ---- ----
1 |    | R  | B  |    | R  | Q  | K  |    |
   ---- ---- ---- ---- ---- ---- ---- ----
    a    b    c    d    e    f    g    h
starting search...
depth: 1 score: 623 time: 0 nodes: 476 hashfull: 0
depth: 2 score: 592 time: 0 nodes: 859 hashfull: 0
depth: 3 score: 593 time: 2 nodes: 3911 hashfull: 0
depth: 4 score: 620 time: 22 nodes: 19902 hashfull: 0
depth: 5 score: 631 time: 30 nodes: 39549 hashfull: 0
depth: 6 score: 610 time: 106 nodes: 130861 hashfull: 3
depth: 7 score: 886 time: 392 nodes: 436284 hashfull: 9
depth: 8 score: 910 time: 223 nodes: 708773 hashfull: 14
depth: 9 score: 1137 time: 1218 nodes: 2665900 hashfull: 77
depth: 10 score: 1173 time: 2281 nodes: 6200941 hashfull: 131
depth: 11 score: 1218 time: 4026 nodes: 12404446 hashfull: 227
[DEBUG] [Parser] Wrote to ouput file championship/chessproj-logic-and-proofs/move.csv move : f6g4
[32;1m[Game] [0mPlayer's error code: 0
[32;1m[Game] [0mChecking move validity...
[32;1m[Board] [0mInitializing board (size: 8)...
[32;1m[Board] [0m32 piece(s) on board.
[32;1m[Board] [0mLoading history file `championship/chessproj-logic-and-proofs/history.csv`...
[32;1m[Board] [0mLoaded 37 move(s).
[32;1m[Board] [0mHistory replayed, 26 piece(s) on board.
[32;1m[Board] [0mLoading move file `championship/chessproj-logic-and-proofs/move.csv`...
[32;1m[Board] [0mBlack player is playing f6 to g4.
[32;1m[Board] [0m
[32;1m[Board] [0m     a b c d e f g h
[32;1m[Board] [0m   -------------------
[32;1m[Board] [0m 8 ||[7;1m [0m| |[7;1m [0m| |[30;1mr[0m|[30;1mr[0m|[30;1mK[0m| || 8
[32;1m[Board] [0m   -------------------
[32;1m[Board] [0m 7 ||[30;1mp[0m|[7;1m [0m|[30;1mp[0m|[7;1m [0m| |[30;1mp[0m|[30;1mp[0m|[30;1mp[0m|| 7
[32;1m[Board] [0m   -------------------
[32;1m[Board] [0m 6 ||[7;1m [0m|[30;1mp[0m|[7;1m [0m|[30;1mQ[0m|[7;1m [0m| |[7;1m [0m| || 6
[32;1m[Board] [0m   -------------------
[32;1m[Board] [0m 5 || |[7;1m [0m|[30;1mb[0m|[7;1m [0m| |[7;1m [0m| |[7;1m [0m|| 5
[32;1m[Board] [0m   -------------------
[32;1m[Board] [0m 4 ||[0;1mp[0m| |[0;1mb[0m|[30;1mp[0m|[7;1m [0m| |[30;1mk[0m| || 4
[32;1m[Board] [0m   -------------------
[32;1m[Board] [0m 3 || |[0;1mp[0m| |[7;1m [0m| |[30;1mb[0m| |[7;1m [0m|| 3
[32;1m[Board] [0m   -------------------
[32;1m[Board] [0m 2 ||[7;1m [0m| |[0;1mp[0m|[0;1mp[0m|[7;1m [0m|[0;1mp[0m|[7;1m [0m|[0;1mp[0m|| 2
[32;1m[Board] [0m   -------------------
[32;1m[Board] [0m 1 || |[0;1mr[0m|[0;1mb[0m|[7;1m [0m|[0;1mr[0m|[0;1mQ[0m|[0;1mK[0m|[7;1m [0m|| 1
[32;1m[Board] [0m   -------------------
[32;1m[Board] [0m     a b c d e f g h
[32;1m[Board] [0m
[32;1m[Referee] [0mThis is the turn of the White player...
[32;1m[Game] [0mPlayer's error code: 0
[32;1m[Game] [0mChecking move validity...
[32;1m[Board] [0mInitializing board (size: 8)...
[32;1m[Board] [0m32 piece(s) on board.
[32;1m[Board] [0mLoading history file `championship/chessproj-logic-and-proofs/history.csv`...
[32;1m[Board] [0mLoaded 38 move(s).
[32;1m[Board] [0mHistory replayed, 26 piece(s) on board.
[32;1m[Board] [0mLoading move file `championship/chessproj-logic-and-proofs/move.csv`...
[32;1m[Board] [0mWhite player is playing e1 to e6.
[32;1m[Board] [0m
[32;1m[Board] [0m     a b c d e f g h
[32;1m[Board] [0m   -------------------
[32;1m[Board] [0m 8 ||[7;1m [0m| |[7;1m [0m| |[30;1mr[0m|[30;1mr[0m|[30;1mK[0m| || 8
[32;1m[Board] [0m   -------------------
[32;1m[Board] [0m 7 ||[30;1mp[0m|[7;1m [0m|[30;1mp[0m|[7;1m [0m| |[30;1mp[0m|[30;1mp[0m|[30;1mp[0m|| 7
[32;1m[Board] [0m   -------------------
[32;1m[Board] [0m 6 ||[7;1m [0m|[30;1mp[0m|[7;1m [0m|[30;1mQ[0m|[0;1mr[0m| |[7;1m [0m| || 6
[32;1m[Board] [0m   -------------------
[32;1m[Board] [0m 5 || |[7;1m [0m|[30;1mb[0m|[7;1m [0m| |[7;1m [0m| |[7;1m [0m|| 5
[32;1m[Board] [0m   -------------------
[32;1m[Board] [0m 4 ||[0;1mp[0m| |[0;1mb[0m|[30;1mp[0m|[7;1m [0m| |[30;1mk[0m| || 4
[32;1m[Board] [0m   -------------------
[32;1m[Board] [0m 3 || |[0;1mp[0m| |[7;1m [0m| |[30;1mb[0m| |[7;1m [0m|| 3
[32;1m[Board] [0m   -------------------
[32;1m[Board] [0m 2 ||[7;1m [0m| |[0;1mp[0m|[0;1mp[0m|[7;1m [0m|[0;1mp[0m|[7;1m [0m|[0;1mp[0m|| 2
[32;1m[Board] [0m   -------------------
[32;1m[Board] [0m 1 || |[0;1mr[0m|[0;1mb[0m|[7;1m [0m| |[0;1mQ[0m|[0;1mK[0m|[7;1m [0m|| 1
[32;1m[Board] [0m   -------------------
[32;1m[Board] [0m     a b c d e f g h
[32;1m[Board] [0m
[32;1m[Referee] [0mThis is the turn of the Black player...
[DEBUG] Input history filename: championship/chessproj-logic-and-proofs/history.csv
[DEBUG] Output move file: championship/chessproj-logic-and-proofs/move.csv
[Parser][ply=] 39
how i see the board before writing next move: Turn: Black
Enpassant: xx	Castling: xxxx
   ---- ---- ---- ---- ---- ---- ---- ----
8 |    |    |    |    | r  | r  | k  |    |
   ---- ---- ---- ---- ---- ---- ---- ----
7 | p  |    | p  |    |    | p  | p  | p  |
   ---- ---- ---- ---- ---- ---- ---- ----
6 |    | p  |    | q  | R  |    |    |    |
   ---- ---- ---- ---- ---- ---- ---- ----
5 |    |    | b  |    |    |    |    |    |
   ---- ---- ---- ---- ---- ---- ---- ----
4 | P  |    | B  | p  |    |    | n  |    |
   ---- ---- ---- ---- ---- ---- ---- ----
3 |    | P  |    |    |    | b  |    |    |
   ---- ---- ---- ---- ---- ---- ---- ----
2 |    |    | P  | P  |    | P  |    | P  |
   ---- ---- ---- ---- ---- ---- ---- ----
1 |    | R  | B  |    |    | Q  | K  |    |
   ---- ---- ---- ---- ---- ---- ---- ----
    a    b    c    d    e    f    g    h
starting search...
depth: 1 score: 1051 time: 0 nodes: 100 hashfull: 0
depth: 2 score: 1020 time: 0 nodes: 361 hashfull: 0
depth: 3 score: 99999 time: 0 nodes: 1583 hashfull: 0
[DEBUG] [Parser] Wrote to ouput file championship/chessproj-logic-and-proofs/move.csv move : d6h2
[32;1m[Game] [0mPlayer's error code: 0
[32;1m[Game] [0mChecking move validity...
[32;1m[Board] [0mInitializing board (size: 8)...
[32;1m[Board] [0m32 piece(s) on board.
[32;1m[Board] [0mLoading history file `championship/chessproj-logic-and-proofs/history.csv`...
[32;1m[Board] [0mLoaded 39 move(s).
[32;1m[Board] [0mHistory replayed, 26 piece(s) on board.
[32;1m[Board] [0mLoading move file `championship/chessproj-logic-and-proofs/move.csv`...
[32;1m[Board] [0mBlack player is playing d6 to h2.
[32;1m[Board] [0m[5;1mBlack Queen is taking White Pawn.[0m
[32;1m[Board] [0m
[32;1m[Board] [0m     a b c d e f g h
[32;1m[Board] [0m   -------------------
[32;1m[Board] [0m 8 ||[7;1m [0m| |[7;1m [0m| |[30;1mr[0m|[30;1mr[0m|[30;1mK[0m| || 8
[32;1m[Board] [0m   -------------------
[32;1m[Board] [0m 7 ||[30;1mp[0m|[7;1m [0m|[30;1mp[0m|[7;1m [0m| |[30;1mp[0m|[30;1mp[0m|[30;1mp[0m|| 7
[32;1m[Board] [0m   -------------------
[32;1m[Board] [0m 6 ||[7;1m [0m|[30;1mp[0m|[7;1m [0m| |[0;1mr[0m| |[7;1m [0m| || 6
[32;1m[Board] [0m   -------------------
[32;1m[Board] [0m 5 || |[7;1m [0m|[30;1mb[0m|[7;1m [0m| |[7;1m [0m| |[7;1m [0m|| 5
[32;1m[Board] [0m   -------------------
[32;1m[Board] [0m 4 ||[0;1mp[0m| |[0;1mb[0m|[30;1mp[0m|[7;1m [0m| |[30;1mk[0m| || 4
[32;1m[Board] [0m   -------------------
[32;1m[Board] [0m 3 || |[0;1mp[0m| |[7;1m [0m| |[30;1mb[0m| |[7;1m [0m|| 3
[32;1m[Board] [0m   -------------------
[32;1m[Board] [0m 2 ||[7;1m [0m| |[0;1mp[0m|[0;1mp[0m|[7;1m [0m|[0;1mp[0m|[7;1m [0m|[30;1mQ[0m|| 2
[32;1m[Board] [0m   -------------------
[32;1m[Board] [0m 1 || |[0;1mr[0m|[0;1mb[0m|[7;1m [0m| |[0;1mQ[0m|[0;1mK[0m|[7;1m [0m|| 1
[32;1m[Board] [0m   -------------------
[32;1m[Board] [0m     a b c d e f g h
[32;1m[Board] [0m
[32;1m[Referee] [0mThis is the turn of the White player...
