[32;1m[Board] [0mInitializing board (size: 8)...
[32;1m[Board] [0m
[32;1m[Board] [0m     a b c d e f g h
[32;1m[Board] [0m   -------------------
[32;1m[Board] [0m 8 ||[30;1mr[0m|[30;1mk[0m|[30;1mb[0m|[30;1mQ[0m|[30;1mK[0m|[30;1mb[0m|[30;1mk[0m|[30;1mr[0m|| 8
[32;1m[Board] [0m   -------------------
[32;1m[Board] [0m 7 ||[30;1mp[0m|[30;1mp[0m|[30;1mp[0m|[30;1mp[0m|[30;1mp[0m|[30;1mp[0m|[30;1mp[0m|[30;1mp[0m|| 7
[32;1m[Board] [0m   -------------------
[32;1m[Board] [0m 6 ||[7;1m [0m| |[7;1m [0m| |[7;1m [0m| |[7;1m [0m| || 6
[32;1m[Board] [0m   -------------------
[32;1m[Board] [0m 5 || |[7;1m [0m| |[7;1m [0m| |[7;1m [0m| |[7;1m [0m|| 5
[32;1m[Board] [0m   -------------------
[32;1m[Board] [0m 4 ||[7;1m [0m| |[7;1m [0m| |[7;1m [0m| |[7;1m [0m| || 4
[32;1m[Board] [0m   -------------------
[32;1m[Board] [0m 3 || |[7;1m [0m| |[7;1m [0m| |[7;1m [0m| |[7;1m [0m|| 3
[32;1m[Board] [0m   -------------------
[32;1m[Board] [0m 2 ||[0;1mp[0m|[0;1mp[0m|[0;1mp[0m|[0;1mp[0m|[0;1mp[0m|[0;1mp[0m|[0;1mp[0m|[0;1mp[0m|| 2
[32;1m[Board] [0m   -------------------
[32;1m[Board] [0m 1 ||[0;1mr[0m|[0;1mk[0m|[0;1mb[0m|[0;1mQ[0m|[0;1mK[0m|[0;1mb[0m|[0;1mk[0m|[0;1mr[0m|| 1
[32;1m[Board] [0m   -------------------
[32;1m[Board] [0m     a b c d e f g h
[32;1m[Board] [0m
[32;1m[Referee] [0mThis is the turn of the White player...
Position after history:

  +-----------------+
8 | r n b q k b n r |
7 | p p p p p p p p |
6 | . . . . . . . . |
5 | . . . . . . . . |
4 | . . . . . . . . |
3 | . . . . . . . . |
2 | P P P P P P P P |
1 | R N B Q K B N R |
  +-----------------+
    a b c d e f g h
Side to move: White
Next move: g1f3 (score: -10)
[32;1m[Game] [0mPlayer's error code: 0
[32;1m[Game] [0mChecking move validity...
[32;1m[Board] [0mInitializing board (size: 8)...
[32;1m[Board] [0mLoading history file `championship/chesster-logic-and-proofs/history.csv`...
[32;1m[Board] [0mLoaded 0 move(s).
[32;1m[Board] [0mLoading move file `championship/chesster-logic-and-proofs/move.csv`...
[32;1m[Board] [0mWhite player is playing g1 to f3.
[32;1m[Board] [0m
[32;1m[Board] [0m     a b c d e f g h
[32;1m[Board] [0m   -------------------
[32;1m[Board] [0m 8 ||[30;1mr[0m|[30;1mk[0m|[30;1mb[0m|[30;1mQ[0m|[30;1mK[0m|[30;1mb[0m|[30;1mk[0m|[30;1mr[0m|| 8
[32;1m[Board] [0m   -------------------
[32;1m[Board] [0m 7 ||[30;1mp[0m|[30;1mp[0m|[30;1mp[0m|[30;1mp[0m|[30;1mp[0m|[30;1mp[0m|[30;1mp[0m|[30;1mp[0m|| 7
[32;1m[Board] [0m   -------------------
[32;1m[Board] [0m 6 ||[7;1m [0m| |[7;1m [0m| |[7;1m [0m| |[7;1m [0m| || 6
[32;1m[Board] [0m   -------------------
[32;1m[Board] [0m 5 || |[7;1m [0m| |[7;1m [0m| |[7;1m [0m| |[7;1m [0m|| 5
[32;1m[Board] [0m   -------------------
[32;1m[Board] [0m 4 ||[7;1m [0m| |[7;1m [0m| |[7;1m [0m| |[7;1m [0m| || 4
[32;1m[Board] [0m   -------------------
[32;1m[Board] [0m 3 || |[7;1m [0m| |[7;1m [0m| |[0;1mk[0m| |[7;1m [0m|| 3
[32;1m[Board] [0m   -------------------
[32;1m[Board] [0m 2 ||[0;1mp[0m|[0;1mp[0m|[0;1mp[0m|[0;1mp[0m|[0;1mp[0m|[0;1mp[0m|[0;1mp[0m|[0;1mp[0m|| 2
[32;1m[Board] [0m   -------------------
[32;1m[Board] [0m 1 ||[0;1mr[0m|[0;1mk[0m|[0;1mb[0m|[0;1mQ[0m|[0;1mK[0m|[0;1mb[0m| |[0;1mr[0m|| 1
[32;1m[Board] [0m   -------------------
[32;1m[Board] [0m     a b c d e f g h
[32;1m[Board] [0m
[32;1m[Referee] [0mThis is the turn of the Black player...
[DEBUG] Input history filename: championship/chesster-logic-and-proofs/history.csv
[DEBUG] Output move file: championship/chesster-logic-and-proofs/move.csv
[Parser][ply=] 1
how i see the board before writing next move: Turn: Black
Enpassant: xx	Castling: WK WQ BK BQ 
   ---- ---- ---- ---- ---- ---- ---- ----
8 | r  | n  | b  | q  | k  | b  | n  | r  |
   ---- ---- ---- ---- ---- ---- ---- ----
7 | p  | p  | p  | p  | p  | p  | p  | p  |
   ---- ---- ---- ---- ---- ---- ---- ----
6 |    |    |    |    |    |    |    |    |
   ---- ---- ---- ---- ---- ---- ---- ----
5 |    |    |    |    |    |    |    |    |
   ---- ---- ---- ---- ---- ---- ---- ----
4 |    |    |    |    |    |    |    |    |
   ---- ---- ---- ---- ---- ---- ---- ----
3 |    |    |    |    |    | N  |    |    |
   ---- ---- ---- ---- ---- ---- ---- ----
2 | P  | P  | P  | P  | P  | P  | P  | P  |
   ---- ---- ---- ---- ---- ---- ---- ----
1 | R  | N  | B  | Q  | K  | B  |    | R  |
   ---- ---- ---- ---- ---- ---- ---- ----
    a    b    c    d    e    f    g    h
starting search...
depth: 1 score: -87 time: 0 nodes: 40 hashfull: 0
depth: 2 score: -122 time: 0 nodes: 376 hashfull: 0
depth: 3 score: -89 time: 0 nodes: 1019 hashfull: 0
depth: 4 score: -122 time: 1 nodes: 3164 hashfull: 0
depth: 5 score: -90 time: 8 nodes: 15426 hashfull: 0
depth: 6 score: -113 time: 40 nodes: 78408 hashfull: 3
depth: 7 score: -88 time: 51 nodes: 156096 hashfull: 5
depth: 8 score: -113 time: 461 nodes: 853447 hashfull: 27
depth: 9 score: -99 time: 394 nodes: 1472805 hashfull: 47
depth: 10 score: -99 time: 1108 nodes: 3186724 hashfull: 93
depth: 11 score: -91 time: 4128 nodes: 9632983 hashfull: 231
[DEBUG] [Parser] Wrote to ouput file championship/chesster-logic-and-proofs/move.csv move : d7d5
[32;1m[Game] [0mPlayer's error code: 0
[32;1m[Game] [0mChecking move validity...
[32;1m[Board] [0mInitializing board (size: 8)...
[32;1m[Board] [0mLoading history file `championship/chesster-logic-and-proofs/history.csv`...
[32;1m[Board] [0mLoaded 1 move(s).
[32;1m[Board] [0mLoading move file `championship/chesster-logic-and-proofs/move.csv`...
[32;1m[Board] [0mBlack player is playing d7 to d5.
[32;1m[Board] [0m
[32;1m[Board] [0m     a b c d e f g h
[32;1m[Board] [0m   -------------------
[32;1m[Board] [0m 8 ||[30;1mr[0m|[30;1mk[0m|[30;1mb[0m|[30;1mQ[0m|[30;1mK[0m|[30;1mb[0m|[30;1mk[0m|[30;1mr[0m|| 8
[32;1m[Board] [0m   -------------------
[32;1m[Board] [0m 7 ||[30;1mp[0m|[30;1mp[0m|[30;1mp[0m|[7;1m [0m|[30;1mp[0m|[30;1mp[0m|[30;1mp[0m|[30;1mp[0m|| 7
[32;1m[Board] [0m   -------------------
[32;1m[Board] [0m 6 ||[7;1m [0m| |[7;1m [0m| |[7;1m [0m| |[7;1m [0m| || 6
[32;1m[Board] [0m   -------------------
[32;1m[Board] [0m 5 || |[7;1m [0m| |[30;1mp[0m| |[7;1m [0m| |[7;1m [0m|| 5
[32;1m[Board] [0m   -------------------
[32;1m[Board] [0m 4 ||[7;1m [0m| |[7;1m [0m| |[7;1m [0m| |[7;1m [0m| || 4
[32;1m[Board] [0m   -------------------
[32;1m[Board] [0m 3 || |[7;1m [0m| |[7;1m [0m| |[0;1mk[0m| |[7;1m [0m|| 3
[32;1m[Board] [0m   -------------------
[32;1m[Board] [0m 2 ||[0;1mp[0m|[0;1mp[0m|[0;1mp[0m|[0;1mp[0m|[0;1mp[0m|[0;1mp[0m|[0;1mp[0m|[0;1mp[0m|| 2
[32;1m[Board] [0m   -------------------
[32;1m[Board] [0m 1 ||[0;1mr[0m|[0;1mk[0m|[0;1mb[0m|[0;1mQ[0m|[0;1mK[0m|[0;1mb[0m| |[0;1mr[0m|| 1
[32;1m[Board] [0m   -------------------
[32;1m[Board] [0m     a b c d e f g h
[32;1m[Board] [0m
[32;1m[Referee] [0mThis is the turn of the White player...
Position after history:

  +-----------------+
8 | r n b q k b n r |
7 | p p p . p p p p |
6 | . . . . . . . . |
5 | . . . p . . . . |
4 | . . . . . . . . |
3 | . . . . . N . . |
2 | P P P P P P P P |
1 | R N B Q K B . R |
  +-----------------+
    a b c d e f g h
Side to move: White
Next move: b1c3 (score: 59)
[32;1m[Game] [0mPlayer's error code: 0
[32;1m[Game] [0mChecking move validity...
[32;1m[Board] [0mInitializing board (size: 8)...
[32;1m[Board] [0mLoading history file `championship/chesster-logic-and-proofs/history.csv`...
[32;1m[Board] [0mLoaded 2 move(s).
[32;1m[Board] [0mLoading move file `championship/chesster-logic-and-proofs/move.csv`...
[32;1m[Board] [0mWhite player is playing b1 to c3.
[32;1m[Board] [0m
[32;1m[Board] [0m     a b c d e f g h
[32;1m[Board] [0m   -------------------
[32;1m[Board] [0m 8 ||[30;1mr[0m|[30;1mk[0m|[30;1mb[0m|[30;1mQ[0m|[30;1mK[0m|[30;1mb[0m|[30;1mk[0m|[30;1mr[0m|| 8
[32;1m[Board] [0m   -------------------
[32;1m[Board] [0m 7 ||[30;1mp[0m|[30;1mp[0m|[30;1mp[0m|[7;1m [0m|[30;1mp[0m|[30;1mp[0m|[30;1mp[0m|[30;1mp[0m|| 7
[32;1m[Board] [0m   -------------------
[32;1m[Board] [0m 6 ||[7;1m [0m| |[7;1m [0m| |[7;1m [0m| |[7;1m [0m| || 6
[32;1m[Board] [0m   -------------------
[32;1m[Board] [0m 5 || |[7;1m [0m| |[30;1mp[0m| |[7;1m [0m| |[7;1m [0m|| 5
[32;1m[Board] [0m   -------------------
[32;1m[Board] [0m 4 ||[7;1m [0m| |[7;1m [0m| |[7;1m [0m| |[7;1m [0m| || 4
[32;1m[Board] [0m   -------------------
[32;1m[Board] [0m 3 || |[7;1m [0m|[0;1mk[0m|[7;1m [0m| |[0;1mk[0m| |[7;1m [0m|| 3
[32;1m[Board] [0m   -------------------
[32;1m[Board] [0m 2 ||[0;1mp[0m|[0;1mp[0m|[0;1mp[0m|[0;1mp[0m|[0;1mp[0m|[0;1mp[0m|[0;1mp[0m|[0;1mp[0m|| 2
[32;1m[Board] [0m   -------------------
[32;1m[Board] [0m 1 ||[0;1mr[0m|[7;1m [0m|[0;1mb[0m|[0;1mQ[0m|[0;1mK[0m|[0;1mb[0m| |[0;1mr[0m|| 1
[32;1m[Board] [0m   -------------------
[32;1m[Board] [0m     a b c d e f g h
[32;1m[Board] [0m
[32;1m[Referee] [0mThis is the turn of the Black player...
[DEBUG] Input history filename: championship/chesster-logic-and-proofs/history.csv
[DEBUG] Output move file: championship/chesster-logic-and-proofs/move.csv
[Parser][ply=] 3
how i see the board before writing next move: Turn: Black
Enpassant: xx	Castling: WK WQ BK BQ 
   ---- ---- ---- ---- ---- ---- ---- ----
8 | r  | n  | b  | q  | k  | b  | n  | r  |
   ---- ---- ---- ---- ---- ---- ---- ----
7 | p  | p  | p  |    | p  | p  | p  | p  |
   ---- ---- ---- ---- ---- ---- ---- ----
6 |    |    |    |    |    |    |    |    |
   ---- ---- ---- ---- ---- ---- ---- ----
5 |    |    |    | p  |    |    |    |    |
   ---- ---- ---- ---- ---- ---- ---- ----
4 |    |    |    |    |    |    |    |    |
   ---- ---- ---- ---- ---- ---- ---- ----
3 |    |    | N  |    |    | N  |    |    |
   ---- ---- ---- ---- ---- ---- ---- ----
2 | P  | P  | P  | P  | P  | P  | P  | P  |
   ---- ---- ---- ---- ---- ---- ---- ----
1 | R  |    | B  | Q  | K  | B  |    | R  |
   ---- ---- ---- ---- ---- ---- ---- ----
    a    b    c    d    e    f    g    h
starting search...
depth: 1 score: -88 time: 0 nodes: 114 hashfull: 0
depth: 2 score: -123 time: 0 nodes: 1185 hashfull: 0
depth: 3 score: -90 time: 0 nodes: 2313 hashfull: 0
depth: 4 score: -113 time: 4 nodes: 8208 hashfull: 0
depth: 5 score: -98 time: 23 nodes: 42958 hashfull: 1
depth: 6 score: -104 time: 255 nodes: 171559 hashfull: 5
depth: 7 score: -78 time: 223 nodes: 263912 hashfull: 7
depth: 8 score: -101 time: 235 nodes: 598626 hashfull: 18
depth: 9 score: -74 time: 729 nodes: 1666273 hashfull: 55
depth: 10 score: -84 time: 1780 nodes: 4354059 hashfull: 117
depth: 11 score: -85 time: 4329 nodes: 11126234 hashfull: 255
[DEBUG] [Parser] Wrote to ouput file championship/chesster-logic-and-proofs/move.csv move : d5d4
[32;1m[Game] [0mPlayer's error code: 0
[32;1m[Game] [0mChecking move validity...
[32;1m[Board] [0mInitializing board (size: 8)...
[32;1m[Board] [0mLoading history file `championship/chesster-logic-and-proofs/history.csv`...
[32;1m[Board] [0mLoaded 3 move(s).
[32;1m[Board] [0mLoading move file `championship/chesster-logic-and-proofs/move.csv`...
[32;1m[Board] [0mBlack player is playing d5 to d4.
[32;1m[Board] [0m
[32;1m[Board] [0m     a b c d e f g h
[32;1m[Board] [0m   -------------------
[32;1m[Board] [0m 8 ||[30;1mr[0m|[30;1mk[0m|[30;1mb[0m|[30;1mQ[0m|[30;1mK[0m|[30;1mb[0m|[30;1mk[0m|[30;1mr[0m|| 8
[32;1m[Board] [0m   -------------------
[32;1m[Board] [0m 7 ||[30;1mp[0m|[30;1mp[0m|[30;1mp[0m|[7;1m [0m|[30;1mp[0m|[30;1mp[0m|[30;1mp[0m|[30;1mp[0m|| 7
[32;1m[Board] [0m   -------------------
[32;1m[Board] [0m 6 ||[7;1m [0m| |[7;1m [0m| |[7;1m [0m| |[7;1m [0m| || 6
[32;1m[Board] [0m   -------------------
[32;1m[Board] [0m 5 || |[7;1m [0m| |[7;1m [0m| |[7;1m [0m| |[7;1m [0m|| 5
[32;1m[Board] [0m   -------------------
[32;1m[Board] [0m 4 ||[7;1m [0m| |[7;1m [0m|[30;1mp[0m|[7;1m [0m| |[7;1m [0m| || 4
[32;1m[Board] [0m   -------------------
[32;1m[Board] [0m 3 || |[7;1m [0m|[0;1mk[0m|[7;1m [0m| |[0;1mk[0m| |[7;1m [0m|| 3
[32;1m[Board] [0m   -------------------
[32;1m[Board] [0m 2 ||[0;1mp[0m|[0;1mp[0m|[0;1mp[0m|[0;1mp[0m|[0;1mp[0m|[0;1mp[0m|[0;1mp[0m|[0;1mp[0m|| 2
[32;1m[Board] [0m   -------------------
[32;1m[Board] [0m 1 ||[0;1mr[0m|[7;1m [0m|[0;1mb[0m|[0;1mQ[0m|[0;1mK[0m|[0;1mb[0m| |[0;1mr[0m|| 1
[32;1m[Board] [0m   -------------------
[32;1m[Board] [0m     a b c d e f g h
[32;1m[Board] [0m
[32;1m[Referee] [0mThis is the turn of the White player...
Position after history:

  +-----------------+
8 | r n b q k b n r |
7 | p p p . p p p p |
6 | . . . . . . . . |
5 | . . . . . . . . |
4 | . . . p . . . . |
3 | . . N . . N . . |
2 | P P P P P P P P |
1 | R . B Q K B . R |
  +-----------------+
    a b c d e f g h
Side to move: White
Next move: c3b5 (score: 123)
[32;1m[Game] [0mPlayer's error code: 0
[32;1m[Game] [0mChecking move validity...
[32;1m[Board] [0mInitializing board (size: 8)...
[32;1m[Board] [0mLoading history file `championship/chesster-logic-and-proofs/history.csv`...
[32;1m[Board] [0mLoaded 4 move(s).
[32;1m[Board] [0mLoading move file `championship/chesster-logic-and-proofs/move.csv`...
[32;1m[Board] [0mWhite player is playing c3 to b5.
[32;1m[Board] [0m
[32;1m[Board] [0m     a b c d e f g h
[32;1m[Board] [0m   -------------------
[32;1m[Board] [0m 8 ||[30;1mr[0m|[30;1mk[0m|[30;1mb[0m|[30;1mQ[0m|[30;1mK[0m|[30;1mb[0m|[30;1mk[0m|[30;1mr[0m|| 8
[32;1m[Board] [0m   -------------------
[32;1m[Board] [0m 7 ||[30;1mp[0m|[30;1mp[0m|[30;1mp[0m|[7;1m [0m|[30;1mp[0m|[30;1mp[0m|[30;1mp[0m|[30;1mp[0m|| 7
[32;1m[Board] [0m   -------------------
[32;1m[Board] [0m 6 ||[7;1m [0m| |[7;1m [0m| |[7;1m [0m| |[7;1m [0m| || 6
[32;1m[Board] [0m   -------------------
[32;1m[Board] [0m 5 || |[0;1mk[0m| |[7;1m [0m| |[7;1m [0m| |[7;1m [0m|| 5
[32;1m[Board] [0m   -------------------
[32;1m[Board] [0m 4 ||[7;1m [0m| |[7;1m [0m|[30;1mp[0m|[7;1m [0m| |[7;1m [0m| || 4
[32;1m[Board] [0m   -------------------
[32;1m[Board] [0m 3 || |[7;1m [0m| |[7;1m [0m| |[0;1mk[0m| |[7;1m [0m|| 3
[32;1m[Board] [0m   -------------------
[32;1m[Board] [0m 2 ||[0;1mp[0m|[0;1mp[0m|[0;1mp[0m|[0;1mp[0m|[0;1mp[0m|[0;1mp[0m|[0;1mp[0m|[0;1mp[0m|| 2
[32;1m[Board] [0m   -------------------
[32;1m[Board] [0m 1 ||[0;1mr[0m|[7;1m [0m|[0;1mb[0m|[0;1mQ[0m|[0;1mK[0m|[0;1mb[0m| |[0;1mr[0m|| 1
[32;1m[Board] [0m   -------------------
[32;1m[Board] [0m     a b c d e f g h
[32;1m[Board] [0m
[32;1m[Referee] [0mThis is the turn of the Black player...
[DEBUG] Input history filename: championship/chesster-logic-and-proofs/history.csv
[DEBUG] Output move file: championship/chesster-logic-and-proofs/move.csv
[Parser][ply=] 5
how i see the board before writing next move: Turn: Black
Enpassant: xx	Castling: WK WQ BK BQ 
   ---- ---- ---- ---- ---- ---- ---- ----
8 | r  | n  | b  | q  | k  | b  | n  | r  |
   ---- ---- ---- ---- ---- ---- ---- ----
7 | p  | p  | p  |    | p  | p  | p  | p  |
   ---- ---- ---- ---- ---- ---- ---- ----
6 |    |    |    |    |    |    |    |    |
   ---- ---- ---- ---- ---- ---- ---- ----
5 |    | N  |    |    |    |    |    |    |
   ---- ---- ---- ---- ---- ---- ---- ----
4 |    |    |    | p  |    |    |    |    |
   ---- ---- ---- ---- ---- ---- ---- ----
3 |    |    |    |    |    | N  |    |    |
   ---- ---- ---- ---- ---- ---- ---- ----
2 | P  | P  | P  | P  | P  | P  | P  | P  |
   ---- ---- ---- ---- ---- ---- ---- ----
1 | R  |    | B  | Q  | K  | B  |    | R  |
   ---- ---- ---- ---- ---- ---- ---- ----
    a    b    c    d    e    f    g    h
starting search...
depth: 1 score: -87 time: 0 nodes: 332 hashfull: 0
depth: 2 score: -104 time: 0 nodes: 683 hashfull: 0
depth: 3 score: -84 time: 3 nodes: 5018 hashfull: 0
depth: 4 score: -104 time: 2 nodes: 9221 hashfull: 0
depth: 5 score: -87 time: 15 nodes: 29826 hashfull: 0
depth: 6 score: -90 time: 29 nodes: 75689 hashfull: 1
depth: 7 score: -74 time: 88 nodes: 205373 hashfull: 4
depth: 8 score: -84 time: 142 nodes: 425572 hashfull: 10
depth: 9 score: -79 time: 604 nodes: 1377050 hashfull: 40
depth: 10 score: -85 time: 1750 nodes: 4108550 hashfull: 104
depth: 11 score: -74 time: 3095 nodes: 9045408 hashfull: 205
[DEBUG] [Parser] Wrote to ouput file championship/chesster-logic-and-proofs/move.csv move : b8c6
[32;1m[Game] [0mPlayer's error code: 0
[32;1m[Game] [0mChecking move validity...
[32;1m[Board] [0mInitializing board (size: 8)...
[32;1m[Board] [0mLoading history file `championship/chesster-logic-and-proofs/history.csv`...
[32;1m[Board] [0mLoaded 5 move(s).
[32;1m[Board] [0mLoading move file `championship/chesster-logic-and-proofs/move.csv`...
[32;1m[Board] [0mBlack player is playing b8 to c6.
[32;1m[Board] [0m
[32;1m[Board] [0m     a b c d e f g h
[32;1m[Board] [0m   -------------------
[32;1m[Board] [0m 8 ||[30;1mr[0m| |[30;1mb[0m|[30;1mQ[0m|[30;1mK[0m|[30;1mb[0m|[30;1mk[0m|[30;1mr[0m|| 8
[32;1m[Board] [0m   -------------------
[32;1m[Board] [0m 7 ||[30;1mp[0m|[30;1mp[0m|[30;1mp[0m|[7;1m [0m|[30;1mp[0m|[30;1mp[0m|[30;1mp[0m|[30;1mp[0m|| 7
[32;1m[Board] [0m   -------------------
[32;1m[Board] [0m 6 ||[7;1m [0m| |[30;1mk[0m| |[7;1m [0m| |[7;1m [0m| || 6
[32;1m[Board] [0m   -------------------
[32;1m[Board] [0m 5 || |[0;1mk[0m| |[7;1m [0m| |[7;1m [0m| |[7;1m [0m|| 5
[32;1m[Board] [0m   -------------------
[32;1m[Board] [0m 4 ||[7;1m [0m| |[7;1m [0m|[30;1mp[0m|[7;1m [0m| |[7;1m [0m| || 4
[32;1m[Board] [0m   -------------------
[32;1m[Board] [0m 3 || |[7;1m [0m| |[7;1m [0m| |[0;1mk[0m| |[7;1m [0m|| 3
[32;1m[Board] [0m   -------------------
[32;1m[Board] [0m 2 ||[0;1mp[0m|[0;1mp[0m|[0;1mp[0m|[0;1mp[0m|[0;1mp[0m|[0;1mp[0m|[0;1mp[0m|[0;1mp[0m|| 2
[32;1m[Board] [0m   -------------------
[32;1m[Board] [0m 1 ||[0;1mr[0m|[7;1m [0m|[0;1mb[0m|[0;1mQ[0m|[0;1mK[0m|[0;1mb[0m| |[0;1mr[0m|| 1
[32;1m[Board] [0m   -------------------
[32;1m[Board] [0m     a b c d e f g h
[32;1m[Board] [0m
[32;1m[Referee] [0mThis is the turn of the White player...
Position after history:

  +-----------------+
8 | r . b q k b n r |
7 | p p p . p p p p |
6 | . . n . . . . . |
5 | . N . . . . . . |
4 | . . . p . . . . |
3 | . . . . . N . . |
2 | P P P P P P P P |
1 | R . B Q K B . R |
  +-----------------+
    a b c d e f g h
Side to move: White
Next move: c2c3 (score: 99)
[32;1m[Game] [0mPlayer's error code: 0
[32;1m[Game] [0mChecking move validity...
[32;1m[Board] [0mInitializing board (size: 8)...
[32;1m[Board] [0mLoading history file `championship/chesster-logic-and-proofs/history.csv`...
[32;1m[Board] [0mLoaded 6 move(s).
[32;1m[Board] [0mLoading move file `championship/chesster-logic-and-proofs/move.csv`...
[32;1m[Board] [0mWhite player is playing c2 to c3.
[32;1m[Board] [0m
[32;1m[Board] [0m     a b c d e f g h
[32;1m[Board] [0m   -------------------
[32;1m[Board] [0m 8 ||[30;1mr[0m| |[30;1mb[0m|[30;1mQ[0m|[30;1mK[0m|[30;1mb[0m|[30;1mk[0m|[30;1mr[0m|| 8
[32;1m[Board] [0m   -------------------
[32;1m[Board] [0m 7 ||[30;1mp[0m|[30;1mp[0m|[30;1mp[0m|[7;1m [0m|[30;1mp[0m|[30;1mp[0m|[30;1mp[0m|[30;1mp[0m|| 7
[32;1m[Board] [0m   -------------------
[32;1m[Board] [0m 6 ||[7;1m [0m| |[30;1mk[0m| |[7;1m [0m| |[7;1m [0m| || 6
[32;1m[Board] [0m   -------------------
[32;1m[Board] [0m 5 || |[0;1mk[0m| |[7;1m [0m| |[7;1m [0m| |[7;1m [0m|| 5
[32;1m[Board] [0m   -------------------
[32;1m[Board] [0m 4 ||[7;1m [0m| |[7;1m [0m|[30;1mp[0m|[7;1m [0m| |[7;1m [0m| || 4
[32;1m[Board] [0m   -------------------
[32;1m[Board] [0m 3 || |[7;1m [0m|[0;1mp[0m|[7;1m [0m| |[0;1mk[0m| |[7;1m [0m|| 3
[32;1m[Board] [0m   -------------------
[32;1m[Board] [0m 2 ||[0;1mp[0m|[0;1mp[0m|[7;1m [0m|[0;1mp[0m|[0;1mp[0m|[0;1mp[0m|[0;1mp[0m|[0;1mp[0m|| 2
[32;1m[Board] [0m   -------------------
[32;1m[Board] [0m 1 ||[0;1mr[0m|[7;1m [0m|[0;1mb[0m|[0;1mQ[0m|[0;1mK[0m|[0;1mb[0m| |[0;1mr[0m|| 1
[32;1m[Board] [0m   -------------------
[32;1m[Board] [0m     a b c d e f g h
[32;1m[Board] [0m
[32;1m[Referee] [0mThis is the turn of the Black player...
[DEBUG] Input history filename: championship/chesster-logic-and-proofs/history.csv
[DEBUG] Output move file: championship/chesster-logic-and-proofs/move.csv
[Parser][ply=] 7
how i see the board before writing next move: Turn: Black
Enpassant: xx	Castling: WK WQ BK BQ 
   ---- ---- ---- ---- ---- ---- ---- ----
8 | r  |    | b  | q  | k  | b  | n  | r  |
   ---- ---- ---- ---- ---- ---- ---- ----
7 | p  | p  | p  |    | p  | p  | p  | p  |
   ---- ---- ---- ---- ---- ---- ---- ----
6 |    |    | n  |    |    |    |    |    |
   ---- ---- ---- ---- ---- ---- ---- ----
5 |    | N  |    |    |    |    |    |    |
   ---- ---- ---- ---- ---- ---- ---- ----
4 |    |    |    | p  |    |    |    |    |
   ---- ---- ---- ---- ---- ---- ---- ----
3 |    |    | P  |    |    | N  |    |    |
   ---- ---- ---- ---- ---- ---- ---- ----
2 | P  | P  |    | P  | P  | P  | P  | P  |
   ---- ---- ---- ---- ---- ---- ---- ----
1 | R  |    | B  | Q  | K  | B  |    | R  |
   ---- ---- ---- ---- ---- ---- ---- ----
    a    b    c    d    e    f    g    h
starting search...
depth: 1 score: -78 time: 0 nodes: 874 hashfull: 0
depth: 2 score: -85 time: 0 nodes: 1421 hashfull: 0
depth: 3 score: -78 time: 3 nodes: 5379 hashfull: 0
depth: 4 score: -101 time: 3 nodes: 10445 hashfull: 0
depth: 5 score: -74 time: 12 nodes: 26597 hashfull: 0
depth: 6 score: -84 time: 31 nodes: 73754 hashfull: 1
depth: 7 score: -79 time: 104 nodes: 223869 hashfull: 4
depth: 8 score: -59 time: 233 nodes: 564203 hashfull: 11
depth: 9 score: -61 time: 887 nodes: 1910811 hashfull: 45
depth: 10 score: -61 time: 1876 nodes: 4803764 hashfull: 101
depth: 11 score: -63 time: 4706 nodes: 12356214 hashfull: 229
[DEBUG] [Parser] Wrote to ouput file championship/chesster-logic-and-proofs/move.csv move : e7e5
[32;1m[Game] [0mPlayer's error code: 0
[32;1m[Game] [0mChecking move validity...
[32;1m[Board] [0mInitializing board (size: 8)...
[32;1m[Board] [0mLoading history file `championship/chesster-logic-and-proofs/history.csv`...
[32;1m[Board] [0mLoaded 7 move(s).
[32;1m[Board] [0mLoading move file `championship/chesster-logic-and-proofs/move.csv`...
[32;1m[Board] [0mBlack player is playing e7 to e5.
[32;1m[Board] [0m
[32;1m[Board] [0m     a b c d e f g h
[32;1m[Board] [0m   -------------------
[32;1m[Board] [0m 8 ||[30;1mr[0m| |[30;1mb[0m|[30;1mQ[0m|[30;1mK[0m|[30;1mb[0m|[30;1mk[0m|[30;1mr[0m|| 8
[32;1m[Board] [0m   -------------------
[32;1m[Board] [0m 7 ||[30;1mp[0m|[30;1mp[0m|[30;1mp[0m|[7;1m [0m| |[30;1mp[0m|[30;1mp[0m|[30;1mp[0m|| 7
[32;1m[Board] [0m   -------------------
[32;1m[Board] [0m 6 ||[7;1m [0m| |[30;1mk[0m| |[7;1m [0m| |[7;1m [0m| || 6
[32;1m[Board] [0m   -------------------
[32;1m[Board] [0m 5 || |[0;1mk[0m| |[7;1m [0m|[30;1mp[0m|[7;1m [0m| |[7;1m [0m|| 5
[32;1m[Board] [0m   -------------------
[32;1m[Board] [0m 4 ||[7;1m [0m| |[7;1m [0m|[30;1mp[0m|[7;1m [0m| |[7;1m [0m| || 4
[32;1m[Board] [0m   -------------------
[32;1m[Board] [0m 3 || |[7;1m [0m|[0;1mp[0m|[7;1m [0m| |[0;1mk[0m| |[7;1m [0m|| 3
[32;1m[Board] [0m   -------------------
[32;1m[Board] [0m 2 ||[0;1mp[0m|[0;1mp[0m|[7;1m [0m|[0;1mp[0m|[0;1mp[0m|[0;1mp[0m|[0;1mp[0m|[0;1mp[0m|| 2
[32;1m[Board] [0m   -------------------
[32;1m[Board] [0m 1 ||[0;1mr[0m|[7;1m [0m|[0;1mb[0m|[0;1mQ[0m|[0;1mK[0m|[0;1mb[0m| |[0;1mr[0m|| 1
[32;1m[Board] [0m   -------------------
[32;1m[Board] [0m     a b c d e f g h
[32;1m[Board] [0m
[32;1m[Referee] [0mThis is the turn of the White player...
Position after history:

  +-----------------+
8 | r . b q k b n r |
7 | p p p . . p p p |
6 | . . n . . . . . |
5 | . N . . p . . . |
4 | . . . p . . . . |
3 | . . P . . N . . |
2 | P P . P P P P P |
1 | R . B Q K B . R |
  +-----------------+
    a b c d e f g h
Side to move: White
Next move: c3d4 (score: 154)
[32;1m[Game] [0mPlayer's error code: 0
[32;1m[Game] [0mChecking move validity...
[32;1m[Board] [0mInitializing board (size: 8)...
[32;1m[Board] [0mLoading history file `championship/chesster-logic-and-proofs/history.csv`...
[32;1m[Board] [0mLoaded 8 move(s).
[32;1m[Board] [0mLoading move file `championship/chesster-logic-and-proofs/move.csv`...
[32;1m[Board] [0mWhite player is playing c3 to d4.
[32;1m[Board] [0m[5;1mWhite Pawn is taking Black Pawn.[0m
[32;1m[Board] [0m
[32;1m[Board] [0m     a b c d e f g h
[32;1m[Board] [0m   -------------------
[32;1m[Board] [0m 8 ||[30;1mr[0m| |[30;1mb[0m|[30;1mQ[0m|[30;1mK[0m|[30;1mb[0m|[30;1mk[0m|[30;1mr[0m|| 8
[32;1m[Board] [0m   -------------------
[32;1m[Board] [0m 7 ||[30;1mp[0m|[30;1mp[0m|[30;1mp[0m|[7;1m [0m| |[30;1mp[0m|[30;1mp[0m|[30;1mp[0m|| 7
[32;1m[Board] [0m   -------------------
[32;1m[Board] [0m 6 ||[7;1m [0m| |[30;1mk[0m| |[7;1m [0m| |[7;1m [0m| || 6
[32;1m[Board] [0m   -------------------
[32;1m[Board] [0m 5 || |[0;1mk[0m| |[7;1m [0m|[30;1mp[0m|[7;1m [0m| |[7;1m [0m|| 5
[32;1m[Board] [0m   -------------------
[32;1m[Board] [0m 4 ||[7;1m [0m| |[7;1m [0m|[0;1mp[0m|[7;1m [0m| |[7;1m [0m| || 4
[32;1m[Board] [0m   -------------------
[32;1m[Board] [0m 3 || |[7;1m [0m| |[7;1m [0m| |[0;1mk[0m| |[7;1m [0m|| 3
[32;1m[Board] [0m   -------------------
[32;1m[Board] [0m 2 ||[0;1mp[0m|[0;1mp[0m|[7;1m [0m|[0;1mp[0m|[0;1mp[0m|[0;1mp[0m|[0;1mp[0m|[0;1mp[0m|| 2
[32;1m[Board] [0m   -------------------
[32;1m[Board] [0m 1 ||[0;1mr[0m|[7;1m [0m|[0;1mb[0m|[0;1mQ[0m|[0;1mK[0m|[0;1mb[0m| |[0;1mr[0m|| 1
[32;1m[Board] [0m   -------------------
[32;1m[Board] [0m     a b c d e f g h
[32;1m[Board] [0m
[32;1m[Referee] [0mThis is the turn of the Black player...
[DEBUG] Input history filename: championship/chesster-logic-and-proofs/history.csv
[DEBUG] Output move file: championship/chesster-logic-and-proofs/move.csv
[Parser][ply=] 9
how i see the board before writing next move: Turn: Black
Enpassant: xx	Castling: WK WQ BK BQ 
   ---- ---- ---- ---- ---- ---- ---- ----
8 | r  |    | b  | q  | k  | b  | n  | r  |
   ---- ---- ---- ---- ---- ---- ---- ----
7 | p  | p  | p  |    |    | p  | p  | p  |
   ---- ---- ---- ---- ---- ---- ---- ----
6 |    |    | n  |    |    |    |    |    |
   ---- ---- ---- ---- ---- ---- ---- ----
5 |    | N  |    |    | p  |    |    |    |
   ---- ---- ---- ---- ---- ---- ---- ----
4 |    |    |    | P  |    |    |    |    |
   ---- ---- ---- ---- ---- ---- ---- ----
3 |    |    |    |    |    | N  |    |    |
   ---- ---- ---- ---- ---- ---- ---- ----
2 | P  | P  |    | P  | P  | P  | P  | P  |
   ---- ---- ---- ---- ---- ---- ---- ----
1 | R  |    | B  | Q  | K  | B  |    | R  |
   ---- ---- ---- ---- ---- ---- ---- ----
    a    b    c    d    e    f    g    h
starting search...
depth: 1 score: -78 time: 0 nodes: 227 hashfull: 0
depth: 2 score: -101 time: 0 nodes: 737 hashfull: 0
depth: 3 score: -74 time: 4 nodes: 6303 hashfull: 0
depth: 4 score: -84 time: 4 nodes: 12527 hashfull: 0
depth: 5 score: -79 time: 24 nodes: 43246 hashfull: 0
depth: 6 score: -59 time: 81 nodes: 157994 hashfull: 3
depth: 7 score: -61 time: 170 nodes: 388286 hashfull: 7
depth: 8 score: -61 time: 279 nodes: 788569 hashfull: 15
depth: 9 score: -63 time: 1317 nodes: 2801281 hashfull: 73
depth: 10 score: -60 time: 3986 nodes: 8541715 hashfull: 168
[DEBUG] [Parser] Wrote to ouput file championship/chesster-logic-and-proofs/move.csv move : e5d4
[32;1m[Game] [0mPlayer's error code: 0
[32;1m[Game] [0mChecking move validity...
[32;1m[Board] [0mInitializing board (size: 8)...
[32;1m[Board] [0mLoading history file `championship/chesster-logic-and-proofs/history.csv`...
[32;1m[Board] [0mLoaded 9 move(s).
[32;1m[Board] [0mLoading move file `championship/chesster-logic-and-proofs/move.csv`...
[32;1m[Board] [0mBlack player is playing e5 to d4.
[32;1m[Board] [0m[5;1mBlack Pawn is taking White Pawn.[0m
[32;1m[Board] [0m
[32;1m[Board] [0m     a b c d e f g h
[32;1m[Board] [0m   -------------------
[32;1m[Board] [0m 8 ||[30;1mr[0m| |[30;1mb[0m|[30;1mQ[0m|[30;1mK[0m|[30;1mb[0m|[30;1mk[0m|[30;1mr[0m|| 8
[32;1m[Board] [0m   -------------------
[32;1m[Board] [0m 7 ||[30;1mp[0m|[30;1mp[0m|[30;1mp[0m|[7;1m [0m| |[30;1mp[0m|[30;1mp[0m|[30;1mp[0m|| 7
[32;1m[Board] [0m   -------------------
[32;1m[Board] [0m 6 ||[7;1m [0m| |[30;1mk[0m| |[7;1m [0m| |[7;1m [0m| || 6
[32;1m[Board] [0m   -------------------
[32;1m[Board] [0m 5 || |[0;1mk[0m| |[7;1m [0m| |[7;1m [0m| |[7;1m [0m|| 5
[32;1m[Board] [0m   -------------------
[32;1m[Board] [0m 4 ||[7;1m [0m| |[7;1m [0m|[30;1mp[0m|[7;1m [0m| |[7;1m [0m| || 4
[32;1m[Board] [0m   -------------------
[32;1m[Board] [0m 3 || |[7;1m [0m| |[7;1m [0m| |[0;1mk[0m| |[7;1m [0m|| 3
[32;1m[Board] [0m   -------------------
[32;1m[Board] [0m 2 ||[0;1mp[0m|[0;1mp[0m|[7;1m [0m|[0;1mp[0m|[0;1mp[0m|[0;1mp[0m|[0;1mp[0m|[0;1mp[0m|| 2
[32;1m[Board] [0m   -------------------
[32;1m[Board] [0m 1 ||[0;1mr[0m|[7;1m [0m|[0;1mb[0m|[0;1mQ[0m|[0;1mK[0m|[0;1mb[0m| |[0;1mr[0m|| 1
[32;1m[Board] [0m   -------------------
[32;1m[Board] [0m     a b c d e f g h
[32;1m[Board] [0m
[32;1m[Referee] [0mThis is the turn of the White player...
Position after history:

  +-----------------+
8 | r . b q k b n r |
7 | p p p . . p p p |
6 | . . n . . . . . |
5 | . N . . . . . . |
4 | . . . p . . . . |
3 | . . . . . N . . |
2 | P P . P P P P P |
1 | R . B Q K B . R |
  +-----------------+
    a b c d e f g h
Side to move: White
Next move: b5d4 (score: 123)
[32;1m[Game] [0mPlayer's error code: 0
[32;1m[Game] [0mChecking move validity...
[32;1m[Board] [0mInitializing board (size: 8)...
[32;1m[Board] [0mLoading history file `championship/chesster-logic-and-proofs/history.csv`...
[32;1m[Board] [0mLoaded 10 move(s).
[32;1m[Board] [0mLoading move file `championship/chesster-logic-and-proofs/move.csv`...
[32;1m[Board] [0mWhite player is playing b5 to d4.
[32;1m[Board] [0m[5;1mWhite Knight is taking Black Pawn.[0m
[32;1m[Board] [0m
[32;1m[Board] [0m     a b c d e f g h
[32;1m[Board] [0m   -------------------
[32;1m[Board] [0m 8 ||[30;1mr[0m| |[30;1mb[0m|[30;1mQ[0m|[30;1mK[0m|[30;1mb[0m|[30;1mk[0m|[30;1mr[0m|| 8
[32;1m[Board] [0m   -------------------
[32;1m[Board] [0m 7 ||[30;1mp[0m|[30;1mp[0m|[30;1mp[0m|[7;1m [0m| |[30;1mp[0m|[30;1mp[0m|[30;1mp[0m|| 7
[32;1m[Board] [0m   -------------------
[32;1m[Board] [0m 6 ||[7;1m [0m| |[30;1mk[0m| |[7;1m [0m| |[7;1m [0m| || 6
[32;1m[Board] [0m   -------------------
[32;1m[Board] [0m 5 || |[7;1m [0m| |[7;1m [0m| |[7;1m [0m| |[7;1m [0m|| 5
[32;1m[Board] [0m   -------------------
[32;1m[Board] [0m 4 ||[7;1m [0m| |[7;1m [0m|[0;1mk[0m|[7;1m [0m| |[7;1m [0m| || 4
[32;1m[Board] [0m   -------------------
[32;1m[Board] [0m 3 || |[7;1m [0m| |[7;1m [0m| |[0;1mk[0m| |[7;1m [0m|| 3
[32;1m[Board] [0m   -------------------
[32;1m[Board] [0m 2 ||[0;1mp[0m|[0;1mp[0m|[7;1m [0m|[0;1mp[0m|[0;1mp[0m|[0;1mp[0m|[0;1mp[0m|[0;1mp[0m|| 2
[32;1m[Board] [0m   -------------------
[32;1m[Board] [0m 1 ||[0;1mr[0m|[7;1m [0m|[0;1mb[0m|[0;1mQ[0m|[0;1mK[0m|[0;1mb[0m| |[0;1mr[0m|| 1
[32;1m[Board] [0m   -------------------
[32;1m[Board] [0m     a b c d e f g h
[32;1m[Board] [0m
[32;1m[Referee] [0mThis is the turn of the Black player...
[DEBUG] Input history filename: championship/chesster-logic-and-proofs/history.csv
[DEBUG] Output move file: championship/chesster-logic-and-proofs/move.csv
[Parser][ply=] 11
how i see the board before writing next move: Turn: Black
Enpassant: xx	Castling: WK WQ BK BQ 
   ---- ---- ---- ---- ---- ---- ---- ----
8 | r  |    | b  | q  | k  | b  | n  | r  |
   ---- ---- ---- ---- ---- ---- ---- ----
7 | p  | p  | p  |    |    | p  | p  | p  |
   ---- ---- ---- ---- ---- ---- ---- ----
6 |    |    | n  |    |    |    |    |    |
   ---- ---- ---- ---- ---- ---- ---- ----
5 |    |    |    |    |    |    |    |    |
   ---- ---- ---- ---- ---- ---- ---- ----
4 |    |    |    | N  |    |    |    |    |
   ---- ---- ---- ---- ---- ---- ---- ----
3 |    |    |    |    |    | N  |    |    |
   ---- ---- ---- ---- ---- ---- ---- ----
2 | P  | P  |    | P  | P  | P  | P  | P  |
   ---- ---- ---- ---- ---- ---- ---- ----
1 | R  |    | B  | Q  | K  | B  |    | R  |
   ---- ---- ---- ---- ---- ---- ---- ----
    a    b    c    d    e    f    g    h
starting search...
depth: 1 score: 185 time: 0 nodes: 84 hashfull: 0
depth: 2 score: 155 time: 0 nodes: 296 hashfull: 0
depth: 3 score: 151 time: 1 nodes: 2752 hashfull: 0
depth: 4 score: 151 time: 3 nodes: 7919 hashfull: 0
depth: 5 score: 179 time: 10 nodes: 21576 hashfull: 0
depth: 6 score: 151 time: 34 nodes: 77668 hashfull: 2
depth: 7 score: 179 time: 93 nodes: 207886 hashfull: 5
depth: 8 score: 162 time: 255 nodes: 582243 hashfull: 14
depth: 9 score: 176 time: 1177 nodes: 2392505 hashfull: 71
depth: 10 score: 176 time: 2542 nodes: 6025431 hashfull: 131
[DEBUG] [Parser] Wrote to ouput file championship/chesster-logic-and-proofs/move.csv move : c6d4
[32;1m[Game] [0mPlayer's error code: 0
[32;1m[Game] [0mChecking move validity...
[32;1m[Board] [0mInitializing board (size: 8)...
[32;1m[Board] [0mLoading history file `championship/chesster-logic-and-proofs/history.csv`...
[32;1m[Board] [0mLoaded 11 move(s).
[32;1m[Board] [0mLoading move file `championship/chesster-logic-and-proofs/move.csv`...
[32;1m[Board] [0mBlack player is playing c6 to d4.
[32;1m[Board] [0m[5;1mBlack Knight is taking White Knight.[0m
[32;1m[Board] [0m
[32;1m[Board] [0m     a b c d e f g h
[32;1m[Board] [0m   -------------------
[32;1m[Board] [0m 8 ||[30;1mr[0m| |[30;1mb[0m|[30;1mQ[0m|[30;1mK[0m|[30;1mb[0m|[30;1mk[0m|[30;1mr[0m|| 8
[32;1m[Board] [0m   -------------------
[32;1m[Board] [0m 7 ||[30;1mp[0m|[30;1mp[0m|[30;1mp[0m|[7;1m [0m| |[30;1mp[0m|[30;1mp[0m|[30;1mp[0m|| 7
[32;1m[Board] [0m   -------------------
[32;1m[Board] [0m 6 ||[7;1m [0m| |[7;1m [0m| |[7;1m [0m| |[7;1m [0m| || 6
[32;1m[Board] [0m   -------------------
[32;1m[Board] [0m 5 || |[7;1m [0m| |[7;1m [0m| |[7;1m [0m| |[7;1m [0m|| 5
[32;1m[Board] [0m   -------------------
[32;1m[Board] [0m 4 ||[7;1m [0m| |[7;1m [0m|[30;1mk[0m|[7;1m [0m| |[7;1m [0m| || 4
[32;1m[Board] [0m   -------------------
[32;1m[Board] [0m 3 || |[7;1m [0m| |[7;1m [0m| |[0;1mk[0m| |[7;1m [0m|| 3
[32;1m[Board] [0m   -------------------
[32;1m[Board] [0m 2 ||[0;1mp[0m|[0;1mp[0m|[7;1m [0m|[0;1mp[0m|[0;1mp[0m|[0;1mp[0m|[0;1mp[0m|[0;1mp[0m|| 2
[32;1m[Board] [0m   -------------------
[32;1m[Board] [0m 1 ||[0;1mr[0m|[7;1m [0m|[0;1mb[0m|[0;1mQ[0m|[0;1mK[0m|[0;1mb[0m| |[0;1mr[0m|| 1
[32;1m[Board] [0m   -------------------
[32;1m[Board] [0m     a b c d e f g h
[32;1m[Board] [0m
[32;1m[Referee] [0mThis is the turn of the White player...
Position after history:

  +-----------------+
8 | r . b q k b n r |
7 | p p p . . p p p |
6 | . . . . . . . . |
5 | . . . . . . . . |
4 | . . . n . . . . |
3 | . . . . . N . . |
2 | P P . P P P P P |
1 | R . B Q K B . R |
  +-----------------+
    a b c d e f g h
Side to move: White
Next move: f3d4 (score: 38)
[32;1m[Game] [0mPlayer's error code: 0
[32;1m[Game] [0mChecking move validity...
[32;1m[Board] [0mInitializing board (size: 8)...
[32;1m[Board] [0mLoading history file `championship/chesster-logic-and-proofs/history.csv`...
[32;1m[Board] [0mLoaded 12 move(s).
[32;1m[Board] [0mLoading move file `championship/chesster-logic-and-proofs/move.csv`...
[32;1m[Board] [0mWhite player is playing f3 to d4.
[32;1m[Board] [0m[5;1mWhite Knight is taking Black Knight.[0m
[32;1m[Board] [0m
[32;1m[Board] [0m     a b c d e f g h
[32;1m[Board] [0m   -------------------
[32;1m[Board] [0m 8 ||[30;1mr[0m| |[30;1mb[0m|[30;1mQ[0m|[30;1mK[0m|[30;1mb[0m|[30;1mk[0m|[30;1mr[0m|| 8
[32;1m[Board] [0m   -------------------
[32;1m[Board] [0m 7 ||[30;1mp[0m|[30;1mp[0m|[30;1mp[0m|[7;1m [0m| |[30;1mp[0m|[30;1mp[0m|[30;1mp[0m|| 7
[32;1m[Board] [0m   -------------------
[32;1m[Board] [0m 6 ||[7;1m [0m| |[7;1m [0m| |[7;1m [0m| |[7;1m [0m| || 6
[32;1m[Board] [0m   -------------------
[32;1m[Board] [0m 5 || |[7;1m [0m| |[7;1m [0m| |[7;1m [0m| |[7;1m [0m|| 5
[32;1m[Board] [0m   -------------------
[32;1m[Board] [0m 4 ||[7;1m [0m| |[7;1m [0m|[0;1mk[0m|[7;1m [0m| |[7;1m [0m| || 4
[32;1m[Board] [0m   -------------------
[32;1m[Board] [0m 3 || |[7;1m [0m| |[7;1m [0m| |[7;1m [0m| |[7;1m [0m|| 3
[32;1m[Board] [0m   -------------------
[32;1m[Board] [0m 2 ||[0;1mp[0m|[0;1mp[0m|[7;1m [0m|[0;1mp[0m|[0;1mp[0m|[0;1mp[0m|[0;1mp[0m|[0;1mp[0m|| 2
[32;1m[Board] [0m   -------------------
[32;1m[Board] [0m 1 ||[0;1mr[0m|[7;1m [0m|[0;1mb[0m|[0;1mQ[0m|[0;1mK[0m|[0;1mb[0m| |[0;1mr[0m|| 1
[32;1m[Board] [0m   -------------------
[32;1m[Board] [0m     a b c d e f g h
[32;1m[Board] [0m
[32;1m[Referee] [0mThis is the turn of the Black player...
[DEBUG] Input history filename: championship/chesster-logic-and-proofs/history.csv
[DEBUG] Output move file: championship/chesster-logic-and-proofs/move.csv
[Parser][ply=] 13
how i see the board before writing next move: Turn: Black
Enpassant: xx	Castling: WK WQ BK BQ 
   ---- ---- ---- ---- ---- ---- ---- ----
8 | r  |    | b  | q  | k  | b  | n  | r  |
   ---- ---- ---- ---- ---- ---- ---- ----
7 | p  | p  | p  |    |    | p  | p  | p  |
   ---- ---- ---- ---- ---- ---- ---- ----
6 |    |    |    |    |    |    |    |    |
   ---- ---- ---- ---- ---- ---- ---- ----
5 |    |    |    |    |    |    |    |    |
   ---- ---- ---- ---- ---- ---- ---- ----
4 |    |    |    | N  |    |    |    |    |
   ---- ---- ---- ---- ---- ---- ---- ----
3 |    |    |    |    |    |    |    |    |
   ---- ---- ---- ---- ---- ---- ---- ----
2 | P  | P  |    | P  | P  | P  | P  | P  |
   ---- ---- ---- ---- ---- ---- ---- ----
1 | R  |    | B  | Q  | K  | B  |    | R  |
   ---- ---- ---- ---- ---- ---- ---- ----
    a    b    c    d    e    f    g    h
starting search...
depth: 1 score: 186 time: 0 nodes: 72 hashfull: 0
depth: 2 score: 172 time: 0 nodes: 332 hashfull: 0
depth: 3 score: 179 time: 1 nodes: 2211 hashfull: 0
depth: 4 score: 151 time: 5 nodes: 8823 hashfull: 0
depth: 5 score: 179 time: 8 nodes: 19707 hashfull: 0
depth: 6 score: 180 time: 48 nodes: 91213 hashfull: 2
depth: 7 score: 188 time: 111 nodes: 248087 hashfull: 5
depth: 8 score: 178 time: 194 nodes: 539146 hashfull: 11
depth: 9 score: 183 time: 900 nodes: 1966914 hashfull: 54
depth: 10 score: 193 time: 3220 nodes: 6673324 hashfull: 141
[DEBUG] [Parser] Wrote to ouput file championship/chesster-logic-and-proofs/move.csv move : d8d4
[32;1m[Game] [0mPlayer's error code: 0
[32;1m[Game] [0mChecking move validity...
[32;1m[Board] [0mInitializing board (size: 8)...
[32;1m[Board] [0mLoading history file `championship/chesster-logic-and-proofs/history.csv`...
[32;1m[Board] [0mLoaded 13 move(s).
[32;1m[Board] [0mLoading move file `championship/chesster-logic-and-proofs/move.csv`...
[32;1m[Board] [0mBlack player is playing d8 to d4.
[32;1m[Board] [0m[5;1mBlack Queen is taking White Knight.[0m
[32;1m[Board] [0m
[32;1m[Board] [0m     a b c d e f g h
[32;1m[Board] [0m   -------------------
[32;1m[Board] [0m 8 ||[30;1mr[0m| |[30;1mb[0m| |[30;1mK[0m|[30;1mb[0m|[30;1mk[0m|[30;1mr[0m|| 8
[32;1m[Board] [0m   -------------------
[32;1m[Board] [0m 7 ||[30;1mp[0m|[30;1mp[0m|[30;1mp[0m|[7;1m [0m| |[30;1mp[0m|[30;1mp[0m|[30;1mp[0m|| 7
[32;1m[Board] [0m   -------------------
[32;1m[Board] [0m 6 ||[7;1m [0m| |[7;1m [0m| |[7;1m [0m| |[7;1m [0m| || 6
[32;1m[Board] [0m   -------------------
[32;1m[Board] [0m 5 || |[7;1m [0m| |[7;1m [0m| |[7;1m [0m| |[7;1m [0m|| 5
[32;1m[Board] [0m   -------------------
[32;1m[Board] [0m 4 ||[7;1m [0m| |[7;1m [0m|[30;1mQ[0m|[7;1m [0m| |[7;1m [0m| || 4
[32;1m[Board] [0m   -------------------
[32;1m[Board] [0m 3 || |[7;1m [0m| |[7;1m [0m| |[7;1m [0m| |[7;1m [0m|| 3
[32;1m[Board] [0m   -------------------
[32;1m[Board] [0m 2 ||[0;1mp[0m|[0;1mp[0m|[7;1m [0m|[0;1mp[0m|[0;1mp[0m|[0;1mp[0m|[0;1mp[0m|[0;1mp[0m|| 2
[32;1m[Board] [0m   -------------------
[32;1m[Board] [0m 1 ||[0;1mr[0m|[7;1m [0m|[0;1mb[0m|[0;1mQ[0m|[0;1mK[0m|[0;1mb[0m| |[0;1mr[0m|| 1
[32;1m[Board] [0m   -------------------
[32;1m[Board] [0m     a b c d e f g h
[32;1m[Board] [0m
[32;1m[Referee] [0mThis is the turn of the White player...
Position after history:

  +-----------------+
8 | r . b . k b n r |
7 | p p p . . p p p |
6 | . . . . . . . . |
5 | . . . . . . . . |
4 | . . . q . . . . |
3 | . . . . . . . . |
2 | P P . P P P P P |
1 | R . B Q K B . R |
  +-----------------+
    a b c d e f g h
Side to move: White
Next move: h1g1 (score: -22)
[32;1m[Game] [0mPlayer's error code: 0
[32;1m[Game] [0mChecking move validity...
[32;1m[Board] [0mInitializing board (size: 8)...
[32;1m[Board] [0mLoading history file `championship/chesster-logic-and-proofs/history.csv`...
[32;1m[Board] [0mLoaded 14 move(s).
[32;1m[Board] [0mLoading move file `championship/chesster-logic-and-proofs/move.csv`...
[32;1m[Board] [0mWhite player is playing h1 to g1.
[32;1m[Board] [0m
[32;1m[Board] [0m     a b c d e f g h
[32;1m[Board] [0m   -------------------
[32;1m[Board] [0m 8 ||[30;1mr[0m| |[30;1mb[0m| |[30;1mK[0m|[30;1mb[0m|[30;1mk[0m|[30;1mr[0m|| 8
[32;1m[Board] [0m   -------------------
[32;1m[Board] [0m 7 ||[30;1mp[0m|[30;1mp[0m|[30;1mp[0m|[7;1m [0m| |[30;1mp[0m|[30;1mp[0m|[30;1mp[0m|| 7
[32;1m[Board] [0m   -------------------
[32;1m[Board] [0m 6 ||[7;1m [0m| |[7;1m [0m| |[7;1m [0m| |[7;1m [0m| || 6
[32;1m[Board] [0m   -------------------
[32;1m[Board] [0m 5 || |[7;1m [0m| |[7;1m [0m| |[7;1m [0m| |[7;1m [0m|| 5
[32;1m[Board] [0m   -------------------
[32;1m[Board] [0m 4 ||[7;1m [0m| |[7;1m [0m|[30;1mQ[0m|[7;1m [0m| |[7;1m [0m| || 4
[32;1m[Board] [0m   -------------------
[32;1m[Board] [0m 3 || |[7;1m [0m| |[7;1m [0m| |[7;1m [0m| |[7;1m [0m|| 3
[32;1m[Board] [0m   -------------------
[32;1m[Board] [0m 2 ||[0;1mp[0m|[0;1mp[0m|[7;1m [0m|[0;1mp[0m|[0;1mp[0m|[0;1mp[0m|[0;1mp[0m|[0;1mp[0m|| 2
[32;1m[Board] [0m   -------------------
[32;1m[Board] [0m 1 ||[0;1mr[0m|[7;1m [0m|[0;1mb[0m|[0;1mQ[0m|[0;1mK[0m|[0;1mb[0m|[0;1mr[0m|[7;1m [0m|| 1
[32;1m[Board] [0m   -------------------
[32;1m[Board] [0m     a b c d e f g h
[32;1m[Board] [0m
[32;1m[Referee] [0mThis is the turn of the Black player...
[DEBUG] Input history filename: championship/chesster-logic-and-proofs/history.csv
[DEBUG] Output move file: championship/chesster-logic-and-proofs/move.csv
[Parser][ply=] 15
how i see the board before writing next move: Turn: Black
Enpassant: xx	Castling: xWQ BK BQ 
   ---- ---- ---- ---- ---- ---- ---- ----
8 | r  |    | b  |    | k  | b  | n  | r  |
   ---- ---- ---- ---- ---- ---- ---- ----
7 | p  | p  | p  |    |    | p  | p  | p  |
   ---- ---- ---- ---- ---- ---- ---- ----
6 |    |    |    |    |    |    |    |    |
   ---- ---- ---- ---- ---- ---- ---- ----
5 |    |    |    |    |    |    |    |    |
   ---- ---- ---- ---- ---- ---- ---- ----
4 |    |    |    | q  |    |    |    |    |
   ---- ---- ---- ---- ---- ---- ---- ----
3 |    |    |    |    |    |    |    |    |
   ---- ---- ---- ---- ---- ---- ---- ----
2 | P  | P  |    | P  | P  | P  | P  | P  |
   ---- ---- ---- ---- ---- ---- ---- ----
1 | R  |    | B  | Q  | K  | B  | R  |    |
   ---- ---- ---- ---- ---- ---- ---- ----
    a    b    c    d    e    f    g    h
starting search...
depth: 1 score: 245 time: 0 nodes: 110 hashfull: 0
depth: 2 score: 231 time: 0 nodes: 401 hashfull: 0
depth: 3 score: 238 time: 2 nodes: 3421 hashfull: 0
depth: 4 score: 213 time: 9 nodes: 15460 hashfull: 0
depth: 5 score: 236 time: 14 nodes: 36017 hashfull: 0
depth: 6 score: 236 time: 95 nodes: 173844 hashfull: 5
depth: 7 score: 245 time: 192 nodes: 437251 hashfull: 10
depth: 8 score: 247 time: 715 nodes: 1475882 hashfull: 32
depth: 9 score: 251 time: 1796 nodes: 4191431 hashfull: 115
depth: 10 score: 261 time: 5697 nodes: 12348957 hashfull: 241
[DEBUG] [Parser] Wrote to ouput file championship/chesster-logic-and-proofs/move.csv move : f8d6
[32;1m[Game] [0mPlayer's error code: 0
[32;1m[Game] [0mChecking move validity...
[32;1m[Board] [0mInitializing board (size: 8)...
[32;1m[Board] [0mLoading history file `championship/chesster-logic-and-proofs/history.csv`...
[32;1m[Board] [0mLoaded 15 move(s).
[32;1m[Board] [0mLoading move file `championship/chesster-logic-and-proofs/move.csv`...
[32;1m[Board] [0mBlack player is playing f8 to d6.
[32;1m[Board] [0m
[32;1m[Board] [0m     a b c d e f g h
[32;1m[Board] [0m   -------------------
[32;1m[Board] [0m 8 ||[30;1mr[0m| |[30;1mb[0m| |[30;1mK[0m| |[30;1mk[0m|[30;1mr[0m|| 8
[32;1m[Board] [0m   -------------------
[32;1m[Board] [0m 7 ||[30;1mp[0m|[30;1mp[0m|[30;1mp[0m|[7;1m [0m| |[30;1mp[0m|[30;1mp[0m|[30;1mp[0m|| 7
[32;1m[Board] [0m   -------------------
[32;1m[Board] [0m 6 ||[7;1m [0m| |[7;1m [0m|[30;1mb[0m|[7;1m [0m| |[7;1m [0m| || 6
[32;1m[Board] [0m   -------------------
[32;1m[Board] [0m 5 || |[7;1m [0m| |[7;1m [0m| |[7;1m [0m| |[7;1m [0m|| 5
[32;1m[Board] [0m   -------------------
[32;1m[Board] [0m 4 ||[7;1m [0m| |[7;1m [0m|[30;1mQ[0m|[7;1m [0m| |[7;1m [0m| || 4
[32;1m[Board] [0m   -------------------
[32;1m[Board] [0m 3 || |[7;1m [0m| |[7;1m [0m| |[7;1m [0m| |[7;1m [0m|| 3
[32;1m[Board] [0m   -------------------
[32;1m[Board] [0m 2 ||[0;1mp[0m|[0;1mp[0m|[7;1m [0m|[0;1mp[0m|[0;1mp[0m|[0;1mp[0m|[0;1mp[0m|[0;1mp[0m|| 2
[32;1m[Board] [0m   -------------------
[32;1m[Board] [0m 1 ||[0;1mr[0m|[7;1m [0m|[0;1mb[0m|[0;1mQ[0m|[0;1mK[0m|[0;1mb[0m|[0;1mr[0m|[7;1m [0m|| 1
[32;1m[Board] [0m   -------------------
[32;1m[Board] [0m     a b c d e f g h
[32;1m[Board] [0m
[32;1m[Referee] [0mThis is the turn of the White player...
Position after history:

  +-----------------+
8 | r . b . k . n r |
7 | p p p . . p p p |
6 | . . . b . . . . |
5 | . . . . . . . . |
4 | . . . q . . . . |
3 | . . . . . . . . |
2 | P P . P P P P P |
1 | R . B Q K B R . |
  +-----------------+
    a b c d e f g h
Side to move: White
Next move: g2g3 (score: -3)
[32;1m[Game] [0mPlayer's error code: 0
[32;1m[Game] [0mChecking move validity...
[32;1m[Board] [0mInitializing board (size: 8)...
[32;1m[Board] [0mLoading history file `championship/chesster-logic-and-proofs/history.csv`...
[32;1m[Board] [0mLoaded 16 move(s).
[32;1m[Board] [0mLoading move file `championship/chesster-logic-and-proofs/move.csv`...
[32;1m[Board] [0mWhite player is playing g2 to g3.
[32;1m[Board] [0m
[32;1m[Board] [0m     a b c d e f g h
[32;1m[Board] [0m   -------------------
[32;1m[Board] [0m 8 ||[30;1mr[0m| |[30;1mb[0m| |[30;1mK[0m| |[30;1mk[0m|[30;1mr[0m|| 8
[32;1m[Board] [0m   -------------------
[32;1m[Board] [0m 7 ||[30;1mp[0m|[30;1mp[0m|[30;1mp[0m|[7;1m [0m| |[30;1mp[0m|[30;1mp[0m|[30;1mp[0m|| 7
[32;1m[Board] [0m   -------------------
[32;1m[Board] [0m 6 ||[7;1m [0m| |[7;1m [0m|[30;1mb[0m|[7;1m [0m| |[7;1m [0m| || 6
[32;1m[Board] [0m   -------------------
[32;1m[Board] [0m 5 || |[7;1m [0m| |[7;1m [0m| |[7;1m [0m| |[7;1m [0m|| 5
[32;1m[Board] [0m   -------------------
[32;1m[Board] [0m 4 ||[7;1m [0m| |[7;1m [0m|[30;1mQ[0m|[7;1m [0m| |[7;1m [0m| || 4
[32;1m[Board] [0m   -------------------
[32;1m[Board] [0m 3 || |[7;1m [0m| |[7;1m [0m| |[7;1m [0m|[0;1mp[0m|[7;1m [0m|| 3
[32;1m[Board] [0m   -------------------
[32;1m[Board] [0m 2 ||[0;1mp[0m|[0;1mp[0m|[7;1m [0m|[0;1mp[0m|[0;1mp[0m|[0;1mp[0m|[7;1m [0m|[0;1mp[0m|| 2
[32;1m[Board] [0m   -------------------
[32;1m[Board] [0m 1 ||[0;1mr[0m|[7;1m [0m|[0;1mb[0m|[0;1mQ[0m|[0;1mK[0m|[0;1mb[0m|[0;1mr[0m|[7;1m [0m|| 1
[32;1m[Board] [0m   -------------------
[32;1m[Board] [0m     a b c d e f g h
[32;1m[Board] [0m
[32;1m[Referee] [0mThis is the turn of the Black player...
[DEBUG] Input history filename: championship/chesster-logic-and-proofs/history.csv
[DEBUG] Output move file: championship/chesster-logic-and-proofs/move.csv
[Parser][ply=] 17
how i see the board before writing next move: Turn: Black
Enpassant: xx	Castling: xWQ BK BQ 
   ---- ---- ---- ---- ---- ---- ---- ----
8 | r  |    | b  |    | k  |    | n  | r  |
   ---- ---- ---- ---- ---- ---- ---- ----
7 | p  | p  | p  |    |    | p  | p  | p  |
   ---- ---- ---- ---- ---- ---- ---- ----
6 |    |    |    | b  |    |    |    |    |
   ---- ---- ---- ---- ---- ---- ---- ----
5 |    |    |    |    |    |    |    |    |
   ---- ---- ---- ---- ---- ---- ---- ----
4 |    |    |    | q  |    |    |    |    |
   ---- ---- ---- ---- ---- ---- ---- ----
3 |    |    |    |    |    |    | P  |    |
   ---- ---- ---- ---- ---- ---- ---- ----
2 | P  | P  |    | P  | P  | P  |    | P  |
   ---- ---- ---- ---- ---- ---- ---- ----
1 | R  |    | B  | Q  | K  | B  | R  |    |
   ---- ---- ---- ---- ---- ---- ---- ----
    a    b    c    d    e    f    g    h
starting search...
depth: 1 score: 283 time: 0 nodes: 140 hashfull: 0
depth: 2 score: 247 time: 13 nodes: 5902 hashfull: 0
depth: 3 score: 255 time: 6 nodes: 9457 hashfull: 0
depth: 4 score: 268 time: 21 nodes: 19719 hashfull: 0
depth: 5 score: 308 time: 43 nodes: 45958 hashfull: 0
depth: 6 score: 305 time: 155 nodes: 208799 hashfull: 4
depth: 7 score: 296 time: 325 nodes: 530786 hashfull: 9
depth: 8 score: 296 time: 767 nodes: 1325691 hashfull: 23
depth: 9 score: 299 time: 3534 nodes: 5170460 hashfull: 122
[DEBUG] [Parser] Wrote to ouput file championship/chesster-logic-and-proofs/move.csv move : g8f6
[32;1m[Game] [0mPlayer's error code: 0
[32;1m[Game] [0mChecking move validity...
[32;1m[Board] [0mInitializing board (size: 8)...
[32;1m[Board] [0mLoading history file `championship/chesster-logic-and-proofs/history.csv`...
[32;1m[Board] [0mLoaded 17 move(s).
[32;1m[Board] [0mLoading move file `championship/chesster-logic-and-proofs/move.csv`...
[32;1m[Board] [0mBlack player is playing g8 to f6.
[32;1m[Board] [0m
[32;1m[Board] [0m     a b c d e f g h
[32;1m[Board] [0m   -------------------
[32;1m[Board] [0m 8 ||[30;1mr[0m| |[30;1mb[0m| |[30;1mK[0m| |[7;1m [0m|[30;1mr[0m|| 8
[32;1m[Board] [0m   -------------------
[32;1m[Board] [0m 7 ||[30;1mp[0m|[30;1mp[0m|[30;1mp[0m|[7;1m [0m| |[30;1mp[0m|[30;1mp[0m|[30;1mp[0m|| 7
[32;1m[Board] [0m   -------------------
[32;1m[Board] [0m 6 ||[7;1m [0m| |[7;1m [0m|[30;1mb[0m|[7;1m [0m|[30;1mk[0m|[7;1m [0m| || 6
[32;1m[Board] [0m   -------------------
[32;1m[Board] [0m 5 || |[7;1m [0m| |[7;1m [0m| |[7;1m [0m| |[7;1m [0m|| 5
[32;1m[Board] [0m   -------------------
[32;1m[Board] [0m 4 ||[7;1m [0m| |[7;1m [0m|[30;1mQ[0m|[7;1m [0m| |[7;1m [0m| || 4
[32;1m[Board] [0m   -------------------
[32;1m[Board] [0m 3 || |[7;1m [0m| |[7;1m [0m| |[7;1m [0m|[0;1mp[0m|[7;1m [0m|| 3
[32;1m[Board] [0m   -------------------
[32;1m[Board] [0m 2 ||[0;1mp[0m|[0;1mp[0m|[7;1m [0m|[0;1mp[0m|[0;1mp[0m|[0;1mp[0m|[7;1m [0m|[0;1mp[0m|| 2
[32;1m[Board] [0m   -------------------
[32;1m[Board] [0m 1 ||[0;1mr[0m|[7;1m [0m|[0;1mb[0m|[0;1mQ[0m|[0;1mK[0m|[0;1mb[0m|[0;1mr[0m|[7;1m [0m|| 1
[32;1m[Board] [0m   -------------------
[32;1m[Board] [0m     a b c d e f g h
[32;1m[Board] [0m
[32;1m[Referee] [0mThis is the turn of the White player...
Position after history:

  +-----------------+
8 | r . b . k . . r |
7 | p p p . . p p p |
6 | . . . b . n . . |
5 | . . . . . . . . |
4 | . . . q . . . . |
3 | . . . . . . P . |
2 | P P . P P P . P |
1 | R . B Q K B R . |
  +-----------------+
    a b c d e f g h
Side to move: White
Next move: g1g2 (score: -60)
[32;1m[Game] [0mPlayer's error code: 0
[32;1m[Game] [0mChecking move validity...
[32;1m[Board] [0mInitializing board (size: 8)...
[32;1m[Board] [0mLoading history file `championship/chesster-logic-and-proofs/history.csv`...
[32;1m[Board] [0mLoaded 18 move(s).
[32;1m[Board] [0mLoading move file `championship/chesster-logic-and-proofs/move.csv`...
[32;1m[Board] [0mWhite player is playing g1 to g2.
[32;1m[Board] [0m
[32;1m[Board] [0m     a b c d e f g h
[32;1m[Board] [0m   -------------------
[32;1m[Board] [0m 8 ||[30;1mr[0m| |[30;1mb[0m| |[30;1mK[0m| |[7;1m [0m|[30;1mr[0m|| 8
[32;1m[Board] [0m   -------------------
[32;1m[Board] [0m 7 ||[30;1mp[0m|[30;1mp[0m|[30;1mp[0m|[7;1m [0m| |[30;1mp[0m|[30;1mp[0m|[30;1mp[0m|| 7
[32;1m[Board] [0m   -------------------
[32;1m[Board] [0m 6 ||[7;1m [0m| |[7;1m [0m|[30;1mb[0m|[7;1m [0m|[30;1mk[0m|[7;1m [0m| || 6
[32;1m[Board] [0m   -------------------
[32;1m[Board] [0m 5 || |[7;1m [0m| |[7;1m [0m| |[7;1m [0m| |[7;1m [0m|| 5
[32;1m[Board] [0m   -------------------
[32;1m[Board] [0m 4 ||[7;1m [0m| |[7;1m [0m|[30;1mQ[0m|[7;1m [0m| |[7;1m [0m| || 4
[32;1m[Board] [0m   -------------------
[32;1m[Board] [0m 3 || |[7;1m [0m| |[7;1m [0m| |[7;1m [0m|[0;1mp[0m|[7;1m [0m|| 3
[32;1m[Board] [0m   -------------------
[32;1m[Board] [0m 2 ||[0;1mp[0m|[0;1mp[0m|[7;1m [0m|[0;1mp[0m|[0;1mp[0m|[0;1mp[0m|[0;1mr[0m|[0;1mp[0m|| 2
[32;1m[Board] [0m   -------------------
[32;1m[Board] [0m 1 ||[0;1mr[0m|[7;1m [0m|[0;1mb[0m|[0;1mQ[0m|[0;1mK[0m|[0;1mb[0m| |[7;1m [0m|| 1
[32;1m[Board] [0m   -------------------
[32;1m[Board] [0m     a b c d e f g h
[32;1m[Board] [0m
[32;1m[Referee] [0mThis is the turn of the Black player...
[DEBUG] Input history filename: championship/chesster-logic-and-proofs/history.csv
[DEBUG] Output move file: championship/chesster-logic-and-proofs/move.csv
[Parser][ply=] 19
how i see the board before writing next move: Turn: Black
Enpassant: xx	Castling: xWQ BK BQ 
   ---- ---- ---- ---- ---- ---- ---- ----
8 | r  |    | b  |    | k  |    |    | r  |
   ---- ---- ---- ---- ---- ---- ---- ----
7 | p  | p  | p  |    |    | p  | p  | p  |
   ---- ---- ---- ---- ---- ---- ---- ----
6 |    |    |    | b  |    | n  |    |    |
   ---- ---- ---- ---- ---- ---- ---- ----
5 |    |    |    |    |    |    |    |    |
   ---- ---- ---- ---- ---- ---- ---- ----
4 |    |    |    | q  |    |    |    |    |
   ---- ---- ---- ---- ---- ---- ---- ----
3 |    |    |    |    |    |    | P  |    |
   ---- ---- ---- ---- ---- ---- ---- ----
2 | P  | P  |    | P  | P  | P  | R  | P  |
   ---- ---- ---- ---- ---- ---- ---- ----
1 | R  |    | B  | Q  | K  | B  |    |    |
   ---- ---- ---- ---- ---- ---- ---- ----
    a    b    c    d    e    f    g    h
starting search...
depth: 1 score: 331 time: 0 nodes: 206 hashfull: 0
depth: 2 score: 317 time: 0 nodes: 552 hashfull: 0
depth: 3 score: 330 time: 3 nodes: 5771 hashfull: 0
depth: 4 score: 311 time: 8 nodes: 17226 hashfull: 0
depth: 5 score: 319 time: 11 nodes: 32823 hashfull: 0
depth: 6 score: 313 time: 97 nodes: 183752 hashfull: 5
depth: 7 score: 332 time: 234 nodes: 514703 hashfull: 10
depth: 8 score: 324 time: 444 nodes: 1176987 hashfull: 22
depth: 9 score: 323 time: 2307 nodes: 4988743 hashfull: 136
[DEBUG] [Parser] Wrote to ouput file championship/chesster-logic-and-proofs/move.csv move : e8g8
[32;1m[Game] [0mPlayer's error code: 0
[32;1m[Game] [0mChecking move validity...
[32;1m[Board] [0mInitializing board (size: 8)...
[32;1m[Board] [0mLoading history file `championship/chesster-logic-and-proofs/history.csv`...
[32;1m[Board] [0mLoaded 19 move(s).
[32;1m[Board] [0mLoading move file `championship/chesster-logic-and-proofs/move.csv`...
[32;1m[Board] [0mBlack player is playing e8 to g8.
[32;1m[Board] [0mBlack player is castling kingside...
[32;1m[Board] [0m
[32;1m[Board] [0m     a b c d e f g h
[32;1m[Board] [0m   -------------------
[32;1m[Board] [0m 8 ||[30;1mr[0m| |[30;1mb[0m| |[7;1m [0m|[30;1mr[0m|[30;1mK[0m| || 8
[32;1m[Board] [0m   -------------------
[32;1m[Board] [0m 7 ||[30;1mp[0m|[30;1mp[0m|[30;1mp[0m|[7;1m [0m| |[30;1mp[0m|[30;1mp[0m|[30;1mp[0m|| 7
[32;1m[Board] [0m   -------------------
[32;1m[Board] [0m 6 ||[7;1m [0m| |[7;1m [0m|[30;1mb[0m|[7;1m [0m|[30;1mk[0m|[7;1m [0m| || 6
[32;1m[Board] [0m   -------------------
[32;1m[Board] [0m 5 || |[7;1m [0m| |[7;1m [0m| |[7;1m [0m| |[7;1m [0m|| 5
[32;1m[Board] [0m   -------------------
[32;1m[Board] [0m 4 ||[7;1m [0m| |[7;1m [0m|[30;1mQ[0m|[7;1m [0m| |[7;1m [0m| || 4
[32;1m[Board] [0m   -------------------
[32;1m[Board] [0m 3 || |[7;1m [0m| |[7;1m [0m| |[7;1m [0m|[0;1mp[0m|[7;1m [0m|| 3
[32;1m[Board] [0m   -------------------
[32;1m[Board] [0m 2 ||[0;1mp[0m|[0;1mp[0m|[7;1m [0m|[0;1mp[0m|[0;1mp[0m|[0;1mp[0m|[0;1mr[0m|[0;1mp[0m|| 2
[32;1m[Board] [0m   -------------------
[32;1m[Board] [0m 1 ||[0;1mr[0m|[7;1m [0m|[0;1mb[0m|[0;1mQ[0m|[0;1mK[0m|[0;1mb[0m| |[7;1m [0m|| 1
[32;1m[Board] [0m   -------------------
[32;1m[Board] [0m     a b c d e f g h
[32;1m[Board] [0m
[32;1m[Referee] [0mThis is the turn of the White player...
Position after history:

  +-----------------+
8 | r . b . . r k . |
7 | p p p . . p p p |
6 | . . . b . n . . |
5 | . . . . . . . . |
4 | . . . q . . . . |
3 | . . . . . . P . |
2 | P P . P P P R P |
1 | R . B Q K B . . |
  +-----------------+
    a b c d e f g h
Side to move: White
Next move: a1b1 (score: -83)
[32;1m[Game] [0mPlayer's error code: 0
[32;1m[Game] [0mChecking move validity...
[32;1m[Board] [0mInitializing board (size: 8)...
[32;1m[Board] [0mLoading history file `championship/chesster-logic-and-proofs/history.csv`...
[32;1m[Board] [0mLoaded 20 move(s).
[32;1m[Board] [0mLoading move file `championship/chesster-logic-and-proofs/move.csv`...
[32;1m[Board] [0mWhite player is playing a1 to b1.
[32;1m[Board] [0m
[32;1m[Board] [0m     a b c d e f g h
[32;1m[Board] [0m   -------------------
[32;1m[Board] [0m 8 ||[30;1mr[0m| |[30;1mb[0m| |[7;1m [0m|[30;1mr[0m|[30;1mK[0m| || 8
[32;1m[Board] [0m   -------------------
[32;1m[Board] [0m 7 ||[30;1mp[0m|[30;1mp[0m|[30;1mp[0m|[7;1m [0m| |[30;1mp[0m|[30;1mp[0m|[30;1mp[0m|| 7
[32;1m[Board] [0m   -------------------
[32;1m[Board] [0m 6 ||[7;1m [0m| |[7;1m [0m|[30;1mb[0m|[7;1m [0m|[30;1mk[0m|[7;1m [0m| || 6
[32;1m[Board] [0m   -------------------
[32;1m[Board] [0m 5 || |[7;1m [0m| |[7;1m [0m| |[7;1m [0m| |[7;1m [0m|| 5
[32;1m[Board] [0m   -------------------
[32;1m[Board] [0m 4 ||[7;1m [0m| |[7;1m [0m|[30;1mQ[0m|[7;1m [0m| |[7;1m [0m| || 4
[32;1m[Board] [0m   -------------------
[32;1m[Board] [0m 3 || |[7;1m [0m| |[7;1m [0m| |[7;1m [0m|[0;1mp[0m|[7;1m [0m|| 3
[32;1m[Board] [0m   -------------------
[32;1m[Board] [0m 2 ||[0;1mp[0m|[0;1mp[0m|[7;1m [0m|[0;1mp[0m|[0;1mp[0m|[0;1mp[0m|[0;1mr[0m|[0;1mp[0m|| 2
[32;1m[Board] [0m   -------------------
[32;1m[Board] [0m 1 || |[0;1mr[0m|[0;1mb[0m|[0;1mQ[0m|[0;1mK[0m|[0;1mb[0m| |[7;1m [0m|| 1
[32;1m[Board] [0m   -------------------
[32;1m[Board] [0m     a b c d e f g h
[32;1m[Board] [0m
[32;1m[Referee] [0mThis is the turn of the Black player...
[DEBUG] Input history filename: championship/chesster-logic-and-proofs/history.csv
[DEBUG] Output move file: championship/chesster-logic-and-proofs/move.csv
[Parser][ply=] 21
how i see the board before writing next move: Turn: Black
Enpassant: xx	Castling: xxxx
   ---- ---- ---- ---- ---- ---- ---- ----
8 | r  |    | b  |    |    | r  | k  |    |
   ---- ---- ---- ---- ---- ---- ---- ----
7 | p  | p  | p  |    |    | p  | p  | p  |
   ---- ---- ---- ---- ---- ---- ---- ----
6 |    |    |    | b  |    | n  |    |    |
   ---- ---- ---- ---- ---- ---- ---- ----
5 |    |    |    |    |    |    |    |    |
   ---- ---- ---- ---- ---- ---- ---- ----
4 |    |    |    | q  |    |    |    |    |
   ---- ---- ---- ---- ---- ---- ---- ----
3 |    |    |    |    |    |    | P  |    |
   ---- ---- ---- ---- ---- ---- ---- ----
2 | P  | P  |    | P  | P  | P  | R  | P  |
   ---- ---- ---- ---- ---- ---- ---- ----
1 |    | R  | B  | Q  | K  | B  |    |    |
   ---- ---- ---- ---- ---- ---- ---- ----
    a    b    c    d    e    f    g    h
starting search...
depth: 1 score: 363 time: 0 nodes: 169 hashfull: 0
depth: 2 score: 349 time: 0 nodes: 986 hashfull: 0
depth: 3 score: 352 time: 3 nodes: 4466 hashfull: 0
depth: 4 score: 341 time: 31 nodes: 33617 hashfull: 0
depth: 5 score: 358 time: 45 nodes: 78568 hashfull: 1
depth: 6 score: 395 time: 174 nodes: 255082 hashfull: 5
depth: 7 score: 389 time: 282 nodes: 525037 hashfull: 10
depth: 8 score: 379 time: 625 nodes: 1156536 hashfull: 22
depth: 9 score: 372 time: 3364 nodes: 4711932 hashfull: 119
[DEBUG] [Parser] Wrote to ouput file championship/chesster-logic-and-proofs/move.csv move : c8h3
[32;1m[Game] [0mPlayer's error code: 0
[32;1m[Game] [0mChecking move validity...
[32;1m[Board] [0mInitializing board (size: 8)...
[32;1m[Board] [0mLoading history file `championship/chesster-logic-and-proofs/history.csv`...
[32;1m[Board] [0mLoaded 21 move(s).
[32;1m[Board] [0mLoading move file `championship/chesster-logic-and-proofs/move.csv`...
[32;1m[Board] [0mBlack player is playing c8 to h3.
[32;1m[Board] [0m
[32;1m[Board] [0m     a b c d e f g h
[32;1m[Board] [0m   -------------------
[32;1m[Board] [0m 8 ||[30;1mr[0m| |[7;1m [0m| |[7;1m [0m|[30;1mr[0m|[30;1mK[0m| || 8
[32;1m[Board] [0m   -------------------
[32;1m[Board] [0m 7 ||[30;1mp[0m|[30;1mp[0m|[30;1mp[0m|[7;1m [0m| |[30;1mp[0m|[30;1mp[0m|[30;1mp[0m|| 7
[32;1m[Board] [0m   -------------------
[32;1m[Board] [0m 6 ||[7;1m [0m| |[7;1m [0m|[30;1mb[0m|[7;1m [0m|[30;1mk[0m|[7;1m [0m| || 6
[32;1m[Board] [0m   -------------------
[32;1m[Board] [0m 5 || |[7;1m [0m| |[7;1m [0m| |[7;1m [0m| |[7;1m [0m|| 5
[32;1m[Board] [0m   -------------------
[32;1m[Board] [0m 4 ||[7;1m [0m| |[7;1m [0m|[30;1mQ[0m|[7;1m [0m| |[7;1m [0m| || 4
[32;1m[Board] [0m   -------------------
[32;1m[Board] [0m 3 || |[7;1m [0m| |[7;1m [0m| |[7;1m [0m|[0;1mp[0m|[30;1mb[0m|| 3
[32;1m[Board] [0m   -------------------
[32;1m[Board] [0m 2 ||[0;1mp[0m|[0;1mp[0m|[7;1m [0m|[0;1mp[0m|[0;1mp[0m|[0;1mp[0m|[0;1mr[0m|[0;1mp[0m|| 2
[32;1m[Board] [0m   -------------------
[32;1m[Board] [0m 1 || |[0;1mr[0m|[0;1mb[0m|[0;1mQ[0m|[0;1mK[0m|[0;1mb[0m| |[7;1m [0m|| 1
[32;1m[Board] [0m   -------------------
[32;1m[Board] [0m     a b c d e f g h
[32;1m[Board] [0m
[32;1m[Referee] [0mThis is the turn of the White player...
Position after history:

  +-----------------+
8 | r . . . . r k . |
7 | p p p . . p p p |
6 | . . . b . n . . |
5 | . . . . . . . . |
4 | . . . q . . . . |
3 | . . . . . . P b |
2 | P P . P P P R P |
1 | . R B Q K B . . |
  +-----------------+
    a b c d e f g h
Side to move: White
Next move: g2g1 (score: -81)
[32;1m[Game] [0mPlayer's error code: 0
[32;1m[Game] [0mChecking move validity...
[32;1m[Board] [0mInitializing board (size: 8)...
[32;1m[Board] [0mLoading history file `championship/chesster-logic-and-proofs/history.csv`...
[32;1m[Board] [0mLoaded 22 move(s).
[32;1m[Board] [0mLoading move file `championship/chesster-logic-and-proofs/move.csv`...
[32;1m[Board] [0mWhite player is playing g2 to g1.
[32;1m[Board] [0m
[32;1m[Board] [0m     a b c d e f g h
[32;1m[Board] [0m   -------------------
[32;1m[Board] [0m 8 ||[30;1mr[0m| |[7;1m [0m| |[7;1m [0m|[30;1mr[0m|[30;1mK[0m| || 8
[32;1m[Board] [0m   -------------------
[32;1m[Board] [0m 7 ||[30;1mp[0m|[30;1mp[0m|[30;1mp[0m|[7;1m [0m| |[30;1mp[0m|[30;1mp[0m|[30;1mp[0m|| 7
[32;1m[Board] [0m   -------------------
[32;1m[Board] [0m 6 ||[7;1m [0m| |[7;1m [0m|[30;1mb[0m|[7;1m [0m|[30;1mk[0m|[7;1m [0m| || 6
[32;1m[Board] [0m   -------------------
[32;1m[Board] [0m 5 || |[7;1m [0m| |[7;1m [0m| |[7;1m [0m| |[7;1m [0m|| 5
[32;1m[Board] [0m   -------------------
[32;1m[Board] [0m 4 ||[7;1m [0m| |[7;1m [0m|[30;1mQ[0m|[7;1m [0m| |[7;1m [0m| || 4
[32;1m[Board] [0m   -------------------
[32;1m[Board] [0m 3 || |[7;1m [0m| |[7;1m [0m| |[7;1m [0m|[0;1mp[0m|[30;1mb[0m|| 3
[32;1m[Board] [0m   -------------------
[32;1m[Board] [0m 2 ||[0;1mp[0m|[0;1mp[0m|[7;1m [0m|[0;1mp[0m|[0;1mp[0m|[0;1mp[0m|[7;1m [0m|[0;1mp[0m|| 2
[32;1m[Board] [0m   -------------------
[32;1m[Board] [0m 1 || |[0;1mr[0m|[0;1mb[0m|[0;1mQ[0m|[0;1mK[0m|[0;1mb[0m|[0;1mr[0m|[7;1m [0m|| 1
[32;1m[Board] [0m   -------------------
[32;1m[Board] [0m     a b c d e f g h
[32;1m[Board] [0m
[32;1m[Referee] [0mThis is the turn of the Black player...
[DEBUG] Input history filename: championship/chesster-logic-and-proofs/history.csv
[DEBUG] Output move file: championship/chesster-logic-and-proofs/move.csv
[Parser][ply=] 23
how i see the board before writing next move: Turn: Black
Enpassant: xx	Castling: xxxx
   ---- ---- ---- ---- ---- ---- ---- ----
8 | r  |    |    |    |    | r  | k  |    |
   ---- ---- ---- ---- ---- ---- ---- ----
7 | p  | p  | p  |    |    | p  | p  | p  |
   ---- ---- ---- ---- ---- ---- ---- ----
6 |    |    |    | b  |    | n  |    |    |
   ---- ---- ---- ---- ---- ---- ---- ----
5 |    |    |    |    |    |    |    |    |
   ---- ---- ---- ---- ---- ---- ---- ----
4 |    |    |    | q  |    |    |    |    |
   ---- ---- ---- ---- ---- ---- ---- ----
3 |    |    |    |    |    |    | P  | b  |
   ---- ---- ---- ---- ---- ---- ---- ----
2 | P  | P  |    | P  | P  | P  |    | P  |
   ---- ---- ---- ---- ---- ---- ---- ----
1 |    | R  | B  | Q  | K  | B  | R  |    |
   ---- ---- ---- ---- ---- ---- ---- ----
    a    b    c    d    e    f    g    h
starting search...
depth: 1 score: 377 time: 0 nodes: 434 hashfull: 0
depth: 2 score: 361 time: 2 nodes: 2251 hashfull: 0
depth: 3 score: 401 time: 2 nodes: 4700 hashfull: 0
depth: 4 score: 382 time: 8 nodes: 13199 hashfull: 0
depth: 5 score: 389 time: 15 nodes: 28276 hashfull: 0
depth: 6 score: 379 time: 140 nodes: 157281 hashfull: 5
depth: 7 score: 372 time: 296 nodes: 531960 hashfull: 11
depth: 8 score: 363 time: 641 nodes: 1299128 hashfull: 25
depth: 9 score: 368 time: 2819 nodes: 4386721 hashfull: 116
[DEBUG] [Parser] Wrote to ouput file championship/chesster-logic-and-proofs/move.csv move : h3f5
[32;1m[Game] [0mPlayer's error code: 0
[32;1m[Game] [0mChecking move validity...
[32;1m[Board] [0mInitializing board (size: 8)...
[32;1m[Board] [0mLoading history file `championship/chesster-logic-and-proofs/history.csv`...
[32;1m[Board] [0mLoaded 23 move(s).
[32;1m[Board] [0mLoading move file `championship/chesster-logic-and-proofs/move.csv`...
[32;1m[Board] [0mBlack player is playing h3 to f5.
[32;1m[Board] [0m
[32;1m[Board] [0m     a b c d e f g h
[32;1m[Board] [0m   -------------------
[32;1m[Board] [0m 8 ||[30;1mr[0m| |[7;1m [0m| |[7;1m [0m|[30;1mr[0m|[30;1mK[0m| || 8
[32;1m[Board] [0m   -------------------
[32;1m[Board] [0m 7 ||[30;1mp[0m|[30;1mp[0m|[30;1mp[0m|[7;1m [0m| |[30;1mp[0m|[30;1mp[0m|[30;1mp[0m|| 7
[32;1m[Board] [0m   -------------------
[32;1m[Board] [0m 6 ||[7;1m [0m| |[7;1m [0m|[30;1mb[0m|[7;1m [0m|[30;1mk[0m|[7;1m [0m| || 6
[32;1m[Board] [0m   -------------------
[32;1m[Board] [0m 5 || |[7;1m [0m| |[7;1m [0m| |[30;1mb[0m| |[7;1m [0m|| 5
[32;1m[Board] [0m   -------------------
[32;1m[Board] [0m 4 ||[7;1m [0m| |[7;1m [0m|[30;1mQ[0m|[7;1m [0m| |[7;1m [0m| || 4
[32;1m[Board] [0m   -------------------
[32;1m[Board] [0m 3 || |[7;1m [0m| |[7;1m [0m| |[7;1m [0m|[0;1mp[0m|[7;1m [0m|| 3
[32;1m[Board] [0m   -------------------
[32;1m[Board] [0m 2 ||[0;1mp[0m|[0;1mp[0m|[7;1m [0m|[0;1mp[0m|[0;1mp[0m|[0;1mp[0m|[7;1m [0m|[0;1mp[0m|| 2
[32;1m[Board] [0m   -------------------
[32;1m[Board] [0m 1 || |[0;1mr[0m|[0;1mb[0m|[0;1mQ[0m|[0;1mK[0m|[0;1mb[0m|[0;1mr[0m|[7;1m [0m|| 1
[32;1m[Board] [0m   -------------------
[32;1m[Board] [0m     a b c d e f g h
[32;1m[Board] [0m
[32;1m[Referee] [0mThis is the turn of the White player...
Position after history:

  +-----------------+
8 | r . . . . r k . |
7 | p p p . . p p p |
6 | . . . b . n . . |
5 | . . . . . b . . |
4 | . . . q . . . . |
3 | . . . . . . P . |
2 | P P . P P P . P |
1 | . R B Q K B R . |
  +-----------------+
    a b c d e f g h
Side to move: White
Next move: b1a1 (score: -54)
[32;1m[Game] [0mPlayer's error code: 0
[32;1m[Game] [0mChecking move validity...
[32;1m[Board] [0mInitializing board (size: 8)...
[32;1m[Board] [0mLoading history file `championship/chesster-logic-and-proofs/history.csv`...
[32;1m[Board] [0mLoaded 24 move(s).
[32;1m[Board] [0mLoading move file `championship/chesster-logic-and-proofs/move.csv`...
[32;1m[Board] [0mWhite player is playing b1 to a1.
[32;1m[Board] [0m
[32;1m[Board] [0m     a b c d e f g h
[32;1m[Board] [0m   -------------------
[32;1m[Board] [0m 8 ||[30;1mr[0m| |[7;1m [0m| |[7;1m [0m|[30;1mr[0m|[30;1mK[0m| || 8
[32;1m[Board] [0m   -------------------
[32;1m[Board] [0m 7 ||[30;1mp[0m|[30;1mp[0m|[30;1mp[0m|[7;1m [0m| |[30;1mp[0m|[30;1mp[0m|[30;1mp[0m|| 7
[32;1m[Board] [0m   -------------------
[32;1m[Board] [0m 6 ||[7;1m [0m| |[7;1m [0m|[30;1mb[0m|[7;1m [0m|[30;1mk[0m|[7;1m [0m| || 6
[32;1m[Board] [0m   -------------------
[32;1m[Board] [0m 5 || |[7;1m [0m| |[7;1m [0m| |[30;1mb[0m| |[7;1m [0m|| 5
[32;1m[Board] [0m   -------------------
[32;1m[Board] [0m 4 ||[7;1m [0m| |[7;1m [0m|[30;1mQ[0m|[7;1m [0m| |[7;1m [0m| || 4
[32;1m[Board] [0m   -------------------
[32;1m[Board] [0m 3 || |[7;1m [0m| |[7;1m [0m| |[7;1m [0m|[0;1mp[0m|[7;1m [0m|| 3
[32;1m[Board] [0m   -------------------
[32;1m[Board] [0m 2 ||[0;1mp[0m|[0;1mp[0m|[7;1m [0m|[0;1mp[0m|[0;1mp[0m|[0;1mp[0m|[7;1m [0m|[0;1mp[0m|| 2
[32;1m[Board] [0m   -------------------
[32;1m[Board] [0m 1 ||[0;1mr[0m|[7;1m [0m|[0;1mb[0m|[0;1mQ[0m|[0;1mK[0m|[0;1mb[0m|[0;1mr[0m|[7;1m [0m|| 1
[32;1m[Board] [0m   -------------------
[32;1m[Board] [0m     a b c d e f g h
[32;1m[Board] [0m
[32;1m[Referee] [0mThis is the turn of the Black player...
[DEBUG] Input history filename: championship/chesster-logic-and-proofs/history.csv
[DEBUG] Output move file: championship/chesster-logic-and-proofs/move.csv
[Parser][ply=] 25
how i see the board before writing next move: Turn: Black
Enpassant: xx	Castling: xxxx
   ---- ---- ---- ---- ---- ---- ---- ----
8 | r  |    |    |    |    | r  | k  |    |
   ---- ---- ---- ---- ---- ---- ---- ----
7 | p  | p  | p  |    |    | p  | p  | p  |
   ---- ---- ---- ---- ---- ---- ---- ----
6 |    |    |    | b  |    | n  |    |    |
   ---- ---- ---- ---- ---- ---- ---- ----
5 |    |    |    |    |    | b  |    |    |
   ---- ---- ---- ---- ---- ---- ---- ----
4 |    |    |    | q  |    |    |    |    |
   ---- ---- ---- ---- ---- ---- ---- ----
3 |    |    |    |    |    |    | P  |    |
   ---- ---- ---- ---- ---- ---- ---- ----
2 | P  | P  |    | P  | P  | P  |    | P  |
   ---- ---- ---- ---- ---- ---- ---- ----
1 | R  |    | B  | Q  | K  | B  | R  |    |
   ---- ---- ---- ---- ---- ---- ---- ----
    a    b    c    d    e    f    g    h
starting search...
depth: 1 score: 422 time: 0 nodes: 180 hashfull: 0
depth: 2 score: 395 time: 4 nodes: 5206 hashfull: 0
depth: 3 score: 414 time: 2 nodes: 9113 hashfull: 0
depth: 4 score: 400 time: 17 nodes: 33029 hashfull: 0
depth: 5 score: 419 time: 24 nodes: 66581 hashfull: 0
depth: 6 score: 393 time: 201 nodes: 353573 hashfull: 7
depth: 7 score: 405 time: 387 nodes: 878804 hashfull: 16
depth: 8 score: 403 time: 1248 nodes: 2568096 hashfull: 42
depth: 9 score: 394 time: 5755 nodes: 11311268 hashfull: 210
[DEBUG] [Parser] Wrote to ouput file championship/chesster-logic-and-proofs/move.csv move : a8e8
[32;1m[Game] [0mPlayer's error code: 0
[32;1m[Game] [0mChecking move validity...
[32;1m[Board] [0mInitializing board (size: 8)...
[32;1m[Board] [0mLoading history file `championship/chesster-logic-and-proofs/history.csv`...
[32;1m[Board] [0mLoaded 25 move(s).
[32;1m[Board] [0mLoading move file `championship/chesster-logic-and-proofs/move.csv`...
[32;1m[Board] [0mBlack player is playing a8 to e8.
[32;1m[Board] [0m
[32;1m[Board] [0m     a b c d e f g h
[32;1m[Board] [0m   -------------------
[32;1m[Board] [0m 8 ||[7;1m [0m| |[7;1m [0m| |[30;1mr[0m|[30;1mr[0m|[30;1mK[0m| || 8
[32;1m[Board] [0m   -------------------
[32;1m[Board] [0m 7 ||[30;1mp[0m|[30;1mp[0m|[30;1mp[0m|[7;1m [0m| |[30;1mp[0m|[30;1mp[0m|[30;1mp[0m|| 7
[32;1m[Board] [0m   -------------------
[32;1m[Board] [0m 6 ||[7;1m [0m| |[7;1m [0m|[30;1mb[0m|[7;1m [0m|[30;1mk[0m|[7;1m [0m| || 6
[32;1m[Board] [0m   -------------------
[32;1m[Board] [0m 5 || |[7;1m [0m| |[7;1m [0m| |[30;1mb[0m| |[7;1m [0m|| 5
[32;1m[Board] [0m   -------------------
[32;1m[Board] [0m 4 ||[7;1m [0m| |[7;1m [0m|[30;1mQ[0m|[7;1m [0m| |[7;1m [0m| || 4
[32;1m[Board] [0m   -------------------
[32;1m[Board] [0m 3 || |[7;1m [0m| |[7;1m [0m| |[7;1m [0m|[0;1mp[0m|[7;1m [0m|| 3
[32;1m[Board] [0m   -------------------
[32;1m[Board] [0m 2 ||[0;1mp[0m|[0;1mp[0m|[7;1m [0m|[0;1mp[0m|[0;1mp[0m|[0;1mp[0m|[7;1m [0m|[0;1mp[0m|| 2
[32;1m[Board] [0m   -------------------
[32;1m[Board] [0m 1 ||[0;1mr[0m|[7;1m [0m|[0;1mb[0m|[0;1mQ[0m|[0;1mK[0m|[0;1mb[0m|[0;1mr[0m|[7;1m [0m|| 1
[32;1m[Board] [0m   -------------------
[32;1m[Board] [0m     a b c d e f g h
[32;1m[Board] [0m
[32;1m[Referee] [0mThis is the turn of the White player...
Position after history:

  +-----------------+
8 | . . . . r r k . |
7 | p p p . . p p p |
6 | . . . b . n . . |
5 | . . . . . b . . |
4 | . . . q . . . . |
3 | . . . . . . P . |
2 | P P . P P P . P |
1 | R . B Q K B R . |
  +-----------------+
    a b c d e f g h
Side to move: White
Next move: g1h1 (score: -86)
[32;1m[Game] [0mPlayer's error code: 0
[32;1m[Game] [0mChecking move validity...
[32;1m[Board] [0mInitializing board (size: 8)...
[32;1m[Board] [0mLoading history file `championship/chesster-logic-and-proofs/history.csv`...
[32;1m[Board] [0mLoaded 26 move(s).
[32;1m[Board] [0mLoading move file `championship/chesster-logic-and-proofs/move.csv`...
[32;1m[Board] [0mWhite player is playing g1 to h1.
[32;1m[Board] [0m
[32;1m[Board] [0m     a b c d e f g h
[32;1m[Board] [0m   -------------------
[32;1m[Board] [0m 8 ||[7;1m [0m| |[7;1m [0m| |[30;1mr[0m|[30;1mr[0m|[30;1mK[0m| || 8
[32;1m[Board] [0m   -------------------
[32;1m[Board] [0m 7 ||[30;1mp[0m|[30;1mp[0m|[30;1mp[0m|[7;1m [0m| |[30;1mp[0m|[30;1mp[0m|[30;1mp[0m|| 7
[32;1m[Board] [0m   -------------------
[32;1m[Board] [0m 6 ||[7;1m [0m| |[7;1m [0m|[30;1mb[0m|[7;1m [0m|[30;1mk[0m|[7;1m [0m| || 6
[32;1m[Board] [0m   -------------------
[32;1m[Board] [0m 5 || |[7;1m [0m| |[7;1m [0m| |[30;1mb[0m| |[7;1m [0m|| 5
[32;1m[Board] [0m   -------------------
[32;1m[Board] [0m 4 ||[7;1m [0m| |[7;1m [0m|[30;1mQ[0m|[7;1m [0m| |[7;1m [0m| || 4
[32;1m[Board] [0m   -------------------
[32;1m[Board] [0m 3 || |[7;1m [0m| |[7;1m [0m| |[7;1m [0m|[0;1mp[0m|[7;1m [0m|| 3
[32;1m[Board] [0m   -------------------
[32;1m[Board] [0m 2 ||[0;1mp[0m|[0;1mp[0m|[7;1m [0m|[0;1mp[0m|[0;1mp[0m|[0;1mp[0m|[7;1m [0m|[0;1mp[0m|| 2
[32;1m[Board] [0m   -------------------
[32;1m[Board] [0m 1 ||[0;1mr[0m|[7;1m [0m|[0;1mb[0m|[0;1mQ[0m|[0;1mK[0m|[0;1mb[0m| |[0;1mr[0m|| 1
[32;1m[Board] [0m   -------------------
[32;1m[Board] [0m     a b c d e f g h
[32;1m[Board] [0m
[32;1m[Referee] [0mThis is the turn of the Black player...
[DEBUG] Input history filename: championship/chesster-logic-and-proofs/history.csv
[DEBUG] Output move file: championship/chesster-logic-and-proofs/move.csv
[Parser][ply=] 27
how i see the board before writing next move: Turn: Black
Enpassant: xx	Castling: xxxx
   ---- ---- ---- ---- ---- ---- ---- ----
8 |    |    |    |    | r  | r  | k  |    |
   ---- ---- ---- ---- ---- ---- ---- ----
7 | p  | p  | p  |    |    | p  | p  | p  |
   ---- ---- ---- ---- ---- ---- ---- ----
6 |    |    |    | b  |    | n  |    |    |
   ---- ---- ---- ---- ---- ---- ---- ----
5 |    |    |    |    |    | b  |    |    |
   ---- ---- ---- ---- ---- ---- ---- ----
4 |    |    |    | q  |    |    |    |    |
   ---- ---- ---- ---- ---- ---- ---- ----
3 |    |    |    |    |    |    | P  |    |
   ---- ---- ---- ---- ---- ---- ---- ----
2 | P  | P  |    | P  | P  | P  |    | P  |
   ---- ---- ---- ---- ---- ---- ---- ----
1 | R  |    | B  | Q  | K  | B  |    | R  |
   ---- ---- ---- ---- ---- ---- ---- ----
    a    b    c    d    e    f    g    h
starting search...
depth: 1 score: 454 time: 0 nodes: 251 hashfull: 0
depth: 2 score: 454 time: 0 nodes: 1280 hashfull: 0
depth: 3 score: 470 time: 3 nodes: 5842 hashfull: 0
depth: 4 score: 444 time: 21 nodes: 33466 hashfull: 0
depth: 5 score: 452 time: 22 nodes: 64316 hashfull: 0
depth: 6 score: 444 time: 113 nodes: 233253 hashfull: 5
depth: 7 score: 444 time: 359 nodes: 720085 hashfull: 13
depth: 8 score: 452 time: 715 nodes: 1732396 hashfull: 30
depth: 9 score: 445 time: 3979 nodes: 7701730 hashfull: 181
[DEBUG] [Parser] Wrote to ouput file championship/chesster-logic-and-proofs/move.csv move : f5e4
[32;1m[Game] [0mPlayer's error code: 0
[32;1m[Game] [0mChecking move validity...
[32;1m[Board] [0mInitializing board (size: 8)...
[32;1m[Board] [0mLoading history file `championship/chesster-logic-and-proofs/history.csv`...
[32;1m[Board] [0mLoaded 27 move(s).
[32;1m[Board] [0mLoading move file `championship/chesster-logic-and-proofs/move.csv`...
[32;1m[Board] [0mBlack player is playing f5 to e4.
[32;1m[Board] [0m
[32;1m[Board] [0m     a b c d e f g h
[32;1m[Board] [0m   -------------------
[32;1m[Board] [0m 8 ||[7;1m [0m| |[7;1m [0m| |[30;1mr[0m|[30;1mr[0m|[30;1mK[0m| || 8
[32;1m[Board] [0m   -------------------
[32;1m[Board] [0m 7 ||[30;1mp[0m|[30;1mp[0m|[30;1mp[0m|[7;1m [0m| |[30;1mp[0m|[30;1mp[0m|[30;1mp[0m|| 7
[32;1m[Board] [0m   -------------------
[32;1m[Board] [0m 6 ||[7;1m [0m| |[7;1m [0m|[30;1mb[0m|[7;1m [0m|[30;1mk[0m|[7;1m [0m| || 6
[32;1m[Board] [0m   -------------------
[32;1m[Board] [0m 5 || |[7;1m [0m| |[7;1m [0m| |[7;1m [0m| |[7;1m [0m|| 5
[32;1m[Board] [0m   -------------------
[32;1m[Board] [0m 4 ||[7;1m [0m| |[7;1m [0m|[30;1mQ[0m|[30;1mb[0m| |[7;1m [0m| || 4
[32;1m[Board] [0m   -------------------
[32;1m[Board] [0m 3 || |[7;1m [0m| |[7;1m [0m| |[7;1m [0m|[0;1mp[0m|[7;1m [0m|| 3
[32;1m[Board] [0m   -------------------
[32;1m[Board] [0m 2 ||[0;1mp[0m|[0;1mp[0m|[7;1m [0m|[0;1mp[0m|[0;1mp[0m|[0;1mp[0m|[7;1m [0m|[0;1mp[0m|| 2
[32;1m[Board] [0m   -------------------
[32;1m[Board] [0m 1 ||[0;1mr[0m|[7;1m [0m|[0;1mb[0m|[0;1mQ[0m|[0;1mK[0m|[0;1mb[0m| |[0;1mr[0m|| 1
[32;1m[Board] [0m   -------------------
[32;1m[Board] [0m     a b c d e f g h
[32;1m[Board] [0m
[32;1m[Referee] [0mThis is the turn of the White player...
Position after history:

  +-----------------+
8 | . . . . r r k . |
7 | p p p . . p p p |
6 | . . . b . n . . |
5 | . . . . . . . . |
4 | . . . q b . . . |
3 | . . . . . . P . |
2 | P P . P P P . P |
1 | R . B Q K B . R |
  +-----------------+
    a b c d e f g h
Side to move: White
Next move: h1g1 (score: -124)
[32;1m[Game] [0mPlayer's error code: 0
[32;1m[Game] [0mChecking move validity...
[32;1m[Board] [0mInitializing board (size: 8)...
[32;1m[Board] [0mLoading history file `championship/chesster-logic-and-proofs/history.csv`...
[32;1m[Board] [0mLoaded 28 move(s).
[32;1m[Board] [0mLoading move file `championship/chesster-logic-and-proofs/move.csv`...
[32;1m[Board] [0mWhite player is playing h1 to g1.
[32;1m[Board] [0m
[32;1m[Board] [0m     a b c d e f g h
[32;1m[Board] [0m   -------------------
[32;1m[Board] [0m 8 ||[7;1m [0m| |[7;1m [0m| |[30;1mr[0m|[30;1mr[0m|[30;1mK[0m| || 8
[32;1m[Board] [0m   -------------------
[32;1m[Board] [0m 7 ||[30;1mp[0m|[30;1mp[0m|[30;1mp[0m|[7;1m [0m| |[30;1mp[0m|[30;1mp[0m|[30;1mp[0m|| 7
[32;1m[Board] [0m   -------------------
[32;1m[Board] [0m 6 ||[7;1m [0m| |[7;1m [0m|[30;1mb[0m|[7;1m [0m|[30;1mk[0m|[7;1m [0m| || 6
[32;1m[Board] [0m   -------------------
[32;1m[Board] [0m 5 || |[7;1m [0m| |[7;1m [0m| |[7;1m [0m| |[7;1m [0m|| 5
[32;1m[Board] [0m   -------------------
[32;1m[Board] [0m 4 ||[7;1m [0m| |[7;1m [0m|[30;1mQ[0m|[30;1mb[0m| |[7;1m [0m| || 4
[32;1m[Board] [0m   -------------------
[32;1m[Board] [0m 3 || |[7;1m [0m| |[7;1m [0m| |[7;1m [0m|[0;1mp[0m|[7;1m [0m|| 3
[32;1m[Board] [0m   -------------------
[32;1m[Board] [0m 2 ||[0;1mp[0m|[0;1mp[0m|[7;1m [0m|[0;1mp[0m|[0;1mp[0m|[0;1mp[0m|[7;1m [0m|[0;1mp[0m|| 2
[32;1m[Board] [0m   -------------------
[32;1m[Board] [0m 1 ||[0;1mr[0m|[7;1m [0m|[0;1mb[0m|[0;1mQ[0m|[0;1mK[0m|[0;1mb[0m|[0;1mr[0m|[7;1m [0m|| 1
[32;1m[Board] [0m   -------------------
[32;1m[Board] [0m     a b c d e f g h
[32;1m[Board] [0m
[32;1m[Referee] [0mThis is the turn of the Black player...
[DEBUG] Input history filename: championship/chesster-logic-and-proofs/history.csv
[DEBUG] Output move file: championship/chesster-logic-and-proofs/move.csv
[Parser][ply=] 29
how i see the board before writing next move: Turn: Black
Enpassant: xx	Castling: xxxx
   ---- ---- ---- ---- ---- ---- ---- ----
8 |    |    |    |    | r  | r  | k  |    |
   ---- ---- ---- ---- ---- ---- ---- ----
7 | p  | p  | p  |    |    | p  | p  | p  |
   ---- ---- ---- ---- ---- ---- ---- ----
6 |    |    |    | b  |    | n  |    |    |
   ---- ---- ---- ---- ---- ---- ---- ----
5 |    |    |    |    |    |    |    |    |
   ---- ---- ---- ---- ---- ---- ---- ----
4 |    |    |    | q  | b  |    |    |    |
   ---- ---- ---- ---- ---- ---- ---- ----
3 |    |    |    |    |    |    | P  |    |
   ---- ---- ---- ---- ---- ---- ---- ----
2 | P  | P  |    | P  | P  | P  |    | P  |
   ---- ---- ---- ---- ---- ---- ---- ----
1 | R  |    | B  | Q  | K  | B  | R  |    |
   ---- ---- ---- ---- ---- ---- ---- ----
    a    b    c    d    e    f    g    h
starting search...
depth: 1 score: 470 time: 0 nodes: 158 hashfull: 0
depth: 2 score: 444 time: 10 nodes: 13416 hashfull: 0
depth: 3 score: 452 time: 4 nodes: 18690 hashfull: 0
depth: 4 score: 444 time: 10 nodes: 31954 hashfull: 0
depth: 5 score: 444 time: 34 nodes: 77421 hashfull: 0
depth: 6 score: 452 time: 160 nodes: 305643 hashfull: 5
depth: 7 score: 445 time: 286 nodes: 696916 hashfull: 11
depth: 8 score: 424 time: 1181 nodes: 2380898 hashfull: 40
depth: 9 score: 424 time: 3033 nodes: 7107621 hashfull: 160
[DEBUG] [Parser] Wrote to ouput file championship/chesster-logic-and-proofs/move.csv move : e4f3
[32;1m[Game] [0mPlayer's error code: 0
[32;1m[Game] [0mChecking move validity...
[32;1m[Board] [0mInitializing board (size: 8)...
[32;1m[Board] [0mLoading history file `championship/chesster-logic-and-proofs/history.csv`...
[32;1m[Board] [0mLoaded 29 move(s).
[32;1m[Board] [0mLoading move file `championship/chesster-logic-and-proofs/move.csv`...
[32;1m[Board] [0mBlack player is playing e4 to f3.
[32;1m[Board] [0m
[32;1m[Board] [0m     a b c d e f g h
[32;1m[Board] [0m   -------------------
[32;1m[Board] [0m 8 ||[7;1m [0m| |[7;1m [0m| |[30;1mr[0m|[30;1mr[0m|[30;1mK[0m| || 8
[32;1m[Board] [0m   -------------------
[32;1m[Board] [0m 7 ||[30;1mp[0m|[30;1mp[0m|[30;1mp[0m|[7;1m [0m| |[30;1mp[0m|[30;1mp[0m|[30;1mp[0m|| 7
[32;1m[Board] [0m   -------------------
[32;1m[Board] [0m 6 ||[7;1m [0m| |[7;1m [0m|[30;1mb[0m|[7;1m [0m|[30;1mk[0m|[7;1m [0m| || 6
[32;1m[Board] [0m   -------------------
[32;1m[Board] [0m 5 || |[7;1m [0m| |[7;1m [0m| |[7;1m [0m| |[7;1m [0m|| 5
[32;1m[Board] [0m   -------------------
[32;1m[Board] [0m 4 ||[7;1m [0m| |[7;1m [0m|[30;1mQ[0m|[7;1m [0m| |[7;1m [0m| || 4
[32;1m[Board] [0m   -------------------
[32;1m[Board] [0m 3 || |[7;1m [0m| |[7;1m [0m| |[30;1mb[0m|[0;1mp[0m|[7;1m [0m|| 3
[32;1m[Board] [0m   -------------------
[32;1m[Board] [0m 2 ||[0;1mp[0m|[0;1mp[0m|[7;1m [0m|[0;1mp[0m|[0;1mp[0m|[0;1mp[0m|[7;1m [0m|[0;1mp[0m|| 2
[32;1m[Board] [0m   -------------------
[32;1m[Board] [0m 1 ||[0;1mr[0m|[7;1m [0m|[0;1mb[0m|[0;1mQ[0m|[0;1mK[0m|[0;1mb[0m|[0;1mr[0m|[7;1m [0m|| 1
[32;1m[Board] [0m   -------------------
[32;1m[Board] [0m     a b c d e f g h
[32;1m[Board] [0m
[32;1m[Referee] [0mThis is the turn of the White player...
Position after history:

  +-----------------+
8 | . . . . r r k . |
7 | p p p . . p p p |
6 | . . . b . n . . |
5 | . . . . . . . . |
4 | . . . q . . . . |
3 | . . . . . b P . |
2 | P P . P P P . P |
1 | R . B Q K B R . |
  +-----------------+
    a b c d e f g h
Side to move: White
Next move: d1b3 (score: -109)
[32;1m[Game] [0mPlayer's error code: 0
[32;1m[Game] [0mChecking move validity...
[32;1m[Board] [0mInitializing board (size: 8)...
[32;1m[Board] [0mLoading history file `championship/chesster-logic-and-proofs/history.csv`...
[32;1m[Board] [0mLoaded 30 move(s).
[32;1m[Board] [0mLoading move file `championship/chesster-logic-and-proofs/move.csv`...
[32;1m[Board] [0mWhite player is playing d1 to b3.
[32;1m[Board] [0m
[32;1m[Board] [0m     a b c d e f g h
[32;1m[Board] [0m   -------------------
[32;1m[Board] [0m 8 ||[7;1m [0m| |[7;1m [0m| |[30;1mr[0m|[30;1mr[0m|[30;1mK[0m| || 8
[32;1m[Board] [0m   -------------------
[32;1m[Board] [0m 7 ||[30;1mp[0m|[30;1mp[0m|[30;1mp[0m|[7;1m [0m| |[30;1mp[0m|[30;1mp[0m|[30;1mp[0m|| 7
[32;1m[Board] [0m   -------------------
[32;1m[Board] [0m 6 ||[7;1m [0m| |[7;1m [0m|[30;1mb[0m|[7;1m [0m|[30;1mk[0m|[7;1m [0m| || 6
[32;1m[Board] [0m   -------------------
[32;1m[Board] [0m 5 || |[7;1m [0m| |[7;1m [0m| |[7;1m [0m| |[7;1m [0m|| 5
[32;1m[Board] [0m   -------------------
[32;1m[Board] [0m 4 ||[7;1m [0m| |[7;1m [0m|[30;1mQ[0m|[7;1m [0m| |[7;1m [0m| || 4
[32;1m[Board] [0m   -------------------
[32;1m[Board] [0m 3 || |[0;1mQ[0m| |[7;1m [0m| |[30;1mb[0m|[0;1mp[0m|[7;1m [0m|| 3
[32;1m[Board] [0m   -------------------
[32;1m[Board] [0m 2 ||[0;1mp[0m|[0;1mp[0m|[7;1m [0m|[0;1mp[0m|[0;1mp[0m|[0;1mp[0m|[7;1m [0m|[0;1mp[0m|| 2
[32;1m[Board] [0m   -------------------
[32;1m[Board] [0m 1 ||[0;1mr[0m|[7;1m [0m|[0;1mb[0m|[7;1m [0m|[0;1mK[0m|[0;1mb[0m|[0;1mr[0m|[7;1m [0m|| 1
[32;1m[Board] [0m   -------------------
[32;1m[Board] [0m     a b c d e f g h
[32;1m[Board] [0m
[32;1m[Referee] [0mThis is the turn of the Black player...
[DEBUG] Input history filename: championship/chesster-logic-and-proofs/history.csv
[DEBUG] Output move file: championship/chesster-logic-and-proofs/move.csv
[Parser][ply=] 31
how i see the board before writing next move: Turn: Black
Enpassant: xx	Castling: xxxx
   ---- ---- ---- ---- ---- ---- ---- ----
8 |    |    |    |    | r  | r  | k  |    |
   ---- ---- ---- ---- ---- ---- ---- ----
7 | p  | p  | p  |    |    | p  | p  | p  |
   ---- ---- ---- ---- ---- ---- ---- ----
6 |    |    |    | b  |    | n  |    |    |
   ---- ---- ---- ---- ---- ---- ---- ----
5 |    |    |    |    |    |    |    |    |
   ---- ---- ---- ---- ---- ---- ---- ----
4 |    |    |    | q  |    |    |    |    |
   ---- ---- ---- ---- ---- ---- ---- ----
3 |    | Q  |    |    |    | b  | P  |    |
   ---- ---- ---- ---- ---- ---- ---- ----
2 | P  | P  |    | P  | P  | P  |    | P  |
   ---- ---- ---- ---- ---- ---- ---- ----
1 | R  |    | B  |    | K  | B  | R  |    |
   ---- ---- ---- ---- ---- ---- ---- ----
    a    b    c    d    e    f    g    h
starting search...
depth: 1 score: 459 time: 0 nodes: 896 hashfull: 0
depth: 2 score: 437 time: 2 nodes: 4039 hashfull: 0
depth: 3 score: 458 time: 2 nodes: 8175 hashfull: 0
depth: 4 score: 418 time: 14 nodes: 27683 hashfull: 0
depth: 5 score: 452 time: 14 nodes: 49256 hashfull: 0
depth: 6 score: 445 time: 90 nodes: 199548 hashfull: 5
depth: 7 score: 452 time: 235 nodes: 534645 hashfull: 10
depth: 8 score: 421 time: 459 nodes: 1246109 hashfull: 24
depth: 9 score: 426 time: 2528 nodes: 5536725 hashfull: 142
[DEBUG] [Parser] Wrote to ouput file championship/chesster-logic-and-proofs/move.csv move : f3d5
[32;1m[Game] [0mPlayer's error code: 0
[32;1m[Game] [0mChecking move validity...
[32;1m[Board] [0mInitializing board (size: 8)...
[32;1m[Board] [0mLoading history file `championship/chesster-logic-and-proofs/history.csv`...
[32;1m[Board] [0mLoaded 31 move(s).
[32;1m[Board] [0mLoading move file `championship/chesster-logic-and-proofs/move.csv`...
[32;1m[Board] [0mBlack player is playing f3 to d5.
[32;1m[Board] [0m
[32;1m[Board] [0m     a b c d e f g h
[32;1m[Board] [0m   -------------------
[32;1m[Board] [0m 8 ||[7;1m [0m| |[7;1m [0m| |[30;1mr[0m|[30;1mr[0m|[30;1mK[0m| || 8
[32;1m[Board] [0m   -------------------
[32;1m[Board] [0m 7 ||[30;1mp[0m|[30;1mp[0m|[30;1mp[0m|[7;1m [0m| |[30;1mp[0m|[30;1mp[0m|[30;1mp[0m|| 7
[32;1m[Board] [0m   -------------------
[32;1m[Board] [0m 6 ||[7;1m [0m| |[7;1m [0m|[30;1mb[0m|[7;1m [0m|[30;1mk[0m|[7;1m [0m| || 6
[32;1m[Board] [0m   -------------------
[32;1m[Board] [0m 5 || |[7;1m [0m| |[30;1mb[0m| |[7;1m [0m| |[7;1m [0m|| 5
[32;1m[Board] [0m   -------------------
[32;1m[Board] [0m 4 ||[7;1m [0m| |[7;1m [0m|[30;1mQ[0m|[7;1m [0m| |[7;1m [0m| || 4
[32;1m[Board] [0m   -------------------
[32;1m[Board] [0m 3 || |[0;1mQ[0m| |[7;1m [0m| |[7;1m [0m|[0;1mp[0m|[7;1m [0m|| 3
[32;1m[Board] [0m   -------------------
[32;1m[Board] [0m 2 ||[0;1mp[0m|[0;1mp[0m|[7;1m [0m|[0;1mp[0m|[0;1mp[0m|[0;1mp[0m|[7;1m [0m|[0;1mp[0m|| 2
[32;1m[Board] [0m   -------------------
[32;1m[Board] [0m 1 ||[0;1mr[0m|[7;1m [0m|[0;1mb[0m|[7;1m [0m|[0;1mK[0m|[0;1mb[0m|[0;1mr[0m|[7;1m [0m|| 1
[32;1m[Board] [0m   -------------------
[32;1m[Board] [0m     a b c d e f g h
[32;1m[Board] [0m
[32;1m[Referee] [0mThis is the turn of the White player...
Position after history:

  +-----------------+
8 | . . . . r r k . |
7 | p p p . . p p p |
6 | . . . b . n . . |
5 | . . . b . . . . |
4 | . . . q . . . . |
3 | . Q . . . . P . |
2 | P P . P P P . P |
1 | R . B . K B R . |
  +-----------------+
    a b c d e f g h
Side to move: White
Next move: b3c3 (score: -136)
[32;1m[Game] [0mPlayer's error code: 0
[32;1m[Game] [0mChecking move validity...
[32;1m[Board] [0mInitializing board (size: 8)...
[32;1m[Board] [0mLoading history file `championship/chesster-logic-and-proofs/history.csv`...
[32;1m[Board] [0mLoaded 32 move(s).
[32;1m[Board] [0mLoading move file `championship/chesster-logic-and-proofs/move.csv`...
[32;1m[Board] [0mWhite player is playing b3 to c3.
[32;1m[Board] [0m
[32;1m[Board] [0m     a b c d e f g h
[32;1m[Board] [0m   -------------------
[32;1m[Board] [0m 8 ||[7;1m [0m| |[7;1m [0m| |[30;1mr[0m|[30;1mr[0m|[30;1mK[0m| || 8
[32;1m[Board] [0m   -------------------
[32;1m[Board] [0m 7 ||[30;1mp[0m|[30;1mp[0m|[30;1mp[0m|[7;1m [0m| |[30;1mp[0m|[30;1mp[0m|[30;1mp[0m|| 7
[32;1m[Board] [0m   -------------------
[32;1m[Board] [0m 6 ||[7;1m [0m| |[7;1m [0m|[30;1mb[0m|[7;1m [0m|[30;1mk[0m|[7;1m [0m| || 6
[32;1m[Board] [0m   -------------------
[32;1m[Board] [0m 5 || |[7;1m [0m| |[30;1mb[0m| |[7;1m [0m| |[7;1m [0m|| 5
[32;1m[Board] [0m   -------------------
[32;1m[Board] [0m 4 ||[7;1m [0m| |[7;1m [0m|[30;1mQ[0m|[7;1m [0m| |[7;1m [0m| || 4
[32;1m[Board] [0m   -------------------
[32;1m[Board] [0m 3 || |[7;1m [0m|[0;1mQ[0m|[7;1m [0m| |[7;1m [0m|[0;1mp[0m|[7;1m [0m|| 3
[32;1m[Board] [0m   -------------------
[32;1m[Board] [0m 2 ||[0;1mp[0m|[0;1mp[0m|[7;1m [0m|[0;1mp[0m|[0;1mp[0m|[0;1mp[0m|[7;1m [0m|[0;1mp[0m|| 2
[32;1m[Board] [0m   -------------------
[32;1m[Board] [0m 1 ||[0;1mr[0m|[7;1m [0m|[0;1mb[0m|[7;1m [0m|[0;1mK[0m|[0;1mb[0m|[0;1mr[0m|[7;1m [0m|| 1
[32;1m[Board] [0m   -------------------
[32;1m[Board] [0m     a b c d e f g h
[32;1m[Board] [0m
[32;1m[Referee] [0mThis is the turn of the Black player...
[DEBUG] Input history filename: championship/chesster-logic-and-proofs/history.csv
[DEBUG] Output move file: championship/chesster-logic-and-proofs/move.csv
[Parser][ply=] 33
how i see the board before writing next move: Turn: Black
Enpassant: xx	Castling: xxxx
   ---- ---- ---- ---- ---- ---- ---- ----
8 |    |    |    |    | r  | r  | k  |    |
   ---- ---- ---- ---- ---- ---- ---- ----
7 | p  | p  | p  |    |    | p  | p  | p  |
   ---- ---- ---- ---- ---- ---- ---- ----
6 |    |    |    | b  |    | n  |    |    |
   ---- ---- ---- ---- ---- ---- ---- ----
5 |    |    |    | b  |    |    |    |    |
   ---- ---- ---- ---- ---- ---- ---- ----
4 |    |    |    | q  |    |    |    |    |
   ---- ---- ---- ---- ---- ---- ---- ----
3 |    |    | Q  |    |    |    | P  |    |
   ---- ---- ---- ---- ---- ---- ---- ----
2 | P  | P  |    | P  | P  | P  |    | P  |
   ---- ---- ---- ---- ---- ---- ---- ----
1 | R  |    | B  |    | K  | B  | R  |    |
   ---- ---- ---- ---- ---- ---- ---- ----
    a    b    c    d    e    f    g    h
starting search...
depth: 1 score: 458 time: 0 nodes: 505 hashfull: 0
depth: 2 score: 418 time: 1 nodes: 2891 hashfull: 0
depth: 3 score: 452 time: 4 nodes: 9898 hashfull: 0
depth: 4 score: 445 time: 6 nodes: 19310 hashfull: 0
depth: 5 score: 452 time: 14 nodes: 39877 hashfull: 0
depth: 6 score: 421 time: 98 nodes: 195490 hashfull: 4
depth: 7 score: 432 time: 159 nodes: 433716 hashfull: 9
depth: 8 score: 428 time: 401 nodes: 1055699 hashfull: 22
depth: 9 score: 428 time: 2340 nodes: 3826054 hashfull: 100
[DEBUG] [Parser] Wrote to ouput file championship/chesster-logic-and-proofs/move.csv move : d4b6
[32;1m[Game] [0mPlayer's error code: 0
[32;1m[Game] [0mChecking move validity...
[32;1m[Board] [0mInitializing board (size: 8)...
[32;1m[Board] [0mLoading history file `championship/chesster-logic-and-proofs/history.csv`...
[32;1m[Board] [0mLoaded 33 move(s).
[32;1m[Board] [0mLoading move file `championship/chesster-logic-and-proofs/move.csv`...
[32;1m[Board] [0mBlack player is playing d4 to b6.
[32;1m[Board] [0m
[32;1m[Board] [0m     a b c d e f g h
[32;1m[Board] [0m   -------------------
[32;1m[Board] [0m 8 ||[7;1m [0m| |[7;1m [0m| |[30;1mr[0m|[30;1mr[0m|[30;1mK[0m| || 8
[32;1m[Board] [0m   -------------------
[32;1m[Board] [0m 7 ||[30;1mp[0m|[30;1mp[0m|[30;1mp[0m|[7;1m [0m| |[30;1mp[0m|[30;1mp[0m|[30;1mp[0m|| 7
[32;1m[Board] [0m   -------------------
[32;1m[Board] [0m 6 ||[7;1m [0m|[30;1mQ[0m|[7;1m [0m|[30;1mb[0m|[7;1m [0m|[30;1mk[0m|[7;1m [0m| || 6
[32;1m[Board] [0m   -------------------
[32;1m[Board] [0m 5 || |[7;1m [0m| |[30;1mb[0m| |[7;1m [0m| |[7;1m [0m|| 5
[32;1m[Board] [0m   -------------------
[32;1m[Board] [0m 4 ||[7;1m [0m| |[7;1m [0m| |[7;1m [0m| |[7;1m [0m| || 4
[32;1m[Board] [0m   -------------------
[32;1m[Board] [0m 3 || |[7;1m [0m|[0;1mQ[0m|[7;1m [0m| |[7;1m [0m|[0;1mp[0m|[7;1m [0m|| 3
[32;1m[Board] [0m   -------------------
[32;1m[Board] [0m 2 ||[0;1mp[0m|[0;1mp[0m|[7;1m [0m|[0;1mp[0m|[0;1mp[0m|[0;1mp[0m|[7;1m [0m|[0;1mp[0m|| 2
[32;1m[Board] [0m   -------------------
[32;1m[Board] [0m 1 ||[0;1mr[0m|[7;1m [0m|[0;1mb[0m|[7;1m [0m|[0;1mK[0m|[0;1mb[0m|[0;1mr[0m|[7;1m [0m|| 1
[32;1m[Board] [0m   -------------------
[32;1m[Board] [0m     a b c d e f g h
[32;1m[Board] [0m
[32;1m[Referee] [0mThis is the turn of the White player...
Position after history:

  +-----------------+
8 | . . . . r r k . |
7 | p p p . . p p p |
6 | . q . b . n . . |
5 | . . . b . . . . |
4 | . . . . . . . . |
3 | . . Q . . . P . |
2 | P P . P P P . P |
1 | R . B . K B R . |
  +-----------------+
    a b c d e f g h
Side to move: White
Next move: c3c2 (score: -173)
[32;1m[Game] [0mPlayer's error code: 0
[32;1m[Game] [0mChecking move validity...
[32;1m[Board] [0mInitializing board (size: 8)...
[32;1m[Board] [0mLoading history file `championship/chesster-logic-and-proofs/history.csv`...
[32;1m[Board] [0mLoaded 34 move(s).
[32;1m[Board] [0mLoading move file `championship/chesster-logic-and-proofs/move.csv`...
[32;1m[Board] [0mWhite player is playing c3 to c2.
[32;1m[Board] [0m
[32;1m[Board] [0m     a b c d e f g h
[32;1m[Board] [0m   -------------------
[32;1m[Board] [0m 8 ||[7;1m [0m| |[7;1m [0m| |[30;1mr[0m|[30;1mr[0m|[30;1mK[0m| || 8
[32;1m[Board] [0m   -------------------
[32;1m[Board] [0m 7 ||[30;1mp[0m|[30;1mp[0m|[30;1mp[0m|[7;1m [0m| |[30;1mp[0m|[30;1mp[0m|[30;1mp[0m|| 7
[32;1m[Board] [0m   -------------------
[32;1m[Board] [0m 6 ||[7;1m [0m|[30;1mQ[0m|[7;1m [0m|[30;1mb[0m|[7;1m [0m|[30;1mk[0m|[7;1m [0m| || 6
[32;1m[Board] [0m   -------------------
[32;1m[Board] [0m 5 || |[7;1m [0m| |[30;1mb[0m| |[7;1m [0m| |[7;1m [0m|| 5
[32;1m[Board] [0m   -------------------
[32;1m[Board] [0m 4 ||[7;1m [0m| |[7;1m [0m| |[7;1m [0m| |[7;1m [0m| || 4
[32;1m[Board] [0m   -------------------
[32;1m[Board] [0m 3 || |[7;1m [0m| |[7;1m [0m| |[7;1m [0m|[0;1mp[0m|[7;1m [0m|| 3
[32;1m[Board] [0m   -------------------
[32;1m[Board] [0m 2 ||[0;1mp[0m|[0;1mp[0m|[0;1mQ[0m|[0;1mp[0m|[0;1mp[0m|[0;1mp[0m|[7;1m [0m|[0;1mp[0m|| 2
[32;1m[Board] [0m   -------------------
[32;1m[Board] [0m 1 ||[0;1mr[0m|[7;1m [0m|[0;1mb[0m|[7;1m [0m|[0;1mK[0m|[0;1mb[0m|[0;1mr[0m|[7;1m [0m|| 1
[32;1m[Board] [0m   -------------------
[32;1m[Board] [0m     a b c d e f g h
[32;1m[Board] [0m
[32;1m[Referee] [0mThis is the turn of the Black player...
[DEBUG] Input history filename: championship/chesster-logic-and-proofs/history.csv
[DEBUG] Output move file: championship/chesster-logic-and-proofs/move.csv
[Parser][ply=] 35
how i see the board before writing next move: Turn: Black
Enpassant: xx	Castling: xxxx
   ---- ---- ---- ---- ---- ---- ---- ----
8 |    |    |    |    | r  | r  | k  |    |
   ---- ---- ---- ---- ---- ---- ---- ----
7 | p  | p  | p  |    |    | p  | p  | p  |
   ---- ---- ---- ---- ---- ---- ---- ----
6 |    | q  |    | b  |    | n  |    |    |
   ---- ---- ---- ---- ---- ---- ---- ----
5 |    |    |    | b  |    |    |    |    |
   ---- ---- ---- ---- ---- ---- ---- ----
4 |    |    |    |    |    |    |    |    |
   ---- ---- ---- ---- ---- ---- ---- ----
3 |    |    |    |    |    |    | P  |    |
   ---- ---- ---- ---- ---- ---- ---- ----
2 | P  | P  | Q  | P  | P  | P  |    | P  |
   ---- ---- ---- ---- ---- ---- ---- ----
1 | R  |    | B  |    | K  | B  | R  |    |
   ---- ---- ---- ---- ---- ---- ---- ----
    a    b    c    d    e    f    g    h
starting search...
depth: 1 score: 483 time: 1 nodes: 596 hashfull: 0
depth: 2 score: 458 time: 1 nodes: 1711 hashfull: 0
depth: 3 score: 470 time: 8 nodes: 8265 hashfull: 0
depth: 4 score: 456 time: 24 nodes: 27410 hashfull: 0
depth: 5 score: 452 time: 60 nodes: 75128 hashfull: 0
depth: 6 score: 436 time: 374 nodes: 526471 hashfull: 7
depth: 7 score: 432 time: 360 nodes: 1028701 hashfull: 15
depth: 8 score: 460 time: 2089 nodes: 4129351 hashfull: 66
depth: 9 score: 460 time: 2137 nodes: 7636663 hashfull: 148
[DEBUG] [Parser] Wrote to ouput file championship/chesster-logic-and-proofs/move.csv move : f6g4
[32;1m[Game] [0mPlayer's error code: 0
[32;1m[Game] [0mChecking move validity...
[32;1m[Board] [0mInitializing board (size: 8)...
[32;1m[Board] [0mLoading history file `championship/chesster-logic-and-proofs/history.csv`...
[32;1m[Board] [0mLoaded 35 move(s).
[32;1m[Board] [0mLoading move file `championship/chesster-logic-and-proofs/move.csv`...
[32;1m[Board] [0mBlack player is playing f6 to g4.
[32;1m[Board] [0m
[32;1m[Board] [0m     a b c d e f g h
[32;1m[Board] [0m   -------------------
[32;1m[Board] [0m 8 ||[7;1m [0m| |[7;1m [0m| |[30;1mr[0m|[30;1mr[0m|[30;1mK[0m| || 8
[32;1m[Board] [0m   -------------------
[32;1m[Board] [0m 7 ||[30;1mp[0m|[30;1mp[0m|[30;1mp[0m|[7;1m [0m| |[30;1mp[0m|[30;1mp[0m|[30;1mp[0m|| 7
[32;1m[Board] [0m   -------------------
[32;1m[Board] [0m 6 ||[7;1m [0m|[30;1mQ[0m|[7;1m [0m|[30;1mb[0m|[7;1m [0m| |[7;1m [0m| || 6
[32;1m[Board] [0m   -------------------
[32;1m[Board] [0m 5 || |[7;1m [0m| |[30;1mb[0m| |[7;1m [0m| |[7;1m [0m|| 5
[32;1m[Board] [0m   -------------------
[32;1m[Board] [0m 4 ||[7;1m [0m| |[7;1m [0m| |[7;1m [0m| |[30;1mk[0m| || 4
[32;1m[Board] [0m   -------------------
[32;1m[Board] [0m 3 || |[7;1m [0m| |[7;1m [0m| |[7;1m [0m|[0;1mp[0m|[7;1m [0m|| 3
[32;1m[Board] [0m   -------------------
[32;1m[Board] [0m 2 ||[0;1mp[0m|[0;1mp[0m|[0;1mQ[0m|[0;1mp[0m|[0;1mp[0m|[0;1mp[0m|[7;1m [0m|[0;1mp[0m|| 2
[32;1m[Board] [0m   -------------------
[32;1m[Board] [0m 1 ||[0;1mr[0m|[7;1m [0m|[0;1mb[0m|[7;1m [0m|[0;1mK[0m|[0;1mb[0m|[0;1mr[0m|[7;1m [0m|| 1
[32;1m[Board] [0m   -------------------
[32;1m[Board] [0m     a b c d e f g h
[32;1m[Board] [0m
[32;1m[Referee] [0mThis is the turn of the White player...
Position after history:

  +-----------------+
8 | . . . . r r k . |
7 | p p p . . p p p |
6 | . q . b . . . . |
5 | . . . b . . . . |
4 | . . . . . . n . |
3 | . . . . . . P . |
2 | P P Q P P P . P |
1 | R . B . K B R . |
  +-----------------+
    a b c d e f g h
Side to move: White
Next move: c2f5 (score: -271)
[32;1m[Game] [0mPlayer's error code: 0
[32;1m[Game] [0mChecking move validity...
[32;1m[Board] [0mInitializing board (size: 8)...
[32;1m[Board] [0mLoading history file `championship/chesster-logic-and-proofs/history.csv`...
[32;1m[Board] [0mLoaded 36 move(s).
[32;1m[Board] [0mLoading move file `championship/chesster-logic-and-proofs/move.csv`...
[32;1m[Board] [0mWhite player is playing c2 to f5.
[32;1m[Board] [0m
[32;1m[Board] [0m     a b c d e f g h
[32;1m[Board] [0m   -------------------
[32;1m[Board] [0m 8 ||[7;1m [0m| |[7;1m [0m| |[30;1mr[0m|[30;1mr[0m|[30;1mK[0m| || 8
[32;1m[Board] [0m   -------------------
[32;1m[Board] [0m 7 ||[30;1mp[0m|[30;1mp[0m|[30;1mp[0m|[7;1m [0m| |[30;1mp[0m|[30;1mp[0m|[30;1mp[0m|| 7
[32;1m[Board] [0m   -------------------
[32;1m[Board] [0m 6 ||[7;1m [0m|[30;1mQ[0m|[7;1m [0m|[30;1mb[0m|[7;1m [0m| |[7;1m [0m| || 6
[32;1m[Board] [0m   -------------------
[32;1m[Board] [0m 5 || |[7;1m [0m| |[30;1mb[0m| |[0;1mQ[0m| |[7;1m [0m|| 5
[32;1m[Board] [0m   -------------------
[32;1m[Board] [0m 4 ||[7;1m [0m| |[7;1m [0m| |[7;1m [0m| |[30;1mk[0m| || 4
[32;1m[Board] [0m   -------------------
[32;1m[Board] [0m 3 || |[7;1m [0m| |[7;1m [0m| |[7;1m [0m|[0;1mp[0m|[7;1m [0m|| 3
[32;1m[Board] [0m   -------------------
[32;1m[Board] [0m 2 ||[0;1mp[0m|[0;1mp[0m|[7;1m [0m|[0;1mp[0m|[0;1mp[0m|[0;1mp[0m|[7;1m [0m|[0;1mp[0m|| 2
[32;1m[Board] [0m   -------------------
[32;1m[Board] [0m 1 ||[0;1mr[0m|[7;1m [0m|[0;1mb[0m|[7;1m [0m|[0;1mK[0m|[0;1mb[0m|[0;1mr[0m|[7;1m [0m|| 1
[32;1m[Board] [0m   -------------------
[32;1m[Board] [0m     a b c d e f g h
[32;1m[Board] [0m
[32;1m[Referee] [0mThis is the turn of the Black player...
[DEBUG] Input history filename: championship/chesster-logic-and-proofs/history.csv
[DEBUG] Output move file: championship/chesster-logic-and-proofs/move.csv
[Parser][ply=] 37
how i see the board before writing next move: Turn: Black
Enpassant: xx	Castling: xxxx
   ---- ---- ---- ---- ---- ---- ---- ----
8 |    |    |    |    | r  | r  | k  |    |
   ---- ---- ---- ---- ---- ---- ---- ----
7 | p  | p  | p  |    |    | p  | p  | p  |
   ---- ---- ---- ---- ---- ---- ---- ----
6 |    | q  |    | b  |    |    |    |    |
   ---- ---- ---- ---- ---- ---- ---- ----
5 |    |    |    | b  |    | Q  |    |    |
   ---- ---- ---- ---- ---- ---- ---- ----
4 |    |    |    |    |    |    | n  |    |
   ---- ---- ---- ---- ---- ---- ---- ----
3 |    |    |    |    |    |    | P  |    |
   ---- ---- ---- ---- ---- ---- ---- ----
2 | P  | P  |    | P  | P  | P  |    | P  |
   ---- ---- ---- ---- ---- ---- ---- ----
1 | R  |    | B  |    | K  | B  | R  |    |
   ---- ---- ---- ---- ---- ---- ---- ----
    a    b    c    d    e    f    g    h
starting search...
depth: 1 score: 434 time: 0 nodes: 1052 hashfull: 0
depth: 2 score: 435 time: 2 nodes: 4813 hashfull: 0
depth: 3 score: 447 time: 2 nodes: 8496 hashfull: 0
depth: 4 score: 439 time: 12 nodes: 25734 hashfull: 0
depth: 5 score: 451 time: 14 nodes: 46811 hashfull: 0
depth: 6 score: 451 time: 73 nodes: 165182 hashfull: 3
depth: 7 score: 460 time: 229 nodes: 504597 hashfull: 10
depth: 8 score: 474 time: 460 nodes: 1192872 hashfull: 22
depth: 9 score: 488 time: 2285 nodes: 4957954 hashfull: 118
depth: 10 score: 496 time: 5072 nodes: 12998983 hashfull: 230
[DEBUG] [Parser] Wrote to ouput file championship/chesster-logic-and-proofs/move.csv move : d5e6
[32;1m[Game] [0mPlayer's error code: 0
[32;1m[Game] [0mChecking move validity...
[32;1m[Board] [0mInitializing board (size: 8)...
[32;1m[Board] [0mLoading history file `championship/chesster-logic-and-proofs/history.csv`...
[32;1m[Board] [0mLoaded 37 move(s).
[32;1m[Board] [0mLoading move file `championship/chesster-logic-and-proofs/move.csv`...
[32;1m[Board] [0mBlack player is playing d5 to e6.
[32;1m[Board] [0m
[32;1m[Board] [0m     a b c d e f g h
[32;1m[Board] [0m   -------------------
[32;1m[Board] [0m 8 ||[7;1m [0m| |[7;1m [0m| |[30;1mr[0m|[30;1mr[0m|[30;1mK[0m| || 8
[32;1m[Board] [0m   -------------------
[32;1m[Board] [0m 7 ||[30;1mp[0m|[30;1mp[0m|[30;1mp[0m|[7;1m [0m| |[30;1mp[0m|[30;1mp[0m|[30;1mp[0m|| 7
[32;1m[Board] [0m   -------------------
[32;1m[Board] [0m 6 ||[7;1m [0m|[30;1mQ[0m|[7;1m [0m|[30;1mb[0m|[30;1mb[0m| |[7;1m [0m| || 6
[32;1m[Board] [0m   -------------------
[32;1m[Board] [0m 5 || |[7;1m [0m| |[7;1m [0m| |[0;1mQ[0m| |[7;1m [0m|| 5
[32;1m[Board] [0m   -------------------
[32;1m[Board] [0m 4 ||[7;1m [0m| |[7;1m [0m| |[7;1m [0m| |[30;1mk[0m| || 4
[32;1m[Board] [0m   -------------------
[32;1m[Board] [0m 3 || |[7;1m [0m| |[7;1m [0m| |[7;1m [0m|[0;1mp[0m|[7;1m [0m|| 3
[32;1m[Board] [0m   -------------------
[32;1m[Board] [0m 2 ||[0;1mp[0m|[0;1mp[0m|[7;1m [0m|[0;1mp[0m|[0;1mp[0m|[0;1mp[0m|[7;1m [0m|[0;1mp[0m|| 2
[32;1m[Board] [0m   -------------------
[32;1m[Board] [0m 1 ||[0;1mr[0m|[7;1m [0m|[0;1mb[0m|[7;1m [0m|[0;1mK[0m|[0;1mb[0m|[0;1mr[0m|[7;1m [0m|| 1
[32;1m[Board] [0m   -------------------
[32;1m[Board] [0m     a b c d e f g h
[32;1m[Board] [0m
[32;1m[Referee] [0mThis is the turn of the White player...
Position after history:

  +-----------------+
8 | . . . . r r k . |
7 | p p p . . p p p |
6 | . q . b b . . . |
5 | . . . . . Q . . |
4 | . . . . . . n . |
3 | . . . . . . P . |
2 | P P . P P P . P |
1 | R . B . K B R . |
  +-----------------+
    a b c d e f g h
Side to move: White
Next move: f5f3 (score: -271)
[32;1m[Game] [0mPlayer's error code: 0
[32;1m[Game] [0mChecking move validity...
[32;1m[Board] [0mInitializing board (size: 8)...
[32;1m[Board] [0mLoading history file `championship/chesster-logic-and-proofs/history.csv`...
[32;1m[Board] [0mLoaded 38 move(s).
[32;1m[Board] [0mLoading move file `championship/chesster-logic-and-proofs/move.csv`...
[32;1m[Board] [0mWhite player is playing f5 to f3.
[32;1m[Board] [0m
[32;1m[Board] [0m     a b c d e f g h
[32;1m[Board] [0m   -------------------
[32;1m[Board] [0m 8 ||[7;1m [0m| |[7;1m [0m| |[30;1mr[0m|[30;1mr[0m|[30;1mK[0m| || 8
[32;1m[Board] [0m   -------------------
[32;1m[Board] [0m 7 ||[30;1mp[0m|[30;1mp[0m|[30;1mp[0m|[7;1m [0m| |[30;1mp[0m|[30;1mp[0m|[30;1mp[0m|| 7
[32;1m[Board] [0m   -------------------
[32;1m[Board] [0m 6 ||[7;1m [0m|[30;1mQ[0m|[7;1m [0m|[30;1mb[0m|[30;1mb[0m| |[7;1m [0m| || 6
[32;1m[Board] [0m   -------------------
[32;1m[Board] [0m 5 || |[7;1m [0m| |[7;1m [0m| |[7;1m [0m| |[7;1m [0m|| 5
[32;1m[Board] [0m   -------------------
[32;1m[Board] [0m 4 ||[7;1m [0m| |[7;1m [0m| |[7;1m [0m| |[30;1mk[0m| || 4
[32;1m[Board] [0m   -------------------
[32;1m[Board] [0m 3 || |[7;1m [0m| |[7;1m [0m| |[0;1mQ[0m|[0;1mp[0m|[7;1m [0m|| 3
[32;1m[Board] [0m   -------------------
[32;1m[Board] [0m 2 ||[0;1mp[0m|[0;1mp[0m|[7;1m [0m|[0;1mp[0m|[0;1mp[0m|[0;1mp[0m|[7;1m [0m|[0;1mp[0m|| 2
[32;1m[Board] [0m   -------------------
[32;1m[Board] [0m 1 ||[0;1mr[0m|[7;1m [0m|[0;1mb[0m|[7;1m [0m|[0;1mK[0m|[0;1mb[0m|[0;1mr[0m|[7;1m [0m|| 1
[32;1m[Board] [0m   -------------------
[32;1m[Board] [0m     a b c d e f g h
[32;1m[Board] [0m
[32;1m[Referee] [0mThis is the turn of the Black player...
[DEBUG] Input history filename: championship/chesster-logic-and-proofs/history.csv
[DEBUG] Output move file: championship/chesster-logic-and-proofs/move.csv
[Parser][ply=] 39
how i see the board before writing next move: Turn: Black
Enpassant: xx	Castling: xxxx
   ---- ---- ---- ---- ---- ---- ---- ----
8 |    |    |    |    | r  | r  | k  |    |
   ---- ---- ---- ---- ---- ---- ---- ----
7 | p  | p  | p  |    |    | p  | p  | p  |
   ---- ---- ---- ---- ---- ---- ---- ----
6 |    | q  |    | b  | b  |    |    |    |
   ---- ---- ---- ---- ---- ---- ---- ----
5 |    |    |    |    |    |    |    |    |
   ---- ---- ---- ---- ---- ---- ---- ----
4 |    |    |    |    |    |    | n  |    |
   ---- ---- ---- ---- ---- ---- ---- ----
3 |    |    |    |    |    | Q  | P  |    |
   ---- ---- ---- ---- ---- ---- ---- ----
2 | P  | P  |    | P  | P  | P  |    | P  |
   ---- ---- ---- ---- ---- ---- ---- ----
1 | R  |    | B  |    | K  | B  | R  |    |
   ---- ---- ---- ---- ---- ---- ---- ----
    a    b    c    d    e    f    g    h
starting search...
depth: 1 score: 447 time: 0 nodes: 722 hashfull: 0
depth: 2 score: 439 time: 6 nodes: 9151 hashfull: 0
depth: 3 score: 451 time: 5 nodes: 15885 hashfull: 0
depth: 4 score: 451 time: 10 nodes: 30209 hashfull: 0
depth: 5 score: 460 time: 33 nodes: 76181 hashfull: 0
depth: 6 score: 474 time: 128 nodes: 258039 hashfull: 4
depth: 7 score: 488 time: 296 nodes: 647647 hashfull: 10
depth: 8 score: 496 time: 631 nodes: 1524784 hashfull: 25
depth: 9 score: 489 time: 3146 nodes: 6249892 hashfull: 133
[DEBUG] [Parser] Wrote to ouput file championship/chesster-logic-and-proofs/move.csv move : g4h2
[32;1m[Game] [0mPlayer's error code: 0
[32;1m[Game] [0mChecking move validity...
[32;1m[Board] [0mInitializing board (size: 8)...
[32;1m[Board] [0mLoading history file `championship/chesster-logic-and-proofs/history.csv`...
[32;1m[Board] [0mLoaded 39 move(s).
[32;1m[Board] [0mLoading move file `championship/chesster-logic-and-proofs/move.csv`...
[32;1m[Board] [0mBlack player is playing g4 to h2.
[32;1m[Board] [0m[5;1mBlack Knight is taking White Pawn.[0m
[32;1m[Board] [0m
[32;1m[Board] [0m     a b c d e f g h
[32;1m[Board] [0m   -------------------
[32;1m[Board] [0m 8 ||[7;1m [0m| |[7;1m [0m| |[30;1mr[0m|[30;1mr[0m|[30;1mK[0m| || 8
[32;1m[Board] [0m   -------------------
[32;1m[Board] [0m 7 ||[30;1mp[0m|[30;1mp[0m|[30;1mp[0m|[7;1m [0m| |[30;1mp[0m|[30;1mp[0m|[30;1mp[0m|| 7
[32;1m[Board] [0m   -------------------
[32;1m[Board] [0m 6 ||[7;1m [0m|[30;1mQ[0m|[7;1m [0m|[30;1mb[0m|[30;1mb[0m| |[7;1m [0m| || 6
[32;1m[Board] [0m   -------------------
[32;1m[Board] [0m 5 || |[7;1m [0m| |[7;1m [0m| |[7;1m [0m| |[7;1m [0m|| 5
[32;1m[Board] [0m   -------------------
[32;1m[Board] [0m 4 ||[7;1m [0m| |[7;1m [0m| |[7;1m [0m| |[7;1m [0m| || 4
[32;1m[Board] [0m   -------------------
[32;1m[Board] [0m 3 || |[7;1m [0m| |[7;1m [0m| |[0;1mQ[0m|[0;1mp[0m|[7;1m [0m|| 3
[32;1m[Board] [0m   -------------------
[32;1m[Board] [0m 2 ||[0;1mp[0m|[0;1mp[0m|[7;1m [0m|[0;1mp[0m|[0;1mp[0m|[0;1mp[0m|[7;1m [0m|[30;1mk[0m|| 2
[32;1m[Board] [0m   -------------------
[32;1m[Board] [0m 1 ||[0;1mr[0m|[7;1m [0m|[0;1mb[0m|[7;1m [0m|[0;1mK[0m|[0;1mb[0m|[0;1mr[0m|[7;1m [0m|| 1
[32;1m[Board] [0m   -------------------
[32;1m[Board] [0m     a b c d e f g h
[32;1m[Board] [0m
[32;1m[Referee] [0mThis is the turn of the White player...
Position after history:

  +-----------------+
8 | . . . . r r k . |
7 | p p p . . p p p |
6 | . q . b b . . . |
5 | . . . . . . . . |
4 | . . . . . . . . |
3 | . . . . . Q P . |
2 | P P . P P P . n |
1 | R . B . K B R . |
  +-----------------+
    a b c d e f g h
Side to move: White
Next move: f3c3 (score: -407)
[32;1m[Game] [0mPlayer's error code: 0
[32;1m[Game] [0mChecking move validity...
[32;1m[Board] [0mInitializing board (size: 8)...
[32;1m[Board] [0mLoading history file `championship/chesster-logic-and-proofs/history.csv`...
[32;1m[Board] [0mLoaded 40 move(s).
[32;1m[Board] [0mLoading move file `championship/chesster-logic-and-proofs/move.csv`...
[32;1m[Board] [0mWhite player is playing f3 to c3.
[32;1m[Board] [0m
[32;1m[Board] [0m     a b c d e f g h
[32;1m[Board] [0m   -------------------
[32;1m[Board] [0m 8 ||[7;1m [0m| |[7;1m [0m| |[30;1mr[0m|[30;1mr[0m|[30;1mK[0m| || 8
[32;1m[Board] [0m   -------------------
[32;1m[Board] [0m 7 ||[30;1mp[0m|[30;1mp[0m|[30;1mp[0m|[7;1m [0m| |[30;1mp[0m|[30;1mp[0m|[30;1mp[0m|| 7
[32;1m[Board] [0m   -------------------
[32;1m[Board] [0m 6 ||[7;1m [0m|[30;1mQ[0m|[7;1m [0m|[30;1mb[0m|[30;1mb[0m| |[7;1m [0m| || 6
[32;1m[Board] [0m   -------------------
[32;1m[Board] [0m 5 || |[7;1m [0m| |[7;1m [0m| |[7;1m [0m| |[7;1m [0m|| 5
[32;1m[Board] [0m   -------------------
[32;1m[Board] [0m 4 ||[7;1m [0m| |[7;1m [0m| |[7;1m [0m| |[7;1m [0m| || 4
[32;1m[Board] [0m   -------------------
[32;1m[Board] [0m 3 || |[7;1m [0m|[0;1mQ[0m|[7;1m [0m| |[7;1m [0m|[0;1mp[0m|[7;1m [0m|| 3
[32;1m[Board] [0m   -------------------
[32;1m[Board] [0m 2 ||[0;1mp[0m|[0;1mp[0m|[7;1m [0m|[0;1mp[0m|[0;1mp[0m|[0;1mp[0m|[7;1m [0m|[30;1mk[0m|| 2
[32;1m[Board] [0m   -------------------
[32;1m[Board] [0m 1 ||[0;1mr[0m|[7;1m [0m|[0;1mb[0m|[7;1m [0m|[0;1mK[0m|[0;1mb[0m|[0;1mr[0m|[7;1m [0m|| 1
[32;1m[Board] [0m   -------------------
[32;1m[Board] [0m     a b c d e f g h
[32;1m[Board] [0m
[32;1m[Referee] [0mThis is the turn of the Black player...
[DEBUG] Input history filename: championship/chesster-logic-and-proofs/history.csv
[DEBUG] Output move file: championship/chesster-logic-and-proofs/move.csv
[Parser][ply=] 41
how i see the board before writing next move: Turn: Black
Enpassant: xx	Castling: xxxx
   ---- ---- ---- ---- ---- ---- ---- ----
8 |    |    |    |    | r  | r  | k  |    |
   ---- ---- ---- ---- ---- ---- ---- ----
7 | p  | p  | p  |    |    | p  | p  | p  |
   ---- ---- ---- ---- ---- ---- ---- ----
6 |    | q  |    | b  | b  |    |    |    |
   ---- ---- ---- ---- ---- ---- ---- ----
5 |    |    |    |    |    |    |    |    |
   ---- ---- ---- ---- ---- ---- ---- ----
4 |    |    |    |    |    |    |    |    |
   ---- ---- ---- ---- ---- ---- ---- ----
3 |    |    | Q  |    |    |    | P  |    |
   ---- ---- ---- ---- ---- ---- ---- ----
2 | P  | P  |    | P  | P  | P  |    | n  |
   ---- ---- ---- ---- ---- ---- ---- ----
1 | R  |    | B  |    | K  | B  | R  |    |
   ---- ---- ---- ---- ---- ---- ---- ----
    a    b    c    d    e    f    g    h
starting search...
depth: 1 score: 510 time: 0 nodes: 254 hashfull: 0
depth: 2 score: 481 time: 0 nodes: 1097 hashfull: 0
depth: 3 score: 498 time: 6 nodes: 9245 hashfull: 0
depth: 4 score: 502 time: 23 nodes: 40327 hashfull: 0
depth: 5 score: 502 time: 16 nodes: 62690 hashfull: 0
depth: 6 score: 588 time: 240 nodes: 403028 hashfull: 6
depth: 7 score: 573 time: 224 nodes: 713106 hashfull: 11
depth: 8 score: 564 time: 382 nodes: 1272319 hashfull: 22
depth: 9 score: 580 time: 1925 nodes: 4308156 hashfull: 106
depth: 10 score: 577 time: 4837 nodes: 12371280 hashfull: 226
[DEBUG] [Parser] Wrote to ouput file championship/chesster-logic-and-proofs/move.csv move : e6g4
[32;1m[Game] [0mPlayer's error code: 0
[32;1m[Game] [0mChecking move validity...
[32;1m[Board] [0mInitializing board (size: 8)...
[32;1m[Board] [0mLoading history file `championship/chesster-logic-and-proofs/history.csv`...
[32;1m[Board] [0mLoaded 41 move(s).
[32;1m[Board] [0mLoading move file `championship/chesster-logic-and-proofs/move.csv`...
[32;1m[Board] [0mBlack player is playing e6 to g4.
[32;1m[Board] [0m
[32;1m[Board] [0m     a b c d e f g h
[32;1m[Board] [0m   -------------------
[32;1m[Board] [0m 8 ||[7;1m [0m| |[7;1m [0m| |[30;1mr[0m|[30;1mr[0m|[30;1mK[0m| || 8
[32;1m[Board] [0m   -------------------
[32;1m[Board] [0m 7 ||[30;1mp[0m|[30;1mp[0m|[30;1mp[0m|[7;1m [0m| |[30;1mp[0m|[30;1mp[0m|[30;1mp[0m|| 7
[32;1m[Board] [0m   -------------------
[32;1m[Board] [0m 6 ||[7;1m [0m|[30;1mQ[0m|[7;1m [0m|[30;1mb[0m|[7;1m [0m| |[7;1m [0m| || 6
[32;1m[Board] [0m   -------------------
[32;1m[Board] [0m 5 || |[7;1m [0m| |[7;1m [0m| |[7;1m [0m| |[7;1m [0m|| 5
[32;1m[Board] [0m   -------------------
[32;1m[Board] [0m 4 ||[7;1m [0m| |[7;1m [0m| |[7;1m [0m| |[30;1mb[0m| || 4
[32;1m[Board] [0m   -------------------
[32;1m[Board] [0m 3 || |[7;1m [0m|[0;1mQ[0m|[7;1m [0m| |[7;1m [0m|[0;1mp[0m|[7;1m [0m|| 3
[32;1m[Board] [0m   -------------------
[32;1m[Board] [0m 2 ||[0;1mp[0m|[0;1mp[0m|[7;1m [0m|[0;1mp[0m|[0;1mp[0m|[0;1mp[0m|[7;1m [0m|[30;1mk[0m|| 2
[32;1m[Board] [0m   -------------------
[32;1m[Board] [0m 1 ||[0;1mr[0m|[7;1m [0m|[0;1mb[0m|[7;1m [0m|[0;1mK[0m|[0;1mb[0m|[0;1mr[0m|[7;1m [0m|| 1
[32;1m[Board] [0m   -------------------
[32;1m[Board] [0m     a b c d e f g h
[32;1m[Board] [0m
[32;1m[Referee] [0mThis is the turn of the White player...
Position after history:

  +-----------------+
8 | . . . . r r k . |
7 | p p p . . p p p |
6 | . q . b . . . . |
5 | . . . . . . . . |
4 | . . . . . . b . |
3 | . . Q . . . P . |
2 | P P . P P P . n |
1 | R . B . K B R . |
  +-----------------+
    a b c d e f g h
Side to move: White
Next move: g1g2 (score: -552)
[32;1m[Game] [0mPlayer's error code: 0
[32;1m[Game] [0mChecking move validity...
[32;1m[Board] [0mInitializing board (size: 8)...
[32;1m[Board] [0mLoading history file `championship/chesster-logic-and-proofs/history.csv`...
[32;1m[Board] [0mLoaded 42 move(s).
[32;1m[Board] [0mLoading move file `championship/chesster-logic-and-proofs/move.csv`...
[32;1m[Board] [0mWhite player is playing g1 to g2.
[32;1m[Board] [0m
[32;1m[Board] [0m     a b c d e f g h
[32;1m[Board] [0m   -------------------
[32;1m[Board] [0m 8 ||[7;1m [0m| |[7;1m [0m| |[30;1mr[0m|[30;1mr[0m|[30;1mK[0m| || 8
[32;1m[Board] [0m   -------------------
[32;1m[Board] [0m 7 ||[30;1mp[0m|[30;1mp[0m|[30;1mp[0m|[7;1m [0m| |[30;1mp[0m|[30;1mp[0m|[30;1mp[0m|| 7
[32;1m[Board] [0m   -------------------
[32;1m[Board] [0m 6 ||[7;1m [0m|[30;1mQ[0m|[7;1m [0m|[30;1mb[0m|[7;1m [0m| |[7;1m [0m| || 6
[32;1m[Board] [0m   -------------------
[32;1m[Board] [0m 5 || |[7;1m [0m| |[7;1m [0m| |[7;1m [0m| |[7;1m [0m|| 5
[32;1m[Board] [0m   -------------------
[32;1m[Board] [0m 4 ||[7;1m [0m| |[7;1m [0m| |[7;1m [0m| |[30;1mb[0m| || 4
[32;1m[Board] [0m   -------------------
[32;1m[Board] [0m 3 || |[7;1m [0m|[0;1mQ[0m|[7;1m [0m| |[7;1m [0m|[0;1mp[0m|[7;1m [0m|| 3
[32;1m[Board] [0m   -------------------
[32;1m[Board] [0m 2 ||[0;1mp[0m|[0;1mp[0m|[7;1m [0m|[0;1mp[0m|[0;1mp[0m|[0;1mp[0m|[0;1mr[0m|[30;1mk[0m|| 2
[32;1m[Board] [0m   -------------------
[32;1m[Board] [0m 1 ||[0;1mr[0m|[7;1m [0m|[0;1mb[0m|[7;1m [0m|[0;1mK[0m|[0;1mb[0m| |[7;1m [0m|| 1
[32;1m[Board] [0m   -------------------
[32;1m[Board] [0m     a b c d e f g h
[32;1m[Board] [0m
[32;1m[Referee] [0mThis is the turn of the Black player...
[DEBUG] Input history filename: championship/chesster-logic-and-proofs/history.csv
[DEBUG] Output move file: championship/chesster-logic-and-proofs/move.csv
[Parser][ply=] 43
how i see the board before writing next move: Turn: Black
Enpassant: xx	Castling: xxxx
   ---- ---- ---- ---- ---- ---- ---- ----
8 |    |    |    |    | r  | r  | k  |    |
   ---- ---- ---- ---- ---- ---- ---- ----
7 | p  | p  | p  |    |    | p  | p  | p  |
   ---- ---- ---- ---- ---- ---- ---- ----
6 |    | q  |    | b  |    |    |    |    |
   ---- ---- ---- ---- ---- ---- ---- ----
5 |    |    |    |    |    |    |    |    |
   ---- ---- ---- ---- ---- ---- ---- ----
4 |    |    |    |    |    |    | b  |    |
   ---- ---- ---- ---- ---- ---- ---- ----
3 |    |    | Q  |    |    |    | P  |    |
   ---- ---- ---- ---- ---- ---- ---- ----
2 | P  | P  |    | P  | P  | P  | R  | n  |
   ---- ---- ---- ---- ---- ---- ---- ----
1 | R  |    | B  |    | K  | B  |    |    |
   ---- ---- ---- ---- ---- ---- ---- ----
    a    b    c    d    e    f    g    h
starting search...
depth: 1 score: 600 time: 0 nodes: 151 hashfull: 0
depth: 2 score: 600 time: 0 nodes: 355 hashfull: 0
depth: 3 score: 600 time: 1 nodes: 2869 hashfull: 0
depth: 4 score: 561 time: 7 nodes: 12941 hashfull: 0
depth: 5 score: 573 time: 11 nodes: 29318 hashfull: 0
depth: 6 score: 564 time: 70 nodes: 145598 hashfull: 4
depth: 7 score: 580 time: 182 nodes: 411777 hashfull: 8
depth: 8 score: 576 time: 375 nodes: 981609 hashfull: 19
depth: 9 score: 574 time: 1641 nodes: 3786869 hashfull: 97
depth: 10 score: 586 time: 5141 nodes: 12463832 hashfull: 224
[DEBUG] [Parser] Wrote to ouput file championship/chesster-logic-and-proofs/move.csv move : b6b5
[32;1m[Game] [0mPlayer's error code: 0
[32;1m[Game] [0mChecking move validity...
[32;1m[Board] [0mInitializing board (size: 8)...
[32;1m[Board] [0mLoading history file `championship/chesster-logic-and-proofs/history.csv`...
[32;1m[Board] [0mLoaded 43 move(s).
[32;1m[Board] [0mLoading move file `championship/chesster-logic-and-proofs/move.csv`...
[32;1m[Board] [0mBlack player is playing b6 to b5.
[32;1m[Board] [0m
[32;1m[Board] [0m     a b c d e f g h
[32;1m[Board] [0m   -------------------
[32;1m[Board] [0m 8 ||[7;1m [0m| |[7;1m [0m| |[30;1mr[0m|[30;1mr[0m|[30;1mK[0m| || 8
[32;1m[Board] [0m   -------------------
[32;1m[Board] [0m 7 ||[30;1mp[0m|[30;1mp[0m|[30;1mp[0m|[7;1m [0m| |[30;1mp[0m|[30;1mp[0m|[30;1mp[0m|| 7
[32;1m[Board] [0m   -------------------
[32;1m[Board] [0m 6 ||[7;1m [0m| |[7;1m [0m|[30;1mb[0m|[7;1m [0m| |[7;1m [0m| || 6
[32;1m[Board] [0m   -------------------
[32;1m[Board] [0m 5 || |[30;1mQ[0m| |[7;1m [0m| |[7;1m [0m| |[7;1m [0m|| 5
[32;1m[Board] [0m   -------------------
[32;1m[Board] [0m 4 ||[7;1m [0m| |[7;1m [0m| |[7;1m [0m| |[30;1mb[0m| || 4
[32;1m[Board] [0m   -------------------
[32;1m[Board] [0m 3 || |[7;1m [0m|[0;1mQ[0m|[7;1m [0m| |[7;1m [0m|[0;1mp[0m|[7;1m [0m|| 3
[32;1m[Board] [0m   -------------------
[32;1m[Board] [0m 2 ||[0;1mp[0m|[0;1mp[0m|[7;1m [0m|[0;1mp[0m|[0;1mp[0m|[0;1mp[0m|[0;1mr[0m|[30;1mk[0m|| 2
[32;1m[Board] [0m   -------------------
[32;1m[Board] [0m 1 ||[0;1mr[0m|[7;1m [0m|[0;1mb[0m|[7;1m [0m|[0;1mK[0m|[0;1mb[0m| |[7;1m [0m|| 1
[32;1m[Board] [0m   -------------------
[32;1m[Board] [0m     a b c d e f g h
[32;1m[Board] [0m
[32;1m[Referee] [0mThis is the turn of the White player...
Position after history:

  +-----------------+
8 | . . . . r r k . |
7 | p p p . . p p p |
6 | . . . b . . . . |
5 | . q . . . . . . |
4 | . . . . . . b . |
3 | . . Q . . . P . |
2 | P P . P P P R n |
1 | R . B . K B . . |
  +-----------------+
    a b c d e f g h
Side to move: White
Next move: f2f3 (score: -516)
[32;1m[Game] [0mPlayer's error code: 0
[32;1m[Game] [0mChecking move validity...
[32;1m[Board] [0mInitializing board (size: 8)...
[32;1m[Board] [0mLoading history file `championship/chesster-logic-and-proofs/history.csv`...
[32;1m[Board] [0mLoaded 44 move(s).
[32;1m[Board] [0mLoading move file `championship/chesster-logic-and-proofs/move.csv`...
[32;1m[Board] [0mWhite player is playing f2 to f3.
[32;1m[Board] [0m
[32;1m[Board] [0m     a b c d e f g h
[32;1m[Board] [0m   -------------------
[32;1m[Board] [0m 8 ||[7;1m [0m| |[7;1m [0m| |[30;1mr[0m|[30;1mr[0m|[30;1mK[0m| || 8
[32;1m[Board] [0m   -------------------
[32;1m[Board] [0m 7 ||[30;1mp[0m|[30;1mp[0m|[30;1mp[0m|[7;1m [0m| |[30;1mp[0m|[30;1mp[0m|[30;1mp[0m|| 7
[32;1m[Board] [0m   -------------------
[32;1m[Board] [0m 6 ||[7;1m [0m| |[7;1m [0m|[30;1mb[0m|[7;1m [0m| |[7;1m [0m| || 6
[32;1m[Board] [0m   -------------------
[32;1m[Board] [0m 5 || |[30;1mQ[0m| |[7;1m [0m| |[7;1m [0m| |[7;1m [0m|| 5
[32;1m[Board] [0m   -------------------
[32;1m[Board] [0m 4 ||[7;1m [0m| |[7;1m [0m| |[7;1m [0m| |[30;1mb[0m| || 4
[32;1m[Board] [0m   -------------------
[32;1m[Board] [0m 3 || |[7;1m [0m|[0;1mQ[0m|[7;1m [0m| |[0;1mp[0m|[0;1mp[0m|[7;1m [0m|| 3
[32;1m[Board] [0m   -------------------
[32;1m[Board] [0m 2 ||[0;1mp[0m|[0;1mp[0m|[7;1m [0m|[0;1mp[0m|[0;1mp[0m| |[0;1mr[0m|[30;1mk[0m|| 2
[32;1m[Board] [0m   -------------------
[32;1m[Board] [0m 1 ||[0;1mr[0m|[7;1m [0m|[0;1mb[0m|[7;1m [0m|[0;1mK[0m|[0;1mb[0m| |[7;1m [0m|| 1
[32;1m[Board] [0m   -------------------
[32;1m[Board] [0m     a b c d e f g h
[32;1m[Board] [0m
[32;1m[Referee] [0mThis is the turn of the Black player...
[DEBUG] Input history filename: championship/chesster-logic-and-proofs/history.csv
[DEBUG] Output move file: championship/chesster-logic-and-proofs/move.csv
[Parser][ply=] 45
how i see the board before writing next move: Turn: Black
Enpassant: xx	Castling: xxxx
   ---- ---- ---- ---- ---- ---- ---- ----
8 |    |    |    |    | r  | r  | k  |    |
   ---- ---- ---- ---- ---- ---- ---- ----
7 | p  | p  | p  |    |    | p  | p  | p  |
   ---- ---- ---- ---- ---- ---- ---- ----
6 |    |    |    | b  |    |    |    |    |
   ---- ---- ---- ---- ---- ---- ---- ----
5 |    | q  |    |    |    |    |    |    |
   ---- ---- ---- ---- ---- ---- ---- ----
4 |    |    |    |    |    |    | b  |    |
   ---- ---- ---- ---- ---- ---- ---- ----
3 |    |    | Q  |    |    | P  | P  |    |
   ---- ---- ---- ---- ---- ---- ---- ----
2 | P  | P  |    | P  | P  |    | R  | n  |
   ---- ---- ---- ---- ---- ---- ---- ----
1 | R  |    | B  |    | K  | B  |    |    |
   ---- ---- ---- ---- ---- ---- ---- ----
    a    b    c    d    e    f    g    h
starting search...
depth: 1 score: 593 time: 0 nodes: 286 hashfull: 0
depth: 2 score: 610 time: 0 nodes: 622 hashfull: 0
depth: 3 score: 616 time: 2 nodes: 3946 hashfull: 0
depth: 4 score: 601 time: 6 nodes: 12355 hashfull: 0
depth: 5 score: 614 time: 8 nodes: 25248 hashfull: 0
depth: 6 score: 585 time: 76 nodes: 147795 hashfull: 4
depth: 7 score: 594 time: 178 nodes: 391044 hashfull: 8
depth: 8 score: 582 time: 414 nodes: 1034939 hashfull: 23
depth: 9 score: 579 time: 1502 nodes: 4107713 hashfull: 109
depth: 10 score: 591 time: 3304 nodes: 10357781 hashfull: 188
[DEBUG] [Parser] Wrote to ouput file championship/chesster-logic-and-proofs/move.csv move : h2f3
[32;1m[Game] [0mPlayer's error code: 0
[32;1m[Game] [0mChecking move validity...
[32;1m[Board] [0mInitializing board (size: 8)...
[32;1m[Board] [0mLoading history file `championship/chesster-logic-and-proofs/history.csv`...
[32;1m[Board] [0mLoaded 45 move(s).
[32;1m[Board] [0mLoading move file `championship/chesster-logic-and-proofs/move.csv`...
[32;1m[Board] [0mBlack player is playing h2 to f3.
[32;1m[Board] [0m[5;1mBlack Knight is taking White Pawn.[0m
[32;1m[Board] [0m
[32;1m[Board] [0m     a b c d e f g h
[32;1m[Board] [0m   -------------------
[32;1m[Board] [0m 8 ||[7;1m [0m| |[7;1m [0m| |[30;1mr[0m|[30;1mr[0m|[30;1mK[0m| || 8
[32;1m[Board] [0m   -------------------
[32;1m[Board] [0m 7 ||[30;1mp[0m|[30;1mp[0m|[30;1mp[0m|[7;1m [0m| |[30;1mp[0m|[30;1mp[0m|[30;1mp[0m|| 7
[32;1m[Board] [0m   -------------------
[32;1m[Board] [0m 6 ||[7;1m [0m| |[7;1m [0m|[30;1mb[0m|[7;1m [0m| |[7;1m [0m| || 6
[32;1m[Board] [0m   -------------------
[32;1m[Board] [0m 5 || |[30;1mQ[0m| |[7;1m [0m| |[7;1m [0m| |[7;1m [0m|| 5
[32;1m[Board] [0m   -------------------
[32;1m[Board] [0m 4 ||[7;1m [0m| |[7;1m [0m| |[7;1m [0m| |[30;1mb[0m| || 4
[32;1m[Board] [0m   -------------------
[32;1m[Board] [0m 3 || |[7;1m [0m|[0;1mQ[0m|[7;1m [0m| |[30;1mk[0m|[0;1mp[0m|[7;1m [0m|| 3
[32;1m[Board] [0m   -------------------
[32;1m[Board] [0m 2 ||[0;1mp[0m|[0;1mp[0m|[7;1m [0m|[0;1mp[0m|[0;1mp[0m| |[0;1mr[0m| || 2
[32;1m[Board] [0m   -------------------
[32;1m[Board] [0m 1 ||[0;1mr[0m|[7;1m [0m|[0;1mb[0m|[7;1m [0m|[0;1mK[0m|[0;1mb[0m| |[7;1m [0m|| 1
[32;1m[Board] [0m   -------------------
[32;1m[Board] [0m     a b c d e f g h
[32;1m[Board] [0m
[32;1m[Referee] [0mThis is the turn of the White player...
Position after history:

  +-----------------+
8 | . . . . r r k . |
7 | p p p . . p p p |
6 | . . . b . . . . |
5 | . q . . . . . . |
4 | . . . . . . b . |
3 | . . Q . . n P . |
2 | P P . P P . R . |
1 | R . B . K B . . |
  +-----------------+
    a b c d e f g h
Side to move: White
Next move: e1f2 (score: -530)
[32;1m[Game] [0mPlayer's error code: 0
[32;1m[Game] [0mChecking move validity...
[32;1m[Board] [0mInitializing board (size: 8)...
[32;1m[Board] [0mLoading history file `championship/chesster-logic-and-proofs/history.csv`...
[32;1m[Board] [0mLoaded 46 move(s).
[32;1m[Board] [0mLoading move file `championship/chesster-logic-and-proofs/move.csv`...
[32;1m[Board] [0mWhite player is playing e1 to f2.
[32;1m[Board] [0m
[32;1m[Board] [0m     a b c d e f g h
[32;1m[Board] [0m   -------------------
[32;1m[Board] [0m 8 ||[7;1m [0m| |[7;1m [0m| |[30;1mr[0m|[30;1mr[0m|[30;1mK[0m| || 8
[32;1m[Board] [0m   -------------------
[32;1m[Board] [0m 7 ||[30;1mp[0m|[30;1mp[0m|[30;1mp[0m|[7;1m [0m| |[30;1mp[0m|[30;1mp[0m|[30;1mp[0m|| 7
[32;1m[Board] [0m   -------------------
[32;1m[Board] [0m 6 ||[7;1m [0m| |[7;1m [0m|[30;1mb[0m|[7;1m [0m| |[7;1m [0m| || 6
[32;1m[Board] [0m   -------------------
[32;1m[Board] [0m 5 || |[30;1mQ[0m| |[7;1m [0m| |[7;1m [0m| |[7;1m [0m|| 5
[32;1m[Board] [0m   -------------------
[32;1m[Board] [0m 4 ||[7;1m [0m| |[7;1m [0m| |[7;1m [0m| |[30;1mb[0m| || 4
[32;1m[Board] [0m   -------------------
[32;1m[Board] [0m 3 || |[7;1m [0m|[0;1mQ[0m|[7;1m [0m| |[30;1mk[0m|[0;1mp[0m|[7;1m [0m|| 3
[32;1m[Board] [0m   -------------------
[32;1m[Board] [0m 2 ||[0;1mp[0m|[0;1mp[0m|[7;1m [0m|[0;1mp[0m|[0;1mp[0m|[0;1mK[0m|[0;1mr[0m| || 2
[32;1m[Board] [0m   -------------------
[32;1m[Board] [0m 1 ||[0;1mr[0m|[7;1m [0m|[0;1mb[0m|[7;1m [0m| |[0;1mb[0m| |[7;1m [0m|| 1
[32;1m[Board] [0m   -------------------
[32;1m[Board] [0m     a b c d e f g h
[32;1m[Board] [0m
[32;1m[Referee] [0mThis is the turn of the Black player...
[DEBUG] Input history filename: championship/chesster-logic-and-proofs/history.csv
[DEBUG] Output move file: championship/chesster-logic-and-proofs/move.csv
[Parser][ply=] 47
how i see the board before writing next move: Turn: Black
Enpassant: xx	Castling: xxxx
   ---- ---- ---- ---- ---- ---- ---- ----
8 |    |    |    |    | r  | r  | k  |    |
   ---- ---- ---- ---- ---- ---- ---- ----
7 | p  | p  | p  |    |    | p  | p  | p  |
   ---- ---- ---- ---- ---- ---- ---- ----
6 |    |    |    | b  |    |    |    |    |
   ---- ---- ---- ---- ---- ---- ---- ----
5 |    | q  |    |    |    |    |    |    |
   ---- ---- ---- ---- ---- ---- ---- ----
4 |    |    |    |    |    |    | b  |    |
   ---- ---- ---- ---- ---- ---- ---- ----
3 |    |    | Q  |    |    | n  | P  |    |
   ---- ---- ---- ---- ---- ---- ---- ----
2 | P  | P  |    | P  | P  | K  | R  |    |
   ---- ---- ---- ---- ---- ---- ---- ----
1 | R  |    | B  |    |    | B  |    |    |
   ---- ---- ---- ---- ---- ---- ---- ----
    a    b    c    d    e    f    g    h
starting search...
depth: 1 score: 616 time: 0 nodes: 852 hashfull: 0
depth: 2 score: 601 time: 0 nodes: 1924 hashfull: 0
depth: 3 score: 614 time: 2 nodes: 5064 hashfull: 0
depth: 4 score: 585 time: 14 nodes: 23633 hashfull: 0
depth: 5 score: 594 time: 14 nodes: 43444 hashfull: 0
depth: 6 score: 582 time: 97 nodes: 198093 hashfull: 5
depth: 7 score: 579 time: 298 nodes: 601889 hashfull: 11
depth: 8 score: 591 time: 547 nodes: 1392251 hashfull: 25
depth: 9 score: 599 time: 2225 nodes: 5090184 hashfull: 133
depth: 10 score: 594 time: 5212 nodes: 13313570 hashfull: 227
[DEBUG] [Parser] Wrote to ouput file championship/chesster-logic-and-proofs/move.csv move : b5b6
[32;1m[Game] [0mPlayer's error code: 0
[32;1m[Game] [0mChecking move validity...
[32;1m[Board] [0mInitializing board (size: 8)...
[32;1m[Board] [0mLoading history file `championship/chesster-logic-and-proofs/history.csv`...
[32;1m[Board] [0mLoaded 47 move(s).
[32;1m[Board] [0mLoading move file `championship/chesster-logic-and-proofs/move.csv`...
[32;1m[Board] [0mBlack player is playing b5 to b6.
[32;1m[Board] [0m
[32;1m[Board] [0m     a b c d e f g h
[32;1m[Board] [0m   -------------------
[32;1m[Board] [0m 8 ||[7;1m [0m| |[7;1m [0m| |[30;1mr[0m|[30;1mr[0m|[30;1mK[0m| || 8
[32;1m[Board] [0m   -------------------
[32;1m[Board] [0m 7 ||[30;1mp[0m|[30;1mp[0m|[30;1mp[0m|[7;1m [0m| |[30;1mp[0m|[30;1mp[0m|[30;1mp[0m|| 7
[32;1m[Board] [0m   -------------------
[32;1m[Board] [0m 6 ||[7;1m [0m|[30;1mQ[0m|[7;1m [0m|[30;1mb[0m|[7;1m [0m| |[7;1m [0m| || 6
[32;1m[Board] [0m   -------------------
[32;1m[Board] [0m 5 || |[7;1m [0m| |[7;1m [0m| |[7;1m [0m| |[7;1m [0m|| 5
[32;1m[Board] [0m   -------------------
[32;1m[Board] [0m 4 ||[7;1m [0m| |[7;1m [0m| |[7;1m [0m| |[30;1mb[0m| || 4
[32;1m[Board] [0m   -------------------
[32;1m[Board] [0m 3 || |[7;1m [0m|[0;1mQ[0m|[7;1m [0m| |[30;1mk[0m|[0;1mp[0m|[7;1m [0m|| 3
[32;1m[Board] [0m   -------------------
[32;1m[Board] [0m 2 ||[0;1mp[0m|[0;1mp[0m|[7;1m [0m|[0;1mp[0m|[0;1mp[0m|[0;1mK[0m|[0;1mr[0m| || 2
[32;1m[Board] [0m   -------------------
[32;1m[Board] [0m 1 ||[0;1mr[0m|[7;1m [0m|[0;1mb[0m|[7;1m [0m| |[0;1mb[0m| |[7;1m [0m|| 1
[32;1m[Board] [0m   -------------------
[32;1m[Board] [0m     a b c d e f g h
[32;1m[Board] [0m
[32;1m[Referee] [0mThis is the turn of the White player...
Position after history:

  +-----------------+
8 | . . . . r r k . |
7 | p p p . . p p p |
6 | . q . b . . . . |
5 | . . . . . . . . |
4 | . . . . . . b . |
3 | . . Q . . n P . |
2 | P P . P P K R . |
1 | R . B . . B . . |
  +-----------------+
    a b c d e f g h
Side to move: White
Next move: e2e3 (score: -536)
[32;1m[Game] [0mPlayer's error code: 0
[32;1m[Game] [0mChecking move validity...
[32;1m[Board] [0mInitializing board (size: 8)...
[32;1m[Board] [0mLoading history file `championship/chesster-logic-and-proofs/history.csv`...
[32;1m[Board] [0mLoaded 48 move(s).
[32;1m[Board] [0mLoading move file `championship/chesster-logic-and-proofs/move.csv`...
[32;1m[Board] [0mWhite player is playing e2 to e3.
[32;1m[Board] [0m
[32;1m[Board] [0m     a b c d e f g h
[32;1m[Board] [0m   -------------------
[32;1m[Board] [0m 8 ||[7;1m [0m| |[7;1m [0m| |[30;1mr[0m|[30;1mr[0m|[30;1mK[0m| || 8
[32;1m[Board] [0m   -------------------
[32;1m[Board] [0m 7 ||[30;1mp[0m|[30;1mp[0m|[30;1mp[0m|[7;1m [0m| |[30;1mp[0m|[30;1mp[0m|[30;1mp[0m|| 7
[32;1m[Board] [0m   -------------------
[32;1m[Board] [0m 6 ||[7;1m [0m|[30;1mQ[0m|[7;1m [0m|[30;1mb[0m|[7;1m [0m| |[7;1m [0m| || 6
[32;1m[Board] [0m   -------------------
[32;1m[Board] [0m 5 || |[7;1m [0m| |[7;1m [0m| |[7;1m [0m| |[7;1m [0m|| 5
[32;1m[Board] [0m   -------------------
[32;1m[Board] [0m 4 ||[7;1m [0m| |[7;1m [0m| |[7;1m [0m| |[30;1mb[0m| || 4
[32;1m[Board] [0m   -------------------
[32;1m[Board] [0m 3 || |[7;1m [0m|[0;1mQ[0m|[7;1m [0m|[0;1mp[0m|[30;1mk[0m|[0;1mp[0m|[7;1m [0m|| 3
[32;1m[Board] [0m   -------------------
[32;1m[Board] [0m 2 ||[0;1mp[0m|[0;1mp[0m|[7;1m [0m|[0;1mp[0m|[7;1m [0m|[0;1mK[0m|[0;1mr[0m| || 2
[32;1m[Board] [0m   -------------------
[32;1m[Board] [0m 1 ||[0;1mr[0m|[7;1m [0m|[0;1mb[0m|[7;1m [0m| |[0;1mb[0m| |[7;1m [0m|| 1
[32;1m[Board] [0m   -------------------
[32;1m[Board] [0m     a b c d e f g h
[32;1m[Board] [0m
[32;1m[Referee] [0mThis is the turn of the Black player...
[DEBUG] Input history filename: championship/chesster-logic-and-proofs/history.csv
[DEBUG] Output move file: championship/chesster-logic-and-proofs/move.csv
[Parser][ply=] 49
how i see the board before writing next move: Turn: Black
Enpassant: xx	Castling: xxxx
   ---- ---- ---- ---- ---- ---- ---- ----
8 |    |    |    |    | r  | r  | k  |    |
   ---- ---- ---- ---- ---- ---- ---- ----
7 | p  | p  | p  |    |    | p  | p  | p  |
   ---- ---- ---- ---- ---- ---- ---- ----
6 |    | q  |    | b  |    |    |    |    |
   ---- ---- ---- ---- ---- ---- ---- ----
5 |    |    |    |    |    |    |    |    |
   ---- ---- ---- ---- ---- ---- ---- ----
4 |    |    |    |    |    |    | b  |    |
   ---- ---- ---- ---- ---- ---- ---- ----
3 |    |    | Q  |    | P  | n  | P  |    |
   ---- ---- ---- ---- ---- ---- ---- ----
2 | P  | P  |    | P  |    | K  | R  |    |
   ---- ---- ---- ---- ---- ---- ---- ----
1 | R  |    | B  |    |    | B  |    |    |
   ---- ---- ---- ---- ---- ---- ---- ----
    a    b    c    d    e    f    g    h
starting search...
depth: 1 score: 614 time: 0 nodes: 519 hashfull: 0
depth: 2 score: 585 time: 6 nodes: 9313 hashfull: 0
depth: 3 score: 594 time: 4 nodes: 15647 hashfull: 0
depth: 4 score: 582 time: 20 nodes: 43718 hashfull: 0
depth: 5 score: 579 time: 66 nodes: 140164 hashfull: 1
depth: 6 score: 591 time: 236 nodes: 482638 hashfull: 8
depth: 7 score: 599 time: 223 nodes: 787151 hashfull: 12
depth: 8 score: 594 time: 685 nodes: 1798262 hashfull: 32
depth: 9 score: 604 time: 2369 nodes: 5684488 hashfull: 138
[DEBUG] [Parser] Wrote to ouput file championship/chesster-logic-and-proofs/move.csv move : f3g5
[32;1m[Game] [0mPlayer's error code: 0
[32;1m[Game] [0mChecking move validity...
[32;1m[Board] [0mInitializing board (size: 8)...
[32;1m[Board] [0mLoading history file `championship/chesster-logic-and-proofs/history.csv`...
[32;1m[Board] [0mLoaded 49 move(s).
[32;1m[Board] [0mLoading move file `championship/chesster-logic-and-proofs/move.csv`...
[32;1m[Board] [0mBlack player is playing f3 to g5.
[32;1m[Board] [0m
[32;1m[Board] [0m     a b c d e f g h
[32;1m[Board] [0m   -------------------
[32;1m[Board] [0m 8 ||[7;1m [0m| |[7;1m [0m| |[30;1mr[0m|[30;1mr[0m|[30;1mK[0m| || 8
[32;1m[Board] [0m   -------------------
[32;1m[Board] [0m 7 ||[30;1mp[0m|[30;1mp[0m|[30;1mp[0m|[7;1m [0m| |[30;1mp[0m|[30;1mp[0m|[30;1mp[0m|| 7
[32;1m[Board] [0m   -------------------
[32;1m[Board] [0m 6 ||[7;1m [0m|[30;1mQ[0m|[7;1m [0m|[30;1mb[0m|[7;1m [0m| |[7;1m [0m| || 6
[32;1m[Board] [0m   -------------------
[32;1m[Board] [0m 5 || |[7;1m [0m| |[7;1m [0m| |[7;1m [0m|[30;1mk[0m|[7;1m [0m|| 5
[32;1m[Board] [0m   -------------------
[32;1m[Board] [0m 4 ||[7;1m [0m| |[7;1m [0m| |[7;1m [0m| |[30;1mb[0m| || 4
[32;1m[Board] [0m   -------------------
[32;1m[Board] [0m 3 || |[7;1m [0m|[0;1mQ[0m|[7;1m [0m|[0;1mp[0m|[7;1m [0m|[0;1mp[0m|[7;1m [0m|| 3
[32;1m[Board] [0m   -------------------
[32;1m[Board] [0m 2 ||[0;1mp[0m|[0;1mp[0m|[7;1m [0m|[0;1mp[0m|[7;1m [0m|[0;1mK[0m|[0;1mr[0m| || 2
[32;1m[Board] [0m   -------------------
[32;1m[Board] [0m 1 ||[0;1mr[0m|[7;1m [0m|[0;1mb[0m|[7;1m [0m| |[0;1mb[0m| |[7;1m [0m|| 1
[32;1m[Board] [0m   -------------------
[32;1m[Board] [0m     a b c d e f g h
[32;1m[Board] [0m
[32;1m[Referee] [0mThis is the turn of the White player...
Position after history:

  +-----------------+
8 | . . . . r r k . |
7 | p p p . . p p p |
6 | . q . b . . . . |
5 | . . . . . . n . |
4 | . . . . . . b . |
3 | . . Q . P . P . |
2 | P P . P . K R . |
1 | R . B . . B . . |
  +-----------------+
    a b c d e f g h
Side to move: White
Next move: c3c4 (score: -572)
[32;1m[Game] [0mPlayer's error code: 0
[32;1m[Game] [0mChecking move validity...
[32;1m[Board] [0mInitializing board (size: 8)...
[32;1m[Board] [0mLoading history file `championship/chesster-logic-and-proofs/history.csv`...
[32;1m[Board] [0mLoaded 50 move(s).
[32;1m[Board] [0mLoading move file `championship/chesster-logic-and-proofs/move.csv`...
[32;1m[Board] [0mWhite player is playing c3 to c4.
[32;1m[Board] [0m
[32;1m[Board] [0m     a b c d e f g h
[32;1m[Board] [0m   -------------------
[32;1m[Board] [0m 8 ||[7;1m [0m| |[7;1m [0m| |[30;1mr[0m|[30;1mr[0m|[30;1mK[0m| || 8
[32;1m[Board] [0m   -------------------
[32;1m[Board] [0m 7 ||[30;1mp[0m|[30;1mp[0m|[30;1mp[0m|[7;1m [0m| |[30;1mp[0m|[30;1mp[0m|[30;1mp[0m|| 7
[32;1m[Board] [0m   -------------------
[32;1m[Board] [0m 6 ||[7;1m [0m|[30;1mQ[0m|[7;1m [0m|[30;1mb[0m|[7;1m [0m| |[7;1m [0m| || 6
[32;1m[Board] [0m   -------------------
[32;1m[Board] [0m 5 || |[7;1m [0m| |[7;1m [0m| |[7;1m [0m|[30;1mk[0m|[7;1m [0m|| 5
[32;1m[Board] [0m   -------------------
[32;1m[Board] [0m 4 ||[7;1m [0m| |[0;1mQ[0m| |[7;1m [0m| |[30;1mb[0m| || 4
[32;1m[Board] [0m   -------------------
[32;1m[Board] [0m 3 || |[7;1m [0m| |[7;1m [0m|[0;1mp[0m|[7;1m [0m|[0;1mp[0m|[7;1m [0m|| 3
[32;1m[Board] [0m   -------------------
[32;1m[Board] [0m 2 ||[0;1mp[0m|[0;1mp[0m|[7;1m [0m|[0;1mp[0m|[7;1m [0m|[0;1mK[0m|[0;1mr[0m| || 2
[32;1m[Board] [0m   -------------------
[32;1m[Board] [0m 1 ||[0;1mr[0m|[7;1m [0m|[0;1mb[0m|[7;1m [0m| |[0;1mb[0m| |[7;1m [0m|| 1
[32;1m[Board] [0m   -------------------
[32;1m[Board] [0m     a b c d e f g h
[32;1m[Board] [0m
[32;1m[Referee] [0mThis is the turn of the Black player...
[DEBUG] Input history filename: championship/chesster-logic-and-proofs/history.csv
[DEBUG] Output move file: championship/chesster-logic-and-proofs/move.csv
[Parser][ply=] 51
how i see the board before writing next move: Turn: Black
Enpassant: xx	Castling: xxxx
   ---- ---- ---- ---- ---- ---- ---- ----
8 |    |    |    |    | r  | r  | k  |    |
   ---- ---- ---- ---- ---- ---- ---- ----
7 | p  | p  | p  |    |    | p  | p  | p  |
   ---- ---- ---- ---- ---- ---- ---- ----
6 |    | q  |    | b  |    |    |    |    |
   ---- ---- ---- ---- ---- ---- ---- ----
5 |    |    |    |    |    |    | n  |    |
   ---- ---- ---- ---- ---- ---- ---- ----
4 |    |    | Q  |    |    |    | b  |    |
   ---- ---- ---- ---- ---- ---- ---- ----
3 |    |    |    |    | P  |    | P  |    |
   ---- ---- ---- ---- ---- ---- ---- ----
2 | P  | P  |    | P  |    | K  | R  |    |
   ---- ---- ---- ---- ---- ---- ---- ----
1 | R  |    | B  |    |    | B  |    |    |
   ---- ---- ---- ---- ---- ---- ---- ----
    a    b    c    d    e    f    g    h
starting search...
depth: 1 score: 615 time: 0 nodes: 437 hashfull: 0
depth: 2 score: 590 time: 1 nodes: 2913 hashfull: 0
depth: 3 score: 590 time: 2 nodes: 6391 hashfull: 0
depth: 4 score: 645 time: 10 nodes: 21483 hashfull: 0
depth: 5 score: 645 time: 11 nodes: 38170 hashfull: 0
depth: 6 score: 645 time: 66 nodes: 146475 hashfull: 3
depth: 7 score: 654 time: 178 nodes: 397144 hashfull: 7
depth: 8 score: 654 time: 391 nodes: 981348 hashfull: 17
depth: 9 score: 656 time: 1652 nodes: 3728311 hashfull: 95
depth: 10 score: 645 time: 4541 nodes: 9113430 hashfull: 163
[DEBUG] [Parser] Wrote to ouput file championship/chesster-logic-and-proofs/move.csv move : g5e4
[32;1m[Game] [0mPlayer's error code: 0
[32;1m[Game] [0mChecking move validity...
[32;1m[Board] [0mInitializing board (size: 8)...
[32;1m[Board] [0mLoading history file `championship/chesster-logic-and-proofs/history.csv`...
[32;1m[Board] [0mLoaded 51 move(s).
[32;1m[Board] [0mLoading move file `championship/chesster-logic-and-proofs/move.csv`...
[32;1m[Board] [0mBlack player is playing g5 to e4.
[32;1m[Board] [0m
[32;1m[Board] [0m     a b c d e f g h
[32;1m[Board] [0m   -------------------
[32;1m[Board] [0m 8 ||[7;1m [0m| |[7;1m [0m| |[30;1mr[0m|[30;1mr[0m|[30;1mK[0m| || 8
[32;1m[Board] [0m   -------------------
[32;1m[Board] [0m 7 ||[30;1mp[0m|[30;1mp[0m|[30;1mp[0m|[7;1m [0m| |[30;1mp[0m|[30;1mp[0m|[30;1mp[0m|| 7
[32;1m[Board] [0m   -------------------
[32;1m[Board] [0m 6 ||[7;1m [0m|[30;1mQ[0m|[7;1m [0m|[30;1mb[0m|[7;1m [0m| |[7;1m [0m| || 6
[32;1m[Board] [0m   -------------------
[32;1m[Board] [0m 5 || |[7;1m [0m| |[7;1m [0m| |[7;1m [0m| |[7;1m [0m|| 5
[32;1m[Board] [0m   -------------------
[32;1m[Board] [0m 4 ||[7;1m [0m| |[0;1mQ[0m| |[30;1mk[0m| |[30;1mb[0m| || 4
[32;1m[Board] [0m   -------------------
[32;1m[Board] [0m 3 || |[7;1m [0m| |[7;1m [0m|[0;1mp[0m|[7;1m [0m|[0;1mp[0m|[7;1m [0m|| 3
[32;1m[Board] [0m   -------------------
[32;1m[Board] [0m 2 ||[0;1mp[0m|[0;1mp[0m|[7;1m [0m|[0;1mp[0m|[7;1m [0m|[0;1mK[0m|[0;1mr[0m| || 2
[32;1m[Board] [0m   -------------------
[32;1m[Board] [0m 1 ||[0;1mr[0m|[7;1m [0m|[0;1mb[0m|[7;1m [0m| |[0;1mb[0m| |[7;1m [0m|| 1
[32;1m[Board] [0m   -------------------
[32;1m[Board] [0m     a b c d e f g h
[32;1m[Board] [0m
[32;1m[Referee] [0mThis is the turn of the White player...
Position after history:

  +-----------------+
8 | . . . . r r k . |
7 | p p p . . p p p |
6 | . q . b . . . . |
5 | . . . . . . . . |
4 | . . Q . n . b . |
3 | . . . . P . P . |
2 | P P . P . K R . |
1 | R . B . . B . . |
  +-----------------+
    a b c d e f g h
Side to move: White
Next move: f2g1 (score: -733)
[32;1m[Game] [0mPlayer's error code: 0
[32;1m[Game] [0mChecking move validity...
[32;1m[Board] [0mInitializing board (size: 8)...
[32;1m[Board] [0mLoading history file `championship/chesster-logic-and-proofs/history.csv`...
[32;1m[Board] [0mLoaded 52 move(s).
[32;1m[Board] [0mLoading move file `championship/chesster-logic-and-proofs/move.csv`...
[32;1m[Board] [0mWhite player is playing f2 to g1.
[32;1m[Board] [0m
[32;1m[Board] [0m     a b c d e f g h
[32;1m[Board] [0m   -------------------
[32;1m[Board] [0m 8 ||[7;1m [0m| |[7;1m [0m| |[30;1mr[0m|[30;1mr[0m|[30;1mK[0m| || 8
[32;1m[Board] [0m   -------------------
[32;1m[Board] [0m 7 ||[30;1mp[0m|[30;1mp[0m|[30;1mp[0m|[7;1m [0m| |[30;1mp[0m|[30;1mp[0m|[30;1mp[0m|| 7
[32;1m[Board] [0m   -------------------
[32;1m[Board] [0m 6 ||[7;1m [0m|[30;1mQ[0m|[7;1m [0m|[30;1mb[0m|[7;1m [0m| |[7;1m [0m| || 6
[32;1m[Board] [0m   -------------------
[32;1m[Board] [0m 5 || |[7;1m [0m| |[7;1m [0m| |[7;1m [0m| |[7;1m [0m|| 5
[32;1m[Board] [0m   -------------------
[32;1m[Board] [0m 4 ||[7;1m [0m| |[0;1mQ[0m| |[30;1mk[0m| |[30;1mb[0m| || 4
[32;1m[Board] [0m   -------------------
[32;1m[Board] [0m 3 || |[7;1m [0m| |[7;1m [0m|[0;1mp[0m|[7;1m [0m|[0;1mp[0m|[7;1m [0m|| 3
[32;1m[Board] [0m   -------------------
[32;1m[Board] [0m 2 ||[0;1mp[0m|[0;1mp[0m|[7;1m [0m|[0;1mp[0m|[7;1m [0m| |[0;1mr[0m| || 2
[32;1m[Board] [0m   -------------------
[32;1m[Board] [0m 1 ||[0;1mr[0m|[7;1m [0m|[0;1mb[0m|[7;1m [0m| |[0;1mb[0m|[0;1mK[0m|[7;1m [0m|| 1
[32;1m[Board] [0m   -------------------
[32;1m[Board] [0m     a b c d e f g h
[32;1m[Board] [0m
[32;1m[Referee] [0mThis is the turn of the Black player...
[DEBUG] Input history filename: championship/chesster-logic-and-proofs/history.csv
[DEBUG] Output move file: championship/chesster-logic-and-proofs/move.csv
[Parser][ply=] 53
how i see the board before writing next move: Turn: Black
Enpassant: xx	Castling: xxxx
   ---- ---- ---- ---- ---- ---- ---- ----
8 |    |    |    |    | r  | r  | k  |    |
   ---- ---- ---- ---- ---- ---- ---- ----
7 | p  | p  | p  |    |    | p  | p  | p  |
   ---- ---- ---- ---- ---- ---- ---- ----
6 |    | q  |    | b  |    |    |    |    |
   ---- ---- ---- ---- ---- ---- ---- ----
5 |    |    |    |    |    |    |    |    |
   ---- ---- ---- ---- ---- ---- ---- ----
4 |    |    | Q  |    | n  |    | b  |    |
   ---- ---- ---- ---- ---- ---- ---- ----
3 |    |    |    |    | P  |    | P  |    |
   ---- ---- ---- ---- ---- ---- ---- ----
2 | P  | P  |    | P  |    |    | R  |    |
   ---- ---- ---- ---- ---- ---- ---- ----
1 | R  |    | B  |    |    | B  | K  |    |
   ---- ---- ---- ---- ---- ---- ---- ----
    a    b    c    d    e    f    g    h
starting search...
depth: 1 score: 615 time: 0 nodes: 1039 hashfull: 0
depth: 2 score: 645 time: 1 nodes: 3163 hashfull: 0
depth: 3 score: 645 time: 5 nodes: 10584 hashfull: 0
depth: 4 score: 645 time: 8 nodes: 21504 hashfull: 0
depth: 5 score: 660 time: 74 nodes: 121897 hashfull: 0
depth: 6 score: 656 time: 108 nodes: 286627 hashfull: 4
depth: 7 score: 656 time: 463 nodes: 938298 hashfull: 15
depth: 8 score: 645 time: 577 nodes: 1778861 hashfull: 29
depth: 9 score: 644 time: 3223 nodes: 7041940 hashfull: 143
[DEBUG] [Parser] Wrote to ouput file championship/chesster-logic-and-proofs/move.csv move : g4h3
[32;1m[Game] [0mPlayer's error code: 0
[32;1m[Game] [0mChecking move validity...
[32;1m[Board] [0mInitializing board (size: 8)...
[32;1m[Board] [0mLoading history file `championship/chesster-logic-and-proofs/history.csv`...
[32;1m[Board] [0mLoaded 53 move(s).
[32;1m[Board] [0mLoading move file `championship/chesster-logic-and-proofs/move.csv`...
[32;1m[Board] [0mBlack player is playing g4 to h3.
[32;1m[Board] [0m
[32;1m[Board] [0m     a b c d e f g h
[32;1m[Board] [0m   -------------------
[32;1m[Board] [0m 8 ||[7;1m [0m| |[7;1m [0m| |[30;1mr[0m|[30;1mr[0m|[30;1mK[0m| || 8
[32;1m[Board] [0m   -------------------
[32;1m[Board] [0m 7 ||[30;1mp[0m|[30;1mp[0m|[30;1mp[0m|[7;1m [0m| |[30;1mp[0m|[30;1mp[0m|[30;1mp[0m|| 7
[32;1m[Board] [0m   -------------------
[32;1m[Board] [0m 6 ||[7;1m [0m|[30;1mQ[0m|[7;1m [0m|[30;1mb[0m|[7;1m [0m| |[7;1m [0m| || 6
[32;1m[Board] [0m   -------------------
[32;1m[Board] [0m 5 || |[7;1m [0m| |[7;1m [0m| |[7;1m [0m| |[7;1m [0m|| 5
[32;1m[Board] [0m   -------------------
[32;1m[Board] [0m 4 ||[7;1m [0m| |[0;1mQ[0m| |[30;1mk[0m| |[7;1m [0m| || 4
[32;1m[Board] [0m   -------------------
[32;1m[Board] [0m 3 || |[7;1m [0m| |[7;1m [0m|[0;1mp[0m|[7;1m [0m|[0;1mp[0m|[30;1mb[0m|| 3
[32;1m[Board] [0m   -------------------
[32;1m[Board] [0m 2 ||[0;1mp[0m|[0;1mp[0m|[7;1m [0m|[0;1mp[0m|[7;1m [0m| |[0;1mr[0m| || 2
[32;1m[Board] [0m   -------------------
[32;1m[Board] [0m 1 ||[0;1mr[0m|[7;1m [0m|[0;1mb[0m|[7;1m [0m| |[0;1mb[0m|[0;1mK[0m|[7;1m [0m|| 1
[32;1m[Board] [0m   -------------------
[32;1m[Board] [0m     a b c d e f g h
[32;1m[Board] [0m
[32;1m[Referee] [0mThis is the turn of the White player...
Position after history:

  +-----------------+
8 | . . . . r r k . |
7 | p p p . . p p p |
6 | . q . b . . . . |
5 | . . . . . . . . |
4 | . . Q . n . . . |
3 | . . . . P . P b |
2 | P P . P . . R . |
1 | R . B . . B K . |
  +-----------------+
    a b c d e f g h
Side to move: White
Next move: g2h2 (score: -707)
[32;1m[Game] [0mPlayer's error code: 0
[32;1m[Game] [0mChecking move validity...
[32;1m[Board] [0mInitializing board (size: 8)...
[32;1m[Board] [0mLoading history file `championship/chesster-logic-and-proofs/history.csv`...
[32;1m[Board] [0mLoaded 54 move(s).
[32;1m[Board] [0mLoading move file `championship/chesster-logic-and-proofs/move.csv`...
[32;1m[Board] [0mWhite player is playing g2 to h2.
[32;1m[Board] [0m
[32;1m[Board] [0m     a b c d e f g h
[32;1m[Board] [0m   -------------------
[32;1m[Board] [0m 8 ||[7;1m [0m| |[7;1m [0m| |[30;1mr[0m|[30;1mr[0m|[30;1mK[0m| || 8
[32;1m[Board] [0m   -------------------
[32;1m[Board] [0m 7 ||[30;1mp[0m|[30;1mp[0m|[30;1mp[0m|[7;1m [0m| |[30;1mp[0m|[30;1mp[0m|[30;1mp[0m|| 7
[32;1m[Board] [0m   -------------------
[32;1m[Board] [0m 6 ||[7;1m [0m|[30;1mQ[0m|[7;1m [0m|[30;1mb[0m|[7;1m [0m| |[7;1m [0m| || 6
[32;1m[Board] [0m   -------------------
[32;1m[Board] [0m 5 || |[7;1m [0m| |[7;1m [0m| |[7;1m [0m| |[7;1m [0m|| 5
[32;1m[Board] [0m   -------------------
[32;1m[Board] [0m 4 ||[7;1m [0m| |[0;1mQ[0m| |[30;1mk[0m| |[7;1m [0m| || 4
[32;1m[Board] [0m   -------------------
[32;1m[Board] [0m 3 || |[7;1m [0m| |[7;1m [0m|[0;1mp[0m|[7;1m [0m|[0;1mp[0m|[30;1mb[0m|| 3
[32;1m[Board] [0m   -------------------
[32;1m[Board] [0m 2 ||[0;1mp[0m|[0;1mp[0m|[7;1m [0m|[0;1mp[0m|[7;1m [0m| |[7;1m [0m|[0;1mr[0m|| 2
[32;1m[Board] [0m   -------------------
[32;1m[Board] [0m 1 ||[0;1mr[0m|[7;1m [0m|[0;1mb[0m|[7;1m [0m| |[0;1mb[0m|[0;1mK[0m|[7;1m [0m|| 1
[32;1m[Board] [0m   -------------------
[32;1m[Board] [0m     a b c d e f g h
[32;1m[Board] [0m
[32;1m[Referee] [0mThis is the turn of the Black player...
[DEBUG] Input history filename: championship/chesster-logic-and-proofs/history.csv
[DEBUG] Output move file: championship/chesster-logic-and-proofs/move.csv
[Parser][ply=] 55
how i see the board before writing next move: Turn: Black
Enpassant: xx	Castling: xxxx
   ---- ---- ---- ---- ---- ---- ---- ----
8 |    |    |    |    | r  | r  | k  |    |
   ---- ---- ---- ---- ---- ---- ---- ----
7 | p  | p  | p  |    |    | p  | p  | p  |
   ---- ---- ---- ---- ---- ---- ---- ----
6 |    | q  |    | b  |    |    |    |    |
   ---- ---- ---- ---- ---- ---- ---- ----
5 |    |    |    |    |    |    |    |    |
   ---- ---- ---- ---- ---- ---- ---- ----
4 |    |    | Q  |    | n  |    |    |    |
   ---- ---- ---- ---- ---- ---- ---- ----
3 |    |    |    |    | P  |    | P  | b  |
   ---- ---- ---- ---- ---- ---- ---- ----
2 | P  | P  |    | P  |    |    |    | R  |
   ---- ---- ---- ---- ---- ---- ---- ----
1 | R  |    | B  |    |    | B  | K  |    |
   ---- ---- ---- ---- ---- ---- ---- ----
    a    b    c    d    e    f    g    h
starting search...
depth: 1 score: 750 time: 0 nodes: 237 hashfull: 0
depth: 2 score: 750 time: 0 nodes: 535 hashfull: 0
depth: 3 score: 750 time: 1 nodes: 4109 hashfull: 0
depth: 4 score: 699 time: 7 nodes: 20928 hashfull: 0
depth: 5 score: 707 time: 8 nodes: 40920 hashfull: 0
depth: 6 score: 673 time: 55 nodes: 182640 hashfull: 4
depth: 7 score: 685 time: 96 nodes: 399405 hashfull: 7
depth: 8 score: 677 time: 207 nodes: 920442 hashfull: 17
depth: 9 score: 650 time: 1527 nodes: 3930001 hashfull: 92
depth: 10 score: 631 time: 5060 nodes: 12278576 hashfull: 210
[DEBUG] [Parser] Wrote to ouput file championship/chesster-logic-and-proofs/move.csv move : h3f5
[32;1m[Game] [0mPlayer's error code: 0
[32;1m[Game] [0mChecking move validity...
[32;1m[Board] [0mInitializing board (size: 8)...
[32;1m[Board] [0mLoading history file `championship/chesster-logic-and-proofs/history.csv`...
[32;1m[Board] [0mLoaded 55 move(s).
[32;1m[Board] [0mLoading move file `championship/chesster-logic-and-proofs/move.csv`...
[32;1m[Board] [0mBlack player is playing h3 to f5.
[32;1m[Board] [0m
[32;1m[Board] [0m     a b c d e f g h
[32;1m[Board] [0m   -------------------
[32;1m[Board] [0m 8 ||[7;1m [0m| |[7;1m [0m| |[30;1mr[0m|[30;1mr[0m|[30;1mK[0m| || 8
[32;1m[Board] [0m   -------------------
[32;1m[Board] [0m 7 ||[30;1mp[0m|[30;1mp[0m|[30;1mp[0m|[7;1m [0m| |[30;1mp[0m|[30;1mp[0m|[30;1mp[0m|| 7
[32;1m[Board] [0m   -------------------
[32;1m[Board] [0m 6 ||[7;1m [0m|[30;1mQ[0m|[7;1m [0m|[30;1mb[0m|[7;1m [0m| |[7;1m [0m| || 6
[32;1m[Board] [0m   -------------------
[32;1m[Board] [0m 5 || |[7;1m [0m| |[7;1m [0m| |[30;1mb[0m| |[7;1m [0m|| 5
[32;1m[Board] [0m   -------------------
[32;1m[Board] [0m 4 ||[7;1m [0m| |[0;1mQ[0m| |[30;1mk[0m| |[7;1m [0m| || 4
[32;1m[Board] [0m   -------------------
[32;1m[Board] [0m 3 || |[7;1m [0m| |[7;1m [0m|[0;1mp[0m|[7;1m [0m|[0;1mp[0m|[7;1m [0m|| 3
[32;1m[Board] [0m   -------------------
[32;1m[Board] [0m 2 ||[0;1mp[0m|[0;1mp[0m|[7;1m [0m|[0;1mp[0m|[7;1m [0m| |[7;1m [0m|[0;1mr[0m|| 2
[32;1m[Board] [0m   -------------------
[32;1m[Board] [0m 1 ||[0;1mr[0m|[7;1m [0m|[0;1mb[0m|[7;1m [0m| |[0;1mb[0m|[0;1mK[0m|[7;1m [0m|| 1
[32;1m[Board] [0m   -------------------
[32;1m[Board] [0m     a b c d e f g h
[32;1m[Board] [0m
[32;1m[Referee] [0mThis is the turn of the White player...
Position after history:

  +-----------------+
8 | . . . . r r k . |
7 | p p p . . p p p |
6 | . q . b . . . . |
5 | . . . . . b . . |
4 | . . Q . n . . . |
3 | . . . . P . P . |
2 | P P . P . . . R |
1 | R . B . . B K . |
  +-----------------+
    a b c d e f g h
Side to move: White
Next move: c4b5 (score: -698)
[32;1m[Game] [0mPlayer's error code: 0
[32;1m[Game] [0mChecking move validity...
[32;1m[Board] [0mInitializing board (size: 8)...
[32;1m[Board] [0mLoading history file `championship/chesster-logic-and-proofs/history.csv`...
[32;1m[Board] [0mLoaded 56 move(s).
[32;1m[Board] [0mLoading move file `championship/chesster-logic-and-proofs/move.csv`...
[32;1m[Board] [0mWhite player is playing c4 to b5.
[32;1m[Board] [0m
[32;1m[Board] [0m     a b c d e f g h
[32;1m[Board] [0m   -------------------
[32;1m[Board] [0m 8 ||[7;1m [0m| |[7;1m [0m| |[30;1mr[0m|[30;1mr[0m|[30;1mK[0m| || 8
[32;1m[Board] [0m   -------------------
[32;1m[Board] [0m 7 ||[30;1mp[0m|[30;1mp[0m|[30;1mp[0m|[7;1m [0m| |[30;1mp[0m|[30;1mp[0m|[30;1mp[0m|| 7
[32;1m[Board] [0m   -------------------
[32;1m[Board] [0m 6 ||[7;1m [0m|[30;1mQ[0m|[7;1m [0m|[30;1mb[0m|[7;1m [0m| |[7;1m [0m| || 6
[32;1m[Board] [0m   -------------------
[32;1m[Board] [0m 5 || |[0;1mQ[0m| |[7;1m [0m| |[30;1mb[0m| |[7;1m [0m|| 5
[32;1m[Board] [0m   -------------------
[32;1m[Board] [0m 4 ||[7;1m [0m| |[7;1m [0m| |[30;1mk[0m| |[7;1m [0m| || 4
[32;1m[Board] [0m   -------------------
[32;1m[Board] [0m 3 || |[7;1m [0m| |[7;1m [0m|[0;1mp[0m|[7;1m [0m|[0;1mp[0m|[7;1m [0m|| 3
[32;1m[Board] [0m   -------------------
[32;1m[Board] [0m 2 ||[0;1mp[0m|[0;1mp[0m|[7;1m [0m|[0;1mp[0m|[7;1m [0m| |[7;1m [0m|[0;1mr[0m|| 2
[32;1m[Board] [0m   -------------------
[32;1m[Board] [0m 1 ||[0;1mr[0m|[7;1m [0m|[0;1mb[0m|[7;1m [0m| |[0;1mb[0m|[0;1mK[0m|[7;1m [0m|| 1
[32;1m[Board] [0m   -------------------
[32;1m[Board] [0m     a b c d e f g h
[32;1m[Board] [0m
[32;1m[Referee] [0mThis is the turn of the Black player...
[DEBUG] Input history filename: championship/chesster-logic-and-proofs/history.csv
[DEBUG] Output move file: championship/chesster-logic-and-proofs/move.csv
[Parser][ply=] 57
how i see the board before writing next move: Turn: Black
Enpassant: xx	Castling: xxxx
   ---- ---- ---- ---- ---- ---- ---- ----
8 |    |    |    |    | r  | r  | k  |    |
   ---- ---- ---- ---- ---- ---- ---- ----
7 | p  | p  | p  |    |    | p  | p  | p  |
   ---- ---- ---- ---- ---- ---- ---- ----
6 |    | q  |    | b  |    |    |    |    |
   ---- ---- ---- ---- ---- ---- ---- ----
5 |    | Q  |    |    |    | b  |    |    |
   ---- ---- ---- ---- ---- ---- ---- ----
4 |    |    |    |    | n  |    |    |    |
   ---- ---- ---- ---- ---- ---- ---- ----
3 |    |    |    |    | P  |    | P  |    |
   ---- ---- ---- ---- ---- ---- ---- ----
2 | P  | P  |    | P  |    |    |    | R  |
   ---- ---- ---- ---- ---- ---- ---- ----
1 | R  |    | B  |    |    | B  | K  |    |
   ---- ---- ---- ---- ---- ---- ---- ----
    a    b    c    d    e    f    g    h
starting search...
depth: 1 score: 686 time: 0 nodes: 319 hashfull: 0
depth: 2 score: 686 time: 0 nodes: 634 hashfull: 0
depth: 3 score: 686 time: 1 nodes: 3143 hashfull: 0
depth: 4 score: 644 time: 6 nodes: 12743 hashfull: 0
depth: 5 score: 662 time: 9 nodes: 27047 hashfull: 0
depth: 6 score: 635 time: 47 nodes: 111818 hashfull: 2
depth: 7 score: 631 time: 136 nodes: 332737 hashfull: 7
depth: 8 score: 631 time: 228 nodes: 714424 hashfull: 14
depth: 9 score: 631 time: 1299 nodes: 3142223 hashfull: 82
depth: 10 score: 624 time: 3356 nodes: 9029985 hashfull: 181
[DEBUG] [Parser] Wrote to ouput file championship/chesster-logic-and-proofs/move.csv move : e4g3
[32;1m[Game] [0mPlayer's error code: 0
[32;1m[Game] [0mChecking move validity...
[32;1m[Board] [0mInitializing board (size: 8)...
[32;1m[Board] [0mLoading history file `championship/chesster-logic-and-proofs/history.csv`...
[32;1m[Board] [0mLoaded 57 move(s).
[32;1m[Board] [0mLoading move file `championship/chesster-logic-and-proofs/move.csv`...
[32;1m[Board] [0mBlack player is playing e4 to g3.
[32;1m[Board] [0m[5;1mBlack Knight is taking White Pawn.[0m
[32;1m[Board] [0m
[32;1m[Board] [0m     a b c d e f g h
[32;1m[Board] [0m   -------------------
[32;1m[Board] [0m 8 ||[7;1m [0m| |[7;1m [0m| |[30;1mr[0m|[30;1mr[0m|[30;1mK[0m| || 8
[32;1m[Board] [0m   -------------------
[32;1m[Board] [0m 7 ||[30;1mp[0m|[30;1mp[0m|[30;1mp[0m|[7;1m [0m| |[30;1mp[0m|[30;1mp[0m|[30;1mp[0m|| 7
[32;1m[Board] [0m   -------------------
[32;1m[Board] [0m 6 ||[7;1m [0m|[30;1mQ[0m|[7;1m [0m|[30;1mb[0m|[7;1m [0m| |[7;1m [0m| || 6
[32;1m[Board] [0m   -------------------
[32;1m[Board] [0m 5 || |[0;1mQ[0m| |[7;1m [0m| |[30;1mb[0m| |[7;1m [0m|| 5
[32;1m[Board] [0m   -------------------
[32;1m[Board] [0m 4 ||[7;1m [0m| |[7;1m [0m| |[7;1m [0m| |[7;1m [0m| || 4
[32;1m[Board] [0m   -------------------
[32;1m[Board] [0m 3 || |[7;1m [0m| |[7;1m [0m|[0;1mp[0m|[7;1m [0m|[30;1mk[0m|[7;1m [0m|| 3
[32;1m[Board] [0m   -------------------
[32;1m[Board] [0m 2 ||[0;1mp[0m|[0;1mp[0m|[7;1m [0m|[0;1mp[0m|[7;1m [0m| |[7;1m [0m|[0;1mr[0m|| 2
[32;1m[Board] [0m   -------------------
[32;1m[Board] [0m 1 ||[0;1mr[0m|[7;1m [0m|[0;1mb[0m|[7;1m [0m| |[0;1mb[0m|[0;1mK[0m|[7;1m [0m|| 1
[32;1m[Board] [0m   -------------------
[32;1m[Board] [0m     a b c d e f g h
[32;1m[Board] [0m
[32;1m[Referee] [0mThis is the turn of the White player...
Position after history:

  +-----------------+
8 | . . . . r r k . |
7 | p p p . . p p p |
6 | . q . b . . . . |
5 | . Q . . . b . . |
4 | . . . . . . . . |
3 | . . . . P . n . |
2 | P P . P . . . R |
1 | R . B . . B K . |
  +-----------------+
    a b c d e f g h
Side to move: White
Next move: b5b6 (score: -644)
[32;1m[Game] [0mPlayer's error code: 0
[32;1m[Game] [0mChecking move validity...
[32;1m[Board] [0mInitializing board (size: 8)...
[32;1m[Board] [0mLoading history file `championship/chesster-logic-and-proofs/history.csv`...
[32;1m[Board] [0mLoaded 58 move(s).
[32;1m[Board] [0mLoading move file `championship/chesster-logic-and-proofs/move.csv`...
[32;1m[Board] [0mWhite player is playing b5 to b6.
[32;1m[Board] [0m[5;1mWhite Queen is taking Black Queen.[0m
[32;1m[Board] [0m
[32;1m[Board] [0m     a b c d e f g h
[32;1m[Board] [0m   -------------------
[32;1m[Board] [0m 8 ||[7;1m [0m| |[7;1m [0m| |[30;1mr[0m|[30;1mr[0m|[30;1mK[0m| || 8
[32;1m[Board] [0m   -------------------
[32;1m[Board] [0m 7 ||[30;1mp[0m|[30;1mp[0m|[30;1mp[0m|[7;1m [0m| |[30;1mp[0m|[30;1mp[0m|[30;1mp[0m|| 7
[32;1m[Board] [0m   -------------------
[32;1m[Board] [0m 6 ||[7;1m [0m|[0;1mQ[0m|[7;1m [0m|[30;1mb[0m|[7;1m [0m| |[7;1m [0m| || 6
[32;1m[Board] [0m   -------------------
[32;1m[Board] [0m 5 || |[7;1m [0m| |[7;1m [0m| |[30;1mb[0m| |[7;1m [0m|| 5
[32;1m[Board] [0m   -------------------
[32;1m[Board] [0m 4 ||[7;1m [0m| |[7;1m [0m| |[7;1m [0m| |[7;1m [0m| || 4
[32;1m[Board] [0m   -------------------
[32;1m[Board] [0m 3 || |[7;1m [0m| |[7;1m [0m|[0;1mp[0m|[7;1m [0m|[30;1mk[0m|[7;1m [0m|| 3
[32;1m[Board] [0m   -------------------
[32;1m[Board] [0m 2 ||[0;1mp[0m|[0;1mp[0m|[7;1m [0m|[0;1mp[0m|[7;1m [0m| |[7;1m [0m|[0;1mr[0m|| 2
[32;1m[Board] [0m   -------------------
[32;1m[Board] [0m 1 ||[0;1mr[0m|[7;1m [0m|[0;1mb[0m|[7;1m [0m| |[0;1mb[0m|[0;1mK[0m|[7;1m [0m|| 1
[32;1m[Board] [0m   -------------------
[32;1m[Board] [0m     a b c d e f g h
[32;1m[Board] [0m
[32;1m[Referee] [0mThis is the turn of the Black player...
[DEBUG] Input history filename: championship/chesster-logic-and-proofs/history.csv
[DEBUG] Output move file: championship/chesster-logic-and-proofs/move.csv
[Parser][ply=] 59
how i see the board before writing next move: Turn: Black
Enpassant: xx	Castling: xxxx
   ---- ---- ---- ---- ---- ---- ---- ----
8 |    |    |    |    | r  | r  | k  |    |
   ---- ---- ---- ---- ---- ---- ---- ----
7 | p  | p  | p  |    |    | p  | p  | p  |
   ---- ---- ---- ---- ---- ---- ---- ----
6 |    | Q  |    | b  |    |    |    |    |
   ---- ---- ---- ---- ---- ---- ---- ----
5 |    |    |    |    |    | b  |    |    |
   ---- ---- ---- ---- ---- ---- ---- ----
4 |    |    |    |    |    |    |    |    |
   ---- ---- ---- ---- ---- ---- ---- ----
3 |    |    |    |    | P  |    | n  |    |
   ---- ---- ---- ---- ---- ---- ---- ----
2 | P  | P  |    | P  |    |    |    | R  |
   ---- ---- ---- ---- ---- ---- ---- ----
1 | R  |    | B  |    |    | B  | K  |    |
   ---- ---- ---- ---- ---- ---- ---- ----
    a    b    c    d    e    f    g    h
starting search...
depth: 1 score: 686 time: 0 nodes: 91 hashfull: 0
depth: 2 score: 644 time: 0 nodes: 464 hashfull: 0
depth: 3 score: 662 time: 1 nodes: 3163 hashfull: 0
depth: 4 score: 635 time: 5 nodes: 11193 hashfull: 0
depth: 5 score: 631 time: 10 nodes: 25928 hashfull: 0
depth: 6 score: 631 time: 41 nodes: 101250 hashfull: 2
depth: 7 score: 631 time: 86 nodes: 248469 hashfull: 6
depth: 8 score: 624 time: 169 nodes: 533160 hashfull: 13
depth: 9 score: 617 time: 686 nodes: 1701323 hashfull: 47
depth: 10 score: 615 time: 1482 nodes: 4083629 hashfull: 97
depth: 11 score: 622 time: 3695 nodes: 10149232 hashfull: 228
[DEBUG] [Parser] Wrote to ouput file championship/chesster-logic-and-proofs/move.csv move : a7b6
[32;1m[Game] [0mPlayer's error code: 0
[32;1m[Game] [0mChecking move validity...
[32;1m[Board] [0mInitializing board (size: 8)...
[32;1m[Board] [0mLoading history file `championship/chesster-logic-and-proofs/history.csv`...
[32;1m[Board] [0mLoaded 59 move(s).
[32;1m[Board] [0mLoading move file `championship/chesster-logic-and-proofs/move.csv`...
[32;1m[Board] [0mBlack player is playing a7 to b6.
[32;1m[Board] [0m[5;1mBlack Pawn is taking White Queen.[0m
[32;1m[Board] [0m
[32;1m[Board] [0m     a b c d e f g h
[32;1m[Board] [0m   -------------------
[32;1m[Board] [0m 8 ||[7;1m [0m| |[7;1m [0m| |[30;1mr[0m|[30;1mr[0m|[30;1mK[0m| || 8
[32;1m[Board] [0m   -------------------
[32;1m[Board] [0m 7 || |[30;1mp[0m|[30;1mp[0m|[7;1m [0m| |[30;1mp[0m|[30;1mp[0m|[30;1mp[0m|| 7
[32;1m[Board] [0m   -------------------
[32;1m[Board] [0m 6 ||[7;1m [0m|[30;1mp[0m|[7;1m [0m|[30;1mb[0m|[7;1m [0m| |[7;1m [0m| || 6
[32;1m[Board] [0m   -------------------
[32;1m[Board] [0m 5 || |[7;1m [0m| |[7;1m [0m| |[30;1mb[0m| |[7;1m [0m|| 5
[32;1m[Board] [0m   -------------------
[32;1m[Board] [0m 4 ||[7;1m [0m| |[7;1m [0m| |[7;1m [0m| |[7;1m [0m| || 4
[32;1m[Board] [0m   -------------------
[32;1m[Board] [0m 3 || |[7;1m [0m| |[7;1m [0m|[0;1mp[0m|[7;1m [0m|[30;1mk[0m|[7;1m [0m|| 3
[32;1m[Board] [0m   -------------------
[32;1m[Board] [0m 2 ||[0;1mp[0m|[0;1mp[0m|[7;1m [0m|[0;1mp[0m|[7;1m [0m| |[7;1m [0m|[0;1mr[0m|| 2
[32;1m[Board] [0m   -------------------
[32;1m[Board] [0m 1 ||[0;1mr[0m|[7;1m [0m|[0;1mb[0m|[7;1m [0m| |[0;1mb[0m|[0;1mK[0m|[7;1m [0m|| 1
[32;1m[Board] [0m   -------------------
[32;1m[Board] [0m     a b c d e f g h
[32;1m[Board] [0m
[32;1m[Referee] [0mThis is the turn of the White player...
Position after history:

  +-----------------+
8 | . . . . r r k . |
7 | . p p . . p p p |
6 | . p . b . . . . |
5 | . . . . . b . . |
4 | . . . . . . . . |
3 | . . . . P . n . |
2 | P P . P . . . R |
1 | R . B . . B K . |
  +-----------------+
    a b c d e f g h
Side to move: White
Next move: f1c4 (score: -670)
[32;1m[Game] [0mPlayer's error code: 0
[32;1m[Game] [0mChecking move validity...
[32;1m[Board] [0mInitializing board (size: 8)...
[32;1m[Board] [0mLoading history file `championship/chesster-logic-and-proofs/history.csv`...
[32;1m[Board] [0mLoaded 60 move(s).
[32;1m[Board] [0mLoading move file `championship/chesster-logic-and-proofs/move.csv`...
[32;1m[Board] [0mWhite player is playing f1 to c4.
[32;1m[Board] [0m
[32;1m[Board] [0m     a b c d e f g h
[32;1m[Board] [0m   -------------------
[32;1m[Board] [0m 8 ||[7;1m [0m| |[7;1m [0m| |[30;1mr[0m|[30;1mr[0m|[30;1mK[0m| || 8
[32;1m[Board] [0m   -------------------
[32;1m[Board] [0m 7 || |[30;1mp[0m|[30;1mp[0m|[7;1m [0m| |[30;1mp[0m|[30;1mp[0m|[30;1mp[0m|| 7
[32;1m[Board] [0m   -------------------
[32;1m[Board] [0m 6 ||[7;1m [0m|[30;1mp[0m|[7;1m [0m|[30;1mb[0m|[7;1m [0m| |[7;1m [0m| || 6
[32;1m[Board] [0m   -------------------
[32;1m[Board] [0m 5 || |[7;1m [0m| |[7;1m [0m| |[30;1mb[0m| |[7;1m [0m|| 5
[32;1m[Board] [0m   -------------------
[32;1m[Board] [0m 4 ||[7;1m [0m| |[0;1mb[0m| |[7;1m [0m| |[7;1m [0m| || 4
[32;1m[Board] [0m   -------------------
[32;1m[Board] [0m 3 || |[7;1m [0m| |[7;1m [0m|[0;1mp[0m|[7;1m [0m|[30;1mk[0m|[7;1m [0m|| 3
[32;1m[Board] [0m   -------------------
[32;1m[Board] [0m 2 ||[0;1mp[0m|[0;1mp[0m|[7;1m [0m|[0;1mp[0m|[7;1m [0m| |[7;1m [0m|[0;1mr[0m|| 2
[32;1m[Board] [0m   -------------------
[32;1m[Board] [0m 1 ||[0;1mr[0m|[7;1m [0m|[0;1mb[0m|[7;1m [0m| |[7;1m [0m|[0;1mK[0m|[7;1m [0m|| 1
[32;1m[Board] [0m   -------------------
[32;1m[Board] [0m     a b c d e f g h
[32;1m[Board] [0m
[32;1m[Referee] [0mThis is the turn of the Black player...
[DEBUG] Input history filename: championship/chesster-logic-and-proofs/history.csv
[DEBUG] Output move file: championship/chesster-logic-and-proofs/move.csv
[Parser][ply=] 61
how i see the board before writing next move: Turn: Black
Enpassant: xx	Castling: xxxx
   ---- ---- ---- ---- ---- ---- ---- ----
8 |    |    |    |    | r  | r  | k  |    |
   ---- ---- ---- ---- ---- ---- ---- ----
7 |    | p  | p  |    |    | p  | p  | p  |
   ---- ---- ---- ---- ---- ---- ---- ----
6 |    | p  |    | b  |    |    |    |    |
   ---- ---- ---- ---- ---- ---- ---- ----
5 |    |    |    |    |    | b  |    |    |
   ---- ---- ---- ---- ---- ---- ---- ----
4 |    |    | B  |    |    |    |    |    |
   ---- ---- ---- ---- ---- ---- ---- ----
3 |    |    |    |    | P  |    | n  |    |
   ---- ---- ---- ---- ---- ---- ---- ----
2 | P  | P  |    | P  |    |    |    | R  |
   ---- ---- ---- ---- ---- ---- ---- ----
1 | R  |    | B  |    |    |    | K  |    |
   ---- ---- ---- ---- ---- ---- ---- ----
    a    b    c    d    e    f    g    h
starting search...
depth: 1 score: 677 time: 0 nodes: 196 hashfull: 0
depth: 2 score: 646 time: 1 nodes: 2219 hashfull: 0
depth: 3 score: 645 time: 2 nodes: 5118 hashfull: 0
depth: 4 score: 634 time: 6 nodes: 18489 hashfull: 0
depth: 5 score: 631 time: 16 nodes: 57144 hashfull: 1
depth: 6 score: 626 time: 86 nodes: 252584 hashfull: 6
depth: 7 score: 637 time: 90 nodes: 456031 hashfull: 11
depth: 8 score: 633 time: 323 nodes: 1252087 hashfull: 35
depth: 9 score: 633 time: 617 nodes: 2815199 hashfull: 88
depth: 10 score: 631 time: 1785 nodes: 7046871 hashfull: 174
depth: 11 score: 625 time: 5546 nodes: 20441241 hashfull: 361
[DEBUG] [Parser] Wrote to ouput file championship/chesster-logic-and-proofs/move.csv move : g3e4
[32;1m[Game] [0mPlayer's error code: 0
[32;1m[Game] [0mChecking move validity...
[32;1m[Board] [0mInitializing board (size: 8)...
[32;1m[Board] [0mLoading history file `championship/chesster-logic-and-proofs/history.csv`...
[32;1m[Board] [0mLoaded 61 move(s).
[32;1m[Board] [0mLoading move file `championship/chesster-logic-and-proofs/move.csv`...
[32;1m[Board] [0mBlack player is playing g3 to e4.
[32;1m[Board] [0m
[32;1m[Board] [0m     a b c d e f g h
[32;1m[Board] [0m   -------------------
[32;1m[Board] [0m 8 ||[7;1m [0m| |[7;1m [0m| |[30;1mr[0m|[30;1mr[0m|[30;1mK[0m| || 8
[32;1m[Board] [0m   -------------------
[32;1m[Board] [0m 7 || |[30;1mp[0m|[30;1mp[0m|[7;1m [0m| |[30;1mp[0m|[30;1mp[0m|[30;1mp[0m|| 7
[32;1m[Board] [0m   -------------------
[32;1m[Board] [0m 6 ||[7;1m [0m|[30;1mp[0m|[7;1m [0m|[30;1mb[0m|[7;1m [0m| |[7;1m [0m| || 6
[32;1m[Board] [0m   -------------------
[32;1m[Board] [0m 5 || |[7;1m [0m| |[7;1m [0m| |[30;1mb[0m| |[7;1m [0m|| 5
[32;1m[Board] [0m   -------------------
[32;1m[Board] [0m 4 ||[7;1m [0m| |[0;1mb[0m| |[30;1mk[0m| |[7;1m [0m| || 4
[32;1m[Board] [0m   -------------------
[32;1m[Board] [0m 3 || |[7;1m [0m| |[7;1m [0m|[0;1mp[0m|[7;1m [0m| |[7;1m [0m|| 3
[32;1m[Board] [0m   -------------------
[32;1m[Board] [0m 2 ||[0;1mp[0m|[0;1mp[0m|[7;1m [0m|[0;1mp[0m|[7;1m [0m| |[7;1m [0m|[0;1mr[0m|| 2
[32;1m[Board] [0m   -------------------
[32;1m[Board] [0m 1 ||[0;1mr[0m|[7;1m [0m|[0;1mb[0m|[7;1m [0m| |[7;1m [0m|[0;1mK[0m|[7;1m [0m|| 1
[32;1m[Board] [0m   -------------------
[32;1m[Board] [0m     a b c d e f g h
[32;1m[Board] [0m
[32;1m[Referee] [0mThis is the turn of the White player...
Position after history:

  +-----------------+
8 | . . . . r r k . |
7 | . p p . . p p p |
6 | . p . b . . . . |
5 | . . . . . b . . |
4 | . . B . n . . . |
3 | . . . . P . . . |
2 | P P . P . . . R |
1 | R . B . . . K . |
  +-----------------+
    a b c d e f g h
Side to move: White
Next move: h2e2 (score: -653)
[32;1m[Game] [0mPlayer's error code: 0
[32;1m[Game] [0mChecking move validity...
[32;1m[Board] [0mInitializing board (size: 8)...
[32;1m[Board] [0mLoading history file `championship/chesster-logic-and-proofs/history.csv`...
[32;1m[Board] [0mLoaded 62 move(s).
[32;1m[Board] [0mLoading move file `championship/chesster-logic-and-proofs/move.csv`...
[32;1m[Board] [0mWhite player is playing h2 to e2.
[32;1m[Board] [0m
[32;1m[Board] [0m     a b c d e f g h
[32;1m[Board] [0m   -------------------
[32;1m[Board] [0m 8 ||[7;1m [0m| |[7;1m [0m| |[30;1mr[0m|[30;1mr[0m|[30;1mK[0m| || 8
[32;1m[Board] [0m   -------------------
[32;1m[Board] [0m 7 || |[30;1mp[0m|[30;1mp[0m|[7;1m [0m| |[30;1mp[0m|[30;1mp[0m|[30;1mp[0m|| 7
[32;1m[Board] [0m   -------------------
[32;1m[Board] [0m 6 ||[7;1m [0m|[30;1mp[0m|[7;1m [0m|[30;1mb[0m|[7;1m [0m| |[7;1m [0m| || 6
[32;1m[Board] [0m   -------------------
[32;1m[Board] [0m 5 || |[7;1m [0m| |[7;1m [0m| |[30;1mb[0m| |[7;1m [0m|| 5
[32;1m[Board] [0m   -------------------
[32;1m[Board] [0m 4 ||[7;1m [0m| |[0;1mb[0m| |[30;1mk[0m| |[7;1m [0m| || 4
[32;1m[Board] [0m   -------------------
[32;1m[Board] [0m 3 || |[7;1m [0m| |[7;1m [0m|[0;1mp[0m|[7;1m [0m| |[7;1m [0m|| 3
[32;1m[Board] [0m   -------------------
[32;1m[Board] [0m 2 ||[0;1mp[0m|[0;1mp[0m|[7;1m [0m|[0;1mp[0m|[0;1mr[0m| |[7;1m [0m| || 2
[32;1m[Board] [0m   -------------------
[32;1m[Board] [0m 1 ||[0;1mr[0m|[7;1m [0m|[0;1mb[0m|[7;1m [0m| |[7;1m [0m|[0;1mK[0m|[7;1m [0m|| 1
[32;1m[Board] [0m   -------------------
[32;1m[Board] [0m     a b c d e f g h
[32;1m[Board] [0m
[32;1m[Referee] [0mThis is the turn of the Black player...
[DEBUG] Input history filename: championship/chesster-logic-and-proofs/history.csv
[DEBUG] Output move file: championship/chesster-logic-and-proofs/move.csv
[Parser][ply=] 63
how i see the board before writing next move: Turn: Black
Enpassant: xx	Castling: xxxx
   ---- ---- ---- ---- ---- ---- ---- ----
8 |    |    |    |    | r  | r  | k  |    |
   ---- ---- ---- ---- ---- ---- ---- ----
7 |    | p  | p  |    |    | p  | p  | p  |
   ---- ---- ---- ---- ---- ---- ---- ----
6 |    | p  |    | b  |    |    |    |    |
   ---- ---- ---- ---- ---- ---- ---- ----
5 |    |    |    |    |    | b  |    |    |
   ---- ---- ---- ---- ---- ---- ---- ----
4 |    |    | B  |    | n  |    |    |    |
   ---- ---- ---- ---- ---- ---- ---- ----
3 |    |    |    |    | P  |    |    |    |
   ---- ---- ---- ---- ---- ---- ---- ----
2 | P  | P  |    | P  | R  |    |    |    |
   ---- ---- ---- ---- ---- ---- ---- ----
1 | R  |    | B  |    |    |    | K  |    |
   ---- ---- ---- ---- ---- ---- ---- ----
    a    b    c    d    e    f    g    h
starting search...
depth: 1 score: 648 time: 0 nodes: 156 hashfull: 0
depth: 2 score: 630 time: 2 nodes: 2085 hashfull: 0
depth: 3 score: 624 time: 2 nodes: 4337 hashfull: 0
depth: 4 score: 633 time: 12 nodes: 15751 hashfull: 0
depth: 5 score: 640 time: 10 nodes: 25799 hashfull: 0
depth: 6 score: 625 time: 55 nodes: 84619 hashfull: 2
depth: 7 score: 622 time: 188 nodes: 276680 hashfull: 8
depth: 8 score: 622 time: 1277 nodes: 1636706 hashfull: 50
depth: 9 score: 617 time: 3805 nodes: 5637403 hashfull: 157
[DEBUG] [Parser] Wrote to ouput file championship/chesster-logic-and-proofs/move.csv move : g7g6
[32;1m[Game] [0mPlayer's error code: 0
[32;1m[Game] [0mChecking move validity...
[32;1m[Board] [0mInitializing board (size: 8)...
[32;1m[Board] [0mLoading history file `championship/chesster-logic-and-proofs/history.csv`...
[32;1m[Board] [0mLoaded 63 move(s).
[32;1m[Board] [0mLoading move file `championship/chesster-logic-and-proofs/move.csv`...
[32;1m[Board] [0mBlack player is playing g7 to g6.
[32;1m[Board] [0m
[32;1m[Board] [0m     a b c d e f g h
[32;1m[Board] [0m   -------------------
[32;1m[Board] [0m 8 ||[7;1m [0m| |[7;1m [0m| |[30;1mr[0m|[30;1mr[0m|[30;1mK[0m| || 8
[32;1m[Board] [0m   -------------------
[32;1m[Board] [0m 7 || |[30;1mp[0m|[30;1mp[0m|[7;1m [0m| |[30;1mp[0m| |[30;1mp[0m|| 7
[32;1m[Board] [0m   -------------------
[32;1m[Board] [0m 6 ||[7;1m [0m|[30;1mp[0m|[7;1m [0m|[30;1mb[0m|[7;1m [0m| |[30;1mp[0m| || 6
[32;1m[Board] [0m   -------------------
[32;1m[Board] [0m 5 || |[7;1m [0m| |[7;1m [0m| |[30;1mb[0m| |[7;1m [0m|| 5
[32;1m[Board] [0m   -------------------
[32;1m[Board] [0m 4 ||[7;1m [0m| |[0;1mb[0m| |[30;1mk[0m| |[7;1m [0m| || 4
[32;1m[Board] [0m   -------------------
[32;1m[Board] [0m 3 || |[7;1m [0m| |[7;1m [0m|[0;1mp[0m|[7;1m [0m| |[7;1m [0m|| 3
[32;1m[Board] [0m   -------------------
[32;1m[Board] [0m 2 ||[0;1mp[0m|[0;1mp[0m|[7;1m [0m|[0;1mp[0m|[0;1mr[0m| |[7;1m [0m| || 2
[32;1m[Board] [0m   -------------------
[32;1m[Board] [0m 1 ||[0;1mr[0m|[7;1m [0m|[0;1mb[0m|[7;1m [0m| |[7;1m [0m|[0;1mK[0m|[7;1m [0m|| 1
[32;1m[Board] [0m   -------------------
[32;1m[Board] [0m     a b c d e f g h
[32;1m[Board] [0m
[32;1m[Referee] [0mThis is the turn of the White player...
Position after history:

  +-----------------+
8 | . . . . r r k . |
7 | . p p . . p . p |
6 | . p . b . . p . |
5 | . . . . . b . . |
4 | . . B . n . . . |
3 | . . . . P . . . |
2 | P P . P R . . . |
1 | R . B . . . K . |
  +-----------------+
    a b c d e f g h
Side to move: White
Next move: c4d5 (score: -602)
[32;1m[Game] [0mPlayer's error code: 0
[32;1m[Game] [0mChecking move validity...
[32;1m[Board] [0mInitializing board (size: 8)...
[32;1m[Board] [0mLoading history file `championship/chesster-logic-and-proofs/history.csv`...
[32;1m[Board] [0mLoaded 64 move(s).
[32;1m[Board] [0mLoading move file `championship/chesster-logic-and-proofs/move.csv`...
[32;1m[Board] [0mWhite player is playing c4 to d5.
[32;1m[Board] [0m
[32;1m[Board] [0m     a b c d e f g h
[32;1m[Board] [0m   -------------------
[32;1m[Board] [0m 8 ||[7;1m [0m| |[7;1m [0m| |[30;1mr[0m|[30;1mr[0m|[30;1mK[0m| || 8
[32;1m[Board] [0m   -------------------
[32;1m[Board] [0m 7 || |[30;1mp[0m|[30;1mp[0m|[7;1m [0m| |[30;1mp[0m| |[30;1mp[0m|| 7
[32;1m[Board] [0m   -------------------
[32;1m[Board] [0m 6 ||[7;1m [0m|[30;1mp[0m|[7;1m [0m|[30;1mb[0m|[7;1m [0m| |[30;1mp[0m| || 6
[32;1m[Board] [0m   -------------------
[32;1m[Board] [0m 5 || |[7;1m [0m| |[0;1mb[0m| |[30;1mb[0m| |[7;1m [0m|| 5
[32;1m[Board] [0m   -------------------
[32;1m[Board] [0m 4 ||[7;1m [0m| |[7;1m [0m| |[30;1mk[0m| |[7;1m [0m| || 4
[32;1m[Board] [0m   -------------------
[32;1m[Board] [0m 3 || |[7;1m [0m| |[7;1m [0m|[0;1mp[0m|[7;1m [0m| |[7;1m [0m|| 3
[32;1m[Board] [0m   -------------------
[32;1m[Board] [0m 2 ||[0;1mp[0m|[0;1mp[0m|[7;1m [0m|[0;1mp[0m|[0;1mr[0m| |[7;1m [0m| || 2
[32;1m[Board] [0m   -------------------
[32;1m[Board] [0m 1 ||[0;1mr[0m|[7;1m [0m|[0;1mb[0m|[7;1m [0m| |[7;1m [0m|[0;1mK[0m|[7;1m [0m|| 1
[32;1m[Board] [0m   -------------------
[32;1m[Board] [0m     a b c d e f g h
[32;1m[Board] [0m
[32;1m[Referee] [0mThis is the turn of the Black player...
[DEBUG] Input history filename: championship/chesster-logic-and-proofs/history.csv
[DEBUG] Output move file: championship/chesster-logic-and-proofs/move.csv
[Parser][ply=] 65
how i see the board before writing next move: Turn: Black
Enpassant: xx	Castling: xxxx
   ---- ---- ---- ---- ---- ---- ---- ----
8 |    |    |    |    | r  | r  | k  |    |
   ---- ---- ---- ---- ---- ---- ---- ----
7 |    | p  | p  |    |    | p  |    | p  |
   ---- ---- ---- ---- ---- ---- ---- ----
6 |    | p  |    | b  |    |    | p  |    |
   ---- ---- ---- ---- ---- ---- ---- ----
5 |    |    |    | B  |    | b  |    |    |
   ---- ---- ---- ---- ---- ---- ---- ----
4 |    |    |    |    | n  |    |    |    |
   ---- ---- ---- ---- ---- ---- ---- ----
3 |    |    |    |    | P  |    |    |    |
   ---- ---- ---- ---- ---- ---- ---- ----
2 | P  | P  |    | P  | R  |    |    |    |
   ---- ---- ---- ---- ---- ---- ---- ----
1 | R  |    | B  |    |    |    | K  |    |
   ---- ---- ---- ---- ---- ---- ---- ----
    a    b    c    d    e    f    g    h
starting search...
depth: 1 score: 613 time: 0 nodes: 388 hashfull: 0
depth: 2 score: 622 time: 0 nodes: 1015 hashfull: 0
depth: 3 score: 622 time: 0 nodes: 2198 hashfull: 0
depth: 4 score: 612 time: 2 nodes: 6314 hashfull: 0
depth: 5 score: 619 time: 4 nodes: 13226 hashfull: 0
depth: 6 score: 604 time: 44 nodes: 79544 hashfull: 2
depth: 7 score: 604 time: 75 nodes: 187027 hashfull: 5
depth: 8 score: 604 time: 211 nodes: 515889 hashfull: 15
depth: 9 score: 610 time: 639 nodes: 1575053 hashfull: 57
depth: 10 score: 603 time: 1553 nodes: 3852450 hashfull: 104
depth: 11 score: 612 time: 2438 nodes: 7639504 hashfull: 185
[DEBUG] [Parser] Wrote to ouput file championship/chesster-logic-and-proofs/move.csv move : c7c6
[32;1m[Game] [0mPlayer's error code: 0
[32;1m[Game] [0mChecking move validity...
[32;1m[Board] [0mInitializing board (size: 8)...
[32;1m[Board] [0mLoading history file `championship/chesster-logic-and-proofs/history.csv`...
[32;1m[Board] [0mLoaded 65 move(s).
[32;1m[Board] [0mLoading move file `championship/chesster-logic-and-proofs/move.csv`...
[32;1m[Board] [0mBlack player is playing c7 to c6.
[32;1m[Board] [0m
[32;1m[Board] [0m     a b c d e f g h
[32;1m[Board] [0m   -------------------
[32;1m[Board] [0m 8 ||[7;1m [0m| |[7;1m [0m| |[30;1mr[0m|[30;1mr[0m|[30;1mK[0m| || 8
[32;1m[Board] [0m   -------------------
[32;1m[Board] [0m 7 || |[30;1mp[0m| |[7;1m [0m| |[30;1mp[0m| |[30;1mp[0m|| 7
[32;1m[Board] [0m   -------------------
[32;1m[Board] [0m 6 ||[7;1m [0m|[30;1mp[0m|[30;1mp[0m|[30;1mb[0m|[7;1m [0m| |[30;1mp[0m| || 6
[32;1m[Board] [0m   -------------------
[32;1m[Board] [0m 5 || |[7;1m [0m| |[0;1mb[0m| |[30;1mb[0m| |[7;1m [0m|| 5
[32;1m[Board] [0m   -------------------
[32;1m[Board] [0m 4 ||[7;1m [0m| |[7;1m [0m| |[30;1mk[0m| |[7;1m [0m| || 4
[32;1m[Board] [0m   -------------------
[32;1m[Board] [0m 3 || |[7;1m [0m| |[7;1m [0m|[0;1mp[0m|[7;1m [0m| |[7;1m [0m|| 3
[32;1m[Board] [0m   -------------------
[32;1m[Board] [0m 2 ||[0;1mp[0m|[0;1mp[0m|[7;1m [0m|[0;1mp[0m|[0;1mr[0m| |[7;1m [0m| || 2
[32;1m[Board] [0m   -------------------
[32;1m[Board] [0m 1 ||[0;1mr[0m|[7;1m [0m|[0;1mb[0m|[7;1m [0m| |[7;1m [0m|[0;1mK[0m|[7;1m [0m|| 1
[32;1m[Board] [0m   -------------------
[32;1m[Board] [0m     a b c d e f g h
[32;1m[Board] [0m
[32;1m[Referee] [0mThis is the turn of the White player...
Position after history:

  +-----------------+
8 | . . . . r r k . |
7 | . p . . . p . p |
6 | . p p b . . p . |
5 | . . . B . b . . |
4 | . . . . n . . . |
3 | . . . . P . . . |
2 | P P . P R . . . |
1 | R . B . . . K . |
  +-----------------+
    a b c d e f g h
Side to move: White
Next move: d5e4 (score: -605)
[32;1m[Game] [0mPlayer's error code: 0
[32;1m[Game] [0mChecking move validity...
[32;1m[Board] [0mInitializing board (size: 8)...
[32;1m[Board] [0mLoading history file `championship/chesster-logic-and-proofs/history.csv`...
[32;1m[Board] [0mLoaded 66 move(s).
[32;1m[Board] [0mLoading move file `championship/chesster-logic-and-proofs/move.csv`...
[32;1m[Board] [0mWhite player is playing d5 to e4.
[32;1m[Board] [0m[5;1mWhite Bishop is taking Black Knight.[0m
[32;1m[Board] [0m
[32;1m[Board] [0m     a b c d e f g h
[32;1m[Board] [0m   -------------------
[32;1m[Board] [0m 8 ||[7;1m [0m| |[7;1m [0m| |[30;1mr[0m|[30;1mr[0m|[30;1mK[0m| || 8
[32;1m[Board] [0m   -------------------
[32;1m[Board] [0m 7 || |[30;1mp[0m| |[7;1m [0m| |[30;1mp[0m| |[30;1mp[0m|| 7
[32;1m[Board] [0m   -------------------
[32;1m[Board] [0m 6 ||[7;1m [0m|[30;1mp[0m|[30;1mp[0m|[30;1mb[0m|[7;1m [0m| |[30;1mp[0m| || 6
[32;1m[Board] [0m   -------------------
[32;1m[Board] [0m 5 || |[7;1m [0m| |[7;1m [0m| |[30;1mb[0m| |[7;1m [0m|| 5
[32;1m[Board] [0m   -------------------
[32;1m[Board] [0m 4 ||[7;1m [0m| |[7;1m [0m| |[0;1mb[0m| |[7;1m [0m| || 4
[32;1m[Board] [0m   -------------------
[32;1m[Board] [0m 3 || |[7;1m [0m| |[7;1m [0m|[0;1mp[0m|[7;1m [0m| |[7;1m [0m|| 3
[32;1m[Board] [0m   -------------------
[32;1m[Board] [0m 2 ||[0;1mp[0m|[0;1mp[0m|[7;1m [0m|[0;1mp[0m|[0;1mr[0m| |[7;1m [0m| || 2
[32;1m[Board] [0m   -------------------
[32;1m[Board] [0m 1 ||[0;1mr[0m|[7;1m [0m|[0;1mb[0m|[7;1m [0m| |[7;1m [0m|[0;1mK[0m|[7;1m [0m|| 1
[32;1m[Board] [0m   -------------------
[32;1m[Board] [0m     a b c d e f g h
[32;1m[Board] [0m
[32;1m[Referee] [0mThis is the turn of the Black player...
[DEBUG] Input history filename: championship/chesster-logic-and-proofs/history.csv
[DEBUG] Output move file: championship/chesster-logic-and-proofs/move.csv
[Parser][ply=] 67
how i see the board before writing next move: Turn: Black
Enpassant: xx	Castling: xxxx
   ---- ---- ---- ---- ---- ---- ---- ----
8 |    |    |    |    | r  | r  | k  |    |
   ---- ---- ---- ---- ---- ---- ---- ----
7 |    | p  |    |    |    | p  |    | p  |
   ---- ---- ---- ---- ---- ---- ---- ----
6 |    | p  | p  | b  |    |    | p  |    |
   ---- ---- ---- ---- ---- ---- ---- ----
5 |    |    |    |    |    | b  |    |    |
   ---- ---- ---- ---- ---- ---- ---- ----
4 |    |    |    |    | B  |    |    |    |
   ---- ---- ---- ---- ---- ---- ---- ----
3 |    |    |    |    | P  |    |    |    |
   ---- ---- ---- ---- ---- ---- ---- ----
2 | P  | P  |    | P  | R  |    |    |    |
   ---- ---- ---- ---- ---- ---- ---- ----
1 | R  |    | B  |    |    |    | K  |    |
   ---- ---- ---- ---- ---- ---- ---- ----
    a    b    c    d    e    f    g    h
starting search...
depth: 1 score: 622 time: 0 nodes: 64 hashfull: 0
depth: 2 score: 612 time: 0 nodes: 159 hashfull: 0
depth: 3 score: 619 time: 0 nodes: 1468 hashfull: 0
depth: 4 score: 600 time: 4 nodes: 7144 hashfull: 0
depth: 5 score: 617 time: 3 nodes: 12719 hashfull: 0
depth: 6 score: 602 time: 45 nodes: 81512 hashfull: 3
depth: 7 score: 612 time: 75 nodes: 188335 hashfull: 5
depth: 8 score: 603 time: 182 nodes: 461818 hashfull: 15
depth: 9 score: 610 time: 288 nodes: 931788 hashfull: 35
depth: 10 score: 611 time: 1714 nodes: 3353815 hashfull: 108
depth: 11 score: 611 time: 4978 nodes: 11139355 hashfull: 298
[DEBUG] [Parser] Wrote to ouput file championship/chesster-logic-and-proofs/move.csv move : f5e4
[32;1m[Game] [0mPlayer's error code: 0
[32;1m[Game] [0mChecking move validity...
[32;1m[Board] [0mInitializing board (size: 8)...
[32;1m[Board] [0mLoading history file `championship/chesster-logic-and-proofs/history.csv`...
[32;1m[Board] [0mLoaded 67 move(s).
[32;1m[Board] [0mLoading move file `championship/chesster-logic-and-proofs/move.csv`...
[32;1m[Board] [0mBlack player is playing f5 to e4.
[32;1m[Board] [0m[5;1mBlack Bishop is taking White Bishop.[0m
[32;1m[Board] [0m
[32;1m[Board] [0m     a b c d e f g h
[32;1m[Board] [0m   -------------------
[32;1m[Board] [0m 8 ||[7;1m [0m| |[7;1m [0m| |[30;1mr[0m|[30;1mr[0m|[30;1mK[0m| || 8
[32;1m[Board] [0m   -------------------
[32;1m[Board] [0m 7 || |[30;1mp[0m| |[7;1m [0m| |[30;1mp[0m| |[30;1mp[0m|| 7
[32;1m[Board] [0m   -------------------
[32;1m[Board] [0m 6 ||[7;1m [0m|[30;1mp[0m|[30;1mp[0m|[30;1mb[0m|[7;1m [0m| |[30;1mp[0m| || 6
[32;1m[Board] [0m   -------------------
[32;1m[Board] [0m 5 || |[7;1m [0m| |[7;1m [0m| |[7;1m [0m| |[7;1m [0m|| 5
[32;1m[Board] [0m   -------------------
[32;1m[Board] [0m 4 ||[7;1m [0m| |[7;1m [0m| |[30;1mb[0m| |[7;1m [0m| || 4
[32;1m[Board] [0m   -------------------
[32;1m[Board] [0m 3 || |[7;1m [0m| |[7;1m [0m|[0;1mp[0m|[7;1m [0m| |[7;1m [0m|| 3
[32;1m[Board] [0m   -------------------
[32;1m[Board] [0m 2 ||[0;1mp[0m|[0;1mp[0m|[7;1m [0m|[0;1mp[0m|[0;1mr[0m| |[7;1m [0m| || 2
[32;1m[Board] [0m   -------------------
[32;1m[Board] [0m 1 ||[0;1mr[0m|[7;1m [0m|[0;1mb[0m|[7;1m [0m| |[7;1m [0m|[0;1mK[0m|[7;1m [0m|| 1
[32;1m[Board] [0m   -------------------
[32;1m[Board] [0m     a b c d e f g h
[32;1m[Board] [0m
[32;1m[Referee] [0mThis is the turn of the White player...
Position after history:

  +-----------------+
8 | . . . . r r k . |
7 | . p . . . p . p |
6 | . p p b . . p . |
5 | . . . . . . . . |
4 | . . . . b . . . |
3 | . . . . P . . . |
2 | P P . P R . . . |
1 | R . B . . . K . |
  +-----------------+
    a b c d e f g h
Side to move: White
Next move: g1f2 (score: -624)
[32;1m[Game] [0mPlayer's error code: 0
[32;1m[Game] [0mChecking move validity...
[32;1m[Board] [0mInitializing board (size: 8)...
[32;1m[Board] [0mLoading history file `championship/chesster-logic-and-proofs/history.csv`...
[32;1m[Board] [0mLoaded 68 move(s).
[32;1m[Board] [0mLoading move file `championship/chesster-logic-and-proofs/move.csv`...
[32;1m[Board] [0mWhite player is playing g1 to f2.
[32;1m[Board] [0m
[32;1m[Board] [0m     a b c d e f g h
[32;1m[Board] [0m   -------------------
[32;1m[Board] [0m 8 ||[7;1m [0m| |[7;1m [0m| |[30;1mr[0m|[30;1mr[0m|[30;1mK[0m| || 8
[32;1m[Board] [0m   -------------------
[32;1m[Board] [0m 7 || |[30;1mp[0m| |[7;1m [0m| |[30;1mp[0m| |[30;1mp[0m|| 7
[32;1m[Board] [0m   -------------------
[32;1m[Board] [0m 6 ||[7;1m [0m|[30;1mp[0m|[30;1mp[0m|[30;1mb[0m|[7;1m [0m| |[30;1mp[0m| || 6
[32;1m[Board] [0m   -------------------
[32;1m[Board] [0m 5 || |[7;1m [0m| |[7;1m [0m| |[7;1m [0m| |[7;1m [0m|| 5
[32;1m[Board] [0m   -------------------
[32;1m[Board] [0m 4 ||[7;1m [0m| |[7;1m [0m| |[30;1mb[0m| |[7;1m [0m| || 4
[32;1m[Board] [0m   -------------------
[32;1m[Board] [0m 3 || |[7;1m [0m| |[7;1m [0m|[0;1mp[0m|[7;1m [0m| |[7;1m [0m|| 3
[32;1m[Board] [0m   -------------------
[32;1m[Board] [0m 2 ||[0;1mp[0m|[0;1mp[0m|[7;1m [0m|[0;1mp[0m|[0;1mr[0m|[0;1mK[0m|[7;1m [0m| || 2
[32;1m[Board] [0m   -------------------
[32;1m[Board] [0m 1 ||[0;1mr[0m|[7;1m [0m|[0;1mb[0m|[7;1m [0m| |[7;1m [0m| |[7;1m [0m|| 1
[32;1m[Board] [0m   -------------------
[32;1m[Board] [0m     a b c d e f g h
[32;1m[Board] [0m
[32;1m[Referee] [0mThis is the turn of the Black player...
[DEBUG] Input history filename: championship/chesster-logic-and-proofs/history.csv
[DEBUG] Output move file: championship/chesster-logic-and-proofs/move.csv
[Parser][ply=] 69
how i see the board before writing next move: Turn: Black
Enpassant: xx	Castling: xxxx
   ---- ---- ---- ---- ---- ---- ---- ----
8 |    |    |    |    | r  | r  | k  |    |
   ---- ---- ---- ---- ---- ---- ---- ----
7 |    | p  |    |    |    | p  |    | p  |
   ---- ---- ---- ---- ---- ---- ---- ----
6 |    | p  | p  | b  |    |    | p  |    |
   ---- ---- ---- ---- ---- ---- ---- ----
5 |    |    |    |    |    |    |    |    |
   ---- ---- ---- ---- ---- ---- ---- ----
4 |    |    |    |    | b  |    |    |    |
   ---- ---- ---- ---- ---- ---- ---- ----
3 |    |    |    |    | P  |    |    |    |
   ---- ---- ---- ---- ---- ---- ---- ----
2 | P  | P  |    | P  | R  | K  |    |    |
   ---- ---- ---- ---- ---- ---- ---- ----
1 | R  |    | B  |    |    |    |    |    |
   ---- ---- ---- ---- ---- ---- ---- ----
    a    b    c    d    e    f    g    h
starting search...
depth: 1 score: 634 time: 0 nodes: 70 hashfull: 0
depth: 2 score: 624 time: 0 nodes: 261 hashfull: 0
depth: 3 score: 635 time: 0 nodes: 1579 hashfull: 0
depth: 4 score: 628 time: 1 nodes: 4505 hashfull: 0
depth: 5 score: 630 time: 6 nodes: 18727 hashfull: 0
depth: 6 score: 648 time: 26 nodes: 79291 hashfull: 3
depth: 7 score: 622 time: 64 nodes: 220021 hashfull: 8
depth: 8 score: 623 time: 344 nodes: 1016354 hashfull: 42
depth: 9 score: 636 time: 361 nodes: 1882941 hashfull: 83
depth: 10 score: 628 time: 885 nodes: 3697174 hashfull: 123
depth: 11 score: 635 time: 2104 nodes: 7620447 hashfull: 224
[DEBUG] [Parser] Wrote to ouput file championship/chesster-logic-and-proofs/move.csv move : e8e5
[32;1m[Game] [0mPlayer's error code: 0
[32;1m[Game] [0mChecking move validity...
[32;1m[Board] [0mInitializing board (size: 8)...
[32;1m[Board] [0mLoading history file `championship/chesster-logic-and-proofs/history.csv`...
[32;1m[Board] [0mLoaded 69 move(s).
[32;1m[Board] [0mLoading move file `championship/chesster-logic-and-proofs/move.csv`...
[32;1m[Board] [0mBlack player is playing e8 to e5.
[32;1m[Board] [0m
[32;1m[Board] [0m     a b c d e f g h
[32;1m[Board] [0m   -------------------
[32;1m[Board] [0m 8 ||[7;1m [0m| |[7;1m [0m| |[7;1m [0m|[30;1mr[0m|[30;1mK[0m| || 8
[32;1m[Board] [0m   -------------------
[32;1m[Board] [0m 7 || |[30;1mp[0m| |[7;1m [0m| |[30;1mp[0m| |[30;1mp[0m|| 7
[32;1m[Board] [0m   -------------------
[32;1m[Board] [0m 6 ||[7;1m [0m|[30;1mp[0m|[30;1mp[0m|[30;1mb[0m|[7;1m [0m| |[30;1mp[0m| || 6
[32;1m[Board] [0m   -------------------
[32;1m[Board] [0m 5 || |[7;1m [0m| |[7;1m [0m|[30;1mr[0m|[7;1m [0m| |[7;1m [0m|| 5
[32;1m[Board] [0m   -------------------
[32;1m[Board] [0m 4 ||[7;1m [0m| |[7;1m [0m| |[30;1mb[0m| |[7;1m [0m| || 4
[32;1m[Board] [0m   -------------------
[32;1m[Board] [0m 3 || |[7;1m [0m| |[7;1m [0m|[0;1mp[0m|[7;1m [0m| |[7;1m [0m|| 3
[32;1m[Board] [0m   -------------------
[32;1m[Board] [0m 2 ||[0;1mp[0m|[0;1mp[0m|[7;1m [0m|[0;1mp[0m|[0;1mr[0m|[0;1mK[0m|[7;1m [0m| || 2
[32;1m[Board] [0m   -------------------
[32;1m[Board] [0m 1 ||[0;1mr[0m|[7;1m [0m|[0;1mb[0m|[7;1m [0m| |[7;1m [0m| |[7;1m [0m|| 1
[32;1m[Board] [0m   -------------------
[32;1m[Board] [0m     a b c d e f g h
[32;1m[Board] [0m
[32;1m[Referee] [0mThis is the turn of the White player...
Position after history:

  +-----------------+
8 | . . . . . r k . |
7 | . p . . . p . p |
6 | . p p b . . p . |
5 | . . . . r . . . |
4 | . . . . b . . . |
3 | . . . . P . . . |
2 | P P . P R K . . |
1 | R . B . . . . . |
  +-----------------+
    a b c d e f g h
Side to move: White
Next move: e2e1 (score: -562)
[32;1m[Game] [0mPlayer's error code: 0
[32;1m[Game] [0mChecking move validity...
[32;1m[Board] [0mInitializing board (size: 8)...
[32;1m[Board] [0mLoading history file `championship/chesster-logic-and-proofs/history.csv`...
[32;1m[Board] [0mLoaded 70 move(s).
[32;1m[Board] [0mLoading move file `championship/chesster-logic-and-proofs/move.csv`...
[32;1m[Board] [0mWhite player is playing e2 to e1.
[32;1m[Board] [0m
[32;1m[Board] [0m     a b c d e f g h
[32;1m[Board] [0m   -------------------
[32;1m[Board] [0m 8 ||[7;1m [0m| |[7;1m [0m| |[7;1m [0m|[30;1mr[0m|[30;1mK[0m| || 8
[32;1m[Board] [0m   -------------------
[32;1m[Board] [0m 7 || |[30;1mp[0m| |[7;1m [0m| |[30;1mp[0m| |[30;1mp[0m|| 7
[32;1m[Board] [0m   -------------------
[32;1m[Board] [0m 6 ||[7;1m [0m|[30;1mp[0m|[30;1mp[0m|[30;1mb[0m|[7;1m [0m| |[30;1mp[0m| || 6
[32;1m[Board] [0m   -------------------
[32;1m[Board] [0m 5 || |[7;1m [0m| |[7;1m [0m|[30;1mr[0m|[7;1m [0m| |[7;1m [0m|| 5
[32;1m[Board] [0m   -------------------
[32;1m[Board] [0m 4 ||[7;1m [0m| |[7;1m [0m| |[30;1mb[0m| |[7;1m [0m| || 4
[32;1m[Board] [0m   -------------------
[32;1m[Board] [0m 3 || |[7;1m [0m| |[7;1m [0m|[0;1mp[0m|[7;1m [0m| |[7;1m [0m|| 3
[32;1m[Board] [0m   -------------------
[32;1m[Board] [0m 2 ||[0;1mp[0m|[0;1mp[0m|[7;1m [0m|[0;1mp[0m|[7;1m [0m|[0;1mK[0m|[7;1m [0m| || 2
[32;1m[Board] [0m   -------------------
[32;1m[Board] [0m 1 ||[0;1mr[0m|[7;1m [0m|[0;1mb[0m|[7;1m [0m|[0;1mr[0m|[7;1m [0m| |[7;1m [0m|| 1
[32;1m[Board] [0m   -------------------
[32;1m[Board] [0m     a b c d e f g h
[32;1m[Board] [0m
[32;1m[Referee] [0mThis is the turn of the Black player...
[DEBUG] Input history filename: championship/chesster-logic-and-proofs/history.csv
[DEBUG] Output move file: championship/chesster-logic-and-proofs/move.csv
[Parser][ply=] 71
how i see the board before writing next move: Turn: Black
Enpassant: xx	Castling: xxxx
   ---- ---- ---- ---- ---- ---- ---- ----
8 |    |    |    |    |    | r  | k  |    |
   ---- ---- ---- ---- ---- ---- ---- ----
7 |    | p  |    |    |    | p  |    | p  |
   ---- ---- ---- ---- ---- ---- ---- ----
6 |    | p  | p  | b  |    |    | p  |    |
   ---- ---- ---- ---- ---- ---- ---- ----
5 |    |    |    |    | r  |    |    |    |
   ---- ---- ---- ---- ---- ---- ---- ----
4 |    |    |    |    | b  |    |    |    |
   ---- ---- ---- ---- ---- ---- ---- ----
3 |    |    |    |    | P  |    |    |    |
   ---- ---- ---- ---- ---- ---- ---- ----
2 | P  | P  |    | P  |    | K  |    |    |
   ---- ---- ---- ---- ---- ---- ---- ----
1 | R  |    | B  |    | R  |    |    |    |
   ---- ---- ---- ---- ---- ---- ---- ----
    a    b    c    d    e    f    g    h
starting search...
depth: 1 score: 615 time: 0 nodes: 76 hashfull: 0
depth: 2 score: 608 time: 0 nodes: 512 hashfull: 0
depth: 3 score: 608 time: 0 nodes: 1261 hashfull: 0
depth: 4 score: 614 time: 4 nodes: 6065 hashfull: 0
depth: 5 score: 642 time: 8 nodes: 15018 hashfull: 0
depth: 6 score: 637 time: 31 nodes: 48465 hashfull: 2
depth: 7 score: 638 time: 132 nodes: 170883 hashfull: 5
depth: 8 score: 635 time: 306 nodes: 473735 hashfull: 15
depth: 9 score: 637 time: 745 nodes: 1262215 hashfull: 57
depth: 10 score: 639 time: 3413 nodes: 5976603 hashfull: 176
depth: 11 score: 642 time: 2559 nodes: 10203408 hashfull: 264
[DEBUG] [Parser] Wrote to ouput file championship/chesster-logic-and-proofs/move.csv move : e5h5
[32;1m[Game] [0mPlayer's error code: 0
[32;1m[Game] [0mChecking move validity...
[32;1m[Board] [0mInitializing board (size: 8)...
[32;1m[Board] [0mLoading history file `championship/chesster-logic-and-proofs/history.csv`...
[32;1m[Board] [0mLoaded 71 move(s).
[32;1m[Board] [0mLoading move file `championship/chesster-logic-and-proofs/move.csv`...
[32;1m[Board] [0mBlack player is playing e5 to h5.
[32;1m[Board] [0m
[32;1m[Board] [0m     a b c d e f g h
[32;1m[Board] [0m   -------------------
[32;1m[Board] [0m 8 ||[7;1m [0m| |[7;1m [0m| |[7;1m [0m|[30;1mr[0m|[30;1mK[0m| || 8
[32;1m[Board] [0m   -------------------
[32;1m[Board] [0m 7 || |[30;1mp[0m| |[7;1m [0m| |[30;1mp[0m| |[30;1mp[0m|| 7
[32;1m[Board] [0m   -------------------
[32;1m[Board] [0m 6 ||[7;1m [0m|[30;1mp[0m|[30;1mp[0m|[30;1mb[0m|[7;1m [0m| |[30;1mp[0m| || 6
[32;1m[Board] [0m   -------------------
[32;1m[Board] [0m 5 || |[7;1m [0m| |[7;1m [0m| |[7;1m [0m| |[30;1mr[0m|| 5
[32;1m[Board] [0m   -------------------
[32;1m[Board] [0m 4 ||[7;1m [0m| |[7;1m [0m| |[30;1mb[0m| |[7;1m [0m| || 4
[32;1m[Board] [0m   -------------------
[32;1m[Board] [0m 3 || |[7;1m [0m| |[7;1m [0m|[0;1mp[0m|[7;1m [0m| |[7;1m [0m|| 3
[32;1m[Board] [0m   -------------------
[32;1m[Board] [0m 2 ||[0;1mp[0m|[0;1mp[0m|[7;1m [0m|[0;1mp[0m|[7;1m [0m|[0;1mK[0m|[7;1m [0m| || 2
[32;1m[Board] [0m   -------------------
[32;1m[Board] [0m 1 ||[0;1mr[0m|[7;1m [0m|[0;1mb[0m|[7;1m [0m|[0;1mr[0m|[7;1m [0m| |[7;1m [0m|| 1
[32;1m[Board] [0m   -------------------
[32;1m[Board] [0m     a b c d e f g h
[32;1m[Board] [0m
[32;1m[Referee] [0mThis is the turn of the White player...
Position after history:

  +-----------------+
8 | . . . . . r k . |
7 | . p . . . p . p |
6 | . p p b . . p . |
5 | . . . . . . . r |
4 | . . . . b . . . |
3 | . . . . P . . . |
2 | P P . P . K . . |
1 | R . B . R . . . |
  +-----------------+
    a b c d e f g h
Side to move: White
Next move: e1d1 (score: -536)
[32;1m[Game] [0mPlayer's error code: 0
[32;1m[Game] [0mChecking move validity...
[32;1m[Board] [0mInitializing board (size: 8)...
[32;1m[Board] [0mLoading history file `championship/chesster-logic-and-proofs/history.csv`...
[32;1m[Board] [0mLoaded 72 move(s).
[32;1m[Board] [0mLoading move file `championship/chesster-logic-and-proofs/move.csv`...
[32;1m[Board] [0mWhite player is playing e1 to d1.
[32;1m[Board] [0m
[32;1m[Board] [0m     a b c d e f g h
[32;1m[Board] [0m   -------------------
[32;1m[Board] [0m 8 ||[7;1m [0m| |[7;1m [0m| |[7;1m [0m|[30;1mr[0m|[30;1mK[0m| || 8
[32;1m[Board] [0m   -------------------
[32;1m[Board] [0m 7 || |[30;1mp[0m| |[7;1m [0m| |[30;1mp[0m| |[30;1mp[0m|| 7
[32;1m[Board] [0m   -------------------
[32;1m[Board] [0m 6 ||[7;1m [0m|[30;1mp[0m|[30;1mp[0m|[30;1mb[0m|[7;1m [0m| |[30;1mp[0m| || 6
[32;1m[Board] [0m   -------------------
[32;1m[Board] [0m 5 || |[7;1m [0m| |[7;1m [0m| |[7;1m [0m| |[30;1mr[0m|| 5
[32;1m[Board] [0m   -------------------
[32;1m[Board] [0m 4 ||[7;1m [0m| |[7;1m [0m| |[30;1mb[0m| |[7;1m [0m| || 4
[32;1m[Board] [0m   -------------------
[32;1m[Board] [0m 3 || |[7;1m [0m| |[7;1m [0m|[0;1mp[0m|[7;1m [0m| |[7;1m [0m|| 3
[32;1m[Board] [0m   -------------------
[32;1m[Board] [0m 2 ||[0;1mp[0m|[0;1mp[0m|[7;1m [0m|[0;1mp[0m|[7;1m [0m|[0;1mK[0m|[7;1m [0m| || 2
[32;1m[Board] [0m   -------------------
[32;1m[Board] [0m 1 ||[0;1mr[0m|[7;1m [0m|[0;1mb[0m|[0;1mr[0m| |[7;1m [0m| |[7;1m [0m|| 1
[32;1m[Board] [0m   -------------------
[32;1m[Board] [0m     a b c d e f g h
[32;1m[Board] [0m
[32;1m[Referee] [0mThis is the turn of the Black player...
[DEBUG] Input history filename: championship/chesster-logic-and-proofs/history.csv
[DEBUG] Output move file: championship/chesster-logic-and-proofs/move.csv
[Parser][ply=] 73
how i see the board before writing next move: Turn: Black
Enpassant: xx	Castling: xxxx
   ---- ---- ---- ---- ---- ---- ---- ----
8 |    |    |    |    |    | r  | k  |    |
   ---- ---- ---- ---- ---- ---- ---- ----
7 |    | p  |    |    |    | p  |    | p  |
   ---- ---- ---- ---- ---- ---- ---- ----
6 |    | p  | p  | b  |    |    | p  |    |
   ---- ---- ---- ---- ---- ---- ---- ----
5 |    |    |    |    |    |    |    | r  |
   ---- ---- ---- ---- ---- ---- ---- ----
4 |    |    |    |    | b  |    |    |    |
   ---- ---- ---- ---- ---- ---- ---- ----
3 |    |    |    |    | P  |    |    |    |
   ---- ---- ---- ---- ---- ---- ---- ----
2 | P  | P  |    | P  |    | K  |    |    |
   ---- ---- ---- ---- ---- ---- ---- ----
1 | R  |    | B  | R  |    |    |    |    |
   ---- ---- ---- ---- ---- ---- ---- ----
    a    b    c    d    e    f    g    h
starting search...
depth: 1 score: 624 time: 0 nodes: 90 hashfull: 0
depth: 2 score: 620 time: 0 nodes: 206 hashfull: 0
depth: 3 score: 636 time: 0 nodes: 1359 hashfull: 0
depth: 4 score: 630 time: 3 nodes: 5747 hashfull: 0
depth: 5 score: 636 time: 5 nodes: 13207 hashfull: 0
depth: 6 score: 638 time: 20 nodes: 44416 hashfull: 2
depth: 7 score: 638 time: 101 nodes: 179130 hashfull: 6
depth: 8 score: 747 time: 150 nodes: 383681 hashfull: 12
depth: 9 score: 755 time: 495 nodes: 1144647 hashfull: 57
depth: 10 score: 751 time: 1629 nodes: 3901250 hashfull: 125
depth: 11 score: 751 time: 1984 nodes: 8501887 hashfull: 232
depth: 12 score: 99999 time: 1856 nodes: 12720337 hashfull: 297
[DEBUG] [Parser] Wrote to ouput file championship/chesster-logic-and-proofs/move.csv move : h5h2
[32;1m[Game] [0mPlayer's error code: 0
[32;1m[Game] [0mChecking move validity...
[32;1m[Board] [0mInitializing board (size: 8)...
[32;1m[Board] [0mLoading history file `championship/chesster-logic-and-proofs/history.csv`...
[32;1m[Board] [0mLoaded 73 move(s).
[32;1m[Board] [0mLoading move file `championship/chesster-logic-and-proofs/move.csv`...
[32;1m[Board] [0mBlack player is playing h5 to h2.
[32;1m[Board] [0m
[32;1m[Board] [0m     a b c d e f g h
[32;1m[Board] [0m   -------------------
[32;1m[Board] [0m 8 ||[7;1m [0m| |[7;1m [0m| |[7;1m [0m|[30;1mr[0m|[30;1mK[0m| || 8
[32;1m[Board] [0m   -------------------
[32;1m[Board] [0m 7 || |[30;1mp[0m| |[7;1m [0m| |[30;1mp[0m| |[30;1mp[0m|| 7
[32;1m[Board] [0m   -------------------
[32;1m[Board] [0m 6 ||[7;1m [0m|[30;1mp[0m|[30;1mp[0m|[30;1mb[0m|[7;1m [0m| |[30;1mp[0m| || 6
[32;1m[Board] [0m   -------------------
[32;1m[Board] [0m 5 || |[7;1m [0m| |[7;1m [0m| |[7;1m [0m| |[7;1m [0m|| 5
[32;1m[Board] [0m   -------------------
[32;1m[Board] [0m 4 ||[7;1m [0m| |[7;1m [0m| |[30;1mb[0m| |[7;1m [0m| || 4
[32;1m[Board] [0m   -------------------
[32;1m[Board] [0m 3 || |[7;1m [0m| |[7;1m [0m|[0;1mp[0m|[7;1m [0m| |[7;1m [0m|| 3
[32;1m[Board] [0m   -------------------
[32;1m[Board] [0m 2 ||[0;1mp[0m|[0;1mp[0m|[7;1m [0m|[0;1mp[0m|[7;1m [0m|[0;1mK[0m|[7;1m [0m|[30;1mr[0m|| 2
[32;1m[Board] [0m   -------------------
[32;1m[Board] [0m 1 ||[0;1mr[0m|[7;1m [0m|[0;1mb[0m|[0;1mr[0m| |[7;1m [0m| |[7;1m [0m|| 1
[32;1m[Board] [0m   -------------------
[32;1m[Board] [0m     a b c d e f g h
[32;1m[Board] [0m
[32;1m[Referee] [0mThis is the turn of the White player...
Position after history:

  +-----------------+
8 | . . . . . r k . |
7 | . p . . . p . p |
6 | . p p b . . p . |
5 | . . . . . . . . |
4 | . . . . b . . . |
3 | . . . . P . . . |
2 | P P . P . K . r |
1 | R . B R . . . . |
  +-----------------+
    a b c d e f g h
Side to move: White
Next move: f2f1 (score: -671)
[32;1m[Game] [0mPlayer's error code: 0
[32;1m[Game] [0mChecking move validity...
[32;1m[Board] [0mInitializing board (size: 8)...
[32;1m[Board] [0mLoading history file `championship/chesster-logic-and-proofs/history.csv`...
[32;1m[Board] [0mLoaded 74 move(s).
[32;1m[Board] [0mLoading move file `championship/chesster-logic-and-proofs/move.csv`...
[32;1m[Board] [0mWhite player is playing f2 to f1.
[32;1m[Board] [0m
[32;1m[Board] [0m     a b c d e f g h
[32;1m[Board] [0m   -------------------
[32;1m[Board] [0m 8 ||[7;1m [0m| |[7;1m [0m| |[7;1m [0m|[30;1mr[0m|[30;1mK[0m| || 8
[32;1m[Board] [0m   -------------------
[32;1m[Board] [0m 7 || |[30;1mp[0m| |[7;1m [0m| |[30;1mp[0m| |[30;1mp[0m|| 7
[32;1m[Board] [0m   -------------------
[32;1m[Board] [0m 6 ||[7;1m [0m|[30;1mp[0m|[30;1mp[0m|[30;1mb[0m|[7;1m [0m| |[30;1mp[0m| || 6
[32;1m[Board] [0m   -------------------
[32;1m[Board] [0m 5 || |[7;1m [0m| |[7;1m [0m| |[7;1m [0m| |[7;1m [0m|| 5
[32;1m[Board] [0m   -------------------
[32;1m[Board] [0m 4 ||[7;1m [0m| |[7;1m [0m| |[30;1mb[0m| |[7;1m [0m| || 4
[32;1m[Board] [0m   -------------------
[32;1m[Board] [0m 3 || |[7;1m [0m| |[7;1m [0m|[0;1mp[0m|[7;1m [0m| |[7;1m [0m|| 3
[32;1m[Board] [0m   -------------------
[32;1m[Board] [0m 2 ||[0;1mp[0m|[0;1mp[0m|[7;1m [0m|[0;1mp[0m|[7;1m [0m| |[7;1m [0m|[30;1mr[0m|| 2
[32;1m[Board] [0m   -------------------
[32;1m[Board] [0m 1 ||[0;1mr[0m|[7;1m [0m|[0;1mb[0m|[0;1mr[0m| |[0;1mK[0m| |[7;1m [0m|| 1
[32;1m[Board] [0m   -------------------
[32;1m[Board] [0m     a b c d e f g h
[32;1m[Board] [0m
[32;1m[Referee] [0mThis is the turn of the Black player...
[DEBUG] Input history filename: championship/chesster-logic-and-proofs/history.csv
[DEBUG] Output move file: championship/chesster-logic-and-proofs/move.csv
[Parser][ply=] 75
how i see the board before writing next move: Turn: Black
Enpassant: xx	Castling: xxxx
   ---- ---- ---- ---- ---- ---- ---- ----
8 |    |    |    |    |    | r  | k  |    |
   ---- ---- ---- ---- ---- ---- ---- ----
7 |    | p  |    |    |    | p  |    | p  |
   ---- ---- ---- ---- ---- ---- ---- ----
6 |    | p  | p  | b  |    |    | p  |    |
   ---- ---- ---- ---- ---- ---- ---- ----
5 |    |    |    |    |    |    |    |    |
   ---- ---- ---- ---- ---- ---- ---- ----
4 |    |    |    |    | b  |    |    |    |
   ---- ---- ---- ---- ---- ---- ---- ----
3 |    |    |    |    | P  |    |    |    |
   ---- ---- ---- ---- ---- ---- ---- ----
2 | P  | P  |    | P  |    |    |    | r  |
   ---- ---- ---- ---- ---- ---- ---- ----
1 | R  |    | B  | R  |    | K  |    |    |
   ---- ---- ---- ---- ---- ---- ---- ----
    a    b    c    d    e    f    g    h
starting search...
depth: 1 score: 648 time: 0 nodes: 88 hashfull: 0
depth: 2 score: 634 time: 0 nodes: 482 hashfull: 0
depth: 3 score: 642 time: 0 nodes: 2006 hashfull: 0
depth: 4 score: 638 time: 3 nodes: 9324 hashfull: 0
depth: 5 score: 650 time: 5 nodes: 21795 hashfull: 0
depth: 6 score: 747 time: 15 nodes: 57071 hashfull: 2
depth: 7 score: 755 time: 50 nodes: 160725 hashfull: 6
depth: 8 score: 751 time: 90 nodes: 361020 hashfull: 13
depth: 9 score: 99999 time: 294 nodes: 1086708 hashfull: 56
[DEBUG] [Parser] Wrote to ouput file championship/chesster-logic-and-proofs/move.csv move : e4f3
[32;1m[Game] [0mPlayer's error code: 0
[32;1m[Game] [0mChecking move validity...
[32;1m[Board] [0mInitializing board (size: 8)...
[32;1m[Board] [0mLoading history file `championship/chesster-logic-and-proofs/history.csv`...
[32;1m[Board] [0mLoaded 75 move(s).
[32;1m[Board] [0mLoading move file `championship/chesster-logic-and-proofs/move.csv`...
[32;1m[Board] [0mBlack player is playing e4 to f3.
[32;1m[Board] [0m
[32;1m[Board] [0m     a b c d e f g h
[32;1m[Board] [0m   -------------------
[32;1m[Board] [0m 8 ||[7;1m [0m| |[7;1m [0m| |[7;1m [0m|[30;1mr[0m|[30;1mK[0m| || 8
[32;1m[Board] [0m   -------------------
[32;1m[Board] [0m 7 || |[30;1mp[0m| |[7;1m [0m| |[30;1mp[0m| |[30;1mp[0m|| 7
[32;1m[Board] [0m   -------------------
[32;1m[Board] [0m 6 ||[7;1m [0m|[30;1mp[0m|[30;1mp[0m|[30;1mb[0m|[7;1m [0m| |[30;1mp[0m| || 6
[32;1m[Board] [0m   -------------------
[32;1m[Board] [0m 5 || |[7;1m [0m| |[7;1m [0m| |[7;1m [0m| |[7;1m [0m|| 5
[32;1m[Board] [0m   -------------------
[32;1m[Board] [0m 4 ||[7;1m [0m| |[7;1m [0m| |[7;1m [0m| |[7;1m [0m| || 4
[32;1m[Board] [0m   -------------------
[32;1m[Board] [0m 3 || |[7;1m [0m| |[7;1m [0m|[0;1mp[0m|[30;1mb[0m| |[7;1m [0m|| 3
[32;1m[Board] [0m   -------------------
[32;1m[Board] [0m 2 ||[0;1mp[0m|[0;1mp[0m|[7;1m [0m|[0;1mp[0m|[7;1m [0m| |[7;1m [0m|[30;1mr[0m|| 2
[32;1m[Board] [0m   -------------------
[32;1m[Board] [0m 1 ||[0;1mr[0m|[7;1m [0m|[0;1mb[0m|[0;1mr[0m| |[0;1mK[0m| |[7;1m [0m|| 1
[32;1m[Board] [0m   -------------------
[32;1m[Board] [0m     a b c d e f g h
[32;1m[Board] [0m
[32;1m[Referee] [0mThis is the turn of the White player...
Position after history:

  +-----------------+
8 | . . . . . r k . |
7 | . p . . . p . p |
6 | . p p b . . p . |
5 | . . . . . . . . |
4 | . . . . . . . . |
3 | . . . . P b . . |
2 | P P . P . . . r |
1 | R . B R . K . . |
  +-----------------+
    a b c d e f g h
Side to move: White
Next move: d1e1 (score: -2147483646)
[32;1m[Game] [0mPlayer's error code: 0
[32;1m[Game] [0mChecking move validity...
[32;1m[Board] [0mInitializing board (size: 8)...
[32;1m[Board] [0mLoading history file `championship/chesster-logic-and-proofs/history.csv`...
[32;1m[Board] [0mLoaded 76 move(s).
[32;1m[Board] [0mLoading move file `championship/chesster-logic-and-proofs/move.csv`...
[32;1m[Board] [0mWhite player is playing d1 to e1.
[32;1m[Board] [0m
[32;1m[Board] [0m     a b c d e f g h
[32;1m[Board] [0m   -------------------
[32;1m[Board] [0m 8 ||[7;1m [0m| |[7;1m [0m| |[7;1m [0m|[30;1mr[0m|[30;1mK[0m| || 8
[32;1m[Board] [0m   -------------------
[32;1m[Board] [0m 7 || |[30;1mp[0m| |[7;1m [0m| |[30;1mp[0m| |[30;1mp[0m|| 7
[32;1m[Board] [0m   -------------------
[32;1m[Board] [0m 6 ||[7;1m [0m|[30;1mp[0m|[30;1mp[0m|[30;1mb[0m|[7;1m [0m| |[30;1mp[0m| || 6
[32;1m[Board] [0m   -------------------
[32;1m[Board] [0m 5 || |[7;1m [0m| |[7;1m [0m| |[7;1m [0m| |[7;1m [0m|| 5
[32;1m[Board] [0m   -------------------
[32;1m[Board] [0m 4 ||[7;1m [0m| |[7;1m [0m| |[7;1m [0m| |[7;1m [0m| || 4
[32;1m[Board] [0m   -------------------
[32;1m[Board] [0m 3 || |[7;1m [0m| |[7;1m [0m|[0;1mp[0m|[30;1mb[0m| |[7;1m [0m|| 3
[32;1m[Board] [0m   -------------------
[32;1m[Board] [0m 2 ||[0;1mp[0m|[0;1mp[0m|[7;1m [0m|[0;1mp[0m|[7;1m [0m| |[7;1m [0m|[30;1mr[0m|| 2
[32;1m[Board] [0m   -------------------
[32;1m[Board] [0m 1 ||[0;1mr[0m|[7;1m [0m|[0;1mb[0m|[7;1m [0m|[0;1mr[0m|[0;1mK[0m| |[7;1m [0m|| 1
[32;1m[Board] [0m   -------------------
[32;1m[Board] [0m     a b c d e f g h
[32;1m[Board] [0m
[32;1m[Referee] [0mThis is the turn of the Black player...
[DEBUG] Input history filename: championship/chesster-logic-and-proofs/history.csv
[DEBUG] Output move file: championship/chesster-logic-and-proofs/move.csv
[Parser][ply=] 77
how i see the board before writing next move: Turn: Black
Enpassant: xx	Castling: xxxx
   ---- ---- ---- ---- ---- ---- ---- ----
8 |    |    |    |    |    | r  | k  |    |
   ---- ---- ---- ---- ---- ---- ---- ----
7 |    | p  |    |    |    | p  |    | p  |
   ---- ---- ---- ---- ---- ---- ---- ----
6 |    | p  | p  | b  |    |    | p  |    |
   ---- ---- ---- ---- ---- ---- ---- ----
5 |    |    |    |    |    |    |    |    |
   ---- ---- ---- ---- ---- ---- ---- ----
4 |    |    |    |    |    |    |    |    |
   ---- ---- ---- ---- ---- ---- ---- ----
3 |    |    |    |    | P  | b  |    |    |
   ---- ---- ---- ---- ---- ---- ---- ----
2 | P  | P  |    | P  |    |    |    | r  |
   ---- ---- ---- ---- ---- ---- ---- ----
1 | R  |    | B  |    | R  | K  |    |    |
   ---- ---- ---- ---- ---- ---- ---- ----
    a    b    c    d    e    f    g    h
starting search...
depth: 1 score: 642 time: 0 nodes: 89 hashfull: 0
depth: 2 score: 628 time: 0 nodes: 571 hashfull: 0
depth: 3 score: 637 time: 0 nodes: 1583 hashfull: 0
depth: 4 score: 669 time: 2 nodes: 6681 hashfull: 0
depth: 5 score: 99999 time: 4 nodes: 16490 hashfull: 0
[DEBUG] [Parser] Wrote to ouput file championship/chesster-logic-and-proofs/move.csv move : d6g3
[32;1m[Game] [0mPlayer's error code: 0
[32;1m[Game] [0mChecking move validity...
[32;1m[Board] [0mInitializing board (size: 8)...
[32;1m[Board] [0mLoading history file `championship/chesster-logic-and-proofs/history.csv`...
[32;1m[Board] [0mLoaded 77 move(s).
[32;1m[Board] [0mLoading move file `championship/chesster-logic-and-proofs/move.csv`...
[32;1m[Board] [0mBlack player is playing d6 to g3.
[32;1m[Board] [0m
[32;1m[Board] [0m     a b c d e f g h
[32;1m[Board] [0m   -------------------
[32;1m[Board] [0m 8 ||[7;1m [0m| |[7;1m [0m| |[7;1m [0m|[30;1mr[0m|[30;1mK[0m| || 8
[32;1m[Board] [0m   -------------------
[32;1m[Board] [0m 7 || |[30;1mp[0m| |[7;1m [0m| |[30;1mp[0m| |[30;1mp[0m|| 7
[32;1m[Board] [0m   -------------------
[32;1m[Board] [0m 6 ||[7;1m [0m|[30;1mp[0m|[30;1mp[0m| |[7;1m [0m| |[30;1mp[0m| || 6
[32;1m[Board] [0m   -------------------
[32;1m[Board] [0m 5 || |[7;1m [0m| |[7;1m [0m| |[7;1m [0m| |[7;1m [0m|| 5
[32;1m[Board] [0m   -------------------
[32;1m[Board] [0m 4 ||[7;1m [0m| |[7;1m [0m| |[7;1m [0m| |[7;1m [0m| || 4
[32;1m[Board] [0m   -------------------
[32;1m[Board] [0m 3 || |[7;1m [0m| |[7;1m [0m|[0;1mp[0m|[30;1mb[0m|[30;1mb[0m|[7;1m [0m|| 3
[32;1m[Board] [0m   -------------------
[32;1m[Board] [0m 2 ||[0;1mp[0m|[0;1mp[0m|[7;1m [0m|[0;1mp[0m|[7;1m [0m| |[7;1m [0m|[30;1mr[0m|| 2
[32;1m[Board] [0m   -------------------
[32;1m[Board] [0m 1 ||[0;1mr[0m|[7;1m [0m|[0;1mb[0m|[7;1m [0m|[0;1mr[0m|[0;1mK[0m| |[7;1m [0m|| 1
[32;1m[Board] [0m   -------------------
[32;1m[Board] [0m     a b c d e f g h
[32;1m[Board] [0m
[32;1m[Referee] [0mThis is the turn of the White player...
Position after history:

  +-----------------+
8 | . . . . . r k . |
7 | . p . . . p . p |
6 | . p p . . . p . |
5 | . . . . . . . . |
4 | . . . . . . . . |
3 | . . . . P b b . |
2 | P P . P . . . r |
1 | R . B . R K . . |
  +-----------------+
    a b c d e f g h
Side to move: White
Next move: f1g1 (score: -2147483646)
[32;1m[Game] [0mPlayer's error code: 0
[32;1m[Game] [0mChecking move validity...
[32;1m[Board] [0mInitializing board (size: 8)...
[32;1m[Board] [0mLoading history file `championship/chesster-logic-and-proofs/history.csv`...
[32;1m[Board] [0mLoaded 78 move(s).
[32;1m[Board] [0mLoading move file `championship/chesster-logic-and-proofs/move.csv`...
[32;1m[Board] [0mWhite player is playing f1 to g1.
[32;1m[Board] [0m
[32;1m[Board] [0m     a b c d e f g h
[32;1m[Board] [0m   -------------------
[32;1m[Board] [0m 8 ||[7;1m [0m| |[7;1m [0m| |[7;1m [0m|[30;1mr[0m|[30;1mK[0m| || 8
[32;1m[Board] [0m   -------------------
[32;1m[Board] [0m 7 || |[30;1mp[0m| |[7;1m [0m| |[30;1mp[0m| |[30;1mp[0m|| 7
[32;1m[Board] [0m   -------------------
[32;1m[Board] [0m 6 ||[7;1m [0m|[30;1mp[0m|[30;1mp[0m| |[7;1m [0m| |[30;1mp[0m| || 6
[32;1m[Board] [0m   -------------------
[32;1m[Board] [0m 5 || |[7;1m [0m| |[7;1m [0m| |[7;1m [0m| |[7;1m [0m|| 5
[32;1m[Board] [0m   -------------------
[32;1m[Board] [0m 4 ||[7;1m [0m| |[7;1m [0m| |[7;1m [0m| |[7;1m [0m| || 4
[32;1m[Board] [0m   -------------------
[32;1m[Board] [0m 3 || |[7;1m [0m| |[7;1m [0m|[0;1mp[0m|[30;1mb[0m|[30;1mb[0m|[7;1m [0m|| 3
[32;1m[Board] [0m   -------------------
[32;1m[Board] [0m 2 ||[0;1mp[0m|[0;1mp[0m|[7;1m [0m|[0;1mp[0m|[7;1m [0m| |[7;1m [0m|[30;1mr[0m|| 2
[32;1m[Board] [0m   -------------------
[32;1m[Board] [0m 1 ||[0;1mr[0m|[7;1m [0m|[0;1mb[0m|[7;1m [0m|[0;1mr[0m|[7;1m [0m|[0;1mK[0m|[7;1m [0m|| 1
[32;1m[Board] [0m   -------------------
[32;1m[Board] [0m     a b c d e f g h
[32;1m[Board] [0m
[32;1m[Referee] [0mThis is the turn of the Black player...
[DEBUG] Input history filename: championship/chesster-logic-and-proofs/history.csv
[DEBUG] Output move file: championship/chesster-logic-and-proofs/move.csv
[Parser][ply=] 79
how i see the board before writing next move: Turn: Black
Enpassant: xx	Castling: xxxx
   ---- ---- ---- ---- ---- ---- ---- ----
8 |    |    |    |    |    | r  | k  |    |
   ---- ---- ---- ---- ---- ---- ---- ----
7 |    | p  |    |    |    | p  |    | p  |
   ---- ---- ---- ---- ---- ---- ---- ----
6 |    | p  | p  |    |    |    | p  |    |
   ---- ---- ---- ---- ---- ---- ---- ----
5 |    |    |    |    |    |    |    |    |
   ---- ---- ---- ---- ---- ---- ---- ----
4 |    |    |    |    |    |    |    |    |
   ---- ---- ---- ---- ---- ---- ---- ----
3 |    |    |    |    | P  | b  | b  |    |
   ---- ---- ---- ---- ---- ---- ---- ----
2 | P  | P  |    | P  |    |    |    | r  |
   ---- ---- ---- ---- ---- ---- ---- ----
1 | R  |    | B  |    | R  |    | K  |    |
   ---- ---- ---- ---- ---- ---- ---- ----
    a    b    c    d    e    f    g    h
starting search...
depth: 1 score: 629 time: 0 nodes: 101 hashfull: 0
depth: 2 score: 621 time: 0 nodes: 390 hashfull: 0
depth: 3 score: 99999 time: 0 nodes: 1024 hashfull: 0
[DEBUG] [Parser] Wrote to ouput file championship/chesster-logic-and-proofs/move.csv move : h2h1
[32;1m[Game] [0mPlayer's error code: 0
[32;1m[Game] [0mChecking move validity...
[32;1m[Board] [0mInitializing board (size: 8)...
[32;1m[Board] [0mLoading history file `championship/chesster-logic-and-proofs/history.csv`...
[32;1m[Board] [0mLoaded 79 move(s).
[32;1m[Board] [0mLoading move file `championship/chesster-logic-and-proofs/move.csv`...
[32;1m[Board] [0mBlack player is playing h2 to h1.
[32;1m[Board] [0m
[32;1m[Board] [0m     a b c d e f g h
[32;1m[Board] [0m   -------------------
[32;1m[Board] [0m 8 ||[7;1m [0m| |[7;1m [0m| |[7;1m [0m|[30;1mr[0m|[30;1mK[0m| || 8
[32;1m[Board] [0m   -------------------
[32;1m[Board] [0m 7 || |[30;1mp[0m| |[7;1m [0m| |[30;1mp[0m| |[30;1mp[0m|| 7
[32;1m[Board] [0m   -------------------
[32;1m[Board] [0m 6 ||[7;1m [0m|[30;1mp[0m|[30;1mp[0m| |[7;1m [0m| |[30;1mp[0m| || 6
[32;1m[Board] [0m   -------------------
[32;1m[Board] [0m 5 || |[7;1m [0m| |[7;1m [0m| |[7;1m [0m| |[7;1m [0m|| 5
[32;1m[Board] [0m   -------------------
[32;1m[Board] [0m 4 ||[7;1m [0m| |[7;1m [0m| |[7;1m [0m| |[7;1m [0m| || 4
[32;1m[Board] [0m   -------------------
[32;1m[Board] [0m 3 || |[7;1m [0m| |[7;1m [0m|[0;1mp[0m|[30;1mb[0m|[30;1mb[0m|[7;1m [0m|| 3
[32;1m[Board] [0m   -------------------
[32;1m[Board] [0m 2 ||[0;1mp[0m|[0;1mp[0m|[7;1m [0m|[0;1mp[0m|[7;1m [0m| |[7;1m [0m| || 2
[32;1m[Board] [0m   -------------------
[32;1m[Board] [0m 1 ||[0;1mr[0m|[7;1m [0m|[0;1mb[0m|[7;1m [0m|[0;1mr[0m|[7;1m [0m|[0;1mK[0m|[30;1mr[0m|| 1
[32;1m[Board] [0m   -------------------
[32;1m[Board] [0m     a b c d e f g h
[32;1m[Board] [0m
[32;1m[Referee] [0mThis is the turn of the White player...
