[32;1m[Board] [0mInitializing board (size: 8)...
[32;1m[Board] [0m
[32;1m[Board] [0m     a b c d e f g h
[32;1m[Board] [0m   -------------------
[32;1m[Board] [0m 8 ||[30;1mr[0m|[30;1mk[0m|[30;1mb[0m|[30;1mQ[0m|[30;1mK[0m|[30;1mb[0m|[30;1mk[0m|[30;1mr[0m|| 8
[32;1m[Board] [0m   -------------------
[32;1m[Board] [0m 7 ||[30;1mp[0m|[30;1mp[0m|[30;1mp[0m|[30;1mp[0m|[30;1mp[0m|[30;1mp[0m|[30;1mp[0m|[30;1mp[0m|| 7
[32;1m[Board] [0m   -------------------
[32;1m[Board] [0m 6 ||[7;1m [0m| |[7;1m [0m| |[7;1m [0m| |[7;1m [0m| || 6
[32;1m[Board] [0m   -------------------
[32;1m[Board] [0m 5 || |[7;1m [0m| |[7;1m [0m| |[7;1m [0m| |[7;1m [0m|| 5
[32;1m[Board] [0m   -------------------
[32;1m[Board] [0m 4 ||[7;1m [0m| |[7;1m [0m| |[7;1m [0m| |[7;1m [0m| || 4
[32;1m[Board] [0m   -------------------
[32;1m[Board] [0m 3 || |[7;1m [0m| |[7;1m [0m| |[7;1m [0m| |[7;1m [0m|| 3
[32;1m[Board] [0m   -------------------
[32;1m[Board] [0m 2 ||[0;1mp[0m|[0;1mp[0m|[0;1mp[0m|[0;1mp[0m|[0;1mp[0m|[0;1mp[0m|[0;1mp[0m|[0;1mp[0m|| 2
[32;1m[Board] [0m   -------------------
[32;1m[Board] [0m 1 ||[0;1mr[0m|[0;1mk[0m|[0;1mb[0m|[0;1mQ[0m|[0;1mK[0m|[0;1mb[0m|[0;1mk[0m|[0;1mr[0m|| 1
[32;1m[Board] [0m   -------------------
[32;1m[Board] [0m     a b c d e f g h
[32;1m[Board] [0m
[32;1m[Referee] [0mThis is the turn of the White player...
Chess engine starting...
Hash OK after replay.
Book move found!
move played: e2e4
in coordinates: from (6,4) to (4,4)
Appending move to history file 

[32;1m[Game] [0mPlayer's error code: 256
[32;1m[Game] [0mChecking move validity...
[32;1m[Board] [0mInitializing board (size: 8)...
[32;1m[Board] [0mLoading history file `championship/chess-engine3-stonkfish/history.csv`...
[32;1m[Board] [0mLoaded 0 move(s).
[32;1m[Board] [0mLoading move file `championship/chess-engine3-stonkfish/move.csv`...
[32;1m[Board] [0mWhite player is playing e2 to e4.
[32;1m[Board] [0m
[32;1m[Board] [0m     a b c d e f g h
[32;1m[Board] [0m   -------------------
[32;1m[Board] [0m 8 ||[30;1mr[0m|[30;1mk[0m|[30;1mb[0m|[30;1mQ[0m|[30;1mK[0m|[30;1mb[0m|[30;1mk[0m|[30;1mr[0m|| 8
[32;1m[Board] [0m   -------------------
[32;1m[Board] [0m 7 ||[30;1mp[0m|[30;1mp[0m|[30;1mp[0m|[30;1mp[0m|[30;1mp[0m|[30;1mp[0m|[30;1mp[0m|[30;1mp[0m|| 7
[32;1m[Board] [0m   -------------------
[32;1m[Board] [0m 6 ||[7;1m [0m| |[7;1m [0m| |[7;1m [0m| |[7;1m [0m| || 6
[32;1m[Board] [0m   -------------------
[32;1m[Board] [0m 5 || |[7;1m [0m| |[7;1m [0m| |[7;1m [0m| |[7;1m [0m|| 5
[32;1m[Board] [0m   -------------------
[32;1m[Board] [0m 4 ||[7;1m [0m| |[7;1m [0m| |[0;1mp[0m| |[7;1m [0m| || 4
[32;1m[Board] [0m   -------------------
[32;1m[Board] [0m 3 || |[7;1m [0m| |[7;1m [0m| |[7;1m [0m| |[7;1m [0m|| 3
[32;1m[Board] [0m   -------------------
[32;1m[Board] [0m 2 ||[0;1mp[0m|[0;1mp[0m|[0;1mp[0m|[0;1mp[0m|[7;1m [0m|[0;1mp[0m|[0;1mp[0m|[0;1mp[0m|| 2
[32;1m[Board] [0m   -------------------
[32;1m[Board] [0m 1 ||[0;1mr[0m|[0;1mk[0m|[0;1mb[0m|[0;1mQ[0m|[0;1mK[0m|[0;1mb[0m|[0;1mk[0m|[0;1mr[0m|| 1
[32;1m[Board] [0m   -------------------
[32;1m[Board] [0m     a b c d e f g h
[32;1m[Board] [0m
[32;1m[Referee] [0mThis is the turn of the Black player...
[32;1m[Game] [0mPlayer's error code: 0
[32;1m[Game] [0mChecking move validity...
[32;1m[Board] [0mInitializing board (size: 8)...
[32;1m[Board] [0mLoading history file `championship/chess-engine3-stonkfish/history.csv`...
[32;1m[Board] [0mLoaded 1 move(s).
[32;1m[Board] [0mLoading move file `championship/chess-engine3-stonkfish/move.csv`...
[32;1m[Board] [0mBlack player is playing a7 to a6.
[32;1m[Board] [0m
[32;1m[Board] [0m     a b c d e f g h
[32;1m[Board] [0m   -------------------
[32;1m[Board] [0m 8 ||[30;1mr[0m|[30;1mk[0m|[30;1mb[0m|[30;1mQ[0m|[30;1mK[0m|[30;1mb[0m|[30;1mk[0m|[30;1mr[0m|| 8
[32;1m[Board] [0m   -------------------
[32;1m[Board] [0m 7 || |[30;1mp[0m|[30;1mp[0m|[30;1mp[0m|[30;1mp[0m|[30;1mp[0m|[30;1mp[0m|[30;1mp[0m|| 7
[32;1m[Board] [0m   -------------------
[32;1m[Board] [0m 6 ||[30;1mp[0m| |[7;1m [0m| |[7;1m [0m| |[7;1m [0m| || 6
[32;1m[Board] [0m   -------------------
[32;1m[Board] [0m 5 || |[7;1m [0m| |[7;1m [0m| |[7;1m [0m| |[7;1m [0m|| 5
[32;1m[Board] [0m   -------------------
[32;1m[Board] [0m 4 ||[7;1m [0m| |[7;1m [0m| |[0;1mp[0m| |[7;1m [0m| || 4
[32;1m[Board] [0m   -------------------
[32;1m[Board] [0m 3 || |[7;1m [0m| |[7;1m [0m| |[7;1m [0m| |[7;1m [0m|| 3
[32;1m[Board] [0m   -------------------
[32;1m[Board] [0m 2 ||[0;1mp[0m|[0;1mp[0m|[0;1mp[0m|[0;1mp[0m|[7;1m [0m|[0;1mp[0m|[0;1mp[0m|[0;1mp[0m|| 2
[32;1m[Board] [0m   -------------------
[32;1m[Board] [0m 1 ||[0;1mr[0m|[0;1mk[0m|[0;1mb[0m|[0;1mQ[0m|[0;1mK[0m|[0;1mb[0m|[0;1mk[0m|[0;1mr[0m|| 1
[32;1m[Board] [0m   -------------------
[32;1m[Board] [0m     a b c d e f g h
[32;1m[Board] [0m
[32;1m[Referee] [0mThis is the turn of the White player...
Chess engine starting...
Hash OK after replay.
Book move found!
move played: d2d4
in coordinates: from (6,3) to (4,3)
Appending move to history file 

[32;1m[Game] [0mPlayer's error code: 256
[32;1m[Game] [0mChecking move validity...
[32;1m[Board] [0mInitializing board (size: 8)...
[32;1m[Board] [0mLoading history file `championship/chess-engine3-stonkfish/history.csv`...
[32;1m[Board] [0mLoaded 2 move(s).
[32;1m[Board] [0mLoading move file `championship/chess-engine3-stonkfish/move.csv`...
[32;1m[Board] [0mWhite player is playing d2 to d4.
[32;1m[Board] [0m
[32;1m[Board] [0m     a b c d e f g h
[32;1m[Board] [0m   -------------------
[32;1m[Board] [0m 8 ||[30;1mr[0m|[30;1mk[0m|[30;1mb[0m|[30;1mQ[0m|[30;1mK[0m|[30;1mb[0m|[30;1mk[0m|[30;1mr[0m|| 8
[32;1m[Board] [0m   -------------------
[32;1m[Board] [0m 7 || |[30;1mp[0m|[30;1mp[0m|[30;1mp[0m|[30;1mp[0m|[30;1mp[0m|[30;1mp[0m|[30;1mp[0m|| 7
[32;1m[Board] [0m   -------------------
[32;1m[Board] [0m 6 ||[30;1mp[0m| |[7;1m [0m| |[7;1m [0m| |[7;1m [0m| || 6
[32;1m[Board] [0m   -------------------
[32;1m[Board] [0m 5 || |[7;1m [0m| |[7;1m [0m| |[7;1m [0m| |[7;1m [0m|| 5
[32;1m[Board] [0m   -------------------
[32;1m[Board] [0m 4 ||[7;1m [0m| |[7;1m [0m|[0;1mp[0m|[0;1mp[0m| |[7;1m [0m| || 4
[32;1m[Board] [0m   -------------------
[32;1m[Board] [0m 3 || |[7;1m [0m| |[7;1m [0m| |[7;1m [0m| |[7;1m [0m|| 3
[32;1m[Board] [0m   -------------------
[32;1m[Board] [0m 2 ||[0;1mp[0m|[0;1mp[0m|[0;1mp[0m| |[7;1m [0m|[0;1mp[0m|[0;1mp[0m|[0;1mp[0m|| 2
[32;1m[Board] [0m   -------------------
[32;1m[Board] [0m 1 ||[0;1mr[0m|[0;1mk[0m|[0;1mb[0m|[0;1mQ[0m|[0;1mK[0m|[0;1mb[0m|[0;1mk[0m|[0;1mr[0m|| 1
[32;1m[Board] [0m   -------------------
[32;1m[Board] [0m     a b c d e f g h
[32;1m[Board] [0m
[32;1m[Referee] [0mThis is the turn of the Black player...
[32;1m[Game] [0mPlayer's error code: 0
[32;1m[Game] [0mChecking move validity...
[32;1m[Board] [0mInitializing board (size: 8)...
[32;1m[Board] [0mLoading history file `championship/chess-engine3-stonkfish/history.csv`...
[32;1m[Board] [0mLoaded 3 move(s).
[32;1m[Board] [0mLoading move file `championship/chess-engine3-stonkfish/move.csv`...
[32;1m[Board] [0mBlack player is playing a6 to a5.
[32;1m[Board] [0m
[32;1m[Board] [0m     a b c d e f g h
[32;1m[Board] [0m   -------------------
[32;1m[Board] [0m 8 ||[30;1mr[0m|[30;1mk[0m|[30;1mb[0m|[30;1mQ[0m|[30;1mK[0m|[30;1mb[0m|[30;1mk[0m|[30;1mr[0m|| 8
[32;1m[Board] [0m   -------------------
[32;1m[Board] [0m 7 || |[30;1mp[0m|[30;1mp[0m|[30;1mp[0m|[30;1mp[0m|[30;1mp[0m|[30;1mp[0m|[30;1mp[0m|| 7
[32;1m[Board] [0m   -------------------
[32;1m[Board] [0m 6 ||[7;1m [0m| |[7;1m [0m| |[7;1m [0m| |[7;1m [0m| || 6
[32;1m[Board] [0m   -------------------
[32;1m[Board] [0m 5 ||[30;1mp[0m|[7;1m [0m| |[7;1m [0m| |[7;1m [0m| |[7;1m [0m|| 5
[32;1m[Board] [0m   -------------------
[32;1m[Board] [0m 4 ||[7;1m [0m| |[7;1m [0m|[0;1mp[0m|[0;1mp[0m| |[7;1m [0m| || 4
[32;1m[Board] [0m   -------------------
[32;1m[Board] [0m 3 || |[7;1m [0m| |[7;1m [0m| |[7;1m [0m| |[7;1m [0m|| 3
[32;1m[Board] [0m   -------------------
[32;1m[Board] [0m 2 ||[0;1mp[0m|[0;1mp[0m|[0;1mp[0m| |[7;1m [0m|[0;1mp[0m|[0;1mp[0m|[0;1mp[0m|| 2
[32;1m[Board] [0m   -------------------
[32;1m[Board] [0m 1 ||[0;1mr[0m|[0;1mk[0m|[0;1mb[0m|[0;1mQ[0m|[0;1mK[0m|[0;1mb[0m|[0;1mk[0m|[0;1mr[0m|| 1
[32;1m[Board] [0m   -------------------
[32;1m[Board] [0m     a b c d e f g h
[32;1m[Board] [0m
[32;1m[Referee] [0mThis is the turn of the White player...
Chess engine starting...
Hash OK after replay.
move played: b1c3
in coordinates: from (7,1) to (5,2)
Appending move to history file 

[32;1m[Game] [0mPlayer's error code: 256
[32;1m[Game] [0mChecking move validity...
[32;1m[Board] [0mInitializing board (size: 8)...
[32;1m[Board] [0mLoading history file `championship/chess-engine3-stonkfish/history.csv`...
[32;1m[Board] [0mLoaded 4 move(s).
[32;1m[Board] [0mLoading move file `championship/chess-engine3-stonkfish/move.csv`...
[32;1m[Board] [0mWhite player is playing b1 to c3.
[32;1m[Board] [0m
[32;1m[Board] [0m     a b c d e f g h
[32;1m[Board] [0m   -------------------
[32;1m[Board] [0m 8 ||[30;1mr[0m|[30;1mk[0m|[30;1mb[0m|[30;1mQ[0m|[30;1mK[0m|[30;1mb[0m|[30;1mk[0m|[30;1mr[0m|| 8
[32;1m[Board] [0m   -------------------
[32;1m[Board] [0m 7 || |[30;1mp[0m|[30;1mp[0m|[30;1mp[0m|[30;1mp[0m|[30;1mp[0m|[30;1mp[0m|[30;1mp[0m|| 7
[32;1m[Board] [0m   -------------------
[32;1m[Board] [0m 6 ||[7;1m [0m| |[7;1m [0m| |[7;1m [0m| |[7;1m [0m| || 6
[32;1m[Board] [0m   -------------------
[32;1m[Board] [0m 5 ||[30;1mp[0m|[7;1m [0m| |[7;1m [0m| |[7;1m [0m| |[7;1m [0m|| 5
[32;1m[Board] [0m   -------------------
[32;1m[Board] [0m 4 ||[7;1m [0m| |[7;1m [0m|[0;1mp[0m|[0;1mp[0m| |[7;1m [0m| || 4
[32;1m[Board] [0m   -------------------
[32;1m[Board] [0m 3 || |[7;1m [0m|[0;1mk[0m|[7;1m [0m| |[7;1m [0m| |[7;1m [0m|| 3
[32;1m[Board] [0m   -------------------
[32;1m[Board] [0m 2 ||[0;1mp[0m|[0;1mp[0m|[0;1mp[0m| |[7;1m [0m|[0;1mp[0m|[0;1mp[0m|[0;1mp[0m|| 2
[32;1m[Board] [0m   -------------------
[32;1m[Board] [0m 1 ||[0;1mr[0m|[7;1m [0m|[0;1mb[0m|[0;1mQ[0m|[0;1mK[0m|[0;1mb[0m|[0;1mk[0m|[0;1mr[0m|| 1
[32;1m[Board] [0m   -------------------
[32;1m[Board] [0m     a b c d e f g h
[32;1m[Board] [0m
[32;1m[Referee] [0mThis is the turn of the Black player...
[32;1m[Game] [0mPlayer's error code: 0
[32;1m[Game] [0mChecking move validity...
[32;1m[Board] [0mInitializing board (size: 8)...
[32;1m[Board] [0mLoading history file `championship/chess-engine3-stonkfish/history.csv`...
[32;1m[Board] [0mLoaded 5 move(s).
[32;1m[Board] [0mLoading move file `championship/chess-engine3-stonkfish/move.csv`...
[32;1m[Board] [0mBlack player is playing a5 to a4.
[32;1m[Board] [0m
[32;1m[Board] [0m     a b c d e f g h
[32;1m[Board] [0m   -------------------
[32;1m[Board] [0m 8 ||[30;1mr[0m|[30;1mk[0m|[30;1mb[0m|[30;1mQ[0m|[30;1mK[0m|[30;1mb[0m|[30;1mk[0m|[30;1mr[0m|| 8
[32;1m[Board] [0m   -------------------
[32;1m[Board] [0m 7 || |[30;1mp[0m|[30;1mp[0m|[30;1mp[0m|[30;1mp[0m|[30;1mp[0m|[30;1mp[0m|[30;1mp[0m|| 7
[32;1m[Board] [0m   -------------------
[32;1m[Board] [0m 6 ||[7;1m [0m| |[7;1m [0m| |[7;1m [0m| |[7;1m [0m| || 6
[32;1m[Board] [0m   -------------------
[32;1m[Board] [0m 5 || |[7;1m [0m| |[7;1m [0m| |[7;1m [0m| |[7;1m [0m|| 5
[32;1m[Board] [0m   -------------------
[32;1m[Board] [0m 4 ||[30;1mp[0m| |[7;1m [0m|[0;1mp[0m|[0;1mp[0m| |[7;1m [0m| || 4
[32;1m[Board] [0m   -------------------
[32;1m[Board] [0m 3 || |[7;1m [0m|[0;1mk[0m|[7;1m [0m| |[7;1m [0m| |[7;1m [0m|| 3
[32;1m[Board] [0m   -------------------
[32;1m[Board] [0m 2 ||[0;1mp[0m|[0;1mp[0m|[0;1mp[0m| |[7;1m [0m|[0;1mp[0m|[0;1mp[0m|[0;1mp[0m|| 2
[32;1m[Board] [0m   -------------------
[32;1m[Board] [0m 1 ||[0;1mr[0m|[7;1m [0m|[0;1mb[0m|[0;1mQ[0m|[0;1mK[0m|[0;1mb[0m|[0;1mk[0m|[0;1mr[0m|| 1
[32;1m[Board] [0m   -------------------
[32;1m[Board] [0m     a b c d e f g h
[32;1m[Board] [0m
[32;1m[Referee] [0mThis is the turn of the White player...
Chess engine starting...
Hash OK after replay.
move played: c1e3
in coordinates: from (7,2) to (5,4)
Appending move to history file 

[32;1m[Game] [0mPlayer's error code: 256
[32;1m[Game] [0mChecking move validity...
[32;1m[Board] [0mInitializing board (size: 8)...
[32;1m[Board] [0mLoading history file `championship/chess-engine3-stonkfish/history.csv`...
[32;1m[Board] [0mLoaded 6 move(s).
[32;1m[Board] [0mLoading move file `championship/chess-engine3-stonkfish/move.csv`...
[32;1m[Board] [0mWhite player is playing c1 to e3.
[32;1m[Board] [0m
[32;1m[Board] [0m     a b c d e f g h
[32;1m[Board] [0m   -------------------
[32;1m[Board] [0m 8 ||[30;1mr[0m|[30;1mk[0m|[30;1mb[0m|[30;1mQ[0m|[30;1mK[0m|[30;1mb[0m|[30;1mk[0m|[30;1mr[0m|| 8
[32;1m[Board] [0m   -------------------
[32;1m[Board] [0m 7 || |[30;1mp[0m|[30;1mp[0m|[30;1mp[0m|[30;1mp[0m|[30;1mp[0m|[30;1mp[0m|[30;1mp[0m|| 7
[32;1m[Board] [0m   -------------------
[32;1m[Board] [0m 6 ||[7;1m [0m| |[7;1m [0m| |[7;1m [0m| |[7;1m [0m| || 6
[32;1m[Board] [0m   -------------------
[32;1m[Board] [0m 5 || |[7;1m [0m| |[7;1m [0m| |[7;1m [0m| |[7;1m [0m|| 5
[32;1m[Board] [0m   -------------------
[32;1m[Board] [0m 4 ||[30;1mp[0m| |[7;1m [0m|[0;1mp[0m|[0;1mp[0m| |[7;1m [0m| || 4
[32;1m[Board] [0m   -------------------
[32;1m[Board] [0m 3 || |[7;1m [0m|[0;1mk[0m|[7;1m [0m|[0;1mb[0m|[7;1m [0m| |[7;1m [0m|| 3
[32;1m[Board] [0m   -------------------
[32;1m[Board] [0m 2 ||[0;1mp[0m|[0;1mp[0m|[0;1mp[0m| |[7;1m [0m|[0;1mp[0m|[0;1mp[0m|[0;1mp[0m|| 2
[32;1m[Board] [0m   -------------------
[32;1m[Board] [0m 1 ||[0;1mr[0m|[7;1m [0m| |[0;1mQ[0m|[0;1mK[0m|[0;1mb[0m|[0;1mk[0m|[0;1mr[0m|| 1
[32;1m[Board] [0m   -------------------
[32;1m[Board] [0m     a b c d e f g h
[32;1m[Board] [0m
[32;1m[Referee] [0mThis is the turn of the Black player...
[32;1m[Game] [0mPlayer's error code: 0
[32;1m[Game] [0mChecking move validity...
[32;1m[Board] [0mInitializing board (size: 8)...
[32;1m[Board] [0mLoading history file `championship/chess-engine3-stonkfish/history.csv`...
[32;1m[Board] [0mLoaded 7 move(s).
[32;1m[Board] [0mLoading move file `championship/chess-engine3-stonkfish/move.csv`...
[32;1m[Board] [0mBlack player is playing a4 to a3.
[32;1m[Board] [0m
[32;1m[Board] [0m     a b c d e f g h
[32;1m[Board] [0m   -------------------
[32;1m[Board] [0m 8 ||[30;1mr[0m|[30;1mk[0m|[30;1mb[0m|[30;1mQ[0m|[30;1mK[0m|[30;1mb[0m|[30;1mk[0m|[30;1mr[0m|| 8
[32;1m[Board] [0m   -------------------
[32;1m[Board] [0m 7 || |[30;1mp[0m|[30;1mp[0m|[30;1mp[0m|[30;1mp[0m|[30;1mp[0m|[30;1mp[0m|[30;1mp[0m|| 7
[32;1m[Board] [0m   -------------------
[32;1m[Board] [0m 6 ||[7;1m [0m| |[7;1m [0m| |[7;1m [0m| |[7;1m [0m| || 6
[32;1m[Board] [0m   -------------------
[32;1m[Board] [0m 5 || |[7;1m [0m| |[7;1m [0m| |[7;1m [0m| |[7;1m [0m|| 5
[32;1m[Board] [0m   -------------------
[32;1m[Board] [0m 4 ||[7;1m [0m| |[7;1m [0m|[0;1mp[0m|[0;1mp[0m| |[7;1m [0m| || 4
[32;1m[Board] [0m   -------------------
[32;1m[Board] [0m 3 ||[30;1mp[0m|[7;1m [0m|[0;1mk[0m|[7;1m [0m|[0;1mb[0m|[7;1m [0m| |[7;1m [0m|| 3
[32;1m[Board] [0m   -------------------
[32;1m[Board] [0m 2 ||[0;1mp[0m|[0;1mp[0m|[0;1mp[0m| |[7;1m [0m|[0;1mp[0m|[0;1mp[0m|[0;1mp[0m|| 2
[32;1m[Board] [0m   -------------------
[32;1m[Board] [0m 1 ||[0;1mr[0m|[7;1m [0m| |[0;1mQ[0m|[0;1mK[0m|[0;1mb[0m|[0;1mk[0m|[0;1mr[0m|| 1
[32;1m[Board] [0m   -------------------
[32;1m[Board] [0m     a b c d e f g h
[32;1m[Board] [0m
[32;1m[Referee] [0mThis is the turn of the White player...
Chess engine starting...
Hash OK after replay.
move played: b2a3
in coordinates: from (6,1) to (5,0)
Appending move to history file 

[32;1m[Game] [0mPlayer's error code: 256
[32;1m[Game] [0mChecking move validity...
[32;1m[Board] [0mInitializing board (size: 8)...
[32;1m[Board] [0mLoading history file `championship/chess-engine3-stonkfish/history.csv`...
[32;1m[Board] [0mLoaded 8 move(s).
[32;1m[Board] [0mLoading move file `championship/chess-engine3-stonkfish/move.csv`...
[32;1m[Board] [0mWhite player is playing b2 to a3.
[32;1m[Board] [0m[5;1mWhite Pawn is taking Black Pawn.[0m
[32;1m[Board] [0m
[32;1m[Board] [0m     a b c d e f g h
[32;1m[Board] [0m   -------------------
[32;1m[Board] [0m 8 ||[30;1mr[0m|[30;1mk[0m|[30;1mb[0m|[30;1mQ[0m|[30;1mK[0m|[30;1mb[0m|[30;1mk[0m|[30;1mr[0m|| 8
[32;1m[Board] [0m   -------------------
[32;1m[Board] [0m 7 || |[30;1mp[0m|[30;1mp[0m|[30;1mp[0m|[30;1mp[0m|[30;1mp[0m|[30;1mp[0m|[30;1mp[0m|| 7
[32;1m[Board] [0m   -------------------
[32;1m[Board] [0m 6 ||[7;1m [0m| |[7;1m [0m| |[7;1m [0m| |[7;1m [0m| || 6
[32;1m[Board] [0m   -------------------
[32;1m[Board] [0m 5 || |[7;1m [0m| |[7;1m [0m| |[7;1m [0m| |[7;1m [0m|| 5
[32;1m[Board] [0m   -------------------
[32;1m[Board] [0m 4 ||[7;1m [0m| |[7;1m [0m|[0;1mp[0m|[0;1mp[0m| |[7;1m [0m| || 4
[32;1m[Board] [0m   -------------------
[32;1m[Board] [0m 3 ||[0;1mp[0m|[7;1m [0m|[0;1mk[0m|[7;1m [0m|[0;1mb[0m|[7;1m [0m| |[7;1m [0m|| 3
[32;1m[Board] [0m   -------------------
[32;1m[Board] [0m 2 ||[0;1mp[0m| |[0;1mp[0m| |[7;1m [0m|[0;1mp[0m|[0;1mp[0m|[0;1mp[0m|| 2
[32;1m[Board] [0m   -------------------
[32;1m[Board] [0m 1 ||[0;1mr[0m|[7;1m [0m| |[0;1mQ[0m|[0;1mK[0m|[0;1mb[0m|[0;1mk[0m|[0;1mr[0m|| 1
[32;1m[Board] [0m   -------------------
[32;1m[Board] [0m     a b c d e f g h
[32;1m[Board] [0m
[32;1m[Referee] [0mThis is the turn of the Black player...
[32;1m[Game] [0mPlayer's error code: 0
[32;1m[Game] [0mChecking move validity...
[32;1m[Board] [0mInitializing board (size: 8)...
[32;1m[Board] [0mLoading history file `championship/chess-engine3-stonkfish/history.csv`...
[32;1m[Board] [0mLoaded 9 move(s).
[32;1m[Board] [0mLoading move file `championship/chess-engine3-stonkfish/move.csv`...
[32;1m[Board] [0mBlack player is playing b7 to b6.
[32;1m[Board] [0m
[32;1m[Board] [0m     a b c d e f g h
[32;1m[Board] [0m   -------------------
[32;1m[Board] [0m 8 ||[30;1mr[0m|[30;1mk[0m|[30;1mb[0m|[30;1mQ[0m|[30;1mK[0m|[30;1mb[0m|[30;1mk[0m|[30;1mr[0m|| 8
[32;1m[Board] [0m   -------------------
[32;1m[Board] [0m 7 || |[7;1m [0m|[30;1mp[0m|[30;1mp[0m|[30;1mp[0m|[30;1mp[0m|[30;1mp[0m|[30;1mp[0m|| 7
[32;1m[Board] [0m   -------------------
[32;1m[Board] [0m 6 ||[7;1m [0m|[30;1mp[0m|[7;1m [0m| |[7;1m [0m| |[7;1m [0m| || 6
[32;1m[Board] [0m   -------------------
[32;1m[Board] [0m 5 || |[7;1m [0m| |[7;1m [0m| |[7;1m [0m| |[7;1m [0m|| 5
[32;1m[Board] [0m   -------------------
[32;1m[Board] [0m 4 ||[7;1m [0m| |[7;1m [0m|[0;1mp[0m|[0;1mp[0m| |[7;1m [0m| || 4
[32;1m[Board] [0m   -------------------
[32;1m[Board] [0m 3 ||[0;1mp[0m|[7;1m [0m|[0;1mk[0m|[7;1m [0m|[0;1mb[0m|[7;1m [0m| |[7;1m [0m|| 3
[32;1m[Board] [0m   -------------------
[32;1m[Board] [0m 2 ||[0;1mp[0m| |[0;1mp[0m| |[7;1m [0m|[0;1mp[0m|[0;1mp[0m|[0;1mp[0m|| 2
[32;1m[Board] [0m   -------------------
[32;1m[Board] [0m 1 ||[0;1mr[0m|[7;1m [0m| |[0;1mQ[0m|[0;1mK[0m|[0;1mb[0m|[0;1mk[0m|[0;1mr[0m|| 1
[32;1m[Board] [0m   -------------------
[32;1m[Board] [0m     a b c d e f g h
[32;1m[Board] [0m
[32;1m[Referee] [0mThis is the turn of the White player...
Chess engine starting...
Hash OK after replay.
move played: a3a4
in coordinates: from (5,0) to (4,0)
Appending move to history file 

[32;1m[Game] [0mPlayer's error code: 256
[32;1m[Game] [0mChecking move validity...
[32;1m[Board] [0mInitializing board (size: 8)...
[32;1m[Board] [0mLoading history file `championship/chess-engine3-stonkfish/history.csv`...
[32;1m[Board] [0mLoaded 10 move(s).
[32;1m[Board] [0mLoading move file `championship/chess-engine3-stonkfish/move.csv`...
[32;1m[Board] [0mWhite player is playing a3 to a4.
[32;1m[Board] [0m
[32;1m[Board] [0m     a b c d e f g h
[32;1m[Board] [0m   -------------------
[32;1m[Board] [0m 8 ||[30;1mr[0m|[30;1mk[0m|[30;1mb[0m|[30;1mQ[0m|[30;1mK[0m|[30;1mb[0m|[30;1mk[0m|[30;1mr[0m|| 8
[32;1m[Board] [0m   -------------------
[32;1m[Board] [0m 7 || |[7;1m [0m|[30;1mp[0m|[30;1mp[0m|[30;1mp[0m|[30;1mp[0m|[30;1mp[0m|[30;1mp[0m|| 7
[32;1m[Board] [0m   -------------------
[32;1m[Board] [0m 6 ||[7;1m [0m|[30;1mp[0m|[7;1m [0m| |[7;1m [0m| |[7;1m [0m| || 6
[32;1m[Board] [0m   -------------------
[32;1m[Board] [0m 5 || |[7;1m [0m| |[7;1m [0m| |[7;1m [0m| |[7;1m [0m|| 5
[32;1m[Board] [0m   -------------------
[32;1m[Board] [0m 4 ||[0;1mp[0m| |[7;1m [0m|[0;1mp[0m|[0;1mp[0m| |[7;1m [0m| || 4
[32;1m[Board] [0m   -------------------
[32;1m[Board] [0m 3 || |[7;1m [0m|[0;1mk[0m|[7;1m [0m|[0;1mb[0m|[7;1m [0m| |[7;1m [0m|| 3
[32;1m[Board] [0m   -------------------
[32;1m[Board] [0m 2 ||[0;1mp[0m| |[0;1mp[0m| |[7;1m [0m|[0;1mp[0m|[0;1mp[0m|[0;1mp[0m|| 2
[32;1m[Board] [0m   -------------------
[32;1m[Board] [0m 1 ||[0;1mr[0m|[7;1m [0m| |[0;1mQ[0m|[0;1mK[0m|[0;1mb[0m|[0;1mk[0m|[0;1mr[0m|| 1
[32;1m[Board] [0m   -------------------
[32;1m[Board] [0m     a b c d e f g h
[32;1m[Board] [0m
[32;1m[Referee] [0mThis is the turn of the Black player...
[32;1m[Game] [0mPlayer's error code: 0
[32;1m[Game] [0mChecking move validity...
[32;1m[Board] [0mInitializing board (size: 8)...
[32;1m[Board] [0mLoading history file `championship/chess-engine3-stonkfish/history.csv`...
[32;1m[Board] [0mLoaded 11 move(s).
[32;1m[Board] [0mLoading move file `championship/chess-engine3-stonkfish/move.csv`...
[32;1m[Board] [0mBlack player is playing b6 to b5.
[32;1m[Board] [0m
[32;1m[Board] [0m     a b c d e f g h
[32;1m[Board] [0m   -------------------
[32;1m[Board] [0m 8 ||[30;1mr[0m|[30;1mk[0m|[30;1mb[0m|[30;1mQ[0m|[30;1mK[0m|[30;1mb[0m|[30;1mk[0m|[30;1mr[0m|| 8
[32;1m[Board] [0m   -------------------
[32;1m[Board] [0m 7 || |[7;1m [0m|[30;1mp[0m|[30;1mp[0m|[30;1mp[0m|[30;1mp[0m|[30;1mp[0m|[30;1mp[0m|| 7
[32;1m[Board] [0m   -------------------
[32;1m[Board] [0m 6 ||[7;1m [0m| |[7;1m [0m| |[7;1m [0m| |[7;1m [0m| || 6
[32;1m[Board] [0m   -------------------
[32;1m[Board] [0m 5 || |[30;1mp[0m| |[7;1m [0m| |[7;1m [0m| |[7;1m [0m|| 5
[32;1m[Board] [0m   -------------------
[32;1m[Board] [0m 4 ||[0;1mp[0m| |[7;1m [0m|[0;1mp[0m|[0;1mp[0m| |[7;1m [0m| || 4
[32;1m[Board] [0m   -------------------
[32;1m[Board] [0m 3 || |[7;1m [0m|[0;1mk[0m|[7;1m [0m|[0;1mb[0m|[7;1m [0m| |[7;1m [0m|| 3
[32;1m[Board] [0m   -------------------
[32;1m[Board] [0m 2 ||[0;1mp[0m| |[0;1mp[0m| |[7;1m [0m|[0;1mp[0m|[0;1mp[0m|[0;1mp[0m|| 2
[32;1m[Board] [0m   -------------------
[32;1m[Board] [0m 1 ||[0;1mr[0m|[7;1m [0m| |[0;1mQ[0m|[0;1mK[0m|[0;1mb[0m|[0;1mk[0m|[0;1mr[0m|| 1
[32;1m[Board] [0m   -------------------
[32;1m[Board] [0m     a b c d e f g h
[32;1m[Board] [0m
[32;1m[Referee] [0mThis is the turn of the White player...
Chess engine starting...
Hash OK after replay.
move played: f1b5
in coordinates: from (7,5) to (3,1)
Appending move to history file 

[32;1m[Game] [0mPlayer's error code: 256
[32;1m[Game] [0mChecking move validity...
[32;1m[Board] [0mInitializing board (size: 8)...
[32;1m[Board] [0mLoading history file `championship/chess-engine3-stonkfish/history.csv`...
[32;1m[Board] [0mLoaded 12 move(s).
[32;1m[Board] [0mLoading move file `championship/chess-engine3-stonkfish/move.csv`...
[32;1m[Board] [0mWhite player is playing f1 to b5.
[32;1m[Board] [0m[5;1mWhite Bishop is taking Black Pawn.[0m
[32;1m[Board] [0m
[32;1m[Board] [0m     a b c d e f g h
[32;1m[Board] [0m   -------------------
[32;1m[Board] [0m 8 ||[30;1mr[0m|[30;1mk[0m|[30;1mb[0m|[30;1mQ[0m|[30;1mK[0m|[30;1mb[0m|[30;1mk[0m|[30;1mr[0m|| 8
[32;1m[Board] [0m   -------------------
[32;1m[Board] [0m 7 || |[7;1m [0m|[30;1mp[0m|[30;1mp[0m|[30;1mp[0m|[30;1mp[0m|[30;1mp[0m|[30;1mp[0m|| 7
[32;1m[Board] [0m   -------------------
[32;1m[Board] [0m 6 ||[7;1m [0m| |[7;1m [0m| |[7;1m [0m| |[7;1m [0m| || 6
[32;1m[Board] [0m   -------------------
[32;1m[Board] [0m 5 || |[0;1mb[0m| |[7;1m [0m| |[7;1m [0m| |[7;1m [0m|| 5
[32;1m[Board] [0m   -------------------
[32;1m[Board] [0m 4 ||[0;1mp[0m| |[7;1m [0m|[0;1mp[0m|[0;1mp[0m| |[7;1m [0m| || 4
[32;1m[Board] [0m   -------------------
[32;1m[Board] [0m 3 || |[7;1m [0m|[0;1mk[0m|[7;1m [0m|[0;1mb[0m|[7;1m [0m| |[7;1m [0m|| 3
[32;1m[Board] [0m   -------------------
[32;1m[Board] [0m 2 ||[0;1mp[0m| |[0;1mp[0m| |[7;1m [0m|[0;1mp[0m|[0;1mp[0m|[0;1mp[0m|| 2
[32;1m[Board] [0m   -------------------
[32;1m[Board] [0m 1 ||[0;1mr[0m|[7;1m [0m| |[0;1mQ[0m|[0;1mK[0m|[7;1m [0m|[0;1mk[0m|[0;1mr[0m|| 1
[32;1m[Board] [0m   -------------------
[32;1m[Board] [0m     a b c d e f g h
[32;1m[Board] [0m
[32;1m[Referee] [0mThis is the turn of the Black player...
[32;1m[Game] [0mPlayer's error code: 0
[32;1m[Game] [0mChecking move validity...
[32;1m[Board] [0mInitializing board (size: 8)...
[32;1m[Board] [0mLoading history file `championship/chess-engine3-stonkfish/history.csv`...
[32;1m[Board] [0mLoaded 13 move(s).
[32;1m[Board] [0mLoading move file `championship/chess-engine3-stonkfish/move.csv`...
[32;1m[Board] [0mBlack player is playing c7 to c6.
[32;1m[Board] [0m
[32;1m[Board] [0m     a b c d e f g h
[32;1m[Board] [0m   -------------------
[32;1m[Board] [0m 8 ||[30;1mr[0m|[30;1mk[0m|[30;1mb[0m|[30;1mQ[0m|[30;1mK[0m|[30;1mb[0m|[30;1mk[0m|[30;1mr[0m|| 8
[32;1m[Board] [0m   -------------------
[32;1m[Board] [0m 7 || |[7;1m [0m| |[30;1mp[0m|[30;1mp[0m|[30;1mp[0m|[30;1mp[0m|[30;1mp[0m|| 7
[32;1m[Board] [0m   -------------------
[32;1m[Board] [0m 6 ||[7;1m [0m| |[30;1mp[0m| |[7;1m [0m| |[7;1m [0m| || 6
[32;1m[Board] [0m   -------------------
[32;1m[Board] [0m 5 || |[0;1mb[0m| |[7;1m [0m| |[7;1m [0m| |[7;1m [0m|| 5
[32;1m[Board] [0m   -------------------
[32;1m[Board] [0m 4 ||[0;1mp[0m| |[7;1m [0m|[0;1mp[0m|[0;1mp[0m| |[7;1m [0m| || 4
[32;1m[Board] [0m   -------------------
[32;1m[Board] [0m 3 || |[7;1m [0m|[0;1mk[0m|[7;1m [0m|[0;1mb[0m|[7;1m [0m| |[7;1m [0m|| 3
[32;1m[Board] [0m   -------------------
[32;1m[Board] [0m 2 ||[0;1mp[0m| |[0;1mp[0m| |[7;1m [0m|[0;1mp[0m|[0;1mp[0m|[0;1mp[0m|| 2
[32;1m[Board] [0m   -------------------
[32;1m[Board] [0m 1 ||[0;1mr[0m|[7;1m [0m| |[0;1mQ[0m|[0;1mK[0m|[7;1m [0m|[0;1mk[0m|[0;1mr[0m|| 1
[32;1m[Board] [0m   -------------------
[32;1m[Board] [0m     a b c d e f g h
[32;1m[Board] [0m
[32;1m[Referee] [0mThis is the turn of the White player...
Chess engine starting...
Hash OK after replay.
move played: b5c4
in coordinates: from (3,1) to (4,2)
Appending move to history file 

[32;1m[Game] [0mPlayer's error code: 256
[32;1m[Game] [0mChecking move validity...
[32;1m[Board] [0mInitializing board (size: 8)...
[32;1m[Board] [0mLoading history file `championship/chess-engine3-stonkfish/history.csv`...
[32;1m[Board] [0mLoaded 14 move(s).
[32;1m[Board] [0mLoading move file `championship/chess-engine3-stonkfish/move.csv`...
[32;1m[Board] [0mWhite player is playing b5 to c4.
[32;1m[Board] [0m
[32;1m[Board] [0m     a b c d e f g h
[32;1m[Board] [0m   -------------------
[32;1m[Board] [0m 8 ||[30;1mr[0m|[30;1mk[0m|[30;1mb[0m|[30;1mQ[0m|[30;1mK[0m|[30;1mb[0m|[30;1mk[0m|[30;1mr[0m|| 8
[32;1m[Board] [0m   -------------------
[32;1m[Board] [0m 7 || |[7;1m [0m| |[30;1mp[0m|[30;1mp[0m|[30;1mp[0m|[30;1mp[0m|[30;1mp[0m|| 7
[32;1m[Board] [0m   -------------------
[32;1m[Board] [0m 6 ||[7;1m [0m| |[30;1mp[0m| |[7;1m [0m| |[7;1m [0m| || 6
[32;1m[Board] [0m   -------------------
[32;1m[Board] [0m 5 || |[7;1m [0m| |[7;1m [0m| |[7;1m [0m| |[7;1m [0m|| 5
[32;1m[Board] [0m   -------------------
[32;1m[Board] [0m 4 ||[0;1mp[0m| |[0;1mb[0m|[0;1mp[0m|[0;1mp[0m| |[7;1m [0m| || 4
[32;1m[Board] [0m   -------------------
[32;1m[Board] [0m 3 || |[7;1m [0m|[0;1mk[0m|[7;1m [0m|[0;1mb[0m|[7;1m [0m| |[7;1m [0m|| 3
[32;1m[Board] [0m   -------------------
[32;1m[Board] [0m 2 ||[0;1mp[0m| |[0;1mp[0m| |[7;1m [0m|[0;1mp[0m|[0;1mp[0m|[0;1mp[0m|| 2
[32;1m[Board] [0m   -------------------
[32;1m[Board] [0m 1 ||[0;1mr[0m|[7;1m [0m| |[0;1mQ[0m|[0;1mK[0m|[7;1m [0m|[0;1mk[0m|[0;1mr[0m|| 1
[32;1m[Board] [0m   -------------------
[32;1m[Board] [0m     a b c d e f g h
[32;1m[Board] [0m
[32;1m[Referee] [0mThis is the turn of the Black player...
[32;1m[Game] [0mPlayer's error code: 0
[32;1m[Game] [0mChecking move validity...
[32;1m[Board] [0mInitializing board (size: 8)...
[32;1m[Board] [0mLoading history file `championship/chess-engine3-stonkfish/history.csv`...
[32;1m[Board] [0mLoaded 15 move(s).
[32;1m[Board] [0mLoading move file `championship/chess-engine3-stonkfish/move.csv`...
[32;1m[Board] [0mBlack player is playing c6 to c5.
[32;1m[Board] [0m
[32;1m[Board] [0m     a b c d e f g h
[32;1m[Board] [0m   -------------------
[32;1m[Board] [0m 8 ||[30;1mr[0m|[30;1mk[0m|[30;1mb[0m|[30;1mQ[0m|[30;1mK[0m|[30;1mb[0m|[30;1mk[0m|[30;1mr[0m|| 8
[32;1m[Board] [0m   -------------------
[32;1m[Board] [0m 7 || |[7;1m [0m| |[30;1mp[0m|[30;1mp[0m|[30;1mp[0m|[30;1mp[0m|[30;1mp[0m|| 7
[32;1m[Board] [0m   -------------------
[32;1m[Board] [0m 6 ||[7;1m [0m| |[7;1m [0m| |[7;1m [0m| |[7;1m [0m| || 6
[32;1m[Board] [0m   -------------------
[32;1m[Board] [0m 5 || |[7;1m [0m|[30;1mp[0m|[7;1m [0m| |[7;1m [0m| |[7;1m [0m|| 5
[32;1m[Board] [0m   -------------------
[32;1m[Board] [0m 4 ||[0;1mp[0m| |[0;1mb[0m|[0;1mp[0m|[0;1mp[0m| |[7;1m [0m| || 4
[32;1m[Board] [0m   -------------------
[32;1m[Board] [0m 3 || |[7;1m [0m|[0;1mk[0m|[7;1m [0m|[0;1mb[0m|[7;1m [0m| |[7;1m [0m|| 3
[32;1m[Board] [0m   -------------------
[32;1m[Board] [0m 2 ||[0;1mp[0m| |[0;1mp[0m| |[7;1m [0m|[0;1mp[0m|[0;1mp[0m|[0;1mp[0m|| 2
[32;1m[Board] [0m   -------------------
[32;1m[Board] [0m 1 ||[0;1mr[0m|[7;1m [0m| |[0;1mQ[0m|[0;1mK[0m|[7;1m [0m|[0;1mk[0m|[0;1mr[0m|| 1
[32;1m[Board] [0m   -------------------
[32;1m[Board] [0m     a b c d e f g h
[32;1m[Board] [0m
[32;1m[Referee] [0mThis is the turn of the White player...
Chess engine starting...
Hash OK after replay.
move played: d4c5
in coordinates: from (4,3) to (3,2)
Appending move to history file 

[32;1m[Game] [0mPlayer's error code: 256
[32;1m[Game] [0mChecking move validity...
[32;1m[Board] [0mInitializing board (size: 8)...
[32;1m[Board] [0mLoading history file `championship/chess-engine3-stonkfish/history.csv`...
[32;1m[Board] [0mLoaded 16 move(s).
[32;1m[Board] [0mLoading move file `championship/chess-engine3-stonkfish/move.csv`...
[32;1m[Board] [0mWhite player is playing d4 to c5.
[32;1m[Board] [0m[5;1mWhite Pawn is taking Black Pawn.[0m
[32;1m[Board] [0m
[32;1m[Board] [0m     a b c d e f g h
[32;1m[Board] [0m   -------------------
[32;1m[Board] [0m 8 ||[30;1mr[0m|[30;1mk[0m|[30;1mb[0m|[30;1mQ[0m|[30;1mK[0m|[30;1mb[0m|[30;1mk[0m|[30;1mr[0m|| 8
[32;1m[Board] [0m   -------------------
[32;1m[Board] [0m 7 || |[7;1m [0m| |[30;1mp[0m|[30;1mp[0m|[30;1mp[0m|[30;1mp[0m|[30;1mp[0m|| 7
[32;1m[Board] [0m   -------------------
[32;1m[Board] [0m 6 ||[7;1m [0m| |[7;1m [0m| |[7;1m [0m| |[7;1m [0m| || 6
[32;1m[Board] [0m   -------------------
[32;1m[Board] [0m 5 || |[7;1m [0m|[0;1mp[0m|[7;1m [0m| |[7;1m [0m| |[7;1m [0m|| 5
[32;1m[Board] [0m   -------------------
[32;1m[Board] [0m 4 ||[0;1mp[0m| |[0;1mb[0m| |[0;1mp[0m| |[7;1m [0m| || 4
[32;1m[Board] [0m   -------------------
[32;1m[Board] [0m 3 || |[7;1m [0m|[0;1mk[0m|[7;1m [0m|[0;1mb[0m|[7;1m [0m| |[7;1m [0m|| 3
[32;1m[Board] [0m   -------------------
[32;1m[Board] [0m 2 ||[0;1mp[0m| |[0;1mp[0m| |[7;1m [0m|[0;1mp[0m|[0;1mp[0m|[0;1mp[0m|| 2
[32;1m[Board] [0m   -------------------
[32;1m[Board] [0m 1 ||[0;1mr[0m|[7;1m [0m| |[0;1mQ[0m|[0;1mK[0m|[7;1m [0m|[0;1mk[0m|[0;1mr[0m|| 1
[32;1m[Board] [0m   -------------------
[32;1m[Board] [0m     a b c d e f g h
[32;1m[Board] [0m
[32;1m[Referee] [0mThis is the turn of the Black player...
[32;1m[Game] [0mPlayer's error code: 0
[32;1m[Game] [0mChecking move validity...
[32;1m[Board] [0mInitializing board (size: 8)...
[32;1m[Board] [0mLoading history file `championship/chess-engine3-stonkfish/history.csv`...
[32;1m[Board] [0mLoaded 17 move(s).
[32;1m[Board] [0mLoading move file `championship/chess-engine3-stonkfish/move.csv`...
[32;1m[Board] [0mBlack player is playing d7 to d6.
[32;1m[Board] [0m
[32;1m[Board] [0m     a b c d e f g h
[32;1m[Board] [0m   -------------------
[32;1m[Board] [0m 8 ||[30;1mr[0m|[30;1mk[0m|[30;1mb[0m|[30;1mQ[0m|[30;1mK[0m|[30;1mb[0m|[30;1mk[0m|[30;1mr[0m|| 8
[32;1m[Board] [0m   -------------------
[32;1m[Board] [0m 7 || |[7;1m [0m| |[7;1m [0m|[30;1mp[0m|[30;1mp[0m|[30;1mp[0m|[30;1mp[0m|| 7
[32;1m[Board] [0m   -------------------
[32;1m[Board] [0m 6 ||[7;1m [0m| |[7;1m [0m|[30;1mp[0m|[7;1m [0m| |[7;1m [0m| || 6
[32;1m[Board] [0m   -------------------
[32;1m[Board] [0m 5 || |[7;1m [0m|[0;1mp[0m|[7;1m [0m| |[7;1m [0m| |[7;1m [0m|| 5
[32;1m[Board] [0m   -------------------
[32;1m[Board] [0m 4 ||[0;1mp[0m| |[0;1mb[0m| |[0;1mp[0m| |[7;1m [0m| || 4
[32;1m[Board] [0m   -------------------
[32;1m[Board] [0m 3 || |[7;1m [0m|[0;1mk[0m|[7;1m [0m|[0;1mb[0m|[7;1m [0m| |[7;1m [0m|| 3
[32;1m[Board] [0m   -------------------
[32;1m[Board] [0m 2 ||[0;1mp[0m| |[0;1mp[0m| |[7;1m [0m|[0;1mp[0m|[0;1mp[0m|[0;1mp[0m|| 2
[32;1m[Board] [0m   -------------------
[32;1m[Board] [0m 1 ||[0;1mr[0m|[7;1m [0m| |[0;1mQ[0m|[0;1mK[0m|[7;1m [0m|[0;1mk[0m|[0;1mr[0m|| 1
[32;1m[Board] [0m   -------------------
[32;1m[Board] [0m     a b c d e f g h
[32;1m[Board] [0m
[32;1m[Referee] [0mThis is the turn of the White player...
Chess engine starting...
Hash OK after replay.
move played: d1d5
in coordinates: from (7,3) to (3,3)
Appending move to history file 

[32;1m[Game] [0mPlayer's error code: 256
[32;1m[Game] [0mChecking move validity...
[32;1m[Board] [0mInitializing board (size: 8)...
[32;1m[Board] [0mLoading history file `championship/chess-engine3-stonkfish/history.csv`...
[32;1m[Board] [0mLoaded 18 move(s).
[32;1m[Board] [0mLoading move file `championship/chess-engine3-stonkfish/move.csv`...
[32;1m[Board] [0mWhite player is playing d1 to d5.
[32;1m[Board] [0m
[32;1m[Board] [0m     a b c d e f g h
[32;1m[Board] [0m   -------------------
[32;1m[Board] [0m 8 ||[30;1mr[0m|[30;1mk[0m|[30;1mb[0m|[30;1mQ[0m|[30;1mK[0m|[30;1mb[0m|[30;1mk[0m|[30;1mr[0m|| 8
[32;1m[Board] [0m   -------------------
[32;1m[Board] [0m 7 || |[7;1m [0m| |[7;1m [0m|[30;1mp[0m|[30;1mp[0m|[30;1mp[0m|[30;1mp[0m|| 7
[32;1m[Board] [0m   -------------------
[32;1m[Board] [0m 6 ||[7;1m [0m| |[7;1m [0m|[30;1mp[0m|[7;1m [0m| |[7;1m [0m| || 6
[32;1m[Board] [0m   -------------------
[32;1m[Board] [0m 5 || |[7;1m [0m|[0;1mp[0m|[0;1mQ[0m| |[7;1m [0m| |[7;1m [0m|| 5
[32;1m[Board] [0m   -------------------
[32;1m[Board] [0m 4 ||[0;1mp[0m| |[0;1mb[0m| |[0;1mp[0m| |[7;1m [0m| || 4
[32;1m[Board] [0m   -------------------
[32;1m[Board] [0m 3 || |[7;1m [0m|[0;1mk[0m|[7;1m [0m|[0;1mb[0m|[7;1m [0m| |[7;1m [0m|| 3
[32;1m[Board] [0m   -------------------
[32;1m[Board] [0m 2 ||[0;1mp[0m| |[0;1mp[0m| |[7;1m [0m|[0;1mp[0m|[0;1mp[0m|[0;1mp[0m|| 2
[32;1m[Board] [0m   -------------------
[32;1m[Board] [0m 1 ||[0;1mr[0m|[7;1m [0m| |[7;1m [0m|[0;1mK[0m|[7;1m [0m|[0;1mk[0m|[0;1mr[0m|| 1
[32;1m[Board] [0m   -------------------
[32;1m[Board] [0m     a b c d e f g h
[32;1m[Board] [0m
[32;1m[Referee] [0mThis is the turn of the Black player...
[32;1m[Game] [0mPlayer's error code: 0
[32;1m[Game] [0mChecking move validity...
[32;1m[Board] [0mInitializing board (size: 8)...
[32;1m[Board] [0mLoading history file `championship/chess-engine3-stonkfish/history.csv`...
[32;1m[Board] [0mLoaded 19 move(s).
[32;1m[Board] [0mLoading move file `championship/chess-engine3-stonkfish/move.csv`...
[32;1m[Board] [0mBlack player is playing e7 to e6.
[32;1m[Board] [0m
[32;1m[Board] [0m     a b c d e f g h
[32;1m[Board] [0m   -------------------
[32;1m[Board] [0m 8 ||[30;1mr[0m|[30;1mk[0m|[30;1mb[0m|[30;1mQ[0m|[30;1mK[0m|[30;1mb[0m|[30;1mk[0m|[30;1mr[0m|| 8
[32;1m[Board] [0m   -------------------
[32;1m[Board] [0m 7 || |[7;1m [0m| |[7;1m [0m| |[30;1mp[0m|[30;1mp[0m|[30;1mp[0m|| 7
[32;1m[Board] [0m   -------------------
[32;1m[Board] [0m 6 ||[7;1m [0m| |[7;1m [0m|[30;1mp[0m|[30;1mp[0m| |[7;1m [0m| || 6
[32;1m[Board] [0m   -------------------
[32;1m[Board] [0m 5 || |[7;1m [0m|[0;1mp[0m|[0;1mQ[0m| |[7;1m [0m| |[7;1m [0m|| 5
[32;1m[Board] [0m   -------------------
[32;1m[Board] [0m 4 ||[0;1mp[0m| |[0;1mb[0m| |[0;1mp[0m| |[7;1m [0m| || 4
[32;1m[Board] [0m   -------------------
[32;1m[Board] [0m 3 || |[7;1m [0m|[0;1mk[0m|[7;1m [0m|[0;1mb[0m|[7;1m [0m| |[7;1m [0m|| 3
[32;1m[Board] [0m   -------------------
[32;1m[Board] [0m 2 ||[0;1mp[0m| |[0;1mp[0m| |[7;1m [0m|[0;1mp[0m|[0;1mp[0m|[0;1mp[0m|| 2
[32;1m[Board] [0m   -------------------
[32;1m[Board] [0m 1 ||[0;1mr[0m|[7;1m [0m| |[7;1m [0m|[0;1mK[0m|[7;1m [0m|[0;1mk[0m|[0;1mr[0m|| 1
[32;1m[Board] [0m   -------------------
[32;1m[Board] [0m     a b c d e f g h
[32;1m[Board] [0m
[32;1m[Referee] [0mThis is the turn of the White player...
Chess engine starting...
Hash OK after replay.
move played: d5a8
in coordinates: from (3,3) to (0,0)
Appending move to history file 

[32;1m[Game] [0mPlayer's error code: 256
[32;1m[Game] [0mChecking move validity...
[32;1m[Board] [0mInitializing board (size: 8)...
[32;1m[Board] [0mLoading history file `championship/chess-engine3-stonkfish/history.csv`...
[32;1m[Board] [0mLoaded 20 move(s).
[32;1m[Board] [0mLoading move file `championship/chess-engine3-stonkfish/move.csv`...
[32;1m[Board] [0mWhite player is playing d5 to a8.
[32;1m[Board] [0m[5;1mWhite Queen is taking Black Rook.[0m
[32;1m[Board] [0m
[32;1m[Board] [0m     a b c d e f g h
[32;1m[Board] [0m   -------------------
[32;1m[Board] [0m 8 ||[0;1mQ[0m|[30;1mk[0m|[30;1mb[0m|[30;1mQ[0m|[30;1mK[0m|[30;1mb[0m|[30;1mk[0m|[30;1mr[0m|| 8
[32;1m[Board] [0m   -------------------
[32;1m[Board] [0m 7 || |[7;1m [0m| |[7;1m [0m| |[30;1mp[0m|[30;1mp[0m|[30;1mp[0m|| 7
[32;1m[Board] [0m   -------------------
[32;1m[Board] [0m 6 ||[7;1m [0m| |[7;1m [0m|[30;1mp[0m|[30;1mp[0m| |[7;1m [0m| || 6
[32;1m[Board] [0m   -------------------
[32;1m[Board] [0m 5 || |[7;1m [0m|[0;1mp[0m|[7;1m [0m| |[7;1m [0m| |[7;1m [0m|| 5
[32;1m[Board] [0m   -------------------
[32;1m[Board] [0m 4 ||[0;1mp[0m| |[0;1mb[0m| |[0;1mp[0m| |[7;1m [0m| || 4
[32;1m[Board] [0m   -------------------
[32;1m[Board] [0m 3 || |[7;1m [0m|[0;1mk[0m|[7;1m [0m|[0;1mb[0m|[7;1m [0m| |[7;1m [0m|| 3
[32;1m[Board] [0m   -------------------
[32;1m[Board] [0m 2 ||[0;1mp[0m| |[0;1mp[0m| |[7;1m [0m|[0;1mp[0m|[0;1mp[0m|[0;1mp[0m|| 2
[32;1m[Board] [0m   -------------------
[32;1m[Board] [0m 1 ||[0;1mr[0m|[7;1m [0m| |[7;1m [0m|[0;1mK[0m|[7;1m [0m|[0;1mk[0m|[0;1mr[0m|| 1
[32;1m[Board] [0m   -------------------
[32;1m[Board] [0m     a b c d e f g h
[32;1m[Board] [0m
[32;1m[Referee] [0mThis is the turn of the Black player...
[32;1m[Game] [0mPlayer's error code: 0
[32;1m[Game] [0mChecking move validity...
[32;1m[Board] [0mInitializing board (size: 8)...
[32;1m[Board] [0mLoading history file `championship/chess-engine3-stonkfish/history.csv`...
[32;1m[Board] [0mLoaded 21 move(s).
[32;1m[Board] [0mLoading move file `championship/chess-engine3-stonkfish/move.csv`...
[32;1m[Board] [0mBlack player is playing d6 to d5.
[32;1m[Board] [0m
[32;1m[Board] [0m     a b c d e f g h
[32;1m[Board] [0m   -------------------
[32;1m[Board] [0m 8 ||[0;1mQ[0m|[30;1mk[0m|[30;1mb[0m|[30;1mQ[0m|[30;1mK[0m|[30;1mb[0m|[30;1mk[0m|[30;1mr[0m|| 8
[32;1m[Board] [0m   -------------------
[32;1m[Board] [0m 7 || |[7;1m [0m| |[7;1m [0m| |[30;1mp[0m|[30;1mp[0m|[30;1mp[0m|| 7
[32;1m[Board] [0m   -------------------
[32;1m[Board] [0m 6 ||[7;1m [0m| |[7;1m [0m| |[30;1mp[0m| |[7;1m [0m| || 6
[32;1m[Board] [0m   -------------------
[32;1m[Board] [0m 5 || |[7;1m [0m|[0;1mp[0m|[30;1mp[0m| |[7;1m [0m| |[7;1m [0m|| 5
[32;1m[Board] [0m   -------------------
[32;1m[Board] [0m 4 ||[0;1mp[0m| |[0;1mb[0m| |[0;1mp[0m| |[7;1m [0m| || 4
[32;1m[Board] [0m   -------------------
[32;1m[Board] [0m 3 || |[7;1m [0m|[0;1mk[0m|[7;1m [0m|[0;1mb[0m|[7;1m [0m| |[7;1m [0m|| 3
[32;1m[Board] [0m   -------------------
[32;1m[Board] [0m 2 ||[0;1mp[0m| |[0;1mp[0m| |[7;1m [0m|[0;1mp[0m|[0;1mp[0m|[0;1mp[0m|| 2
[32;1m[Board] [0m   -------------------
[32;1m[Board] [0m 1 ||[0;1mr[0m|[7;1m [0m| |[7;1m [0m|[0;1mK[0m|[7;1m [0m|[0;1mk[0m|[0;1mr[0m|| 1
[32;1m[Board] [0m   -------------------
[32;1m[Board] [0m     a b c d e f g h
[32;1m[Board] [0m
[32;1m[Referee] [0mThis is the turn of the White player...
Chess engine starting...
Hash OK after replay.
move played: a8b8
in coordinates: from (0,0) to (0,1)
Appending move to history file 

[32;1m[Game] [0mPlayer's error code: 256
[32;1m[Game] [0mChecking move validity...
[32;1m[Board] [0mInitializing board (size: 8)...
[32;1m[Board] [0mLoading history file `championship/chess-engine3-stonkfish/history.csv`...
[32;1m[Board] [0mLoaded 22 move(s).
[32;1m[Board] [0mLoading move file `championship/chess-engine3-stonkfish/move.csv`...
[32;1m[Board] [0mWhite player is playing a8 to b8.
[32;1m[Board] [0m[5;1mWhite Queen is taking Black Knight.[0m
[32;1m[Board] [0m
[32;1m[Board] [0m     a b c d e f g h
[32;1m[Board] [0m   -------------------
[32;1m[Board] [0m 8 ||[7;1m [0m|[0;1mQ[0m|[30;1mb[0m|[30;1mQ[0m|[30;1mK[0m|[30;1mb[0m|[30;1mk[0m|[30;1mr[0m|| 8
[32;1m[Board] [0m   -------------------
[32;1m[Board] [0m 7 || |[7;1m [0m| |[7;1m [0m| |[30;1mp[0m|[30;1mp[0m|[30;1mp[0m|| 7
[32;1m[Board] [0m   -------------------
[32;1m[Board] [0m 6 ||[7;1m [0m| |[7;1m [0m| |[30;1mp[0m| |[7;1m [0m| || 6
[32;1m[Board] [0m   -------------------
[32;1m[Board] [0m 5 || |[7;1m [0m|[0;1mp[0m|[30;1mp[0m| |[7;1m [0m| |[7;1m [0m|| 5
[32;1m[Board] [0m   -------------------
[32;1m[Board] [0m 4 ||[0;1mp[0m| |[0;1mb[0m| |[0;1mp[0m| |[7;1m [0m| || 4
[32;1m[Board] [0m   -------------------
[32;1m[Board] [0m 3 || |[7;1m [0m|[0;1mk[0m|[7;1m [0m|[0;1mb[0m|[7;1m [0m| |[7;1m [0m|| 3
[32;1m[Board] [0m   -------------------
[32;1m[Board] [0m 2 ||[0;1mp[0m| |[0;1mp[0m| |[7;1m [0m|[0;1mp[0m|[0;1mp[0m|[0;1mp[0m|| 2
[32;1m[Board] [0m   -------------------
[32;1m[Board] [0m 1 ||[0;1mr[0m|[7;1m [0m| |[7;1m [0m|[0;1mK[0m|[7;1m [0m|[0;1mk[0m|[0;1mr[0m|| 1
[32;1m[Board] [0m   -------------------
[32;1m[Board] [0m     a b c d e f g h
[32;1m[Board] [0m
[32;1m[Referee] [0mThis is the turn of the Black player...
[32;1m[Game] [0mPlayer's error code: 0
[32;1m[Game] [0mChecking move validity...
[32;1m[Board] [0mInitializing board (size: 8)...
[32;1m[Board] [0mLoading history file `championship/chess-engine3-stonkfish/history.csv`...
[32;1m[Board] [0mLoaded 23 move(s).
[32;1m[Board] [0mLoading move file `championship/chess-engine3-stonkfish/move.csv`...
[32;1m[Board] [0mBlack player is playing d5 to d4.
[32;1m[Board] [0m
[32;1m[Board] [0m     a b c d e f g h
[32;1m[Board] [0m   -------------------
[32;1m[Board] [0m 8 ||[7;1m [0m|[0;1mQ[0m|[30;1mb[0m|[30;1mQ[0m|[30;1mK[0m|[30;1mb[0m|[30;1mk[0m|[30;1mr[0m|| 8
[32;1m[Board] [0m   -------------------
[32;1m[Board] [0m 7 || |[7;1m [0m| |[7;1m [0m| |[30;1mp[0m|[30;1mp[0m|[30;1mp[0m|| 7
[32;1m[Board] [0m   -------------------
[32;1m[Board] [0m 6 ||[7;1m [0m| |[7;1m [0m| |[30;1mp[0m| |[7;1m [0m| || 6
[32;1m[Board] [0m   -------------------
[32;1m[Board] [0m 5 || |[7;1m [0m|[0;1mp[0m|[7;1m [0m| |[7;1m [0m| |[7;1m [0m|| 5
[32;1m[Board] [0m   -------------------
[32;1m[Board] [0m 4 ||[0;1mp[0m| |[0;1mb[0m|[30;1mp[0m|[0;1mp[0m| |[7;1m [0m| || 4
[32;1m[Board] [0m   -------------------
[32;1m[Board] [0m 3 || |[7;1m [0m|[0;1mk[0m|[7;1m [0m|[0;1mb[0m|[7;1m [0m| |[7;1m [0m|| 3
[32;1m[Board] [0m   -------------------
[32;1m[Board] [0m 2 ||[0;1mp[0m| |[0;1mp[0m| |[7;1m [0m|[0;1mp[0m|[0;1mp[0m|[0;1mp[0m|| 2
[32;1m[Board] [0m   -------------------
[32;1m[Board] [0m 1 ||[0;1mr[0m|[7;1m [0m| |[7;1m [0m|[0;1mK[0m|[7;1m [0m|[0;1mk[0m|[0;1mr[0m|| 1
[32;1m[Board] [0m   -------------------
[32;1m[Board] [0m     a b c d e f g h
[32;1m[Board] [0m
[32;1m[Referee] [0mThis is the turn of the White player...
Chess engine starting...
Hash OK after replay.
move played: e3d4
in coordinates: from (5,4) to (4,3)
Appending move to history file 

[32;1m[Game] [0mPlayer's error code: 256
[32;1m[Game] [0mChecking move validity...
[32;1m[Board] [0mInitializing board (size: 8)...
[32;1m[Board] [0mLoading history file `championship/chess-engine3-stonkfish/history.csv`...
[32;1m[Board] [0mLoaded 24 move(s).
[32;1m[Board] [0mLoading move file `championship/chess-engine3-stonkfish/move.csv`...
[32;1m[Board] [0mWhite player is playing e3 to d4.
[32;1m[Board] [0m[5;1mWhite Bishop is taking Black Pawn.[0m
[32;1m[Board] [0m
[32;1m[Board] [0m     a b c d e f g h
[32;1m[Board] [0m   -------------------
[32;1m[Board] [0m 8 ||[7;1m [0m|[0;1mQ[0m|[30;1mb[0m|[30;1mQ[0m|[30;1mK[0m|[30;1mb[0m|[30;1mk[0m|[30;1mr[0m|| 8
[32;1m[Board] [0m   -------------------
[32;1m[Board] [0m 7 || |[7;1m [0m| |[7;1m [0m| |[30;1mp[0m|[30;1mp[0m|[30;1mp[0m|| 7
[32;1m[Board] [0m   -------------------
[32;1m[Board] [0m 6 ||[7;1m [0m| |[7;1m [0m| |[30;1mp[0m| |[7;1m [0m| || 6
[32;1m[Board] [0m   -------------------
[32;1m[Board] [0m 5 || |[7;1m [0m|[0;1mp[0m|[7;1m [0m| |[7;1m [0m| |[7;1m [0m|| 5
[32;1m[Board] [0m   -------------------
[32;1m[Board] [0m 4 ||[0;1mp[0m| |[0;1mb[0m|[0;1mb[0m|[0;1mp[0m| |[7;1m [0m| || 4
[32;1m[Board] [0m   -------------------
[32;1m[Board] [0m 3 || |[7;1m [0m|[0;1mk[0m|[7;1m [0m| |[7;1m [0m| |[7;1m [0m|| 3
[32;1m[Board] [0m   -------------------
[32;1m[Board] [0m 2 ||[0;1mp[0m| |[0;1mp[0m| |[7;1m [0m|[0;1mp[0m|[0;1mp[0m|[0;1mp[0m|| 2
[32;1m[Board] [0m   -------------------
[32;1m[Board] [0m 1 ||[0;1mr[0m|[7;1m [0m| |[7;1m [0m|[0;1mK[0m|[7;1m [0m|[0;1mk[0m|[0;1mr[0m|| 1
[32;1m[Board] [0m   -------------------
[32;1m[Board] [0m     a b c d e f g h
[32;1m[Board] [0m
[32;1m[Referee] [0mThis is the turn of the Black player...
[32;1m[Game] [0mPlayer's error code: 0
[32;1m[Game] [0mChecking move validity...
[32;1m[Board] [0mInitializing board (size: 8)...
[32;1m[Board] [0mLoading history file `championship/chess-engine3-stonkfish/history.csv`...
[32;1m[Board] [0mLoaded 25 move(s).
[32;1m[Board] [0mLoading move file `championship/chess-engine3-stonkfish/move.csv`...
[32;1m[Board] [0mBlack player is playing e6 to e5.
[32;1m[Board] [0m
[32;1m[Board] [0m     a b c d e f g h
[32;1m[Board] [0m   -------------------
[32;1m[Board] [0m 8 ||[7;1m [0m|[0;1mQ[0m|[30;1mb[0m|[30;1mQ[0m|[30;1mK[0m|[30;1mb[0m|[30;1mk[0m|[30;1mr[0m|| 8
[32;1m[Board] [0m   -------------------
[32;1m[Board] [0m 7 || |[7;1m [0m| |[7;1m [0m| |[30;1mp[0m|[30;1mp[0m|[30;1mp[0m|| 7
[32;1m[Board] [0m   -------------------
[32;1m[Board] [0m 6 ||[7;1m [0m| |[7;1m [0m| |[7;1m [0m| |[7;1m [0m| || 6
[32;1m[Board] [0m   -------------------
[32;1m[Board] [0m 5 || |[7;1m [0m|[0;1mp[0m|[7;1m [0m|[30;1mp[0m|[7;1m [0m| |[7;1m [0m|| 5
[32;1m[Board] [0m   -------------------
[32;1m[Board] [0m 4 ||[0;1mp[0m| |[0;1mb[0m|[0;1mb[0m|[0;1mp[0m| |[7;1m [0m| || 4
[32;1m[Board] [0m   -------------------
[32;1m[Board] [0m 3 || |[7;1m [0m|[0;1mk[0m|[7;1m [0m| |[7;1m [0m| |[7;1m [0m|| 3
[32;1m[Board] [0m   -------------------
[32;1m[Board] [0m 2 ||[0;1mp[0m| |[0;1mp[0m| |[7;1m [0m|[0;1mp[0m|[0;1mp[0m|[0;1mp[0m|| 2
[32;1m[Board] [0m   -------------------
[32;1m[Board] [0m 1 ||[0;1mr[0m|[7;1m [0m| |[7;1m [0m|[0;1mK[0m|[7;1m [0m|[0;1mk[0m|[0;1mr[0m|| 1
[32;1m[Board] [0m   -------------------
[32;1m[Board] [0m     a b c d e f g h
[32;1m[Board] [0m
[32;1m[Referee] [0mThis is the turn of the White player...
Chess engine starting...
Hash OK after replay.
move played: b8e5
in coordinates: from (0,1) to (3,4)
Appending move to history file 

[32;1m[Game] [0mPlayer's error code: 256
[32;1m[Game] [0mChecking move validity...
[32;1m[Board] [0mInitializing board (size: 8)...
[32;1m[Board] [0mLoading history file `championship/chess-engine3-stonkfish/history.csv`...
[32;1m[Board] [0mLoaded 26 move(s).
[32;1m[Board] [0mLoading move file `championship/chess-engine3-stonkfish/move.csv`...
[32;1m[Board] [0mWhite player is playing b8 to e5.
[32;1m[Board] [0m[5;1mWhite Queen is taking Black Pawn.[0m
[32;1m[Board] [0m
[32;1m[Board] [0m     a b c d e f g h
[32;1m[Board] [0m   -------------------
[32;1m[Board] [0m 8 ||[7;1m [0m| |[30;1mb[0m|[30;1mQ[0m|[30;1mK[0m|[30;1mb[0m|[30;1mk[0m|[30;1mr[0m|| 8
[32;1m[Board] [0m   -------------------
[32;1m[Board] [0m 7 || |[7;1m [0m| |[7;1m [0m| |[30;1mp[0m|[30;1mp[0m|[30;1mp[0m|| 7
[32;1m[Board] [0m   -------------------
[32;1m[Board] [0m 6 ||[7;1m [0m| |[7;1m [0m| |[7;1m [0m| |[7;1m [0m| || 6
[32;1m[Board] [0m   -------------------
[32;1m[Board] [0m 5 || |[7;1m [0m|[0;1mp[0m|[7;1m [0m|[0;1mQ[0m|[7;1m [0m| |[7;1m [0m|| 5
[32;1m[Board] [0m   -------------------
[32;1m[Board] [0m 4 ||[0;1mp[0m| |[0;1mb[0m|[0;1mb[0m|[0;1mp[0m| |[7;1m [0m| || 4
[32;1m[Board] [0m   -------------------
[32;1m[Board] [0m 3 || |[7;1m [0m|[0;1mk[0m|[7;1m [0m| |[7;1m [0m| |[7;1m [0m|| 3
[32;1m[Board] [0m   -------------------
[32;1m[Board] [0m 2 ||[0;1mp[0m| |[0;1mp[0m| |[7;1m [0m|[0;1mp[0m|[0;1mp[0m|[0;1mp[0m|| 2
[32;1m[Board] [0m   -------------------
[32;1m[Board] [0m 1 ||[0;1mr[0m|[7;1m [0m| |[7;1m [0m|[0;1mK[0m|[7;1m [0m|[0;1mk[0m|[0;1mr[0m|| 1
[32;1m[Board] [0m   -------------------
[32;1m[Board] [0m     a b c d e f g h
[32;1m[Board] [0m
[32;1m[Referee] [0mThis is the turn of the Black player...
[32;1m[Game] [0mPlayer's error code: 0
[32;1m[Game] [0mChecking move validity...
[32;1m[Board] [0mInitializing board (size: 8)...
[32;1m[Board] [0mLoading history file `championship/chess-engine3-stonkfish/history.csv`...
[32;1m[Board] [0mLoaded 27 move(s).
[32;1m[Board] [0mLoading move file `championship/chess-engine3-stonkfish/move.csv`...
[32;1m[Board] [0mBlack player is playing g8 to e7.
[32;1m[Board] [0m
[32;1m[Board] [0m     a b c d e f g h
[32;1m[Board] [0m   -------------------
[32;1m[Board] [0m 8 ||[7;1m [0m| |[30;1mb[0m|[30;1mQ[0m|[30;1mK[0m|[30;1mb[0m|[7;1m [0m|[30;1mr[0m|| 8
[32;1m[Board] [0m   -------------------
[32;1m[Board] [0m 7 || |[7;1m [0m| |[7;1m [0m|[30;1mk[0m|[30;1mp[0m|[30;1mp[0m|[30;1mp[0m|| 7
[32;1m[Board] [0m   -------------------
[32;1m[Board] [0m 6 ||[7;1m [0m| |[7;1m [0m| |[7;1m [0m| |[7;1m [0m| || 6
[32;1m[Board] [0m   -------------------
[32;1m[Board] [0m 5 || |[7;1m [0m|[0;1mp[0m|[7;1m [0m|[0;1mQ[0m|[7;1m [0m| |[7;1m [0m|| 5
[32;1m[Board] [0m   -------------------
[32;1m[Board] [0m 4 ||[0;1mp[0m| |[0;1mb[0m|[0;1mb[0m|[0;1mp[0m| |[7;1m [0m| || 4
[32;1m[Board] [0m   -------------------
[32;1m[Board] [0m 3 || |[7;1m [0m|[0;1mk[0m|[7;1m [0m| |[7;1m [0m| |[7;1m [0m|| 3
[32;1m[Board] [0m   -------------------
[32;1m[Board] [0m 2 ||[0;1mp[0m| |[0;1mp[0m| |[7;1m [0m|[0;1mp[0m|[0;1mp[0m|[0;1mp[0m|| 2
[32;1m[Board] [0m   -------------------
[32;1m[Board] [0m 1 ||[0;1mr[0m|[7;1m [0m| |[7;1m [0m|[0;1mK[0m|[7;1m [0m|[0;1mk[0m|[0;1mr[0m|| 1
[32;1m[Board] [0m   -------------------
[32;1m[Board] [0m     a b c d e f g h
[32;1m[Board] [0m
[32;1m[Referee] [0mThis is the turn of the White player...
Chess engine starting...
Hash OK after replay.
move played: g1e2
in coordinates: from (7,6) to (6,4)
Appending move to history file 

[32;1m[Game] [0mPlayer's error code: 256
[32;1m[Game] [0mChecking move validity...
[32;1m[Board] [0mInitializing board (size: 8)...
[32;1m[Board] [0mLoading history file `championship/chess-engine3-stonkfish/history.csv`...
[32;1m[Board] [0mLoaded 28 move(s).
[32;1m[Board] [0mLoading move file `championship/chess-engine3-stonkfish/move.csv`...
[32;1m[Board] [0mWhite player is playing g1 to e2.
[32;1m[Board] [0m
[32;1m[Board] [0m     a b c d e f g h
[32;1m[Board] [0m   -------------------
[32;1m[Board] [0m 8 ||[7;1m [0m| |[30;1mb[0m|[30;1mQ[0m|[30;1mK[0m|[30;1mb[0m|[7;1m [0m|[30;1mr[0m|| 8
[32;1m[Board] [0m   -------------------
[32;1m[Board] [0m 7 || |[7;1m [0m| |[7;1m [0m|[30;1mk[0m|[30;1mp[0m|[30;1mp[0m|[30;1mp[0m|| 7
[32;1m[Board] [0m   -------------------
[32;1m[Board] [0m 6 ||[7;1m [0m| |[7;1m [0m| |[7;1m [0m| |[7;1m [0m| || 6
[32;1m[Board] [0m   -------------------
[32;1m[Board] [0m 5 || |[7;1m [0m|[0;1mp[0m|[7;1m [0m|[0;1mQ[0m|[7;1m [0m| |[7;1m [0m|| 5
[32;1m[Board] [0m   -------------------
[32;1m[Board] [0m 4 ||[0;1mp[0m| |[0;1mb[0m|[0;1mb[0m|[0;1mp[0m| |[7;1m [0m| || 4
[32;1m[Board] [0m   -------------------
[32;1m[Board] [0m 3 || |[7;1m [0m|[0;1mk[0m|[7;1m [0m| |[7;1m [0m| |[7;1m [0m|| 3
[32;1m[Board] [0m   -------------------
[32;1m[Board] [0m 2 ||[0;1mp[0m| |[0;1mp[0m| |[0;1mk[0m|[0;1mp[0m|[0;1mp[0m|[0;1mp[0m|| 2
[32;1m[Board] [0m   -------------------
[32;1m[Board] [0m 1 ||[0;1mr[0m|[7;1m [0m| |[7;1m [0m|[0;1mK[0m|[7;1m [0m| |[0;1mr[0m|| 1
[32;1m[Board] [0m   -------------------
[32;1m[Board] [0m     a b c d e f g h
[32;1m[Board] [0m
[32;1m[Referee] [0mThis is the turn of the Black player...
[32;1m[Game] [0mPlayer's error code: 0
[32;1m[Game] [0mChecking move validity...
[32;1m[Board] [0mInitializing board (size: 8)...
[32;1m[Board] [0mLoading history file `championship/chess-engine3-stonkfish/history.csv`...
[32;1m[Board] [0mLoaded 29 move(s).
[32;1m[Board] [0mLoading move file `championship/chess-engine3-stonkfish/move.csv`...
[32;1m[Board] [0mBlack player is playing f7 to f6.
[32;1m[Board] [0m
[32;1m[Board] [0m     a b c d e f g h
[32;1m[Board] [0m   -------------------
[32;1m[Board] [0m 8 ||[7;1m [0m| |[30;1mb[0m|[30;1mQ[0m|[30;1mK[0m|[30;1mb[0m|[7;1m [0m|[30;1mr[0m|| 8
[32;1m[Board] [0m   -------------------
[32;1m[Board] [0m 7 || |[7;1m [0m| |[7;1m [0m|[30;1mk[0m|[7;1m [0m|[30;1mp[0m|[30;1mp[0m|| 7
[32;1m[Board] [0m   -------------------
[32;1m[Board] [0m 6 ||[7;1m [0m| |[7;1m [0m| |[7;1m [0m|[30;1mp[0m|[7;1m [0m| || 6
[32;1m[Board] [0m   -------------------
[32;1m[Board] [0m 5 || |[7;1m [0m|[0;1mp[0m|[7;1m [0m|[0;1mQ[0m|[7;1m [0m| |[7;1m [0m|| 5
[32;1m[Board] [0m   -------------------
[32;1m[Board] [0m 4 ||[0;1mp[0m| |[0;1mb[0m|[0;1mb[0m|[0;1mp[0m| |[7;1m [0m| || 4
[32;1m[Board] [0m   -------------------
[32;1m[Board] [0m 3 || |[7;1m [0m|[0;1mk[0m|[7;1m [0m| |[7;1m [0m| |[7;1m [0m|| 3
[32;1m[Board] [0m   -------------------
[32;1m[Board] [0m 2 ||[0;1mp[0m| |[0;1mp[0m| |[0;1mk[0m|[0;1mp[0m|[0;1mp[0m|[0;1mp[0m|| 2
[32;1m[Board] [0m   -------------------
[32;1m[Board] [0m 1 ||[0;1mr[0m|[7;1m [0m| |[7;1m [0m|[0;1mK[0m|[7;1m [0m| |[0;1mr[0m|| 1
[32;1m[Board] [0m   -------------------
[32;1m[Board] [0m     a b c d e f g h
[32;1m[Board] [0m
[32;1m[Referee] [0mThis is the turn of the White player...
Chess engine starting...
Hash OK after replay.
move played: e5h5
in coordinates: from (3,4) to (3,7)
Appending move to history file 

[32;1m[Game] [0mPlayer's error code: 256
[32;1m[Game] [0mChecking move validity...
[32;1m[Board] [0mInitializing board (size: 8)...
[32;1m[Board] [0mLoading history file `championship/chess-engine3-stonkfish/history.csv`...
[32;1m[Board] [0mLoaded 30 move(s).
[32;1m[Board] [0mLoading move file `championship/chess-engine3-stonkfish/move.csv`...
[32;1m[Board] [0mWhite player is playing e5 to h5.
[32;1m[Board] [0m
[32;1m[Board] [0m     a b c d e f g h
[32;1m[Board] [0m   -------------------
[32;1m[Board] [0m 8 ||[7;1m [0m| |[30;1mb[0m|[30;1mQ[0m|[30;1mK[0m|[30;1mb[0m|[7;1m [0m|[30;1mr[0m|| 8
[32;1m[Board] [0m   -------------------
[32;1m[Board] [0m 7 || |[7;1m [0m| |[7;1m [0m|[30;1mk[0m|[7;1m [0m|[30;1mp[0m|[30;1mp[0m|| 7
[32;1m[Board] [0m   -------------------
[32;1m[Board] [0m 6 ||[7;1m [0m| |[7;1m [0m| |[7;1m [0m|[30;1mp[0m|[7;1m [0m| || 6
[32;1m[Board] [0m   -------------------
[32;1m[Board] [0m 5 || |[7;1m [0m|[0;1mp[0m|[7;1m [0m| |[7;1m [0m| |[0;1mQ[0m|| 5
[32;1m[Board] [0m   -------------------
[32;1m[Board] [0m 4 ||[0;1mp[0m| |[0;1mb[0m|[0;1mb[0m|[0;1mp[0m| |[7;1m [0m| || 4
[32;1m[Board] [0m   -------------------
[32;1m[Board] [0m 3 || |[7;1m [0m|[0;1mk[0m|[7;1m [0m| |[7;1m [0m| |[7;1m [0m|| 3
[32;1m[Board] [0m   -------------------
[32;1m[Board] [0m 2 ||[0;1mp[0m| |[0;1mp[0m| |[0;1mk[0m|[0;1mp[0m|[0;1mp[0m|[0;1mp[0m|| 2
[32;1m[Board] [0m   -------------------
[32;1m[Board] [0m 1 ||[0;1mr[0m|[7;1m [0m| |[7;1m [0m|[0;1mK[0m|[7;1m [0m| |[0;1mr[0m|| 1
[32;1m[Board] [0m   -------------------
[32;1m[Board] [0m     a b c d e f g h
[32;1m[Board] [0m
[32;1m[Referee] [0mThis is the turn of the Black player...
[32;1m[Game] [0mPlayer's error code: 0
[32;1m[Game] [0mChecking move validity...
[32;1m[Board] [0mInitializing board (size: 8)...
[32;1m[Board] [0mLoading history file `championship/chess-engine3-stonkfish/history.csv`...
[32;1m[Board] [0mLoaded 31 move(s).
[32;1m[Board] [0mLoading move file `championship/chess-engine3-stonkfish/move.csv`...
[32;1m[Board] [0mBlack player is playing g7 to g6.
[32;1m[Board] [0m
[32;1m[Board] [0m     a b c d e f g h
[32;1m[Board] [0m   -------------------
[32;1m[Board] [0m 8 ||[7;1m [0m| |[30;1mb[0m|[30;1mQ[0m|[30;1mK[0m|[30;1mb[0m|[7;1m [0m|[30;1mr[0m|| 8
[32;1m[Board] [0m   -------------------
[32;1m[Board] [0m 7 || |[7;1m [0m| |[7;1m [0m|[30;1mk[0m|[7;1m [0m| |[30;1mp[0m|| 7
[32;1m[Board] [0m   -------------------
[32;1m[Board] [0m 6 ||[7;1m [0m| |[7;1m [0m| |[7;1m [0m|[30;1mp[0m|[30;1mp[0m| || 6
[32;1m[Board] [0m   -------------------
[32;1m[Board] [0m 5 || |[7;1m [0m|[0;1mp[0m|[7;1m [0m| |[7;1m [0m| |[0;1mQ[0m|| 5
[32;1m[Board] [0m   -------------------
[32;1m[Board] [0m 4 ||[0;1mp[0m| |[0;1mb[0m|[0;1mb[0m|[0;1mp[0m| |[7;1m [0m| || 4
[32;1m[Board] [0m   -------------------
[32;1m[Board] [0m 3 || |[7;1m [0m|[0;1mk[0m|[7;1m [0m| |[7;1m [0m| |[7;1m [0m|| 3
[32;1m[Board] [0m   -------------------
[32;1m[Board] [0m 2 ||[0;1mp[0m| |[0;1mp[0m| |[0;1mk[0m|[0;1mp[0m|[0;1mp[0m|[0;1mp[0m|| 2
[32;1m[Board] [0m   -------------------
[32;1m[Board] [0m 1 ||[0;1mr[0m|[7;1m [0m| |[7;1m [0m|[0;1mK[0m|[7;1m [0m| |[0;1mr[0m|| 1
[32;1m[Board] [0m   -------------------
[32;1m[Board] [0m     a b c d e f g h
[32;1m[Board] [0m
[32;1m[Referee] [0mThis is the turn of the White player...
Chess engine starting...
Hash OK after replay.
move played: h5f3
in coordinates: from (3,7) to (5,5)
Appending move to history file 

[32;1m[Game] [0mPlayer's error code: 256
[32;1m[Game] [0mChecking move validity...
[32;1m[Board] [0mInitializing board (size: 8)...
[32;1m[Board] [0mLoading history file `championship/chess-engine3-stonkfish/history.csv`...
[32;1m[Board] [0mLoaded 32 move(s).
[32;1m[Board] [0mLoading move file `championship/chess-engine3-stonkfish/move.csv`...
[32;1m[Board] [0mWhite player is playing h5 to f3.
[32;1m[Board] [0m
[32;1m[Board] [0m     a b c d e f g h
[32;1m[Board] [0m   -------------------
[32;1m[Board] [0m 8 ||[7;1m [0m| |[30;1mb[0m|[30;1mQ[0m|[30;1mK[0m|[30;1mb[0m|[7;1m [0m|[30;1mr[0m|| 8
[32;1m[Board] [0m   -------------------
[32;1m[Board] [0m 7 || |[7;1m [0m| |[7;1m [0m|[30;1mk[0m|[7;1m [0m| |[30;1mp[0m|| 7
[32;1m[Board] [0m   -------------------
[32;1m[Board] [0m 6 ||[7;1m [0m| |[7;1m [0m| |[7;1m [0m|[30;1mp[0m|[30;1mp[0m| || 6
[32;1m[Board] [0m   -------------------
[32;1m[Board] [0m 5 || |[7;1m [0m|[0;1mp[0m|[7;1m [0m| |[7;1m [0m| |[7;1m [0m|| 5
[32;1m[Board] [0m   -------------------
[32;1m[Board] [0m 4 ||[0;1mp[0m| |[0;1mb[0m|[0;1mb[0m|[0;1mp[0m| |[7;1m [0m| || 4
[32;1m[Board] [0m   -------------------
[32;1m[Board] [0m 3 || |[7;1m [0m|[0;1mk[0m|[7;1m [0m| |[0;1mQ[0m| |[7;1m [0m|| 3
[32;1m[Board] [0m   -------------------
[32;1m[Board] [0m 2 ||[0;1mp[0m| |[0;1mp[0m| |[0;1mk[0m|[0;1mp[0m|[0;1mp[0m|[0;1mp[0m|| 2
[32;1m[Board] [0m   -------------------
[32;1m[Board] [0m 1 ||[0;1mr[0m|[7;1m [0m| |[7;1m [0m|[0;1mK[0m|[7;1m [0m| |[0;1mr[0m|| 1
[32;1m[Board] [0m   -------------------
[32;1m[Board] [0m     a b c d e f g h
[32;1m[Board] [0m
[32;1m[Referee] [0mThis is the turn of the Black player...
[32;1m[Game] [0mPlayer's error code: 0
[32;1m[Game] [0mChecking move validity...
[32;1m[Board] [0mInitializing board (size: 8)...
[32;1m[Board] [0mLoading history file `championship/chess-engine3-stonkfish/history.csv`...
[32;1m[Board] [0mLoaded 33 move(s).
[32;1m[Board] [0mLoading move file `championship/chess-engine3-stonkfish/move.csv`...
[32;1m[Board] [0mBlack player is playing f6 to f5.
[32;1m[Board] [0m
[32;1m[Board] [0m     a b c d e f g h
[32;1m[Board] [0m   -------------------
[32;1m[Board] [0m 8 ||[7;1m [0m| |[30;1mb[0m|[30;1mQ[0m|[30;1mK[0m|[30;1mb[0m|[7;1m [0m|[30;1mr[0m|| 8
[32;1m[Board] [0m   -------------------
[32;1m[Board] [0m 7 || |[7;1m [0m| |[7;1m [0m|[30;1mk[0m|[7;1m [0m| |[30;1mp[0m|| 7
[32;1m[Board] [0m   -------------------
[32;1m[Board] [0m 6 ||[7;1m [0m| |[7;1m [0m| |[7;1m [0m| |[30;1mp[0m| || 6
[32;1m[Board] [0m   -------------------
[32;1m[Board] [0m 5 || |[7;1m [0m|[0;1mp[0m|[7;1m [0m| |[30;1mp[0m| |[7;1m [0m|| 5
[32;1m[Board] [0m   -------------------
[32;1m[Board] [0m 4 ||[0;1mp[0m| |[0;1mb[0m|[0;1mb[0m|[0;1mp[0m| |[7;1m [0m| || 4
[32;1m[Board] [0m   -------------------
[32;1m[Board] [0m 3 || |[7;1m [0m|[0;1mk[0m|[7;1m [0m| |[0;1mQ[0m| |[7;1m [0m|| 3
[32;1m[Board] [0m   -------------------
[32;1m[Board] [0m 2 ||[0;1mp[0m| |[0;1mp[0m| |[0;1mk[0m|[0;1mp[0m|[0;1mp[0m|[0;1mp[0m|| 2
[32;1m[Board] [0m   -------------------
[32;1m[Board] [0m 1 ||[0;1mr[0m|[7;1m [0m| |[7;1m [0m|[0;1mK[0m|[7;1m [0m| |[0;1mr[0m|| 1
[32;1m[Board] [0m   -------------------
[32;1m[Board] [0m     a b c d e f g h
[32;1m[Board] [0m
[32;1m[Referee] [0mThis is the turn of the White player...
Chess engine starting...
Hash OK after replay.
move played: d4h8
in coordinates: from (4,3) to (0,7)
Appending move to history file 

[32;1m[Game] [0mPlayer's error code: 256
[32;1m[Game] [0mChecking move validity...
[32;1m[Board] [0mInitializing board (size: 8)...
[32;1m[Board] [0mLoading history file `championship/chess-engine3-stonkfish/history.csv`...
[32;1m[Board] [0mLoaded 34 move(s).
[32;1m[Board] [0mLoading move file `championship/chess-engine3-stonkfish/move.csv`...
[32;1m[Board] [0mWhite player is playing d4 to h8.
[32;1m[Board] [0m[5;1mWhite Bishop is taking Black Rook.[0m
[32;1m[Board] [0m
[32;1m[Board] [0m     a b c d e f g h
[32;1m[Board] [0m   -------------------
[32;1m[Board] [0m 8 ||[7;1m [0m| |[30;1mb[0m|[30;1mQ[0m|[30;1mK[0m|[30;1mb[0m|[7;1m [0m|[0;1mb[0m|| 8
[32;1m[Board] [0m   -------------------
[32;1m[Board] [0m 7 || |[7;1m [0m| |[7;1m [0m|[30;1mk[0m|[7;1m [0m| |[30;1mp[0m|| 7
[32;1m[Board] [0m   -------------------
[32;1m[Board] [0m 6 ||[7;1m [0m| |[7;1m [0m| |[7;1m [0m| |[30;1mp[0m| || 6
[32;1m[Board] [0m   -------------------
[32;1m[Board] [0m 5 || |[7;1m [0m|[0;1mp[0m|[7;1m [0m| |[30;1mp[0m| |[7;1m [0m|| 5
[32;1m[Board] [0m   -------------------
[32;1m[Board] [0m 4 ||[0;1mp[0m| |[0;1mb[0m| |[0;1mp[0m| |[7;1m [0m| || 4
[32;1m[Board] [0m   -------------------
[32;1m[Board] [0m 3 || |[7;1m [0m|[0;1mk[0m|[7;1m [0m| |[0;1mQ[0m| |[7;1m [0m|| 3
[32;1m[Board] [0m   -------------------
[32;1m[Board] [0m 2 ||[0;1mp[0m| |[0;1mp[0m| |[0;1mk[0m|[0;1mp[0m|[0;1mp[0m|[0;1mp[0m|| 2
[32;1m[Board] [0m   -------------------
[32;1m[Board] [0m 1 ||[0;1mr[0m|[7;1m [0m| |[7;1m [0m|[0;1mK[0m|[7;1m [0m| |[0;1mr[0m|| 1
[32;1m[Board] [0m   -------------------
[32;1m[Board] [0m     a b c d e f g h
[32;1m[Board] [0m
[32;1m[Referee] [0mThis is the turn of the Black player...
[32;1m[Game] [0mPlayer's error code: 0
[32;1m[Game] [0mChecking move validity...
[32;1m[Board] [0mInitializing board (size: 8)...
[32;1m[Board] [0mLoading history file `championship/chess-engine3-stonkfish/history.csv`...
[32;1m[Board] [0mLoaded 35 move(s).
[32;1m[Board] [0mLoading move file `championship/chess-engine3-stonkfish/move.csv`...
[32;1m[Board] [0mBlack player is playing f5 to f4.
[32;1m[Board] [0m
[32;1m[Board] [0m     a b c d e f g h
[32;1m[Board] [0m   -------------------
[32;1m[Board] [0m 8 ||[7;1m [0m| |[30;1mb[0m|[30;1mQ[0m|[30;1mK[0m|[30;1mb[0m|[7;1m [0m|[0;1mb[0m|| 8
[32;1m[Board] [0m   -------------------
[32;1m[Board] [0m 7 || |[7;1m [0m| |[7;1m [0m|[30;1mk[0m|[7;1m [0m| |[30;1mp[0m|| 7
[32;1m[Board] [0m   -------------------
[32;1m[Board] [0m 6 ||[7;1m [0m| |[7;1m [0m| |[7;1m [0m| |[30;1mp[0m| || 6
[32;1m[Board] [0m   -------------------
[32;1m[Board] [0m 5 || |[7;1m [0m|[0;1mp[0m|[7;1m [0m| |[7;1m [0m| |[7;1m [0m|| 5
[32;1m[Board] [0m   -------------------
[32;1m[Board] [0m 4 ||[0;1mp[0m| |[0;1mb[0m| |[0;1mp[0m|[30;1mp[0m|[7;1m [0m| || 4
[32;1m[Board] [0m   -------------------
[32;1m[Board] [0m 3 || |[7;1m [0m|[0;1mk[0m|[7;1m [0m| |[0;1mQ[0m| |[7;1m [0m|| 3
[32;1m[Board] [0m   -------------------
[32;1m[Board] [0m 2 ||[0;1mp[0m| |[0;1mp[0m| |[0;1mk[0m|[0;1mp[0m|[0;1mp[0m|[0;1mp[0m|| 2
[32;1m[Board] [0m   -------------------
[32;1m[Board] [0m 1 ||[0;1mr[0m|[7;1m [0m| |[7;1m [0m|[0;1mK[0m|[7;1m [0m| |[0;1mr[0m|| 1
[32;1m[Board] [0m   -------------------
[32;1m[Board] [0m     a b c d e f g h
[32;1m[Board] [0m
[32;1m[Referee] [0mThis is the turn of the White player...
Chess engine starting...
Hash OK after replay.
move played: f3f4
in coordinates: from (5,5) to (4,5)
Appending move to history file 

[32;1m[Game] [0mPlayer's error code: 256
[32;1m[Game] [0mChecking move validity...
[32;1m[Board] [0mInitializing board (size: 8)...
[32;1m[Board] [0mLoading history file `championship/chess-engine3-stonkfish/history.csv`...
[32;1m[Board] [0mLoaded 36 move(s).
[32;1m[Board] [0mLoading move file `championship/chess-engine3-stonkfish/move.csv`...
[32;1m[Board] [0mWhite player is playing f3 to f4.
[32;1m[Board] [0m[5;1mWhite Queen is taking Black Pawn.[0m
[32;1m[Board] [0m
[32;1m[Board] [0m     a b c d e f g h
[32;1m[Board] [0m   -------------------
[32;1m[Board] [0m 8 ||[7;1m [0m| |[30;1mb[0m|[30;1mQ[0m|[30;1mK[0m|[30;1mb[0m|[7;1m [0m|[0;1mb[0m|| 8
[32;1m[Board] [0m   -------------------
[32;1m[Board] [0m 7 || |[7;1m [0m| |[7;1m [0m|[30;1mk[0m|[7;1m [0m| |[30;1mp[0m|| 7
[32;1m[Board] [0m   -------------------
[32;1m[Board] [0m 6 ||[7;1m [0m| |[7;1m [0m| |[7;1m [0m| |[30;1mp[0m| || 6
[32;1m[Board] [0m   -------------------
[32;1m[Board] [0m 5 || |[7;1m [0m|[0;1mp[0m|[7;1m [0m| |[7;1m [0m| |[7;1m [0m|| 5
[32;1m[Board] [0m   -------------------
[32;1m[Board] [0m 4 ||[0;1mp[0m| |[0;1mb[0m| |[0;1mp[0m|[0;1mQ[0m|[7;1m [0m| || 4
[32;1m[Board] [0m   -------------------
[32;1m[Board] [0m 3 || |[7;1m [0m|[0;1mk[0m|[7;1m [0m| |[7;1m [0m| |[7;1m [0m|| 3
[32;1m[Board] [0m   -------------------
[32;1m[Board] [0m 2 ||[0;1mp[0m| |[0;1mp[0m| |[0;1mk[0m|[0;1mp[0m|[0;1mp[0m|[0;1mp[0m|| 2
[32;1m[Board] [0m   -------------------
[32;1m[Board] [0m 1 ||[0;1mr[0m|[7;1m [0m| |[7;1m [0m|[0;1mK[0m|[7;1m [0m| |[0;1mr[0m|| 1
[32;1m[Board] [0m   -------------------
[32;1m[Board] [0m     a b c d e f g h
[32;1m[Board] [0m
[32;1m[Referee] [0mThis is the turn of the Black player...
[32;1m[Game] [0mPlayer's error code: 0
[32;1m[Game] [0mChecking move validity...
[32;1m[Board] [0mInitializing board (size: 8)...
[32;1m[Board] [0mLoading history file `championship/chess-engine3-stonkfish/history.csv`...
[32;1m[Board] [0mLoaded 37 move(s).
[32;1m[Board] [0mLoading move file `championship/chess-engine3-stonkfish/move.csv`...
[32;1m[Board] [0mBlack player is playing g6 to g5.
[32;1m[Board] [0m
[32;1m[Board] [0m     a b c d e f g h
[32;1m[Board] [0m   -------------------
[32;1m[Board] [0m 8 ||[7;1m [0m| |[30;1mb[0m|[30;1mQ[0m|[30;1mK[0m|[30;1mb[0m|[7;1m [0m|[0;1mb[0m|| 8
[32;1m[Board] [0m   -------------------
[32;1m[Board] [0m 7 || |[7;1m [0m| |[7;1m [0m|[30;1mk[0m|[7;1m [0m| |[30;1mp[0m|| 7
[32;1m[Board] [0m   -------------------
[32;1m[Board] [0m 6 ||[7;1m [0m| |[7;1m [0m| |[7;1m [0m| |[7;1m [0m| || 6
[32;1m[Board] [0m   -------------------
[32;1m[Board] [0m 5 || |[7;1m [0m|[0;1mp[0m|[7;1m [0m| |[7;1m [0m|[30;1mp[0m|[7;1m [0m|| 5
[32;1m[Board] [0m   -------------------
[32;1m[Board] [0m 4 ||[0;1mp[0m| |[0;1mb[0m| |[0;1mp[0m|[0;1mQ[0m|[7;1m [0m| || 4
[32;1m[Board] [0m   -------------------
[32;1m[Board] [0m 3 || |[7;1m [0m|[0;1mk[0m|[7;1m [0m| |[7;1m [0m| |[7;1m [0m|| 3
[32;1m[Board] [0m   -------------------
[32;1m[Board] [0m 2 ||[0;1mp[0m| |[0;1mp[0m| |[0;1mk[0m|[0;1mp[0m|[0;1mp[0m|[0;1mp[0m|| 2
[32;1m[Board] [0m   -------------------
[32;1m[Board] [0m 1 ||[0;1mr[0m|[7;1m [0m| |[7;1m [0m|[0;1mK[0m|[7;1m [0m| |[0;1mr[0m|| 1
[32;1m[Board] [0m   -------------------
[32;1m[Board] [0m     a b c d e f g h
[32;1m[Board] [0m
[32;1m[Referee] [0mThis is the turn of the White player...
Chess engine starting...
Hash OK after replay.
move played: f4g5
in coordinates: from (4,5) to (3,6)
Appending move to history file 

[32;1m[Game] [0mPlayer's error code: 256
[32;1m[Game] [0mChecking move validity...
[32;1m[Board] [0mInitializing board (size: 8)...
[32;1m[Board] [0mLoading history file `championship/chess-engine3-stonkfish/history.csv`...
[32;1m[Board] [0mLoaded 38 move(s).
[32;1m[Board] [0mLoading move file `championship/chess-engine3-stonkfish/move.csv`...
[32;1m[Board] [0mWhite player is playing f4 to g5.
[32;1m[Board] [0m[5;1mWhite Queen is taking Black Pawn.[0m
[32;1m[Board] [0m
[32;1m[Board] [0m     a b c d e f g h
[32;1m[Board] [0m   -------------------
[32;1m[Board] [0m 8 ||[7;1m [0m| |[30;1mb[0m|[30;1mQ[0m|[30;1mK[0m|[30;1mb[0m|[7;1m [0m|[0;1mb[0m|| 8
[32;1m[Board] [0m   -------------------
[32;1m[Board] [0m 7 || |[7;1m [0m| |[7;1m [0m|[30;1mk[0m|[7;1m [0m| |[30;1mp[0m|| 7
[32;1m[Board] [0m   -------------------
[32;1m[Board] [0m 6 ||[7;1m [0m| |[7;1m [0m| |[7;1m [0m| |[7;1m [0m| || 6
[32;1m[Board] [0m   -------------------
[32;1m[Board] [0m 5 || |[7;1m [0m|[0;1mp[0m|[7;1m [0m| |[7;1m [0m|[0;1mQ[0m|[7;1m [0m|| 5
[32;1m[Board] [0m   -------------------
[32;1m[Board] [0m 4 ||[0;1mp[0m| |[0;1mb[0m| |[0;1mp[0m| |[7;1m [0m| || 4
[32;1m[Board] [0m   -------------------
[32;1m[Board] [0m 3 || |[7;1m [0m|[0;1mk[0m|[7;1m [0m| |[7;1m [0m| |[7;1m [0m|| 3
[32;1m[Board] [0m   -------------------
[32;1m[Board] [0m 2 ||[0;1mp[0m| |[0;1mp[0m| |[0;1mk[0m|[0;1mp[0m|[0;1mp[0m|[0;1mp[0m|| 2
[32;1m[Board] [0m   -------------------
[32;1m[Board] [0m 1 ||[0;1mr[0m|[7;1m [0m| |[7;1m [0m|[0;1mK[0m|[7;1m [0m| |[0;1mr[0m|| 1
[32;1m[Board] [0m   -------------------
[32;1m[Board] [0m     a b c d e f g h
[32;1m[Board] [0m
[32;1m[Referee] [0mThis is the turn of the Black player...
[32;1m[Game] [0mPlayer's error code: 0
[32;1m[Game] [0mChecking move validity...
[32;1m[Board] [0mInitializing board (size: 8)...
[32;1m[Board] [0mLoading history file `championship/chess-engine3-stonkfish/history.csv`...
[32;1m[Board] [0mLoaded 39 move(s).
[32;1m[Board] [0mLoading move file `championship/chess-engine3-stonkfish/move.csv`...
[32;1m[Board] [0mBlack player is playing h7 to h6.
[32;1m[Board] [0m
[32;1m[Board] [0m     a b c d e f g h
[32;1m[Board] [0m   -------------------
[32;1m[Board] [0m 8 ||[7;1m [0m| |[30;1mb[0m|[30;1mQ[0m|[30;1mK[0m|[30;1mb[0m|[7;1m [0m|[0;1mb[0m|| 8
[32;1m[Board] [0m   -------------------
[32;1m[Board] [0m 7 || |[7;1m [0m| |[7;1m [0m|[30;1mk[0m|[7;1m [0m| |[7;1m [0m|| 7
[32;1m[Board] [0m   -------------------
[32;1m[Board] [0m 6 ||[7;1m [0m| |[7;1m [0m| |[7;1m [0m| |[7;1m [0m|[30;1mp[0m|| 6
[32;1m[Board] [0m   -------------------
[32;1m[Board] [0m 5 || |[7;1m [0m|[0;1mp[0m|[7;1m [0m| |[7;1m [0m|[0;1mQ[0m|[7;1m [0m|| 5
[32;1m[Board] [0m   -------------------
[32;1m[Board] [0m 4 ||[0;1mp[0m| |[0;1mb[0m| |[0;1mp[0m| |[7;1m [0m| || 4
[32;1m[Board] [0m   -------------------
[32;1m[Board] [0m 3 || |[7;1m [0m|[0;1mk[0m|[7;1m [0m| |[7;1m [0m| |[7;1m [0m|| 3
[32;1m[Board] [0m   -------------------
[32;1m[Board] [0m 2 ||[0;1mp[0m| |[0;1mp[0m| |[0;1mk[0m|[0;1mp[0m|[0;1mp[0m|[0;1mp[0m|| 2
[32;1m[Board] [0m   -------------------
[32;1m[Board] [0m 1 ||[0;1mr[0m|[7;1m [0m| |[7;1m [0m|[0;1mK[0m|[7;1m [0m| |[0;1mr[0m|| 1
[32;1m[Board] [0m   -------------------
[32;1m[Board] [0m     a b c d e f g h
[32;1m[Board] [0m
[32;1m[Referee] [0mThis is the turn of the White player...
Chess engine starting...
Hash OK after replay.
move played: g5e3
in coordinates: from (3,6) to (5,4)
Appending move to history file 

[32;1m[Game] [0mPlayer's error code: 256
[32;1m[Game] [0mChecking move validity...
[32;1m[Board] [0mInitializing board (size: 8)...
[32;1m[Board] [0mLoading history file `championship/chess-engine3-stonkfish/history.csv`...
[32;1m[Board] [0mLoaded 40 move(s).
[32;1m[Board] [0mLoading move file `championship/chess-engine3-stonkfish/move.csv`...
[32;1m[Board] [0mWhite player is playing g5 to e3.
[32;1m[Board] [0m
[32;1m[Board] [0m     a b c d e f g h
[32;1m[Board] [0m   -------------------
[32;1m[Board] [0m 8 ||[7;1m [0m| |[30;1mb[0m|[30;1mQ[0m|[30;1mK[0m|[30;1mb[0m|[7;1m [0m|[0;1mb[0m|| 8
[32;1m[Board] [0m   -------------------
[32;1m[Board] [0m 7 || |[7;1m [0m| |[7;1m [0m|[30;1mk[0m|[7;1m [0m| |[7;1m [0m|| 7
[32;1m[Board] [0m   -------------------
[32;1m[Board] [0m 6 ||[7;1m [0m| |[7;1m [0m| |[7;1m [0m| |[7;1m [0m|[30;1mp[0m|| 6
[32;1m[Board] [0m   -------------------
[32;1m[Board] [0m 5 || |[7;1m [0m|[0;1mp[0m|[7;1m [0m| |[7;1m [0m| |[7;1m [0m|| 5
[32;1m[Board] [0m   -------------------
[32;1m[Board] [0m 4 ||[0;1mp[0m| |[0;1mb[0m| |[0;1mp[0m| |[7;1m [0m| || 4
[32;1m[Board] [0m   -------------------
[32;1m[Board] [0m 3 || |[7;1m [0m|[0;1mk[0m|[7;1m [0m|[0;1mQ[0m|[7;1m [0m| |[7;1m [0m|| 3
[32;1m[Board] [0m   -------------------
[32;1m[Board] [0m 2 ||[0;1mp[0m| |[0;1mp[0m| |[0;1mk[0m|[0;1mp[0m|[0;1mp[0m|[0;1mp[0m|| 2
[32;1m[Board] [0m   -------------------
[32;1m[Board] [0m 1 ||[0;1mr[0m|[7;1m [0m| |[7;1m [0m|[0;1mK[0m|[7;1m [0m| |[0;1mr[0m|| 1
[32;1m[Board] [0m   -------------------
[32;1m[Board] [0m     a b c d e f g h
[32;1m[Board] [0m
[32;1m[Referee] [0mThis is the turn of the Black player...
[32;1m[Game] [0mPlayer's error code: 0
[32;1m[Game] [0mChecking move validity...
[32;1m[Board] [0mInitializing board (size: 8)...
[32;1m[Board] [0mLoading history file `championship/chess-engine3-stonkfish/history.csv`...
[32;1m[Board] [0mLoaded 41 move(s).
[32;1m[Board] [0mLoading move file `championship/chess-engine3-stonkfish/move.csv`...
[32;1m[Board] [0mBlack player is playing h6 to h5.
[32;1m[Board] [0m
[32;1m[Board] [0m     a b c d e f g h
[32;1m[Board] [0m   -------------------
[32;1m[Board] [0m 8 ||[7;1m [0m| |[30;1mb[0m|[30;1mQ[0m|[30;1mK[0m|[30;1mb[0m|[7;1m [0m|[0;1mb[0m|| 8
[32;1m[Board] [0m   -------------------
[32;1m[Board] [0m 7 || |[7;1m [0m| |[7;1m [0m|[30;1mk[0m|[7;1m [0m| |[7;1m [0m|| 7
[32;1m[Board] [0m   -------------------
[32;1m[Board] [0m 6 ||[7;1m [0m| |[7;1m [0m| |[7;1m [0m| |[7;1m [0m| || 6
[32;1m[Board] [0m   -------------------
[32;1m[Board] [0m 5 || |[7;1m [0m|[0;1mp[0m|[7;1m [0m| |[7;1m [0m| |[30;1mp[0m|| 5
[32;1m[Board] [0m   -------------------
[32;1m[Board] [0m 4 ||[0;1mp[0m| |[0;1mb[0m| |[0;1mp[0m| |[7;1m [0m| || 4
[32;1m[Board] [0m   -------------------
[32;1m[Board] [0m 3 || |[7;1m [0m|[0;1mk[0m|[7;1m [0m|[0;1mQ[0m|[7;1m [0m| |[7;1m [0m|| 3
[32;1m[Board] [0m   -------------------
[32;1m[Board] [0m 2 ||[0;1mp[0m| |[0;1mp[0m| |[0;1mk[0m|[0;1mp[0m|[0;1mp[0m|[0;1mp[0m|| 2
[32;1m[Board] [0m   -------------------
[32;1m[Board] [0m 1 ||[0;1mr[0m|[7;1m [0m| |[7;1m [0m|[0;1mK[0m|[7;1m [0m| |[0;1mr[0m|| 1
[32;1m[Board] [0m   -------------------
[32;1m[Board] [0m     a b c d e f g h
[32;1m[Board] [0m
[32;1m[Referee] [0mThis is the turn of the White player...
Chess engine starting...
Hash OK after replay.
move played: e1g1
in coordinates: from (7,4) to (7,6)
Appending move to history file 

[32;1m[Game] [0mPlayer's error code: 256
[32;1m[Game] [0mChecking move validity...
[32;1m[Board] [0mInitializing board (size: 8)...
[32;1m[Board] [0mLoading history file `championship/chess-engine3-stonkfish/history.csv`...
[32;1m[Board] [0mLoaded 42 move(s).
[32;1m[Board] [0mLoading move file `championship/chess-engine3-stonkfish/move.csv`...
[32;1m[Board] [0mWhite player is playing e1 to g1.
[32;1m[Board] [0mWhite player is castling kingside...
[32;1m[Board] [0m
[32;1m[Board] [0m     a b c d e f g h
[32;1m[Board] [0m   -------------------
[32;1m[Board] [0m 8 ||[7;1m [0m| |[30;1mb[0m|[30;1mQ[0m|[30;1mK[0m|[30;1mb[0m|[7;1m [0m|[0;1mb[0m|| 8
[32;1m[Board] [0m   -------------------
[32;1m[Board] [0m 7 || |[7;1m [0m| |[7;1m [0m|[30;1mk[0m|[7;1m [0m| |[7;1m [0m|| 7
[32;1m[Board] [0m   -------------------
[32;1m[Board] [0m 6 ||[7;1m [0m| |[7;1m [0m| |[7;1m [0m| |[7;1m [0m| || 6
[32;1m[Board] [0m   -------------------
[32;1m[Board] [0m 5 || |[7;1m [0m|[0;1mp[0m|[7;1m [0m| |[7;1m [0m| |[30;1mp[0m|| 5
[32;1m[Board] [0m   -------------------
[32;1m[Board] [0m 4 ||[0;1mp[0m| |[0;1mb[0m| |[0;1mp[0m| |[7;1m [0m| || 4
[32;1m[Board] [0m   -------------------
[32;1m[Board] [0m 3 || |[7;1m [0m|[0;1mk[0m|[7;1m [0m|[0;1mQ[0m|[7;1m [0m| |[7;1m [0m|| 3
[32;1m[Board] [0m   -------------------
[32;1m[Board] [0m 2 ||[0;1mp[0m| |[0;1mp[0m| |[0;1mk[0m|[0;1mp[0m|[0;1mp[0m|[0;1mp[0m|| 2
[32;1m[Board] [0m   -------------------
[32;1m[Board] [0m 1 ||[0;1mr[0m|[7;1m [0m| |[7;1m [0m| |[0;1mr[0m|[0;1mK[0m|[7;1m [0m|| 1
[32;1m[Board] [0m   -------------------
[32;1m[Board] [0m     a b c d e f g h
[32;1m[Board] [0m
[32;1m[Referee] [0mThis is the turn of the Black player...
[32;1m[Game] [0mPlayer's error code: 0
[32;1m[Game] [0mChecking move validity...
[32;1m[Board] [0mInitializing board (size: 8)...
[32;1m[Board] [0mLoading history file `championship/chess-engine3-stonkfish/history.csv`...
[32;1m[Board] [0mLoaded 43 move(s).
[32;1m[Board] [0mLoading move file `championship/chess-engine3-stonkfish/move.csv`...
[32;1m[Board] [0mBlack player is playing h5 to h4.
[32;1m[Board] [0m
[32;1m[Board] [0m     a b c d e f g h
[32;1m[Board] [0m   -------------------
[32;1m[Board] [0m 8 ||[7;1m [0m| |[30;1mb[0m|[30;1mQ[0m|[30;1mK[0m|[30;1mb[0m|[7;1m [0m|[0;1mb[0m|| 8
[32;1m[Board] [0m   -------------------
[32;1m[Board] [0m 7 || |[7;1m [0m| |[7;1m [0m|[30;1mk[0m|[7;1m [0m| |[7;1m [0m|| 7
[32;1m[Board] [0m   -------------------
[32;1m[Board] [0m 6 ||[7;1m [0m| |[7;1m [0m| |[7;1m [0m| |[7;1m [0m| || 6
[32;1m[Board] [0m   -------------------
[32;1m[Board] [0m 5 || |[7;1m [0m|[0;1mp[0m|[7;1m [0m| |[7;1m [0m| |[7;1m [0m|| 5
[32;1m[Board] [0m   -------------------
[32;1m[Board] [0m 4 ||[0;1mp[0m| |[0;1mb[0m| |[0;1mp[0m| |[7;1m [0m|[30;1mp[0m|| 4
[32;1m[Board] [0m   -------------------
[32;1m[Board] [0m 3 || |[7;1m [0m|[0;1mk[0m|[7;1m [0m|[0;1mQ[0m|[7;1m [0m| |[7;1m [0m|| 3
[32;1m[Board] [0m   -------------------
[32;1m[Board] [0m 2 ||[0;1mp[0m| |[0;1mp[0m| |[0;1mk[0m|[0;1mp[0m|[0;1mp[0m|[0;1mp[0m|| 2
[32;1m[Board] [0m   -------------------
[32;1m[Board] [0m 1 ||[0;1mr[0m|[7;1m [0m| |[7;1m [0m| |[0;1mr[0m|[0;1mK[0m|[7;1m [0m|| 1
[32;1m[Board] [0m   -------------------
[32;1m[Board] [0m     a b c d e f g h
[32;1m[Board] [0m
[32;1m[Referee] [0mThis is the turn of the White player...
Chess engine starting...
Hash OK after replay.
move played: h8f6
in coordinates: from (0,7) to (2,5)
Appending move to history file 

[32;1m[Game] [0mPlayer's error code: 256
[32;1m[Game] [0mChecking move validity...
[32;1m[Board] [0mInitializing board (size: 8)...
[32;1m[Board] [0mLoading history file `championship/chess-engine3-stonkfish/history.csv`...
[32;1m[Board] [0mLoaded 44 move(s).
[32;1m[Board] [0mLoading move file `championship/chess-engine3-stonkfish/move.csv`...
[32;1m[Board] [0mWhite player is playing h8 to f6.
[32;1m[Board] [0m
[32;1m[Board] [0m     a b c d e f g h
[32;1m[Board] [0m   -------------------
[32;1m[Board] [0m 8 ||[7;1m [0m| |[30;1mb[0m|[30;1mQ[0m|[30;1mK[0m|[30;1mb[0m|[7;1m [0m| || 8
[32;1m[Board] [0m   -------------------
[32;1m[Board] [0m 7 || |[7;1m [0m| |[7;1m [0m|[30;1mk[0m|[7;1m [0m| |[7;1m [0m|| 7
[32;1m[Board] [0m   -------------------
[32;1m[Board] [0m 6 ||[7;1m [0m| |[7;1m [0m| |[7;1m [0m|[0;1mb[0m|[7;1m [0m| || 6
[32;1m[Board] [0m   -------------------
[32;1m[Board] [0m 5 || |[7;1m [0m|[0;1mp[0m|[7;1m [0m| |[7;1m [0m| |[7;1m [0m|| 5
[32;1m[Board] [0m   -------------------
[32;1m[Board] [0m 4 ||[0;1mp[0m| |[0;1mb[0m| |[0;1mp[0m| |[7;1m [0m|[30;1mp[0m|| 4
[32;1m[Board] [0m   -------------------
[32;1m[Board] [0m 3 || |[7;1m [0m|[0;1mk[0m|[7;1m [0m|[0;1mQ[0m|[7;1m [0m| |[7;1m [0m|| 3
[32;1m[Board] [0m   -------------------
[32;1m[Board] [0m 2 ||[0;1mp[0m| |[0;1mp[0m| |[0;1mk[0m|[0;1mp[0m|[0;1mp[0m|[0;1mp[0m|| 2
[32;1m[Board] [0m   -------------------
[32;1m[Board] [0m 1 ||[0;1mr[0m|[7;1m [0m| |[7;1m [0m| |[0;1mr[0m|[0;1mK[0m|[7;1m [0m|| 1
[32;1m[Board] [0m   -------------------
[32;1m[Board] [0m     a b c d e f g h
[32;1m[Board] [0m
[32;1m[Referee] [0mThis is the turn of the Black player...
[32;1m[Game] [0mPlayer's error code: 0
[32;1m[Game] [0mChecking move validity...
[32;1m[Board] [0mInitializing board (size: 8)...
[32;1m[Board] [0mLoading history file `championship/chess-engine3-stonkfish/history.csv`...
[32;1m[Board] [0mLoaded 45 move(s).
[32;1m[Board] [0mLoading move file `championship/chess-engine3-stonkfish/move.csv`...
[32;1m[Board] [0mBlack player is playing h4 to h3.
[32;1m[Board] [0m
[32;1m[Board] [0m     a b c d e f g h
[32;1m[Board] [0m   -------------------
[32;1m[Board] [0m 8 ||[7;1m [0m| |[30;1mb[0m|[30;1mQ[0m|[30;1mK[0m|[30;1mb[0m|[7;1m [0m| || 8
[32;1m[Board] [0m   -------------------
[32;1m[Board] [0m 7 || |[7;1m [0m| |[7;1m [0m|[30;1mk[0m|[7;1m [0m| |[7;1m [0m|| 7
[32;1m[Board] [0m   -------------------
[32;1m[Board] [0m 6 ||[7;1m [0m| |[7;1m [0m| |[7;1m [0m|[0;1mb[0m|[7;1m [0m| || 6
[32;1m[Board] [0m   -------------------
[32;1m[Board] [0m 5 || |[7;1m [0m|[0;1mp[0m|[7;1m [0m| |[7;1m [0m| |[7;1m [0m|| 5
[32;1m[Board] [0m   -------------------
[32;1m[Board] [0m 4 ||[0;1mp[0m| |[0;1mb[0m| |[0;1mp[0m| |[7;1m [0m| || 4
[32;1m[Board] [0m   -------------------
[32;1m[Board] [0m 3 || |[7;1m [0m|[0;1mk[0m|[7;1m [0m|[0;1mQ[0m|[7;1m [0m| |[30;1mp[0m|| 3
[32;1m[Board] [0m   -------------------
[32;1m[Board] [0m 2 ||[0;1mp[0m| |[0;1mp[0m| |[0;1mk[0m|[0;1mp[0m|[0;1mp[0m|[0;1mp[0m|| 2
[32;1m[Board] [0m   -------------------
[32;1m[Board] [0m 1 ||[0;1mr[0m|[7;1m [0m| |[7;1m [0m| |[0;1mr[0m|[0;1mK[0m|[7;1m [0m|| 1
[32;1m[Board] [0m   -------------------
[32;1m[Board] [0m     a b c d e f g h
[32;1m[Board] [0m
[32;1m[Referee] [0mThis is the turn of the White player...
Chess engine starting...
Hash OK after replay.
move played: g2h3
in coordinates: from (6,6) to (5,7)
Appending move to history file 

[32;1m[Game] [0mPlayer's error code: 256
[32;1m[Game] [0mChecking move validity...
[32;1m[Board] [0mInitializing board (size: 8)...
[32;1m[Board] [0mLoading history file `championship/chess-engine3-stonkfish/history.csv`...
[32;1m[Board] [0mLoaded 46 move(s).
[32;1m[Board] [0mLoading move file `championship/chess-engine3-stonkfish/move.csv`...
[32;1m[Board] [0mWhite player is playing g2 to h3.
[32;1m[Board] [0m[5;1mWhite Pawn is taking Black Pawn.[0m
[32;1m[Board] [0m
[32;1m[Board] [0m     a b c d e f g h
[32;1m[Board] [0m   -------------------
[32;1m[Board] [0m 8 ||[7;1m [0m| |[30;1mb[0m|[30;1mQ[0m|[30;1mK[0m|[30;1mb[0m|[7;1m [0m| || 8
[32;1m[Board] [0m   -------------------
[32;1m[Board] [0m 7 || |[7;1m [0m| |[7;1m [0m|[30;1mk[0m|[7;1m [0m| |[7;1m [0m|| 7
[32;1m[Board] [0m   -------------------
[32;1m[Board] [0m 6 ||[7;1m [0m| |[7;1m [0m| |[7;1m [0m|[0;1mb[0m|[7;1m [0m| || 6
[32;1m[Board] [0m   -------------------
[32;1m[Board] [0m 5 || |[7;1m [0m|[0;1mp[0m|[7;1m [0m| |[7;1m [0m| |[7;1m [0m|| 5
[32;1m[Board] [0m   -------------------
[32;1m[Board] [0m 4 ||[0;1mp[0m| |[0;1mb[0m| |[0;1mp[0m| |[7;1m [0m| || 4
[32;1m[Board] [0m   -------------------
[32;1m[Board] [0m 3 || |[7;1m [0m|[0;1mk[0m|[7;1m [0m|[0;1mQ[0m|[7;1m [0m| |[0;1mp[0m|| 3
[32;1m[Board] [0m   -------------------
[32;1m[Board] [0m 2 ||[0;1mp[0m| |[0;1mp[0m| |[0;1mk[0m|[0;1mp[0m|[7;1m [0m|[0;1mp[0m|| 2
[32;1m[Board] [0m   -------------------
[32;1m[Board] [0m 1 ||[0;1mr[0m|[7;1m [0m| |[7;1m [0m| |[0;1mr[0m|[0;1mK[0m|[7;1m [0m|| 1
[32;1m[Board] [0m   -------------------
[32;1m[Board] [0m     a b c d e f g h
[32;1m[Board] [0m
[32;1m[Referee] [0mThis is the turn of the Black player...
[32;1m[Game] [0mPlayer's error code: 0
[32;1m[Game] [0mChecking move validity...
[32;1m[Board] [0mInitializing board (size: 8)...
[32;1m[Board] [0mLoading history file `championship/chess-engine3-stonkfish/history.csv`...
[32;1m[Board] [0mLoaded 47 move(s).
[32;1m[Board] [0mLoading move file `championship/chess-engine3-stonkfish/move.csv`...
[32;1m[Board] [0mBlack player is playing e7 to d5.
[32;1m[Board] [0m
[32;1m[Board] [0m     a b c d e f g h
[32;1m[Board] [0m   -------------------
[32;1m[Board] [0m 8 ||[7;1m [0m| |[30;1mb[0m|[30;1mQ[0m|[30;1mK[0m|[30;1mb[0m|[7;1m [0m| || 8
[32;1m[Board] [0m   -------------------
[32;1m[Board] [0m 7 || |[7;1m [0m| |[7;1m [0m| |[7;1m [0m| |[7;1m [0m|| 7
[32;1m[Board] [0m   -------------------
[32;1m[Board] [0m 6 ||[7;1m [0m| |[7;1m [0m| |[7;1m [0m|[0;1mb[0m|[7;1m [0m| || 6
[32;1m[Board] [0m   -------------------
[32;1m[Board] [0m 5 || |[7;1m [0m|[0;1mp[0m|[30;1mk[0m| |[7;1m [0m| |[7;1m [0m|| 5
[32;1m[Board] [0m   -------------------
[32;1m[Board] [0m 4 ||[0;1mp[0m| |[0;1mb[0m| |[0;1mp[0m| |[7;1m [0m| || 4
[32;1m[Board] [0m   -------------------
[32;1m[Board] [0m 3 || |[7;1m [0m|[0;1mk[0m|[7;1m [0m|[0;1mQ[0m|[7;1m [0m| |[0;1mp[0m|| 3
[32;1m[Board] [0m   -------------------
[32;1m[Board] [0m 2 ||[0;1mp[0m| |[0;1mp[0m| |[0;1mk[0m|[0;1mp[0m|[7;1m [0m|[0;1mp[0m|| 2
[32;1m[Board] [0m   -------------------
[32;1m[Board] [0m 1 ||[0;1mr[0m|[7;1m [0m| |[7;1m [0m| |[0;1mr[0m|[0;1mK[0m|[7;1m [0m|| 1
[32;1m[Board] [0m   -------------------
[32;1m[Board] [0m     a b c d e f g h
[32;1m[Board] [0m
[32;1m[Referee] [0mThis is the turn of the White player...
Chess engine starting...
Hash OK after replay.
move played: e4d5
in coordinates: from (4,4) to (3,3)
Appending move to history file 

[32;1m[Game] [0mPlayer's error code: 256
[32;1m[Game] [0mChecking move validity...
[32;1m[Board] [0mInitializing board (size: 8)...
[32;1m[Board] [0mLoading history file `championship/chess-engine3-stonkfish/history.csv`...
[32;1m[Board] [0mLoaded 48 move(s).
[32;1m[Board] [0mLoading move file `championship/chess-engine3-stonkfish/move.csv`...
[32;1m[Board] [0mWhite player is playing e4 to d5.
[32;1m[Board] [0m[5;1mWhite Pawn is taking Black Knight.[0m
[32;1m[Board] [0m
[32;1m[Board] [0m     a b c d e f g h
[32;1m[Board] [0m   -------------------
[32;1m[Board] [0m 8 ||[7;1m [0m| |[30;1mb[0m|[30;1mQ[0m|[30;1mK[0m|[30;1mb[0m|[7;1m [0m| || 8
[32;1m[Board] [0m   -------------------
[32;1m[Board] [0m 7 || |[7;1m [0m| |[7;1m [0m| |[7;1m [0m| |[7;1m [0m|| 7
[32;1m[Board] [0m   -------------------
[32;1m[Board] [0m 6 ||[7;1m [0m| |[7;1m [0m| |[7;1m [0m|[0;1mb[0m|[7;1m [0m| || 6
[32;1m[Board] [0m   -------------------
[32;1m[Board] [0m 5 || |[7;1m [0m|[0;1mp[0m|[0;1mp[0m| |[7;1m [0m| |[7;1m [0m|| 5
[32;1m[Board] [0m   -------------------
[32;1m[Board] [0m 4 ||[0;1mp[0m| |[0;1mb[0m| |[7;1m [0m| |[7;1m [0m| || 4
[32;1m[Board] [0m   -------------------
[32;1m[Board] [0m 3 || |[7;1m [0m|[0;1mk[0m|[7;1m [0m|[0;1mQ[0m|[7;1m [0m| |[0;1mp[0m|| 3
[32;1m[Board] [0m   -------------------
[32;1m[Board] [0m 2 ||[0;1mp[0m| |[0;1mp[0m| |[0;1mk[0m|[0;1mp[0m|[7;1m [0m|[0;1mp[0m|| 2
[32;1m[Board] [0m   -------------------
[32;1m[Board] [0m 1 ||[0;1mr[0m|[7;1m [0m| |[7;1m [0m| |[0;1mr[0m|[0;1mK[0m|[7;1m [0m|| 1
[32;1m[Board] [0m   -------------------
[32;1m[Board] [0m     a b c d e f g h
[32;1m[Board] [0m
[32;1m[Referee] [0mThis is the turn of the Black player...
[32;1m[Game] [0mPlayer's error code: 0
[32;1m[Game] [0mChecking move validity...
[32;1m[Board] [0mInitializing board (size: 8)...
[32;1m[Board] [0mLoading history file `championship/chess-engine3-stonkfish/history.csv`...
[32;1m[Board] [0mLoaded 49 move(s).
[32;1m[Board] [0mLoading move file `championship/chess-engine3-stonkfish/move.csv`...
[32;1m[Board] [0mBlack player is playing c8 to e6.
[32;1m[Board] [0m
[32;1m[Board] [0m     a b c d e f g h
[32;1m[Board] [0m   -------------------
[32;1m[Board] [0m 8 ||[7;1m [0m| |[7;1m [0m|[30;1mQ[0m|[30;1mK[0m|[30;1mb[0m|[7;1m [0m| || 8
[32;1m[Board] [0m   -------------------
[32;1m[Board] [0m 7 || |[7;1m [0m| |[7;1m [0m| |[7;1m [0m| |[7;1m [0m|| 7
[32;1m[Board] [0m   -------------------
[32;1m[Board] [0m 6 ||[7;1m [0m| |[7;1m [0m| |[30;1mb[0m|[0;1mb[0m|[7;1m [0m| || 6
[32;1m[Board] [0m   -------------------
[32;1m[Board] [0m 5 || |[7;1m [0m|[0;1mp[0m|[0;1mp[0m| |[7;1m [0m| |[7;1m [0m|| 5
[32;1m[Board] [0m   -------------------
[32;1m[Board] [0m 4 ||[0;1mp[0m| |[0;1mb[0m| |[7;1m [0m| |[7;1m [0m| || 4
[32;1m[Board] [0m   -------------------
[32;1m[Board] [0m 3 || |[7;1m [0m|[0;1mk[0m|[7;1m [0m|[0;1mQ[0m|[7;1m [0m| |[0;1mp[0m|| 3
[32;1m[Board] [0m   -------------------
[32;1m[Board] [0m 2 ||[0;1mp[0m| |[0;1mp[0m| |[0;1mk[0m|[0;1mp[0m|[7;1m [0m|[0;1mp[0m|| 2
[32;1m[Board] [0m   -------------------
[32;1m[Board] [0m 1 ||[0;1mr[0m|[7;1m [0m| |[7;1m [0m| |[0;1mr[0m|[0;1mK[0m|[7;1m [0m|| 1
[32;1m[Board] [0m   -------------------
[32;1m[Board] [0m     a b c d e f g h
[32;1m[Board] [0m
[32;1m[Referee] [0mThis is the turn of the White player...
Chess engine starting...
Hash OK after replay.
move played: c4b5
in coordinates: from (4,2) to (3,1)
Appending move to history file 

[32;1m[Game] [0mPlayer's error code: 256
[32;1m[Game] [0mChecking move validity...
[32;1m[Board] [0mInitializing board (size: 8)...
[32;1m[Board] [0mLoading history file `championship/chess-engine3-stonkfish/history.csv`...
[32;1m[Board] [0mLoaded 50 move(s).
[32;1m[Board] [0mLoading move file `championship/chess-engine3-stonkfish/move.csv`...
[32;1m[Board] [0mWhite player is playing c4 to b5.
[32;1m[Board] [0m
[32;1m[Board] [0m     a b c d e f g h
[32;1m[Board] [0m   -------------------
[32;1m[Board] [0m 8 ||[7;1m [0m| |[7;1m [0m|[30;1mQ[0m|[30;1mK[0m|[30;1mb[0m|[7;1m [0m| || 8
[32;1m[Board] [0m   -------------------
[32;1m[Board] [0m 7 || |[7;1m [0m| |[7;1m [0m| |[7;1m [0m| |[7;1m [0m|| 7
[32;1m[Board] [0m   -------------------
[32;1m[Board] [0m 6 ||[7;1m [0m| |[7;1m [0m| |[30;1mb[0m|[0;1mb[0m|[7;1m [0m| || 6
[32;1m[Board] [0m   -------------------
[32;1m[Board] [0m 5 || |[0;1mb[0m|[0;1mp[0m|[0;1mp[0m| |[7;1m [0m| |[7;1m [0m|| 5
[32;1m[Board] [0m   -------------------
[32;1m[Board] [0m 4 ||[0;1mp[0m| |[7;1m [0m| |[7;1m [0m| |[7;1m [0m| || 4
[32;1m[Board] [0m   -------------------
[32;1m[Board] [0m 3 || |[7;1m [0m|[0;1mk[0m|[7;1m [0m|[0;1mQ[0m|[7;1m [0m| |[0;1mp[0m|| 3
[32;1m[Board] [0m   -------------------
[32;1m[Board] [0m 2 ||[0;1mp[0m| |[0;1mp[0m| |[0;1mk[0m|[0;1mp[0m|[7;1m [0m|[0;1mp[0m|| 2
[32;1m[Board] [0m   -------------------
[32;1m[Board] [0m 1 ||[0;1mr[0m|[7;1m [0m| |[7;1m [0m| |[0;1mr[0m|[0;1mK[0m|[7;1m [0m|| 1
[32;1m[Board] [0m   -------------------
[32;1m[Board] [0m     a b c d e f g h
[32;1m[Board] [0m
[32;1m[Referee] [0mThis is the turn of the Black player...
[32;1m[Game] [0mPlayer's error code: 0
[32;1m[Game] [0mChecking move validity...
[32;1m[Board] [0mInitializing board (size: 8)...
[32;1m[Board] [0mLoading history file `championship/chess-engine3-stonkfish/history.csv`...
[32;1m[Board] [0mLoaded 51 move(s).
[32;1m[Board] [0mLoading move file `championship/chess-engine3-stonkfish/move.csv`...
[32;1m[Board] [0mBlack player is playing d8 to d7.
[32;1m[Board] [0m
[32;1m[Board] [0m     a b c d e f g h
[32;1m[Board] [0m   -------------------
[32;1m[Board] [0m 8 ||[7;1m [0m| |[7;1m [0m| |[30;1mK[0m|[30;1mb[0m|[7;1m [0m| || 8
[32;1m[Board] [0m   -------------------
[32;1m[Board] [0m 7 || |[7;1m [0m| |[30;1mQ[0m| |[7;1m [0m| |[7;1m [0m|| 7
[32;1m[Board] [0m   -------------------
[32;1m[Board] [0m 6 ||[7;1m [0m| |[7;1m [0m| |[30;1mb[0m|[0;1mb[0m|[7;1m [0m| || 6
[32;1m[Board] [0m   -------------------
[32;1m[Board] [0m 5 || |[0;1mb[0m|[0;1mp[0m|[0;1mp[0m| |[7;1m [0m| |[7;1m [0m|| 5
[32;1m[Board] [0m   -------------------
[32;1m[Board] [0m 4 ||[0;1mp[0m| |[7;1m [0m| |[7;1m [0m| |[7;1m [0m| || 4
[32;1m[Board] [0m   -------------------
[32;1m[Board] [0m 3 || |[7;1m [0m|[0;1mk[0m|[7;1m [0m|[0;1mQ[0m|[7;1m [0m| |[0;1mp[0m|| 3
[32;1m[Board] [0m   -------------------
[32;1m[Board] [0m 2 ||[0;1mp[0m| |[0;1mp[0m| |[0;1mk[0m|[0;1mp[0m|[7;1m [0m|[0;1mp[0m|| 2
[32;1m[Board] [0m   -------------------
[32;1m[Board] [0m 1 ||[0;1mr[0m|[7;1m [0m| |[7;1m [0m| |[0;1mr[0m|[0;1mK[0m|[7;1m [0m|| 1
[32;1m[Board] [0m   -------------------
[32;1m[Board] [0m     a b c d e f g h
[32;1m[Board] [0m
[32;1m[Referee] [0mThis is the turn of the White player...
Chess engine starting...
Hash OK after replay.
move played: e3e6
in coordinates: from (5,4) to (2,4)
Appending move to history file 

[32;1m[Game] [0mPlayer's error code: 256
[32;1m[Game] [0mChecking move validity...
[32;1m[Board] [0mInitializing board (size: 8)...
[32;1m[Board] [0mLoading history file `championship/chess-engine3-stonkfish/history.csv`...
[32;1m[Board] [0mLoaded 52 move(s).
[32;1m[Board] [0mLoading move file `championship/chess-engine3-stonkfish/move.csv`...
[32;1m[Board] [0mWhite player is playing e3 to e6.
[32;1m[Board] [0m[5;1mWhite Queen is taking Black Bishop.[0m
[32;1m[Board] [0m
[32;1m[Board] [0m     a b c d e f g h
[32;1m[Board] [0m   -------------------
[32;1m[Board] [0m 8 ||[7;1m [0m| |[7;1m [0m| |[30;1mK[0m|[30;1mb[0m|[7;1m [0m| || 8
[32;1m[Board] [0m   -------------------
[32;1m[Board] [0m 7 || |[7;1m [0m| |[30;1mQ[0m| |[7;1m [0m| |[7;1m [0m|| 7
[32;1m[Board] [0m   -------------------
[32;1m[Board] [0m 6 ||[7;1m [0m| |[7;1m [0m| |[0;1mQ[0m|[0;1mb[0m|[7;1m [0m| || 6
[32;1m[Board] [0m   -------------------
[32;1m[Board] [0m 5 || |[0;1mb[0m|[0;1mp[0m|[0;1mp[0m| |[7;1m [0m| |[7;1m [0m|| 5
[32;1m[Board] [0m   -------------------
[32;1m[Board] [0m 4 ||[0;1mp[0m| |[7;1m [0m| |[7;1m [0m| |[7;1m [0m| || 4
[32;1m[Board] [0m   -------------------
[32;1m[Board] [0m 3 || |[7;1m [0m|[0;1mk[0m|[7;1m [0m| |[7;1m [0m| |[0;1mp[0m|| 3
[32;1m[Board] [0m   -------------------
[32;1m[Board] [0m 2 ||[0;1mp[0m| |[0;1mp[0m| |[0;1mk[0m|[0;1mp[0m|[7;1m [0m|[0;1mp[0m|| 2
[32;1m[Board] [0m   -------------------
[32;1m[Board] [0m 1 ||[0;1mr[0m|[7;1m [0m| |[7;1m [0m| |[0;1mr[0m|[0;1mK[0m|[7;1m [0m|| 1
[32;1m[Board] [0m   -------------------
[32;1m[Board] [0m     a b c d e f g h
[32;1m[Board] [0m
[32;1m[Referee] [0mThis is the turn of the Black player...
[32;1m[Game] [0mPlayer's error code: 0
[32;1m[Game] [0mChecking move validity...
[32;1m[Board] [0mInitializing board (size: 8)...
[32;1m[Board] [0mLoading history file `championship/chess-engine3-stonkfish/history.csv`...
[32;1m[Board] [0mLoaded 53 move(s).
[32;1m[Board] [0mLoading move file `championship/chess-engine3-stonkfish/move.csv`...
[32;1m[Board] [0mBlack player is playing f8 to e7.
[32;1m[Board] [0m
[32;1m[Board] [0m     a b c d e f g h
[32;1m[Board] [0m   -------------------
[32;1m[Board] [0m 8 ||[7;1m [0m| |[7;1m [0m| |[30;1mK[0m| |[7;1m [0m| || 8
[32;1m[Board] [0m   -------------------
[32;1m[Board] [0m 7 || |[7;1m [0m| |[30;1mQ[0m|[30;1mb[0m|[7;1m [0m| |[7;1m [0m|| 7
[32;1m[Board] [0m   -------------------
[32;1m[Board] [0m 6 ||[7;1m [0m| |[7;1m [0m| |[0;1mQ[0m|[0;1mb[0m|[7;1m [0m| || 6
[32;1m[Board] [0m   -------------------
[32;1m[Board] [0m 5 || |[0;1mb[0m|[0;1mp[0m|[0;1mp[0m| |[7;1m [0m| |[7;1m [0m|| 5
[32;1m[Board] [0m   -------------------
[32;1m[Board] [0m 4 ||[0;1mp[0m| |[7;1m [0m| |[7;1m [0m| |[7;1m [0m| || 4
[32;1m[Board] [0m   -------------------
[32;1m[Board] [0m 3 || |[7;1m [0m|[0;1mk[0m|[7;1m [0m| |[7;1m [0m| |[0;1mp[0m|| 3
[32;1m[Board] [0m   -------------------
[32;1m[Board] [0m 2 ||[0;1mp[0m| |[0;1mp[0m| |[0;1mk[0m|[0;1mp[0m|[7;1m [0m|[0;1mp[0m|| 2
[32;1m[Board] [0m   -------------------
[32;1m[Board] [0m 1 ||[0;1mr[0m|[7;1m [0m| |[7;1m [0m| |[0;1mr[0m|[0;1mK[0m|[7;1m [0m|| 1
[32;1m[Board] [0m   -------------------
[32;1m[Board] [0m     a b c d e f g h
[32;1m[Board] [0m
[32;1m[Referee] [0mThis is the turn of the White player...
Chess engine starting...
Hash OK after replay.
move played: e6g8
in coordinates: from (2,4) to (0,6)
Appending move to history file 

[32;1m[Game] [0mPlayer's error code: 256
[32;1m[Game] [0mChecking move validity...
[32;1m[Board] [0mInitializing board (size: 8)...
[32;1m[Board] [0mLoading history file `championship/chess-engine3-stonkfish/history.csv`...
[32;1m[Board] [0mLoaded 54 move(s).
[32;1m[Board] [0mLoading move file `championship/chess-engine3-stonkfish/move.csv`...
[32;1m[Board] [0mWhite player is playing e6 to g8.
[32;1m[Board] [0m
[32;1m[Board] [0m     a b c d e f g h
[32;1m[Board] [0m   -------------------
[32;1m[Board] [0m 8 ||[7;1m [0m| |[7;1m [0m| |[30;1mK[0m| |[0;1mQ[0m| || 8
[32;1m[Board] [0m   -------------------
[32;1m[Board] [0m 7 || |[7;1m [0m| |[30;1mQ[0m|[30;1mb[0m|[7;1m [0m| |[7;1m [0m|| 7
[32;1m[Board] [0m   -------------------
[32;1m[Board] [0m 6 ||[7;1m [0m| |[7;1m [0m| |[7;1m [0m|[0;1mb[0m|[7;1m [0m| || 6
[32;1m[Board] [0m   -------------------
[32;1m[Board] [0m 5 || |[0;1mb[0m|[0;1mp[0m|[0;1mp[0m| |[7;1m [0m| |[7;1m [0m|| 5
[32;1m[Board] [0m   -------------------
[32;1m[Board] [0m 4 ||[0;1mp[0m| |[7;1m [0m| |[7;1m [0m| |[7;1m [0m| || 4
[32;1m[Board] [0m   -------------------
[32;1m[Board] [0m 3 || |[7;1m [0m|[0;1mk[0m|[7;1m [0m| |[7;1m [0m| |[0;1mp[0m|| 3
[32;1m[Board] [0m   -------------------
[32;1m[Board] [0m 2 ||[0;1mp[0m| |[0;1mp[0m| |[0;1mk[0m|[0;1mp[0m|[7;1m [0m|[0;1mp[0m|| 2
[32;1m[Board] [0m   -------------------
[32;1m[Board] [0m 1 ||[0;1mr[0m|[7;1m [0m| |[7;1m [0m| |[0;1mr[0m|[0;1mK[0m|[7;1m [0m|| 1
[32;1m[Board] [0m   -------------------
[32;1m[Board] [0m     a b c d e f g h
[32;1m[Board] [0m
[32;1m[Referee] [0mThis is the turn of the Black player...
[32;1m[Game] [0mPlayer's error code: 0
[32;1m[Game] [0mChecking move validity...
[32;1m[Board] [0mInitializing board (size: 8)...
[32;1m[Board] [0mLoading history file `championship/chess-engine3-stonkfish/history.csv`...
[32;1m[Board] [0mLoaded 55 move(s).
[32;1m[Board] [0mLoading move file `championship/chess-engine3-stonkfish/move.csv`...
[32;1m[Board] [0mBlack player is playing e7 to f8.
[32;1m[Board] [0m
[32;1m[Board] [0m     a b c d e f g h
[32;1m[Board] [0m   -------------------
[32;1m[Board] [0m 8 ||[7;1m [0m| |[7;1m [0m| |[30;1mK[0m|[30;1mb[0m|[0;1mQ[0m| || 8
[32;1m[Board] [0m   -------------------
[32;1m[Board] [0m 7 || |[7;1m [0m| |[30;1mQ[0m| |[7;1m [0m| |[7;1m [0m|| 7
[32;1m[Board] [0m   -------------------
[32;1m[Board] [0m 6 ||[7;1m [0m| |[7;1m [0m| |[7;1m [0m|[0;1mb[0m|[7;1m [0m| || 6
[32;1m[Board] [0m   -------------------
[32;1m[Board] [0m 5 || |[0;1mb[0m|[0;1mp[0m|[0;1mp[0m| |[7;1m [0m| |[7;1m [0m|| 5
[32;1m[Board] [0m   -------------------
[32;1m[Board] [0m 4 ||[0;1mp[0m| |[7;1m [0m| |[7;1m [0m| |[7;1m [0m| || 4
[32;1m[Board] [0m   -------------------
[32;1m[Board] [0m 3 || |[7;1m [0m|[0;1mk[0m|[7;1m [0m| |[7;1m [0m| |[0;1mp[0m|| 3
[32;1m[Board] [0m   -------------------
[32;1m[Board] [0m 2 ||[0;1mp[0m| |[0;1mp[0m| |[0;1mk[0m|[0;1mp[0m|[7;1m [0m|[0;1mp[0m|| 2
[32;1m[Board] [0m   -------------------
[32;1m[Board] [0m 1 ||[0;1mr[0m|[7;1m [0m| |[7;1m [0m| |[0;1mr[0m|[0;1mK[0m|[7;1m [0m|| 1
[32;1m[Board] [0m   -------------------
[32;1m[Board] [0m     a b c d e f g h
[32;1m[Board] [0m
[32;1m[Referee] [0mThis is the turn of the White player...
Chess engine starting...
Hash OK after replay.
move played: g8e6
in coordinates: from (0,6) to (2,4)
Appending move to history file 

[32;1m[Game] [0mPlayer's error code: 256
[32;1m[Game] [0mChecking move validity...
[32;1m[Board] [0mInitializing board (size: 8)...
[32;1m[Board] [0mLoading history file `championship/chess-engine3-stonkfish/history.csv`...
[32;1m[Board] [0mLoaded 56 move(s).
[32;1m[Board] [0mLoading move file `championship/chess-engine3-stonkfish/move.csv`...
[32;1m[Board] [0mWhite player is playing g8 to e6.
[32;1m[Board] [0m
[32;1m[Board] [0m     a b c d e f g h
[32;1m[Board] [0m   -------------------
[32;1m[Board] [0m 8 ||[7;1m [0m| |[7;1m [0m| |[30;1mK[0m|[30;1mb[0m|[7;1m [0m| || 8
[32;1m[Board] [0m   -------------------
[32;1m[Board] [0m 7 || |[7;1m [0m| |[30;1mQ[0m| |[7;1m [0m| |[7;1m [0m|| 7
[32;1m[Board] [0m   -------------------
[32;1m[Board] [0m 6 ||[7;1m [0m| |[7;1m [0m| |[0;1mQ[0m|[0;1mb[0m|[7;1m [0m| || 6
[32;1m[Board] [0m   -------------------
[32;1m[Board] [0m 5 || |[0;1mb[0m|[0;1mp[0m|[0;1mp[0m| |[7;1m [0m| |[7;1m [0m|| 5
[32;1m[Board] [0m   -------------------
[32;1m[Board] [0m 4 ||[0;1mp[0m| |[7;1m [0m| |[7;1m [0m| |[7;1m [0m| || 4
[32;1m[Board] [0m   -------------------
[32;1m[Board] [0m 3 || |[7;1m [0m|[0;1mk[0m|[7;1m [0m| |[7;1m [0m| |[0;1mp[0m|| 3
[32;1m[Board] [0m   -------------------
[32;1m[Board] [0m 2 ||[0;1mp[0m| |[0;1mp[0m| |[0;1mk[0m|[0;1mp[0m|[7;1m [0m|[0;1mp[0m|| 2
[32;1m[Board] [0m   -------------------
[32;1m[Board] [0m 1 ||[0;1mr[0m|[7;1m [0m| |[7;1m [0m| |[0;1mr[0m|[0;1mK[0m|[7;1m [0m|| 1
[32;1m[Board] [0m   -------------------
[32;1m[Board] [0m     a b c d e f g h
[32;1m[Board] [0m
[32;1m[Referee] [0mThis is the turn of the Black player...
[32;1m[Game] [0mPlayer's error code: 0
[32;1m[Game] [0mChecking move validity...
[32;1m[Board] [0mInitializing board (size: 8)...
[32;1m[Board] [0mLoading history file `championship/chess-engine3-stonkfish/history.csv`...
[32;1m[Board] [0mLoaded 57 move(s).
[32;1m[Board] [0mLoading move file `championship/chess-engine3-stonkfish/move.csv`...
[32;1m[Board] [0mBlack player is playing f8 to e7.
[32;1m[Board] [0m
[32;1m[Board] [0m     a b c d e f g h
[32;1m[Board] [0m   -------------------
[32;1m[Board] [0m 8 ||[7;1m [0m| |[7;1m [0m| |[30;1mK[0m| |[7;1m [0m| || 8
[32;1m[Board] [0m   -------------------
[32;1m[Board] [0m 7 || |[7;1m [0m| |[30;1mQ[0m|[30;1mb[0m|[7;1m [0m| |[7;1m [0m|| 7
[32;1m[Board] [0m   -------------------
[32;1m[Board] [0m 6 ||[7;1m [0m| |[7;1m [0m| |[0;1mQ[0m|[0;1mb[0m|[7;1m [0m| || 6
[32;1m[Board] [0m   -------------------
[32;1m[Board] [0m 5 || |[0;1mb[0m|[0;1mp[0m|[0;1mp[0m| |[7;1m [0m| |[7;1m [0m|| 5
[32;1m[Board] [0m   -------------------
[32;1m[Board] [0m 4 ||[0;1mp[0m| |[7;1m [0m| |[7;1m [0m| |[7;1m [0m| || 4
[32;1m[Board] [0m   -------------------
[32;1m[Board] [0m 3 || |[7;1m [0m|[0;1mk[0m|[7;1m [0m| |[7;1m [0m| |[0;1mp[0m|| 3
[32;1m[Board] [0m   -------------------
[32;1m[Board] [0m 2 ||[0;1mp[0m| |[0;1mp[0m| |[0;1mk[0m|[0;1mp[0m|[7;1m [0m|[0;1mp[0m|| 2
[32;1m[Board] [0m   -------------------
[32;1m[Board] [0m 1 ||[0;1mr[0m|[7;1m [0m| |[7;1m [0m| |[0;1mr[0m|[0;1mK[0m|[7;1m [0m|| 1
[32;1m[Board] [0m   -------------------
[32;1m[Board] [0m     a b c d e f g h
[32;1m[Board] [0m
[32;1m[Referee] [0mThis is the turn of the White player...
Chess engine starting...
Hash OK after replay.
move played: e6g8
in coordinates: from (2,4) to (0,6)
Appending move to history file 

[32;1m[Game] [0mPlayer's error code: 256
[32;1m[Game] [0mChecking move validity...
[32;1m[Board] [0mInitializing board (size: 8)...
[32;1m[Board] [0mLoading history file `championship/chess-engine3-stonkfish/history.csv`...
[32;1m[Board] [0mLoaded 58 move(s).
[32;1m[Board] [0mLoading move file `championship/chess-engine3-stonkfish/move.csv`...
[32;1m[Board] [0mWhite player is playing e6 to g8.
[32;1m[Board] [0m
[32;1m[Board] [0m     a b c d e f g h
[32;1m[Board] [0m   -------------------
[32;1m[Board] [0m 8 ||[7;1m [0m| |[7;1m [0m| |[30;1mK[0m| |[0;1mQ[0m| || 8
[32;1m[Board] [0m   -------------------
[32;1m[Board] [0m 7 || |[7;1m [0m| |[30;1mQ[0m|[30;1mb[0m|[7;1m [0m| |[7;1m [0m|| 7
[32;1m[Board] [0m   -------------------
[32;1m[Board] [0m 6 ||[7;1m [0m| |[7;1m [0m| |[7;1m [0m|[0;1mb[0m|[7;1m [0m| || 6
[32;1m[Board] [0m   -------------------
[32;1m[Board] [0m 5 || |[0;1mb[0m|[0;1mp[0m|[0;1mp[0m| |[7;1m [0m| |[7;1m [0m|| 5
[32;1m[Board] [0m   -------------------
[32;1m[Board] [0m 4 ||[0;1mp[0m| |[7;1m [0m| |[7;1m [0m| |[7;1m [0m| || 4
[32;1m[Board] [0m   -------------------
[32;1m[Board] [0m 3 || |[7;1m [0m|[0;1mk[0m|[7;1m [0m| |[7;1m [0m| |[0;1mp[0m|| 3
[32;1m[Board] [0m   -------------------
[32;1m[Board] [0m 2 ||[0;1mp[0m| |[0;1mp[0m| |[0;1mk[0m|[0;1mp[0m|[7;1m [0m|[0;1mp[0m|| 2
[32;1m[Board] [0m   -------------------
[32;1m[Board] [0m 1 ||[0;1mr[0m|[7;1m [0m| |[7;1m [0m| |[0;1mr[0m|[0;1mK[0m|[7;1m [0m|| 1
[32;1m[Board] [0m   -------------------
[32;1m[Board] [0m     a b c d e f g h
[32;1m[Board] [0m
[32;1m[Referee] [0mThis is the turn of the Black player...
[32;1m[Game] [0mPlayer's error code: 0
[32;1m[Game] [0mChecking move validity...
[32;1m[Board] [0mInitializing board (size: 8)...
[32;1m[Board] [0mLoading history file `championship/chess-engine3-stonkfish/history.csv`...
[32;1m[Board] [0mLoaded 59 move(s).
[32;1m[Board] [0mLoading move file `championship/chess-engine3-stonkfish/move.csv`...
[32;1m[Board] [0mBlack player is playing e7 to f8.
[32;1m[Board] [0m
[32;1m[Board] [0m     a b c d e f g h
[32;1m[Board] [0m   -------------------
[32;1m[Board] [0m 8 ||[7;1m [0m| |[7;1m [0m| |[30;1mK[0m|[30;1mb[0m|[0;1mQ[0m| || 8
[32;1m[Board] [0m   -------------------
[32;1m[Board] [0m 7 || |[7;1m [0m| |[30;1mQ[0m| |[7;1m [0m| |[7;1m [0m|| 7
[32;1m[Board] [0m   -------------------
[32;1m[Board] [0m 6 ||[7;1m [0m| |[7;1m [0m| |[7;1m [0m|[0;1mb[0m|[7;1m [0m| || 6
[32;1m[Board] [0m   -------------------
[32;1m[Board] [0m 5 || |[0;1mb[0m|[0;1mp[0m|[0;1mp[0m| |[7;1m [0m| |[7;1m [0m|| 5
[32;1m[Board] [0m   -------------------
[32;1m[Board] [0m 4 ||[0;1mp[0m| |[7;1m [0m| |[7;1m [0m| |[7;1m [0m| || 4
[32;1m[Board] [0m   -------------------
[32;1m[Board] [0m 3 || |[7;1m [0m|[0;1mk[0m|[7;1m [0m| |[7;1m [0m| |[0;1mp[0m|| 3
[32;1m[Board] [0m   -------------------
[32;1m[Board] [0m 2 ||[0;1mp[0m| |[0;1mp[0m| |[0;1mk[0m|[0;1mp[0m|[7;1m [0m|[0;1mp[0m|| 2
[32;1m[Board] [0m   -------------------
[32;1m[Board] [0m 1 ||[0;1mr[0m|[7;1m [0m| |[7;1m [0m| |[0;1mr[0m|[0;1mK[0m|[7;1m [0m|| 1
[32;1m[Board] [0m   -------------------
[32;1m[Board] [0m     a b c d e f g h
[32;1m[Board] [0m
[32;1m[Referee] [0mThis is the turn of the White player...
Chess engine starting...
Hash OK after replay.
move played: g8e6
in coordinates: from (0,6) to (2,4)
Appending move to history file 

[32;1m[Game] [0mPlayer's error code: 256
[32;1m[Game] [0mChecking move validity...
[32;1m[Board] [0mInitializing board (size: 8)...
[32;1m[Board] [0mLoading history file `championship/chess-engine3-stonkfish/history.csv`...
[32;1m[Board] [0mLoaded 60 move(s).
[32;1m[Board] [0mLoading move file `championship/chess-engine3-stonkfish/move.csv`...
[32;1m[Board] [0mWhite player is playing g8 to e6.
[32;1m[Board] [0m
[32;1m[Board] [0m     a b c d e f g h
[32;1m[Board] [0m   -------------------
[32;1m[Board] [0m 8 ||[7;1m [0m| |[7;1m [0m| |[30;1mK[0m|[30;1mb[0m|[7;1m [0m| || 8
[32;1m[Board] [0m   -------------------
[32;1m[Board] [0m 7 || |[7;1m [0m| |[30;1mQ[0m| |[7;1m [0m| |[7;1m [0m|| 7
[32;1m[Board] [0m   -------------------
[32;1m[Board] [0m 6 ||[7;1m [0m| |[7;1m [0m| |[0;1mQ[0m|[0;1mb[0m|[7;1m [0m| || 6
[32;1m[Board] [0m   -------------------
[32;1m[Board] [0m 5 || |[0;1mb[0m|[0;1mp[0m|[0;1mp[0m| |[7;1m [0m| |[7;1m [0m|| 5
[32;1m[Board] [0m   -------------------
[32;1m[Board] [0m 4 ||[0;1mp[0m| |[7;1m [0m| |[7;1m [0m| |[7;1m [0m| || 4
[32;1m[Board] [0m   -------------------
[32;1m[Board] [0m 3 || |[7;1m [0m|[0;1mk[0m|[7;1m [0m| |[7;1m [0m| |[0;1mp[0m|| 3
[32;1m[Board] [0m   -------------------
[32;1m[Board] [0m 2 ||[0;1mp[0m| |[0;1mp[0m| |[0;1mk[0m|[0;1mp[0m|[7;1m [0m|[0;1mp[0m|| 2
[32;1m[Board] [0m   -------------------
[32;1m[Board] [0m 1 ||[0;1mr[0m|[7;1m [0m| |[7;1m [0m| |[0;1mr[0m|[0;1mK[0m|[7;1m [0m|| 1
[32;1m[Board] [0m   -------------------
[32;1m[Board] [0m     a b c d e f g h
[32;1m[Board] [0m
[32;1m[Referee] [0mThis is the turn of the Black player...
