[32;1m[Board] [0mInitializing board (size: 8)...
[32;1m[Board] [0m32 piece(s) on board.
[32;1m[Board] [0m
[32;1m[Board] [0m     a b c d e f g h
[32;1m[Board] [0m   -------------------
[32;1m[Board] [0m 8 ||[30;1mr[0m|[30;1mk[0m|[30;1mb[0m|[30;1mQ[0m|[30;1mK[0m|[30;1mb[0m|[30;1mk[0m|[30;1mr[0m|| 8
[32;1m[Board] [0m   -------------------
[32;1m[Board] [0m 7 ||[30;1mp[0m|[30;1mp[0m|[30;1mp[0m|[30;1mp[0m|[30;1mp[0m|[30;1mp[0m|[30;1mp[0m|[30;1mp[0m|| 7
[32;1m[Board] [0m   -------------------
[32;1m[Board] [0m 6 ||[7;1m [0m| |[7;1m [0m| |[7;1m [0m| |[7;1m [0m| || 6
[32;1m[Board] [0m   -------------------
[32;1m[Board] [0m 5 || |[7;1m [0m| |[7;1m [0m| |[7;1m [0m| |[7;1m [0m|| 5
[32;1m[Board] [0m   -------------------
[32;1m[Board] [0m 4 ||[7;1m [0m| |[7;1m [0m| |[7;1m [0m| |[7;1m [0m| || 4
[32;1m[Board] [0m   -------------------
[32;1m[Board] [0m 3 || |[7;1m [0m| |[7;1m [0m| |[7;1m [0m| |[7;1m [0m|| 3
[32;1m[Board] [0m   -------------------
[32;1m[Board] [0m 2 ||[0;1mp[0m|[0;1mp[0m|[0;1mp[0m|[0;1mp[0m|[0;1mp[0m|[0;1mp[0m|[0;1mp[0m|[0;1mp[0m|| 2
[32;1m[Board] [0m   -------------------
[32;1m[Board] [0m 1 ||[0;1mr[0m|[0;1mk[0m|[0;1mb[0m|[0;1mQ[0m|[0;1mK[0m|[0;1mb[0m|[0;1mk[0m|[0;1mr[0m|| 1
[32;1m[Board] [0m   -------------------
[32;1m[Board] [0m     a b c d e f g h
[32;1m[Board] [0m
[32;1m[Referee] [0mThis is the turn of the White player...
Succesfully loaded network via incbin!
info score 145 depth 1 nodes 25 time 3
-32000 32000 30
info score 57 depth 2 nodes 128 time 3
-32000 32000 30
info score 126 depth 3 nodes 694 time 4
-32000 32000 30
info score 83 depth 4 nodes 2790 time 5
-32000 32000 30
info score 93 depth 5 nodes 14242 time 12
53 113 30
info score 63 depth 6 nodes 25126 time 21
63 123 30
info score 46 depth 6 nodes 41174 time 32
33 123 60
info score 76 depth 7 nodes 101889 time 71
16 76 30
info score 95 depth 7 nodes 164148 time 110
16 106 60
info score 94 depth 8 nodes 308626 time 217
65 125 30
info score 124 depth 9 nodes 409235 time 295
64 124 30
info score 124 depth 9 nodes 875012 time 613
64 154 60
info score 94 depth 10 nodes 1708400 time 1250
94 154 30
info score 85 depth 10 nodes 2250976 time 1656
64 154 60
info score 115 depth 11 nodes 3159979 time 2361
55 115 30
info score 123 depth 11 nodes 6984510 time 5363
55 145 60
bestmove e2e4
[32;1m[Game] [0mPlayer's error code: 0
[32;1m[Game] [0mChecking move validity...
[32;1m[Board] [0mInitializing board (size: 8)...
[32;1m[Board] [0m32 piece(s) on board.
[32;1m[Board] [0mLoading history file `championship/bbd-chess-engine2/history.csv`...
[32;1m[Board] [0mLoaded 0 move(s).
[32;1m[Board] [0mHistory replayed, 32 piece(s) on board.
[32;1m[Board] [0mLoading move file `championship/bbd-chess-engine2/move.csv`...
[32;1m[Board] [0mWhite player is playing e2 to e4.
[32;1m[Board] [0m
[32;1m[Board] [0m     a b c d e f g h
[32;1m[Board] [0m   -------------------
[32;1m[Board] [0m 8 ||[30;1mr[0m|[30;1mk[0m|[30;1mb[0m|[30;1mQ[0m|[30;1mK[0m|[30;1mb[0m|[30;1mk[0m|[30;1mr[0m|| 8
[32;1m[Board] [0m   -------------------
[32;1m[Board] [0m 7 ||[30;1mp[0m|[30;1mp[0m|[30;1mp[0m|[30;1mp[0m|[30;1mp[0m|[30;1mp[0m|[30;1mp[0m|[30;1mp[0m|| 7
[32;1m[Board] [0m   -------------------
[32;1m[Board] [0m 6 ||[7;1m [0m| |[7;1m [0m| |[7;1m [0m| |[7;1m [0m| || 6
[32;1m[Board] [0m   -------------------
[32;1m[Board] [0m 5 || |[7;1m [0m| |[7;1m [0m| |[7;1m [0m| |[7;1m [0m|| 5
[32;1m[Board] [0m   -------------------
[32;1m[Board] [0m 4 ||[7;1m [0m| |[7;1m [0m| |[0;1mp[0m| |[7;1m [0m| || 4
[32;1m[Board] [0m   -------------------
[32;1m[Board] [0m 3 || |[7;1m [0m| |[7;1m [0m| |[7;1m [0m| |[7;1m [0m|| 3
[32;1m[Board] [0m   -------------------
[32;1m[Board] [0m 2 ||[0;1mp[0m|[0;1mp[0m|[0;1mp[0m|[0;1mp[0m|[7;1m [0m|[0;1mp[0m|[0;1mp[0m|[0;1mp[0m|| 2
[32;1m[Board] [0m   -------------------
[32;1m[Board] [0m 1 ||[0;1mr[0m|[0;1mk[0m|[0;1mb[0m|[0;1mQ[0m|[0;1mK[0m|[0;1mb[0m|[0;1mk[0m|[0;1mr[0m|| 1
[32;1m[Board] [0m   -------------------
[32;1m[Board] [0m     a b c d e f g h
[32;1m[Board] [0m
[32;1m[Referee] [0mThis is the turn of the Black player...
[32;1m[Game] [0mPlayer's error code: 0
[32;1m[Game] [0mChecking move validity...
[32;1m[Board] [0mInitializing board (size: 8)...
[32;1m[Board] [0m32 piece(s) on board.
[32;1m[Board] [0mLoading history file `championship/bbd-chess-engine2/history.csv`...
[32;1m[Board] [0mLoaded 1 move(s).
[32;1m[Board] [0mHistory replayed, 32 piece(s) on board.
[32;1m[Board] [0mLoading move file `championship/bbd-chess-engine2/move.csv`...
[32;1m[Board] [0mBlack player is playing e7 to e6.
[32;1m[Board] [0m
[32;1m[Board] [0m     a b c d e f g h
[32;1m[Board] [0m   -------------------
[32;1m[Board] [0m 8 ||[30;1mr[0m|[30;1mk[0m|[30;1mb[0m|[30;1mQ[0m|[30;1mK[0m|[30;1mb[0m|[30;1mk[0m|[30;1mr[0m|| 8
[32;1m[Board] [0m   -------------------
[32;1m[Board] [0m 7 ||[30;1mp[0m|[30;1mp[0m|[30;1mp[0m|[30;1mp[0m| |[30;1mp[0m|[30;1mp[0m|[30;1mp[0m|| 7
[32;1m[Board] [0m   -------------------
[32;1m[Board] [0m 6 ||[7;1m [0m| |[7;1m [0m| |[30;1mp[0m| |[7;1m [0m| || 6
[32;1m[Board] [0m   -------------------
[32;1m[Board] [0m 5 || |[7;1m [0m| |[7;1m [0m| |[7;1m [0m| |[7;1m [0m|| 5
[32;1m[Board] [0m   -------------------
[32;1m[Board] [0m 4 ||[7;1m [0m| |[7;1m [0m| |[0;1mp[0m| |[7;1m [0m| || 4
[32;1m[Board] [0m   -------------------
[32;1m[Board] [0m 3 || |[7;1m [0m| |[7;1m [0m| |[7;1m [0m| |[7;1m [0m|| 3
[32;1m[Board] [0m   -------------------
[32;1m[Board] [0m 2 ||[0;1mp[0m|[0;1mp[0m|[0;1mp[0m|[0;1mp[0m|[7;1m [0m|[0;1mp[0m|[0;1mp[0m|[0;1mp[0m|| 2
[32;1m[Board] [0m   -------------------
[32;1m[Board] [0m 1 ||[0;1mr[0m|[0;1mk[0m|[0;1mb[0m|[0;1mQ[0m|[0;1mK[0m|[0;1mb[0m|[0;1mk[0m|[0;1mr[0m|| 1
[32;1m[Board] [0m   -------------------
[32;1m[Board] [0m     a b c d e f g h
[32;1m[Board] [0m
[32;1m[Referee] [0mThis is the turn of the White player...
Succesfully loaded network via incbin!
info score 236 depth 1 nodes 37 time 6
-32000 32000 30
info score 138 depth 2 nodes 161 time 7
-32000 32000 30
info score 93 depth 3 nodes 1400 time 7
-32000 32000 30
info score 81 depth 4 nodes 4625 time 13
-32000 32000 30
info score 106 depth 5 nodes 28527 time 41
51 111 30
info score 98 depth 6 nodes 66026 time 94
76 136 30
info score 124 depth 7 nodes 171580 time 212
68 128 30
info score 109 depth 8 nodes 380111 time 363
94 154 30
info score 139 depth 9 nodes 1126597 time 909
79 139 30
info score 144 depth 9 nodes 1548862 time 1192
79 169 60
info score 124 depth 10 nodes 4393741 time 3342
114 174 30
bestmove d2d4
[32;1m[Game] [0mPlayer's error code: 0
[32;1m[Game] [0mChecking move validity...
[32;1m[Board] [0mInitializing board (size: 8)...
[32;1m[Board] [0m32 piece(s) on board.
[32;1m[Board] [0mLoading history file `championship/bbd-chess-engine2/history.csv`...
[32;1m[Board] [0mLoaded 2 move(s).
[32;1m[Board] [0mHistory replayed, 32 piece(s) on board.
[32;1m[Board] [0mLoading move file `championship/bbd-chess-engine2/move.csv`...
[32;1m[Board] [0mWhite player is playing d2 to d4.
[32;1m[Board] [0m
[32;1m[Board] [0m     a b c d e f g h
[32;1m[Board] [0m   -------------------
[32;1m[Board] [0m 8 ||[30;1mr[0m|[30;1mk[0m|[30;1mb[0m|[30;1mQ[0m|[30;1mK[0m|[30;1mb[0m|[30;1mk[0m|[30;1mr[0m|| 8
[32;1m[Board] [0m   -------------------
[32;1m[Board] [0m 7 ||[30;1mp[0m|[30;1mp[0m|[30;1mp[0m|[30;1mp[0m| |[30;1mp[0m|[30;1mp[0m|[30;1mp[0m|| 7
[32;1m[Board] [0m   -------------------
[32;1m[Board] [0m 6 ||[7;1m [0m| |[7;1m [0m| |[30;1mp[0m| |[7;1m [0m| || 6
[32;1m[Board] [0m   -------------------
[32;1m[Board] [0m 5 || |[7;1m [0m| |[7;1m [0m| |[7;1m [0m| |[7;1m [0m|| 5
[32;1m[Board] [0m   -------------------
[32;1m[Board] [0m 4 ||[7;1m [0m| |[7;1m [0m|[0;1mp[0m|[0;1mp[0m| |[7;1m [0m| || 4
[32;1m[Board] [0m   -------------------
[32;1m[Board] [0m 3 || |[7;1m [0m| |[7;1m [0m| |[7;1m [0m| |[7;1m [0m|| 3
[32;1m[Board] [0m   -------------------
[32;1m[Board] [0m 2 ||[0;1mp[0m|[0;1mp[0m|[0;1mp[0m| |[7;1m [0m|[0;1mp[0m|[0;1mp[0m|[0;1mp[0m|| 2
[32;1m[Board] [0m   -------------------
[32;1m[Board] [0m 1 ||[0;1mr[0m|[0;1mk[0m|[0;1mb[0m|[0;1mQ[0m|[0;1mK[0m|[0;1mb[0m|[0;1mk[0m|[0;1mr[0m|| 1
[32;1m[Board] [0m   -------------------
[32;1m[Board] [0m     a b c d e f g h
[32;1m[Board] [0m
[32;1m[Referee] [0mThis is the turn of the Black player...
[32;1m[Game] [0mPlayer's error code: 0
[32;1m[Game] [0mChecking move validity...
[32;1m[Board] [0mInitializing board (size: 8)...
[32;1m[Board] [0m32 piece(s) on board.
[32;1m[Board] [0mLoading history file `championship/bbd-chess-engine2/history.csv`...
[32;1m[Board] [0mLoaded 3 move(s).
[32;1m[Board] [0mHistory replayed, 32 piece(s) on board.
[32;1m[Board] [0mLoading move file `championship/bbd-chess-engine2/move.csv`...
[32;1m[Board] [0mBlack player is playing d7 to d5.
[32;1m[Board] [0m
[32;1m[Board] [0m     a b c d e f g h
[32;1m[Board] [0m   -------------------
[32;1m[Board] [0m 8 ||[30;1mr[0m|[30;1mk[0m|[30;1mb[0m|[30;1mQ[0m|[30;1mK[0m|[30;1mb[0m|[30;1mk[0m|[30;1mr[0m|| 8
[32;1m[Board] [0m   -------------------
[32;1m[Board] [0m 7 ||[30;1mp[0m|[30;1mp[0m|[30;1mp[0m|[7;1m [0m| |[30;1mp[0m|[30;1mp[0m|[30;1mp[0m|| 7
[32;1m[Board] [0m   -------------------
[32;1m[Board] [0m 6 ||[7;1m [0m| |[7;1m [0m| |[30;1mp[0m| |[7;1m [0m| || 6
[32;1m[Board] [0m   -------------------
[32;1m[Board] [0m 5 || |[7;1m [0m| |[30;1mp[0m| |[7;1m [0m| |[7;1m [0m|| 5
[32;1m[Board] [0m   -------------------
[32;1m[Board] [0m 4 ||[7;1m [0m| |[7;1m [0m|[0;1mp[0m|[0;1mp[0m| |[7;1m [0m| || 4
[32;1m[Board] [0m   -------------------
[32;1m[Board] [0m 3 || |[7;1m [0m| |[7;1m [0m| |[7;1m [0m| |[7;1m [0m|| 3
[32;1m[Board] [0m   -------------------
[32;1m[Board] [0m 2 ||[0;1mp[0m|[0;1mp[0m|[0;1mp[0m| |[7;1m [0m|[0;1mp[0m|[0;1mp[0m|[0;1mp[0m|| 2
[32;1m[Board] [0m   -------------------
[32;1m[Board] [0m 1 ||[0;1mr[0m|[0;1mk[0m|[0;1mb[0m|[0;1mQ[0m|[0;1mK[0m|[0;1mb[0m|[0;1mk[0m|[0;1mr[0m|| 1
[32;1m[Board] [0m   -------------------
[32;1m[Board] [0m     a b c d e f g h
[32;1m[Board] [0m
[32;1m[Referee] [0mThis is the turn of the White player...
Succesfully loaded network via incbin!
info score 93 depth 1 nodes 55 time 6
-32000 32000 30
info score 81 depth 2 nodes 275 time 6
-32000 32000 30
info score 106 depth 3 nodes 1981 time 7
-32000 32000 30
info score 82 depth 4 nodes 7195 time 14
-32000 32000 30
info score 110 depth 5 nodes 24829 time 38
52 112 30
info score 109 depth 6 nodes 58206 time 61
80 140 30
info score 133 depth 7 nodes 178516 time 142
79 139 30
info score 124 depth 8 nodes 595214 time 446
103 163 30
info score 139 depth 9 nodes 2437145 time 1868
94 154 30
info score 109 depth 10 nodes 4474609 time 3488
109 169 30
info score 79 depth 10 nodes 6025001 time 4711
79 169 60
info score 64 depth 10 nodes 7733377 time 6052
19 169 120
info score 94 depth 11 nodes 10592518 time 8530
34 94 30
bestmove b1d2
[32;1m[Game] [0mPlayer's error code: 0
[32;1m[Game] [0mChecking move validity...
[32;1m[Board] [0mInitializing board (size: 8)...
[32;1m[Board] [0m32 piece(s) on board.
[32;1m[Board] [0mLoading history file `championship/bbd-chess-engine2/history.csv`...
[32;1m[Board] [0mLoaded 4 move(s).
[32;1m[Board] [0mHistory replayed, 32 piece(s) on board.
[32;1m[Board] [0mLoading move file `championship/bbd-chess-engine2/move.csv`...
[32;1m[Board] [0mWhite player is playing b1 to d2.
[32;1m[Board] [0m
[32;1m[Board] [0m     a b c d e f g h
[32;1m[Board] [0m   -------------------
[32;1m[Board] [0m 8 ||[30;1mr[0m|[30;1mk[0m|[30;1mb[0m|[30;1mQ[0m|[30;1mK[0m|[30;1mb[0m|[30;1mk[0m|[30;1mr[0m|| 8
[32;1m[Board] [0m   -------------------
[32;1m[Board] [0m 7 ||[30;1mp[0m|[30;1mp[0m|[30;1mp[0m|[7;1m [0m| |[30;1mp[0m|[30;1mp[0m|[30;1mp[0m|| 7
[32;1m[Board] [0m   -------------------
[32;1m[Board] [0m 6 ||[7;1m [0m| |[7;1m [0m| |[30;1mp[0m| |[7;1m [0m| || 6
[32;1m[Board] [0m   -------------------
[32;1m[Board] [0m 5 || |[7;1m [0m| |[30;1mp[0m| |[7;1m [0m| |[7;1m [0m|| 5
[32;1m[Board] [0m   -------------------
[32;1m[Board] [0m 4 ||[7;1m [0m| |[7;1m [0m|[0;1mp[0m|[0;1mp[0m| |[7;1m [0m| || 4
[32;1m[Board] [0m   -------------------
[32;1m[Board] [0m 3 || |[7;1m [0m| |[7;1m [0m| |[7;1m [0m| |[7;1m [0m|| 3
[32;1m[Board] [0m   -------------------
[32;1m[Board] [0m 2 ||[0;1mp[0m|[0;1mp[0m|[0;1mp[0m|[0;1mk[0m|[7;1m [0m|[0;1mp[0m|[0;1mp[0m|[0;1mp[0m|| 2
[32;1m[Board] [0m   -------------------
[32;1m[Board] [0m 1 ||[0;1mr[0m|[7;1m [0m|[0;1mb[0m|[0;1mQ[0m|[0;1mK[0m|[0;1mb[0m|[0;1mk[0m|[0;1mr[0m|| 1
[32;1m[Board] [0m   -------------------
[32;1m[Board] [0m     a b c d e f g h
[32;1m[Board] [0m
[32;1m[Referee] [0mThis is the turn of the Black player...
[32;1m[Game] [0mPlayer's error code: 0
[32;1m[Game] [0mChecking move validity...
[32;1m[Board] [0mInitializing board (size: 8)...
[32;1m[Board] [0m32 piece(s) on board.
[32;1m[Board] [0mLoading history file `championship/bbd-chess-engine2/history.csv`...
[32;1m[Board] [0mLoaded 5 move(s).
[32;1m[Board] [0mHistory replayed, 32 piece(s) on board.
[32;1m[Board] [0mLoading move file `championship/bbd-chess-engine2/move.csv`...
[32;1m[Board] [0mBlack player is playing g8 to f6.
[32;1m[Board] [0m
[32;1m[Board] [0m     a b c d e f g h
[32;1m[Board] [0m   -------------------
[32;1m[Board] [0m 8 ||[30;1mr[0m|[30;1mk[0m|[30;1mb[0m|[30;1mQ[0m|[30;1mK[0m|[30;1mb[0m|[7;1m [0m|[30;1mr[0m|| 8
[32;1m[Board] [0m   -------------------
[32;1m[Board] [0m 7 ||[30;1mp[0m|[30;1mp[0m|[30;1mp[0m|[7;1m [0m| |[30;1mp[0m|[30;1mp[0m|[30;1mp[0m|| 7
[32;1m[Board] [0m   -------------------
[32;1m[Board] [0m 6 ||[7;1m [0m| |[7;1m [0m| |[30;1mp[0m|[30;1mk[0m|[7;1m [0m| || 6
[32;1m[Board] [0m   -------------------
[32;1m[Board] [0m 5 || |[7;1m [0m| |[30;1mp[0m| |[7;1m [0m| |[7;1m [0m|| 5
[32;1m[Board] [0m   -------------------
[32;1m[Board] [0m 4 ||[7;1m [0m| |[7;1m [0m|[0;1mp[0m|[0;1mp[0m| |[7;1m [0m| || 4
[32;1m[Board] [0m   -------------------
[32;1m[Board] [0m 3 || |[7;1m [0m| |[7;1m [0m| |[7;1m [0m| |[7;1m [0m|| 3
[32;1m[Board] [0m   -------------------
[32;1m[Board] [0m 2 ||[0;1mp[0m|[0;1mp[0m|[0;1mp[0m|[0;1mk[0m|[7;1m [0m|[0;1mp[0m|[0;1mp[0m|[0;1mp[0m|| 2
[32;1m[Board] [0m   -------------------
[32;1m[Board] [0m 1 ||[0;1mr[0m|[7;1m [0m|[0;1mb[0m|[0;1mQ[0m|[0;1mK[0m|[0;1mb[0m|[0;1mk[0m|[0;1mr[0m|| 1
[32;1m[Board] [0m   -------------------
[32;1m[Board] [0m     a b c d e f g h
[32;1m[Board] [0m
[32;1m[Referee] [0mThis is the turn of the White player...
Succesfully loaded network via incbin!
info score 97 depth 1 nodes 54 time 6
-32000 32000 30
info score 214 depth 2 nodes 252 time 6
-32000 32000 30
info score 215 depth 3 nodes 1426 time 10
-32000 32000 30
info score 201 depth 4 nodes 3492 time 12
-32000 32000 30
info score 213 depth 5 nodes 9076 time 18
171 231 30
info score 183 depth 6 nodes 19121 time 33
183 243 30
info score 160 depth 6 nodes 27639 time 45
153 243 60
info score 180 depth 7 nodes 99060 time 137
130 190 30
info score 150 depth 8 nodes 205334 time 291
150 210 30
info score 130 depth 8 nodes 280526 time 394
120 210 60
info score 158 depth 9 nodes 907683 time 1017
100 160 30
info score 128 depth 10 nodes 1761644 time 1685
128 188 30
info score 115 depth 10 nodes 2276525 time 2065
98 188 60
info score 145 depth 11 nodes 2726113 time 2425
85 145 30
info score 158 depth 11 nodes 7481371 time 5784
85 175 60
bestmove e4e5
[32;1m[Game] [0mPlayer's error code: 0
[32;1m[Game] [0mChecking move validity...
[32;1m[Board] [0mInitializing board (size: 8)...
[32;1m[Board] [0m32 piece(s) on board.
[32;1m[Board] [0mLoading history file `championship/bbd-chess-engine2/history.csv`...
[32;1m[Board] [0mLoaded 6 move(s).
[32;1m[Board] [0mHistory replayed, 32 piece(s) on board.
[32;1m[Board] [0mLoading move file `championship/bbd-chess-engine2/move.csv`...
[32;1m[Board] [0mWhite player is playing e4 to e5.
[32;1m[Board] [0m
[32;1m[Board] [0m     a b c d e f g h
[32;1m[Board] [0m   -------------------
[32;1m[Board] [0m 8 ||[30;1mr[0m|[30;1mk[0m|[30;1mb[0m|[30;1mQ[0m|[30;1mK[0m|[30;1mb[0m|[7;1m [0m|[30;1mr[0m|| 8
[32;1m[Board] [0m   -------------------
[32;1m[Board] [0m 7 ||[30;1mp[0m|[30;1mp[0m|[30;1mp[0m|[7;1m [0m| |[30;1mp[0m|[30;1mp[0m|[30;1mp[0m|| 7
[32;1m[Board] [0m   -------------------
[32;1m[Board] [0m 6 ||[7;1m [0m| |[7;1m [0m| |[30;1mp[0m|[30;1mk[0m|[7;1m [0m| || 6
[32;1m[Board] [0m   -------------------
[32;1m[Board] [0m 5 || |[7;1m [0m| |[30;1mp[0m|[0;1mp[0m|[7;1m [0m| |[7;1m [0m|| 5
[32;1m[Board] [0m   -------------------
[32;1m[Board] [0m 4 ||[7;1m [0m| |[7;1m [0m|[0;1mp[0m|[7;1m [0m| |[7;1m [0m| || 4
[32;1m[Board] [0m   -------------------
[32;1m[Board] [0m 3 || |[7;1m [0m| |[7;1m [0m| |[7;1m [0m| |[7;1m [0m|| 3
[32;1m[Board] [0m   -------------------
[32;1m[Board] [0m 2 ||[0;1mp[0m|[0;1mp[0m|[0;1mp[0m|[0;1mk[0m|[7;1m [0m|[0;1mp[0m|[0;1mp[0m|[0;1mp[0m|| 2
[32;1m[Board] [0m   -------------------
[32;1m[Board] [0m 1 ||[0;1mr[0m|[7;1m [0m|[0;1mb[0m|[0;1mQ[0m|[0;1mK[0m|[0;1mb[0m|[0;1mk[0m|[0;1mr[0m|| 1
[32;1m[Board] [0m   -------------------
[32;1m[Board] [0m     a b c d e f g h
[32;1m[Board] [0m
[32;1m[Referee] [0mThis is the turn of the Black player...
[32;1m[Game] [0mPlayer's error code: 0
[32;1m[Game] [0mChecking move validity...
[32;1m[Board] [0mInitializing board (size: 8)...
[32;1m[Board] [0m32 piece(s) on board.
[32;1m[Board] [0mLoading history file `championship/bbd-chess-engine2/history.csv`...
[32;1m[Board] [0mLoaded 7 move(s).
[32;1m[Board] [0mHistory replayed, 32 piece(s) on board.
[32;1m[Board] [0mLoading move file `championship/bbd-chess-engine2/move.csv`...
[32;1m[Board] [0mBlack player is playing b8 to c6.
[32;1m[Board] [0m
[32;1m[Board] [0m     a b c d e f g h
[32;1m[Board] [0m   -------------------
[32;1m[Board] [0m 8 ||[30;1mr[0m| |[30;1mb[0m|[30;1mQ[0m|[30;1mK[0m|[30;1mb[0m|[7;1m [0m|[30;1mr[0m|| 8
[32;1m[Board] [0m   -------------------
[32;1m[Board] [0m 7 ||[30;1mp[0m|[30;1mp[0m|[30;1mp[0m|[7;1m [0m| |[30;1mp[0m|[30;1mp[0m|[30;1mp[0m|| 7
[32;1m[Board] [0m   -------------------
[32;1m[Board] [0m 6 ||[7;1m [0m| |[30;1mk[0m| |[30;1mp[0m|[30;1mk[0m|[7;1m [0m| || 6
[32;1m[Board] [0m   -------------------
[32;1m[Board] [0m 5 || |[7;1m [0m| |[30;1mp[0m|[0;1mp[0m|[7;1m [0m| |[7;1m [0m|| 5
[32;1m[Board] [0m   -------------------
[32;1m[Board] [0m 4 ||[7;1m [0m| |[7;1m [0m|[0;1mp[0m|[7;1m [0m| |[7;1m [0m| || 4
[32;1m[Board] [0m   -------------------
[32;1m[Board] [0m 3 || |[7;1m [0m| |[7;1m [0m| |[7;1m [0m| |[7;1m [0m|| 3
[32;1m[Board] [0m   -------------------
[32;1m[Board] [0m 2 ||[0;1mp[0m|[0;1mp[0m|[0;1mp[0m|[0;1mk[0m|[7;1m [0m|[0;1mp[0m|[0;1mp[0m|[0;1mp[0m|| 2
[32;1m[Board] [0m   -------------------
[32;1m[Board] [0m 1 ||[0;1mr[0m|[7;1m [0m|[0;1mb[0m|[0;1mQ[0m|[0;1mK[0m|[0;1mb[0m|[0;1mk[0m|[0;1mr[0m|| 1
[32;1m[Board] [0m   -------------------
[32;1m[Board] [0m     a b c d e f g h
[32;1m[Board] [0m
[32;1m[Referee] [0mThis is the turn of the White player...
Succesfully loaded network via incbin!
info score 880 depth 1 nodes 41 time 6
-32000 32000 30
info score 880 depth 2 nodes 110 time 7
-32000 32000 30
info score 880 depth 3 nodes 242 time 7
-32000 32000 30
info score 884 depth 4 nodes 1338 time 7
-32000 32000 30
info score 914 depth 5 nodes 3172 time 12
854 914 30
info score 944 depth 5 nodes 4516 time 13
854 944 60
info score 946 depth 5 nodes 8304 time 19
854 1004 120
info score 916 depth 6 nodes 11020 time 21
916 976 30
info score 886 depth 6 nodes 12040 time 22
886 976 60
info score 884 depth 6 nodes 21715 time 34
826 976 120
info score 892 depth 7 nodes 59326 time 82
854 914 30
info score 862 depth 8 nodes 102080 time 141
862 922 30
info score 836 depth 8 nodes 158145 time 219
832 922 60
info score 866 depth 9 nodes 242122 time 347
806 866 30
info score 866 depth 9 nodes 455957 time 608
806 896 60
info score 847 depth 10 nodes 1065451 time 1122
836 896 30
info score 877 depth 11 nodes 1572785 time 1500
817 877 30
info score 907 depth 11 nodes 2016398 time 1841
817 907 60
info score 951 depth 11 nodes 3823034 time 3207
817 967 120
info score 921 depth 12 nodes 5306360 time 4323
921 981 30
info score 891 depth 12 nodes 5800525 time 4700
891 981 60
info score 887 depth 12 nodes 9807903 time 7678
831 981 120
bestmove e5f6
[32;1m[Game] [0mPlayer's error code: 0
[32;1m[Game] [0mChecking move validity...
[32;1m[Board] [0mInitializing board (size: 8)...
[32;1m[Board] [0m32 piece(s) on board.
[32;1m[Board] [0mLoading history file `championship/bbd-chess-engine2/history.csv`...
[32;1m[Board] [0mLoaded 8 move(s).
[32;1m[Board] [0mHistory replayed, 32 piece(s) on board.
[32;1m[Board] [0mLoading move file `championship/bbd-chess-engine2/move.csv`...
[32;1m[Board] [0mWhite player is playing e5 to f6.
[32;1m[Board] [0m[5;1mWhite Pawn is taking Black Knight.[0m
[32;1m[Board] [0m
[32;1m[Board] [0m     a b c d e f g h
[32;1m[Board] [0m   -------------------
[32;1m[Board] [0m 8 ||[30;1mr[0m| |[30;1mb[0m|[30;1mQ[0m|[30;1mK[0m|[30;1mb[0m|[7;1m [0m|[30;1mr[0m|| 8
[32;1m[Board] [0m   -------------------
[32;1m[Board] [0m 7 ||[30;1mp[0m|[30;1mp[0m|[30;1mp[0m|[7;1m [0m| |[30;1mp[0m|[30;1mp[0m|[30;1mp[0m|| 7
[32;1m[Board] [0m   -------------------
[32;1m[Board] [0m 6 ||[7;1m [0m| |[30;1mk[0m| |[30;1mp[0m|[0;1mp[0m|[7;1m [0m| || 6
[32;1m[Board] [0m   -------------------
[32;1m[Board] [0m 5 || |[7;1m [0m| |[30;1mp[0m| |[7;1m [0m| |[7;1m [0m|| 5
[32;1m[Board] [0m   -------------------
[32;1m[Board] [0m 4 ||[7;1m [0m| |[7;1m [0m|[0;1mp[0m|[7;1m [0m| |[7;1m [0m| || 4
[32;1m[Board] [0m   -------------------
[32;1m[Board] [0m 3 || |[7;1m [0m| |[7;1m [0m| |[7;1m [0m| |[7;1m [0m|| 3
[32;1m[Board] [0m   -------------------
[32;1m[Board] [0m 2 ||[0;1mp[0m|[0;1mp[0m|[0;1mp[0m|[0;1mk[0m|[7;1m [0m|[0;1mp[0m|[0;1mp[0m|[0;1mp[0m|| 2
[32;1m[Board] [0m   -------------------
[32;1m[Board] [0m 1 ||[0;1mr[0m|[7;1m [0m|[0;1mb[0m|[0;1mQ[0m|[0;1mK[0m|[0;1mb[0m|[0;1mk[0m|[0;1mr[0m|| 1
[32;1m[Board] [0m   -------------------
[32;1m[Board] [0m     a b c d e f g h
[32;1m[Board] [0m
[32;1m[Referee] [0mThis is the turn of the Black player...
[32;1m[Game] [0mPlayer's error code: 0
[32;1m[Game] [0mChecking move validity...
[32;1m[Board] [0mInitializing board (size: 8)...
[32;1m[Board] [0m32 piece(s) on board.
[32;1m[Board] [0mLoading history file `championship/bbd-chess-engine2/history.csv`...
[32;1m[Board] [0mLoaded 9 move(s).
[32;1m[Board] [0mHistory replayed, 31 piece(s) on board.
[32;1m[Board] [0mLoading move file `championship/bbd-chess-engine2/move.csv`...
[32;1m[Board] [0mBlack player is playing d8 to f6.
[32;1m[Board] [0m[5;1mBlack Queen is taking White Pawn.[0m
[32;1m[Board] [0m
[32;1m[Board] [0m     a b c d e f g h
[32;1m[Board] [0m   -------------------
[32;1m[Board] [0m 8 ||[30;1mr[0m| |[30;1mb[0m| |[30;1mK[0m|[30;1mb[0m|[7;1m [0m|[30;1mr[0m|| 8
[32;1m[Board] [0m   -------------------
[32;1m[Board] [0m 7 ||[30;1mp[0m|[30;1mp[0m|[30;1mp[0m|[7;1m [0m| |[30;1mp[0m|[30;1mp[0m|[30;1mp[0m|| 7
[32;1m[Board] [0m   -------------------
[32;1m[Board] [0m 6 ||[7;1m [0m| |[30;1mk[0m| |[30;1mp[0m|[30;1mQ[0m|[7;1m [0m| || 6
[32;1m[Board] [0m   -------------------
[32;1m[Board] [0m 5 || |[7;1m [0m| |[30;1mp[0m| |[7;1m [0m| |[7;1m [0m|| 5
[32;1m[Board] [0m   -------------------
[32;1m[Board] [0m 4 ||[7;1m [0m| |[7;1m [0m|[0;1mp[0m|[7;1m [0m| |[7;1m [0m| || 4
[32;1m[Board] [0m   -------------------
[32;1m[Board] [0m 3 || |[7;1m [0m| |[7;1m [0m| |[7;1m [0m| |[7;1m [0m|| 3
[32;1m[Board] [0m   -------------------
[32;1m[Board] [0m 2 ||[0;1mp[0m|[0;1mp[0m|[0;1mp[0m|[0;1mk[0m|[7;1m [0m|[0;1mp[0m|[0;1mp[0m|[0;1mp[0m|| 2
[32;1m[Board] [0m   -------------------
[32;1m[Board] [0m 1 ||[0;1mr[0m|[7;1m [0m|[0;1mb[0m|[0;1mQ[0m|[0;1mK[0m|[0;1mb[0m|[0;1mk[0m|[0;1mr[0m|| 1
[32;1m[Board] [0m   -------------------
[32;1m[Board] [0m     a b c d e f g h
[32;1m[Board] [0m
[32;1m[Referee] [0mThis is the turn of the White player...
Succesfully loaded network via incbin!
info score 1035 depth 1 nodes 101 time 3
-32000 32000 30
info score 991 depth 2 nodes 316 time 3
-32000 32000 30
info score 989 depth 3 nodes 1918 time 4
-32000 32000 30
info score 961 depth 4 nodes 7462 time 8
-32000 32000 30
info score 991 depth 5 nodes 10930 time 11
931 991 30
info score 1000 depth 5 nodes 17640 time 16
931 1021 60
info score 970 depth 6 nodes 46733 time 38
970 1030 30
info score 940 depth 6 nodes 52933 time 43
940 1030 60
info score 908 depth 6 nodes 76632 time 61
880 1030 120
info score 938 depth 7 nodes 91656 time 73
878 938 30
info score 959 depth 7 nodes 219713 time 170
878 968 60
info score 929 depth 8 nodes 645129 time 544
929 989 30
info score 929 depth 8 nodes 676916 time 567
899 989 60
info score 959 depth 9 nodes 940471 time 778
899 959 30
info score 962 depth 9 nodes 2039923 time 1730
899 989 60
info score 932 depth 10 nodes 3662691 time 2994
932 992 30
info score 930 depth 10 nodes 5439038 time 4342
902 992 60
info score 960 depth 11 nodes 9512885 time 7722
900 960 30
bestmove d2f3
[32;1m[Game] [0mPlayer's error code: 0
[32;1m[Game] [0mChecking move validity...
[32;1m[Board] [0mInitializing board (size: 8)...
[32;1m[Board] [0m32 piece(s) on board.
[32;1m[Board] [0mLoading history file `championship/bbd-chess-engine2/history.csv`...
[32;1m[Board] [0mLoaded 10 move(s).
[32;1m[Board] [0mHistory replayed, 30 piece(s) on board.
[32;1m[Board] [0mLoading move file `championship/bbd-chess-engine2/move.csv`...
[32;1m[Board] [0mWhite player is playing d2 to f3.
[32;1m[Board] [0m
[32;1m[Board] [0m     a b c d e f g h
[32;1m[Board] [0m   -------------------
[32;1m[Board] [0m 8 ||[30;1mr[0m| |[30;1mb[0m| |[30;1mK[0m|[30;1mb[0m|[7;1m [0m|[30;1mr[0m|| 8
[32;1m[Board] [0m   -------------------
[32;1m[Board] [0m 7 ||[30;1mp[0m|[30;1mp[0m|[30;1mp[0m|[7;1m [0m| |[30;1mp[0m|[30;1mp[0m|[30;1mp[0m|| 7
[32;1m[Board] [0m   -------------------
[32;1m[Board] [0m 6 ||[7;1m [0m| |[30;1mk[0m| |[30;1mp[0m|[30;1mQ[0m|[7;1m [0m| || 6
[32;1m[Board] [0m   -------------------
[32;1m[Board] [0m 5 || |[7;1m [0m| |[30;1mp[0m| |[7;1m [0m| |[7;1m [0m|| 5
[32;1m[Board] [0m   -------------------
[32;1m[Board] [0m 4 ||[7;1m [0m| |[7;1m [0m|[0;1mp[0m|[7;1m [0m| |[7;1m [0m| || 4
[32;1m[Board] [0m   -------------------
[32;1m[Board] [0m 3 || |[7;1m [0m| |[7;1m [0m| |[0;1mk[0m| |[7;1m [0m|| 3
[32;1m[Board] [0m   -------------------
[32;1m[Board] [0m 2 ||[0;1mp[0m|[0;1mp[0m|[0;1mp[0m| |[7;1m [0m|[0;1mp[0m|[0;1mp[0m|[0;1mp[0m|| 2
[32;1m[Board] [0m   -------------------
[32;1m[Board] [0m 1 ||[0;1mr[0m|[7;1m [0m|[0;1mb[0m|[0;1mQ[0m|[0;1mK[0m|[0;1mb[0m|[0;1mk[0m|[0;1mr[0m|| 1
[32;1m[Board] [0m   -------------------
[32;1m[Board] [0m     a b c d e f g h
[32;1m[Board] [0m
[32;1m[Referee] [0mThis is the turn of the Black player...
[32;1m[Game] [0mPlayer's error code: 0
[32;1m[Game] [0mChecking move validity...
[32;1m[Board] [0mInitializing board (size: 8)...
[32;1m[Board] [0m32 piece(s) on board.
[32;1m[Board] [0mLoading history file `championship/bbd-chess-engine2/history.csv`...
[32;1m[Board] [0mLoaded 11 move(s).
[32;1m[Board] [0mHistory replayed, 30 piece(s) on board.
[32;1m[Board] [0mLoading move file `championship/bbd-chess-engine2/move.csv`...
[32;1m[Board] [0mBlack player is playing f8 to b4.
[32;1m[Board] [0m
[32;1m[Board] [0m     a b c d e f g h
[32;1m[Board] [0m   -------------------
[32;1m[Board] [0m 8 ||[30;1mr[0m| |[30;1mb[0m| |[30;1mK[0m| |[7;1m [0m|[30;1mr[0m|| 8
[32;1m[Board] [0m   -------------------
[32;1m[Board] [0m 7 ||[30;1mp[0m|[30;1mp[0m|[30;1mp[0m|[7;1m [0m| |[30;1mp[0m|[30;1mp[0m|[30;1mp[0m|| 7
[32;1m[Board] [0m   -------------------
[32;1m[Board] [0m 6 ||[7;1m [0m| |[30;1mk[0m| |[30;1mp[0m|[30;1mQ[0m|[7;1m [0m| || 6
[32;1m[Board] [0m   -------------------
[32;1m[Board] [0m 5 || |[7;1m [0m| |[30;1mp[0m| |[7;1m [0m| |[7;1m [0m|| 5
[32;1m[Board] [0m   -------------------
[32;1m[Board] [0m 4 ||[7;1m [0m|[30;1mb[0m|[7;1m [0m|[0;1mp[0m|[7;1m [0m| |[7;1m [0m| || 4
[32;1m[Board] [0m   -------------------
[32;1m[Board] [0m 3 || |[7;1m [0m| |[7;1m [0m| |[0;1mk[0m| |[7;1m [0m|| 3
[32;1m[Board] [0m   -------------------
[32;1m[Board] [0m 2 ||[0;1mp[0m|[0;1mp[0m|[0;1mp[0m| |[7;1m [0m|[0;1mp[0m|[0;1mp[0m|[0;1mp[0m|| 2
[32;1m[Board] [0m   -------------------
[32;1m[Board] [0m 1 ||[0;1mr[0m|[7;1m [0m|[0;1mb[0m|[0;1mQ[0m|[0;1mK[0m|[0;1mb[0m|[0;1mk[0m|[0;1mr[0m|| 1
[32;1m[Board] [0m   -------------------
[32;1m[Board] [0m     a b c d e f g h
[32;1m[Board] [0m
[32;1m[Referee] [0mThis is the turn of the White player...
Succesfully loaded network via incbin!
info score 1095 depth 1 nodes 68 time 3
-32000 32000 30
info score 1081 depth 2 nodes 541 time 7
-32000 32000 30
info score 1095 depth 3 nodes 1258 time 7
-32000 32000 30
info score 1067 depth 4 nodes 5199 time 14
-32000 32000 30
info score 1087 depth 5 nodes 9043 time 16
1037 1097 30
info score 1117 depth 6 nodes 20050 time 34
1057 1117 30
info score 1147 depth 6 nodes 24065 time 36
1057 1147 60
info score 1182 depth 6 nodes 28868 time 43
1057 1207 120
info score 1212 depth 7 nodes 43477 time 68
1152 1212 30
info score 1219 depth 7 nodes 54744 time 83
1152 1242 60
info score 1189 depth 8 nodes 63532 time 96
1189 1249 30
info score 1159 depth 8 nodes 66542 time 102
1159 1249 60
info score 1099 depth 8 nodes 78787 time 122
1099 1249 120
info score 1079 depth 8 nodes 165032 time 187
979 1249 240
info score 1109 depth 9 nodes 264556 time 260
1049 1109 30
info score 1119 depth 9 nodes 389805 time 353
1049 1139 60
info score 1102 depth 10 nodes 951748 time 773
1089 1149 30
info score 1132 depth 11 nodes 1662270 time 1341
1072 1132 30
info score 1162 depth 11 nodes 1978386 time 1589
1072 1162 60
info score 1162 depth 11 nodes 2626760 time 2092
1072 1222 120
info score 1132 depth 12 nodes 5208111 time 4090
1132 1192 30
info score 1105 depth 12 nodes 8970289 time 6991
1102 1192 60
bestmove c2c3
[32;1m[Game] [0mPlayer's error code: 0
[32;1m[Game] [0mChecking move validity...
[32;1m[Board] [0mInitializing board (size: 8)...
[32;1m[Board] [0m32 piece(s) on board.
[32;1m[Board] [0mLoading history file `championship/bbd-chess-engine2/history.csv`...
[32;1m[Board] [0mLoaded 12 move(s).
[32;1m[Board] [0mHistory replayed, 30 piece(s) on board.
[32;1m[Board] [0mLoading move file `championship/bbd-chess-engine2/move.csv`...
[32;1m[Board] [0mWhite player is playing c2 to c3.
[32;1m[Board] [0m
[32;1m[Board] [0m     a b c d e f g h
[32;1m[Board] [0m   -------------------
[32;1m[Board] [0m 8 ||[30;1mr[0m| |[30;1mb[0m| |[30;1mK[0m| |[7;1m [0m|[30;1mr[0m|| 8
[32;1m[Board] [0m   -------------------
[32;1m[Board] [0m 7 ||[30;1mp[0m|[30;1mp[0m|[30;1mp[0m|[7;1m [0m| |[30;1mp[0m|[30;1mp[0m|[30;1mp[0m|| 7
[32;1m[Board] [0m   -------------------
[32;1m[Board] [0m 6 ||[7;1m [0m| |[30;1mk[0m| |[30;1mp[0m|[30;1mQ[0m|[7;1m [0m| || 6
[32;1m[Board] [0m   -------------------
[32;1m[Board] [0m 5 || |[7;1m [0m| |[30;1mp[0m| |[7;1m [0m| |[7;1m [0m|| 5
[32;1m[Board] [0m   -------------------
[32;1m[Board] [0m 4 ||[7;1m [0m|[30;1mb[0m|[7;1m [0m|[0;1mp[0m|[7;1m [0m| |[7;1m [0m| || 4
[32;1m[Board] [0m   -------------------
[32;1m[Board] [0m 3 || |[7;1m [0m|[0;1mp[0m|[7;1m [0m| |[0;1mk[0m| |[7;1m [0m|| 3
[32;1m[Board] [0m   -------------------
[32;1m[Board] [0m 2 ||[0;1mp[0m|[0;1mp[0m|[7;1m [0m| |[7;1m [0m|[0;1mp[0m|[0;1mp[0m|[0;1mp[0m|| 2
[32;1m[Board] [0m   -------------------
[32;1m[Board] [0m 1 ||[0;1mr[0m|[7;1m [0m|[0;1mb[0m|[0;1mQ[0m|[0;1mK[0m|[0;1mb[0m|[0;1mk[0m|[0;1mr[0m|| 1
[32;1m[Board] [0m   -------------------
[32;1m[Board] [0m     a b c d e f g h
[32;1m[Board] [0m
[32;1m[Referee] [0mThis is the turn of the Black player...
[32;1m[Game] [0mPlayer's error code: 0
[32;1m[Game] [0mChecking move validity...
[32;1m[Board] [0mInitializing board (size: 8)...
[32;1m[Board] [0m32 piece(s) on board.
[32;1m[Board] [0mLoading history file `championship/bbd-chess-engine2/history.csv`...
[32;1m[Board] [0mLoaded 13 move(s).
[32;1m[Board] [0mHistory replayed, 30 piece(s) on board.
[32;1m[Board] [0mLoading move file `championship/bbd-chess-engine2/move.csv`...
[32;1m[Board] [0mBlack player is playing b4 to e7.
[32;1m[Board] [0m
[32;1m[Board] [0m     a b c d e f g h
[32;1m[Board] [0m   -------------------
[32;1m[Board] [0m 8 ||[30;1mr[0m| |[30;1mb[0m| |[30;1mK[0m| |[7;1m [0m|[30;1mr[0m|| 8
[32;1m[Board] [0m   -------------------
[32;1m[Board] [0m 7 ||[30;1mp[0m|[30;1mp[0m|[30;1mp[0m|[7;1m [0m|[30;1mb[0m|[30;1mp[0m|[30;1mp[0m|[30;1mp[0m|| 7
[32;1m[Board] [0m   -------------------
[32;1m[Board] [0m 6 ||[7;1m [0m| |[30;1mk[0m| |[30;1mp[0m|[30;1mQ[0m|[7;1m [0m| || 6
[32;1m[Board] [0m   -------------------
[32;1m[Board] [0m 5 || |[7;1m [0m| |[30;1mp[0m| |[7;1m [0m| |[7;1m [0m|| 5
[32;1m[Board] [0m   -------------------
[32;1m[Board] [0m 4 ||[7;1m [0m| |[7;1m [0m|[0;1mp[0m|[7;1m [0m| |[7;1m [0m| || 4
[32;1m[Board] [0m   -------------------
[32;1m[Board] [0m 3 || |[7;1m [0m|[0;1mp[0m|[7;1m [0m| |[0;1mk[0m| |[7;1m [0m|| 3
[32;1m[Board] [0m   -------------------
[32;1m[Board] [0m 2 ||[0;1mp[0m|[0;1mp[0m|[7;1m [0m| |[7;1m [0m|[0;1mp[0m|[0;1mp[0m|[0;1mp[0m|| 2
[32;1m[Board] [0m   -------------------
[32;1m[Board] [0m 1 ||[0;1mr[0m|[7;1m [0m|[0;1mb[0m|[0;1mQ[0m|[0;1mK[0m|[0;1mb[0m|[0;1mk[0m|[0;1mr[0m|| 1
[32;1m[Board] [0m   -------------------
[32;1m[Board] [0m     a b c d e f g h
[32;1m[Board] [0m
[32;1m[Referee] [0mThis is the turn of the White player...
Succesfully loaded network via incbin!
info score 1133 depth 1 nodes 180 time 3
-32000 32000 30
info score 1144 depth 2 nodes 861 time 4
-32000 32000 30
info score 1144 depth 3 nodes 2312 time 5
-32000 32000 30
info score 1238 depth 4 nodes 4628 time 7
-32000 32000 30
info score 1223 depth 5 nodes 14327 time 14
1208 1268 30
info score 1223 depth 6 nodes 26682 time 23
1193 1253 30
info score 1213 depth 7 nodes 92532 time 70
1193 1253 30
info score 1183 depth 8 nodes 255120 time 193
1183 1243 30
info score 1175 depth 8 nodes 330467 time 246
1153 1243 60
info score 1205 depth 9 nodes 383644 time 285
1145 1205 30
info score 1221 depth 9 nodes 996772 time 748
1145 1235 60
info score 1243 depth 10 nodes 1836673 time 1385
1191 1251 30
info score 1248 depth 11 nodes 4602987 time 3531
1213 1273 30
bestmove c1g5
[32;1m[Game] [0mPlayer's error code: 0
[32;1m[Game] [0mChecking move validity...
[32;1m[Board] [0mInitializing board (size: 8)...
[32;1m[Board] [0m32 piece(s) on board.
[32;1m[Board] [0mLoading history file `championship/bbd-chess-engine2/history.csv`...
[32;1m[Board] [0mLoaded 14 move(s).
[32;1m[Board] [0mHistory replayed, 30 piece(s) on board.
[32;1m[Board] [0mLoading move file `championship/bbd-chess-engine2/move.csv`...
[32;1m[Board] [0mWhite player is playing c1 to g5.
[32;1m[Board] [0m
[32;1m[Board] [0m     a b c d e f g h
[32;1m[Board] [0m   -------------------
[32;1m[Board] [0m 8 ||[30;1mr[0m| |[30;1mb[0m| |[30;1mK[0m| |[7;1m [0m|[30;1mr[0m|| 8
[32;1m[Board] [0m   -------------------
[32;1m[Board] [0m 7 ||[30;1mp[0m|[30;1mp[0m|[30;1mp[0m|[7;1m [0m|[30;1mb[0m|[30;1mp[0m|[30;1mp[0m|[30;1mp[0m|| 7
[32;1m[Board] [0m   -------------------
[32;1m[Board] [0m 6 ||[7;1m [0m| |[30;1mk[0m| |[30;1mp[0m|[30;1mQ[0m|[7;1m [0m| || 6
[32;1m[Board] [0m   -------------------
[32;1m[Board] [0m 5 || |[7;1m [0m| |[30;1mp[0m| |[7;1m [0m|[0;1mb[0m|[7;1m [0m|| 5
[32;1m[Board] [0m   -------------------
[32;1m[Board] [0m 4 ||[7;1m [0m| |[7;1m [0m|[0;1mp[0m|[7;1m [0m| |[7;1m [0m| || 4
[32;1m[Board] [0m   -------------------
[32;1m[Board] [0m 3 || |[7;1m [0m|[0;1mp[0m|[7;1m [0m| |[0;1mk[0m| |[7;1m [0m|| 3
[32;1m[Board] [0m   -------------------
[32;1m[Board] [0m 2 ||[0;1mp[0m|[0;1mp[0m|[7;1m [0m| |[7;1m [0m|[0;1mp[0m|[0;1mp[0m|[0;1mp[0m|| 2
[32;1m[Board] [0m   -------------------
[32;1m[Board] [0m 1 ||[0;1mr[0m|[7;1m [0m| |[0;1mQ[0m|[0;1mK[0m|[0;1mb[0m|[0;1mk[0m|[0;1mr[0m|| 1
[32;1m[Board] [0m   -------------------
[32;1m[Board] [0m     a b c d e f g h
[32;1m[Board] [0m
[32;1m[Referee] [0mThis is the turn of the Black player...
[32;1m[Game] [0mPlayer's error code: 0
[32;1m[Game] [0mChecking move validity...
[32;1m[Board] [0mInitializing board (size: 8)...
[32;1m[Board] [0m32 piece(s) on board.
[32;1m[Board] [0mLoading history file `championship/bbd-chess-engine2/history.csv`...
[32;1m[Board] [0mLoaded 15 move(s).
[32;1m[Board] [0mHistory replayed, 30 piece(s) on board.
[32;1m[Board] [0mLoading move file `championship/bbd-chess-engine2/move.csv`...
[32;1m[Board] [0mBlack player is playing f6 to f5.
[32;1m[Board] [0m
[32;1m[Board] [0m     a b c d e f g h
[32;1m[Board] [0m   -------------------
[32;1m[Board] [0m 8 ||[30;1mr[0m| |[30;1mb[0m| |[30;1mK[0m| |[7;1m [0m|[30;1mr[0m|| 8
[32;1m[Board] [0m   -------------------
[32;1m[Board] [0m 7 ||[30;1mp[0m|[30;1mp[0m|[30;1mp[0m|[7;1m [0m|[30;1mb[0m|[30;1mp[0m|[30;1mp[0m|[30;1mp[0m|| 7
[32;1m[Board] [0m   -------------------
[32;1m[Board] [0m 6 ||[7;1m [0m| |[30;1mk[0m| |[30;1mp[0m| |[7;1m [0m| || 6
[32;1m[Board] [0m   -------------------
[32;1m[Board] [0m 5 || |[7;1m [0m| |[30;1mp[0m| |[30;1mQ[0m|[0;1mb[0m|[7;1m [0m|| 5
[32;1m[Board] [0m   -------------------
[32;1m[Board] [0m 4 ||[7;1m [0m| |[7;1m [0m|[0;1mp[0m|[7;1m [0m| |[7;1m [0m| || 4
[32;1m[Board] [0m   -------------------
[32;1m[Board] [0m 3 || |[7;1m [0m|[0;1mp[0m|[7;1m [0m| |[0;1mk[0m| |[7;1m [0m|| 3
[32;1m[Board] [0m   -------------------
[32;1m[Board] [0m 2 ||[0;1mp[0m|[0;1mp[0m|[7;1m [0m| |[7;1m [0m|[0;1mp[0m|[0;1mp[0m|[0;1mp[0m|| 2
[32;1m[Board] [0m   -------------------
[32;1m[Board] [0m 1 ||[0;1mr[0m|[7;1m [0m| |[0;1mQ[0m|[0;1mK[0m|[0;1mb[0m|[0;1mk[0m|[0;1mr[0m|| 1
[32;1m[Board] [0m   -------------------
[32;1m[Board] [0m     a b c d e f g h
[32;1m[Board] [0m
[32;1m[Referee] [0mThis is the turn of the White player...
Succesfully loaded network via incbin!
info score 1160 depth 1 nodes 48 time 3
-32000 32000 30
info score 1238 depth 2 nodes 636 time 4
-32000 32000 30
info score 1223 depth 3 nodes 2240 time 5
-32000 32000 30
info score 1223 depth 4 nodes 5256 time 7
-32000 32000 30
info score 1213 depth 5 nodes 13541 time 12
1193 1253 30
info score 1183 depth 6 nodes 34041 time 29
1183 1243 30
info score 1175 depth 6 nodes 50950 time 41
1153 1243 60
info score 1205 depth 7 nodes 59330 time 48
1145 1205 30
info score 1221 depth 7 nodes 139044 time 104
1145 1235 60
info score 1251 depth 8 nodes 209943 time 157
1191 1251 30
info score 1281 depth 8 nodes 217473 time 162
1191 1281 60
info score 1341 depth 8 nodes 222013 time 165
1191 1341 120
info score 1341 depth 8 nodes 256708 time 191
1191 1461 240
info score 1371 depth 9 nodes 338406 time 246
1311 1371 30
info score 1401 depth 9 nodes 344660 time 250
1311 1401 60
info score 1461 depth 9 nodes 347703 time 251
1311 1461 120
info score 1534 depth 9 nodes 442615 time 314
1311 1581 240
info score 1514 depth 10 nodes 639544 time 445
1504 1564 30
info score 1544 depth 11 nodes 815004 time 559
1484 1544 30
info score 1574 depth 11 nodes 883244 time 605
1484 1574 60
info score 1608 depth 11 nodes 1288566 time 874
1484 1634 120
info score 1580 depth 12 nodes 2820204 time 1884
1578 1638 30
info score 1550 depth 13 nodes 6601483 time 4549
1550 1610 30
info score 1520 depth 13 nodes 8417262 time 5816
1520 1610 60
info score 1493 depth 13 nodes 11566183 time 8075
1460 1610 120
bestmove f1d3
[32;1m[Game] [0mPlayer's error code: 0
[32;1m[Game] [0mChecking move validity...
[32;1m[Board] [0mInitializing board (size: 8)...
[32;1m[Board] [0m32 piece(s) on board.
[32;1m[Board] [0mLoading history file `championship/bbd-chess-engine2/history.csv`...
[32;1m[Board] [0mLoaded 16 move(s).
[32;1m[Board] [0mHistory replayed, 30 piece(s) on board.
[32;1m[Board] [0mLoading move file `championship/bbd-chess-engine2/move.csv`...
[32;1m[Board] [0mWhite player is playing f1 to d3.
[32;1m[Board] [0m
[32;1m[Board] [0m     a b c d e f g h
[32;1m[Board] [0m   -------------------
[32;1m[Board] [0m 8 ||[30;1mr[0m| |[30;1mb[0m| |[30;1mK[0m| |[7;1m [0m|[30;1mr[0m|| 8
[32;1m[Board] [0m   -------------------
[32;1m[Board] [0m 7 ||[30;1mp[0m|[30;1mp[0m|[30;1mp[0m|[7;1m [0m|[30;1mb[0m|[30;1mp[0m|[30;1mp[0m|[30;1mp[0m|| 7
[32;1m[Board] [0m   -------------------
[32;1m[Board] [0m 6 ||[7;1m [0m| |[30;1mk[0m| |[30;1mp[0m| |[7;1m [0m| || 6
[32;1m[Board] [0m   -------------------
[32;1m[Board] [0m 5 || |[7;1m [0m| |[30;1mp[0m| |[30;1mQ[0m|[0;1mb[0m|[7;1m [0m|| 5
[32;1m[Board] [0m   -------------------
[32;1m[Board] [0m 4 ||[7;1m [0m| |[7;1m [0m|[0;1mp[0m|[7;1m [0m| |[7;1m [0m| || 4
[32;1m[Board] [0m   -------------------
[32;1m[Board] [0m 3 || |[7;1m [0m|[0;1mp[0m|[0;1mb[0m| |[0;1mk[0m| |[7;1m [0m|| 3
[32;1m[Board] [0m   -------------------
[32;1m[Board] [0m 2 ||[0;1mp[0m|[0;1mp[0m|[7;1m [0m| |[7;1m [0m|[0;1mp[0m|[0;1mp[0m|[0;1mp[0m|| 2
[32;1m[Board] [0m   -------------------
[32;1m[Board] [0m 1 ||[0;1mr[0m|[7;1m [0m| |[0;1mQ[0m|[0;1mK[0m|[7;1m [0m|[0;1mk[0m|[0;1mr[0m|| 1
[32;1m[Board] [0m   -------------------
[32;1m[Board] [0m     a b c d e f g h
[32;1m[Board] [0m
[32;1m[Referee] [0mThis is the turn of the Black player...
[32;1m[Game] [0mPlayer's error code: 0
[32;1m[Game] [0mChecking move validity...
[32;1m[Board] [0mInitializing board (size: 8)...
[32;1m[Board] [0m32 piece(s) on board.
[32;1m[Board] [0mLoading history file `championship/bbd-chess-engine2/history.csv`...
[32;1m[Board] [0mLoaded 17 move(s).
[32;1m[Board] [0mHistory replayed, 30 piece(s) on board.
[32;1m[Board] [0mLoading move file `championship/bbd-chess-engine2/move.csv`...
[32;1m[Board] [0mBlack player is playing f5 to d3.
[32;1m[Board] [0m[5;1mBlack Queen is taking White Bishop.[0m
[32;1m[Board] [0m
[32;1m[Board] [0m     a b c d e f g h
[32;1m[Board] [0m   -------------------
[32;1m[Board] [0m 8 ||[30;1mr[0m| |[30;1mb[0m| |[30;1mK[0m| |[7;1m [0m|[30;1mr[0m|| 8
[32;1m[Board] [0m   -------------------
[32;1m[Board] [0m 7 ||[30;1mp[0m|[30;1mp[0m|[30;1mp[0m|[7;1m [0m|[30;1mb[0m|[30;1mp[0m|[30;1mp[0m|[30;1mp[0m|| 7
[32;1m[Board] [0m   -------------------
[32;1m[Board] [0m 6 ||[7;1m [0m| |[30;1mk[0m| |[30;1mp[0m| |[7;1m [0m| || 6
[32;1m[Board] [0m   -------------------
[32;1m[Board] [0m 5 || |[7;1m [0m| |[30;1mp[0m| |[7;1m [0m|[0;1mb[0m|[7;1m [0m|| 5
[32;1m[Board] [0m   -------------------
[32;1m[Board] [0m 4 ||[7;1m [0m| |[7;1m [0m|[0;1mp[0m|[7;1m [0m| |[7;1m [0m| || 4
[32;1m[Board] [0m   -------------------
[32;1m[Board] [0m 3 || |[7;1m [0m|[0;1mp[0m|[30;1mQ[0m| |[0;1mk[0m| |[7;1m [0m|| 3
[32;1m[Board] [0m   -------------------
[32;1m[Board] [0m 2 ||[0;1mp[0m|[0;1mp[0m|[7;1m [0m| |[7;1m [0m|[0;1mp[0m|[0;1mp[0m|[0;1mp[0m|| 2
[32;1m[Board] [0m   -------------------
[32;1m[Board] [0m 1 ||[0;1mr[0m|[7;1m [0m| |[0;1mQ[0m|[0;1mK[0m|[7;1m [0m|[0;1mk[0m|[0;1mr[0m|| 1
[32;1m[Board] [0m   -------------------
[32;1m[Board] [0m     a b c d e f g h
[32;1m[Board] [0m
[32;1m[Referee] [0mThis is the turn of the White player...
Succesfully loaded network via incbin!
info score 3451 depth 1 nodes 49 time 3
-32000 32000 30
info score 3265 depth 2 nodes 169 time 3
-32000 32000 30
info score 3370 depth 3 nodes 560 time 3
-32000 32000 30
info score 3345 depth 4 nodes 1984 time 4
-32000 32000 30
info score 3375 depth 5 nodes 2704 time 5
3315 3375 30
info score 3405 depth 5 nodes 3018 time 5
3315 3405 60
info score 3439 depth 5 nodes 5840 time 7
3315 3465 120
info score 3409 depth 6 nodes 8367 time 8
3409 3469 30
info score 3379 depth 6 nodes 9327 time 9
3379 3469 60
info score 3353 depth 6 nodes 14424 time 13
3319 3469 120
info score 3383 depth 7 nodes 20251 time 18
3323 3383 30
info score 3413 depth 7 nodes 24270 time 21
3323 3413 60
info score 3424 depth 7 nodes 34325 time 32
3323 3473 120
info score 3394 depth 8 nodes 48069 time 42
3394 3454 30
info score 3364 depth 8 nodes 55984 time 48
3364 3454 60
info score 3348 depth 8 nodes 101906 time 82
3304 3454 120
info score 3378 depth 9 nodes 144169 time 115
3318 3378 30
info score 3408 depth 9 nodes 200767 time 157
3318 3408 60
info score 3423 depth 9 nodes 306868 time 229
3318 3468 120
info score 3393 depth 10 nodes 420998 time 314
3393 3453 30
info score 3364 depth 10 nodes 651038 time 483
3363 3453 60
info score 3394 depth 11 nodes 1510513 time 1150
3334 3394 30
info score 3396 depth 11 nodes 1900422 time 1443
3334 3424 60
info score 3401 depth 12 nodes 5582168 time 4316
3366 3426 30
info score 3431 depth 13 nodes 8795948 time 6777
3371 3431 30
bestmove d1d3
[32;1m[Game] [0mPlayer's error code: 0
[32;1m[Game] [0mChecking move validity...
[32;1m[Board] [0mInitializing board (size: 8)...
[32;1m[Board] [0m32 piece(s) on board.
[32;1m[Board] [0mLoading history file `championship/bbd-chess-engine2/history.csv`...
[32;1m[Board] [0mLoaded 18 move(s).
[32;1m[Board] [0mHistory replayed, 29 piece(s) on board.
[32;1m[Board] [0mLoading move file `championship/bbd-chess-engine2/move.csv`...
[32;1m[Board] [0mWhite player is playing d1 to d3.
[32;1m[Board] [0m[5;1mWhite Queen is taking Black Queen.[0m
[32;1m[Board] [0m
[32;1m[Board] [0m     a b c d e f g h
[32;1m[Board] [0m   -------------------
[32;1m[Board] [0m 8 ||[30;1mr[0m| |[30;1mb[0m| |[30;1mK[0m| |[7;1m [0m|[30;1mr[0m|| 8
[32;1m[Board] [0m   -------------------
[32;1m[Board] [0m 7 ||[30;1mp[0m|[30;1mp[0m|[30;1mp[0m|[7;1m [0m|[30;1mb[0m|[30;1mp[0m|[30;1mp[0m|[30;1mp[0m|| 7
[32;1m[Board] [0m   -------------------
[32;1m[Board] [0m 6 ||[7;1m [0m| |[30;1mk[0m| |[30;1mp[0m| |[7;1m [0m| || 6
[32;1m[Board] [0m   -------------------
[32;1m[Board] [0m 5 || |[7;1m [0m| |[30;1mp[0m| |[7;1m [0m|[0;1mb[0m|[7;1m [0m|| 5
[32;1m[Board] [0m   -------------------
[32;1m[Board] [0m 4 ||[7;1m [0m| |[7;1m [0m|[0;1mp[0m|[7;1m [0m| |[7;1m [0m| || 4
[32;1m[Board] [0m   -------------------
[32;1m[Board] [0m 3 || |[7;1m [0m|[0;1mp[0m|[0;1mQ[0m| |[0;1mk[0m| |[7;1m [0m|| 3
[32;1m[Board] [0m   -------------------
[32;1m[Board] [0m 2 ||[0;1mp[0m|[0;1mp[0m|[7;1m [0m| |[7;1m [0m|[0;1mp[0m|[0;1mp[0m|[0;1mp[0m|| 2
[32;1m[Board] [0m   -------------------
[32;1m[Board] [0m 1 ||[0;1mr[0m|[7;1m [0m| |[7;1m [0m|[0;1mK[0m|[7;1m [0m|[0;1mk[0m|[0;1mr[0m|| 1
[32;1m[Board] [0m   -------------------
[32;1m[Board] [0m     a b c d e f g h
[32;1m[Board] [0m
[32;1m[Referee] [0mThis is the turn of the Black player...
[32;1m[Game] [0mPlayer's error code: 0
[32;1m[Game] [0mChecking move validity...
[32;1m[Board] [0mInitializing board (size: 8)...
[32;1m[Board] [0m32 piece(s) on board.
[32;1m[Board] [0mLoading history file `championship/bbd-chess-engine2/history.csv`...
[32;1m[Board] [0mLoaded 19 move(s).
[32;1m[Board] [0mHistory replayed, 28 piece(s) on board.
[32;1m[Board] [0mLoading move file `championship/bbd-chess-engine2/move.csv`...
[32;1m[Board] [0mBlack player is playing e7 to g5.
[32;1m[Board] [0m[5;1mBlack Bishop is taking White Bishop.[0m
[32;1m[Board] [0m
[32;1m[Board] [0m     a b c d e f g h
[32;1m[Board] [0m   -------------------
[32;1m[Board] [0m 8 ||[30;1mr[0m| |[30;1mb[0m| |[30;1mK[0m| |[7;1m [0m|[30;1mr[0m|| 8
[32;1m[Board] [0m   -------------------
[32;1m[Board] [0m 7 ||[30;1mp[0m|[30;1mp[0m|[30;1mp[0m|[7;1m [0m| |[30;1mp[0m|[30;1mp[0m|[30;1mp[0m|| 7
[32;1m[Board] [0m   -------------------
[32;1m[Board] [0m 6 ||[7;1m [0m| |[30;1mk[0m| |[30;1mp[0m| |[7;1m [0m| || 6
[32;1m[Board] [0m   -------------------
[32;1m[Board] [0m 5 || |[7;1m [0m| |[30;1mp[0m| |[7;1m [0m|[30;1mb[0m|[7;1m [0m|| 5
[32;1m[Board] [0m   -------------------
[32;1m[Board] [0m 4 ||[7;1m [0m| |[7;1m [0m|[0;1mp[0m|[7;1m [0m| |[7;1m [0m| || 4
[32;1m[Board] [0m   -------------------
[32;1m[Board] [0m 3 || |[7;1m [0m|[0;1mp[0m|[0;1mQ[0m| |[0;1mk[0m| |[7;1m [0m|| 3
[32;1m[Board] [0m   -------------------
[32;1m[Board] [0m 2 ||[0;1mp[0m|[0;1mp[0m|[7;1m [0m| |[7;1m [0m|[0;1mp[0m|[0;1mp[0m|[0;1mp[0m|| 2
[32;1m[Board] [0m   -------------------
[32;1m[Board] [0m 1 ||[0;1mr[0m|[7;1m [0m| |[7;1m [0m|[0;1mK[0m|[7;1m [0m|[0;1mk[0m|[0;1mr[0m|| 1
[32;1m[Board] [0m   -------------------
[32;1m[Board] [0m     a b c d e f g h
[32;1m[Board] [0m
[32;1m[Referee] [0mThis is the turn of the White player...
Succesfully loaded network via incbin!
info score 3766 depth 1 nodes 38 time 3
-32000 32000 30
info score 3654 depth 2 nodes 155 time 3
-32000 32000 30
info score 3650 depth 3 nodes 520 time 3
-32000 32000 30
info score 3552 depth 4 nodes 1558 time 4
-32000 32000 30
info score 3582 depth 5 nodes 1956 time 4
3522 3582 30
info score 3612 depth 5 nodes 2038 time 4
3522 3612 60
info score 3656 depth 5 nodes 6302 time 7
3522 3672 120
info score 3626 depth 6 nodes 12644 time 11
3626 3686 30
info score 3596 depth 6 nodes 18283 time 15
3596 3686 60
info score 3585 depth 6 nodes 23546 time 18
3536 3686 120
info score 3615 depth 7 nodes 34345 time 26
3555 3615 30
info score 3645 depth 7 nodes 41236 time 31
3555 3645 60
info score 3657 depth 7 nodes 68194 time 48
3555 3705 120
info score 3627 depth 8 nodes 95878 time 68
3627 3687 30
info score 3624 depth 8 nodes 168143 time 120
3597 3687 60
info score 3654 depth 9 nodes 234623 time 172
3594 3654 30
info score 3683 depth 9 nodes 378636 time 346
3594 3684 60
info score 3653 depth 10 nodes 507925 time 453
3653 3713 30
info score 3645 depth 10 nodes 978352 time 810
3623 3713 60
info score 3675 depth 11 nodes 1698159 time 1385
3615 3675 30
info score 3679 depth 11 nodes 2788419 time 2157
3615 3705 60
info score 3649 depth 12 nodes 3904716 time 2993
3649 3709 30
info score 3640 depth 12 nodes 8108579 time 6261
3619 3709 60
bestmove f3g5
[32;1m[Game] [0mPlayer's error code: 0
[32;1m[Game] [0mChecking move validity...
[32;1m[Board] [0mInitializing board (size: 8)...
[32;1m[Board] [0m32 piece(s) on board.
[32;1m[Board] [0mLoading history file `championship/bbd-chess-engine2/history.csv`...
[32;1m[Board] [0mLoaded 20 move(s).
[32;1m[Board] [0mHistory replayed, 27 piece(s) on board.
[32;1m[Board] [0mLoading move file `championship/bbd-chess-engine2/move.csv`...
[32;1m[Board] [0mWhite player is playing f3 to g5.
[32;1m[Board] [0m[5;1mWhite Knight is taking Black Bishop.[0m
[32;1m[Board] [0m
[32;1m[Board] [0m     a b c d e f g h
[32;1m[Board] [0m   -------------------
[32;1m[Board] [0m 8 ||[30;1mr[0m| |[30;1mb[0m| |[30;1mK[0m| |[7;1m [0m|[30;1mr[0m|| 8
[32;1m[Board] [0m   -------------------
[32;1m[Board] [0m 7 ||[30;1mp[0m|[30;1mp[0m|[30;1mp[0m|[7;1m [0m| |[30;1mp[0m|[30;1mp[0m|[30;1mp[0m|| 7
[32;1m[Board] [0m   -------------------
[32;1m[Board] [0m 6 ||[7;1m [0m| |[30;1mk[0m| |[30;1mp[0m| |[7;1m [0m| || 6
[32;1m[Board] [0m   -------------------
[32;1m[Board] [0m 5 || |[7;1m [0m| |[30;1mp[0m| |[7;1m [0m|[0;1mk[0m|[7;1m [0m|| 5
[32;1m[Board] [0m   -------------------
[32;1m[Board] [0m 4 ||[7;1m [0m| |[7;1m [0m|[0;1mp[0m|[7;1m [0m| |[7;1m [0m| || 4
[32;1m[Board] [0m   -------------------
[32;1m[Board] [0m 3 || |[7;1m [0m|[0;1mp[0m|[0;1mQ[0m| |[7;1m [0m| |[7;1m [0m|| 3
[32;1m[Board] [0m   -------------------
[32;1m[Board] [0m 2 ||[0;1mp[0m|[0;1mp[0m|[7;1m [0m| |[7;1m [0m|[0;1mp[0m|[0;1mp[0m|[0;1mp[0m|| 2
[32;1m[Board] [0m   -------------------
[32;1m[Board] [0m 1 ||[0;1mr[0m|[7;1m [0m| |[7;1m [0m|[0;1mK[0m|[7;1m [0m|[0;1mk[0m|[0;1mr[0m|| 1
[32;1m[Board] [0m   -------------------
[32;1m[Board] [0m     a b c d e f g h
[32;1m[Board] [0m
[32;1m[Referee] [0mThis is the turn of the Black player...
[32;1m[Game] [0mPlayer's error code: 0
[32;1m[Game] [0mChecking move validity...
[32;1m[Board] [0mInitializing board (size: 8)...
[32;1m[Board] [0m32 piece(s) on board.
[32;1m[Board] [0mLoading history file `championship/bbd-chess-engine2/history.csv`...
[32;1m[Board] [0mLoaded 21 move(s).
[32;1m[Board] [0mHistory replayed, 26 piece(s) on board.
[32;1m[Board] [0mLoading move file `championship/bbd-chess-engine2/move.csv`...
[32;1m[Board] [0mBlack player is playing h7 to h6.
[32;1m[Board] [0m
[32;1m[Board] [0m     a b c d e f g h
[32;1m[Board] [0m   -------------------
[32;1m[Board] [0m 8 ||[30;1mr[0m| |[30;1mb[0m| |[30;1mK[0m| |[7;1m [0m|[30;1mr[0m|| 8
[32;1m[Board] [0m   -------------------
[32;1m[Board] [0m 7 ||[30;1mp[0m|[30;1mp[0m|[30;1mp[0m|[7;1m [0m| |[30;1mp[0m|[30;1mp[0m|[7;1m [0m|| 7
[32;1m[Board] [0m   -------------------
[32;1m[Board] [0m 6 ||[7;1m [0m| |[30;1mk[0m| |[30;1mp[0m| |[7;1m [0m|[30;1mp[0m|| 6
[32;1m[Board] [0m   -------------------
[32;1m[Board] [0m 5 || |[7;1m [0m| |[30;1mp[0m| |[7;1m [0m|[0;1mk[0m|[7;1m [0m|| 5
[32;1m[Board] [0m   -------------------
[32;1m[Board] [0m 4 ||[7;1m [0m| |[7;1m [0m|[0;1mp[0m|[7;1m [0m| |[7;1m [0m| || 4
[32;1m[Board] [0m   -------------------
[32;1m[Board] [0m 3 || |[7;1m [0m|[0;1mp[0m|[0;1mQ[0m| |[7;1m [0m| |[7;1m [0m|| 3
[32;1m[Board] [0m   -------------------
[32;1m[Board] [0m 2 ||[0;1mp[0m|[0;1mp[0m|[7;1m [0m| |[7;1m [0m|[0;1mp[0m|[0;1mp[0m|[0;1mp[0m|| 2
[32;1m[Board] [0m   -------------------
[32;1m[Board] [0m 1 ||[0;1mr[0m|[7;1m [0m| |[7;1m [0m|[0;1mK[0m|[7;1m [0m|[0;1mk[0m|[0;1mr[0m|| 1
[32;1m[Board] [0m   -------------------
[32;1m[Board] [0m     a b c d e f g h
[32;1m[Board] [0m
[32;1m[Referee] [0mThis is the turn of the White player...
Succesfully loaded network via incbin!
info score 3767 depth 1 nodes 82 time 6
-32000 32000 30
info score 3651 depth 2 nodes 276 time 6
-32000 32000 30
info score 3751 depth 3 nodes 2108 time 7
-32000 32000 30
info score 3681 depth 4 nodes 4775 time 9
-32000 32000 30
info score 3711 depth 5 nodes 5782 time 13
3651 3711 30
info score 3712 depth 5 nodes 12445 time 21
3651 3741 60
info score 3684 depth 6 nodes 30682 time 48
3682 3742 30
info score 3714 depth 7 nodes 34773 time 56
3654 3714 30
info score 3744 depth 7 nodes 38596 time 62
3654 3744 60
info score 3751 depth 7 nodes 95290 time 135
3654 3804 120
info score 3721 depth 8 nodes 209129 time 250
3721 3781 30
info score 3698 depth 8 nodes 258487 time 286
3691 3781 60
info score 3728 depth 9 nodes 404596 time 423
3668 3728 30
info score 3731 depth 9 nodes 601683 time 558
3668 3758 60
info score 3723 depth 10 nodes 1535858 time 1291
3701 3761 30
info score 3753 depth 11 nodes 3140104 time 2573
3693 3753 30
info score 3778 depth 11 nodes 6339543 time 5003
3693 3783 60
info score 3748 depth 12 nodes 8806759 time 6924
3748 3808 30
bestmove g5f3
[32;1m[Game] [0mPlayer's error code: 0
[32;1m[Game] [0mChecking move validity...
[32;1m[Board] [0mInitializing board (size: 8)...
[32;1m[Board] [0m32 piece(s) on board.
[32;1m[Board] [0mLoading history file `championship/bbd-chess-engine2/history.csv`...
[32;1m[Board] [0mLoaded 22 move(s).
[32;1m[Board] [0mHistory replayed, 26 piece(s) on board.
[32;1m[Board] [0mLoading move file `championship/bbd-chess-engine2/move.csv`...
[32;1m[Board] [0mWhite player is playing g5 to f3.
[32;1m[Board] [0m
[32;1m[Board] [0m     a b c d e f g h
[32;1m[Board] [0m   -------------------
[32;1m[Board] [0m 8 ||[30;1mr[0m| |[30;1mb[0m| |[30;1mK[0m| |[7;1m [0m|[30;1mr[0m|| 8
[32;1m[Board] [0m   -------------------
[32;1m[Board] [0m 7 ||[30;1mp[0m|[30;1mp[0m|[30;1mp[0m|[7;1m [0m| |[30;1mp[0m|[30;1mp[0m|[7;1m [0m|| 7
[32;1m[Board] [0m   -------------------
[32;1m[Board] [0m 6 ||[7;1m [0m| |[30;1mk[0m| |[30;1mp[0m| |[7;1m [0m|[30;1mp[0m|| 6
[32;1m[Board] [0m   -------------------
[32;1m[Board] [0m 5 || |[7;1m [0m| |[30;1mp[0m| |[7;1m [0m| |[7;1m [0m|| 5
[32;1m[Board] [0m   -------------------
[32;1m[Board] [0m 4 ||[7;1m [0m| |[7;1m [0m|[0;1mp[0m|[7;1m [0m| |[7;1m [0m| || 4
[32;1m[Board] [0m   -------------------
[32;1m[Board] [0m 3 || |[7;1m [0m|[0;1mp[0m|[0;1mQ[0m| |[0;1mk[0m| |[7;1m [0m|| 3
[32;1m[Board] [0m   -------------------
[32;1m[Board] [0m 2 ||[0;1mp[0m|[0;1mp[0m|[7;1m [0m| |[7;1m [0m|[0;1mp[0m|[0;1mp[0m|[0;1mp[0m|| 2
[32;1m[Board] [0m   -------------------
[32;1m[Board] [0m 1 ||[0;1mr[0m|[7;1m [0m| |[7;1m [0m|[0;1mK[0m|[7;1m [0m|[0;1mk[0m|[0;1mr[0m|| 1
[32;1m[Board] [0m   -------------------
[32;1m[Board] [0m     a b c d e f g h
[32;1m[Board] [0m
[32;1m[Referee] [0mThis is the turn of the Black player...
[32;1m[Game] [0mPlayer's error code: 0
[32;1m[Game] [0mChecking move validity...
[32;1m[Board] [0mInitializing board (size: 8)...
[32;1m[Board] [0m32 piece(s) on board.
[32;1m[Board] [0mLoading history file `championship/bbd-chess-engine2/history.csv`...
[32;1m[Board] [0mLoaded 23 move(s).
[32;1m[Board] [0mHistory replayed, 26 piece(s) on board.
[32;1m[Board] [0mLoading move file `championship/bbd-chess-engine2/move.csv`...
[32;1m[Board] [0mBlack player is playing c8 to d7.
[32;1m[Board] [0m
[32;1m[Board] [0m     a b c d e f g h
[32;1m[Board] [0m   -------------------
[32;1m[Board] [0m 8 ||[30;1mr[0m| |[7;1m [0m| |[30;1mK[0m| |[7;1m [0m|[30;1mr[0m|| 8
[32;1m[Board] [0m   -------------------
[32;1m[Board] [0m 7 ||[30;1mp[0m|[30;1mp[0m|[30;1mp[0m|[30;1mb[0m| |[30;1mp[0m|[30;1mp[0m|[7;1m [0m|| 7
[32;1m[Board] [0m   -------------------
[32;1m[Board] [0m 6 ||[7;1m [0m| |[30;1mk[0m| |[30;1mp[0m| |[7;1m [0m|[30;1mp[0m|| 6
[32;1m[Board] [0m   -------------------
[32;1m[Board] [0m 5 || |[7;1m [0m| |[30;1mp[0m| |[7;1m [0m| |[7;1m [0m|| 5
[32;1m[Board] [0m   -------------------
[32;1m[Board] [0m 4 ||[7;1m [0m| |[7;1m [0m|[0;1mp[0m|[7;1m [0m| |[7;1m [0m| || 4
[32;1m[Board] [0m   -------------------
[32;1m[Board] [0m 3 || |[7;1m [0m|[0;1mp[0m|[0;1mQ[0m| |[0;1mk[0m| |[7;1m [0m|| 3
[32;1m[Board] [0m   -------------------
[32;1m[Board] [0m 2 ||[0;1mp[0m|[0;1mp[0m|[7;1m [0m| |[7;1m [0m|[0;1mp[0m|[0;1mp[0m|[0;1mp[0m|| 2
[32;1m[Board] [0m   -------------------
[32;1m[Board] [0m 1 ||[0;1mr[0m|[7;1m [0m| |[7;1m [0m|[0;1mK[0m|[7;1m [0m|[0;1mk[0m|[0;1mr[0m|| 1
[32;1m[Board] [0m   -------------------
[32;1m[Board] [0m     a b c d e f g h
[32;1m[Board] [0m
[32;1m[Referee] [0mThis is the turn of the White player...
Succesfully loaded network via incbin!
info score 3906 depth 1 nodes 57 time 2
-32000 32000 30
info score 3786 depth 2 nodes 252 time 3
-32000 32000 30
info score 3842 depth 3 nodes 1783 time 4
-32000 32000 30
info score 3756 depth 4 nodes 4870 time 6
-32000 32000 30
info score 3786 depth 5 nodes 5242 time 6
3726 3786 30
info score 3816 depth 5 nodes 5871 time 7
3726 3816 60
info score 3838 depth 5 nodes 22972 time 17
3726 3876 120
info score 3808 depth 6 nodes 30004 time 23
3808 3868 30
info score 3782 depth 6 nodes 48206 time 35
3778 3868 60
info score 3812 depth 7 nodes 55641 time 42
3752 3812 30
info score 3833 depth 7 nodes 135842 time 95
3752 3842 60
info score 3803 depth 8 nodes 213037 time 151
3803 3863 30
info score 3797 depth 8 nodes 339467 time 225
3773 3863 60
info score 3821 depth 9 nodes 1348060 time 962
3767 3827 30
info score 3791 depth 10 nodes 2446933 time 1838
3791 3851 30
info score 3772 depth 10 nodes 3753749 time 2838
3761 3851 60
info score 3802 depth 11 nodes 4168203 time 3181
3742 3802 30
info score 3832 depth 11 nodes 4751228 time 3647
3742 3832 60
info score 3837 depth 11 nodes 9445123 time 7144
3742 3892 120
bestmove g1e2
[32;1m[Game] [0mPlayer's error code: 0
[32;1m[Game] [0mChecking move validity...
[32;1m[Board] [0mInitializing board (size: 8)...
[32;1m[Board] [0m32 piece(s) on board.
[32;1m[Board] [0mLoading history file `championship/bbd-chess-engine2/history.csv`...
[32;1m[Board] [0mLoaded 24 move(s).
[32;1m[Board] [0mHistory replayed, 26 piece(s) on board.
[32;1m[Board] [0mLoading move file `championship/bbd-chess-engine2/move.csv`...
[32;1m[Board] [0mWhite player is playing g1 to e2.
[32;1m[Board] [0m
[32;1m[Board] [0m     a b c d e f g h
[32;1m[Board] [0m   -------------------
[32;1m[Board] [0m 8 ||[30;1mr[0m| |[7;1m [0m| |[30;1mK[0m| |[7;1m [0m|[30;1mr[0m|| 8
[32;1m[Board] [0m   -------------------
[32;1m[Board] [0m 7 ||[30;1mp[0m|[30;1mp[0m|[30;1mp[0m|[30;1mb[0m| |[30;1mp[0m|[30;1mp[0m|[7;1m [0m|| 7
[32;1m[Board] [0m   -------------------
[32;1m[Board] [0m 6 ||[7;1m [0m| |[30;1mk[0m| |[30;1mp[0m| |[7;1m [0m|[30;1mp[0m|| 6
[32;1m[Board] [0m   -------------------
[32;1m[Board] [0m 5 || |[7;1m [0m| |[30;1mp[0m| |[7;1m [0m| |[7;1m [0m|| 5
[32;1m[Board] [0m   -------------------
[32;1m[Board] [0m 4 ||[7;1m [0m| |[7;1m [0m|[0;1mp[0m|[7;1m [0m| |[7;1m [0m| || 4
[32;1m[Board] [0m   -------------------
[32;1m[Board] [0m 3 || |[7;1m [0m|[0;1mp[0m|[0;1mQ[0m| |[0;1mk[0m| |[7;1m [0m|| 3
[32;1m[Board] [0m   -------------------
[32;1m[Board] [0m 2 ||[0;1mp[0m|[0;1mp[0m|[7;1m [0m| |[0;1mk[0m|[0;1mp[0m|[0;1mp[0m|[0;1mp[0m|| 2
[32;1m[Board] [0m   -------------------
[32;1m[Board] [0m 1 ||[0;1mr[0m|[7;1m [0m| |[7;1m [0m|[0;1mK[0m|[7;1m [0m| |[0;1mr[0m|| 1
[32;1m[Board] [0m   -------------------
[32;1m[Board] [0m     a b c d e f g h
[32;1m[Board] [0m
[32;1m[Referee] [0mThis is the turn of the Black player...
[32;1m[Game] [0mPlayer's error code: 0
[32;1m[Game] [0mChecking move validity...
[32;1m[Board] [0mInitializing board (size: 8)...
[32;1m[Board] [0m32 piece(s) on board.
[32;1m[Board] [0mLoading history file `championship/bbd-chess-engine2/history.csv`...
[32;1m[Board] [0mLoaded 25 move(s).
[32;1m[Board] [0mHistory replayed, 26 piece(s) on board.
[32;1m[Board] [0mLoading move file `championship/bbd-chess-engine2/move.csv`...
[32;1m[Board] [0mBlack player is playing e6 to e5.
[32;1m[Board] [0m
[32;1m[Board] [0m     a b c d e f g h
[32;1m[Board] [0m   -------------------
[32;1m[Board] [0m 8 ||[30;1mr[0m| |[7;1m [0m| |[30;1mK[0m| |[7;1m [0m|[30;1mr[0m|| 8
[32;1m[Board] [0m   -------------------
[32;1m[Board] [0m 7 ||[30;1mp[0m|[30;1mp[0m|[30;1mp[0m|[30;1mb[0m| |[30;1mp[0m|[30;1mp[0m|[7;1m [0m|| 7
[32;1m[Board] [0m   -------------------
[32;1m[Board] [0m 6 ||[7;1m [0m| |[30;1mk[0m| |[7;1m [0m| |[7;1m [0m|[30;1mp[0m|| 6
[32;1m[Board] [0m   -------------------
[32;1m[Board] [0m 5 || |[7;1m [0m| |[30;1mp[0m|[30;1mp[0m|[7;1m [0m| |[7;1m [0m|| 5
[32;1m[Board] [0m   -------------------
[32;1m[Board] [0m 4 ||[7;1m [0m| |[7;1m [0m|[0;1mp[0m|[7;1m [0m| |[7;1m [0m| || 4
[32;1m[Board] [0m   -------------------
[32;1m[Board] [0m 3 || |[7;1m [0m|[0;1mp[0m|[0;1mQ[0m| |[0;1mk[0m| |[7;1m [0m|| 3
[32;1m[Board] [0m   -------------------
[32;1m[Board] [0m 2 ||[0;1mp[0m|[0;1mp[0m|[7;1m [0m| |[0;1mk[0m|[0;1mp[0m|[0;1mp[0m|[0;1mp[0m|| 2
[32;1m[Board] [0m   -------------------
[32;1m[Board] [0m 1 ||[0;1mr[0m|[7;1m [0m| |[7;1m [0m|[0;1mK[0m|[7;1m [0m| |[0;1mr[0m|| 1
[32;1m[Board] [0m   -------------------
[32;1m[Board] [0m     a b c d e f g h
[32;1m[Board] [0m
[32;1m[Referee] [0mThis is the turn of the White player...
Succesfully loaded network via incbin!
info score 4220 depth 1 nodes 73 time 6
-32000 32000 30
info score 4220 depth 2 nodes 261 time 6
-32000 32000 30
info score 4220 depth 3 nodes 906 time 6
-32000 32000 30
info score 4165 depth 4 nodes 4855 time 12
-32000 32000 30
info score 4195 depth 5 nodes 5608 time 13
4135 4195 30
info score 4225 depth 5 nodes 6062 time 13
4135 4225 60
info score 4285 depth 5 nodes 6474 time 14
4135 4285 120
info score 4300 depth 5 nodes 10385 time 20
4135 4405 240
info score 4270 depth 6 nodes 14947 time 26
4270 4330 30
info score 4240 depth 6 nodes 17150 time 27
4240 4330 60
info score 4207 depth 6 nodes 32049 time 52
4180 4330 120
info score 4237 depth 7 nodes 37445 time 60
4177 4237 30
info score 4267 depth 7 nodes 39594 time 66
4177 4267 60
info score 4284 depth 7 nodes 82850 time 125
4177 4327 120
info score 4254 depth 8 nodes 145312 time 185
4254 4314 30
info score 4224 depth 8 nodes 174781 time 206
4224 4314 60
info score 4216 depth 8 nodes 231403 time 247
4164 4314 120
info score 4246 depth 9 nodes 265720 time 277
4186 4246 30
info score 4276 depth 9 nodes 277412 time 287
4186 4276 60
info score 4286 depth 9 nodes 581932 time 508
4186 4336 120
info score 4283 depth 10 nodes 1165732 time 972
4256 4316 30
info score 4311 depth 11 nodes 4120613 time 3418
4253 4313 30
info score 4281 depth 12 nodes 7018962 time 5885
4281 4341 30
info score 4279 depth 12 nodes 9274266 time 7651
4251 4341 60
bestmove f3e5
[32;1m[Game] [0mPlayer's error code: 0
[32;1m[Game] [0mChecking move validity...
[32;1m[Board] [0mInitializing board (size: 8)...
[32;1m[Board] [0m32 piece(s) on board.
[32;1m[Board] [0mLoading history file `championship/bbd-chess-engine2/history.csv`...
[32;1m[Board] [0mLoaded 26 move(s).
[32;1m[Board] [0mHistory replayed, 26 piece(s) on board.
[32;1m[Board] [0mLoading move file `championship/bbd-chess-engine2/move.csv`...
[32;1m[Board] [0mWhite player is playing f3 to e5.
[32;1m[Board] [0m[5;1mWhite Knight is taking Black Pawn.[0m
[32;1m[Board] [0m
[32;1m[Board] [0m     a b c d e f g h
[32;1m[Board] [0m   -------------------
[32;1m[Board] [0m 8 ||[30;1mr[0m| |[7;1m [0m| |[30;1mK[0m| |[7;1m [0m|[30;1mr[0m|| 8
[32;1m[Board] [0m   -------------------
[32;1m[Board] [0m 7 ||[30;1mp[0m|[30;1mp[0m|[30;1mp[0m|[30;1mb[0m| |[30;1mp[0m|[30;1mp[0m|[7;1m [0m|| 7
[32;1m[Board] [0m   -------------------
[32;1m[Board] [0m 6 ||[7;1m [0m| |[30;1mk[0m| |[7;1m [0m| |[7;1m [0m|[30;1mp[0m|| 6
[32;1m[Board] [0m   -------------------
[32;1m[Board] [0m 5 || |[7;1m [0m| |[30;1mp[0m|[0;1mk[0m|[7;1m [0m| |[7;1m [0m|| 5
[32;1m[Board] [0m   -------------------
[32;1m[Board] [0m 4 ||[7;1m [0m| |[7;1m [0m|[0;1mp[0m|[7;1m [0m| |[7;1m [0m| || 4
[32;1m[Board] [0m   -------------------
[32;1m[Board] [0m 3 || |[7;1m [0m|[0;1mp[0m|[0;1mQ[0m| |[7;1m [0m| |[7;1m [0m|| 3
[32;1m[Board] [0m   -------------------
[32;1m[Board] [0m 2 ||[0;1mp[0m|[0;1mp[0m|[7;1m [0m| |[0;1mk[0m|[0;1mp[0m|[0;1mp[0m|[0;1mp[0m|| 2
[32;1m[Board] [0m   -------------------
[32;1m[Board] [0m 1 ||[0;1mr[0m|[7;1m [0m| |[7;1m [0m|[0;1mK[0m|[7;1m [0m| |[0;1mr[0m|| 1
[32;1m[Board] [0m   -------------------
[32;1m[Board] [0m     a b c d e f g h
[32;1m[Board] [0m
[32;1m[Referee] [0mThis is the turn of the Black player...
[32;1m[Game] [0mPlayer's error code: 0
[32;1m[Game] [0mChecking move validity...
[32;1m[Board] [0mInitializing board (size: 8)...
[32;1m[Board] [0m32 piece(s) on board.
[32;1m[Board] [0mLoading history file `championship/bbd-chess-engine2/history.csv`...
[32;1m[Board] [0mLoaded 27 move(s).
[32;1m[Board] [0mHistory replayed, 25 piece(s) on board.
[32;1m[Board] [0mLoading move file `championship/bbd-chess-engine2/move.csv`...
[32;1m[Board] [0mBlack player is playing e8 to c8.
[32;1m[Board] [0mBlack player is castling queenside...
[32;1m[Board] [0m
[32;1m[Board] [0m     a b c d e f g h
[32;1m[Board] [0m   -------------------
[32;1m[Board] [0m 8 ||[7;1m [0m| |[30;1mK[0m|[30;1mr[0m|[7;1m [0m| |[7;1m [0m|[30;1mr[0m|| 8
[32;1m[Board] [0m   -------------------
[32;1m[Board] [0m 7 ||[30;1mp[0m|[30;1mp[0m|[30;1mp[0m|[30;1mb[0m| |[30;1mp[0m|[30;1mp[0m|[7;1m [0m|| 7
[32;1m[Board] [0m   -------------------
[32;1m[Board] [0m 6 ||[7;1m [0m| |[30;1mk[0m| |[7;1m [0m| |[7;1m [0m|[30;1mp[0m|| 6
[32;1m[Board] [0m   -------------------
[32;1m[Board] [0m 5 || |[7;1m [0m| |[30;1mp[0m|[0;1mk[0m|[7;1m [0m| |[7;1m [0m|| 5
[32;1m[Board] [0m   -------------------
[32;1m[Board] [0m 4 ||[7;1m [0m| |[7;1m [0m|[0;1mp[0m|[7;1m [0m| |[7;1m [0m| || 4
[32;1m[Board] [0m   -------------------
[32;1m[Board] [0m 3 || |[7;1m [0m|[0;1mp[0m|[0;1mQ[0m| |[7;1m [0m| |[7;1m [0m|| 3
[32;1m[Board] [0m   -------------------
[32;1m[Board] [0m 2 ||[0;1mp[0m|[0;1mp[0m|[7;1m [0m| |[0;1mk[0m|[0;1mp[0m|[0;1mp[0m|[0;1mp[0m|| 2
[32;1m[Board] [0m   -------------------
[32;1m[Board] [0m 1 ||[0;1mr[0m|[7;1m [0m| |[7;1m [0m|[0;1mK[0m|[7;1m [0m| |[0;1mr[0m|| 1
[32;1m[Board] [0m   -------------------
[32;1m[Board] [0m     a b c d e f g h
[32;1m[Board] [0m
[32;1m[Referee] [0mThis is the turn of the White player...
Succesfully loaded network via incbin!
info score 4300 depth 1 nodes 79 time 3
-32000 32000 30
info score 4970 depth 2 nodes 661 time 4
-32000 32000 30
info score 4970 depth 3 nodes 1073 time 4
-32000 32000 30
info score 4970 depth 4 nodes 2036 time 5
-32000 32000 30
info score 5024 depth 5 nodes 3075 time 6
4940 5000 30
info score 5048 depth 5 nodes 3216 time 6
4940 5030 60
info score 5093 depth 5 nodes 3573 time 6
4940 5090 120
info score 5214 depth 5 nodes 4481 time 7
4940 5210 240
info score 5214 depth 5 nodes 6825 time 8
4940 5450 480
info score 5184 depth 6 nodes 9272 time 10
5184 5244 30
info score 5154 depth 6 nodes 9366 time 10
5154 5244 60
info score 5245 depth 6 nodes 19669 time 18
5094 5244 120
info score 5245 depth 6 nodes 19855 time 18
5094 5364 240
info score 5275 depth 7 nodes 35163 time 30
5215 5275 30
info score 5305 depth 7 nodes 38305 time 33
5215 5305 60
info score 5339 depth 7 nodes 56479 time 45
5215 5365 120
info score 5309 depth 8 nodes 86870 time 67
5309 5369 30
info score 5284 depth 8 nodes 127933 time 98
5279 5369 60
info score 5314 depth 9 nodes 189418 time 152
5254 5314 30
info score 5344 depth 9 nodes 215763 time 173
5254 5344 60
info score 5355 depth 9 nodes 391036 time 302
5254 5404 120
info score 5325 depth 10 nodes 521516 time 395
5325 5385 30
info score 5295 depth 10 nodes 576903 time 436
5295 5385 60
info score 5295 depth 10 nodes 931278 time 718
5235 5385 120
info score 5325 depth 11 nodes 1340315 time 1068
5265 5325 30
info score 5333 depth 11 nodes 2901383 time 2324
5265 5355 60
info score 5363 depth 12 nodes 4846592 time 3971
5303 5363 30
info score 5385 depth 12 nodes 6354967 time 5224
5303 5393 60
info score 5415 depth 13 nodes 10013992 time 8345
5355 5415 30
bestmove e5f7
[32;1m[Game] [0mPlayer's error code: 0
[32;1m[Game] [0mChecking move validity...
[32;1m[Board] [0mInitializing board (size: 8)...
[32;1m[Board] [0m32 piece(s) on board.
[32;1m[Board] [0mLoading history file `championship/bbd-chess-engine2/history.csv`...
[32;1m[Board] [0mLoaded 28 move(s).
[32;1m[Board] [0mHistory replayed, 25 piece(s) on board.
[32;1m[Board] [0mLoading move file `championship/bbd-chess-engine2/move.csv`...
[32;1m[Board] [0mWhite player is playing e5 to f7.
[32;1m[Board] [0m[5;1mWhite Knight is taking Black Pawn.[0m
[32;1m[Board] [0m
[32;1m[Board] [0m     a b c d e f g h
[32;1m[Board] [0m   -------------------
[32;1m[Board] [0m 8 ||[7;1m [0m| |[30;1mK[0m|[30;1mr[0m|[7;1m [0m| |[7;1m [0m|[30;1mr[0m|| 8
[32;1m[Board] [0m   -------------------
[32;1m[Board] [0m 7 ||[30;1mp[0m|[30;1mp[0m|[30;1mp[0m|[30;1mb[0m| |[0;1mk[0m|[30;1mp[0m|[7;1m [0m|| 7
[32;1m[Board] [0m   -------------------
[32;1m[Board] [0m 6 ||[7;1m [0m| |[30;1mk[0m| |[7;1m [0m| |[7;1m [0m|[30;1mp[0m|| 6
[32;1m[Board] [0m   -------------------
[32;1m[Board] [0m 5 || |[7;1m [0m| |[30;1mp[0m| |[7;1m [0m| |[7;1m [0m|| 5
[32;1m[Board] [0m   -------------------
[32;1m[Board] [0m 4 ||[7;1m [0m| |[7;1m [0m|[0;1mp[0m|[7;1m [0m| |[7;1m [0m| || 4
[32;1m[Board] [0m   -------------------
[32;1m[Board] [0m 3 || |[7;1m [0m|[0;1mp[0m|[0;1mQ[0m| |[7;1m [0m| |[7;1m [0m|| 3
[32;1m[Board] [0m   -------------------
[32;1m[Board] [0m 2 ||[0;1mp[0m|[0;1mp[0m|[7;1m [0m| |[0;1mk[0m|[0;1mp[0m|[0;1mp[0m|[0;1mp[0m|| 2
[32;1m[Board] [0m   -------------------
[32;1m[Board] [0m 1 ||[0;1mr[0m|[7;1m [0m| |[7;1m [0m|[0;1mK[0m|[7;1m [0m| |[0;1mr[0m|| 1
[32;1m[Board] [0m   -------------------
[32;1m[Board] [0m     a b c d e f g h
[32;1m[Board] [0m
[32;1m[Referee] [0mThis is the turn of the Black player...
[32;1m[Game] [0mPlayer's error code: 0
[32;1m[Game] [0mChecking move validity...
[32;1m[Board] [0mInitializing board (size: 8)...
[32;1m[Board] [0m32 piece(s) on board.
[32;1m[Board] [0mLoading history file `championship/bbd-chess-engine2/history.csv`...
[32;1m[Board] [0mLoaded 29 move(s).
[32;1m[Board] [0mHistory replayed, 24 piece(s) on board.
[32;1m[Board] [0mLoading move file `championship/bbd-chess-engine2/move.csv`...
[32;1m[Board] [0mBlack player is playing d7 to g4.
[32;1m[Board] [0m
[32;1m[Board] [0m     a b c d e f g h
[32;1m[Board] [0m   -------------------
[32;1m[Board] [0m 8 ||[7;1m [0m| |[30;1mK[0m|[30;1mr[0m|[7;1m [0m| |[7;1m [0m|[30;1mr[0m|| 8
[32;1m[Board] [0m   -------------------
[32;1m[Board] [0m 7 ||[30;1mp[0m|[30;1mp[0m|[30;1mp[0m|[7;1m [0m| |[0;1mk[0m|[30;1mp[0m|[7;1m [0m|| 7
[32;1m[Board] [0m   -------------------
[32;1m[Board] [0m 6 ||[7;1m [0m| |[30;1mk[0m| |[7;1m [0m| |[7;1m [0m|[30;1mp[0m|| 6
[32;1m[Board] [0m   -------------------
[32;1m[Board] [0m 5 || |[7;1m [0m| |[30;1mp[0m| |[7;1m [0m| |[7;1m [0m|| 5
[32;1m[Board] [0m   -------------------
[32;1m[Board] [0m 4 ||[7;1m [0m| |[7;1m [0m|[0;1mp[0m|[7;1m [0m| |[30;1mb[0m| || 4
[32;1m[Board] [0m   -------------------
[32;1m[Board] [0m 3 || |[7;1m [0m|[0;1mp[0m|[0;1mQ[0m| |[7;1m [0m| |[7;1m [0m|| 3
[32;1m[Board] [0m   -------------------
[32;1m[Board] [0m 2 ||[0;1mp[0m|[0;1mp[0m|[7;1m [0m| |[0;1mk[0m|[0;1mp[0m|[0;1mp[0m|[0;1mp[0m|| 2
[32;1m[Board] [0m   -------------------
[32;1m[Board] [0m 1 ||[0;1mr[0m|[7;1m [0m| |[7;1m [0m|[0;1mK[0m|[7;1m [0m| |[0;1mr[0m|| 1
[32;1m[Board] [0m   -------------------
[32;1m[Board] [0m     a b c d e f g h
[32;1m[Board] [0m
[32;1m[Referee] [0mThis is the turn of the White player...
Succesfully loaded network via incbin!
info score 4970 depth 1 nodes 81 time 3
-32000 32000 30
info score 4970 depth 2 nodes 170 time 3
-32000 32000 30
info score 5275 depth 3 nodes 603 time 3
-32000 32000 30
info score 5247 depth 4 nodes 1872 time 4
-32000 32000 30
info score 5277 depth 5 nodes 3667 time 6
5217 5277 30
info score 5307 depth 5 nodes 4260 time 6
5217 5307 60
info score 5367 depth 5 nodes 5424 time 7
5217 5367 120
info score 5428 depth 5 nodes 9291 time 10
5217 5487 240
info score 5398 depth 6 nodes 13725 time 13
5398 5458 30
info score 5372 depth 6 nodes 23032 time 19
5368 5458 60
info score 5402 depth 7 nodes 36339 time 30
5342 5402 30
info score 5432 depth 7 nodes 41091 time 33
5342 5432 60
info score 5492 depth 7 nodes 47261 time 38
5342 5492 120
info score 5513 depth 7 nodes 79181 time 66
5342 5612 240
info score 5483 depth 8 nodes 108909 time 86
5483 5543 30
info score 5480 depth 8 nodes 179604 time 136
5453 5543 60
info score 5510 depth 9 nodes 229256 time 178
5450 5510 30
info score 5511 depth 9 nodes 551725 time 516
5450 5540 60
info score 5541 depth 10 nodes 793372 time 736
5481 5541 30
info score 5571 depth 10 nodes 888501 time 817
5481 5571 60
info score 5616 depth 10 nodes 1188055 time 1080
5481 5631 120
info score 5646 depth 11 nodes 1680244 time 1500
5586 5646 30
info score 5676 depth 11 nodes 1843320 time 1632
5586 5676 60
info score 5735 depth 11 nodes 2657453 time 2236
5586 5736 120
info score 5705 depth 12 nodes 3874816 time 3146
5705 5765 30
info score 5675 depth 12 nodes 4583802 time 3700
5675 5765 60
info score 5664 depth 12 nodes 8105500 time 6487
5615 5765 120
bestmove f7h8
[32;1m[Game] [0mPlayer's error code: 0
[32;1m[Game] [0mChecking move validity...
[32;1m[Board] [0mInitializing board (size: 8)...
[32;1m[Board] [0m32 piece(s) on board.
[32;1m[Board] [0mLoading history file `championship/bbd-chess-engine2/history.csv`...
[32;1m[Board] [0mLoaded 30 move(s).
[32;1m[Board] [0mHistory replayed, 24 piece(s) on board.
[32;1m[Board] [0mLoading move file `championship/bbd-chess-engine2/move.csv`...
[32;1m[Board] [0mWhite player is playing f7 to h8.
[32;1m[Board] [0m[5;1mWhite Knight is taking Black Rook.[0m
[32;1m[Board] [0m
[32;1m[Board] [0m     a b c d e f g h
[32;1m[Board] [0m   -------------------
[32;1m[Board] [0m 8 ||[7;1m [0m| |[30;1mK[0m|[30;1mr[0m|[7;1m [0m| |[7;1m [0m|[0;1mk[0m|| 8
[32;1m[Board] [0m   -------------------
[32;1m[Board] [0m 7 ||[30;1mp[0m|[30;1mp[0m|[30;1mp[0m|[7;1m [0m| |[7;1m [0m|[30;1mp[0m|[7;1m [0m|| 7
[32;1m[Board] [0m   -------------------
[32;1m[Board] [0m 6 ||[7;1m [0m| |[30;1mk[0m| |[7;1m [0m| |[7;1m [0m|[30;1mp[0m|| 6
[32;1m[Board] [0m   -------------------
[32;1m[Board] [0m 5 || |[7;1m [0m| |[30;1mp[0m| |[7;1m [0m| |[7;1m [0m|| 5
[32;1m[Board] [0m   -------------------
[32;1m[Board] [0m 4 ||[7;1m [0m| |[7;1m [0m|[0;1mp[0m|[7;1m [0m| |[30;1mb[0m| || 4
[32;1m[Board] [0m   -------------------
[32;1m[Board] [0m 3 || |[7;1m [0m|[0;1mp[0m|[0;1mQ[0m| |[7;1m [0m| |[7;1m [0m|| 3
[32;1m[Board] [0m   -------------------
[32;1m[Board] [0m 2 ||[0;1mp[0m|[0;1mp[0m|[7;1m [0m| |[0;1mk[0m|[0;1mp[0m|[0;1mp[0m|[0;1mp[0m|| 2
[32;1m[Board] [0m   -------------------
[32;1m[Board] [0m 1 ||[0;1mr[0m|[7;1m [0m| |[7;1m [0m|[0;1mK[0m|[7;1m [0m| |[0;1mr[0m|| 1
[32;1m[Board] [0m   -------------------
[32;1m[Board] [0m     a b c d e f g h
[32;1m[Board] [0m
[32;1m[Referee] [0mThis is the turn of the Black player...
[32;1m[Game] [0mPlayer's error code: 0
[32;1m[Game] [0mChecking move validity...
[32;1m[Board] [0mInitializing board (size: 8)...
[32;1m[Board] [0m32 piece(s) on board.
[32;1m[Board] [0mLoading history file `championship/bbd-chess-engine2/history.csv`...
[32;1m[Board] [0mLoaded 31 move(s).
[32;1m[Board] [0mHistory replayed, 23 piece(s) on board.
[32;1m[Board] [0mLoading move file `championship/bbd-chess-engine2/move.csv`...
[32;1m[Board] [0mBlack player is playing h6 to h5.
[32;1m[Board] [0m
[32;1m[Board] [0m     a b c d e f g h
[32;1m[Board] [0m   -------------------
[32;1m[Board] [0m 8 ||[7;1m [0m| |[30;1mK[0m|[30;1mr[0m|[7;1m [0m| |[7;1m [0m|[0;1mk[0m|| 8
[32;1m[Board] [0m   -------------------
[32;1m[Board] [0m 7 ||[30;1mp[0m|[30;1mp[0m|[30;1mp[0m|[7;1m [0m| |[7;1m [0m|[30;1mp[0m|[7;1m [0m|| 7
[32;1m[Board] [0m   -------------------
[32;1m[Board] [0m 6 ||[7;1m [0m| |[30;1mk[0m| |[7;1m [0m| |[7;1m [0m| || 6
[32;1m[Board] [0m   -------------------
[32;1m[Board] [0m 5 || |[7;1m [0m| |[30;1mp[0m| |[7;1m [0m| |[30;1mp[0m|| 5
[32;1m[Board] [0m   -------------------
[32;1m[Board] [0m 4 ||[7;1m [0m| |[7;1m [0m|[0;1mp[0m|[7;1m [0m| |[30;1mb[0m| || 4
[32;1m[Board] [0m   -------------------
[32;1m[Board] [0m 3 || |[7;1m [0m|[0;1mp[0m|[0;1mQ[0m| |[7;1m [0m| |[7;1m [0m|| 3
[32;1m[Board] [0m   -------------------
[32;1m[Board] [0m 2 ||[0;1mp[0m|[0;1mp[0m|[7;1m [0m| |[0;1mk[0m|[0;1mp[0m|[0;1mp[0m|[0;1mp[0m|| 2
[32;1m[Board] [0m   -------------------
[32;1m[Board] [0m 1 ||[0;1mr[0m|[7;1m [0m| |[7;1m [0m|[0;1mK[0m|[7;1m [0m| |[0;1mr[0m|| 1
[32;1m[Board] [0m   -------------------
[32;1m[Board] [0m     a b c d e f g h
[32;1m[Board] [0m
[32;1m[Referee] [0mThis is the turn of the White player...
Succesfully loaded network via incbin!
info score 6068 depth 1 nodes 216 time 3
-32000 32000 30
info score 6028 depth 2 nodes 468 time 3
-32000 32000 30
info score 6293 depth 3 nodes 1777 time 4
-32000 32000 30
info score 6159 depth 4 nodes 2809 time 5
-32000 32000 30
info score 6189 depth 5 nodes 5028 time 7
6129 6189 30
info score 6219 depth 5 nodes 5746 time 7
6129 6219 60
info score 6279 depth 5 nodes 10753 time 11
6129 6279 120
info score 6273 depth 5 nodes 13180 time 13
6129 6399 240
info score 6308 depth 6 nodes 17363 time 16
6243 6303 30
info score 6334 depth 6 nodes 17712 time 16
6243 6333 60
info score 6398 depth 6 nodes 18221 time 16
6243 6393 120
info score 6415 depth 6 nodes 37939 time 31
6243 6513 240
info score 6445 depth 7 nodes 51722 time 43
6385 6445 30
info score 6475 depth 7 nodes 55756 time 46
6385 6475 60
info score 6535 depth 7 nodes 64592 time 53
6385 6535 120
info score 6643 depth 7 nodes 98533 time 80
6385 6655 240
info score 6613 depth 8 nodes 129877 time 103
6613 6673 30
info score 6583 depth 8 nodes 131987 time 104
6583 6673 60
info score 6523 depth 8 nodes 144382 time 113
6523 6673 120
info score 6523 depth 8 nodes 206563 time 159
6403 6673 240
info score 6553 depth 9 nodes 281839 time 224
6493 6553 30
info score 6583 depth 9 nodes 318404 time 253
6493 6583 60
info score 6643 depth 9 nodes 381426 time 302
6493 6643 120
info score 6749 depth 9 nodes 587839 time 458
6493 6763 240
info score 6719 depth 10 nodes 737302 time 574
6719 6779 30
info score 6689 depth 10 nodes 862834 time 667
6689 6779 60
info score 6665 depth 10 nodes 1278908 time 976
6629 6779 120
info score 6695 depth 11 nodes 1791984 time 1431
6635 6695 30
info score 6725 depth 11 nodes 1977390 time 1594
6635 6725 60
info score 6746 depth 11 nodes 3170674 time 2488
6635 6785 120
info score 6716 depth 12 nodes 4328629 time 3329
6716 6776 30
info score 6710 depth 12 nodes 7071789 time 5422
6686 6776 60
bestmove h8g6
[32;1m[Game] [0mPlayer's error code: 0
[32;1m[Game] [0mChecking move validity...
[32;1m[Board] [0mInitializing board (size: 8)...
[32;1m[Board] [0m32 piece(s) on board.
[32;1m[Board] [0mLoading history file `championship/bbd-chess-engine2/history.csv`...
[32;1m[Board] [0mLoaded 32 move(s).
[32;1m[Board] [0mHistory replayed, 23 piece(s) on board.
[32;1m[Board] [0mLoading move file `championship/bbd-chess-engine2/move.csv`...
[32;1m[Board] [0mWhite player is playing h8 to g6.
[32;1m[Board] [0m
[32;1m[Board] [0m     a b c d e f g h
[32;1m[Board] [0m   -------------------
[32;1m[Board] [0m 8 ||[7;1m [0m| |[30;1mK[0m|[30;1mr[0m|[7;1m [0m| |[7;1m [0m| || 8
[32;1m[Board] [0m   -------------------
[32;1m[Board] [0m 7 ||[30;1mp[0m|[30;1mp[0m|[30;1mp[0m|[7;1m [0m| |[7;1m [0m|[30;1mp[0m|[7;1m [0m|| 7
[32;1m[Board] [0m   -------------------
[32;1m[Board] [0m 6 ||[7;1m [0m| |[30;1mk[0m| |[7;1m [0m| |[0;1mk[0m| || 6
[32;1m[Board] [0m   -------------------
[32;1m[Board] [0m 5 || |[7;1m [0m| |[30;1mp[0m| |[7;1m [0m| |[30;1mp[0m|| 5
[32;1m[Board] [0m   -------------------
[32;1m[Board] [0m 4 ||[7;1m [0m| |[7;1m [0m|[0;1mp[0m|[7;1m [0m| |[30;1mb[0m| || 4
[32;1m[Board] [0m   -------------------
[32;1m[Board] [0m 3 || |[7;1m [0m|[0;1mp[0m|[0;1mQ[0m| |[7;1m [0m| |[7;1m [0m|| 3
[32;1m[Board] [0m   -------------------
[32;1m[Board] [0m 2 ||[0;1mp[0m|[0;1mp[0m|[7;1m [0m| |[0;1mk[0m|[0;1mp[0m|[0;1mp[0m|[0;1mp[0m|| 2
[32;1m[Board] [0m   -------------------
[32;1m[Board] [0m 1 ||[0;1mr[0m|[7;1m [0m| |[7;1m [0m|[0;1mK[0m|[7;1m [0m| |[0;1mr[0m|| 1
[32;1m[Board] [0m   -------------------
[32;1m[Board] [0m     a b c d e f g h
[32;1m[Board] [0m
[32;1m[Referee] [0mThis is the turn of the Black player...
[32;1m[Game] [0mPlayer's error code: 0
[32;1m[Game] [0mChecking move validity...
[32;1m[Board] [0mInitializing board (size: 8)...
[32;1m[Board] [0m32 piece(s) on board.
[32;1m[Board] [0mLoading history file `championship/bbd-chess-engine2/history.csv`...
[32;1m[Board] [0mLoaded 33 move(s).
[32;1m[Board] [0mHistory replayed, 23 piece(s) on board.
[32;1m[Board] [0mLoading move file `championship/bbd-chess-engine2/move.csv`...
[32;1m[Board] [0mBlack player is playing c6 to b4.
[32;1m[Board] [0m
[32;1m[Board] [0m     a b c d e f g h
[32;1m[Board] [0m   -------------------
[32;1m[Board] [0m 8 ||[7;1m [0m| |[30;1mK[0m|[30;1mr[0m|[7;1m [0m| |[7;1m [0m| || 8
[32;1m[Board] [0m   -------------------
[32;1m[Board] [0m 7 ||[30;1mp[0m|[30;1mp[0m|[30;1mp[0m|[7;1m [0m| |[7;1m [0m|[30;1mp[0m|[7;1m [0m|| 7
[32;1m[Board] [0m   -------------------
[32;1m[Board] [0m 6 ||[7;1m [0m| |[7;1m [0m| |[7;1m [0m| |[0;1mk[0m| || 6
[32;1m[Board] [0m   -------------------
[32;1m[Board] [0m 5 || |[7;1m [0m| |[30;1mp[0m| |[7;1m [0m| |[30;1mp[0m|| 5
[32;1m[Board] [0m   -------------------
[32;1m[Board] [0m 4 ||[7;1m [0m|[30;1mk[0m|[7;1m [0m|[0;1mp[0m|[7;1m [0m| |[30;1mb[0m| || 4
[32;1m[Board] [0m   -------------------
[32;1m[Board] [0m 3 || |[7;1m [0m|[0;1mp[0m|[0;1mQ[0m| |[7;1m [0m| |[7;1m [0m|| 3
[32;1m[Board] [0m   -------------------
[32;1m[Board] [0m 2 ||[0;1mp[0m|[0;1mp[0m|[7;1m [0m| |[0;1mk[0m|[0;1mp[0m|[0;1mp[0m|[0;1mp[0m|| 2
[32;1m[Board] [0m   -------------------
[32;1m[Board] [0m 1 ||[0;1mr[0m|[7;1m [0m| |[7;1m [0m|[0;1mK[0m|[7;1m [0m| |[0;1mr[0m|| 1
[32;1m[Board] [0m   -------------------
[32;1m[Board] [0m     a b c d e f g h
[32;1m[Board] [0m
[32;1m[Referee] [0mThis is the turn of the White player...
Succesfully loaded network via incbin!
info score 6939 depth 1 nodes 46 time 3
-32000 32000 30
info score 6894 depth 2 nodes 133 time 3
-32000 32000 30
info score 7128 depth 3 nodes 464 time 3
-32000 32000 30
info score 7116 depth 4 nodes 1230 time 4
-32000 32000 30
info score 7146 depth 5 nodes 2666 time 5
7086 7146 30
info score 7176 depth 5 nodes 3194 time 5
7086 7176 60
info score 7240 depth 5 nodes 3395 time 6
7086 7236 120
info score 7351 depth 5 nodes 6653 time 8
7086 7356 240
info score 7321 depth 6 nodes 10630 time 11
7321 7381 30
info score 7291 depth 6 nodes 11144 time 11
7291 7381 60
info score 7231 depth 6 nodes 11645 time 11
7231 7381 120
info score 7235 depth 6 nodes 17656 time 16
7111 7381 240
info score 7265 depth 7 nodes 22970 time 20
7205 7265 30
info score 7295 depth 7 nodes 24888 time 22
7205 7295 60
info score 7355 depth 7 nodes 27147 time 23
7205 7355 120
info score 7475 depth 7 nodes 35963 time 31
7205 7475 240
info score 7503 depth 7 nodes 57601 time 47
7205 7715 480
info score 7473 depth 8 nodes 69492 time 55
7473 7533 30
info score 7458 depth 8 nodes 131549 time 104
7443 7533 60
info score 7488 depth 9 nodes 186926 time 155
7428 7488 30
info score 7518 depth 9 nodes 222052 time 182
7428 7518 60
info score 7534 depth 9 nodes 322468 time 253
7428 7578 120
info score 7564 depth 10 nodes 657918 time 524
7504 7564 30
info score 7593 depth 10 nodes 853489 time 673
7504 7594 60
info score 7623 depth 11 nodes 1336451 time 1108
7563 7623 30
info score 7653 depth 11 nodes 1560991 time 1303
7563 7653 60
info score 7655 depth 11 nodes 2451564 time 1977
7563 7713 120
info score 7681 depth 12 nodes 5145430 time 4091
7625 7685 30
info score 7711 depth 13 nodes 9567458 time 7833
7651 7711 30
bestmove c3b4
[32;1m[Game] [0mPlayer's error code: 0
[32;1m[Game] [0mChecking move validity...
[32;1m[Board] [0mInitializing board (size: 8)...
[32;1m[Board] [0m32 piece(s) on board.
[32;1m[Board] [0mLoading history file `championship/bbd-chess-engine2/history.csv`...
[32;1m[Board] [0mLoaded 34 move(s).
[32;1m[Board] [0mHistory replayed, 23 piece(s) on board.
[32;1m[Board] [0mLoading move file `championship/bbd-chess-engine2/move.csv`...
[32;1m[Board] [0mWhite player is playing c3 to b4.
[32;1m[Board] [0m[5;1mWhite Pawn is taking Black Knight.[0m
[32;1m[Board] [0m
[32;1m[Board] [0m     a b c d e f g h
[32;1m[Board] [0m   -------------------
[32;1m[Board] [0m 8 ||[7;1m [0m| |[30;1mK[0m|[30;1mr[0m|[7;1m [0m| |[7;1m [0m| || 8
[32;1m[Board] [0m   -------------------
[32;1m[Board] [0m 7 ||[30;1mp[0m|[30;1mp[0m|[30;1mp[0m|[7;1m [0m| |[7;1m [0m|[30;1mp[0m|[7;1m [0m|| 7
[32;1m[Board] [0m   -------------------
[32;1m[Board] [0m 6 ||[7;1m [0m| |[7;1m [0m| |[7;1m [0m| |[0;1mk[0m| || 6
[32;1m[Board] [0m   -------------------
[32;1m[Board] [0m 5 || |[7;1m [0m| |[30;1mp[0m| |[7;1m [0m| |[30;1mp[0m|| 5
[32;1m[Board] [0m   -------------------
[32;1m[Board] [0m 4 ||[7;1m [0m|[0;1mp[0m|[7;1m [0m|[0;1mp[0m|[7;1m [0m| |[30;1mb[0m| || 4
[32;1m[Board] [0m   -------------------
[32;1m[Board] [0m 3 || |[7;1m [0m| |[0;1mQ[0m| |[7;1m [0m| |[7;1m [0m|| 3
[32;1m[Board] [0m   -------------------
[32;1m[Board] [0m 2 ||[0;1mp[0m|[0;1mp[0m|[7;1m [0m| |[0;1mk[0m|[0;1mp[0m|[0;1mp[0m|[0;1mp[0m|| 2
[32;1m[Board] [0m   -------------------
[32;1m[Board] [0m 1 ||[0;1mr[0m|[7;1m [0m| |[7;1m [0m|[0;1mK[0m|[7;1m [0m| |[0;1mr[0m|| 1
[32;1m[Board] [0m   -------------------
[32;1m[Board] [0m     a b c d e f g h
[32;1m[Board] [0m
[32;1m[Referee] [0mThis is the turn of the Black player...
[32;1m[Game] [0mPlayer's error code: 0
[32;1m[Game] [0mChecking move validity...
[32;1m[Board] [0mInitializing board (size: 8)...
[32;1m[Board] [0m32 piece(s) on board.
[32;1m[Board] [0mLoading history file `championship/bbd-chess-engine2/history.csv`...
[32;1m[Board] [0mLoaded 35 move(s).
[32;1m[Board] [0mHistory replayed, 22 piece(s) on board.
[32;1m[Board] [0mLoading move file `championship/bbd-chess-engine2/move.csv`...
[32;1m[Board] [0mBlack player is playing c7 to c5.
[32;1m[Board] [0m
[32;1m[Board] [0m     a b c d e f g h
[32;1m[Board] [0m   -------------------
[32;1m[Board] [0m 8 ||[7;1m [0m| |[30;1mK[0m|[30;1mr[0m|[7;1m [0m| |[7;1m [0m| || 8
[32;1m[Board] [0m   -------------------
[32;1m[Board] [0m 7 ||[30;1mp[0m|[30;1mp[0m| |[7;1m [0m| |[7;1m [0m|[30;1mp[0m|[7;1m [0m|| 7
[32;1m[Board] [0m   -------------------
[32;1m[Board] [0m 6 ||[7;1m [0m| |[7;1m [0m| |[7;1m [0m| |[0;1mk[0m| || 6
[32;1m[Board] [0m   -------------------
[32;1m[Board] [0m 5 || |[7;1m [0m|[30;1mp[0m|[30;1mp[0m| |[7;1m [0m| |[30;1mp[0m|| 5
[32;1m[Board] [0m   -------------------
[32;1m[Board] [0m 4 ||[7;1m [0m|[0;1mp[0m|[7;1m [0m|[0;1mp[0m|[7;1m [0m| |[30;1mb[0m| || 4
[32;1m[Board] [0m   -------------------
[32;1m[Board] [0m 3 || |[7;1m [0m| |[0;1mQ[0m| |[7;1m [0m| |[7;1m [0m|| 3
[32;1m[Board] [0m   -------------------
[32;1m[Board] [0m 2 ||[0;1mp[0m|[0;1mp[0m|[7;1m [0m| |[0;1mk[0m|[0;1mp[0m|[0;1mp[0m|[0;1mp[0m|| 2
[32;1m[Board] [0m   -------------------
[32;1m[Board] [0m 1 ||[0;1mr[0m|[7;1m [0m| |[7;1m [0m|[0;1mK[0m|[7;1m [0m| |[0;1mr[0m|| 1
[32;1m[Board] [0m   -------------------
[32;1m[Board] [0m     a b c d e f g h
[32;1m[Board] [0m
[32;1m[Referee] [0mThis is the turn of the White player...
Succesfully loaded network via incbin!
info score 7465 depth 1 nodes 56 time 2
-32000 32000 30
info score 7491 depth 2 nodes 160 time 3
-32000 32000 30
info score 7827 depth 3 nodes 564 time 3
-32000 32000 30
info score 7825 depth 4 nodes 1794 time 4
-32000 32000 30
info score 7862 depth 5 nodes 2844 time 5
7795 7855 30
info score 7900 depth 5 nodes 2947 time 5
7795 7885 60
info score 7945 depth 5 nodes 3157 time 5
7795 7945 120
info score 7945 depth 5 nodes 5894 time 7
7795 8065 240
info score 7975 depth 6 nodes 11989 time 12
7915 7975 30
info score 7975 depth 6 nodes 15336 time 14
7915 8005 60
info score 8005 depth 7 nodes 21899 time 20
7945 8005 30
info score 8035 depth 7 nodes 23263 time 21
7945 8035 60
info score 8095 depth 7 nodes 26821 time 24
7945 8095 120
info score 8099 depth 7 nodes 48389 time 39
7945 8215 240
info score 8124 depth 8 nodes 114129 time 90
8069 8129 30
info score 8154 depth 9 nodes 170066 time 142
8094 8154 30
info score 8184 depth 9 nodes 191511 time 159
8094 8184 60
info score 8229 depth 9 nodes 336119 time 262
8094 8244 120
info score 8204 depth 10 nodes 862906 time 666
8199 8259 30
info score 8234 depth 11 nodes 1426281 time 1146
8174 8234 30
info score 8264 depth 11 nodes 1778000 time 1444
8174 8264 60
info score 8316 depth 11 nodes 3271478 time 2720
8174 8324 120
info score 8330 depth 12 nodes 5976781 time 5099
8286 8346 30
bestmove b4c5
[32;1m[Game] [0mPlayer's error code: 0
[32;1m[Game] [0mChecking move validity...
[32;1m[Board] [0mInitializing board (size: 8)...
[32;1m[Board] [0m32 piece(s) on board.
[32;1m[Board] [0mLoading history file `championship/bbd-chess-engine2/history.csv`...
[32;1m[Board] [0mLoaded 36 move(s).
[32;1m[Board] [0mHistory replayed, 22 piece(s) on board.
[32;1m[Board] [0mLoading move file `championship/bbd-chess-engine2/move.csv`...
[32;1m[Board] [0mWhite player is playing b4 to c5.
[32;1m[Board] [0m[5;1mWhite Pawn is taking Black Pawn.[0m
[32;1m[Board] [0m
[32;1m[Board] [0m     a b c d e f g h
[32;1m[Board] [0m   -------------------
[32;1m[Board] [0m 8 ||[7;1m [0m| |[30;1mK[0m|[30;1mr[0m|[7;1m [0m| |[7;1m [0m| || 8
[32;1m[Board] [0m   -------------------
[32;1m[Board] [0m 7 ||[30;1mp[0m|[30;1mp[0m| |[7;1m [0m| |[7;1m [0m|[30;1mp[0m|[7;1m [0m|| 7
[32;1m[Board] [0m   -------------------
[32;1m[Board] [0m 6 ||[7;1m [0m| |[7;1m [0m| |[7;1m [0m| |[0;1mk[0m| || 6
[32;1m[Board] [0m   -------------------
[32;1m[Board] [0m 5 || |[7;1m [0m|[0;1mp[0m|[30;1mp[0m| |[7;1m [0m| |[30;1mp[0m|| 5
[32;1m[Board] [0m   -------------------
[32;1m[Board] [0m 4 ||[7;1m [0m| |[7;1m [0m|[0;1mp[0m|[7;1m [0m| |[30;1mb[0m| || 4
[32;1m[Board] [0m   -------------------
[32;1m[Board] [0m 3 || |[7;1m [0m| |[0;1mQ[0m| |[7;1m [0m| |[7;1m [0m|| 3
[32;1m[Board] [0m   -------------------
[32;1m[Board] [0m 2 ||[0;1mp[0m|[0;1mp[0m|[7;1m [0m| |[0;1mk[0m|[0;1mp[0m|[0;1mp[0m|[0;1mp[0m|| 2
[32;1m[Board] [0m   -------------------
[32;1m[Board] [0m 1 ||[0;1mr[0m|[7;1m [0m| |[7;1m [0m|[0;1mK[0m|[7;1m [0m| |[0;1mr[0m|| 1
[32;1m[Board] [0m   -------------------
[32;1m[Board] [0m     a b c d e f g h
[32;1m[Board] [0m
[32;1m[Referee] [0mThis is the turn of the Black player...
[32;1m[Game] [0mPlayer's error code: 0
[32;1m[Game] [0mChecking move validity...
[32;1m[Board] [0mInitializing board (size: 8)...
[32;1m[Board] [0m32 piece(s) on board.
[32;1m[Board] [0mLoading history file `championship/bbd-chess-engine2/history.csv`...
[32;1m[Board] [0mLoaded 37 move(s).
[32;1m[Board] [0mHistory replayed, 21 piece(s) on board.
[32;1m[Board] [0mLoading move file `championship/bbd-chess-engine2/move.csv`...
[32;1m[Board] [0mBlack player is playing d8 to e8.
[32;1m[Board] [0m
[32;1m[Board] [0m     a b c d e f g h
[32;1m[Board] [0m   -------------------
[32;1m[Board] [0m 8 ||[7;1m [0m| |[30;1mK[0m| |[30;1mr[0m| |[7;1m [0m| || 8
[32;1m[Board] [0m   -------------------
[32;1m[Board] [0m 7 ||[30;1mp[0m|[30;1mp[0m| |[7;1m [0m| |[7;1m [0m|[30;1mp[0m|[7;1m [0m|| 7
[32;1m[Board] [0m   -------------------
[32;1m[Board] [0m 6 ||[7;1m [0m| |[7;1m [0m| |[7;1m [0m| |[0;1mk[0m| || 6
[32;1m[Board] [0m   -------------------
[32;1m[Board] [0m 5 || |[7;1m [0m|[0;1mp[0m|[30;1mp[0m| |[7;1m [0m| |[30;1mp[0m|| 5
[32;1m[Board] [0m   -------------------
[32;1m[Board] [0m 4 ||[7;1m [0m| |[7;1m [0m|[0;1mp[0m|[7;1m [0m| |[30;1mb[0m| || 4
[32;1m[Board] [0m   -------------------
[32;1m[Board] [0m 3 || |[7;1m [0m| |[0;1mQ[0m| |[7;1m [0m| |[7;1m [0m|| 3
[32;1m[Board] [0m   -------------------
[32;1m[Board] [0m 2 ||[0;1mp[0m|[0;1mp[0m|[7;1m [0m| |[0;1mk[0m|[0;1mp[0m|[0;1mp[0m|[0;1mp[0m|| 2
[32;1m[Board] [0m   -------------------
[32;1m[Board] [0m 1 ||[0;1mr[0m|[7;1m [0m| |[7;1m [0m|[0;1mK[0m|[7;1m [0m| |[0;1mr[0m|| 1
[32;1m[Board] [0m   -------------------
[32;1m[Board] [0m     a b c d e f g h
[32;1m[Board] [0m
[32;1m[Referee] [0mThis is the turn of the White player...
Succesfully loaded network via incbin!
info score 7881 depth 1 nodes 140 time 3
-32000 32000 30
info score 7988 depth 2 nodes 316 time 3
-32000 32000 30
info score 8111 depth 3 nodes 1069 time 7
-32000 32000 30
info score 8126 depth 4 nodes 2072 time 8
-32000 32000 30
info score 8156 depth 5 nodes 3305 time 14
8096 8156 30
info score 8185 depth 5 nodes 7550 time 17
8096 8186 60
info score 8215 depth 6 nodes 13118 time 25
8155 8215 30
info score 8226 depth 6 nodes 18788 time 37
8155 8245 60
info score 8256 depth 7 nodes 24923 time 50
8196 8256 30
info score 8286 depth 7 nodes 27163 time 52
8196 8286 60
info score 8290 depth 7 nodes 57788 time 83
8196 8346 120
info score 8273 depth 8 nodes 109463 time 123
8260 8320 30
info score 8303 depth 9 nodes 141774 time 153
8243 8303 30
info score 8333 depth 9 nodes 171798 time 178
8243 8333 60
info score 8337 depth 9 nodes 342239 time 302
8243 8393 120
info score 8366 depth 10 nodes 795397 time 675
8307 8367 30
info score 8396 depth 11 nodes 1660091 time 1367
8336 8396 30
info score 8415 depth 11 nodes 2720102 time 2178
8336 8426 60
info score 8385 depth 12 nodes 4415819 time 3740
8385 8445 30
info score 8370 depth 12 nodes 5537227 time 4752
8355 8445 60
info score 8400 depth 13 nodes 7947747 time 6718
8340 8400 30
info score 8430 depth 13 nodes 10488555 time 8764
8340 8430 60
bestmove g6e5
[32;1m[Game] [0mPlayer's error code: 0
[32;1m[Game] [0mChecking move validity...
[32;1m[Board] [0mInitializing board (size: 8)...
[32;1m[Board] [0m32 piece(s) on board.
[32;1m[Board] [0mLoading history file `championship/bbd-chess-engine2/history.csv`...
[32;1m[Board] [0mLoaded 38 move(s).
[32;1m[Board] [0mHistory replayed, 21 piece(s) on board.
[32;1m[Board] [0mLoading move file `championship/bbd-chess-engine2/move.csv`...
[32;1m[Board] [0mWhite player is playing g6 to e5.
[32;1m[Board] [0m
[32;1m[Board] [0m     a b c d e f g h
[32;1m[Board] [0m   -------------------
[32;1m[Board] [0m 8 ||[7;1m [0m| |[30;1mK[0m| |[30;1mr[0m| |[7;1m [0m| || 8
[32;1m[Board] [0m   -------------------
[32;1m[Board] [0m 7 ||[30;1mp[0m|[30;1mp[0m| |[7;1m [0m| |[7;1m [0m|[30;1mp[0m|[7;1m [0m|| 7
[32;1m[Board] [0m   -------------------
[32;1m[Board] [0m 6 ||[7;1m [0m| |[7;1m [0m| |[7;1m [0m| |[7;1m [0m| || 6
[32;1m[Board] [0m   -------------------
[32;1m[Board] [0m 5 || |[7;1m [0m|[0;1mp[0m|[30;1mp[0m|[0;1mk[0m|[7;1m [0m| |[30;1mp[0m|| 5
[32;1m[Board] [0m   -------------------
[32;1m[Board] [0m 4 ||[7;1m [0m| |[7;1m [0m|[0;1mp[0m|[7;1m [0m| |[30;1mb[0m| || 4
[32;1m[Board] [0m   -------------------
[32;1m[Board] [0m 3 || |[7;1m [0m| |[0;1mQ[0m| |[7;1m [0m| |[7;1m [0m|| 3
[32;1m[Board] [0m   -------------------
[32;1m[Board] [0m 2 ||[0;1mp[0m|[0;1mp[0m|[7;1m [0m| |[0;1mk[0m|[0;1mp[0m|[0;1mp[0m|[0;1mp[0m|| 2
[32;1m[Board] [0m   -------------------
[32;1m[Board] [0m 1 ||[0;1mr[0m|[7;1m [0m| |[7;1m [0m|[0;1mK[0m|[7;1m [0m| |[0;1mr[0m|| 1
[32;1m[Board] [0m   -------------------
[32;1m[Board] [0m     a b c d e f g h
[32;1m[Board] [0m
[32;1m[Referee] [0mThis is the turn of the Black player...
[32;1m[Game] [0mPlayer's error code: 0
[32;1m[Game] [0mChecking move validity...
[32;1m[Board] [0mInitializing board (size: 8)...
[32;1m[Board] [0m32 piece(s) on board.
[32;1m[Board] [0mLoading history file `championship/bbd-chess-engine2/history.csv`...
[32;1m[Board] [0mLoaded 39 move(s).
[32;1m[Board] [0mHistory replayed, 21 piece(s) on board.
[32;1m[Board] [0mLoading move file `championship/bbd-chess-engine2/move.csv`...
[32;1m[Board] [0mBlack player is playing c8 to d8.
[32;1m[Board] [0m
[32;1m[Board] [0m     a b c d e f g h
[32;1m[Board] [0m   -------------------
[32;1m[Board] [0m 8 ||[7;1m [0m| |[7;1m [0m|[30;1mK[0m|[30;1mr[0m| |[7;1m [0m| || 8
[32;1m[Board] [0m   -------------------
[32;1m[Board] [0m 7 ||[30;1mp[0m|[30;1mp[0m| |[7;1m [0m| |[7;1m [0m|[30;1mp[0m|[7;1m [0m|| 7
[32;1m[Board] [0m   -------------------
[32;1m[Board] [0m 6 ||[7;1m [0m| |[7;1m [0m| |[7;1m [0m| |[7;1m [0m| || 6
[32;1m[Board] [0m   -------------------
[32;1m[Board] [0m 5 || |[7;1m [0m|[0;1mp[0m|[30;1mp[0m|[0;1mk[0m|[7;1m [0m| |[30;1mp[0m|| 5
[32;1m[Board] [0m   -------------------
[32;1m[Board] [0m 4 ||[7;1m [0m| |[7;1m [0m|[0;1mp[0m|[7;1m [0m| |[30;1mb[0m| || 4
[32;1m[Board] [0m   -------------------
[32;1m[Board] [0m 3 || |[7;1m [0m| |[0;1mQ[0m| |[7;1m [0m| |[7;1m [0m|| 3
[32;1m[Board] [0m   -------------------
[32;1m[Board] [0m 2 ||[0;1mp[0m|[0;1mp[0m|[7;1m [0m| |[0;1mk[0m|[0;1mp[0m|[0;1mp[0m|[0;1mp[0m|| 2
[32;1m[Board] [0m   -------------------
[32;1m[Board] [0m 1 ||[0;1mr[0m|[7;1m [0m| |[7;1m [0m|[0;1mK[0m|[7;1m [0m| |[0;1mr[0m|| 1
[32;1m[Board] [0m   -------------------
[32;1m[Board] [0m     a b c d e f g h
[32;1m[Board] [0m
[32;1m[Referee] [0mThis is the turn of the White player...
Succesfully loaded network via incbin!
info score 8589 depth 1 nodes 55 time 6
-32000 32000 30
info score 8589 depth 2 nodes 131 time 6
-32000 32000 30
info score 8787 depth 3 nodes 384 time 7
-32000 32000 30
info score 8467 depth 4 nodes 2190 time 8
-32000 32000 30
info score 8500 depth 5 nodes 2353 time 8
8437 8497 30
info score 8553 depth 5 nodes 2415 time 8
8437 8527 60
info score 8577 depth 5 nodes 11072 time 15
8437 8587 120
info score 8547 depth 6 nodes 21470 time 23
8547 8607 30
info score 8517 depth 6 nodes 26099 time 26
8517 8607 60
info score 8496 depth 6 nodes 34297 time 36
8457 8607 120
info score 8526 depth 7 nodes 38079 time 38
8466 8526 30
info score 8556 depth 7 nodes 39955 time 43
8466 8556 60
info score 8616 depth 7 nodes 40354 time 43
8466 8616 120
info score 8634 depth 7 nodes 132326 time 165
8466 8736 240
info score 8604 depth 8 nodes 206609 time 265
8604 8664 30
info score 8574 depth 8 nodes 241085 time 291
8574 8664 60
info score 8563 depth 8 nodes 274653 time 316
8514 8664 120
info score 8593 depth 9 nodes 316803 time 348
8533 8593 30
info score 8623 depth 9 nodes 780866 time 790
8533 8623 60
info score 8638 depth 9 nodes 1115473 time 1035
8533 8683 120
info score 8608 depth 10 nodes 1681747 time 1468
8608 8668 30
info score 8578 depth 10 nodes 2305663 time 1976
8578 8668 60
info score 8572 depth 10 nodes 2657447 time 2285
8518 8668 120
info score 8602 depth 11 nodes 2888357 time 2552
8542 8602 30
info score 8632 depth 11 nodes 3008882 time 2652
8542 8632 60
info score 8692 depth 11 nodes 3285494 time 2882
8542 8692 120
info score 8712 depth 11 nodes 7389367 time 6211
8542 8812 240
bestmove d3g6
[32;1m[Game] [0mPlayer's error code: 0
[32;1m[Game] [0mChecking move validity...
[32;1m[Board] [0mInitializing board (size: 8)...
[32;1m[Board] [0m32 piece(s) on board.
[32;1m[Board] [0mLoading history file `championship/bbd-chess-engine2/history.csv`...
[32;1m[Board] [0mLoaded 40 move(s).
[32;1m[Board] [0mHistory replayed, 21 piece(s) on board.
[32;1m[Board] [0mLoading move file `championship/bbd-chess-engine2/move.csv`...
[32;1m[Board] [0mWhite player is playing d3 to g6.
[32;1m[Board] [0m
[32;1m[Board] [0m     a b c d e f g h
[32;1m[Board] [0m   -------------------
[32;1m[Board] [0m 8 ||[7;1m [0m| |[7;1m [0m|[30;1mK[0m|[30;1mr[0m| |[7;1m [0m| || 8
[32;1m[Board] [0m   -------------------
[32;1m[Board] [0m 7 ||[30;1mp[0m|[30;1mp[0m| |[7;1m [0m| |[7;1m [0m|[30;1mp[0m|[7;1m [0m|| 7
[32;1m[Board] [0m   -------------------
[32;1m[Board] [0m 6 ||[7;1m [0m| |[7;1m [0m| |[7;1m [0m| |[0;1mQ[0m| || 6
[32;1m[Board] [0m   -------------------
[32;1m[Board] [0m 5 || |[7;1m [0m|[0;1mp[0m|[30;1mp[0m|[0;1mk[0m|[7;1m [0m| |[30;1mp[0m|| 5
[32;1m[Board] [0m   -------------------
[32;1m[Board] [0m 4 ||[7;1m [0m| |[7;1m [0m|[0;1mp[0m|[7;1m [0m| |[30;1mb[0m| || 4
[32;1m[Board] [0m   -------------------
[32;1m[Board] [0m 3 || |[7;1m [0m| |[7;1m [0m| |[7;1m [0m| |[7;1m [0m|| 3
[32;1m[Board] [0m   -------------------
[32;1m[Board] [0m 2 ||[0;1mp[0m|[0;1mp[0m|[7;1m [0m| |[0;1mk[0m|[0;1mp[0m|[0;1mp[0m|[0;1mp[0m|| 2
[32;1m[Board] [0m   -------------------
[32;1m[Board] [0m 1 ||[0;1mr[0m|[7;1m [0m| |[7;1m [0m|[0;1mK[0m|[7;1m [0m| |[0;1mr[0m|| 1
[32;1m[Board] [0m   -------------------
[32;1m[Board] [0m     a b c d e f g h
[32;1m[Board] [0m
[32;1m[Referee] [0mThis is the turn of the Black player...
[32;1m[Game] [0mPlayer's error code: 0
[32;1m[Game] [0mChecking move validity...
[32;1m[Board] [0mInitializing board (size: 8)...
[32;1m[Board] [0m32 piece(s) on board.
[32;1m[Board] [0mLoading history file `championship/bbd-chess-engine2/history.csv`...
[32;1m[Board] [0mLoaded 41 move(s).
[32;1m[Board] [0mHistory replayed, 21 piece(s) on board.
[32;1m[Board] [0mLoading move file `championship/bbd-chess-engine2/move.csv`...
[32;1m[Board] [0mBlack player is playing e8 to e7.
[32;1m[Board] [0m
[32;1m[Board] [0m     a b c d e f g h
[32;1m[Board] [0m   -------------------
[32;1m[Board] [0m 8 ||[7;1m [0m| |[7;1m [0m|[30;1mK[0m|[7;1m [0m| |[7;1m [0m| || 8
[32;1m[Board] [0m   -------------------
[32;1m[Board] [0m 7 ||[30;1mp[0m|[30;1mp[0m| |[7;1m [0m|[30;1mr[0m|[7;1m [0m|[30;1mp[0m|[7;1m [0m|| 7
[32;1m[Board] [0m   -------------------
[32;1m[Board] [0m 6 ||[7;1m [0m| |[7;1m [0m| |[7;1m [0m| |[0;1mQ[0m| || 6
[32;1m[Board] [0m   -------------------
[32;1m[Board] [0m 5 || |[7;1m [0m|[0;1mp[0m|[30;1mp[0m|[0;1mk[0m|[7;1m [0m| |[30;1mp[0m|| 5
[32;1m[Board] [0m   -------------------
[32;1m[Board] [0m 4 ||[7;1m [0m| |[7;1m [0m|[0;1mp[0m|[7;1m [0m| |[30;1mb[0m| || 4
[32;1m[Board] [0m   -------------------
[32;1m[Board] [0m 3 || |[7;1m [0m| |[7;1m [0m| |[7;1m [0m| |[7;1m [0m|| 3
[32;1m[Board] [0m   -------------------
[32;1m[Board] [0m 2 ||[0;1mp[0m|[0;1mp[0m|[7;1m [0m| |[0;1mk[0m|[0;1mp[0m|[0;1mp[0m|[0;1mp[0m|| 2
[32;1m[Board] [0m   -------------------
[32;1m[Board] [0m 1 ||[0;1mr[0m|[7;1m [0m| |[7;1m [0m|[0;1mK[0m|[7;1m [0m| |[0;1mr[0m|| 1
[32;1m[Board] [0m   -------------------
[32;1m[Board] [0m     a b c d e f g h
[32;1m[Board] [0m
[32;1m[Referee] [0mThis is the turn of the White player...
Succesfully loaded network via incbin!
info score 8919 depth 1 nodes 62 time 3
-32000 32000 30
info score 8843 depth 2 nodes 211 time 3
-32000 32000 30
info score 8877 depth 3 nodes 785 time 3
-32000 32000 30
info score 8843 depth 4 nodes 1880 time 4
-32000 32000 30
info score 8842 depth 5 nodes 8668 time 9
8813 8873 30
info score 8886 depth 6 nodes 9517 time 13
8812 8872 30
info score 8905 depth 6 nodes 9689 time 13
8812 8902 60
info score 8937 depth 6 nodes 15542 time 18
8812 8962 120
info score 8967 depth 7 nodes 18410 time 20
8907 8967 30
info score 8995 depth 7 nodes 52128 time 68
8907 8997 60
info score 9022 depth 8 nodes 90213 time 100
8965 9025 30
info score 9052 depth 9 nodes 93949 time 104
8992 9052 30
info score 9082 depth 9 nodes 111733 time 117
8992 9082 60
info score 9132 depth 9 nodes 259657 time 217
8992 9142 120
info score 9102 depth 10 nodes 490893 time 381
9102 9162 30
info score 9072 depth 10 nodes 569912 time 436
9072 9162 60
info score 9012 depth 10 nodes 654888 time 496
9012 9162 120
info score 9012 depth 10 nodes 711186 time 544
8892 9162 240
info score 9042 depth 11 nodes 773221 time 602
8982 9042 30
info score 9072 depth 11 nodes 839637 time 652
8982 9072 60
info score 9132 depth 11 nodes 872044 time 680
8982 9132 120
info score 9252 depth 11 nodes 930057 time 730
8982 9252 240
info score 9281 depth 11 nodes 2025341 time 1511
8982 9492 480
info score 9311 depth 12 nodes 2350948 time 1774
9251 9311 30
info score 9341 depth 12 nodes 2515429 time 1902
9251 9341 60
info score 9401 depth 12 nodes 2799838 time 2131
9251 9401 120
info score 9521 depth 12 nodes 2908176 time 2222
9251 9521 240
info score 9761 depth 12 nodes 3138547 time 2415
9251 9761 480
info score 9821 depth 12 nodes 4227622 time 3293
9251 10241 960
bestmove g6d6
[32;1m[Game] [0mPlayer's error code: 0
[32;1m[Game] [0mChecking move validity...
[32;1m[Board] [0mInitializing board (size: 8)...
[32;1m[Board] [0m32 piece(s) on board.
[32;1m[Board] [0mLoading history file `championship/bbd-chess-engine2/history.csv`...
[32;1m[Board] [0mLoaded 42 move(s).
[32;1m[Board] [0mHistory replayed, 21 piece(s) on board.
[32;1m[Board] [0mLoading move file `championship/bbd-chess-engine2/move.csv`...
[32;1m[Board] [0mWhite player is playing g6 to d6.
[32;1m[Board] [0m
[32;1m[Board] [0m     a b c d e f g h
[32;1m[Board] [0m   -------------------
[32;1m[Board] [0m 8 ||[7;1m [0m| |[7;1m [0m|[30;1mK[0m|[7;1m [0m| |[7;1m [0m| || 8
[32;1m[Board] [0m   -------------------
[32;1m[Board] [0m 7 ||[30;1mp[0m|[30;1mp[0m| |[7;1m [0m|[30;1mr[0m|[7;1m [0m|[30;1mp[0m|[7;1m [0m|| 7
[32;1m[Board] [0m   -------------------
[32;1m[Board] [0m 6 ||[7;1m [0m| |[7;1m [0m|[0;1mQ[0m|[7;1m [0m| |[7;1m [0m| || 6
[32;1m[Board] [0m   -------------------
[32;1m[Board] [0m 5 || |[7;1m [0m|[0;1mp[0m|[30;1mp[0m|[0;1mk[0m|[7;1m [0m| |[30;1mp[0m|| 5
[32;1m[Board] [0m   -------------------
[32;1m[Board] [0m 4 ||[7;1m [0m| |[7;1m [0m|[0;1mp[0m|[7;1m [0m| |[30;1mb[0m| || 4
[32;1m[Board] [0m   -------------------
[32;1m[Board] [0m 3 || |[7;1m [0m| |[7;1m [0m| |[7;1m [0m| |[7;1m [0m|| 3
[32;1m[Board] [0m   -------------------
[32;1m[Board] [0m 2 ||[0;1mp[0m|[0;1mp[0m|[7;1m [0m| |[0;1mk[0m|[0;1mp[0m|[0;1mp[0m|[0;1mp[0m|| 2
[32;1m[Board] [0m   -------------------
[32;1m[Board] [0m 1 ||[0;1mr[0m|[7;1m [0m| |[7;1m [0m|[0;1mK[0m|[7;1m [0m| |[0;1mr[0m|| 1
[32;1m[Board] [0m   -------------------
[32;1m[Board] [0m     a b c d e f g h
[32;1m[Board] [0m
[32;1m[Referee] [0mThis is the turn of the Black player...
[32;1m[Game] [0mPlayer's error code: 0
[32;1m[Game] [0mChecking move validity...
[32;1m[Board] [0mInitializing board (size: 8)...
[32;1m[Board] [0m32 piece(s) on board.
[32;1m[Board] [0mLoading history file `championship/bbd-chess-engine2/history.csv`...
[32;1m[Board] [0mLoaded 43 move(s).
[32;1m[Board] [0mHistory replayed, 21 piece(s) on board.
[32;1m[Board] [0mLoading move file `championship/bbd-chess-engine2/move.csv`...
[32;1m[Board] [0mBlack player is playing g4 to d7.
[32;1m[Board] [0m
[32;1m[Board] [0m     a b c d e f g h
[32;1m[Board] [0m   -------------------
[32;1m[Board] [0m 8 ||[7;1m [0m| |[7;1m [0m|[30;1mK[0m|[7;1m [0m| |[7;1m [0m| || 8
[32;1m[Board] [0m   -------------------
[32;1m[Board] [0m 7 ||[30;1mp[0m|[30;1mp[0m| |[30;1mb[0m|[30;1mr[0m|[7;1m [0m|[30;1mp[0m|[7;1m [0m|| 7
[32;1m[Board] [0m   -------------------
[32;1m[Board] [0m 6 ||[7;1m [0m| |[7;1m [0m|[0;1mQ[0m|[7;1m [0m| |[7;1m [0m| || 6
[32;1m[Board] [0m   -------------------
[32;1m[Board] [0m 5 || |[7;1m [0m|[0;1mp[0m|[30;1mp[0m|[0;1mk[0m|[7;1m [0m| |[30;1mp[0m|| 5
[32;1m[Board] [0m   -------------------
[32;1m[Board] [0m 4 ||[7;1m [0m| |[7;1m [0m|[0;1mp[0m|[7;1m [0m| |[7;1m [0m| || 4
[32;1m[Board] [0m   -------------------
[32;1m[Board] [0m 3 || |[7;1m [0m| |[7;1m [0m| |[7;1m [0m| |[7;1m [0m|| 3
[32;1m[Board] [0m   -------------------
[32;1m[Board] [0m 2 ||[0;1mp[0m|[0;1mp[0m|[7;1m [0m| |[0;1mk[0m|[0;1mp[0m|[0;1mp[0m|[0;1mp[0m|| 2
[32;1m[Board] [0m   -------------------
[32;1m[Board] [0m 1 ||[0;1mr[0m|[7;1m [0m| |[7;1m [0m|[0;1mK[0m|[7;1m [0m| |[0;1mr[0m|| 1
[32;1m[Board] [0m   -------------------
[32;1m[Board] [0m     a b c d e f g h
[32;1m[Board] [0m
[32;1m[Referee] [0mThis is the turn of the White player...
Succesfully loaded network via incbin!
info score 8843 depth 1 nodes 62 time 6
-32000 32000 30
info score 8843 depth 2 nodes 158 time 6
-32000 32000 30
info score 8842 depth 3 nodes 584 time 7
-32000 32000 30
info score 8937 depth 4 nodes 1420 time 7
-32000 32000 30
info score 8967 depth 5 nodes 1873 time 11
8907 8967 30
info score 8995 depth 5 nodes 8178 time 19
8907 8997 60
info score 9025 depth 6 nodes 12770 time 26
8965 9025 30
info score 9059 depth 6 nodes 12971 time 26
8965 9055 60
info score 9115 depth 6 nodes 13565 time 26
8965 9115 120
info score 9236 depth 6 nodes 14796 time 27
8965 9235 240
info score 9478 depth 6 nodes 16364 time 32
8965 9475 480
info score 9679 depth 6 nodes 21669 time 39
8965 9955 960
info score 9707 depth 7 nodes 46781 time 75
9649 9709 30
info score 9737 depth 8 nodes 50755 time 82
9677 9737 30
info score 9767 depth 8 nodes 52311 time 84
9677 9767 60
info score 9827 depth 8 nodes 54984 time 89
9677 9827 120
info score 9947 depth 8 nodes 58283 time 96
9677 9947 240
info score 9947 depth 8 nodes 75020 time 117
9677 10187 480
info score 9977 depth 9 nodes 82628 time 134
9917 9977 30
info score 9977 depth 9 nodes 214953 time 275
9917 10007 60
info score 10007 depth 10 nodes 229679 time 289
9947 10007 30
info score 10037 depth 10 nodes 234913 time 294
9947 10037 60
info score 10097 depth 10 nodes 243524 time 301
9947 10097 120
info score 10217 depth 10 nodes 257340 time 313
9947 10217 240
info score 10457 depth 10 nodes 281291 time 333
9947 10457 480
info score 10457 depth 10 nodes 486501 time 470
9947 10937 960
info score 10487 depth 11 nodes 541125 time 512
10427 10487 30
info score 10517 depth 11 nodes 545312 time 515
10427 10517 60
info score 10577 depth 11 nodes 569420 time 533
10427 10577 120
info score 10697 depth 11 nodes 620444 time 570
10427 10697 240
info score 10937 depth 11 nodes 668285 time 605
10427 10937 480
info score 11417 depth 11 nodes 696719 time 625
10427 11417 960
info score 12377 depth 11 nodes 698682 time 626
10427 12377 1920
info score 14297 depth 11 nodes 699491 time 627
10427 14297 3840
info score 18137 depth 11 nodes 700300 time 628
10427 18137 7680
info score 25817 depth 11 nodes 701109 time 628
10427 25817 15360
info score 31991 depth 11 nodes 2496536 time 1831
10427 32000 30720
info score 31991 depth 12 nodes 4798735 time 3367
31961 32000 30
bestmove c5c6
[32;1m[Game] [0mPlayer's error code: 0
[32;1m[Game] [0mChecking move validity...
[32;1m[Board] [0mInitializing board (size: 8)...
[32;1m[Board] [0m32 piece(s) on board.
[32;1m[Board] [0mLoading history file `championship/bbd-chess-engine2/history.csv`...
[32;1m[Board] [0mLoaded 44 move(s).
[32;1m[Board] [0mHistory replayed, 21 piece(s) on board.
[32;1m[Board] [0mLoading move file `championship/bbd-chess-engine2/move.csv`...
[32;1m[Board] [0mWhite player is playing c5 to c6.
[32;1m[Board] [0m
[32;1m[Board] [0m     a b c d e f g h
[32;1m[Board] [0m   -------------------
[32;1m[Board] [0m 8 ||[7;1m [0m| |[7;1m [0m|[30;1mK[0m|[7;1m [0m| |[7;1m [0m| || 8
[32;1m[Board] [0m   -------------------
[32;1m[Board] [0m 7 ||[30;1mp[0m|[30;1mp[0m| |[30;1mb[0m|[30;1mr[0m|[7;1m [0m|[30;1mp[0m|[7;1m [0m|| 7
[32;1m[Board] [0m   -------------------
[32;1m[Board] [0m 6 ||[7;1m [0m| |[0;1mp[0m|[0;1mQ[0m|[7;1m [0m| |[7;1m [0m| || 6
[32;1m[Board] [0m   -------------------
[32;1m[Board] [0m 5 || |[7;1m [0m| |[30;1mp[0m|[0;1mk[0m|[7;1m [0m| |[30;1mp[0m|| 5
[32;1m[Board] [0m   -------------------
[32;1m[Board] [0m 4 ||[7;1m [0m| |[7;1m [0m|[0;1mp[0m|[7;1m [0m| |[7;1m [0m| || 4
[32;1m[Board] [0m   -------------------
[32;1m[Board] [0m 3 || |[7;1m [0m| |[7;1m [0m| |[7;1m [0m| |[7;1m [0m|| 3
[32;1m[Board] [0m   -------------------
[32;1m[Board] [0m 2 ||[0;1mp[0m|[0;1mp[0m|[7;1m [0m| |[0;1mk[0m|[0;1mp[0m|[0;1mp[0m|[0;1mp[0m|| 2
[32;1m[Board] [0m   -------------------
[32;1m[Board] [0m 1 ||[0;1mr[0m|[7;1m [0m| |[7;1m [0m|[0;1mK[0m|[7;1m [0m| |[0;1mr[0m|| 1
[32;1m[Board] [0m   -------------------
[32;1m[Board] [0m     a b c d e f g h
[32;1m[Board] [0m
[32;1m[Referee] [0mThis is the turn of the Black player...
[32;1m[Game] [0mPlayer's error code: 0
[32;1m[Game] [0mChecking move validity...
[32;1m[Board] [0mInitializing board (size: 8)...
[32;1m[Board] [0m32 piece(s) on board.
[32;1m[Board] [0mLoading history file `championship/bbd-chess-engine2/history.csv`...
[32;1m[Board] [0mLoaded 45 move(s).
[32;1m[Board] [0mHistory replayed, 21 piece(s) on board.
[32;1m[Board] [0mLoading move file `championship/bbd-chess-engine2/move.csv`...
[32;1m[Board] [0mBlack player is playing b7 to b6.
[32;1m[Board] [0m
[32;1m[Board] [0m     a b c d e f g h
[32;1m[Board] [0m   -------------------
[32;1m[Board] [0m 8 ||[7;1m [0m| |[7;1m [0m|[30;1mK[0m|[7;1m [0m| |[7;1m [0m| || 8
[32;1m[Board] [0m   -------------------
[32;1m[Board] [0m 7 ||[30;1mp[0m|[7;1m [0m| |[30;1mb[0m|[30;1mr[0m|[7;1m [0m|[30;1mp[0m|[7;1m [0m|| 7
[32;1m[Board] [0m   -------------------
[32;1m[Board] [0m 6 ||[7;1m [0m|[30;1mp[0m|[0;1mp[0m|[0;1mQ[0m|[7;1m [0m| |[7;1m [0m| || 6
[32;1m[Board] [0m   -------------------
[32;1m[Board] [0m 5 || |[7;1m [0m| |[30;1mp[0m|[0;1mk[0m|[7;1m [0m| |[30;1mp[0m|| 5
[32;1m[Board] [0m   -------------------
[32;1m[Board] [0m 4 ||[7;1m [0m| |[7;1m [0m|[0;1mp[0m|[7;1m [0m| |[7;1m [0m| || 4
[32;1m[Board] [0m   -------------------
[32;1m[Board] [0m 3 || |[7;1m [0m| |[7;1m [0m| |[7;1m [0m| |[7;1m [0m|| 3
[32;1m[Board] [0m   -------------------
[32;1m[Board] [0m 2 ||[0;1mp[0m|[0;1mp[0m|[7;1m [0m| |[0;1mk[0m|[0;1mp[0m|[0;1mp[0m|[0;1mp[0m|| 2
[32;1m[Board] [0m   -------------------
[32;1m[Board] [0m 1 ||[0;1mr[0m|[7;1m [0m| |[7;1m [0m|[0;1mK[0m|[7;1m [0m| |[0;1mr[0m|| 1
[32;1m[Board] [0m   -------------------
[32;1m[Board] [0m     a b c d e f g h
[32;1m[Board] [0m
[32;1m[Referee] [0mThis is the turn of the White player...
Succesfully loaded network via incbin!
info score 9753 depth 1 nodes 66 time 6
-32000 32000 30
info score 9798 depth 2 nodes 249 time 6
-32000 32000 30
info score 9833 depth 3 nodes 724 time 7
-32000 32000 30
info score 9948 depth 4 nodes 1588 time 7
-32000 32000 30
info score 9982 depth 5 nodes 1789 time 7
9918 9978 30
info score 10013 depth 5 nodes 1921 time 8
9918 10008 60
info score 10071 depth 5 nodes 2072 time 8
9918 10068 120
info score 10071 depth 5 nodes 4755 time 13
9918 10188 240
info score 10125 depth 6 nodes 5297 time 13
10041 10101 30
info score 10145 depth 6 nodes 5497 time 13
10041 10131 60
info score 10154 depth 6 nodes 9477 time 20
10041 10191 120
info score 10184 depth 7 nodes 9732 time 20
10124 10184 30
info score 10214 depth 7 nodes 9852 time 20
10124 10214 60
info score 10229 depth 7 nodes 30282 time 47
10124 10274 120
info score 10259 depth 8 nodes 31258 time 48
10199 10259 30
info score 10289 depth 8 nodes 31473 time 48
10199 10289 60
info score 10349 depth 8 nodes 32085 time 49
10199 10349 120
info score 10469 depth 8 nodes 32981 time 50
10199 10469 240
info score 10469 depth 8 nodes 55003 time 64
10199 10709 480
info score 10499 depth 9 nodes 68822 time 74
10439 10499 30
info score 10529 depth 9 nodes 69174 time 74
10439 10529 60
info score 10589 depth 9 nodes 69892 time 75
10439 10589 120
info score 10709 depth 9 nodes 73208 time 78
10439 10709 240
info score 10949 depth 9 nodes 78942 time 82
10439 10949 480
info score 11429 depth 9 nodes 91363 time 91
10439 11429 960
info score 12389 depth 9 nodes 91891 time 91
10439 12389 1920
info score 14309 depth 9 nodes 91955 time 91
10439 14309 3840
info score 18149 depth 9 nodes 92019 time 91
10439 18149 7680
info score 25829 depth 9 nodes 92083 time 91
10439 25829 15360
info score 31993 depth 9 nodes 286958 time 244
10439 32000 30720
info score 31993 depth 10 nodes 574586 time 476
31963 32000 30
info score 31993 depth 11 nodes 3897756 time 2923
31963 32000 30
info score 31993 depth 12 nodes 7885677 time 5703
31963 32000 30
bestmove c6d7
[32;1m[Game] [0mPlayer's error code: 0
[32;1m[Game] [0mChecking move validity...
[32;1m[Board] [0mInitializing board (size: 8)...
[32;1m[Board] [0m32 piece(s) on board.
[32;1m[Board] [0mLoading history file `championship/bbd-chess-engine2/history.csv`...
[32;1m[Board] [0mLoaded 46 move(s).
[32;1m[Board] [0mHistory replayed, 21 piece(s) on board.
[32;1m[Board] [0mLoading move file `championship/bbd-chess-engine2/move.csv`...
[32;1m[Board] [0mWhite player is playing c6 to d7.
[32;1m[Board] [0m[5;1mWhite Pawn is taking Black Bishop.[0m
[32;1m[Board] [0m
[32;1m[Board] [0m     a b c d e f g h
[32;1m[Board] [0m   -------------------
[32;1m[Board] [0m 8 ||[7;1m [0m| |[7;1m [0m|[30;1mK[0m|[7;1m [0m| |[7;1m [0m| || 8
[32;1m[Board] [0m   -------------------
[32;1m[Board] [0m 7 ||[30;1mp[0m|[7;1m [0m| |[0;1mp[0m|[30;1mr[0m|[7;1m [0m|[30;1mp[0m|[7;1m [0m|| 7
[32;1m[Board] [0m   -------------------
[32;1m[Board] [0m 6 ||[7;1m [0m|[30;1mp[0m|[7;1m [0m|[0;1mQ[0m|[7;1m [0m| |[7;1m [0m| || 6
[32;1m[Board] [0m   -------------------
[32;1m[Board] [0m 5 || |[7;1m [0m| |[30;1mp[0m|[0;1mk[0m|[7;1m [0m| |[30;1mp[0m|| 5
[32;1m[Board] [0m   -------------------
[32;1m[Board] [0m 4 ||[7;1m [0m| |[7;1m [0m|[0;1mp[0m|[7;1m [0m| |[7;1m [0m| || 4
[32;1m[Board] [0m   -------------------
[32;1m[Board] [0m 3 || |[7;1m [0m| |[7;1m [0m| |[7;1m [0m| |[7;1m [0m|| 3
[32;1m[Board] [0m   -------------------
[32;1m[Board] [0m 2 ||[0;1mp[0m|[0;1mp[0m|[7;1m [0m| |[0;1mk[0m|[0;1mp[0m|[0;1mp[0m|[0;1mp[0m|| 2
[32;1m[Board] [0m   -------------------
[32;1m[Board] [0m 1 ||[0;1mr[0m|[7;1m [0m| |[7;1m [0m|[0;1mK[0m|[7;1m [0m| |[0;1mr[0m|| 1
[32;1m[Board] [0m   -------------------
[32;1m[Board] [0m     a b c d e f g h
[32;1m[Board] [0m
[32;1m[Referee] [0mThis is the turn of the Black player...
[32;1m[Game] [0mPlayer's error code: 0
[32;1m[Game] [0mChecking move validity...
[32;1m[Board] [0mInitializing board (size: 8)...
[32;1m[Board] [0m32 piece(s) on board.
[32;1m[Board] [0mLoading history file `championship/bbd-chess-engine2/history.csv`...
[32;1m[Board] [0mLoaded 47 move(s).
[32;1m[Board] [0mHistory replayed, 20 piece(s) on board.
[32;1m[Board] [0mLoading move file `championship/bbd-chess-engine2/move.csv`...
[32;1m[Board] [0mBlack player is playing e7 to e5.
[32;1m[Board] [0m[5;1mBlack Rook is taking White Knight.[0m
[32;1m[Board] [0m
[32;1m[Board] [0m     a b c d e f g h
[32;1m[Board] [0m   -------------------
[32;1m[Board] [0m 8 ||[7;1m [0m| |[7;1m [0m|[30;1mK[0m|[7;1m [0m| |[7;1m [0m| || 8
[32;1m[Board] [0m   -------------------
[32;1m[Board] [0m 7 ||[30;1mp[0m|[7;1m [0m| |[0;1mp[0m| |[7;1m [0m|[30;1mp[0m|[7;1m [0m|| 7
[32;1m[Board] [0m   -------------------
[32;1m[Board] [0m 6 ||[7;1m [0m|[30;1mp[0m|[7;1m [0m|[0;1mQ[0m|[7;1m [0m| |[7;1m [0m| || 6
[32;1m[Board] [0m   -------------------
[32;1m[Board] [0m 5 || |[7;1m [0m| |[30;1mp[0m|[30;1mr[0m|[7;1m [0m| |[30;1mp[0m|| 5
[32;1m[Board] [0m   -------------------
[32;1m[Board] [0m 4 ||[7;1m [0m| |[7;1m [0m|[0;1mp[0m|[7;1m [0m| |[7;1m [0m| || 4
[32;1m[Board] [0m   -------------------
[32;1m[Board] [0m 3 || |[7;1m [0m| |[7;1m [0m| |[7;1m [0m| |[7;1m [0m|| 3
[32;1m[Board] [0m   -------------------
[32;1m[Board] [0m 2 ||[0;1mp[0m|[0;1mp[0m|[7;1m [0m| |[0;1mk[0m|[0;1mp[0m|[0;1mp[0m|[0;1mp[0m|| 2
[32;1m[Board] [0m   -------------------
[32;1m[Board] [0m 1 ||[0;1mr[0m|[7;1m [0m| |[7;1m [0m|[0;1mK[0m|[7;1m [0m| |[0;1mr[0m|| 1
[32;1m[Board] [0m   -------------------
[32;1m[Board] [0m     a b c d e f g h
[32;1m[Board] [0m
[32;1m[Referee] [0mThis is the turn of the White player...
Succesfully loaded network via incbin!
info score 9978 depth 1 nodes 41 time 6
-32000 32000 30
info score 9948 depth 2 nodes 121 time 6
-32000 32000 30
info score 10205 depth 3 nodes 518 time 6
-32000 32000 30
info score 10154 depth 4 nodes 992 time 7
-32000 32000 30
info score 10201 depth 5 nodes 1100 time 7
10124 10184 30
info score 10216 depth 5 nodes 1132 time 7
10124 10214 60
info score 10229 depth 5 nodes 4650 time 13
10124 10274 120
info score 10285 depth 6 nodes 5308 time 13
10199 10259 30
info score 10294 depth 6 nodes 5408 time 13
10199 10289 60
info score 10353 depth 6 nodes 5576 time 13
10199 10349 120
info score 10485 depth 6 nodes 6301 time 14
10199 10469 240
info score 31995 depth 6 nodes 6884 time 14
10199 10709 480
info score 31995 depth 6 nodes 6887 time 14
10199 11189 960
info score 31995 depth 6 nodes 6890 time 14
10199 12149 1920
info score 31995 depth 6 nodes 6893 time 14
10199 14069 3840
info score 31995 depth 6 nodes 6896 time 14
10199 17909 7680
info score 31995 depth 6 nodes 6899 time 14
10199 25589 15360
info score 10612 depth 6 nodes 9835 time 20
10199 32000 30720
info score 10644 depth 7 nodes 10058 time 20
10582 10642 30
info score 10686 depth 7 nodes 10190 time 20
10582 10672 60
info score 31995 depth 7 nodes 12168 time 25
10582 10732 120
info score 31995 depth 7 nodes 12176 time 25
10582 10852 240
info score 31995 depth 7 nodes 12179 time 25
10582 11092 480
info score 31995 depth 7 nodes 12182 time 25
10582 11572 960
info score 31995 depth 7 nodes 12185 time 25
10582 12532 1920
info score 31995 depth 7 nodes 12188 time 25
10582 14452 3840
info score 31995 depth 7 nodes 12191 time 25
10582 18292 7680
info score 31995 depth 7 nodes 12194 time 25
10582 25972 15360
info score 31995 depth 7 nodes 38814 time 59
10582 32000 30720
info score 31995 depth 8 nodes 71476 time 105
31965 32000 30
info score 31995 depth 9 nodes 655703 time 618
31965 32000 30
info score 31995 depth 10 nodes 1356744 time 1082
31965 32000 30
info score 31995 depth 11 nodes 13044676 time 8850
31965 32000 30
bestmove d4e5
[32;1m[Game] [0mPlayer's error code: 0
[32;1m[Game] [0mChecking move validity...
[32;1m[Board] [0mInitializing board (size: 8)...
[32;1m[Board] [0m32 piece(s) on board.
[32;1m[Board] [0mLoading history file `championship/bbd-chess-engine2/history.csv`...
[32;1m[Board] [0mLoaded 48 move(s).
[32;1m[Board] [0mHistory replayed, 19 piece(s) on board.
[32;1m[Board] [0mLoading move file `championship/bbd-chess-engine2/move.csv`...
[32;1m[Board] [0mWhite player is playing d4 to e5.
[32;1m[Board] [0m[5;1mWhite Pawn is taking Black Rook.[0m
[32;1m[Board] [0m
[32;1m[Board] [0m     a b c d e f g h
[32;1m[Board] [0m   -------------------
[32;1m[Board] [0m 8 ||[7;1m [0m| |[7;1m [0m|[30;1mK[0m|[7;1m [0m| |[7;1m [0m| || 8
[32;1m[Board] [0m   -------------------
[32;1m[Board] [0m 7 ||[30;1mp[0m|[7;1m [0m| |[0;1mp[0m| |[7;1m [0m|[30;1mp[0m|[7;1m [0m|| 7
[32;1m[Board] [0m   -------------------
[32;1m[Board] [0m 6 ||[7;1m [0m|[30;1mp[0m|[7;1m [0m|[0;1mQ[0m|[7;1m [0m| |[7;1m [0m| || 6
[32;1m[Board] [0m   -------------------
[32;1m[Board] [0m 5 || |[7;1m [0m| |[30;1mp[0m|[0;1mp[0m|[7;1m [0m| |[30;1mp[0m|| 5
[32;1m[Board] [0m   -------------------
[32;1m[Board] [0m 4 ||[7;1m [0m| |[7;1m [0m| |[7;1m [0m| |[7;1m [0m| || 4
[32;1m[Board] [0m   -------------------
[32;1m[Board] [0m 3 || |[7;1m [0m| |[7;1m [0m| |[7;1m [0m| |[7;1m [0m|| 3
[32;1m[Board] [0m   -------------------
[32;1m[Board] [0m 2 ||[0;1mp[0m|[0;1mp[0m|[7;1m [0m| |[0;1mk[0m|[0;1mp[0m|[0;1mp[0m|[0;1mp[0m|| 2
[32;1m[Board] [0m   -------------------
[32;1m[Board] [0m 1 ||[0;1mr[0m|[7;1m [0m| |[7;1m [0m|[0;1mK[0m|[7;1m [0m| |[0;1mr[0m|| 1
[32;1m[Board] [0m   -------------------
[32;1m[Board] [0m     a b c d e f g h
[32;1m[Board] [0m
[32;1m[Referee] [0mThis is the turn of the Black player...
[32;1m[Game] [0mPlayer's error code: 0
[32;1m[Game] [0mChecking move validity...
[32;1m[Board] [0mInitializing board (size: 8)...
[32;1m[Board] [0m32 piece(s) on board.
[32;1m[Board] [0mLoading history file `championship/bbd-chess-engine2/history.csv`...
[32;1m[Board] [0mLoaded 49 move(s).
[32;1m[Board] [0mHistory replayed, 18 piece(s) on board.
[32;1m[Board] [0mLoading move file `championship/bbd-chess-engine2/move.csv`...
[32;1m[Board] [0mBlack player is playing d5 to d4.
[32;1m[Board] [0m
[32;1m[Board] [0m     a b c d e f g h
[32;1m[Board] [0m   -------------------
[32;1m[Board] [0m 8 ||[7;1m [0m| |[7;1m [0m|[30;1mK[0m|[7;1m [0m| |[7;1m [0m| || 8
[32;1m[Board] [0m   -------------------
[32;1m[Board] [0m 7 ||[30;1mp[0m|[7;1m [0m| |[0;1mp[0m| |[7;1m [0m|[30;1mp[0m|[7;1m [0m|| 7
[32;1m[Board] [0m   -------------------
[32;1m[Board] [0m 6 ||[7;1m [0m|[30;1mp[0m|[7;1m [0m|[0;1mQ[0m|[7;1m [0m| |[7;1m [0m| || 6
[32;1m[Board] [0m   -------------------
[32;1m[Board] [0m 5 || |[7;1m [0m| |[7;1m [0m|[0;1mp[0m|[7;1m [0m| |[30;1mp[0m|| 5
[32;1m[Board] [0m   -------------------
[32;1m[Board] [0m 4 ||[7;1m [0m| |[7;1m [0m|[30;1mp[0m|[7;1m [0m| |[7;1m [0m| || 4
[32;1m[Board] [0m   -------------------
[32;1m[Board] [0m 3 || |[7;1m [0m| |[7;1m [0m| |[7;1m [0m| |[7;1m [0m|| 3
[32;1m[Board] [0m   -------------------
[32;1m[Board] [0m 2 ||[0;1mp[0m|[0;1mp[0m|[7;1m [0m| |[0;1mk[0m|[0;1mp[0m|[0;1mp[0m|[0;1mp[0m|| 2
[32;1m[Board] [0m   -------------------
[32;1m[Board] [0m 1 ||[0;1mr[0m|[7;1m [0m| |[7;1m [0m|[0;1mK[0m|[7;1m [0m| |[0;1mr[0m|| 1
[32;1m[Board] [0m   -------------------
[32;1m[Board] [0m     a b c d e f g h
[32;1m[Board] [0m
[32;1m[Referee] [0mThis is the turn of the White player...
Succesfully loaded network via incbin!
info score 10380 depth 1 nodes 47 time 6
-32000 32000 30
info score 10376 depth 2 nodes 142 time 6
-32000 32000 30
info score 10455 depth 3 nodes 842 time 6
-32000 32000 30
info score 31997 depth 4 nodes 1620 time 7
-32000 32000 30
info score 31997 depth 5 nodes 10040 time 16
31967 32000 30
info score 31997 depth 6 nodes 20252 time 23
31967 32000 30
info score 31997 depth 7 nodes 244760 time 174
31967 32000 30
info score 31997 depth 8 nodes 525894 time 364
31967 32000 30
info score 31997 depth 9 nodes 5245782 time 3559
31967 32000 30
info score 31997 depth 10 nodes 11528751 time 7833
31967 32000 30
bestmove e5e6
[32;1m[Game] [0mPlayer's error code: 0
[32;1m[Game] [0mChecking move validity...
[32;1m[Board] [0mInitializing board (size: 8)...
[32;1m[Board] [0m32 piece(s) on board.
[32;1m[Board] [0mLoading history file `championship/bbd-chess-engine2/history.csv`...
[32;1m[Board] [0mLoaded 50 move(s).
[32;1m[Board] [0mHistory replayed, 18 piece(s) on board.
[32;1m[Board] [0mLoading move file `championship/bbd-chess-engine2/move.csv`...
[32;1m[Board] [0mWhite player is playing e5 to e6.
[32;1m[Board] [0m
[32;1m[Board] [0m     a b c d e f g h
[32;1m[Board] [0m   -------------------
[32;1m[Board] [0m 8 ||[7;1m [0m| |[7;1m [0m|[30;1mK[0m|[7;1m [0m| |[7;1m [0m| || 8
[32;1m[Board] [0m   -------------------
[32;1m[Board] [0m 7 ||[30;1mp[0m|[7;1m [0m| |[0;1mp[0m| |[7;1m [0m|[30;1mp[0m|[7;1m [0m|| 7
[32;1m[Board] [0m   -------------------
[32;1m[Board] [0m 6 ||[7;1m [0m|[30;1mp[0m|[7;1m [0m|[0;1mQ[0m|[0;1mp[0m| |[7;1m [0m| || 6
[32;1m[Board] [0m   -------------------
[32;1m[Board] [0m 5 || |[7;1m [0m| |[7;1m [0m| |[7;1m [0m| |[30;1mp[0m|| 5
[32;1m[Board] [0m   -------------------
[32;1m[Board] [0m 4 ||[7;1m [0m| |[7;1m [0m|[30;1mp[0m|[7;1m [0m| |[7;1m [0m| || 4
[32;1m[Board] [0m   -------------------
[32;1m[Board] [0m 3 || |[7;1m [0m| |[7;1m [0m| |[7;1m [0m| |[7;1m [0m|| 3
[32;1m[Board] [0m   -------------------
[32;1m[Board] [0m 2 ||[0;1mp[0m|[0;1mp[0m|[7;1m [0m| |[0;1mk[0m|[0;1mp[0m|[0;1mp[0m|[0;1mp[0m|| 2
[32;1m[Board] [0m   -------------------
[32;1m[Board] [0m 1 ||[0;1mr[0m|[7;1m [0m| |[7;1m [0m|[0;1mK[0m|[7;1m [0m| |[0;1mr[0m|| 1
[32;1m[Board] [0m   -------------------
[32;1m[Board] [0m     a b c d e f g h
[32;1m[Board] [0m
[32;1m[Referee] [0mThis is the turn of the Black player...
[32;1m[Game] [0mPlayer's error code: 0
[32;1m[Game] [0mChecking move validity...
[32;1m[Board] [0mInitializing board (size: 8)...
[32;1m[Board] [0m32 piece(s) on board.
[32;1m[Board] [0mLoading history file `championship/bbd-chess-engine2/history.csv`...
[32;1m[Board] [0mLoaded 51 move(s).
[32;1m[Board] [0mHistory replayed, 18 piece(s) on board.
[32;1m[Board] [0mLoading move file `championship/bbd-chess-engine2/move.csv`...
[32;1m[Board] [0mBlack player is playing d4 to d3.
[32;1m[Board] [0m
[32;1m[Board] [0m     a b c d e f g h
[32;1m[Board] [0m   -------------------
[32;1m[Board] [0m 8 ||[7;1m [0m| |[7;1m [0m|[30;1mK[0m|[7;1m [0m| |[7;1m [0m| || 8
[32;1m[Board] [0m   -------------------
[32;1m[Board] [0m 7 ||[30;1mp[0m|[7;1m [0m| |[0;1mp[0m| |[7;1m [0m|[30;1mp[0m|[7;1m [0m|| 7
[32;1m[Board] [0m   -------------------
[32;1m[Board] [0m 6 ||[7;1m [0m|[30;1mp[0m|[7;1m [0m|[0;1mQ[0m|[0;1mp[0m| |[7;1m [0m| || 6
[32;1m[Board] [0m   -------------------
[32;1m[Board] [0m 5 || |[7;1m [0m| |[7;1m [0m| |[7;1m [0m| |[30;1mp[0m|| 5
[32;1m[Board] [0m   -------------------
[32;1m[Board] [0m 4 ||[7;1m [0m| |[7;1m [0m| |[7;1m [0m| |[7;1m [0m| || 4
[32;1m[Board] [0m   -------------------
[32;1m[Board] [0m 3 || |[7;1m [0m| |[30;1mp[0m| |[7;1m [0m| |[7;1m [0m|| 3
[32;1m[Board] [0m   -------------------
[32;1m[Board] [0m 2 ||[0;1mp[0m|[0;1mp[0m|[7;1m [0m| |[0;1mk[0m|[0;1mp[0m|[0;1mp[0m|[0;1mp[0m|| 2
[32;1m[Board] [0m   -------------------
[32;1m[Board] [0m 1 ||[0;1mr[0m|[7;1m [0m| |[7;1m [0m|[0;1mK[0m|[7;1m [0m| |[0;1mr[0m|| 1
[32;1m[Board] [0m   -------------------
[32;1m[Board] [0m     a b c d e f g h
[32;1m[Board] [0m
[32;1m[Referee] [0mThis is the turn of the White player...
Succesfully loaded network via incbin!
info score 10384 depth 1 nodes 43 time 7
-32000 32000 30
info score 31999 depth 2 nodes 134 time 7
-32000 32000 30
info score 31999 depth 3 nodes 365 time 7
-32000 32000 30
info score 31999 depth 4 nodes 671 time 7
-32000 32000 30
info score 31999 depth 5 nodes 7274 time 15
31969 32000 30
info score 31999 depth 6 nodes 16803 time 27
31969 32000 30
info score 31999 depth 7 nodes 169720 time 134
31969 32000 30
info score 31999 depth 8 nodes 390300 time 281
31969 32000 30
info score 31999 depth 9 nodes 3598540 time 2425
31969 32000 30
info score 31999 depth 10 nodes 8154912 time 5717
31969 32000 30
bestmove e6e7
[32;1m[Game] [0mPlayer's error code: 0
[32;1m[Game] [0mChecking move validity...
[32;1m[Board] [0mInitializing board (size: 8)...
[32;1m[Board] [0m32 piece(s) on board.
[32;1m[Board] [0mLoading history file `championship/bbd-chess-engine2/history.csv`...
[32;1m[Board] [0mLoaded 52 move(s).
[32;1m[Board] [0mHistory replayed, 18 piece(s) on board.
[32;1m[Board] [0mLoading move file `championship/bbd-chess-engine2/move.csv`...
[32;1m[Board] [0mWhite player is playing e6 to e7.
[32;1m[Board] [0m
[32;1m[Board] [0m     a b c d e f g h
[32;1m[Board] [0m   -------------------
[32;1m[Board] [0m 8 ||[7;1m [0m| |[7;1m [0m|[30;1mK[0m|[7;1m [0m| |[7;1m [0m| || 8
[32;1m[Board] [0m   -------------------
[32;1m[Board] [0m 7 ||[30;1mp[0m|[7;1m [0m| |[0;1mp[0m|[0;1mp[0m|[7;1m [0m|[30;1mp[0m|[7;1m [0m|| 7
[32;1m[Board] [0m   -------------------
[32;1m[Board] [0m 6 ||[7;1m [0m|[30;1mp[0m|[7;1m [0m|[0;1mQ[0m|[7;1m [0m| |[7;1m [0m| || 6
[32;1m[Board] [0m   -------------------
[32;1m[Board] [0m 5 || |[7;1m [0m| |[7;1m [0m| |[7;1m [0m| |[30;1mp[0m|| 5
[32;1m[Board] [0m   -------------------
[32;1m[Board] [0m 4 ||[7;1m [0m| |[7;1m [0m| |[7;1m [0m| |[7;1m [0m| || 4
[32;1m[Board] [0m   -------------------
[32;1m[Board] [0m 3 || |[7;1m [0m| |[30;1mp[0m| |[7;1m [0m| |[7;1m [0m|| 3
[32;1m[Board] [0m   -------------------
[32;1m[Board] [0m 2 ||[0;1mp[0m|[0;1mp[0m|[7;1m [0m| |[0;1mk[0m|[0;1mp[0m|[0;1mp[0m|[0;1mp[0m|| 2
[32;1m[Board] [0m   -------------------
[32;1m[Board] [0m 1 ||[0;1mr[0m|[7;1m [0m| |[7;1m [0m|[0;1mK[0m|[7;1m [0m| |[0;1mr[0m|| 1
[32;1m[Board] [0m   -------------------
[32;1m[Board] [0m     a b c d e f g h
[32;1m[Board] [0m
[32;1m[Referee] [0mThis is the turn of the Black player...
