[32;1m[Board] [0mInitializing board (size: 8)...
[32;1m[Board] [0m32 piece(s) on board.
[32;1m[Board] [0m
[32;1m[Board] [0m     a b c d e f g h
[32;1m[Board] [0m   -------------------
[32;1m[Board] [0m 8 ||[30;1mr[0m|[30;1mk[0m|[30;1mb[0m|[30;1mQ[0m|[30;1mK[0m|[30;1mb[0m|[30;1mk[0m|[30;1mr[0m|| 8
[32;1m[Board] [0m   -------------------
[32;1m[Board] [0m 7 ||[30;1mp[0m|[30;1mp[0m|[30;1mp[0m|[30;1mp[0m|[30;1mp[0m|[30;1mp[0m|[30;1mp[0m|[30;1mp[0m|| 7
[32;1m[Board] [0m   -------------------
[32;1m[Board] [0m 6 ||[7;1m [0m| |[7;1m [0m| |[7;1m [0m| |[7;1m [0m| || 6
[32;1m[Board] [0m   -------------------
[32;1m[Board] [0m 5 || |[7;1m [0m| |[7;1m [0m| |[7;1m [0m| |[7;1m [0m|| 5
[32;1m[Board] [0m   -------------------
[32;1m[Board] [0m 4 ||[7;1m [0m| |[7;1m [0m| |[7;1m [0m| |[7;1m [0m| || 4
[32;1m[Board] [0m   -------------------
[32;1m[Board] [0m 3 || |[7;1m [0m| |[7;1m [0m| |[7;1m [0m| |[7;1m [0m|| 3
[32;1m[Board] [0m   -------------------
[32;1m[Board] [0m 2 ||[0;1mp[0m|[0;1mp[0m|[0;1mp[0m|[0;1mp[0m|[0;1mp[0m|[0;1mp[0m|[0;1mp[0m|[0;1mp[0m|| 2
[32;1m[Board] [0m   -------------------
[32;1m[Board] [0m 1 ||[0;1mr[0m|[0;1mk[0m|[0;1mb[0m|[0;1mQ[0m|[0;1mK[0m|[0;1mb[0m|[0;1mk[0m|[0;1mr[0m|| 1
[32;1m[Board] [0m   -------------------
[32;1m[Board] [0m     a b c d e f g h
[32;1m[Board] [0m
[32;1m[Referee] [0mThis is the turn of the White player...
Inputed Board

We are going to play White...

------------------------------Current Search Space--------------------------------------------
Possible moves for piece: P:
 P: (6,0)->(5,0) / a2a3
 P: (6,0)->(4,0) / a2a4
 P: (6,1)->(5,1) / b2b3
 P: (6,1)->(4,1) / b2b4
 P: (6,2)->(5,2) / c2c3
 P: (6,2)->(4,2) / c2c4
 P: (6,3)->(5,3) / d2d3
 P: (6,3)->(4,3) / d2d4
 P: (6,4)->(5,4) / e2e3
 P: (6,4)->(4,4) / e2e4
 P: (6,5)->(5,5) / f2f3
 P: (6,5)->(4,5) / f2f4
 P: (6,6)->(5,6) / g2g3
 P: (6,6)->(4,6) / g2g4
 P: (6,7)->(5,7) / h2h3
 P: (6,7)->(4,7) / h2h4
Possible moves for piece: N:
 N: (7,1)->(5,2) / b1c3
 N: (7,1)->(5,0) / b1a3
 N: (7,6)->(5,7) / g1h3
 N: (7,6)->(5,5) / g1f3

------------------------------Filtered Search Space--------------------------------------------
Possible moves for piece: P:
 P: (6,0)->(5,0) / a2a3
 P: (6,0)->(4,0) / a2a4
 P: (6,1)->(5,1) / b2b3
 P: (6,1)->(4,1) / b2b4
 P: (6,2)->(5,2) / c2c3
 P: (6,2)->(4,2) / c2c4
 P: (6,3)->(5,3) / d2d3
 P: (6,3)->(4,3) / d2d4
 P: (6,4)->(5,4) / e2e3
 P: (6,4)->(4,4) / e2e4
 P: (6,5)->(5,5) / f2f3
 P: (6,5)->(4,5) / f2f4
 P: (6,6)->(5,6) / g2g3
 P: (6,6)->(4,6) / g2g4
 P: (6,7)->(5,7) / h2h3
 P: (6,7)->(4,7) / h2h4
Possible moves for piece: N:
 N: (7,1)->(5,2) / b1c3
 N: (7,1)->(5,0) / b1a3
 N: (7,6)->(5,7) / g1h3
 N: (7,6)->(5,5) / g1f3

--------------------------------Info on Attacks---------------------------------------------------
Squares attacked by Black pieces:
(2,0) (2,1) (2,2) (2,3) (2,4) (2,5) (2,6) (2,7) 

-------------------------------Squares controlled by the enemy------------------------------------
* * * * * * * * 
* * * * * * * * 
X X X X X X X X 
* * * * * * * * 
* * * * * * * * 
* * * * * * * * 
* * * * * * * * 
* * * * * * * * 

------------------------------Check Information---------------------------------------------------
White King located at: (7,4)
White King is safe, no check at this position.

------------------------------Special Move Information-------------------------------------------
No en passant allowed right now
------------------------------Castling Rights Information-------------------------------------------
White Kingside Castle:  AVAILABLE
White Queenside Castle: AVAILABLE
Black Kingside Castle:  AVAILABLE
Black Queenside Castle: AVAILABLE
---------------------------------------------------------------------------------------------------

========== CAPTURE EXPLORATION ==========
========================================

========== CHECK EXPLORATION ==========
(no checks found)
======================================
--------------------------------------------------------------------------------------------------
Chosen Move: (7,1) --> (5,2)
 / b1c3

r n b q k b n r 
p p p p p p p p 
* * * * * * * * 
* * * * * * * * 
* * * * * * * * 
* * N * * * * * 
P P P P P P P P 
R * B Q K B N R 

[32;1m[Game] [0mPlayer's error code: 0
[32;1m[Game] [0mChecking move validity...
[32;1m[Board] [0mInitializing board (size: 8)...
[32;1m[Board] [0m32 piece(s) on board.
[32;1m[Board] [0mLoading history file `stats/White/game-16/history.csv`...
[32;1m[Board] [0mLoaded 0 move(s).
[32;1m[Board] [0mHistory replayed, 32 piece(s) on board.
[32;1m[Board] [0mLoading move file `stats/White/game-16/move.csv`...
[32;1m[Board] [0mWhite player is playing b1 to c3.
[32;1m[Board] [0m
[32;1m[Board] [0m     a b c d e f g h
[32;1m[Board] [0m   -------------------
[32;1m[Board] [0m 8 ||[30;1mr[0m|[30;1mk[0m|[30;1mb[0m|[30;1mQ[0m|[30;1mK[0m|[30;1mb[0m|[30;1mk[0m|[30;1mr[0m|| 8
[32;1m[Board] [0m   -------------------
[32;1m[Board] [0m 7 ||[30;1mp[0m|[30;1mp[0m|[30;1mp[0m|[30;1mp[0m|[30;1mp[0m|[30;1mp[0m|[30;1mp[0m|[30;1mp[0m|| 7
[32;1m[Board] [0m   -------------------
[32;1m[Board] [0m 6 ||[7;1m [0m| |[7;1m [0m| |[7;1m [0m| |[7;1m [0m| || 6
[32;1m[Board] [0m   -------------------
[32;1m[Board] [0m 5 || |[7;1m [0m| |[7;1m [0m| |[7;1m [0m| |[7;1m [0m|| 5
[32;1m[Board] [0m   -------------------
[32;1m[Board] [0m 4 ||[7;1m [0m| |[7;1m [0m| |[7;1m [0m| |[7;1m [0m| || 4
[32;1m[Board] [0m   -------------------
[32;1m[Board] [0m 3 || |[7;1m [0m|[0;1mk[0m|[7;1m [0m| |[7;1m [0m| |[7;1m [0m|| 3
[32;1m[Board] [0m   -------------------
[32;1m[Board] [0m 2 ||[0;1mp[0m|[0;1mp[0m|[0;1mp[0m|[0;1mp[0m|[0;1mp[0m|[0;1mp[0m|[0;1mp[0m|[0;1mp[0m|| 2
[32;1m[Board] [0m   -------------------
[32;1m[Board] [0m 1 ||[0;1mr[0m|[7;1m [0m|[0;1mb[0m|[0;1mQ[0m|[0;1mK[0m|[0;1mb[0m|[0;1mk[0m|[0;1mr[0m|| 1
[32;1m[Board] [0m   -------------------
[32;1m[Board] [0m     a b c d e f g h
[32;1m[Board] [0m
[32;1m[Referee] [0mThis is the turn of the Black player...
[32;1m[Board] [0mInitializing board (size: 8)...
[32;1m[Board] [0m32 piece(s) on board.
[32;1m[Board] [0mLoading history file `stats/White/game-16/history.csv`...
[32;1m[Board] [0mLoaded 1 move(s).
[32;1m[Board] [0mHistory replayed, 32 piece(s) on board.
[32;1m[RandomPlayer] [0mComputing possible moves...
[32;1m[RandomPlayer] [0m20 possible move(s)
[32;1m[RandomPlayer] [0mPlaying random move 15 out of 20
[32;1m[Game] [0mPlayer's error code: 0
[32;1m[Game] [0mChecking move validity...
[32;1m[Board] [0mInitializing board (size: 8)...
[32;1m[Board] [0m32 piece(s) on board.
[32;1m[Board] [0mLoading history file `stats/White/game-16/history.csv`...
[32;1m[Board] [0mLoaded 1 move(s).
[32;1m[Board] [0mHistory replayed, 32 piece(s) on board.
[32;1m[Board] [0mLoading move file `stats/White/game-16/move.csv`...
[32;1m[Board] [0mBlack player is playing h7 to h5.
[32;1m[Board] [0m
[32;1m[Board] [0m     a b c d e f g h
[32;1m[Board] [0m   -------------------
[32;1m[Board] [0m 8 ||[30;1mr[0m|[30;1mk[0m|[30;1mb[0m|[30;1mQ[0m|[30;1mK[0m|[30;1mb[0m|[30;1mk[0m|[30;1mr[0m|| 8
[32;1m[Board] [0m   -------------------
[32;1m[Board] [0m 7 ||[30;1mp[0m|[30;1mp[0m|[30;1mp[0m|[30;1mp[0m|[30;1mp[0m|[30;1mp[0m|[30;1mp[0m|[7;1m [0m|| 7
[32;1m[Board] [0m   -------------------
[32;1m[Board] [0m 6 ||[7;1m [0m| |[7;1m [0m| |[7;1m [0m| |[7;1m [0m| || 6
[32;1m[Board] [0m   -------------------
[32;1m[Board] [0m 5 || |[7;1m [0m| |[7;1m [0m| |[7;1m [0m| |[30;1mp[0m|| 5
[32;1m[Board] [0m   -------------------
[32;1m[Board] [0m 4 ||[7;1m [0m| |[7;1m [0m| |[7;1m [0m| |[7;1m [0m| || 4
[32;1m[Board] [0m   -------------------
[32;1m[Board] [0m 3 || |[7;1m [0m|[0;1mk[0m|[7;1m [0m| |[7;1m [0m| |[7;1m [0m|| 3
[32;1m[Board] [0m   -------------------
[32;1m[Board] [0m 2 ||[0;1mp[0m|[0;1mp[0m|[0;1mp[0m|[0;1mp[0m|[0;1mp[0m|[0;1mp[0m|[0;1mp[0m|[0;1mp[0m|| 2
[32;1m[Board] [0m   -------------------
[32;1m[Board] [0m 1 ||[0;1mr[0m|[7;1m [0m|[0;1mb[0m|[0;1mQ[0m|[0;1mK[0m|[0;1mb[0m|[0;1mk[0m|[0;1mr[0m|| 1
[32;1m[Board] [0m   -------------------
[32;1m[Board] [0m     a b c d e f g h
[32;1m[Board] [0m
[32;1m[Referee] [0mThis is the turn of the White player...
Inputed Board
Currently playing: White

------------------------------Current Search Space--------------------------------------------
Possible moves for piece: P:
 P: (6,0)->(5,0) / a2a3
 P: (6,0)->(4,0) / a2a4
 P: (6,1)->(5,1) / b2b3
 P: (6,1)->(4,1) / b2b4
 P: (6,3)->(5,3) / d2d3
 P: (6,3)->(4,3) / d2d4
 P: (6,4)->(5,4) / e2e3
 P: (6,4)->(4,4) / e2e4
 P: (6,5)->(5,5) / f2f3
 P: (6,5)->(4,5) / f2f4
 P: (6,6)->(5,6) / g2g3
 P: (6,6)->(4,6) / g2g4
 P: (6,7)->(5,7) / h2h3
 P: (6,7)->(4,7) / h2h4
Possible moves for piece: R:
 R: (7,0)->(7,1) / a1b1
Possible moves for piece: N:
 N: (5,2)->(7,1) / c3b1
 N: (5,2)->(3,3) / c3d5
 N: (5,2)->(3,1) / c3b5
 N: (5,2)->(4,4) / c3e4
 N: (5,2)->(4,0) / c3a4
 N: (7,6)->(5,7) / g1h3
 N: (7,6)->(5,5) / g1f3

------------------------------Filtered Search Space--------------------------------------------
Possible moves for piece: P:
 P: (6,0)->(5,0) / a2a3
 P: (6,0)->(4,0) / a2a4
 P: (6,1)->(5,1) / b2b3
 P: (6,1)->(4,1) / b2b4
 P: (6,3)->(5,3) / d2d3
 P: (6,3)->(4,3) / d2d4
 P: (6,4)->(5,4) / e2e3
 P: (6,4)->(4,4) / e2e4
 P: (6,5)->(5,5) / f2f3
 P: (6,5)->(4,5) / f2f4
 P: (6,6)->(5,6) / g2g3
 P: (6,6)->(4,6) / g2g4
 P: (6,7)->(5,7) / h2h3
 P: (6,7)->(4,7) / h2h4
Possible moves for piece: R:
 R: (7,0)->(7,1) / a1b1
Possible moves for piece: N:
 N: (5,2)->(7,1) / c3b1
 N: (5,2)->(3,3) / c3d5
 N: (5,2)->(3,1) / c3b5
 N: (5,2)->(4,4) / c3e4
 N: (5,2)->(4,0) / c3a4
 N: (7,6)->(5,7) / g1h3
 N: (7,6)->(5,5) / g1f3

--------------------------------Info on Attacks---------------------------------------------------
Squares attacked by Black pieces:
(1,7) (2,0) (2,1) (2,2) (2,3) (2,4) (2,5) (2,6) (2,7) (4,6) 

-------------------------------Squares controlled by the enemy------------------------------------
* * * * * * * * 
* * * * * * * X 
X X X X X X X X 
* * * * * * * * 
* * * * * * X * 
* * * * * * * * 
* * * * * * * * 
* * * * * * * * 

------------------------------Check Information---------------------------------------------------
White King located at: (7,4)
White King is safe, no check at this position.

------------------------------Special Move Information-------------------------------------------
No en passant allowed right now
------------------------------Castling Rights Information-------------------------------------------
White Kingside Castle:  AVAILABLE
White Queenside Castle: AVAILABLE
Black Kingside Castle:  AVAILABLE
Black Queenside Castle: AVAILABLE
---------------------------------------------------------------------------------------------------

========== CAPTURE EXPLORATION ==========
========================================

========== CHECK EXPLORATION ==========
(no checks found)
======================================
--------------------------------------------------------------------------------------------------
Chosen Move: (6,3) --> (4,3)
 / d2d4

r n b q k b n r 
p p p p p p p * 
* * * * * * * * 
* * * * * * * p 
* * * P * * * * 
* * N * * * * * 
P P P * P P P P 
R * B Q K B N R 

[32;1m[Game] [0mPlayer's error code: 0
[32;1m[Game] [0mChecking move validity...
[32;1m[Board] [0mInitializing board (size: 8)...
[32;1m[Board] [0m32 piece(s) on board.
[32;1m[Board] [0mLoading history file `stats/White/game-16/history.csv`...
[32;1m[Board] [0mLoaded 2 move(s).
[32;1m[Board] [0mHistory replayed, 32 piece(s) on board.
[32;1m[Board] [0mLoading move file `stats/White/game-16/move.csv`...
[32;1m[Board] [0mWhite player is playing d2 to d4.
[32;1m[Board] [0m
[32;1m[Board] [0m     a b c d e f g h
[32;1m[Board] [0m   -------------------
[32;1m[Board] [0m 8 ||[30;1mr[0m|[30;1mk[0m|[30;1mb[0m|[30;1mQ[0m|[30;1mK[0m|[30;1mb[0m|[30;1mk[0m|[30;1mr[0m|| 8
[32;1m[Board] [0m   -------------------
[32;1m[Board] [0m 7 ||[30;1mp[0m|[30;1mp[0m|[30;1mp[0m|[30;1mp[0m|[30;1mp[0m|[30;1mp[0m|[30;1mp[0m|[7;1m [0m|| 7
[32;1m[Board] [0m   -------------------
[32;1m[Board] [0m 6 ||[7;1m [0m| |[7;1m [0m| |[7;1m [0m| |[7;1m [0m| || 6
[32;1m[Board] [0m   -------------------
[32;1m[Board] [0m 5 || |[7;1m [0m| |[7;1m [0m| |[7;1m [0m| |[30;1mp[0m|| 5
[32;1m[Board] [0m   -------------------
[32;1m[Board] [0m 4 ||[7;1m [0m| |[7;1m [0m|[0;1mp[0m|[7;1m [0m| |[7;1m [0m| || 4
[32;1m[Board] [0m   -------------------
[32;1m[Board] [0m 3 || |[7;1m [0m|[0;1mk[0m|[7;1m [0m| |[7;1m [0m| |[7;1m [0m|| 3
[32;1m[Board] [0m   -------------------
[32;1m[Board] [0m 2 ||[0;1mp[0m|[0;1mp[0m|[0;1mp[0m| |[0;1mp[0m|[0;1mp[0m|[0;1mp[0m|[0;1mp[0m|| 2
[32;1m[Board] [0m   -------------------
[32;1m[Board] [0m 1 ||[0;1mr[0m|[7;1m [0m|[0;1mb[0m|[0;1mQ[0m|[0;1mK[0m|[0;1mb[0m|[0;1mk[0m|[0;1mr[0m|| 1
[32;1m[Board] [0m   -------------------
[32;1m[Board] [0m     a b c d e f g h
[32;1m[Board] [0m
[32;1m[Referee] [0mThis is the turn of the Black player...
[32;1m[Board] [0mInitializing board (size: 8)...
[32;1m[Board] [0m32 piece(s) on board.
[32;1m[Board] [0mLoading history file `stats/White/game-16/history.csv`...
[32;1m[Board] [0mLoaded 3 move(s).
[32;1m[Board] [0mHistory replayed, 32 piece(s) on board.
[32;1m[RandomPlayer] [0mComputing possible moves...
[32;1m[RandomPlayer] [0m21 possible move(s)
[32;1m[RandomPlayer] [0mPlaying random move 9 out of 21
[32;1m[Game] [0mPlayer's error code: 0
[32;1m[Game] [0mChecking move validity...
[32;1m[Board] [0mInitializing board (size: 8)...
[32;1m[Board] [0m32 piece(s) on board.
[32;1m[Board] [0mLoading history file `stats/White/game-16/history.csv`...
[32;1m[Board] [0mLoaded 3 move(s).
[32;1m[Board] [0mHistory replayed, 32 piece(s) on board.
[32;1m[Board] [0mLoading move file `stats/White/game-16/move.csv`...
[32;1m[Board] [0mBlack player is playing e7 to e5.
[32;1m[Board] [0m
[32;1m[Board] [0m     a b c d e f g h
[32;1m[Board] [0m   -------------------
[32;1m[Board] [0m 8 ||[30;1mr[0m|[30;1mk[0m|[30;1mb[0m|[30;1mQ[0m|[30;1mK[0m|[30;1mb[0m|[30;1mk[0m|[30;1mr[0m|| 8
[32;1m[Board] [0m   -------------------
[32;1m[Board] [0m 7 ||[30;1mp[0m|[30;1mp[0m|[30;1mp[0m|[30;1mp[0m| |[30;1mp[0m|[30;1mp[0m|[7;1m [0m|| 7
[32;1m[Board] [0m   -------------------
[32;1m[Board] [0m 6 ||[7;1m [0m| |[7;1m [0m| |[7;1m [0m| |[7;1m [0m| || 6
[32;1m[Board] [0m   -------------------
[32;1m[Board] [0m 5 || |[7;1m [0m| |[7;1m [0m|[30;1mp[0m|[7;1m [0m| |[30;1mp[0m|| 5
[32;1m[Board] [0m   -------------------
[32;1m[Board] [0m 4 ||[7;1m [0m| |[7;1m [0m|[0;1mp[0m|[7;1m [0m| |[7;1m [0m| || 4
[32;1m[Board] [0m   -------------------
[32;1m[Board] [0m 3 || |[7;1m [0m|[0;1mk[0m|[7;1m [0m| |[7;1m [0m| |[7;1m [0m|| 3
[32;1m[Board] [0m   -------------------
[32;1m[Board] [0m 2 ||[0;1mp[0m|[0;1mp[0m|[0;1mp[0m| |[0;1mp[0m|[0;1mp[0m|[0;1mp[0m|[0;1mp[0m|| 2
[32;1m[Board] [0m   -------------------
[32;1m[Board] [0m 1 ||[0;1mr[0m|[7;1m [0m|[0;1mb[0m|[0;1mQ[0m|[0;1mK[0m|[0;1mb[0m|[0;1mk[0m|[0;1mr[0m|| 1
[32;1m[Board] [0m   -------------------
[32;1m[Board] [0m     a b c d e f g h
[32;1m[Board] [0m
[32;1m[Referee] [0mThis is the turn of the White player...
Inputed Board
Currently playing: White

------------------------------Current Search Space--------------------------------------------
Possible moves for piece: P:
 P: (4,3)->(3,3) / d4d5
 P: (4,3)->(3,4) / d4e5
 P: (6,0)->(5,0) / a2a3
 P: (6,0)->(4,0) / a2a4
 P: (6,1)->(5,1) / b2b3
 P: (6,1)->(4,1) / b2b4
 P: (6,4)->(5,4) / e2e3
 P: (6,4)->(4,4) / e2e4
 P: (6,5)->(5,5) / f2f3
 P: (6,5)->(4,5) / f2f4
 P: (6,6)->(5,6) / g2g3
 P: (6,6)->(4,6) / g2g4
 P: (6,7)->(5,7) / h2h3
 P: (6,7)->(4,7) / h2h4
Possible moves for piece: R:
 R: (7,0)->(7,1) / a1b1
Possible moves for piece: N:
 N: (5,2)->(7,1) / c3b1
 N: (5,2)->(3,3) / c3d5
 N: (5,2)->(3,1) / c3b5
 N: (5,2)->(4,4) / c3e4
 N: (5,2)->(4,0) / c3a4
 N: (7,6)->(5,7) / g1h3
 N: (7,6)->(5,5) / g1f3
Possible moves for piece: B:
 B: (7,2)->(6,3) / c1d2
 B: (7,2)->(5,4) / c1e3
 B: (7,2)->(4,5) / c1f4
 B: (7,2)->(3,6) / c1g5
 B: (7,2)->(2,7) / c1h6
Possible moves for piece: Q:
 Q: (7,3)->(6,3) / d1d2
 Q: (7,3)->(5,3) / d1d3
Possible moves for piece: K:
 K: (7,4)->(6,3) / e1d2

------------------------------Filtered Search Space--------------------------------------------
Possible moves for piece: P:
 P: (4,3)->(3,3) / d4d5
 P: (4,3)->(3,4) / d4e5
 P: (6,0)->(5,0) / a2a3
 P: (6,0)->(4,0) / a2a4
 P: (6,1)->(5,1) / b2b3
 P: (6,1)->(4,1) / b2b4
 P: (6,4)->(5,4) / e2e3
 P: (6,4)->(4,4) / e2e4
 P: (6,5)->(5,5) / f2f3
 P: (6,5)->(4,5) / f2f4
 P: (6,6)->(5,6) / g2g3
 P: (6,6)->(4,6) / g2g4
 P: (6,7)->(5,7) / h2h3
 P: (6,7)->(4,7) / h2h4
Possible moves for piece: R:
 R: (7,0)->(7,1) / a1b1
Possible moves for piece: N:
 N: (5,2)->(7,1) / c3b1
 N: (5,2)->(3,3) / c3d5
 N: (5,2)->(3,1) / c3b5
 N: (5,2)->(4,4) / c3e4
 N: (5,2)->(4,0) / c3a4
 N: (7,6)->(5,7) / g1h3
 N: (7,6)->(5,5) / g1f3
Possible moves for piece: B:
 B: (7,2)->(6,3) / c1d2
 B: (7,2)->(5,4) / c1e3
 B: (7,2)->(4,5) / c1f4
 B: (7,2)->(3,6) / c1g5
 B: (7,2)->(2,7) / c1h6
Possible moves for piece: Q:
 Q: (7,3)->(6,3) / d1d2
 Q: (7,3)->(5,3) / d1d3
Possible moves for piece: K:
 K: (7,4)->(6,3) / e1d2

--------------------------------Info on Attacks---------------------------------------------------
Squares attacked by Black pieces:
(1,4) (1,7) (2,0) (2,1) (2,2) (2,3) (2,4) (2,5) (2,6) (2,7) (3,2) (3,6) (4,1) (4,3) (4,5) (4,6) (4,7) (5,0) 

-------------------------------Squares controlled by the enemy------------------------------------
* * * * * * * * 
* * * * X * * X 
X X X X X X X X 
* * X * * * X * 
* X * X * X X X 
X * * * * * * * 
* * * * * * * * 
* * * * * * * * 

------------------------------Check Information---------------------------------------------------
White King located at: (7,4)
White King is safe, no check at this position.

------------------------------Special Move Information-------------------------------------------
No en passant allowed right now
------------------------------Castling Rights Information-------------------------------------------
White Kingside Castle:  AVAILABLE
White Queenside Castle: AVAILABLE
Black Kingside Castle:  AVAILABLE
Black Queenside Castle: AVAILABLE
---------------------------------------------------------------------------------------------------

========== CAPTURE EXPLORATION ==========
[0] P x p | Potential loss: NO | Score: 100
========================================

========== CHECK EXPLORATION ==========
(no checks found)
======================================
--------------------------------------------------------------------------------------------------
Chosen Move: (4,3) --> (3,4)
 / d4e5

r n b q k b n r 
p p p p * p p * 
* * * * * * * * 
* * * * P * * p 
* * * * * * * * 
* * N * * * * * 
P P P * P P P P 
R * B Q K B N R 

[32;1m[Game] [0mPlayer's error code: 0
[32;1m[Game] [0mChecking move validity...
[32;1m[Board] [0mInitializing board (size: 8)...
[32;1m[Board] [0m32 piece(s) on board.
[32;1m[Board] [0mLoading history file `stats/White/game-16/history.csv`...
[32;1m[Board] [0mLoaded 4 move(s).
[32;1m[Board] [0mHistory replayed, 32 piece(s) on board.
[32;1m[Board] [0mLoading move file `stats/White/game-16/move.csv`...
[32;1m[Board] [0mWhite player is playing d4 to e5.
[32;1m[Board] [0m[5;1mWhite Pawn is taking Black Pawn.[0m
[32;1m[Board] [0m
[32;1m[Board] [0m     a b c d e f g h
[32;1m[Board] [0m   -------------------
[32;1m[Board] [0m 8 ||[30;1mr[0m|[30;1mk[0m|[30;1mb[0m|[30;1mQ[0m|[30;1mK[0m|[30;1mb[0m|[30;1mk[0m|[30;1mr[0m|| 8
[32;1m[Board] [0m   -------------------
[32;1m[Board] [0m 7 ||[30;1mp[0m|[30;1mp[0m|[30;1mp[0m|[30;1mp[0m| |[30;1mp[0m|[30;1mp[0m|[7;1m [0m|| 7
[32;1m[Board] [0m   -------------------
[32;1m[Board] [0m 6 ||[7;1m [0m| |[7;1m [0m| |[7;1m [0m| |[7;1m [0m| || 6
[32;1m[Board] [0m   -------------------
[32;1m[Board] [0m 5 || |[7;1m [0m| |[7;1m [0m|[0;1mp[0m|[7;1m [0m| |[30;1mp[0m|| 5
[32;1m[Board] [0m   -------------------
[32;1m[Board] [0m 4 ||[7;1m [0m| |[7;1m [0m| |[7;1m [0m| |[7;1m [0m| || 4
[32;1m[Board] [0m   -------------------
[32;1m[Board] [0m 3 || |[7;1m [0m|[0;1mk[0m|[7;1m [0m| |[7;1m [0m| |[7;1m [0m|| 3
[32;1m[Board] [0m   -------------------
[32;1m[Board] [0m 2 ||[0;1mp[0m|[0;1mp[0m|[0;1mp[0m| |[0;1mp[0m|[0;1mp[0m|[0;1mp[0m|[0;1mp[0m|| 2
[32;1m[Board] [0m   -------------------
[32;1m[Board] [0m 1 ||[0;1mr[0m|[7;1m [0m|[0;1mb[0m|[0;1mQ[0m|[0;1mK[0m|[0;1mb[0m|[0;1mk[0m|[0;1mr[0m|| 1
[32;1m[Board] [0m   -------------------
[32;1m[Board] [0m     a b c d e f g h
[32;1m[Board] [0m
[32;1m[Referee] [0mThis is the turn of the Black player...
[32;1m[Board] [0mInitializing board (size: 8)...
[32;1m[Board] [0m32 piece(s) on board.
[32;1m[Board] [0mLoading history file `stats/White/game-16/history.csv`...
[32;1m[Board] [0mLoaded 5 move(s).
[32;1m[Board] [0mHistory replayed, 31 piece(s) on board.
[32;1m[RandomPlayer] [0mComputing possible moves...
[32;1m[RandomPlayer] [0m30 possible move(s)
[32;1m[RandomPlayer] [0mPlaying random move 24 out of 30
[32;1m[Game] [0mPlayer's error code: 0
[32;1m[Game] [0mChecking move validity...
[32;1m[Board] [0mInitializing board (size: 8)...
[32;1m[Board] [0m32 piece(s) on board.
[32;1m[Board] [0mLoading history file `stats/White/game-16/history.csv`...
[32;1m[Board] [0mLoaded 5 move(s).
[32;1m[Board] [0mHistory replayed, 31 piece(s) on board.
[32;1m[Board] [0mLoading move file `stats/White/game-16/move.csv`...
[32;1m[Board] [0mBlack player is playing f8 to a3.
[32;1m[Board] [0m
[32;1m[Board] [0m     a b c d e f g h
[32;1m[Board] [0m   -------------------
[32;1m[Board] [0m 8 ||[30;1mr[0m|[30;1mk[0m|[30;1mb[0m|[30;1mQ[0m|[30;1mK[0m| |[30;1mk[0m|[30;1mr[0m|| 8
[32;1m[Board] [0m   -------------------
[32;1m[Board] [0m 7 ||[30;1mp[0m|[30;1mp[0m|[30;1mp[0m|[30;1mp[0m| |[30;1mp[0m|[30;1mp[0m|[7;1m [0m|| 7
[32;1m[Board] [0m   -------------------
[32;1m[Board] [0m 6 ||[7;1m [0m| |[7;1m [0m| |[7;1m [0m| |[7;1m [0m| || 6
[32;1m[Board] [0m   -------------------
[32;1m[Board] [0m 5 || |[7;1m [0m| |[7;1m [0m|[0;1mp[0m|[7;1m [0m| |[30;1mp[0m|| 5
[32;1m[Board] [0m   -------------------
[32;1m[Board] [0m 4 ||[7;1m [0m| |[7;1m [0m| |[7;1m [0m| |[7;1m [0m| || 4
[32;1m[Board] [0m   -------------------
[32;1m[Board] [0m 3 ||[30;1mb[0m|[7;1m [0m|[0;1mk[0m|[7;1m [0m| |[7;1m [0m| |[7;1m [0m|| 3
[32;1m[Board] [0m   -------------------
[32;1m[Board] [0m 2 ||[0;1mp[0m|[0;1mp[0m|[0;1mp[0m| |[0;1mp[0m|[0;1mp[0m|[0;1mp[0m|[0;1mp[0m|| 2
[32;1m[Board] [0m   -------------------
[32;1m[Board] [0m 1 ||[0;1mr[0m|[7;1m [0m|[0;1mb[0m|[0;1mQ[0m|[0;1mK[0m|[0;1mb[0m|[0;1mk[0m|[0;1mr[0m|| 1
[32;1m[Board] [0m   -------------------
[32;1m[Board] [0m     a b c d e f g h
[32;1m[Board] [0m
[32;1m[Referee] [0mThis is the turn of the White player...
Inputed Board
Currently playing: White

------------------------------Current Search Space--------------------------------------------
Possible moves for piece: P:
 P: (3,4)->(2,4) / e5e6
 P: (6,1)->(5,1) / b2b3
 P: (6,1)->(4,1) / b2b4
 P: (6,1)->(5,0) / b2a3
 P: (6,4)->(5,4) / e2e3
 P: (6,4)->(4,4) / e2e4
 P: (6,5)->(5,5) / f2f3
 P: (6,5)->(4,5) / f2f4
 P: (6,6)->(5,6) / g2g3
 P: (6,6)->(4,6) / g2g4
 P: (6,7)->(5,7) / h2h3
 P: (6,7)->(4,7) / h2h4
Possible moves for piece: R:
 R: (7,0)->(7,1) / a1b1
Possible moves for piece: N:
 N: (5,2)->(7,1) / c3b1
 N: (5,2)->(3,3) / c3d5
 N: (5,2)->(3,1) / c3b5
 N: (5,2)->(4,4) / c3e4
 N: (5,2)->(4,0) / c3a4
 N: (7,6)->(5,7) / g1h3
 N: (7,6)->(5,5) / g1f3
Possible moves for piece: B:
 B: (7,2)->(6,3) / c1d2
 B: (7,2)->(5,4) / c1e3
 B: (7,2)->(4,5) / c1f4
 B: (7,2)->(3,6) / c1g5
 B: (7,2)->(2,7) / c1h6
Possible moves for piece: Q:
 Q: (7,3)->(6,3) / d1d2
 Q: (7,3)->(5,3) / d1d3
 Q: (7,3)->(4,3) / d1d4
 Q: (7,3)->(3,3) / d1d5
 Q: (7,3)->(2,3) / d1d6
 Q: (7,3)->(1,3) / d1d7
Possible moves for piece: K:
 K: (7,4)->(6,3) / e1d2

------------------------------Filtered Search Space--------------------------------------------
Possible moves for piece: P:
 P: (3,4)->(2,4) / e5e6
 P: (6,1)->(5,1) / b2b3
 P: (6,1)->(4,1) / b2b4
 P: (6,1)->(5,0) / b2a3
 P: (6,4)->(5,4) / e2e3
 P: (6,4)->(4,4) / e2e4
 P: (6,5)->(5,5) / f2f3
 P: (6,5)->(4,5) / f2f4
 P: (6,6)->(5,6) / g2g3
 P: (6,6)->(4,6) / g2g4
 P: (6,7)->(5,7) / h2h3
 P: (6,7)->(4,7) / h2h4
Possible moves for piece: R:
 R: (7,0)->(7,1) / a1b1
Possible moves for piece: N:
 N: (5,2)->(7,1) / c3b1
 N: (5,2)->(3,3) / c3d5
 N: (5,2)->(3,1) / c3b5
 N: (5,2)->(4,4) / c3e4
 N: (5,2)->(4,0) / c3a4
 N: (7,6)->(5,7) / g1h3
 N: (7,6)->(5,5) / g1f3
Possible moves for piece: B:
 B: (7,2)->(6,3) / c1d2
 B: (7,2)->(5,4) / c1e3
 B: (7,2)->(4,5) / c1f4
 B: (7,2)->(3,6) / c1g5
 B: (7,2)->(2,7) / c1h6
Possible moves for piece: Q:
 Q: (7,3)->(6,3) / d1d2
 Q: (7,3)->(5,3) / d1d3
 Q: (7,3)->(4,3) / d1d4
 Q: (7,3)->(3,3) / d1d5
 Q: (7,3)->(2,3) / d1d6
 Q: (7,3)->(1,3) / d1d7
Possible moves for piece: K:
 K: (7,4)->(6,3) / e1d2

--------------------------------Info on Attacks---------------------------------------------------
Squares attacked by Black pieces:
(0,5) (1,4) (1,7) (2,0) (2,1) (2,2) (2,3) (2,4) (2,5) (2,6) (2,7) (3,2) (3,6) (4,1) (4,6) (4,7) (6,1) 

-------------------------------Squares controlled by the enemy------------------------------------
* * * * * X * * 
* * * * X * * X 
X X X X X X X X 
* * X * * * X * 
* X * * * * X X 
* * * * * * * * 
* X * * * * * * 
* * * * * * * * 

------------------------------Check Information---------------------------------------------------
White King located at: (7,4)
White King is safe, no check at this position.

------------------------------Special Move Information-------------------------------------------
No en passant allowed right now
------------------------------Castling Rights Information-------------------------------------------
White Kingside Castle:  AVAILABLE
White Queenside Castle: AVAILABLE
Black Kingside Castle:  AVAILABLE
Black Queenside Castle: AVAILABLE
---------------------------------------------------------------------------------------------------

========== CAPTURE EXPLORATION ==========
[0] P x b | Potential loss: NO | Score: 330
[1] Q x p | Potential loss: NO | Score: 100
========================================

========== CHECK EXPLORATION ==========
[0] Candidate: Q -> (7,3) -> (1,3) x p | Checking move: Q (7,3) -> (1,3)Checkmate: NO
======================================
--------------------------------------------------------------------------------------------------
Chosen Move: (6,1) --> (5,0)
 / b2a3

r n b q k * n r 
p p p p * p p * 
* * * * * * * * 
* * * * P * * p 
* * * * * * * * 
P * N * * * * * 
P * P * P P P P 
R * B Q K B N R 

[32;1m[Game] [0mPlayer's error code: 0
[32;1m[Game] [0mChecking move validity...
[32;1m[Board] [0mInitializing board (size: 8)...
[32;1m[Board] [0m32 piece(s) on board.
[32;1m[Board] [0mLoading history file `stats/White/game-16/history.csv`...
[32;1m[Board] [0mLoaded 6 move(s).
[32;1m[Board] [0mHistory replayed, 31 piece(s) on board.
[32;1m[Board] [0mLoading move file `stats/White/game-16/move.csv`...
[32;1m[Board] [0mWhite player is playing b2 to a3.
[32;1m[Board] [0m[5;1mWhite Pawn is taking Black Bishop.[0m
[32;1m[Board] [0m
[32;1m[Board] [0m     a b c d e f g h
[32;1m[Board] [0m   -------------------
[32;1m[Board] [0m 8 ||[30;1mr[0m|[30;1mk[0m|[30;1mb[0m|[30;1mQ[0m|[30;1mK[0m| |[30;1mk[0m|[30;1mr[0m|| 8
[32;1m[Board] [0m   -------------------
[32;1m[Board] [0m 7 ||[30;1mp[0m|[30;1mp[0m|[30;1mp[0m|[30;1mp[0m| |[30;1mp[0m|[30;1mp[0m|[7;1m [0m|| 7
[32;1m[Board] [0m   -------------------
[32;1m[Board] [0m 6 ||[7;1m [0m| |[7;1m [0m| |[7;1m [0m| |[7;1m [0m| || 6
[32;1m[Board] [0m   -------------------
[32;1m[Board] [0m 5 || |[7;1m [0m| |[7;1m [0m|[0;1mp[0m|[7;1m [0m| |[30;1mp[0m|| 5
[32;1m[Board] [0m   -------------------
[32;1m[Board] [0m 4 ||[7;1m [0m| |[7;1m [0m| |[7;1m [0m| |[7;1m [0m| || 4
[32;1m[Board] [0m   -------------------
[32;1m[Board] [0m 3 ||[0;1mp[0m|[7;1m [0m|[0;1mk[0m|[7;1m [0m| |[7;1m [0m| |[7;1m [0m|| 3
[32;1m[Board] [0m   -------------------
[32;1m[Board] [0m 2 ||[0;1mp[0m| |[0;1mp[0m| |[0;1mp[0m|[0;1mp[0m|[0;1mp[0m|[0;1mp[0m|| 2
[32;1m[Board] [0m   -------------------
[32;1m[Board] [0m 1 ||[0;1mr[0m|[7;1m [0m|[0;1mb[0m|[0;1mQ[0m|[0;1mK[0m|[0;1mb[0m|[0;1mk[0m|[0;1mr[0m|| 1
[32;1m[Board] [0m   -------------------
[32;1m[Board] [0m     a b c d e f g h
[32;1m[Board] [0m
[32;1m[Referee] [0mThis is the turn of the Black player...
[32;1m[Board] [0mInitializing board (size: 8)...
[32;1m[Board] [0m32 piece(s) on board.
[32;1m[Board] [0mLoading history file `stats/White/game-16/history.csv`...
[32;1m[Board] [0mLoaded 7 move(s).
[32;1m[Board] [0mHistory replayed, 30 piece(s) on board.
[32;1m[RandomPlayer] [0mComputing possible moves...
[32;1m[RandomPlayer] [0m26 possible move(s)
[32;1m[RandomPlayer] [0mPlaying random move 10 out of 26
[32;1m[Game] [0mPlayer's error code: 0
[32;1m[Game] [0mChecking move validity...
[32;1m[Board] [0mInitializing board (size: 8)...
[32;1m[Board] [0m32 piece(s) on board.
[32;1m[Board] [0mLoading history file `stats/White/game-16/history.csv`...
[32;1m[Board] [0mLoaded 7 move(s).
[32;1m[Board] [0mHistory replayed, 30 piece(s) on board.
[32;1m[Board] [0mLoading move file `stats/White/game-16/move.csv`...
[32;1m[Board] [0mBlack player is playing g7 to g6.
[32;1m[Board] [0m
[32;1m[Board] [0m     a b c d e f g h
[32;1m[Board] [0m   -------------------
[32;1m[Board] [0m 8 ||[30;1mr[0m|[30;1mk[0m|[30;1mb[0m|[30;1mQ[0m|[30;1mK[0m| |[30;1mk[0m|[30;1mr[0m|| 8
[32;1m[Board] [0m   -------------------
[32;1m[Board] [0m 7 ||[30;1mp[0m|[30;1mp[0m|[30;1mp[0m|[30;1mp[0m| |[30;1mp[0m| |[7;1m [0m|| 7
[32;1m[Board] [0m   -------------------
[32;1m[Board] [0m 6 ||[7;1m [0m| |[7;1m [0m| |[7;1m [0m| |[30;1mp[0m| || 6
[32;1m[Board] [0m   -------------------
[32;1m[Board] [0m 5 || |[7;1m [0m| |[7;1m [0m|[0;1mp[0m|[7;1m [0m| |[30;1mp[0m|| 5
[32;1m[Board] [0m   -------------------
[32;1m[Board] [0m 4 ||[7;1m [0m| |[7;1m [0m| |[7;1m [0m| |[7;1m [0m| || 4
[32;1m[Board] [0m   -------------------
[32;1m[Board] [0m 3 ||[0;1mp[0m|[7;1m [0m|[0;1mk[0m|[7;1m [0m| |[7;1m [0m| |[7;1m [0m|| 3
[32;1m[Board] [0m   -------------------
[32;1m[Board] [0m 2 ||[0;1mp[0m| |[0;1mp[0m| |[0;1mp[0m|[0;1mp[0m|[0;1mp[0m|[0;1mp[0m|| 2
[32;1m[Board] [0m   -------------------
[32;1m[Board] [0m 1 ||[0;1mr[0m|[7;1m [0m|[0;1mb[0m|[0;1mQ[0m|[0;1mK[0m|[0;1mb[0m|[0;1mk[0m|[0;1mr[0m|| 1
[32;1m[Board] [0m   -------------------
[32;1m[Board] [0m     a b c d e f g h
[32;1m[Board] [0m
[32;1m[Referee] [0mThis is the turn of the White player...
Inputed Board
Currently playing: White

------------------------------Current Search Space--------------------------------------------
Possible moves for piece: P:
 P: (3,4)->(2,4) / e5e6
 P: (5,0)->(4,0) / a3a4
 P: (6,4)->(5,4) / e2e3
 P: (6,4)->(4,4) / e2e4
 P: (6,5)->(5,5) / f2f3
 P: (6,5)->(4,5) / f2f4
 P: (6,6)->(5,6) / g2g3
 P: (6,6)->(4,6) / g2g4
 P: (6,7)->(5,7) / h2h3
 P: (6,7)->(4,7) / h2h4
Possible moves for piece: R:
 R: (7,0)->(7,1) / a1b1
Possible moves for piece: N:
 N: (5,2)->(7,1) / c3b1
 N: (5,2)->(3,3) / c3d5
 N: (5,2)->(3,1) / c3b5
 N: (5,2)->(4,4) / c3e4
 N: (5,2)->(4,0) / c3a4
 N: (7,6)->(5,7) / g1h3
 N: (7,6)->(5,5) / g1f3
Possible moves for piece: B:
 B: (7,2)->(6,1) / c1b2
 B: (7,2)->(6,3) / c1d2
 B: (7,2)->(5,4) / c1e3
 B: (7,2)->(4,5) / c1f4
 B: (7,2)->(3,6) / c1g5
 B: (7,2)->(2,7) / c1h6
Possible moves for piece: Q:
 Q: (7,3)->(6,3) / d1d2
 Q: (7,3)->(5,3) / d1d3
 Q: (7,3)->(4,3) / d1d4
 Q: (7,3)->(3,3) / d1d5
 Q: (7,3)->(2,3) / d1d6
 Q: (7,3)->(1,3) / d1d7
Possible moves for piece: K:
 K: (7,4)->(6,3) / e1d2

------------------------------Filtered Search Space--------------------------------------------
Possible moves for piece: P:
 P: (3,4)->(2,4) / e5e6
 P: (5,0)->(4,0) / a3a4
 P: (6,4)->(5,4) / e2e3
 P: (6,4)->(4,4) / e2e4
 P: (6,5)->(5,5) / f2f3
 P: (6,5)->(4,5) / f2f4
 P: (6,6)->(5,6) / g2g3
 P: (6,6)->(4,6) / g2g4
 P: (6,7)->(5,7) / h2h3
 P: (6,7)->(4,7) / h2h4
Possible moves for piece: R:
 R: (7,0)->(7,1) / a1b1
Possible moves for piece: N:
 N: (5,2)->(7,1) / c3b1
 N: (5,2)->(3,3) / c3d5
 N: (5,2)->(3,1) / c3b5
 N: (5,2)->(4,4) / c3e4
 N: (5,2)->(4,0) / c3a4
 N: (7,6)->(5,7) / g1h3
 N: (7,6)->(5,5) / g1f3
Possible moves for piece: B:
 B: (7,2)->(6,1) / c1b2
 B: (7,2)->(6,3) / c1d2
 B: (7,2)->(5,4) / c1e3
 B: (7,2)->(4,5) / c1f4
 B: (7,2)->(3,6) / c1g5
 B: (7,2)->(2,7) / c1h6
Possible moves for piece: Q:
 Q: (7,3)->(6,3) / d1d2
 Q: (7,3)->(5,3) / d1d3
 Q: (7,3)->(4,3) / d1d4
 Q: (7,3)->(3,3) / d1d5
 Q: (7,3)->(2,3) / d1d6
 Q: (7,3)->(1,3) / d1d7
Possible moves for piece: K:
 K: (7,4)->(6,3) / e1d2

--------------------------------Info on Attacks---------------------------------------------------
Squares attacked by Black pieces:
(0,5) (1,4) (1,7) (2,0) (2,1) (2,2) (2,3) (2,4) (2,5) (2,7) (3,5) (3,6) (4,6) (4,7) 

-------------------------------Squares controlled by the enemy------------------------------------
* * * * * X * * 
* * * * X * * X 
X X X X X X * X 
* * * * * X X * 
* * * * * * X X 
* * * * * * * * 
* * * * * * * * 
* * * * * * * * 

------------------------------Check Information---------------------------------------------------
White King located at: (7,4)
White King is safe, no check at this position.

------------------------------Special Move Information-------------------------------------------
No en passant allowed right now
------------------------------Castling Rights Information-------------------------------------------
White Kingside Castle:  AVAILABLE
White Queenside Castle: AVAILABLE
Black Kingside Castle:  AVAILABLE
Black Queenside Castle: AVAILABLE
---------------------------------------------------------------------------------------------------

========== CAPTURE EXPLORATION ==========
[0] Q x p | Potential loss: NO | Score: 100
========================================

========== CHECK EXPLORATION ==========
[0] Candidate: Q -> (7,3) -> (1,3) x p | Checking move: Q (7,3) -> (1,3)Checkmate: NO
======================================
--------------------------------------------------------------------------------------------------
Chosen Move: (6,4) --> (4,4)
 / e2e4

r n b q k * n r 
p p p p * p * * 
* * * * * * p * 
* * * * P * * p 
* * * * P * * * 
P * N * * * * * 
P * P * * P P P 
R * B Q K B N R 

[32;1m[Game] [0mPlayer's error code: 0
[32;1m[Game] [0mChecking move validity...
[32;1m[Board] [0mInitializing board (size: 8)...
[32;1m[Board] [0m32 piece(s) on board.
[32;1m[Board] [0mLoading history file `stats/White/game-16/history.csv`...
[32;1m[Board] [0mLoaded 8 move(s).
[32;1m[Board] [0mHistory replayed, 30 piece(s) on board.
[32;1m[Board] [0mLoading move file `stats/White/game-16/move.csv`...
[32;1m[Board] [0mWhite player is playing e2 to e4.
[32;1m[Board] [0m
[32;1m[Board] [0m     a b c d e f g h
[32;1m[Board] [0m   -------------------
[32;1m[Board] [0m 8 ||[30;1mr[0m|[30;1mk[0m|[30;1mb[0m|[30;1mQ[0m|[30;1mK[0m| |[30;1mk[0m|[30;1mr[0m|| 8
[32;1m[Board] [0m   -------------------
[32;1m[Board] [0m 7 ||[30;1mp[0m|[30;1mp[0m|[30;1mp[0m|[30;1mp[0m| |[30;1mp[0m| |[7;1m [0m|| 7
[32;1m[Board] [0m   -------------------
[32;1m[Board] [0m 6 ||[7;1m [0m| |[7;1m [0m| |[7;1m [0m| |[30;1mp[0m| || 6
[32;1m[Board] [0m   -------------------
[32;1m[Board] [0m 5 || |[7;1m [0m| |[7;1m [0m|[0;1mp[0m|[7;1m [0m| |[30;1mp[0m|| 5
[32;1m[Board] [0m   -------------------
[32;1m[Board] [0m 4 ||[7;1m [0m| |[7;1m [0m| |[0;1mp[0m| |[7;1m [0m| || 4
[32;1m[Board] [0m   -------------------
[32;1m[Board] [0m 3 ||[0;1mp[0m|[7;1m [0m|[0;1mk[0m|[7;1m [0m| |[7;1m [0m| |[7;1m [0m|| 3
[32;1m[Board] [0m   -------------------
[32;1m[Board] [0m 2 ||[0;1mp[0m| |[0;1mp[0m| |[7;1m [0m|[0;1mp[0m|[0;1mp[0m|[0;1mp[0m|| 2
[32;1m[Board] [0m   -------------------
[32;1m[Board] [0m 1 ||[0;1mr[0m|[7;1m [0m|[0;1mb[0m|[0;1mQ[0m|[0;1mK[0m|[0;1mb[0m|[0;1mk[0m|[0;1mr[0m|| 1
[32;1m[Board] [0m   -------------------
[32;1m[Board] [0m     a b c d e f g h
[32;1m[Board] [0m
[32;1m[Referee] [0mThis is the turn of the Black player...
[32;1m[Board] [0mInitializing board (size: 8)...
[32;1m[Board] [0m32 piece(s) on board.
[32;1m[Board] [0mLoading history file `stats/White/game-16/history.csv`...
[32;1m[Board] [0mLoaded 9 move(s).
[32;1m[Board] [0mHistory replayed, 30 piece(s) on board.
[32;1m[RandomPlayer] [0mComputing possible moves...
[32;1m[RandomPlayer] [0m25 possible move(s)
[32;1m[RandomPlayer] [0mPlaying random move 11 out of 25
[32;1m[Game] [0mPlayer's error code: 0
[32;1m[Game] [0mChecking move validity...
[32;1m[Board] [0mInitializing board (size: 8)...
[32;1m[Board] [0m32 piece(s) on board.
[32;1m[Board] [0mLoading history file `stats/White/game-16/history.csv`...
[32;1m[Board] [0mLoaded 9 move(s).
[32;1m[Board] [0mHistory replayed, 30 piece(s) on board.
[32;1m[Board] [0mLoading move file `stats/White/game-16/move.csv`...
[32;1m[Board] [0mBlack player is playing h5 to h4.
[32;1m[Board] [0m
[32;1m[Board] [0m     a b c d e f g h
[32;1m[Board] [0m   -------------------
[32;1m[Board] [0m 8 ||[30;1mr[0m|[30;1mk[0m|[30;1mb[0m|[30;1mQ[0m|[30;1mK[0m| |[30;1mk[0m|[30;1mr[0m|| 8
[32;1m[Board] [0m   -------------------
[32;1m[Board] [0m 7 ||[30;1mp[0m|[30;1mp[0m|[30;1mp[0m|[30;1mp[0m| |[30;1mp[0m| |[7;1m [0m|| 7
[32;1m[Board] [0m   -------------------
[32;1m[Board] [0m 6 ||[7;1m [0m| |[7;1m [0m| |[7;1m [0m| |[30;1mp[0m| || 6
[32;1m[Board] [0m   -------------------
[32;1m[Board] [0m 5 || |[7;1m [0m| |[7;1m [0m|[0;1mp[0m|[7;1m [0m| |[7;1m [0m|| 5
[32;1m[Board] [0m   -------------------
[32;1m[Board] [0m 4 ||[7;1m [0m| |[7;1m [0m| |[0;1mp[0m| |[7;1m [0m|[30;1mp[0m|| 4
[32;1m[Board] [0m   -------------------
[32;1m[Board] [0m 3 ||[0;1mp[0m|[7;1m [0m|[0;1mk[0m|[7;1m [0m| |[7;1m [0m| |[7;1m [0m|| 3
[32;1m[Board] [0m   -------------------
[32;1m[Board] [0m 2 ||[0;1mp[0m| |[0;1mp[0m| |[7;1m [0m|[0;1mp[0m|[0;1mp[0m|[0;1mp[0m|| 2
[32;1m[Board] [0m   -------------------
[32;1m[Board] [0m 1 ||[0;1mr[0m|[7;1m [0m|[0;1mb[0m|[0;1mQ[0m|[0;1mK[0m|[0;1mb[0m|[0;1mk[0m|[0;1mr[0m|| 1
[32;1m[Board] [0m   -------------------
[32;1m[Board] [0m     a b c d e f g h
[32;1m[Board] [0m
[32;1m[Referee] [0mThis is the turn of the White player...
Inputed Board
Currently playing: White

------------------------------Current Search Space--------------------------------------------
Possible moves for piece: P:
 P: (3,4)->(2,4) / e5e6
 P: (5,0)->(4,0) / a3a4
 P: (6,5)->(5,5) / f2f3
 P: (6,5)->(4,5) / f2f4
 P: (6,6)->(5,6) / g2g3
 P: (6,6)->(4,6) / g2g4
 P: (6,7)->(5,7) / h2h3
Possible moves for piece: R:
 R: (7,0)->(7,1) / a1b1
Possible moves for piece: N:
 N: (5,2)->(7,1) / c3b1
 N: (5,2)->(3,3) / c3d5
 N: (5,2)->(3,1) / c3b5
 N: (5,2)->(6,4) / c3e2
 N: (5,2)->(4,0) / c3a4
 N: (7,6)->(5,7) / g1h3
 N: (7,6)->(5,5) / g1f3
 N: (7,6)->(6,4) / g1e2
Possible moves for piece: B:
 B: (7,2)->(6,1) / c1b2
 B: (7,2)->(6,3) / c1d2
 B: (7,2)->(5,4) / c1e3
 B: (7,2)->(4,5) / c1f4
 B: (7,2)->(3,6) / c1g5
 B: (7,2)->(2,7) / c1h6
 B: (7,5)->(6,4) / f1e2
 B: (7,5)->(5,3) / f1d3
 B: (7,5)->(4,2) / f1c4
 B: (7,5)->(3,1) / f1b5
 B: (7,5)->(2,0) / f1a6
Possible moves for piece: Q:
 Q: (7,3)->(6,3) / d1d2
 Q: (7,3)->(5,3) / d1d3
 Q: (7,3)->(4,3) / d1d4
 Q: (7,3)->(3,3) / d1d5
 Q: (7,3)->(2,3) / d1d6
 Q: (7,3)->(1,3) / d1d7
 Q: (7,3)->(6,4) / d1e2
 Q: (7,3)->(5,5) / d1f3
 Q: (7,3)->(4,6) / d1g4
 Q: (7,3)->(3,7) / d1h5
Possible moves for piece: K:
 K: (7,4)->(6,4) / e1e2
 K: (7,4)->(6,3) / e1d2

------------------------------Filtered Search Space--------------------------------------------
Possible moves for piece: P:
 P: (3,4)->(2,4) / e5e6
 P: (5,0)->(4,0) / a3a4
 P: (6,5)->(5,5) / f2f3
 P: (6,5)->(4,5) / f2f4
 P: (6,6)->(5,6) / g2g3
 P: (6,6)->(4,6) / g2g4
 P: (6,7)->(5,7) / h2h3
Possible moves for piece: R:
 R: (7,0)->(7,1) / a1b1
Possible moves for piece: N:
 N: (5,2)->(7,1) / c3b1
 N: (5,2)->(3,3) / c3d5
 N: (5,2)->(3,1) / c3b5
 N: (5,2)->(6,4) / c3e2
 N: (5,2)->(4,0) / c3a4
 N: (7,6)->(5,7) / g1h3
 N: (7,6)->(5,5) / g1f3
 N: (7,6)->(6,4) / g1e2
Possible moves for piece: B:
 B: (7,2)->(6,1) / c1b2
 B: (7,2)->(6,3) / c1d2
 B: (7,2)->(5,4) / c1e3
 B: (7,2)->(4,5) / c1f4
 B: (7,2)->(3,6) / c1g5
 B: (7,2)->(2,7) / c1h6
 B: (7,5)->(6,4) / f1e2
 B: (7,5)->(5,3) / f1d3
 B: (7,5)->(4,2) / f1c4
 B: (7,5)->(3,1) / f1b5
 B: (7,5)->(2,0) / f1a6
Possible moves for piece: Q:
 Q: (7,3)->(6,3) / d1d2
 Q: (7,3)->(5,3) / d1d3
 Q: (7,3)->(4,3) / d1d4
 Q: (7,3)->(3,3) / d1d5
 Q: (7,3)->(2,3) / d1d6
 Q: (7,3)->(1,3) / d1d7
 Q: (7,3)->(6,4) / d1e2
 Q: (7,3)->(5,5) / d1f3
 Q: (7,3)->(4,6) / d1g4
 Q: (7,3)->(3,7) / d1h5
Possible moves for piece: K:
 K: (7,4)->(6,4) / e1e2
 K: (7,4)->(6,3) / e1d2

--------------------------------Info on Attacks---------------------------------------------------
Squares attacked by Black pieces:
(0,5) (1,4) (1,7) (2,0) (2,1) (2,2) (2,3) (2,4) (2,5) (2,7) (3,5) (3,6) (3,7) (5,6) 

-------------------------------Squares controlled by the enemy------------------------------------
* * * * * X * * 
* * * * X * * X 
X X X X X X * X 
* * * * * X X X 
* * * * * * * * 
* * * * * * X * 
* * * * * * * * 
* * * * * * * * 

------------------------------Check Information---------------------------------------------------
White King located at: (7,4)
White King is safe, no check at this position.

------------------------------Special Move Information-------------------------------------------
No en passant allowed right now
------------------------------Castling Rights Information-------------------------------------------
White Kingside Castle:  AVAILABLE
White Queenside Castle: AVAILABLE
Black Kingside Castle:  AVAILABLE
Black Queenside Castle: AVAILABLE
---------------------------------------------------------------------------------------------------

========== CAPTURE EXPLORATION ==========
[0] Q x p | Potential loss: NO | Score: 100
========================================

========== CHECK EXPLORATION ==========
[0] Candidate: Q -> (7,3) -> (1,3) x p | Checking move: Q (7,3) -> (1,3)Checkmate: NO
======================================
--------------------------------------------------------------------------------------------------
Chosen Move: (7,5) --> (5,3)
 / f1d3

r n b q k * n r 
p p p p * p * * 
* * * * * * p * 
* * * * P * * * 
* * * * P * * p 
P * N B * * * * 
P * P * * P P P 
R * B Q K * N R 

[32;1m[Game] [0mPlayer's error code: 0
[32;1m[Game] [0mChecking move validity...
[32;1m[Board] [0mInitializing board (size: 8)...
[32;1m[Board] [0m32 piece(s) on board.
[32;1m[Board] [0mLoading history file `stats/White/game-16/history.csv`...
[32;1m[Board] [0mLoaded 10 move(s).
[32;1m[Board] [0mHistory replayed, 30 piece(s) on board.
[32;1m[Board] [0mLoading move file `stats/White/game-16/move.csv`...
[32;1m[Board] [0mWhite player is playing f1 to d3.
[32;1m[Board] [0m
[32;1m[Board] [0m     a b c d e f g h
[32;1m[Board] [0m   -------------------
[32;1m[Board] [0m 8 ||[30;1mr[0m|[30;1mk[0m|[30;1mb[0m|[30;1mQ[0m|[30;1mK[0m| |[30;1mk[0m|[30;1mr[0m|| 8
[32;1m[Board] [0m   -------------------
[32;1m[Board] [0m 7 ||[30;1mp[0m|[30;1mp[0m|[30;1mp[0m|[30;1mp[0m| |[30;1mp[0m| |[7;1m [0m|| 7
[32;1m[Board] [0m   -------------------
[32;1m[Board] [0m 6 ||[7;1m [0m| |[7;1m [0m| |[7;1m [0m| |[30;1mp[0m| || 6
[32;1m[Board] [0m   -------------------
[32;1m[Board] [0m 5 || |[7;1m [0m| |[7;1m [0m|[0;1mp[0m|[7;1m [0m| |[7;1m [0m|| 5
[32;1m[Board] [0m   -------------------
[32;1m[Board] [0m 4 ||[7;1m [0m| |[7;1m [0m| |[0;1mp[0m| |[7;1m [0m|[30;1mp[0m|| 4
[32;1m[Board] [0m   -------------------
[32;1m[Board] [0m 3 ||[0;1mp[0m|[7;1m [0m|[0;1mk[0m|[0;1mb[0m| |[7;1m [0m| |[7;1m [0m|| 3
[32;1m[Board] [0m   -------------------
[32;1m[Board] [0m 2 ||[0;1mp[0m| |[0;1mp[0m| |[7;1m [0m|[0;1mp[0m|[0;1mp[0m|[0;1mp[0m|| 2
[32;1m[Board] [0m   -------------------
[32;1m[Board] [0m 1 ||[0;1mr[0m|[7;1m [0m|[0;1mb[0m|[0;1mQ[0m|[0;1mK[0m|[7;1m [0m|[0;1mk[0m|[0;1mr[0m|| 1
[32;1m[Board] [0m   -------------------
[32;1m[Board] [0m     a b c d e f g h
[32;1m[Board] [0m
[32;1m[Referee] [0mThis is the turn of the Black player...
[32;1m[Board] [0mInitializing board (size: 8)...
[32;1m[Board] [0m32 piece(s) on board.
[32;1m[Board] [0mLoading history file `stats/White/game-16/history.csv`...
[32;1m[Board] [0mLoaded 11 move(s).
[32;1m[Board] [0mHistory replayed, 30 piece(s) on board.
[32;1m[RandomPlayer] [0mComputing possible moves...
[32;1m[RandomPlayer] [0m25 possible move(s)
[32;1m[RandomPlayer] [0mPlaying random move 3 out of 25
[32;1m[Game] [0mPlayer's error code: 0
[32;1m[Game] [0mChecking move validity...
[32;1m[Board] [0mInitializing board (size: 8)...
[32;1m[Board] [0m32 piece(s) on board.
[32;1m[Board] [0mLoading history file `stats/White/game-16/history.csv`...
[32;1m[Board] [0mLoaded 11 move(s).
[32;1m[Board] [0mHistory replayed, 30 piece(s) on board.
[32;1m[Board] [0mLoading move file `stats/White/game-16/move.csv`...
[32;1m[Board] [0mBlack player is playing b7 to b5.
[32;1m[Board] [0m
[32;1m[Board] [0m     a b c d e f g h
[32;1m[Board] [0m   -------------------
[32;1m[Board] [0m 8 ||[30;1mr[0m|[30;1mk[0m|[30;1mb[0m|[30;1mQ[0m|[30;1mK[0m| |[30;1mk[0m|[30;1mr[0m|| 8
[32;1m[Board] [0m   -------------------
[32;1m[Board] [0m 7 ||[30;1mp[0m|[7;1m [0m|[30;1mp[0m|[30;1mp[0m| |[30;1mp[0m| |[7;1m [0m|| 7
[32;1m[Board] [0m   -------------------
[32;1m[Board] [0m 6 ||[7;1m [0m| |[7;1m [0m| |[7;1m [0m| |[30;1mp[0m| || 6
[32;1m[Board] [0m   -------------------
[32;1m[Board] [0m 5 || |[30;1mp[0m| |[7;1m [0m|[0;1mp[0m|[7;1m [0m| |[7;1m [0m|| 5
[32;1m[Board] [0m   -------------------
[32;1m[Board] [0m 4 ||[7;1m [0m| |[7;1m [0m| |[0;1mp[0m| |[7;1m [0m|[30;1mp[0m|| 4
[32;1m[Board] [0m   -------------------
[32;1m[Board] [0m 3 ||[0;1mp[0m|[7;1m [0m|[0;1mk[0m|[0;1mb[0m| |[7;1m [0m| |[7;1m [0m|| 3
[32;1m[Board] [0m   -------------------
[32;1m[Board] [0m 2 ||[0;1mp[0m| |[0;1mp[0m| |[7;1m [0m|[0;1mp[0m|[0;1mp[0m|[0;1mp[0m|| 2
[32;1m[Board] [0m   -------------------
[32;1m[Board] [0m 1 ||[0;1mr[0m|[7;1m [0m|[0;1mb[0m|[0;1mQ[0m|[0;1mK[0m|[7;1m [0m|[0;1mk[0m|[0;1mr[0m|| 1
[32;1m[Board] [0m   -------------------
[32;1m[Board] [0m     a b c d e f g h
[32;1m[Board] [0m
[32;1m[Referee] [0mThis is the turn of the White player...
Inputed Board
Currently playing: White

------------------------------Current Search Space--------------------------------------------
Possible moves for piece: P:
 P: (3,4)->(2,4) / e5e6
 P: (5,0)->(4,0) / a3a4
 P: (6,5)->(5,5) / f2f3
 P: (6,5)->(4,5) / f2f4
 P: (6,6)->(5,6) / g2g3
 P: (6,6)->(4,6) / g2g4
 P: (6,7)->(5,7) / h2h3
Possible moves for piece: R:
 R: (7,0)->(7,1) / a1b1
Possible moves for piece: N:
 N: (5,2)->(7,1) / c3b1
 N: (5,2)->(3,3) / c3d5
 N: (5,2)->(3,1) / c3b5
 N: (5,2)->(6,4) / c3e2
 N: (5,2)->(4,0) / c3a4
 N: (7,6)->(5,7) / g1h3
 N: (7,6)->(5,5) / g1f3
 N: (7,6)->(6,4) / g1e2
Possible moves for piece: B:
 B: (5,3)->(4,2) / d3c4
 B: (5,3)->(3,1) / d3b5
 B: (5,3)->(6,4) / d3e2
 B: (5,3)->(7,5) / d3f1
 B: (7,2)->(6,1) / c1b2
 B: (7,2)->(6,3) / c1d2
 B: (7,2)->(5,4) / c1e3
 B: (7,2)->(4,5) / c1f4
 B: (7,2)->(3,6) / c1g5
 B: (7,2)->(2,7) / c1h6
Possible moves for piece: Q:
 Q: (7,3)->(6,3) / d1d2
 Q: (7,3)->(6,4) / d1e2
 Q: (7,3)->(5,5) / d1f3
 Q: (7,3)->(4,6) / d1g4
 Q: (7,3)->(3,7) / d1h5
Possible moves for piece: K:
 K: (7,4)->(6,4) / e1e2
 K: (7,4)->(7,5) / e1f1
 K: (7,4)->(6,3) / e1d2

------------------------------Filtered Search Space--------------------------------------------
Possible moves for piece: P:
 P: (3,4)->(2,4) / e5e6
 P: (5,0)->(4,0) / a3a4
 P: (6,5)->(5,5) / f2f3
 P: (6,5)->(4,5) / f2f4
 P: (6,6)->(5,6) / g2g3
 P: (6,6)->(4,6) / g2g4
 P: (6,7)->(5,7) / h2h3
Possible moves for piece: R:
 R: (7,0)->(7,1) / a1b1
Possible moves for piece: N:
 N: (5,2)->(7,1) / c3b1
 N: (5,2)->(3,3) / c3d5
 N: (5,2)->(3,1) / c3b5
 N: (5,2)->(6,4) / c3e2
 N: (5,2)->(4,0) / c3a4
 N: (7,6)->(5,7) / g1h3
 N: (7,6)->(5,5) / g1f3
 N: (7,6)->(6,4) / g1e2
Possible moves for piece: B:
 B: (5,3)->(4,2) / d3c4
 B: (5,3)->(3,1) / d3b5
 B: (5,3)->(6,4) / d3e2
 B: (5,3)->(7,5) / d3f1
 B: (7,2)->(6,1) / c1b2
 B: (7,2)->(6,3) / c1d2
 B: (7,2)->(5,4) / c1e3
 B: (7,2)->(4,5) / c1f4
 B: (7,2)->(3,6) / c1g5
 B: (7,2)->(2,7) / c1h6
Possible moves for piece: Q:
 Q: (7,3)->(6,3) / d1d2
 Q: (7,3)->(6,4) / d1e2
 Q: (7,3)->(5,5) / d1f3
 Q: (7,3)->(4,6) / d1g4
 Q: (7,3)->(3,7) / d1h5
Possible moves for piece: K:
 K: (7,4)->(6,4) / e1e2
 K: (7,4)->(7,5) / e1f1
 K: (7,4)->(6,3) / e1d2

--------------------------------Info on Attacks---------------------------------------------------
Squares attacked by Black pieces:
(0,5) (1,1) (1,4) (1,7) (2,0) (2,1) (2,2) (2,3) (2,4) (2,5) (2,7) (3,5) (3,6) (3,7) (4,0) (4,2) (5,6) 

-------------------------------Squares controlled by the enemy------------------------------------
* * * * * X * * 
* X * * X * * X 
X X X X X X * X 
* * * * * X X X 
X * X * * * * * 
* * * * * * X * 
* * * * * * * * 
* * * * * * * * 

------------------------------Check Information---------------------------------------------------
White King located at: (7,4)
White King is safe, no check at this position.

------------------------------Special Move Information-------------------------------------------
No en passant allowed right now
------------------------------Castling Rights Information-------------------------------------------
White Kingside Castle:  AVAILABLE
White Queenside Castle: AVAILABLE
Black Kingside Castle:  AVAILABLE
Black Queenside Castle: AVAILABLE
---------------------------------------------------------------------------------------------------

========== CAPTURE EXPLORATION ==========
[0] N x p | Potential loss: NO | Score: 100
[1] B x p | Potential loss: NO | Score: 100
========================================

========== CHECK EXPLORATION ==========
(no checks found)
======================================
--------------------------------------------------------------------------------------------------
Chosen Move: (5,2) --> (3,1)
 / c3b5

r n b q k * n r 
p * p p * p * * 
* * * * * * p * 
* N * * P * * * 
* * * * P * * p 
P * * B * * * * 
P * P * * P P P 
R * B Q K * N R 

[32;1m[Game] [0mPlayer's error code: 0
[32;1m[Game] [0mChecking move validity...
[32;1m[Board] [0mInitializing board (size: 8)...
[32;1m[Board] [0m32 piece(s) on board.
[32;1m[Board] [0mLoading history file `stats/White/game-16/history.csv`...
[32;1m[Board] [0mLoaded 12 move(s).
[32;1m[Board] [0mHistory replayed, 30 piece(s) on board.
[32;1m[Board] [0mLoading move file `stats/White/game-16/move.csv`...
[32;1m[Board] [0mWhite player is playing c3 to b5.
[32;1m[Board] [0m[5;1mWhite Knight is taking Black Pawn.[0m
[32;1m[Board] [0m
[32;1m[Board] [0m     a b c d e f g h
[32;1m[Board] [0m   -------------------
[32;1m[Board] [0m 8 ||[30;1mr[0m|[30;1mk[0m|[30;1mb[0m|[30;1mQ[0m|[30;1mK[0m| |[30;1mk[0m|[30;1mr[0m|| 8
[32;1m[Board] [0m   -------------------
[32;1m[Board] [0m 7 ||[30;1mp[0m|[7;1m [0m|[30;1mp[0m|[30;1mp[0m| |[30;1mp[0m| |[7;1m [0m|| 7
[32;1m[Board] [0m   -------------------
[32;1m[Board] [0m 6 ||[7;1m [0m| |[7;1m [0m| |[7;1m [0m| |[30;1mp[0m| || 6
[32;1m[Board] [0m   -------------------
[32;1m[Board] [0m 5 || |[0;1mk[0m| |[7;1m [0m|[0;1mp[0m|[7;1m [0m| |[7;1m [0m|| 5
[32;1m[Board] [0m   -------------------
[32;1m[Board] [0m 4 ||[7;1m [0m| |[7;1m [0m| |[0;1mp[0m| |[7;1m [0m|[30;1mp[0m|| 4
[32;1m[Board] [0m   -------------------
[32;1m[Board] [0m 3 ||[0;1mp[0m|[7;1m [0m| |[0;1mb[0m| |[7;1m [0m| |[7;1m [0m|| 3
[32;1m[Board] [0m   -------------------
[32;1m[Board] [0m 2 ||[0;1mp[0m| |[0;1mp[0m| |[7;1m [0m|[0;1mp[0m|[0;1mp[0m|[0;1mp[0m|| 2
[32;1m[Board] [0m   -------------------
[32;1m[Board] [0m 1 ||[0;1mr[0m|[7;1m [0m|[0;1mb[0m|[0;1mQ[0m|[0;1mK[0m|[7;1m [0m|[0;1mk[0m|[0;1mr[0m|| 1
[32;1m[Board] [0m   -------------------
[32;1m[Board] [0m     a b c d e f g h
[32;1m[Board] [0m
[32;1m[Referee] [0mThis is the turn of the Black player...
[32;1m[Board] [0mInitializing board (size: 8)...
[32;1m[Board] [0m32 piece(s) on board.
[32;1m[Board] [0mLoading history file `stats/White/game-16/history.csv`...
[32;1m[Board] [0mLoaded 13 move(s).
[32;1m[Board] [0mHistory replayed, 29 piece(s) on board.
[32;1m[RandomPlayer] [0mComputing possible moves...
[32;1m[RandomPlayer] [0m25 possible move(s)
[32;1m[RandomPlayer] [0mPlaying random move 23 out of 25
[32;1m[Game] [0mPlayer's error code: 0
[32;1m[Game] [0mChecking move validity...
[32;1m[Board] [0mInitializing board (size: 8)...
[32;1m[Board] [0m32 piece(s) on board.
[32;1m[Board] [0mLoading history file `stats/White/game-16/history.csv`...
[32;1m[Board] [0mLoaded 13 move(s).
[32;1m[Board] [0mHistory replayed, 29 piece(s) on board.
[32;1m[Board] [0mLoading move file `stats/White/game-16/move.csv`...
[32;1m[Board] [0mBlack player is playing e8 to f8.
[32;1m[Board] [0m
[32;1m[Board] [0m     a b c d e f g h
[32;1m[Board] [0m   -------------------
[32;1m[Board] [0m 8 ||[30;1mr[0m|[30;1mk[0m|[30;1mb[0m|[30;1mQ[0m|[7;1m [0m|[30;1mK[0m|[30;1mk[0m|[30;1mr[0m|| 8
[32;1m[Board] [0m   -------------------
[32;1m[Board] [0m 7 ||[30;1mp[0m|[7;1m [0m|[30;1mp[0m|[30;1mp[0m| |[30;1mp[0m| |[7;1m [0m|| 7
[32;1m[Board] [0m   -------------------
[32;1m[Board] [0m 6 ||[7;1m [0m| |[7;1m [0m| |[7;1m [0m| |[30;1mp[0m| || 6
[32;1m[Board] [0m   -------------------
[32;1m[Board] [0m 5 || |[0;1mk[0m| |[7;1m [0m|[0;1mp[0m|[7;1m [0m| |[7;1m [0m|| 5
[32;1m[Board] [0m   -------------------
[32;1m[Board] [0m 4 ||[7;1m [0m| |[7;1m [0m| |[0;1mp[0m| |[7;1m [0m|[30;1mp[0m|| 4
[32;1m[Board] [0m   -------------------
[32;1m[Board] [0m 3 ||[0;1mp[0m|[7;1m [0m| |[0;1mb[0m| |[7;1m [0m| |[7;1m [0m|| 3
[32;1m[Board] [0m   -------------------
[32;1m[Board] [0m 2 ||[0;1mp[0m| |[0;1mp[0m| |[7;1m [0m|[0;1mp[0m|[0;1mp[0m|[0;1mp[0m|| 2
[32;1m[Board] [0m   -------------------
[32;1m[Board] [0m 1 ||[0;1mr[0m|[7;1m [0m|[0;1mb[0m|[0;1mQ[0m|[0;1mK[0m|[7;1m [0m|[0;1mk[0m|[0;1mr[0m|| 1
[32;1m[Board] [0m   -------------------
[32;1m[Board] [0m     a b c d e f g h
[32;1m[Board] [0m
[32;1m[Referee] [0mThis is the turn of the White player...
Inputed Board
Currently playing: White

------------------------------Current Search Space--------------------------------------------
Possible moves for piece: P:
 P: (3,4)->(2,4) / e5e6
 P: (5,0)->(4,0) / a3a4
 P: (6,2)->(5,2) / c2c3
 P: (6,2)->(4,2) / c2c4
 P: (6,5)->(5,5) / f2f3
 P: (6,5)->(4,5) / f2f4
 P: (6,6)->(5,6) / g2g3
 P: (6,6)->(4,6) / g2g4
 P: (6,7)->(5,7) / h2h3
Possible moves for piece: R:
 R: (7,0)->(7,1) / a1b1
Possible moves for piece: N:
 N: (3,1)->(5,2) / b5c3
 N: (3,1)->(1,2) / b5c7
 N: (3,1)->(1,0) / b5a7
 N: (3,1)->(4,3) / b5d4
 N: (3,1)->(2,3) / b5d6
 N: (7,6)->(5,7) / g1h3
 N: (7,6)->(5,5) / g1f3
 N: (7,6)->(6,4) / g1e2
Possible moves for piece: B:
 B: (5,3)->(4,2) / d3c4
 B: (5,3)->(6,4) / d3e2
 B: (5,3)->(7,5) / d3f1
 B: (7,2)->(6,1) / c1b2
 B: (7,2)->(6,3) / c1d2
 B: (7,2)->(5,4) / c1e3
 B: (7,2)->(4,5) / c1f4
 B: (7,2)->(3,6) / c1g5
 B: (7,2)->(2,7) / c1h6
Possible moves for piece: Q:
 Q: (7,3)->(6,3) / d1d2
 Q: (7,3)->(6,4) / d1e2
 Q: (7,3)->(5,5) / d1f3
 Q: (7,3)->(4,6) / d1g4
 Q: (7,3)->(3,7) / d1h5
Possible moves for piece: K:
 K: (7,4)->(6,4) / e1e2
 K: (7,4)->(7,5) / e1f1
 K: (7,4)->(6,3) / e1d2

------------------------------Filtered Search Space--------------------------------------------
Possible moves for piece: P:
 P: (3,4)->(2,4) / e5e6
 P: (5,0)->(4,0) / a3a4
 P: (6,2)->(5,2) / c2c3
 P: (6,2)->(4,2) / c2c4
 P: (6,5)->(5,5) / f2f3
 P: (6,5)->(4,5) / f2f4
 P: (6,6)->(5,6) / g2g3
 P: (6,6)->(4,6) / g2g4
 P: (6,7)->(5,7) / h2h3
Possible moves for piece: R:
 R: (7,0)->(7,1) / a1b1
Possible moves for piece: N:
 N: (3,1)->(5,2) / b5c3
 N: (3,1)->(1,2) / b5c7
 N: (3,1)->(1,0) / b5a7
 N: (3,1)->(4,3) / b5d4
 N: (3,1)->(2,3) / b5d6
 N: (7,6)->(5,7) / g1h3
 N: (7,6)->(5,5) / g1f3
 N: (7,6)->(6,4) / g1e2
Possible moves for piece: B:
 B: (5,3)->(4,2) / d3c4
 B: (5,3)->(6,4) / d3e2
 B: (5,3)->(7,5) / d3f1
 B: (7,2)->(6,1) / c1b2
 B: (7,2)->(6,3) / c1d2
 B: (7,2)->(5,4) / c1e3
 B: (7,2)->(4,5) / c1f4
 B: (7,2)->(3,6) / c1g5
 B: (7,2)->(2,7) / c1h6
Possible moves for piece: Q:
 Q: (7,3)->(6,3) / d1d2
 Q: (7,3)->(6,4) / d1e2
 Q: (7,3)->(5,5) / d1f3
 Q: (7,3)->(4,6) / d1g4
 Q: (7,3)->(3,7) / d1h5
Possible moves for piece: K:
 K: (7,4)->(6,4) / e1e2
 K: (7,4)->(7,5) / e1f1
 K: (7,4)->(6,3) / e1d2

--------------------------------Info on Attacks---------------------------------------------------
Squares attacked by Black pieces:
(0,4) (1,1) (1,4) (1,6) (1,7) (2,0) (2,1) (2,2) (2,3) (2,4) (2,5) (2,7) (3,5) (3,6) (3,7) (5,6) 

-------------------------------Squares controlled by the enemy------------------------------------
* * * * X * * * 
* X * * X * X X 
X X X X X X * X 
* * * * * X X X 
* * * * * * * * 
* * * * * * X * 
* * * * * * * * 
* * * * * * * * 

------------------------------Check Information---------------------------------------------------
White King located at: (7,4)
White King is safe, no check at this position.

------------------------------Special Move Information-------------------------------------------
No en passant allowed right now
------------------------------Castling Rights Information-------------------------------------------
White Kingside Castle:  AVAILABLE
White Queenside Castle: AVAILABLE
Black Kingside Castle:  NOT AVAILABLE
Black Queenside Castle: NOT AVAILABLE
---------------------------------------------------------------------------------------------------

========== CAPTURE EXPLORATION ==========
[0] N x p | Potential loss: NO | Score: 100
[1] N x p | Potential loss: NO | Score: 100
========================================

========== CHECK EXPLORATION ==========
[0] Candidate: B -> (7,2) -> (2,7) | Checking move: B (7,2) -> (2,7)Checkmate: NO
======================================
--------------------------------------------------------------------------------------------------
Chosen Move: (7,6) --> (5,5)
 / g1f3

r n b q * k n r 
p * p p * p * * 
* * * * * * p * 
* N * * P * * * 
* * * * P * * p 
P * * B * N * * 
P * P * * P P P 
R * B Q K * * R 

[32;1m[Game] [0mPlayer's error code: 0
[32;1m[Game] [0mChecking move validity...
[32;1m[Board] [0mInitializing board (size: 8)...
[32;1m[Board] [0m32 piece(s) on board.
[32;1m[Board] [0mLoading history file `stats/White/game-16/history.csv`...
[32;1m[Board] [0mLoaded 14 move(s).
[32;1m[Board] [0mHistory replayed, 29 piece(s) on board.
[32;1m[Board] [0mLoading move file `stats/White/game-16/move.csv`...
[32;1m[Board] [0mWhite player is playing g1 to f3.
[32;1m[Board] [0m
[32;1m[Board] [0m     a b c d e f g h
[32;1m[Board] [0m   -------------------
[32;1m[Board] [0m 8 ||[30;1mr[0m|[30;1mk[0m|[30;1mb[0m|[30;1mQ[0m|[7;1m [0m|[30;1mK[0m|[30;1mk[0m|[30;1mr[0m|| 8
[32;1m[Board] [0m   -------------------
[32;1m[Board] [0m 7 ||[30;1mp[0m|[7;1m [0m|[30;1mp[0m|[30;1mp[0m| |[30;1mp[0m| |[7;1m [0m|| 7
[32;1m[Board] [0m   -------------------
[32;1m[Board] [0m 6 ||[7;1m [0m| |[7;1m [0m| |[7;1m [0m| |[30;1mp[0m| || 6
[32;1m[Board] [0m   -------------------
[32;1m[Board] [0m 5 || |[0;1mk[0m| |[7;1m [0m|[0;1mp[0m|[7;1m [0m| |[7;1m [0m|| 5
[32;1m[Board] [0m   -------------------
[32;1m[Board] [0m 4 ||[7;1m [0m| |[7;1m [0m| |[0;1mp[0m| |[7;1m [0m|[30;1mp[0m|| 4
[32;1m[Board] [0m   -------------------
[32;1m[Board] [0m 3 ||[0;1mp[0m|[7;1m [0m| |[0;1mb[0m| |[0;1mk[0m| |[7;1m [0m|| 3
[32;1m[Board] [0m   -------------------
[32;1m[Board] [0m 2 ||[0;1mp[0m| |[0;1mp[0m| |[7;1m [0m|[0;1mp[0m|[0;1mp[0m|[0;1mp[0m|| 2
[32;1m[Board] [0m   -------------------
[32;1m[Board] [0m 1 ||[0;1mr[0m|[7;1m [0m|[0;1mb[0m|[0;1mQ[0m|[0;1mK[0m|[7;1m [0m| |[0;1mr[0m|| 1
[32;1m[Board] [0m   -------------------
[32;1m[Board] [0m     a b c d e f g h
[32;1m[Board] [0m
[32;1m[Referee] [0mThis is the turn of the Black player...
[32;1m[Board] [0mInitializing board (size: 8)...
[32;1m[Board] [0m32 piece(s) on board.
[32;1m[Board] [0mLoading history file `stats/White/game-16/history.csv`...
[32;1m[Board] [0mLoaded 15 move(s).
[32;1m[Board] [0mHistory replayed, 29 piece(s) on board.
[32;1m[RandomPlayer] [0mComputing possible moves...
[32;1m[RandomPlayer] [0m27 possible move(s)
[32;1m[RandomPlayer] [0mPlaying random move 16 out of 27
[32;1m[Game] [0mPlayer's error code: 0
[32;1m[Game] [0mChecking move validity...
[32;1m[Board] [0mInitializing board (size: 8)...
[32;1m[Board] [0m32 piece(s) on board.
[32;1m[Board] [0mLoading history file `stats/White/game-16/history.csv`...
[32;1m[Board] [0mLoaded 15 move(s).
[32;1m[Board] [0mHistory replayed, 29 piece(s) on board.
[32;1m[Board] [0mLoading move file `stats/White/game-16/move.csv`...
[32;1m[Board] [0mBlack player is playing g8 to e7.
[32;1m[Board] [0m
[32;1m[Board] [0m     a b c d e f g h
[32;1m[Board] [0m   -------------------
[32;1m[Board] [0m 8 ||[30;1mr[0m|[30;1mk[0m|[30;1mb[0m|[30;1mQ[0m|[7;1m [0m|[30;1mK[0m|[7;1m [0m|[30;1mr[0m|| 8
[32;1m[Board] [0m   -------------------
[32;1m[Board] [0m 7 ||[30;1mp[0m|[7;1m [0m|[30;1mp[0m|[30;1mp[0m|[30;1mk[0m|[30;1mp[0m| |[7;1m [0m|| 7
[32;1m[Board] [0m   -------------------
[32;1m[Board] [0m 6 ||[7;1m [0m| |[7;1m [0m| |[7;1m [0m| |[30;1mp[0m| || 6
[32;1m[Board] [0m   -------------------
[32;1m[Board] [0m 5 || |[0;1mk[0m| |[7;1m [0m|[0;1mp[0m|[7;1m [0m| |[7;1m [0m|| 5
[32;1m[Board] [0m   -------------------
[32;1m[Board] [0m 4 ||[7;1m [0m| |[7;1m [0m| |[0;1mp[0m| |[7;1m [0m|[30;1mp[0m|| 4
[32;1m[Board] [0m   -------------------
[32;1m[Board] [0m 3 ||[0;1mp[0m|[7;1m [0m| |[0;1mb[0m| |[0;1mk[0m| |[7;1m [0m|| 3
[32;1m[Board] [0m   -------------------
[32;1m[Board] [0m 2 ||[0;1mp[0m| |[0;1mp[0m| |[7;1m [0m|[0;1mp[0m|[0;1mp[0m|[0;1mp[0m|| 2
[32;1m[Board] [0m   -------------------
[32;1m[Board] [0m 1 ||[0;1mr[0m|[7;1m [0m|[0;1mb[0m|[0;1mQ[0m|[0;1mK[0m|[7;1m [0m| |[0;1mr[0m|| 1
[32;1m[Board] [0m   -------------------
[32;1m[Board] [0m     a b c d e f g h
[32;1m[Board] [0m
[32;1m[Referee] [0mThis is the turn of the White player...
Inputed Board
Currently playing: White

------------------------------Current Search Space--------------------------------------------
Possible moves for piece: P:
 P: (3,4)->(2,4) / e5e6
 P: (5,0)->(4,0) / a3a4
 P: (6,2)->(5,2) / c2c3
 P: (6,2)->(4,2) / c2c4
 P: (6,6)->(5,6) / g2g3
 P: (6,6)->(4,6) / g2g4
 P: (6,7)->(5,7) / h2h3
Possible moves for piece: R:
 R: (7,0)->(7,1) / a1b1
 R: (7,7)->(7,6) / h1g1
 R: (7,7)->(7,5) / h1f1
Possible moves for piece: N:
 N: (3,1)->(5,2) / b5c3
 N: (3,1)->(1,2) / b5c7
 N: (3,1)->(1,0) / b5a7
 N: (3,1)->(4,3) / b5d4
 N: (3,1)->(2,3) / b5d6
 N: (5,5)->(7,6) / f3g1
 N: (5,5)->(3,6) / f3g5
 N: (5,5)->(4,7) / f3h4
 N: (5,5)->(6,3) / f3d2
 N: (5,5)->(4,3) / f3d4
Possible moves for piece: B:
 B: (5,3)->(4,2) / d3c4
 B: (5,3)->(6,4) / d3e2
 B: (5,3)->(7,5) / d3f1
 B: (7,2)->(6,1) / c1b2
 B: (7,2)->(6,3) / c1d2
 B: (7,2)->(5,4) / c1e3
 B: (7,2)->(4,5) / c1f4
 B: (7,2)->(3,6) / c1g5
 B: (7,2)->(2,7) / c1h6
Possible moves for piece: Q:
 Q: (7,3)->(6,3) / d1d2
 Q: (7,3)->(6,4) / d1e2
Possible moves for piece: K:
 K: (7,4)->(6,4) / e1e2
 K: (7,4)->(7,5) / e1f1
 K: (7,4)->(6,3) / e1d2
 K: (7,4)->(7,6) / e1g1

------------------------------Filtered Search Space--------------------------------------------
Possible moves for piece: P:
 P: (3,4)->(2,4) / e5e6
 P: (5,0)->(4,0) / a3a4
 P: (6,2)->(5,2) / c2c3
 P: (6,2)->(4,2) / c2c4
 P: (6,6)->(5,6) / g2g3
 P: (6,6)->(4,6) / g2g4
 P: (6,7)->(5,7) / h2h3
Possible moves for piece: R:
 R: (7,0)->(7,1) / a1b1
 R: (7,7)->(7,6) / h1g1
 R: (7,7)->(7,5) / h1f1
Possible moves for piece: N:
 N: (3,1)->(5,2) / b5c3
 N: (3,1)->(1,2) / b5c7
 N: (3,1)->(1,0) / b5a7
 N: (3,1)->(4,3) / b5d4
 N: (3,1)->(2,3) / b5d6
 N: (5,5)->(7,6) / f3g1
 N: (5,5)->(3,6) / f3g5
 N: (5,5)->(4,7) / f3h4
 N: (5,5)->(6,3) / f3d2
 N: (5,5)->(4,3) / f3d4
Possible moves for piece: B:
 B: (5,3)->(4,2) / d3c4
 B: (5,3)->(6,4) / d3e2
 B: (5,3)->(7,5) / d3f1
 B: (7,2)->(6,1) / c1b2
 B: (7,2)->(6,3) / c1d2
 B: (7,2)->(5,4) / c1e3
 B: (7,2)->(4,5) / c1f4
 B: (7,2)->(3,6) / c1g5
 B: (7,2)->(2,7) / c1h6
Possible moves for piece: Q:
 Q: (7,3)->(6,3) / d1d2
 Q: (7,3)->(6,4) / d1e2
Possible moves for piece: K:
 K: (7,4)->(6,4) / e1e2
 K: (7,4)->(7,5) / e1f1
 K: (7,4)->(6,3) / e1d2
 K: (7,4)->(7,6) / e1g1

--------------------------------Info on Attacks---------------------------------------------------
Squares attacked by Black pieces:
(0,4) (0,6) (1,1) (1,6) (1,7) (2,0) (2,1) (2,2) (2,3) (2,4) (2,7) (3,3) (3,5) (3,7) (5,6) 

-------------------------------Squares controlled by the enemy------------------------------------
* * * * X * X * 
* X * * * * X X 
X X X X X * * X 
* * * X * X * X 
* * * * * * * * 
* * * * * * X * 
* * * * * * * * 
* * * * * * * * 

------------------------------Check Information---------------------------------------------------
White King located at: (7,4)
White King is safe, no check at this position.

------------------------------Special Move Information-------------------------------------------
No en passant allowed right now
------------------------------Castling Rights Information-------------------------------------------
White Kingside Castle:  AVAILABLE
White Queenside Castle: AVAILABLE
Black Kingside Castle:  NOT AVAILABLE
Black Queenside Castle: NOT AVAILABLE
---------------------------------------------------------------------------------------------------

========== CAPTURE EXPLORATION ==========
[0] N x p | Potential loss: NO | Score: 100
[1] N x p | Potential loss: NO | Score: 100
[2] N x p | Potential loss: NO | Score: 100
========================================

========== CHECK EXPLORATION ==========
[0] Candidate: B -> (7,2) -> (2,7) | Checking move: B (7,2) -> (2,7)Checkmate: NO
======================================
--------------------------------------------------------------------------------------------------
Chosen Move: (7,2) --> (5,4)
 / c1e3

r n b q * k * r 
p * p p n p * * 
* * * * * * p * 
* N * * P * * * 
* * * * P * * p 
P * * B B N * * 
P * P * * P P P 
R * * Q K * * R 

[32;1m[Game] [0mPlayer's error code: 0
[32;1m[Game] [0mChecking move validity...
[32;1m[Board] [0mInitializing board (size: 8)...
[32;1m[Board] [0m32 piece(s) on board.
[32;1m[Board] [0mLoading history file `stats/White/game-16/history.csv`...
[32;1m[Board] [0mLoaded 16 move(s).
[32;1m[Board] [0mHistory replayed, 29 piece(s) on board.
[32;1m[Board] [0mLoading move file `stats/White/game-16/move.csv`...
[32;1m[Board] [0mWhite player is playing c1 to e3.
[32;1m[Board] [0m
[32;1m[Board] [0m     a b c d e f g h
[32;1m[Board] [0m   -------------------
[32;1m[Board] [0m 8 ||[30;1mr[0m|[30;1mk[0m|[30;1mb[0m|[30;1mQ[0m|[7;1m [0m|[30;1mK[0m|[7;1m [0m|[30;1mr[0m|| 8
[32;1m[Board] [0m   -------------------
[32;1m[Board] [0m 7 ||[30;1mp[0m|[7;1m [0m|[30;1mp[0m|[30;1mp[0m|[30;1mk[0m|[30;1mp[0m| |[7;1m [0m|| 7
[32;1m[Board] [0m   -------------------
[32;1m[Board] [0m 6 ||[7;1m [0m| |[7;1m [0m| |[7;1m [0m| |[30;1mp[0m| || 6
[32;1m[Board] [0m   -------------------
[32;1m[Board] [0m 5 || |[0;1mk[0m| |[7;1m [0m|[0;1mp[0m|[7;1m [0m| |[7;1m [0m|| 5
[32;1m[Board] [0m   -------------------
[32;1m[Board] [0m 4 ||[7;1m [0m| |[7;1m [0m| |[0;1mp[0m| |[7;1m [0m|[30;1mp[0m|| 4
[32;1m[Board] [0m   -------------------
[32;1m[Board] [0m 3 ||[0;1mp[0m|[7;1m [0m| |[0;1mb[0m|[0;1mb[0m|[0;1mk[0m| |[7;1m [0m|| 3
[32;1m[Board] [0m   -------------------
[32;1m[Board] [0m 2 ||[0;1mp[0m| |[0;1mp[0m| |[7;1m [0m|[0;1mp[0m|[0;1mp[0m|[0;1mp[0m|| 2
[32;1m[Board] [0m   -------------------
[32;1m[Board] [0m 1 ||[0;1mr[0m|[7;1m [0m| |[0;1mQ[0m|[0;1mK[0m|[7;1m [0m| |[0;1mr[0m|| 1
[32;1m[Board] [0m   -------------------
[32;1m[Board] [0m     a b c d e f g h
[32;1m[Board] [0m
[32;1m[Referee] [0mThis is the turn of the Black player...
[32;1m[Board] [0mInitializing board (size: 8)...
[32;1m[Board] [0m32 piece(s) on board.
[32;1m[Board] [0mLoading history file `stats/White/game-16/history.csv`...
[32;1m[Board] [0mLoaded 17 move(s).
[32;1m[Board] [0mHistory replayed, 29 piece(s) on board.
[32;1m[RandomPlayer] [0mComputing possible moves...
[32;1m[RandomPlayer] [0m26 possible move(s)
[32;1m[RandomPlayer] [0mPlaying random move 1 out of 26
[32;1m[Game] [0mPlayer's error code: 0
[32;1m[Game] [0mChecking move validity...
[32;1m[Board] [0mInitializing board (size: 8)...
[32;1m[Board] [0m32 piece(s) on board.
[32;1m[Board] [0mLoading history file `stats/White/game-16/history.csv`...
[32;1m[Board] [0mLoaded 17 move(s).
[32;1m[Board] [0mHistory replayed, 29 piece(s) on board.
[32;1m[Board] [0mLoading move file `stats/White/game-16/move.csv`...
[32;1m[Board] [0mBlack player is playing a7 to a5.
[32;1m[Board] [0m
[32;1m[Board] [0m     a b c d e f g h
[32;1m[Board] [0m   -------------------
[32;1m[Board] [0m 8 ||[30;1mr[0m|[30;1mk[0m|[30;1mb[0m|[30;1mQ[0m|[7;1m [0m|[30;1mK[0m|[7;1m [0m|[30;1mr[0m|| 8
[32;1m[Board] [0m   -------------------
[32;1m[Board] [0m 7 || |[7;1m [0m|[30;1mp[0m|[30;1mp[0m|[30;1mk[0m|[30;1mp[0m| |[7;1m [0m|| 7
[32;1m[Board] [0m   -------------------
[32;1m[Board] [0m 6 ||[7;1m [0m| |[7;1m [0m| |[7;1m [0m| |[30;1mp[0m| || 6
[32;1m[Board] [0m   -------------------
[32;1m[Board] [0m 5 ||[30;1mp[0m|[0;1mk[0m| |[7;1m [0m|[0;1mp[0m|[7;1m [0m| |[7;1m [0m|| 5
[32;1m[Board] [0m   -------------------
[32;1m[Board] [0m 4 ||[7;1m [0m| |[7;1m [0m| |[0;1mp[0m| |[7;1m [0m|[30;1mp[0m|| 4
[32;1m[Board] [0m   -------------------
[32;1m[Board] [0m 3 ||[0;1mp[0m|[7;1m [0m| |[0;1mb[0m|[0;1mb[0m|[0;1mk[0m| |[7;1m [0m|| 3
[32;1m[Board] [0m   -------------------
[32;1m[Board] [0m 2 ||[0;1mp[0m| |[0;1mp[0m| |[7;1m [0m|[0;1mp[0m|[0;1mp[0m|[0;1mp[0m|| 2
[32;1m[Board] [0m   -------------------
[32;1m[Board] [0m 1 ||[0;1mr[0m|[7;1m [0m| |[0;1mQ[0m|[0;1mK[0m|[7;1m [0m| |[0;1mr[0m|| 1
[32;1m[Board] [0m   -------------------
[32;1m[Board] [0m     a b c d e f g h
[32;1m[Board] [0m
[32;1m[Referee] [0mThis is the turn of the White player...
Inputed Board
Currently playing: White

------------------------------Current Search Space--------------------------------------------
Possible moves for piece: P:
 P: (3,4)->(2,4) / e5e6
 P: (5,0)->(4,0) / a3a4
 P: (6,2)->(5,2) / c2c3
 P: (6,2)->(4,2) / c2c4
 P: (6,6)->(5,6) / g2g3
 P: (6,6)->(4,6) / g2g4
 P: (6,7)->(5,7) / h2h3
Possible moves for piece: R:
 R: (7,0)->(7,1) / a1b1
 R: (7,0)->(7,2) / a1c1
 R: (7,7)->(7,6) / h1g1
 R: (7,7)->(7,5) / h1f1
Possible moves for piece: N:
 N: (3,1)->(5,2) / b5c3
 N: (3,1)->(1,2) / b5c7
 N: (3,1)->(1,0) / b5a7
 N: (3,1)->(4,3) / b5d4
 N: (3,1)->(2,3) / b5d6
 N: (5,5)->(7,6) / f3g1
 N: (5,5)->(3,6) / f3g5
 N: (5,5)->(4,7) / f3h4
 N: (5,5)->(6,3) / f3d2
 N: (5,5)->(4,3) / f3d4
Possible moves for piece: B:
 B: (5,3)->(4,2) / d3c4
 B: (5,3)->(6,4) / d3e2
 B: (5,3)->(7,5) / d3f1
 B: (5,4)->(4,3) / e3d4
 B: (5,4)->(3,2) / e3c5
 B: (5,4)->(2,1) / e3b6
 B: (5,4)->(1,0) / e3a7
 B: (5,4)->(4,5) / e3f4
 B: (5,4)->(3,6) / e3g5
 B: (5,4)->(2,7) / e3h6
 B: (5,4)->(6,3) / e3d2
 B: (5,4)->(7,2) / e3c1
Possible moves for piece: Q:
 Q: (7,3)->(6,3) / d1d2
 Q: (7,3)->(7,2) / d1c1
 Q: (7,3)->(7,1) / d1b1
 Q: (7,3)->(6,4) / d1e2
Possible moves for piece: K:
 K: (7,4)->(6,4) / e1e2
 K: (7,4)->(7,5) / e1f1
 K: (7,4)->(6,3) / e1d2
 K: (7,4)->(7,6) / e1g1

------------------------------Filtered Search Space--------------------------------------------
Possible moves for piece: P:
 P: (3,4)->(2,4) / e5e6
 P: (5,0)->(4,0) / a3a4
 P: (6,2)->(5,2) / c2c3
 P: (6,2)->(4,2) / c2c4
 P: (6,6)->(5,6) / g2g3
 P: (6,6)->(4,6) / g2g4
 P: (6,7)->(5,7) / h2h3
Possible moves for piece: R:
 R: (7,0)->(7,1) / a1b1
 R: (7,0)->(7,2) / a1c1
 R: (7,7)->(7,6) / h1g1
 R: (7,7)->(7,5) / h1f1
Possible moves for piece: N:
 N: (3,1)->(5,2) / b5c3
 N: (3,1)->(1,2) / b5c7
 N: (3,1)->(1,0) / b5a7
 N: (3,1)->(4,3) / b5d4
 N: (3,1)->(2,3) / b5d6
 N: (5,5)->(7,6) / f3g1
 N: (5,5)->(3,6) / f3g5
 N: (5,5)->(4,7) / f3h4
 N: (5,5)->(6,3) / f3d2
 N: (5,5)->(4,3) / f3d4
Possible moves for piece: B:
 B: (5,3)->(4,2) / d3c4
 B: (5,3)->(6,4) / d3e2
 B: (5,3)->(7,5) / d3f1
 B: (5,4)->(4,3) / e3d4
 B: (5,4)->(3,2) / e3c5
 B: (5,4)->(2,1) / e3b6
 B: (5,4)->(1,0) / e3a7
 B: (5,4)->(4,5) / e3f4
 B: (5,4)->(3,6) / e3g5
 B: (5,4)->(2,7) / e3h6
 B: (5,4)->(6,3) / e3d2
 B: (5,4)->(7,2) / e3c1
Possible moves for piece: Q:
 Q: (7,3)->(6,3) / d1d2
 Q: (7,3)->(7,2) / d1c1
 Q: (7,3)->(7,1) / d1b1
 Q: (7,3)->(6,4) / d1e2
Possible moves for piece: K:
 K: (7,4)->(6,4) / e1e2
 K: (7,4)->(7,5) / e1f1
 K: (7,4)->(6,3) / e1d2
 K: (7,4)->(7,6) / e1g1

--------------------------------Info on Attacks---------------------------------------------------
Squares attacked by Black pieces:
(0,4) (0,6) (1,0) (1,1) (1,6) (1,7) (2,0) (2,1) (2,2) (2,3) (2,4) (2,7) (3,3) (3,5) (3,7) (4,1) (5,6) 

-------------------------------Squares controlled by the enemy------------------------------------
* * * * X * X * 
X X * * * * X X 
X X X X X * * X 
* * * X * X * X 
* X * * * * * * 
* * * * * * X * 
* * * * * * * * 
* * * * * * * * 

------------------------------Check Information---------------------------------------------------
White King located at: (7,4)
White King is safe, no check at this position.

------------------------------Special Move Information-------------------------------------------
No en passant allowed right now
------------------------------Castling Rights Information-------------------------------------------
White Kingside Castle:  AVAILABLE
White Queenside Castle: AVAILABLE
Black Kingside Castle:  NOT AVAILABLE
Black Queenside Castle: NOT AVAILABLE
---------------------------------------------------------------------------------------------------

========== CAPTURE EXPLORATION ==========
[0] N x p | Potential loss: NO | Score: 100
[1] N x p | Potential loss: NO | Score: 100
========================================

========== CHECK EXPLORATION ==========
[0] Candidate: B -> (5,4) -> (2,7) | Checking move: B (5,4) -> (2,7)Checkmate: NO
======================================
--------------------------------------------------------------------------------------------------
Chosen Move: (7,4) --> (7,6)
 / e1g1

r n b q * k * r 
* * p p n p * * 
* * * * * * p * 
p N * * P * * * 
* * * * P * * p 
P * * B B N * * 
P * P * * P P P 
R * * Q * R K * 

[32;1m[Game] [0mPlayer's error code: 0
[32;1m[Game] [0mChecking move validity...
[32;1m[Board] [0mInitializing board (size: 8)...
[32;1m[Board] [0m32 piece(s) on board.
[32;1m[Board] [0mLoading history file `stats/White/game-16/history.csv`...
[32;1m[Board] [0mLoaded 18 move(s).
[32;1m[Board] [0mHistory replayed, 29 piece(s) on board.
[32;1m[Board] [0mLoading move file `stats/White/game-16/move.csv`...
[32;1m[Board] [0mWhite player is playing e1 to g1.
[32;1m[Board] [0mWhite player is castling kingside...
[32;1m[Board] [0m
[32;1m[Board] [0m     a b c d e f g h
[32;1m[Board] [0m   -------------------
[32;1m[Board] [0m 8 ||[30;1mr[0m|[30;1mk[0m|[30;1mb[0m|[30;1mQ[0m|[7;1m [0m|[30;1mK[0m|[7;1m [0m|[30;1mr[0m|| 8
[32;1m[Board] [0m   -------------------
[32;1m[Board] [0m 7 || |[7;1m [0m|[30;1mp[0m|[30;1mp[0m|[30;1mk[0m|[30;1mp[0m| |[7;1m [0m|| 7
[32;1m[Board] [0m   -------------------
[32;1m[Board] [0m 6 ||[7;1m [0m| |[7;1m [0m| |[7;1m [0m| |[30;1mp[0m| || 6
[32;1m[Board] [0m   -------------------
[32;1m[Board] [0m 5 ||[30;1mp[0m|[0;1mk[0m| |[7;1m [0m|[0;1mp[0m|[7;1m [0m| |[7;1m [0m|| 5
[32;1m[Board] [0m   -------------------
[32;1m[Board] [0m 4 ||[7;1m [0m| |[7;1m [0m| |[0;1mp[0m| |[7;1m [0m|[30;1mp[0m|| 4
[32;1m[Board] [0m   -------------------
[32;1m[Board] [0m 3 ||[0;1mp[0m|[7;1m [0m| |[0;1mb[0m|[0;1mb[0m|[0;1mk[0m| |[7;1m [0m|| 3
[32;1m[Board] [0m   -------------------
[32;1m[Board] [0m 2 ||[0;1mp[0m| |[0;1mp[0m| |[7;1m [0m|[0;1mp[0m|[0;1mp[0m|[0;1mp[0m|| 2
[32;1m[Board] [0m   -------------------
[32;1m[Board] [0m 1 ||[0;1mr[0m|[7;1m [0m| |[0;1mQ[0m| |[0;1mr[0m|[0;1mK[0m|[7;1m [0m|| 1
[32;1m[Board] [0m   -------------------
[32;1m[Board] [0m     a b c d e f g h
[32;1m[Board] [0m
[32;1m[Referee] [0mThis is the turn of the Black player...
[32;1m[Board] [0mInitializing board (size: 8)...
[32;1m[Board] [0m32 piece(s) on board.
[32;1m[Board] [0mLoading history file `stats/White/game-16/history.csv`...
[32;1m[Board] [0mLoaded 19 move(s).
[32;1m[Board] [0mHistory replayed, 29 piece(s) on board.
[32;1m[RandomPlayer] [0mComputing possible moves...
[32;1m[RandomPlayer] [0m27 possible move(s)
[32;1m[RandomPlayer] [0mPlaying random move 10 out of 27
[32;1m[Game] [0mPlayer's error code: 0
[32;1m[Game] [0mChecking move validity...
[32;1m[Board] [0mInitializing board (size: 8)...
[32;1m[Board] [0m32 piece(s) on board.
[32;1m[Board] [0mLoading history file `stats/White/game-16/history.csv`...
[32;1m[Board] [0mLoaded 19 move(s).
[32;1m[Board] [0mHistory replayed, 29 piece(s) on board.
[32;1m[Board] [0mLoading move file `stats/White/game-16/move.csv`...
[32;1m[Board] [0mBlack player is playing a8 to a6.
[32;1m[Board] [0m
[32;1m[Board] [0m     a b c d e f g h
[32;1m[Board] [0m   -------------------
[32;1m[Board] [0m 8 ||[7;1m [0m|[30;1mk[0m|[30;1mb[0m|[30;1mQ[0m|[7;1m [0m|[30;1mK[0m|[7;1m [0m|[30;1mr[0m|| 8
[32;1m[Board] [0m   -------------------
[32;1m[Board] [0m 7 || |[7;1m [0m|[30;1mp[0m|[30;1mp[0m|[30;1mk[0m|[30;1mp[0m| |[7;1m [0m|| 7
[32;1m[Board] [0m   -------------------
[32;1m[Board] [0m 6 ||[30;1mr[0m| |[7;1m [0m| |[7;1m [0m| |[30;1mp[0m| || 6
[32;1m[Board] [0m   -------------------
[32;1m[Board] [0m 5 ||[30;1mp[0m|[0;1mk[0m| |[7;1m [0m|[0;1mp[0m|[7;1m [0m| |[7;1m [0m|| 5
[32;1m[Board] [0m   -------------------
[32;1m[Board] [0m 4 ||[7;1m [0m| |[7;1m [0m| |[0;1mp[0m| |[7;1m [0m|[30;1mp[0m|| 4
[32;1m[Board] [0m   -------------------
[32;1m[Board] [0m 3 ||[0;1mp[0m|[7;1m [0m| |[0;1mb[0m|[0;1mb[0m|[0;1mk[0m| |[7;1m [0m|| 3
[32;1m[Board] [0m   -------------------
[32;1m[Board] [0m 2 ||[0;1mp[0m| |[0;1mp[0m| |[7;1m [0m|[0;1mp[0m|[0;1mp[0m|[0;1mp[0m|| 2
[32;1m[Board] [0m   -------------------
[32;1m[Board] [0m 1 ||[0;1mr[0m|[7;1m [0m| |[0;1mQ[0m| |[0;1mr[0m|[0;1mK[0m|[7;1m [0m|| 1
[32;1m[Board] [0m   -------------------
[32;1m[Board] [0m     a b c d e f g h
[32;1m[Board] [0m
[32;1m[Referee] [0mThis is the turn of the White player...
Inputed Board
Currently playing: White

------------------------------Current Search Space--------------------------------------------
Possible moves for piece: P:
 P: (3,4)->(2,4) / e5e6
 P: (5,0)->(4,0) / a3a4
 P: (6,2)->(5,2) / c2c3
 P: (6,2)->(4,2) / c2c4
 P: (6,6)->(5,6) / g2g3
 P: (6,6)->(4,6) / g2g4
 P: (6,7)->(5,7) / h2h3
Possible moves for piece: R:
 R: (7,0)->(7,1) / a1b1
 R: (7,0)->(7,2) / a1c1
 R: (7,5)->(7,4) / f1e1
Possible moves for piece: N:
 N: (3,1)->(5,2) / b5c3
 N: (3,1)->(1,2) / b5c7
 N: (3,1)->(1,0) / b5a7
 N: (3,1)->(4,3) / b5d4
 N: (3,1)->(2,3) / b5d6
 N: (5,5)->(7,4) / f3e1
 N: (5,5)->(3,6) / f3g5
 N: (5,5)->(4,7) / f3h4
 N: (5,5)->(6,3) / f3d2
 N: (5,5)->(4,3) / f3d4
Possible moves for piece: B:
 B: (5,3)->(4,2) / d3c4
 B: (5,3)->(6,4) / d3e2
 B: (5,4)->(4,3) / e3d4
 B: (5,4)->(3,2) / e3c5
 B: (5,4)->(2,1) / e3b6
 B: (5,4)->(1,0) / e3a7
 B: (5,4)->(4,5) / e3f4
 B: (5,4)->(3,6) / e3g5
 B: (5,4)->(2,7) / e3h6
 B: (5,4)->(6,3) / e3d2
 B: (5,4)->(7,2) / e3c1
Possible moves for piece: Q:
 Q: (7,3)->(6,3) / d1d2
 Q: (7,3)->(7,4) / d1e1
 Q: (7,3)->(7,2) / d1c1
 Q: (7,3)->(7,1) / d1b1
 Q: (7,3)->(6,4) / d1e2
Possible moves for piece: K:
 K: (7,6)->(7,7) / g1h1

------------------------------Filtered Search Space--------------------------------------------
Possible moves for piece: P:
 P: (3,4)->(2,4) / e5e6
 P: (5,0)->(4,0) / a3a4
 P: (6,2)->(5,2) / c2c3
 P: (6,2)->(4,2) / c2c4
 P: (6,6)->(5,6) / g2g3
 P: (6,6)->(4,6) / g2g4
 P: (6,7)->(5,7) / h2h3
Possible moves for piece: R:
 R: (7,0)->(7,1) / a1b1
 R: (7,0)->(7,2) / a1c1
 R: (7,5)->(7,4) / f1e1
Possible moves for piece: N:
 N: (3,1)->(5,2) / b5c3
 N: (3,1)->(1,2) / b5c7
 N: (3,1)->(1,0) / b5a7
 N: (3,1)->(4,3) / b5d4
 N: (3,1)->(2,3) / b5d6
 N: (5,5)->(7,4) / f3e1
 N: (5,5)->(3,6) / f3g5
 N: (5,5)->(4,7) / f3h4
 N: (5,5)->(6,3) / f3d2
 N: (5,5)->(4,3) / f3d4
Possible moves for piece: B:
 B: (5,3)->(4,2) / d3c4
 B: (5,3)->(6,4) / d3e2
 B: (5,4)->(4,3) / e3d4
 B: (5,4)->(3,2) / e3c5
 B: (5,4)->(2,1) / e3b6
 B: (5,4)->(1,0) / e3a7
 B: (5,4)->(4,5) / e3f4
 B: (5,4)->(3,6) / e3g5
 B: (5,4)->(2,7) / e3h6
 B: (5,4)->(6,3) / e3d2
 B: (5,4)->(7,2) / e3c1
Possible moves for piece: Q:
 Q: (7,3)->(6,3) / d1d2
 Q: (7,3)->(7,4) / d1e1
 Q: (7,3)->(7,2) / d1c1
 Q: (7,3)->(7,1) / d1b1
 Q: (7,3)->(6,4) / d1e2
Possible moves for piece: K:
 K: (7,6)->(7,7) / g1h1

--------------------------------Info on Attacks---------------------------------------------------
Squares attacked by Black pieces:
(0,0) (0,4) (0,6) (1,0) (1,1) (1,6) (1,7) (2,1) (2,2) (2,3) (2,4) (2,5) (2,7) (3,3) (3,5) (3,7) (4,1) (5,6) 

-------------------------------Squares controlled by the enemy------------------------------------
X * * * X * X * 
X X * * * * X X 
* X X X X X * X 
* * * X * X * X 
* X * * * * * * 
* * * * * * X * 
* * * * * * * * 
* * * * * * * * 

------------------------------Check Information---------------------------------------------------
White King located at: (7,6)
White King is safe, no check at this position.

------------------------------Special Move Information-------------------------------------------
No en passant allowed right now
------------------------------Castling Rights Information-------------------------------------------
White Kingside Castle:  NOT AVAILABLE
White Queenside Castle: NOT AVAILABLE
Black Kingside Castle:  NOT AVAILABLE
Black Queenside Castle: NOT AVAILABLE
---------------------------------------------------------------------------------------------------

========== CAPTURE EXPLORATION ==========
[0] N x p | Potential loss: NO | Score: 100
[1] N x p | Potential loss: NO | Score: 100
========================================

========== CHECK EXPLORATION ==========
[0] Candidate: B -> (5,4) -> (2,7) | Checking move: B (5,4) -> (2,7)Checkmate: NO
======================================
--------------------------------------------------------------------------------------------------
Chosen Move: (3,1) --> (4,3)
 / b5d4

* n b q * k * r 
* * p p n p * * 
r * * * * * p * 
p * * * P * * * 
* * * N P * * p 
P * * B B N * * 
P * P * * P P P 
R * * Q * R K * 

[32;1m[Game] [0mPlayer's error code: 0
[32;1m[Game] [0mChecking move validity...
[32;1m[Board] [0mInitializing board (size: 8)...
[32;1m[Board] [0m32 piece(s) on board.
[32;1m[Board] [0mLoading history file `stats/White/game-16/history.csv`...
[32;1m[Board] [0mLoaded 20 move(s).
[32;1m[Board] [0mHistory replayed, 29 piece(s) on board.
[32;1m[Board] [0mLoading move file `stats/White/game-16/move.csv`...
[32;1m[Board] [0mWhite player is playing b5 to d4.
[32;1m[Board] [0m
[32;1m[Board] [0m     a b c d e f g h
[32;1m[Board] [0m   -------------------
[32;1m[Board] [0m 8 ||[7;1m [0m|[30;1mk[0m|[30;1mb[0m|[30;1mQ[0m|[7;1m [0m|[30;1mK[0m|[7;1m [0m|[30;1mr[0m|| 8
[32;1m[Board] [0m   -------------------
[32;1m[Board] [0m 7 || |[7;1m [0m|[30;1mp[0m|[30;1mp[0m|[30;1mk[0m|[30;1mp[0m| |[7;1m [0m|| 7
[32;1m[Board] [0m   -------------------
[32;1m[Board] [0m 6 ||[30;1mr[0m| |[7;1m [0m| |[7;1m [0m| |[30;1mp[0m| || 6
[32;1m[Board] [0m   -------------------
[32;1m[Board] [0m 5 ||[30;1mp[0m|[7;1m [0m| |[7;1m [0m|[0;1mp[0m|[7;1m [0m| |[7;1m [0m|| 5
[32;1m[Board] [0m   -------------------
[32;1m[Board] [0m 4 ||[7;1m [0m| |[7;1m [0m|[0;1mk[0m|[0;1mp[0m| |[7;1m [0m|[30;1mp[0m|| 4
[32;1m[Board] [0m   -------------------
[32;1m[Board] [0m 3 ||[0;1mp[0m|[7;1m [0m| |[0;1mb[0m|[0;1mb[0m|[0;1mk[0m| |[7;1m [0m|| 3
[32;1m[Board] [0m   -------------------
[32;1m[Board] [0m 2 ||[0;1mp[0m| |[0;1mp[0m| |[7;1m [0m|[0;1mp[0m|[0;1mp[0m|[0;1mp[0m|| 2
[32;1m[Board] [0m   -------------------
[32;1m[Board] [0m 1 ||[0;1mr[0m|[7;1m [0m| |[0;1mQ[0m| |[0;1mr[0m|[0;1mK[0m|[7;1m [0m|| 1
[32;1m[Board] [0m   -------------------
[32;1m[Board] [0m     a b c d e f g h
[32;1m[Board] [0m
[32;1m[Referee] [0mThis is the turn of the Black player...
[32;1m[Board] [0mInitializing board (size: 8)...
[32;1m[Board] [0m32 piece(s) on board.
[32;1m[Board] [0mLoading history file `stats/White/game-16/history.csv`...
[32;1m[Board] [0mLoaded 21 move(s).
[32;1m[Board] [0mHistory replayed, 29 piece(s) on board.
[32;1m[RandomPlayer] [0mComputing possible moves...
[32;1m[RandomPlayer] [0m30 possible move(s)
[32;1m[RandomPlayer] [0mPlaying random move 15 out of 30
[32;1m[Game] [0mPlayer's error code: 0
[32;1m[Game] [0mChecking move validity...
[32;1m[Board] [0mInitializing board (size: 8)...
[32;1m[Board] [0m32 piece(s) on board.
[32;1m[Board] [0mLoading history file `stats/White/game-16/history.csv`...
[32;1m[Board] [0mLoaded 21 move(s).
[32;1m[Board] [0mHistory replayed, 29 piece(s) on board.
[32;1m[Board] [0mLoading move file `stats/White/game-16/move.csv`...
[32;1m[Board] [0mBlack player is playing a6 to a8.
[32;1m[Board] [0m
[32;1m[Board] [0m     a b c d e f g h
[32;1m[Board] [0m   -------------------
[32;1m[Board] [0m 8 ||[30;1mr[0m|[30;1mk[0m|[30;1mb[0m|[30;1mQ[0m|[7;1m [0m|[30;1mK[0m|[7;1m [0m|[30;1mr[0m|| 8
[32;1m[Board] [0m   -------------------
[32;1m[Board] [0m 7 || |[7;1m [0m|[30;1mp[0m|[30;1mp[0m|[30;1mk[0m|[30;1mp[0m| |[7;1m [0m|| 7
[32;1m[Board] [0m   -------------------
[32;1m[Board] [0m 6 ||[7;1m [0m| |[7;1m [0m| |[7;1m [0m| |[30;1mp[0m| || 6
[32;1m[Board] [0m   -------------------
[32;1m[Board] [0m 5 ||[30;1mp[0m|[7;1m [0m| |[7;1m [0m|[0;1mp[0m|[7;1m [0m| |[7;1m [0m|| 5
[32;1m[Board] [0m   -------------------
[32;1m[Board] [0m 4 ||[7;1m [0m| |[7;1m [0m|[0;1mk[0m|[0;1mp[0m| |[7;1m [0m|[30;1mp[0m|| 4
[32;1m[Board] [0m   -------------------
[32;1m[Board] [0m 3 ||[0;1mp[0m|[7;1m [0m| |[0;1mb[0m|[0;1mb[0m|[0;1mk[0m| |[7;1m [0m|| 3
[32;1m[Board] [0m   -------------------
[32;1m[Board] [0m 2 ||[0;1mp[0m| |[0;1mp[0m| |[7;1m [0m|[0;1mp[0m|[0;1mp[0m|[0;1mp[0m|| 2
[32;1m[Board] [0m   -------------------
[32;1m[Board] [0m 1 ||[0;1mr[0m|[7;1m [0m| |[0;1mQ[0m| |[0;1mr[0m|[0;1mK[0m|[7;1m [0m|| 1
[32;1m[Board] [0m   -------------------
[32;1m[Board] [0m     a b c d e f g h
[32;1m[Board] [0m
[32;1m[Referee] [0mThis is the turn of the White player...
Inputed Board
Currently playing: White

------------------------------Current Search Space--------------------------------------------
Possible moves for piece: P:
 P: (3,4)->(2,4) / e5e6
 P: (5,0)->(4,0) / a3a4
 P: (6,2)->(5,2) / c2c3
 P: (6,2)->(4,2) / c2c4
 P: (6,6)->(5,6) / g2g3
 P: (6,6)->(4,6) / g2g4
 P: (6,7)->(5,7) / h2h3
Possible moves for piece: R:
 R: (7,0)->(7,1) / a1b1
 R: (7,0)->(7,2) / a1c1
 R: (7,5)->(7,4) / f1e1
Possible moves for piece: N:
 N: (4,3)->(6,4) / d4e2
 N: (4,3)->(2,4) / d4e6
 N: (4,3)->(2,2) / d4c6
 N: (4,3)->(3,5) / d4f5
 N: (4,3)->(5,1) / d4b3
 N: (4,3)->(3,1) / d4b5
 N: (5,5)->(7,4) / f3e1
 N: (5,5)->(3,6) / f3g5
 N: (5,5)->(4,7) / f3h4
 N: (5,5)->(6,3) / f3d2
Possible moves for piece: B:
 B: (5,3)->(4,2) / d3c4
 B: (5,3)->(3,1) / d3b5
 B: (5,3)->(2,0) / d3a6
 B: (5,3)->(6,4) / d3e2
 B: (5,4)->(4,5) / e3f4
 B: (5,4)->(3,6) / e3g5
 B: (5,4)->(2,7) / e3h6
 B: (5,4)->(6,3) / e3d2
 B: (5,4)->(7,2) / e3c1
Possible moves for piece: Q:
 Q: (7,3)->(6,3) / d1d2
 Q: (7,3)->(7,4) / d1e1
 Q: (7,3)->(7,2) / d1c1
 Q: (7,3)->(7,1) / d1b1
 Q: (7,3)->(6,4) / d1e2
Possible moves for piece: K:
 K: (7,6)->(7,7) / g1h1

------------------------------Filtered Search Space--------------------------------------------
Possible moves for piece: P:
 P: (3,4)->(2,4) / e5e6
 P: (5,0)->(4,0) / a3a4
 P: (6,2)->(5,2) / c2c3
 P: (6,2)->(4,2) / c2c4
 P: (6,6)->(5,6) / g2g3
 P: (6,6)->(4,6) / g2g4
 P: (6,7)->(5,7) / h2h3
Possible moves for piece: R:
 R: (7,0)->(7,1) / a1b1
 R: (7,0)->(7,2) / a1c1
 R: (7,5)->(7,4) / f1e1
Possible moves for piece: N:
 N: (4,3)->(6,4) / d4e2
 N: (4,3)->(2,4) / d4e6
 N: (4,3)->(2,2) / d4c6
 N: (4,3)->(3,5) / d4f5
 N: (4,3)->(5,1) / d4b3
 N: (4,3)->(3,1) / d4b5
 N: (5,5)->(7,4) / f3e1
 N: (5,5)->(3,6) / f3g5
 N: (5,5)->(4,7) / f3h4
 N: (5,5)->(6,3) / f3d2
Possible moves for piece: B:
 B: (5,3)->(4,2) / d3c4
 B: (5,3)->(3,1) / d3b5
 B: (5,3)->(2,0) / d3a6
 B: (5,3)->(6,4) / d3e2
 B: (5,4)->(4,5) / e3f4
 B: (5,4)->(3,6) / e3g5
 B: (5,4)->(2,7) / e3h6
 B: (5,4)->(6,3) / e3d2
 B: (5,4)->(7,2) / e3c1
Possible moves for piece: Q:
 Q: (7,3)->(6,3) / d1d2
 Q: (7,3)->(7,4) / d1e1
 Q: (7,3)->(7,2) / d1c1
 Q: (7,3)->(7,1) / d1b1
 Q: (7,3)->(6,4) / d1e2
Possible moves for piece: K:
 K: (7,6)->(7,7) / g1h1

--------------------------------Info on Attacks---------------------------------------------------
Squares attacked by Black pieces:
(0,4) (0,6) (1,0) (1,1) (1,6) (1,7) (2,0) (2,1) (2,2) (2,3) (2,4) (2,7) (3,3) (3,5) (3,7) (4,1) (5,6) 

-------------------------------Squares controlled by the enemy------------------------------------
* * * * X * X * 
X X * * * * X X 
X X X X X * * X 
* * * X * X * X 
* X * * * * * * 
* * * * * * X * 
* * * * * * * * 
* * * * * * * * 

------------------------------Check Information---------------------------------------------------
White King located at: (7,6)
White King is safe, no check at this position.

------------------------------Special Move Information-------------------------------------------
No en passant allowed right now
------------------------------Castling Rights Information-------------------------------------------
White Kingside Castle:  NOT AVAILABLE
White Queenside Castle: NOT AVAILABLE
Black Kingside Castle:  NOT AVAILABLE
Black Queenside Castle: NOT AVAILABLE
---------------------------------------------------------------------------------------------------

========== CAPTURE EXPLORATION ==========
[0] N x p | Potential loss: NO | Score: 100
========================================

========== CHECK EXPLORATION ==========
[0] Candidate: N -> (4,3) -> (2,4) | Checking move: N (4,3) -> (2,4)Checkmate: NO
[1] Candidate: B -> (5,4) -> (2,7) | Checking move: B (5,4) -> (2,7)Checkmate: NO
======================================
--------------------------------------------------------------------------------------------------
Chosen Move: (5,4) --> (3,6)
 / e3g5

r n b q * k * r 
* * p p n p * * 
* * * * * * p * 
p * * * P * B * 
* * * N P * * p 
P * * B * N * * 
P * P * * P P P 
R * * Q * R K * 

[32;1m[Game] [0mPlayer's error code: 0
[32;1m[Game] [0mChecking move validity...
[32;1m[Board] [0mInitializing board (size: 8)...
[32;1m[Board] [0m32 piece(s) on board.
[32;1m[Board] [0mLoading history file `stats/White/game-16/history.csv`...
[32;1m[Board] [0mLoaded 22 move(s).
[32;1m[Board] [0mHistory replayed, 29 piece(s) on board.
[32;1m[Board] [0mLoading move file `stats/White/game-16/move.csv`...
[32;1m[Board] [0mWhite player is playing e3 to g5.
[32;1m[Board] [0m
[32;1m[Board] [0m     a b c d e f g h
[32;1m[Board] [0m   -------------------
[32;1m[Board] [0m 8 ||[30;1mr[0m|[30;1mk[0m|[30;1mb[0m|[30;1mQ[0m|[7;1m [0m|[30;1mK[0m|[7;1m [0m|[30;1mr[0m|| 8
[32;1m[Board] [0m   -------------------
[32;1m[Board] [0m 7 || |[7;1m [0m|[30;1mp[0m|[30;1mp[0m|[30;1mk[0m|[30;1mp[0m| |[7;1m [0m|| 7
[32;1m[Board] [0m   -------------------
[32;1m[Board] [0m 6 ||[7;1m [0m| |[7;1m [0m| |[7;1m [0m| |[30;1mp[0m| || 6
[32;1m[Board] [0m   -------------------
[32;1m[Board] [0m 5 ||[30;1mp[0m|[7;1m [0m| |[7;1m [0m|[0;1mp[0m|[7;1m [0m|[0;1mb[0m|[7;1m [0m|| 5
[32;1m[Board] [0m   -------------------
[32;1m[Board] [0m 4 ||[7;1m [0m| |[7;1m [0m|[0;1mk[0m|[0;1mp[0m| |[7;1m [0m|[30;1mp[0m|| 4
[32;1m[Board] [0m   -------------------
[32;1m[Board] [0m 3 ||[0;1mp[0m|[7;1m [0m| |[0;1mb[0m| |[0;1mk[0m| |[7;1m [0m|| 3
[32;1m[Board] [0m   -------------------
[32;1m[Board] [0m 2 ||[0;1mp[0m| |[0;1mp[0m| |[7;1m [0m|[0;1mp[0m|[0;1mp[0m|[0;1mp[0m|| 2
[32;1m[Board] [0m   -------------------
[32;1m[Board] [0m 1 ||[0;1mr[0m|[7;1m [0m| |[0;1mQ[0m| |[0;1mr[0m|[0;1mK[0m|[7;1m [0m|| 1
[32;1m[Board] [0m   -------------------
[32;1m[Board] [0m     a b c d e f g h
[32;1m[Board] [0m
[32;1m[Referee] [0mThis is the turn of the Black player...
[32;1m[Board] [0mInitializing board (size: 8)...
[32;1m[Board] [0m32 piece(s) on board.
[32;1m[Board] [0mLoading history file `stats/White/game-16/history.csv`...
[32;1m[Board] [0mLoaded 23 move(s).
[32;1m[Board] [0mHistory replayed, 29 piece(s) on board.
[32;1m[RandomPlayer] [0mComputing possible moves...
[32;1m[RandomPlayer] [0m26 possible move(s)
[32;1m[RandomPlayer] [0mPlaying random move 19 out of 26
[32;1m[Game] [0mPlayer's error code: 0
[32;1m[Game] [0mChecking move validity...
[32;1m[Board] [0mInitializing board (size: 8)...
[32;1m[Board] [0m32 piece(s) on board.
[32;1m[Board] [0mLoading history file `stats/White/game-16/history.csv`...
[32;1m[Board] [0mLoaded 23 move(s).
[32;1m[Board] [0mHistory replayed, 29 piece(s) on board.
[32;1m[Board] [0mLoading move file `stats/White/game-16/move.csv`...
[32;1m[Board] [0mBlack player is playing e7 to d5.
[32;1m[Board] [0m
[32;1m[Board] [0m     a b c d e f g h
[32;1m[Board] [0m   -------------------
[32;1m[Board] [0m 8 ||[30;1mr[0m|[30;1mk[0m|[30;1mb[0m|[30;1mQ[0m|[7;1m [0m|[30;1mK[0m|[7;1m [0m|[30;1mr[0m|| 8
[32;1m[Board] [0m   -------------------
[32;1m[Board] [0m 7 || |[7;1m [0m|[30;1mp[0m|[30;1mp[0m| |[30;1mp[0m| |[7;1m [0m|| 7
[32;1m[Board] [0m   -------------------
[32;1m[Board] [0m 6 ||[7;1m [0m| |[7;1m [0m| |[7;1m [0m| |[30;1mp[0m| || 6
[32;1m[Board] [0m   -------------------
[32;1m[Board] [0m 5 ||[30;1mp[0m|[7;1m [0m| |[30;1mk[0m|[0;1mp[0m|[7;1m [0m|[0;1mb[0m|[7;1m [0m|| 5
[32;1m[Board] [0m   -------------------
[32;1m[Board] [0m 4 ||[7;1m [0m| |[7;1m [0m|[0;1mk[0m|[0;1mp[0m| |[7;1m [0m|[30;1mp[0m|| 4
[32;1m[Board] [0m   -------------------
[32;1m[Board] [0m 3 ||[0;1mp[0m|[7;1m [0m| |[0;1mb[0m| |[0;1mk[0m| |[7;1m [0m|| 3
[32;1m[Board] [0m   -------------------
[32;1m[Board] [0m 2 ||[0;1mp[0m| |[0;1mp[0m| |[7;1m [0m|[0;1mp[0m|[0;1mp[0m|[0;1mp[0m|| 2
[32;1m[Board] [0m   -------------------
[32;1m[Board] [0m 1 ||[0;1mr[0m|[7;1m [0m| |[0;1mQ[0m| |[0;1mr[0m|[0;1mK[0m|[7;1m [0m|| 1
[32;1m[Board] [0m   -------------------
[32;1m[Board] [0m     a b c d e f g h
[32;1m[Board] [0m
[32;1m[Referee] [0mThis is the turn of the White player...
Inputed Board
Currently playing: White

------------------------------Current Search Space--------------------------------------------
Possible moves for piece: P:
 P: (3,4)->(2,4) / e5e6
 P: (4,4)->(3,3) / e4d5
 P: (5,0)->(4,0) / a3a4
 P: (6,2)->(5,2) / c2c3
 P: (6,2)->(4,2) / c2c4
 P: (6,6)->(5,6) / g2g3
 P: (6,6)->(4,6) / g2g4
 P: (6,7)->(5,7) / h2h3
Possible moves for piece: R:
 R: (7,0)->(7,1) / a1b1
 R: (7,0)->(7,2) / a1c1
 R: (7,5)->(7,4) / f1e1
Possible moves for piece: N:
 N: (4,3)->(6,4) / d4e2
 N: (4,3)->(2,4) / d4e6
 N: (4,3)->(2,2) / d4c6
 N: (4,3)->(3,5) / d4f5
 N: (4,3)->(5,1) / d4b3
 N: (4,3)->(3,1) / d4b5
 N: (5,5)->(7,4) / f3e1
 N: (5,5)->(4,7) / f3h4
 N: (5,5)->(6,3) / f3d2
Possible moves for piece: B:
 B: (3,6)->(2,5) / g5f6
 B: (3,6)->(1,4) / g5e7
 B: (3,6)->(0,3) / g5d8
 B: (3,6)->(2,7) / g5h6
 B: (3,6)->(4,5) / g5f4
 B: (3,6)->(5,4) / g5e3
 B: (3,6)->(6,3) / g5d2
 B: (3,6)->(7,2) / g5c1
 B: (3,6)->(4,7) / g5h4
 B: (5,3)->(4,2) / d3c4
 B: (5,3)->(3,1) / d3b5
 B: (5,3)->(2,0) / d3a6
 B: (5,3)->(6,4) / d3e2
Possible moves for piece: Q:
 Q: (7,3)->(6,3) / d1d2
 Q: (7,3)->(7,4) / d1e1
 Q: (7,3)->(7,2) / d1c1
 Q: (7,3)->(7,1) / d1b1
 Q: (7,3)->(6,4) / d1e2
Possible moves for piece: K:
 K: (7,6)->(7,7) / g1h1

------------------------------Filtered Search Space--------------------------------------------
Possible moves for piece: P:
 P: (3,4)->(2,4) / e5e6
 P: (4,4)->(3,3) / e4d5
 P: (5,0)->(4,0) / a3a4
 P: (6,2)->(5,2) / c2c3
 P: (6,2)->(4,2) / c2c4
 P: (6,6)->(5,6) / g2g3
 P: (6,6)->(4,6) / g2g4
 P: (6,7)->(5,7) / h2h3
Possible moves for piece: R:
 R: (7,0)->(7,1) / a1b1
 R: (7,0)->(7,2) / a1c1
 R: (7,5)->(7,4) / f1e1
Possible moves for piece: N:
 N: (4,3)->(6,4) / d4e2
 N: (4,3)->(2,4) / d4e6
 N: (4,3)->(2,2) / d4c6
 N: (4,3)->(3,5) / d4f5
 N: (4,3)->(5,1) / d4b3
 N: (4,3)->(3,1) / d4b5
 N: (5,5)->(7,4) / f3e1
 N: (5,5)->(4,7) / f3h4
 N: (5,5)->(6,3) / f3d2
Possible moves for piece: B:
 B: (3,6)->(2,5) / g5f6
 B: (3,6)->(1,4) / g5e7
 B: (3,6)->(0,3) / g5d8
 B: (3,6)->(2,7) / g5h6
 B: (3,6)->(4,5) / g5f4
 B: (3,6)->(5,4) / g5e3
 B: (3,6)->(6,3) / g5d2
 B: (3,6)->(7,2) / g5c1
 B: (3,6)->(4,7) / g5h4
 B: (5,3)->(4,2) / d3c4
 B: (5,3)->(3,1) / d3b5
 B: (5,3)->(2,0) / d3a6
 B: (5,3)->(6,4) / d3e2
Possible moves for piece: Q:
 Q: (7,3)->(6,3) / d1d2
 Q: (7,3)->(7,4) / d1e1
 Q: (7,3)->(7,2) / d1c1
 Q: (7,3)->(7,1) / d1b1
 Q: (7,3)->(6,4) / d1e2
Possible moves for piece: K:
 K: (7,6)->(7,7) / g1h1

--------------------------------Info on Attacks---------------------------------------------------
Squares attacked by Black pieces:
(0,4) (0,6) (1,0) (1,1) (1,4) (1,6) (1,7) (2,0) (2,1) (2,2) (2,3) (2,4) (2,5) (2,7) (3,5) (3,6) (3,7) (4,1) (4,5) (5,2) (5,4) (5,6) 

-------------------------------Squares controlled by the enemy------------------------------------
* * * * X * X * 
X X * * X * X X 
X X X X X X * X 
* * * * * X X X 
* X * * * X * * 
* * X * X * X * 
* * * * * * * * 
* * * * * * * * 

------------------------------Check Information---------------------------------------------------
White King located at: (7,6)
White King is safe, no check at this position.

------------------------------Special Move Information-------------------------------------------
No en passant allowed right now
------------------------------Castling Rights Information-------------------------------------------
White Kingside Castle:  NOT AVAILABLE
White Queenside Castle: NOT AVAILABLE
Black Kingside Castle:  NOT AVAILABLE
Black Queenside Castle: NOT AVAILABLE
---------------------------------------------------------------------------------------------------

========== CAPTURE EXPLORATION ==========
[0] B x q | Potential loss: NO | Score: 900
[1] B x p | Potential loss: NO | Score: 100
[2] P x n | Potential loss: NO | Score: 320
[3] N x p | Potential loss: NO | Score: 100
========================================

========== CHECK EXPLORATION ==========
[0] Candidate: B -> (3,6) -> (1,4) | Checking move: B (3,6) -> (1,4)Checkmate: NO
[1] Candidate: B -> (3,6) -> (2,7) | Checking move: B (3,6) -> (2,7)Checkmate: NO
[2] Candidate: N -> (4,3) -> (2,4) | Checking move: N (4,3) -> (2,4)Checkmate: NO
======================================
--------------------------------------------------------------------------------------------------
Chosen Move: (3,6) --> (0,3)
 / g5d8

r n b B * k * r 
* * p p * p * * 
* * * * * * p * 
p * * n P * * * 
* * * N P * * p 
P * * B * N * * 
P * P * * P P P 
R * * Q * R K * 

[32;1m[Game] [0mPlayer's error code: 0
[32;1m[Game] [0mChecking move validity...
[32;1m[Board] [0mInitializing board (size: 8)...
[32;1m[Board] [0m32 piece(s) on board.
[32;1m[Board] [0mLoading history file `stats/White/game-16/history.csv`...
[32;1m[Board] [0mLoaded 24 move(s).
[32;1m[Board] [0mHistory replayed, 29 piece(s) on board.
[32;1m[Board] [0mLoading move file `stats/White/game-16/move.csv`...
[32;1m[Board] [0mWhite player is playing g5 to d8.
[32;1m[Board] [0m[5;1mWhite Bishop is taking Black Queen.[0m
[32;1m[Board] [0m
[32;1m[Board] [0m     a b c d e f g h
[32;1m[Board] [0m   -------------------
[32;1m[Board] [0m 8 ||[30;1mr[0m|[30;1mk[0m|[30;1mb[0m|[0;1mb[0m|[7;1m [0m|[30;1mK[0m|[7;1m [0m|[30;1mr[0m|| 8
[32;1m[Board] [0m   -------------------
[32;1m[Board] [0m 7 || |[7;1m [0m|[30;1mp[0m|[30;1mp[0m| |[30;1mp[0m| |[7;1m [0m|| 7
[32;1m[Board] [0m   -------------------
[32;1m[Board] [0m 6 ||[7;1m [0m| |[7;1m [0m| |[7;1m [0m| |[30;1mp[0m| || 6
[32;1m[Board] [0m   -------------------
[32;1m[Board] [0m 5 ||[30;1mp[0m|[7;1m [0m| |[30;1mk[0m|[0;1mp[0m|[7;1m [0m| |[7;1m [0m|| 5
[32;1m[Board] [0m   -------------------
[32;1m[Board] [0m 4 ||[7;1m [0m| |[7;1m [0m|[0;1mk[0m|[0;1mp[0m| |[7;1m [0m|[30;1mp[0m|| 4
[32;1m[Board] [0m   -------------------
[32;1m[Board] [0m 3 ||[0;1mp[0m|[7;1m [0m| |[0;1mb[0m| |[0;1mk[0m| |[7;1m [0m|| 3
[32;1m[Board] [0m   -------------------
[32;1m[Board] [0m 2 ||[0;1mp[0m| |[0;1mp[0m| |[7;1m [0m|[0;1mp[0m|[0;1mp[0m|[0;1mp[0m|| 2
[32;1m[Board] [0m   -------------------
[32;1m[Board] [0m 1 ||[0;1mr[0m|[7;1m [0m| |[0;1mQ[0m| |[0;1mr[0m|[0;1mK[0m|[7;1m [0m|| 1
[32;1m[Board] [0m   -------------------
[32;1m[Board] [0m     a b c d e f g h
[32;1m[Board] [0m
[32;1m[Referee] [0mThis is the turn of the Black player...
[32;1m[Board] [0mInitializing board (size: 8)...
[32;1m[Board] [0m32 piece(s) on board.
[32;1m[Board] [0mLoading history file `stats/White/game-16/history.csv`...
[32;1m[Board] [0mLoaded 25 move(s).
[32;1m[Board] [0mHistory replayed, 28 piece(s) on board.
[32;1m[RandomPlayer] [0mComputing possible moves...
[32;1m[RandomPlayer] [0m28 possible move(s)
[32;1m[RandomPlayer] [0mPlaying random move 19 out of 28
[32;1m[Game] [0mPlayer's error code: 0
[32;1m[Game] [0mChecking move validity...
[32;1m[Board] [0mInitializing board (size: 8)...
[32;1m[Board] [0m32 piece(s) on board.
[32;1m[Board] [0mLoading history file `stats/White/game-16/history.csv`...
[32;1m[Board] [0mLoaded 25 move(s).
[32;1m[Board] [0mHistory replayed, 28 piece(s) on board.
[32;1m[Board] [0mLoading move file `stats/White/game-16/move.csv`...
[32;1m[Board] [0mBlack player is playing d5 to f4.
[32;1m[Board] [0m
[32;1m[Board] [0m     a b c d e f g h
[32;1m[Board] [0m   -------------------
[32;1m[Board] [0m 8 ||[30;1mr[0m|[30;1mk[0m|[30;1mb[0m|[0;1mb[0m|[7;1m [0m|[30;1mK[0m|[7;1m [0m|[30;1mr[0m|| 8
[32;1m[Board] [0m   -------------------
[32;1m[Board] [0m 7 || |[7;1m [0m|[30;1mp[0m|[30;1mp[0m| |[30;1mp[0m| |[7;1m [0m|| 7
[32;1m[Board] [0m   -------------------
[32;1m[Board] [0m 6 ||[7;1m [0m| |[7;1m [0m| |[7;1m [0m| |[30;1mp[0m| || 6
[32;1m[Board] [0m   -------------------
[32;1m[Board] [0m 5 ||[30;1mp[0m|[7;1m [0m| |[7;1m [0m|[0;1mp[0m|[7;1m [0m| |[7;1m [0m|| 5
[32;1m[Board] [0m   -------------------
[32;1m[Board] [0m 4 ||[7;1m [0m| |[7;1m [0m|[0;1mk[0m|[0;1mp[0m|[30;1mk[0m|[7;1m [0m|[30;1mp[0m|| 4
[32;1m[Board] [0m   -------------------
[32;1m[Board] [0m 3 ||[0;1mp[0m|[7;1m [0m| |[0;1mb[0m| |[0;1mk[0m| |[7;1m [0m|| 3
[32;1m[Board] [0m   -------------------
[32;1m[Board] [0m 2 ||[0;1mp[0m| |[0;1mp[0m| |[7;1m [0m|[0;1mp[0m|[0;1mp[0m|[0;1mp[0m|| 2
[32;1m[Board] [0m   -------------------
[32;1m[Board] [0m 1 ||[0;1mr[0m|[7;1m [0m| |[0;1mQ[0m| |[0;1mr[0m|[0;1mK[0m|[7;1m [0m|| 1
[32;1m[Board] [0m   -------------------
[32;1m[Board] [0m     a b c d e f g h
[32;1m[Board] [0m
[32;1m[Referee] [0mThis is the turn of the White player...
Inputed Board
Currently playing: White

------------------------------Current Search Space--------------------------------------------
Possible moves for piece: P:
 P: (3,4)->(2,4) / e5e6
 P: (5,0)->(4,0) / a3a4
 P: (6,2)->(5,2) / c2c3
 P: (6,2)->(4,2) / c2c4
 P: (6,6)->(5,6) / g2g3
 P: (6,6)->(4,6) / g2g4
 P: (6,7)->(5,7) / h2h3
Possible moves for piece: R:
 R: (7,0)->(7,1) / a1b1
 R: (7,0)->(7,2) / a1c1
 R: (7,5)->(7,4) / f1e1
Possible moves for piece: N:
 N: (4,3)->(6,4) / d4e2
 N: (4,3)->(2,4) / d4e6
 N: (4,3)->(2,2) / d4c6
 N: (4,3)->(3,5) / d4f5
 N: (4,3)->(5,1) / d4b3
 N: (4,3)->(3,1) / d4b5
 N: (5,5)->(7,4) / f3e1
 N: (5,5)->(3,6) / f3g5
 N: (5,5)->(4,7) / f3h4
 N: (5,5)->(6,3) / f3d2
Possible moves for piece: B:
 B: (0,3)->(1,2) / d8c7
 B: (0,3)->(1,4) / d8e7
 B: (0,3)->(2,5) / d8f6
 B: (0,3)->(3,6) / d8g5
 B: (0,3)->(4,7) / d8h4
 B: (5,3)->(4,2) / d3c4
 B: (5,3)->(3,1) / d3b5
 B: (5,3)->(2,0) / d3a6
 B: (5,3)->(6,4) / d3e2
Possible moves for piece: Q:
 Q: (7,3)->(6,3) / d1d2
 Q: (7,3)->(7,4) / d1e1
 Q: (7,3)->(7,2) / d1c1
 Q: (7,3)->(7,1) / d1b1
 Q: (7,3)->(6,4) / d1e2
Possible moves for piece: K:
 K: (7,6)->(7,7) / g1h1

------------------------------Filtered Search Space--------------------------------------------
Possible moves for piece: P:
 P: (3,4)->(2,4) / e5e6
 P: (5,0)->(4,0) / a3a4
 P: (6,2)->(5,2) / c2c3
 P: (6,2)->(4,2) / c2c4
 P: (6,6)->(5,6) / g2g3
 P: (6,6)->(4,6) / g2g4
 P: (6,7)->(5,7) / h2h3
Possible moves for piece: R:
 R: (7,0)->(7,1) / a1b1
 R: (7,0)->(7,2) / a1c1
 R: (7,5)->(7,4) / f1e1
Possible moves for piece: N:
 N: (4,3)->(6,4) / d4e2
 N: (4,3)->(2,4) / d4e6
 N: (4,3)->(2,2) / d4c6
 N: (4,3)->(3,5) / d4f5
 N: (4,3)->(5,1) / d4b3
 N: (4,3)->(3,1) / d4b5
 N: (5,5)->(7,4) / f3e1
 N: (5,5)->(3,6) / f3g5
 N: (5,5)->(4,7) / f3h4
 N: (5,5)->(6,3) / f3d2
Possible moves for piece: B:
 B: (0,3)->(1,2) / d8c7
 B: (0,3)->(1,4) / d8e7
 B: (0,3)->(2,5) / d8f6
 B: (0,3)->(3,6) / d8g5
 B: (0,3)->(4,7) / d8h4
 B: (5,3)->(4,2) / d3c4
 B: (5,3)->(3,1) / d3b5
 B: (5,3)->(2,0) / d3a6
 B: (5,3)->(6,4) / d3e2
Possible moves for piece: Q:
 Q: (7,3)->(6,3) / d1d2
 Q: (7,3)->(7,4) / d1e1
 Q: (7,3)->(7,2) / d1c1
 Q: (7,3)->(7,1) / d1b1
 Q: (7,3)->(6,4) / d1e2
Possible moves for piece: K:
 K: (7,6)->(7,7) / g1h1

--------------------------------Info on Attacks---------------------------------------------------
Squares attacked by Black pieces:
(0,4) (0,6) (1,0) (1,1) (1,4) (1,6) (1,7) (2,0) (2,1) (2,2) (2,3) (2,4) (2,7) (3,3) (3,5) (3,7) (4,1) (5,3) (5,6) (5,7) (6,4) (6,6) 

-------------------------------Squares controlled by the enemy------------------------------------
* * * * X * X * 
X X * * X * X X 
X X X X X * * X 
* * * X * X * X 
* X * * * * * * 
* * * X * * X X 
* * * * X * X * 
* * * * * * * * 

------------------------------Check Information---------------------------------------------------
White King located at: (7,6)
White King is safe, no check at this position.

------------------------------Special Move Information-------------------------------------------
No en passant allowed right now
------------------------------Castling Rights Information-------------------------------------------
White Kingside Castle:  NOT AVAILABLE
White Queenside Castle: NOT AVAILABLE
Black Kingside Castle:  NOT AVAILABLE
Black Queenside Castle: NOT AVAILABLE
---------------------------------------------------------------------------------------------------

========== CAPTURE EXPLORATION ==========
[0] B x p | Potential loss: NO | Score: 100
[1] B x p | Potential loss: NO | Score: 100
[2] N x p | Potential loss: NO | Score: 100
========================================

========== CHECK EXPLORATION ==========
[0] Candidate: B -> (0,3) -> (1,4) | Checking move: B (0,3) -> (1,4)Checkmate: NO
[1] Candidate: N -> (4,3) -> (2,4) | Checking move: N (4,3) -> (2,4)Checkmate: NO
======================================
--------------------------------------------------------------------------------------------------
Chosen Move: (0,3) --> (1,2)
 / d8c7

r n b * * k * r 
* * B p * p * * 
* * * * * * p * 
p * * * P * * * 
* * * N P n * p 
P * * B * N * * 
P * P * * P P P 
R * * Q * R K * 

[32;1m[Game] [0mPlayer's error code: 0
[32;1m[Game] [0mChecking move validity...
[32;1m[Board] [0mInitializing board (size: 8)...
[32;1m[Board] [0m32 piece(s) on board.
[32;1m[Board] [0mLoading history file `stats/White/game-16/history.csv`...
[32;1m[Board] [0mLoaded 26 move(s).
[32;1m[Board] [0mHistory replayed, 28 piece(s) on board.
[32;1m[Board] [0mLoading move file `stats/White/game-16/move.csv`...
[32;1m[Board] [0mWhite player is playing d8 to c7.
[32;1m[Board] [0m[5;1mWhite Bishop is taking Black Pawn.[0m
[32;1m[Board] [0m
[32;1m[Board] [0m     a b c d e f g h
[32;1m[Board] [0m   -------------------
[32;1m[Board] [0m 8 ||[30;1mr[0m|[30;1mk[0m|[30;1mb[0m| |[7;1m [0m|[30;1mK[0m|[7;1m [0m|[30;1mr[0m|| 8
[32;1m[Board] [0m   -------------------
[32;1m[Board] [0m 7 || |[7;1m [0m|[0;1mb[0m|[30;1mp[0m| |[30;1mp[0m| |[7;1m [0m|| 7
[32;1m[Board] [0m   -------------------
[32;1m[Board] [0m 6 ||[7;1m [0m| |[7;1m [0m| |[7;1m [0m| |[30;1mp[0m| || 6
[32;1m[Board] [0m   -------------------
[32;1m[Board] [0m 5 ||[30;1mp[0m|[7;1m [0m| |[7;1m [0m|[0;1mp[0m|[7;1m [0m| |[7;1m [0m|| 5
[32;1m[Board] [0m   -------------------
[32;1m[Board] [0m 4 ||[7;1m [0m| |[7;1m [0m|[0;1mk[0m|[0;1mp[0m|[30;1mk[0m|[7;1m [0m|[30;1mp[0m|| 4
[32;1m[Board] [0m   -------------------
[32;1m[Board] [0m 3 ||[0;1mp[0m|[7;1m [0m| |[0;1mb[0m| |[0;1mk[0m| |[7;1m [0m|| 3
[32;1m[Board] [0m   -------------------
[32;1m[Board] [0m 2 ||[0;1mp[0m| |[0;1mp[0m| |[7;1m [0m|[0;1mp[0m|[0;1mp[0m|[0;1mp[0m|| 2
[32;1m[Board] [0m   -------------------
[32;1m[Board] [0m 1 ||[0;1mr[0m|[7;1m [0m| |[0;1mQ[0m| |[0;1mr[0m|[0;1mK[0m|[7;1m [0m|| 1
[32;1m[Board] [0m   -------------------
[32;1m[Board] [0m     a b c d e f g h
[32;1m[Board] [0m
[32;1m[Referee] [0mThis is the turn of the Black player...
[32;1m[Board] [0mInitializing board (size: 8)...
[32;1m[Board] [0m32 piece(s) on board.
[32;1m[Board] [0mLoading history file `stats/White/game-16/history.csv`...
[32;1m[Board] [0mLoaded 27 move(s).
[32;1m[Board] [0mHistory replayed, 27 piece(s) on board.
[32;1m[RandomPlayer] [0mComputing possible moves...
[32;1m[RandomPlayer] [0m28 possible move(s)
[32;1m[RandomPlayer] [0mPlaying random move 24 out of 28
[32;1m[Game] [0mPlayer's error code: 0
[32;1m[Game] [0mChecking move validity...
[32;1m[Board] [0mInitializing board (size: 8)...
[32;1m[Board] [0m32 piece(s) on board.
[32;1m[Board] [0mLoading history file `stats/White/game-16/history.csv`...
[32;1m[Board] [0mLoaded 27 move(s).
[32;1m[Board] [0mHistory replayed, 27 piece(s) on board.
[32;1m[Board] [0mLoading move file `stats/White/game-16/move.csv`...
[32;1m[Board] [0mBlack player is playing f8 to g8.
[32;1m[Board] [0m
[32;1m[Board] [0m     a b c d e f g h
[32;1m[Board] [0m   -------------------
[32;1m[Board] [0m 8 ||[30;1mr[0m|[30;1mk[0m|[30;1mb[0m| |[7;1m [0m| |[30;1mK[0m|[30;1mr[0m|| 8
[32;1m[Board] [0m   -------------------
[32;1m[Board] [0m 7 || |[7;1m [0m|[0;1mb[0m|[30;1mp[0m| |[30;1mp[0m| |[7;1m [0m|| 7
[32;1m[Board] [0m   -------------------
[32;1m[Board] [0m 6 ||[7;1m [0m| |[7;1m [0m| |[7;1m [0m| |[30;1mp[0m| || 6
[32;1m[Board] [0m   -------------------
[32;1m[Board] [0m 5 ||[30;1mp[0m|[7;1m [0m| |[7;1m [0m|[0;1mp[0m|[7;1m [0m| |[7;1m [0m|| 5
[32;1m[Board] [0m   -------------------
[32;1m[Board] [0m 4 ||[7;1m [0m| |[7;1m [0m|[0;1mk[0m|[0;1mp[0m|[30;1mk[0m|[7;1m [0m|[30;1mp[0m|| 4
[32;1m[Board] [0m   -------------------
[32;1m[Board] [0m 3 ||[0;1mp[0m|[7;1m [0m| |[0;1mb[0m| |[0;1mk[0m| |[7;1m [0m|| 3
[32;1m[Board] [0m   -------------------
[32;1m[Board] [0m 2 ||[0;1mp[0m| |[0;1mp[0m| |[7;1m [0m|[0;1mp[0m|[0;1mp[0m|[0;1mp[0m|| 2
[32;1m[Board] [0m   -------------------
[32;1m[Board] [0m 1 ||[0;1mr[0m|[7;1m [0m| |[0;1mQ[0m| |[0;1mr[0m|[0;1mK[0m|[7;1m [0m|| 1
[32;1m[Board] [0m   -------------------
[32;1m[Board] [0m     a b c d e f g h
[32;1m[Board] [0m
[32;1m[Referee] [0mThis is the turn of the White player...
Inputed Board
Currently playing: White

------------------------------Current Search Space--------------------------------------------
Possible moves for piece: P:
 P: (3,4)->(2,4) / e5e6
 P: (5,0)->(4,0) / a3a4
 P: (6,2)->(5,2) / c2c3
 P: (6,2)->(4,2) / c2c4
 P: (6,6)->(5,6) / g2g3
 P: (6,6)->(4,6) / g2g4
 P: (6,7)->(5,7) / h2h3
Possible moves for piece: R:
 R: (7,0)->(7,1) / a1b1
 R: (7,0)->(7,2) / a1c1
 R: (7,5)->(7,4) / f1e1
Possible moves for piece: N:
 N: (4,3)->(6,4) / d4e2
 N: (4,3)->(2,4) / d4e6
 N: (4,3)->(2,2) / d4c6
 N: (4,3)->(3,5) / d4f5
 N: (4,3)->(5,1) / d4b3
 N: (4,3)->(3,1) / d4b5
 N: (5,5)->(7,4) / f3e1
 N: (5,5)->(3,6) / f3g5
 N: (5,5)->(4,7) / f3h4
 N: (5,5)->(6,3) / f3d2
Possible moves for piece: B:
 B: (1,2)->(0,1) / c7b8
 B: (1,2)->(0,3) / c7d8
 B: (1,2)->(2,1) / c7b6
 B: (1,2)->(3,0) / c7a5
 B: (1,2)->(2,3) / c7d6
 B: (5,3)->(4,2) / d3c4
 B: (5,3)->(3,1) / d3b5
 B: (5,3)->(2,0) / d3a6
 B: (5,3)->(6,4) / d3e2
Possible moves for piece: Q:
 Q: (7,3)->(6,3) / d1d2
 Q: (7,3)->(7,4) / d1e1
 Q: (7,3)->(7,2) / d1c1
 Q: (7,3)->(7,1) / d1b1
 Q: (7,3)->(6,4) / d1e2
Possible moves for piece: K:
 K: (7,6)->(7,7) / g1h1

------------------------------Filtered Search Space--------------------------------------------
Possible moves for piece: P:
 P: (3,4)->(2,4) / e5e6
 P: (5,0)->(4,0) / a3a4
 P: (6,2)->(5,2) / c2c3
 P: (6,2)->(4,2) / c2c4
 P: (6,6)->(5,6) / g2g3
 P: (6,6)->(4,6) / g2g4
 P: (6,7)->(5,7) / h2h3
Possible moves for piece: R:
 R: (7,0)->(7,1) / a1b1
 R: (7,0)->(7,2) / a1c1
 R: (7,5)->(7,4) / f1e1
Possible moves for piece: N:
 N: (4,3)->(6,4) / d4e2
 N: (4,3)->(2,4) / d4e6
 N: (4,3)->(2,2) / d4c6
 N: (4,3)->(3,5) / d4f5
 N: (4,3)->(5,1) / d4b3
 N: (4,3)->(3,1) / d4b5
 N: (5,5)->(7,4) / f3e1
 N: (5,5)->(3,6) / f3g5
 N: (5,5)->(4,7) / f3h4
 N: (5,5)->(6,3) / f3d2
Possible moves for piece: B:
 B: (1,2)->(0,1) / c7b8
 B: (1,2)->(0,3) / c7d8
 B: (1,2)->(2,1) / c7b6
 B: (1,2)->(3,0) / c7a5
 B: (1,2)->(2,3) / c7d6
 B: (5,3)->(4,2) / d3c4
 B: (5,3)->(3,1) / d3b5
 B: (5,3)->(2,0) / d3a6
 B: (5,3)->(6,4) / d3e2
Possible moves for piece: Q:
 Q: (7,3)->(6,3) / d1d2
 Q: (7,3)->(7,4) / d1e1
 Q: (7,3)->(7,2) / d1c1
 Q: (7,3)->(7,1) / d1b1
 Q: (7,3)->(6,4) / d1e2
Possible moves for piece: K:
 K: (7,6)->(7,7) / g1h1

--------------------------------Info on Attacks---------------------------------------------------
Squares attacked by Black pieces:
(0,5) (1,0) (1,1) (1,6) (1,7) (2,0) (2,2) (2,4) (2,7) (3,3) (3,5) (3,7) (4,1) (5,3) (5,6) (5,7) (6,4) (6,6) 

-------------------------------Squares controlled by the enemy------------------------------------
* * * * * X * * 
X X * * * * X X 
X * X * X * * X 
* * * X * X * X 
* X * * * * * * 
* * * X * * X X 
* * * * X * X * 
* * * * * * * * 

------------------------------Check Information---------------------------------------------------
White King located at: (7,6)
White King is safe, no check at this position.

------------------------------Special Move Information-------------------------------------------
No en passant allowed right now
------------------------------Castling Rights Information-------------------------------------------
White Kingside Castle:  NOT AVAILABLE
White Queenside Castle: NOT AVAILABLE
Black Kingside Castle:  NOT AVAILABLE
Black Queenside Castle: NOT AVAILABLE
---------------------------------------------------------------------------------------------------

========== CAPTURE EXPLORATION ==========
[0] B x n | Potential loss: NO | Score: 320
[1] B x p | Potential loss: NO | Score: 100
[2] N x p | Potential loss: NO | Score: 100
========================================

========== CHECK EXPLORATION ==========
(no checks found)
======================================
--------------------------------------------------------------------------------------------------
Chosen Move: (1,2) --> (2,3)
 / c7d6

r n b * * * k r 
* * * p * p * * 
* * * B * * p * 
p * * * P * * * 
* * * N P n * p 
P * * B * N * * 
P * P * * P P P 
R * * Q * R K * 

[32;1m[Game] [0mPlayer's error code: 0
[32;1m[Game] [0mChecking move validity...
[32;1m[Board] [0mInitializing board (size: 8)...
[32;1m[Board] [0m32 piece(s) on board.
[32;1m[Board] [0mLoading history file `stats/White/game-16/history.csv`...
[32;1m[Board] [0mLoaded 28 move(s).
[32;1m[Board] [0mHistory replayed, 27 piece(s) on board.
[32;1m[Board] [0mLoading move file `stats/White/game-16/move.csv`...
[32;1m[Board] [0mWhite player is playing c7 to d6.
[32;1m[Board] [0m
[32;1m[Board] [0m     a b c d e f g h
[32;1m[Board] [0m   -------------------
[32;1m[Board] [0m 8 ||[30;1mr[0m|[30;1mk[0m|[30;1mb[0m| |[7;1m [0m| |[30;1mK[0m|[30;1mr[0m|| 8
[32;1m[Board] [0m   -------------------
[32;1m[Board] [0m 7 || |[7;1m [0m| |[30;1mp[0m| |[30;1mp[0m| |[7;1m [0m|| 7
[32;1m[Board] [0m   -------------------
[32;1m[Board] [0m 6 ||[7;1m [0m| |[7;1m [0m|[0;1mb[0m|[7;1m [0m| |[30;1mp[0m| || 6
[32;1m[Board] [0m   -------------------
[32;1m[Board] [0m 5 ||[30;1mp[0m|[7;1m [0m| |[7;1m [0m|[0;1mp[0m|[7;1m [0m| |[7;1m [0m|| 5
[32;1m[Board] [0m   -------------------
[32;1m[Board] [0m 4 ||[7;1m [0m| |[7;1m [0m|[0;1mk[0m|[0;1mp[0m|[30;1mk[0m|[7;1m [0m|[30;1mp[0m|| 4
[32;1m[Board] [0m   -------------------
[32;1m[Board] [0m 3 ||[0;1mp[0m|[7;1m [0m| |[0;1mb[0m| |[0;1mk[0m| |[7;1m [0m|| 3
[32;1m[Board] [0m   -------------------
[32;1m[Board] [0m 2 ||[0;1mp[0m| |[0;1mp[0m| |[7;1m [0m|[0;1mp[0m|[0;1mp[0m|[0;1mp[0m|| 2
[32;1m[Board] [0m   -------------------
[32;1m[Board] [0m 1 ||[0;1mr[0m|[7;1m [0m| |[0;1mQ[0m| |[0;1mr[0m|[0;1mK[0m|[7;1m [0m|| 1
[32;1m[Board] [0m   -------------------
[32;1m[Board] [0m     a b c d e f g h
[32;1m[Board] [0m
[32;1m[Referee] [0mThis is the turn of the Black player...
[32;1m[Board] [0mInitializing board (size: 8)...
[32;1m[Board] [0m32 piece(s) on board.
[32;1m[Board] [0mLoading history file `stats/White/game-16/history.csv`...
[32;1m[Board] [0mLoaded 29 move(s).
[32;1m[Board] [0mHistory replayed, 27 piece(s) on board.
[32;1m[RandomPlayer] [0mComputing possible moves...
[32;1m[RandomPlayer] [0m23 possible move(s)
[32;1m[RandomPlayer] [0mPlaying random move 2 out of 23
[32;1m[Game] [0mPlayer's error code: 0
[32;1m[Game] [0mChecking move validity...
[32;1m[Board] [0mInitializing board (size: 8)...
[32;1m[Board] [0m32 piece(s) on board.
[32;1m[Board] [0mLoading history file `stats/White/game-16/history.csv`...
[32;1m[Board] [0mLoaded 29 move(s).
[32;1m[Board] [0mHistory replayed, 27 piece(s) on board.
[32;1m[Board] [0mLoading move file `stats/White/game-16/move.csv`...
[32;1m[Board] [0mBlack player is playing f7 to f5.
[32;1m[Board] [0m
[32;1m[Board] [0m     a b c d e f g h
[32;1m[Board] [0m   -------------------
[32;1m[Board] [0m 8 ||[30;1mr[0m|[30;1mk[0m|[30;1mb[0m| |[7;1m [0m| |[30;1mK[0m|[30;1mr[0m|| 8
[32;1m[Board] [0m   -------------------
[32;1m[Board] [0m 7 || |[7;1m [0m| |[30;1mp[0m| |[7;1m [0m| |[7;1m [0m|| 7
[32;1m[Board] [0m   -------------------
[32;1m[Board] [0m 6 ||[7;1m [0m| |[7;1m [0m|[0;1mb[0m|[7;1m [0m| |[30;1mp[0m| || 6
[32;1m[Board] [0m   -------------------
[32;1m[Board] [0m 5 ||[30;1mp[0m|[7;1m [0m| |[7;1m [0m|[0;1mp[0m|[30;1mp[0m| |[7;1m [0m|| 5
[32;1m[Board] [0m   -------------------
[32;1m[Board] [0m 4 ||[7;1m [0m| |[7;1m [0m|[0;1mk[0m|[0;1mp[0m|[30;1mk[0m|[7;1m [0m|[30;1mp[0m|| 4
[32;1m[Board] [0m   -------------------
[32;1m[Board] [0m 3 ||[0;1mp[0m|[7;1m [0m| |[0;1mb[0m| |[0;1mk[0m| |[7;1m [0m|| 3
[32;1m[Board] [0m   -------------------
[32;1m[Board] [0m 2 ||[0;1mp[0m| |[0;1mp[0m| |[7;1m [0m|[0;1mp[0m|[0;1mp[0m|[0;1mp[0m|| 2
[32;1m[Board] [0m   -------------------
[32;1m[Board] [0m 1 ||[0;1mr[0m|[7;1m [0m| |[0;1mQ[0m| |[0;1mr[0m|[0;1mK[0m|[7;1m [0m|| 1
[32;1m[Board] [0m   -------------------
[32;1m[Board] [0m     a b c d e f g h
[32;1m[Board] [0m
[32;1m[Referee] [0mThis is the turn of the White player...
Inputed Board
Currently playing: White

------------------------------Current Search Space--------------------------------------------
Possible moves for piece: P:
 P: (3,4)->(2,4) / e5e6
 P: (3,4)->(2,5) / e5f6
 P: (4,4)->(3,5) / e4f5
 P: (5,0)->(4,0) / a3a4
 P: (6,2)->(5,2) / c2c3
 P: (6,2)->(4,2) / c2c4
 P: (6,6)->(5,6) / g2g3
 P: (6,6)->(4,6) / g2g4
 P: (6,7)->(5,7) / h2h3
Possible moves for piece: R:
 R: (7,0)->(7,1) / a1b1
 R: (7,0)->(7,2) / a1c1
 R: (7,5)->(7,4) / f1e1
Possible moves for piece: N:
 N: (4,3)->(6,4) / d4e2
 N: (4,3)->(2,4) / d4e6
 N: (4,3)->(2,2) / d4c6
 N: (4,3)->(3,5) / d4f5
 N: (4,3)->(5,1) / d4b3
 N: (4,3)->(3,1) / d4b5
 N: (5,5)->(7,4) / f3e1
 N: (5,5)->(3,6) / f3g5
 N: (5,5)->(4,7) / f3h4
 N: (5,5)->(6,3) / f3d2
Possible moves for piece: B:
 B: (2,3)->(1,2) / d6c7
 B: (2,3)->(0,1) / d6b8
 B: (2,3)->(1,4) / d6e7
 B: (2,3)->(0,5) / d6f8
 B: (2,3)->(3,2) / d6c5
 B: (2,3)->(4,1) / d6b4
 B: (5,3)->(4,2) / d3c4
 B: (5,3)->(3,1) / d3b5
 B: (5,3)->(2,0) / d3a6
 B: (5,3)->(6,4) / d3e2
Possible moves for piece: Q:
 Q: (7,3)->(6,3) / d1d2
 Q: (7,3)->(7,4) / d1e1
 Q: (7,3)->(7,2) / d1c1
 Q: (7,3)->(7,1) / d1b1
 Q: (7,3)->(6,4) / d1e2
Possible moves for piece: K:
 K: (7,6)->(7,7) / g1h1

------------------------------Filtered Search Space--------------------------------------------
Possible moves for piece: P:
 P: (3,4)->(2,4) / e5e6
 P: (3,4)->(2,5) / e5f6
 P: (4,4)->(3,5) / e4f5
 P: (5,0)->(4,0) / a3a4
 P: (6,2)->(5,2) / c2c3
 P: (6,2)->(4,2) / c2c4
 P: (6,6)->(5,6) / g2g3
 P: (6,6)->(4,6) / g2g4
 P: (6,7)->(5,7) / h2h3
Possible moves for piece: R:
 R: (7,0)->(7,1) / a1b1
 R: (7,0)->(7,2) / a1c1
 R: (7,5)->(7,4) / f1e1
Possible moves for piece: N:
 N: (4,3)->(6,4) / d4e2
 N: (4,3)->(2,4) / d4e6
 N: (4,3)->(2,2) / d4c6
 N: (4,3)->(3,5) / d4f5
 N: (4,3)->(5,1) / d4b3
 N: (4,3)->(3,1) / d4b5
 N: (5,5)->(7,4) / f3e1
 N: (5,5)->(3,6) / f3g5
 N: (5,5)->(4,7) / f3h4
 N: (5,5)->(6,3) / f3d2
Possible moves for piece: B:
 B: (2,3)->(1,2) / d6c7
 B: (2,3)->(0,1) / d6b8
 B: (2,3)->(1,4) / d6e7
 B: (2,3)->(0,5) / d6f8
 B: (2,3)->(3,2) / d6c5
 B: (2,3)->(4,1) / d6b4
 B: (5,3)->(4,2) / d3c4
 B: (5,3)->(3,1) / d3b5
 B: (5,3)->(2,0) / d3a6
 B: (5,3)->(6,4) / d3e2
Possible moves for piece: Q:
 Q: (7,3)->(6,3) / d1d2
 Q: (7,3)->(7,4) / d1e1
 Q: (7,3)->(7,2) / d1c1
 Q: (7,3)->(7,1) / d1b1
 Q: (7,3)->(6,4) / d1e2
Possible moves for piece: K:
 K: (7,6)->(7,7) / g1h1

--------------------------------Info on Attacks---------------------------------------------------
Squares attacked by Black pieces:
(0,5) (1,0) (1,1) (1,5) (1,6) (1,7) (2,0) (2,2) (2,4) (2,7) (3,3) (3,7) (4,1) (4,4) (4,6) (5,3) (5,6) (5,7) (6,4) (6,6) 

-------------------------------Squares controlled by the enemy------------------------------------
* * * * * X * * 
X X * * * X X X 
X * X * X * * X 
* * * X * * * X 
* X * * X * X * 
* * * X * * X X 
* * * * X * X * 
* * * * * * * * 

------------------------------Check Information---------------------------------------------------
White King located at: (7,6)
White King is safe, no check at this position.

------------------------------Special Move Information-------------------------------------------
En Passant allowed for this board configuration, en passant square: (2,5)
------------------------------Castling Rights Information-------------------------------------------
White Kingside Castle:  NOT AVAILABLE
White Queenside Castle: NOT AVAILABLE
Black Kingside Castle:  NOT AVAILABLE
Black Queenside Castle: NOT AVAILABLE
---------------------------------------------------------------------------------------------------

========== CAPTURE EXPLORATION ==========
[0] B x n | Potential loss: NO | Score: 320
[1] P x p | Potential loss: NO | Score: 100
[2] N x p | Potential loss: NO | Score: 100
[3] P x p | Potential loss: NO | Score: 100
[4] N x p | Potential loss: NO | Score: 100
========================================

========== CHECK EXPLORATION ==========
[0] Candidate: B -> (5,3) -> (4,2) | Checking move: B (5,3) -> (4,2)Checkmate: NO
======================================
--------------------------------------------------------------------------------------------------
Chosen Move: (5,3) --> (4,2)
 / d3c4

r n b * * * k r 
* * * p * * * * 
* * * B * * p * 
p * * * P p * * 
* * B N P n * p 
P * * * * N * * 
P * P * * P P P 
R * * Q * R K * 

[32;1m[Game] [0mPlayer's error code: 0
[32;1m[Game] [0mChecking move validity...
[32;1m[Board] [0mInitializing board (size: 8)...
[32;1m[Board] [0m32 piece(s) on board.
[32;1m[Board] [0mLoading history file `stats/White/game-16/history.csv`...
[32;1m[Board] [0mLoaded 30 move(s).
[32;1m[Board] [0mHistory replayed, 27 piece(s) on board.
[32;1m[Board] [0mLoading move file `stats/White/game-16/move.csv`...
[32;1m[Board] [0mWhite player is playing d3 to c4.
[32;1m[Board] [0m
[32;1m[Board] [0m     a b c d e f g h
[32;1m[Board] [0m   -------------------
[32;1m[Board] [0m 8 ||[30;1mr[0m|[30;1mk[0m|[30;1mb[0m| |[7;1m [0m| |[30;1mK[0m|[30;1mr[0m|| 8
[32;1m[Board] [0m   -------------------
[32;1m[Board] [0m 7 || |[7;1m [0m| |[30;1mp[0m| |[7;1m [0m| |[7;1m [0m|| 7
[32;1m[Board] [0m   -------------------
[32;1m[Board] [0m 6 ||[7;1m [0m| |[7;1m [0m|[0;1mb[0m|[7;1m [0m| |[30;1mp[0m| || 6
[32;1m[Board] [0m   -------------------
[32;1m[Board] [0m 5 ||[30;1mp[0m|[7;1m [0m| |[7;1m [0m|[0;1mp[0m|[30;1mp[0m| |[7;1m [0m|| 5
[32;1m[Board] [0m   -------------------
[32;1m[Board] [0m 4 ||[7;1m [0m| |[0;1mb[0m|[0;1mk[0m|[0;1mp[0m|[30;1mk[0m|[7;1m [0m|[30;1mp[0m|| 4
[32;1m[Board] [0m   -------------------
[32;1m[Board] [0m 3 ||[0;1mp[0m|[7;1m [0m| |[7;1m [0m| |[0;1mk[0m| |[7;1m [0m|| 3
[32;1m[Board] [0m   -------------------
[32;1m[Board] [0m 2 ||[0;1mp[0m| |[0;1mp[0m| |[7;1m [0m|[0;1mp[0m|[0;1mp[0m|[0;1mp[0m|| 2
[32;1m[Board] [0m   -------------------
[32;1m[Board] [0m 1 ||[0;1mr[0m|[7;1m [0m| |[0;1mQ[0m| |[0;1mr[0m|[0;1mK[0m|[7;1m [0m|| 1
[32;1m[Board] [0m   -------------------
[32;1m[Board] [0m     a b c d e f g h
[32;1m[Board] [0m
[32;1m[Referee] [0mThis is the turn of the Black player...
[32;1m[Board] [0mInitializing board (size: 8)...
[32;1m[Board] [0m32 piece(s) on board.
[32;1m[Board] [0mLoading history file `stats/White/game-16/history.csv`...
[32;1m[Board] [0mLoaded 31 move(s).
[32;1m[Board] [0mHistory replayed, 27 piece(s) on board.
[32;1m[RandomPlayer] [0mComputing possible moves...
[32;1m[RandomPlayer] [0m4 possible move(s)
[32;1m[RandomPlayer] [0mPlaying random move 2 out of 4
[32;1m[Game] [0mPlayer's error code: 0
[32;1m[Game] [0mChecking move validity...
[32;1m[Board] [0mInitializing board (size: 8)...
[32;1m[Board] [0m32 piece(s) on board.
[32;1m[Board] [0mLoading history file `stats/White/game-16/history.csv`...
[32;1m[Board] [0mLoaded 31 move(s).
[32;1m[Board] [0mHistory replayed, 27 piece(s) on board.
[32;1m[Board] [0mLoading move file `stats/White/game-16/move.csv`...
[32;1m[Board] [0mBlack player is playing g8 to g7.
[32;1m[Board] [0m
[32;1m[Board] [0m     a b c d e f g h
[32;1m[Board] [0m   -------------------
[32;1m[Board] [0m 8 ||[30;1mr[0m|[30;1mk[0m|[30;1mb[0m| |[7;1m [0m| |[7;1m [0m|[30;1mr[0m|| 8
[32;1m[Board] [0m   -------------------
[32;1m[Board] [0m 7 || |[7;1m [0m| |[30;1mp[0m| |[7;1m [0m|[30;1mK[0m|[7;1m [0m|| 7
[32;1m[Board] [0m   -------------------
[32;1m[Board] [0m 6 ||[7;1m [0m| |[7;1m [0m|[0;1mb[0m|[7;1m [0m| |[30;1mp[0m| || 6
[32;1m[Board] [0m   -------------------
[32;1m[Board] [0m 5 ||[30;1mp[0m|[7;1m [0m| |[7;1m [0m|[0;1mp[0m|[30;1mp[0m| |[7;1m [0m|| 5
[32;1m[Board] [0m   -------------------
[32;1m[Board] [0m 4 ||[7;1m [0m| |[0;1mb[0m|[0;1mk[0m|[0;1mp[0m|[30;1mk[0m|[7;1m [0m|[30;1mp[0m|| 4
[32;1m[Board] [0m   -------------------
[32;1m[Board] [0m 3 ||[0;1mp[0m|[7;1m [0m| |[7;1m [0m| |[0;1mk[0m| |[7;1m [0m|| 3
[32;1m[Board] [0m   -------------------
[32;1m[Board] [0m 2 ||[0;1mp[0m| |[0;1mp[0m| |[7;1m [0m|[0;1mp[0m|[0;1mp[0m|[0;1mp[0m|| 2
[32;1m[Board] [0m   -------------------
[32;1m[Board] [0m 1 ||[0;1mr[0m|[7;1m [0m| |[0;1mQ[0m| |[0;1mr[0m|[0;1mK[0m|[7;1m [0m|| 1
[32;1m[Board] [0m   -------------------
[32;1m[Board] [0m     a b c d e f g h
[32;1m[Board] [0m
[32;1m[Referee] [0mThis is the turn of the White player...
Inputed Board
Currently playing: White

------------------------------Current Search Space--------------------------------------------
Possible moves for piece: P:
 P: (3,4)->(2,4) / e5e6
 P: (4,4)->(3,5) / e4f5
 P: (5,0)->(4,0) / a3a4
 P: (6,2)->(5,2) / c2c3
 P: (6,6)->(5,6) / g2g3
 P: (6,6)->(4,6) / g2g4
 P: (6,7)->(5,7) / h2h3
Possible moves for piece: R:
 R: (7,0)->(7,1) / a1b1
 R: (7,0)->(7,2) / a1c1
 R: (7,5)->(7,4) / f1e1
Possible moves for piece: N:
 N: (4,3)->(6,4) / d4e2
 N: (4,3)->(2,4) / d4e6
 N: (4,3)->(2,2) / d4c6
 N: (4,3)->(3,5) / d4f5
 N: (4,3)->(5,1) / d4b3
 N: (4,3)->(3,1) / d4b5
 N: (5,5)->(7,4) / f3e1
 N: (5,5)->(3,6) / f3g5
 N: (5,5)->(4,7) / f3h4
 N: (5,5)->(6,3) / f3d2
Possible moves for piece: B:
 B: (2,3)->(1,2) / d6c7
 B: (2,3)->(0,1) / d6b8
 B: (2,3)->(1,4) / d6e7
 B: (2,3)->(0,5) / d6f8
 B: (2,3)->(3,2) / d6c5
 B: (2,3)->(4,1) / d6b4
 B: (4,2)->(3,1) / c4b5
 B: (4,2)->(2,0) / c4a6
 B: (4,2)->(3,3) / c4d5
 B: (4,2)->(2,4) / c4e6
 B: (4,2)->(1,5) / c4f7
 B: (4,2)->(0,6) / c4g8
 B: (4,2)->(5,1) / c4b3
 B: (4,2)->(5,3) / c4d3
 B: (4,2)->(6,4) / c4e2
Possible moves for piece: Q:
 Q: (7,3)->(6,3) / d1d2
 Q: (7,3)->(5,3) / d1d3
 Q: (7,3)->(7,4) / d1e1
 Q: (7,3)->(7,2) / d1c1
 Q: (7,3)->(7,1) / d1b1
 Q: (7,3)->(6,4) / d1e2
Possible moves for piece: K:
 K: (7,6)->(7,7) / g1h1

------------------------------Filtered Search Space--------------------------------------------
Possible moves for piece: P:
 P: (3,4)->(2,4) / e5e6
 P: (4,4)->(3,5) / e4f5
 P: (5,0)->(4,0) / a3a4
 P: (6,2)->(5,2) / c2c3
 P: (6,6)->(5,6) / g2g3
 P: (6,6)->(4,6) / g2g4
 P: (6,7)->(5,7) / h2h3
Possible moves for piece: R:
 R: (7,0)->(7,1) / a1b1
 R: (7,0)->(7,2) / a1c1
 R: (7,5)->(7,4) / f1e1
Possible moves for piece: N:
 N: (4,3)->(6,4) / d4e2
 N: (4,3)->(2,4) / d4e6
 N: (4,3)->(2,2) / d4c6
 N: (4,3)->(3,5) / d4f5
 N: (4,3)->(5,1) / d4b3
 N: (4,3)->(3,1) / d4b5
 N: (5,5)->(7,4) / f3e1
 N: (5,5)->(3,6) / f3g5
 N: (5,5)->(4,7) / f3h4
 N: (5,5)->(6,3) / f3d2
Possible moves for piece: B:
 B: (2,3)->(1,2) / d6c7
 B: (2,3)->(0,1) / d6b8
 B: (2,3)->(1,4) / d6e7
 B: (2,3)->(0,5) / d6f8
 B: (2,3)->(3,2) / d6c5
 B: (2,3)->(4,1) / d6b4
 B: (4,2)->(3,1) / c4b5
 B: (4,2)->(2,0) / c4a6
 B: (4,2)->(3,3) / c4d5
 B: (4,2)->(2,4) / c4e6
 B: (4,2)->(1,5) / c4f7
 B: (4,2)->(0,6) / c4g8
 B: (4,2)->(5,1) / c4b3
 B: (4,2)->(5,3) / c4d3
 B: (4,2)->(6,4) / c4e2
Possible moves for piece: Q:
 Q: (7,3)->(6,3) / d1d2
 Q: (7,3)->(5,3) / d1d3
 Q: (7,3)->(7,4) / d1e1
 Q: (7,3)->(7,2) / d1c1
 Q: (7,3)->(7,1) / d1b1
 Q: (7,3)->(6,4) / d1e2
Possible moves for piece: K:
 K: (7,6)->(7,7) / g1h1

--------------------------------Info on Attacks---------------------------------------------------
Squares attacked by Black pieces:
(0,3) (0,4) (0,5) (0,6) (1,0) (1,1) (1,5) (1,7) (2,0) (2,2) (2,4) (2,5) (2,7) (3,3) (3,7) (4,1) (4,4) (4,6) (5,3) (5,6) (5,7) (6,4) (6,6) 

-------------------------------Squares controlled by the enemy------------------------------------
* * * X X X X * 
X X * * * X * X 
X * X * X X * X 
* * * X * * * X 
* X * * X * X * 
* * * X * * X X 
* * * * X * X * 
* * * * * * * * 

------------------------------Check Information---------------------------------------------------
White King located at: (7,6)
White King is safe, no check at this position.

------------------------------Special Move Information-------------------------------------------
No en passant allowed right now
------------------------------Castling Rights Information-------------------------------------------
White Kingside Castle:  NOT AVAILABLE
White Queenside Castle: NOT AVAILABLE
Black Kingside Castle:  NOT AVAILABLE
Black Queenside Castle: NOT AVAILABLE
---------------------------------------------------------------------------------------------------

========== CAPTURE EXPLORATION ==========
[0] B x n | Potential loss: NO | Score: 320
[1] N x p | Potential loss: NO | Score: 100
[2] P x p | Potential loss: NO | Score: 100
[3] N x p | Potential loss: NO | Score: 100
========================================

========== CHECK EXPLORATION ==========
[0] Candidate: B -> (2,3) -> (0,5) | Checking move: B (2,3) -> (0,5)Checkmate: NO
[1] Candidate: N -> (4,3) -> (2,4) | Checking move: N (4,3) -> (2,4)Checkmate: NO
[2] Candidate: N -> (4,3) -> (3,5) x p | Checking move: N (4,3) -> (3,5)Checkmate: NO
======================================
--------------------------------------------------------------------------------------------------
Chosen Move: (4,4) --> (3,5)
 / e4f5

r n b * * * * r 
* * * p * * k * 
* * * B * * p * 
p * * * P P * * 
* * B N * n * p 
P * * * * N * * 
P * P * * P P P 
R * * Q * R K * 

[32;1m[Game] [0mPlayer's error code: 0
[32;1m[Game] [0mChecking move validity...
[32;1m[Board] [0mInitializing board (size: 8)...
[32;1m[Board] [0m32 piece(s) on board.
[32;1m[Board] [0mLoading history file `stats/White/game-16/history.csv`...
[32;1m[Board] [0mLoaded 32 move(s).
[32;1m[Board] [0mHistory replayed, 27 piece(s) on board.
[32;1m[Board] [0mLoading move file `stats/White/game-16/move.csv`...
[32;1m[Board] [0mWhite player is playing e4 to f5.
[32;1m[Board] [0m[5;1mWhite Pawn is taking Black Pawn.[0m
[32;1m[Board] [0m
[32;1m[Board] [0m     a b c d e f g h
[32;1m[Board] [0m   -------------------
[32;1m[Board] [0m 8 ||[30;1mr[0m|[30;1mk[0m|[30;1mb[0m| |[7;1m [0m| |[7;1m [0m|[30;1mr[0m|| 8
[32;1m[Board] [0m   -------------------
[32;1m[Board] [0m 7 || |[7;1m [0m| |[30;1mp[0m| |[7;1m [0m|[30;1mK[0m|[7;1m [0m|| 7
[32;1m[Board] [0m   -------------------
[32;1m[Board] [0m 6 ||[7;1m [0m| |[7;1m [0m|[0;1mb[0m|[7;1m [0m| |[30;1mp[0m| || 6
[32;1m[Board] [0m   -------------------
[32;1m[Board] [0m 5 ||[30;1mp[0m|[7;1m [0m| |[7;1m [0m|[0;1mp[0m|[0;1mp[0m| |[7;1m [0m|| 5
[32;1m[Board] [0m   -------------------
[32;1m[Board] [0m 4 ||[7;1m [0m| |[0;1mb[0m|[0;1mk[0m|[7;1m [0m|[30;1mk[0m|[7;1m [0m|[30;1mp[0m|| 4
[32;1m[Board] [0m   -------------------
[32;1m[Board] [0m 3 ||[0;1mp[0m|[7;1m [0m| |[7;1m [0m| |[0;1mk[0m| |[7;1m [0m|| 3
[32;1m[Board] [0m   -------------------
[32;1m[Board] [0m 2 ||[0;1mp[0m| |[0;1mp[0m| |[7;1m [0m|[0;1mp[0m|[0;1mp[0m|[0;1mp[0m|| 2
[32;1m[Board] [0m   -------------------
[32;1m[Board] [0m 1 ||[0;1mr[0m|[7;1m [0m| |[0;1mQ[0m| |[0;1mr[0m|[0;1mK[0m|[7;1m [0m|| 1
[32;1m[Board] [0m   -------------------
[32;1m[Board] [0m     a b c d e f g h
[32;1m[Board] [0m
[32;1m[Referee] [0mThis is the turn of the Black player...
[32;1m[Board] [0mInitializing board (size: 8)...
[32;1m[Board] [0m32 piece(s) on board.
[32;1m[Board] [0mLoading history file `stats/White/game-16/history.csv`...
[32;1m[Board] [0mLoaded 33 move(s).
[32;1m[Board] [0mHistory replayed, 26 piece(s) on board.
[32;1m[RandomPlayer] [0mComputing possible moves...
[32;1m[RandomPlayer] [0m26 possible move(s)
[32;1m[RandomPlayer] [0mPlaying random move 15 out of 26
[32;1m[Game] [0mPlayer's error code: 0
[32;1m[Game] [0mChecking move validity...
[32;1m[Board] [0mInitializing board (size: 8)...
[32;1m[Board] [0m32 piece(s) on board.
[32;1m[Board] [0mLoading history file `stats/White/game-16/history.csv`...
[32;1m[Board] [0mLoaded 33 move(s).
[32;1m[Board] [0mHistory replayed, 26 piece(s) on board.
[32;1m[Board] [0mLoading move file `stats/White/game-16/move.csv`...
[32;1m[Board] [0mBlack player is playing f4 to h5.
[32;1m[Board] [0m
[32;1m[Board] [0m     a b c d e f g h
[32;1m[Board] [0m   -------------------
[32;1m[Board] [0m 8 ||[30;1mr[0m|[30;1mk[0m|[30;1mb[0m| |[7;1m [0m| |[7;1m [0m|[30;1mr[0m|| 8
[32;1m[Board] [0m   -------------------
[32;1m[Board] [0m 7 || |[7;1m [0m| |[30;1mp[0m| |[7;1m [0m|[30;1mK[0m|[7;1m [0m|| 7
[32;1m[Board] [0m   -------------------
[32;1m[Board] [0m 6 ||[7;1m [0m| |[7;1m [0m|[0;1mb[0m|[7;1m [0m| |[30;1mp[0m| || 6
[32;1m[Board] [0m   -------------------
[32;1m[Board] [0m 5 ||[30;1mp[0m|[7;1m [0m| |[7;1m [0m|[0;1mp[0m|[0;1mp[0m| |[30;1mk[0m|| 5
[32;1m[Board] [0m   -------------------
[32;1m[Board] [0m 4 ||[7;1m [0m| |[0;1mb[0m|[0;1mk[0m|[7;1m [0m| |[7;1m [0m|[30;1mp[0m|| 4
[32;1m[Board] [0m   -------------------
[32;1m[Board] [0m 3 ||[0;1mp[0m|[7;1m [0m| |[7;1m [0m| |[0;1mk[0m| |[7;1m [0m|| 3
[32;1m[Board] [0m   -------------------
[32;1m[Board] [0m 2 ||[0;1mp[0m| |[0;1mp[0m| |[7;1m [0m|[0;1mp[0m|[0;1mp[0m|[0;1mp[0m|| 2
[32;1m[Board] [0m   -------------------
[32;1m[Board] [0m 1 ||[0;1mr[0m|[7;1m [0m| |[0;1mQ[0m| |[0;1mr[0m|[0;1mK[0m|[7;1m [0m|| 1
[32;1m[Board] [0m   -------------------
[32;1m[Board] [0m     a b c d e f g h
[32;1m[Board] [0m
[32;1m[Referee] [0mThis is the turn of the White player...
Inputed Board
Currently playing: White

------------------------------Current Search Space--------------------------------------------
Possible moves for piece: P:
 P: (3,4)->(2,4) / e5e6
 P: (3,5)->(2,5) / f5f6
 P: (3,5)->(2,6) / f5g6
 P: (5,0)->(4,0) / a3a4
 P: (6,2)->(5,2) / c2c3
 P: (6,6)->(5,6) / g2g3
 P: (6,6)->(4,6) / g2g4
 P: (6,7)->(5,7) / h2h3
Possible moves for piece: R:
 R: (7,0)->(7,1) / a1b1
 R: (7,0)->(7,2) / a1c1
 R: (7,5)->(7,4) / f1e1
Possible moves for piece: N:
 N: (4,3)->(6,4) / d4e2
 N: (4,3)->(2,4) / d4e6
 N: (4,3)->(2,2) / d4c6
 N: (4,3)->(5,1) / d4b3
 N: (4,3)->(3,1) / d4b5
 N: (5,5)->(7,4) / f3e1
 N: (5,5)->(3,6) / f3g5
 N: (5,5)->(4,7) / f3h4
 N: (5,5)->(6,3) / f3d2
Possible moves for piece: B:
 B: (2,3)->(1,2) / d6c7
 B: (2,3)->(0,1) / d6b8
 B: (2,3)->(1,4) / d6e7
 B: (2,3)->(0,5) / d6f8
 B: (2,3)->(3,2) / d6c5
 B: (2,3)->(4,1) / d6b4
 B: (4,2)->(3,1) / c4b5
 B: (4,2)->(2,0) / c4a6
 B: (4,2)->(3,3) / c4d5
 B: (4,2)->(2,4) / c4e6
 B: (4,2)->(1,5) / c4f7
 B: (4,2)->(0,6) / c4g8
 B: (4,2)->(5,1) / c4b3
 B: (4,2)->(5,3) / c4d3
 B: (4,2)->(6,4) / c4e2
Possible moves for piece: Q:
 Q: (7,3)->(6,3) / d1d2
 Q: (7,3)->(5,3) / d1d3
 Q: (7,3)->(7,4) / d1e1
 Q: (7,3)->(7,2) / d1c1
 Q: (7,3)->(7,1) / d1b1
 Q: (7,3)->(6,4) / d1e2
Possible moves for piece: K:
 K: (7,6)->(7,7) / g1h1

------------------------------Filtered Search Space--------------------------------------------
Possible moves for piece: P:
 P: (3,4)->(2,4) / e5e6
 P: (3,5)->(2,5) / f5f6
 P: (3,5)->(2,6) / f5g6
 P: (5,0)->(4,0) / a3a4
 P: (6,2)->(5,2) / c2c3
 P: (6,6)->(5,6) / g2g3
 P: (6,6)->(4,6) / g2g4
 P: (6,7)->(5,7) / h2h3
Possible moves for piece: R:
 R: (7,0)->(7,1) / a1b1
 R: (7,0)->(7,2) / a1c1
 R: (7,5)->(7,4) / f1e1
Possible moves for piece: N:
 N: (4,3)->(6,4) / d4e2
 N: (4,3)->(2,4) / d4e6
 N: (4,3)->(2,2) / d4c6
 N: (4,3)->(5,1) / d4b3
 N: (4,3)->(3,1) / d4b5
 N: (5,5)->(7,4) / f3e1
 N: (5,5)->(3,6) / f3g5
 N: (5,5)->(4,7) / f3h4
 N: (5,5)->(6,3) / f3d2
Possible moves for piece: B:
 B: (2,3)->(1,2) / d6c7
 B: (2,3)->(0,1) / d6b8
 B: (2,3)->(1,4) / d6e7
 B: (2,3)->(0,5) / d6f8
 B: (2,3)->(3,2) / d6c5
 B: (2,3)->(4,1) / d6b4
 B: (4,2)->(3,1) / c4b5
 B: (4,2)->(2,0) / c4a6
 B: (4,2)->(3,3) / c4d5
 B: (4,2)->(2,4) / c4e6
 B: (4,2)->(1,5) / c4f7
 B: (4,2)->(0,6) / c4g8
 B: (4,2)->(5,1) / c4b3
 B: (4,2)->(5,3) / c4d3
 B: (4,2)->(6,4) / c4e2
Possible moves for piece: Q:
 Q: (7,3)->(6,3) / d1d2
 Q: (7,3)->(5,3) / d1d3
 Q: (7,3)->(7,4) / d1e1
 Q: (7,3)->(7,2) / d1c1
 Q: (7,3)->(7,1) / d1b1
 Q: (7,3)->(6,4) / d1e2
Possible moves for piece: K:
 K: (7,6)->(7,7) / g1h1

--------------------------------Info on Attacks---------------------------------------------------
Squares attacked by Black pieces:
(0,3) (0,4) (0,5) (0,6) (1,0) (1,1) (1,5) (1,7) (2,0) (2,2) (2,4) (2,5) (2,7) (3,5) (4,1) (4,5) (5,6) 

-------------------------------Squares controlled by the enemy------------------------------------
* * * X X X X * 
X X * * * X * X 
X * X * X X * X 
* * * * * X * * 
* X * * * X * * 
* * * * * * X * 
* * * * * * * * 
* * * * * * * * 

------------------------------Check Information---------------------------------------------------
White King located at: (7,6)
White King is safe, no check at this position.

------------------------------Special Move Information-------------------------------------------
No en passant allowed right now
------------------------------Castling Rights Information-------------------------------------------
White Kingside Castle:  NOT AVAILABLE
White Queenside Castle: NOT AVAILABLE
Black Kingside Castle:  NOT AVAILABLE
Black Queenside Castle: NOT AVAILABLE
---------------------------------------------------------------------------------------------------

========== CAPTURE EXPLORATION ==========
[0] B x n | Potential loss: NO | Score: 320
[1] P x p | Potential loss: NO | Score: 100
[2] N x p | Potential loss: NO | Score: 100
========================================

========== CHECK EXPLORATION ==========
[0] Candidate: B -> (2,3) -> (0,5) | Checking move: B (2,3) -> (0,5)Checkmate: NO
[1] Candidate: P -> (3,5) -> (2,5) | Checking move: P (3,5) -> (2,5)Checkmate: NO
[2] Candidate: N -> (4,3) -> (2,4) | Checking move: N (4,3) -> (2,4)Checkmate: NO
======================================
--------------------------------------------------------------------------------------------------
Chosen Move: (4,2) --> (3,3)
 / c4d5

r n b * * * * r 
* * * p * * k * 
* * * B * * p * 
p * * B P P * n 
* * * N * * * p 
P * * * * N * * 
P * P * * P P P 
R * * Q * R K * 

[32;1m[Game] [0mPlayer's error code: 0
[32;1m[Game] [0mChecking move validity...
[32;1m[Board] [0mInitializing board (size: 8)...
[32;1m[Board] [0m32 piece(s) on board.
[32;1m[Board] [0mLoading history file `stats/White/game-16/history.csv`...
[32;1m[Board] [0mLoaded 34 move(s).
[32;1m[Board] [0mHistory replayed, 26 piece(s) on board.
[32;1m[Board] [0mLoading move file `stats/White/game-16/move.csv`...
[32;1m[Board] [0mWhite player is playing c4 to d5.
[32;1m[Board] [0m
[32;1m[Board] [0m     a b c d e f g h
[32;1m[Board] [0m   -------------------
[32;1m[Board] [0m 8 ||[30;1mr[0m|[30;1mk[0m|[30;1mb[0m| |[7;1m [0m| |[7;1m [0m|[30;1mr[0m|| 8
[32;1m[Board] [0m   -------------------
[32;1m[Board] [0m 7 || |[7;1m [0m| |[30;1mp[0m| |[7;1m [0m|[30;1mK[0m|[7;1m [0m|| 7
[32;1m[Board] [0m   -------------------
[32;1m[Board] [0m 6 ||[7;1m [0m| |[7;1m [0m|[0;1mb[0m|[7;1m [0m| |[30;1mp[0m| || 6
[32;1m[Board] [0m   -------------------
[32;1m[Board] [0m 5 ||[30;1mp[0m|[7;1m [0m| |[0;1mb[0m|[0;1mp[0m|[0;1mp[0m| |[30;1mk[0m|| 5
[32;1m[Board] [0m   -------------------
[32;1m[Board] [0m 4 ||[7;1m [0m| |[7;1m [0m|[0;1mk[0m|[7;1m [0m| |[7;1m [0m|[30;1mp[0m|| 4
[32;1m[Board] [0m   -------------------
[32;1m[Board] [0m 3 ||[0;1mp[0m|[7;1m [0m| |[7;1m [0m| |[0;1mk[0m| |[7;1m [0m|| 3
[32;1m[Board] [0m   -------------------
[32;1m[Board] [0m 2 ||[0;1mp[0m| |[0;1mp[0m| |[7;1m [0m|[0;1mp[0m|[0;1mp[0m|[0;1mp[0m|| 2
[32;1m[Board] [0m   -------------------
[32;1m[Board] [0m 1 ||[0;1mr[0m|[7;1m [0m| |[0;1mQ[0m| |[0;1mr[0m|[0;1mK[0m|[7;1m [0m|| 1
[32;1m[Board] [0m   -------------------
[32;1m[Board] [0m     a b c d e f g h
[32;1m[Board] [0m
[32;1m[Referee] [0mThis is the turn of the Black player...
[32;1m[Board] [0mInitializing board (size: 8)...
[32;1m[Board] [0m32 piece(s) on board.
[32;1m[Board] [0mLoading history file `stats/White/game-16/history.csv`...
[32;1m[Board] [0mLoaded 35 move(s).
[32;1m[Board] [0mHistory replayed, 26 piece(s) on board.
[32;1m[RandomPlayer] [0mComputing possible moves...
[32;1m[RandomPlayer] [0m21 possible move(s)
[32;1m[RandomPlayer] [0mPlaying random move 19 out of 21
[32;1m[Game] [0mPlayer's error code: 0
[32;1m[Game] [0mChecking move validity...
[32;1m[Board] [0mInitializing board (size: 8)...
[32;1m[Board] [0m32 piece(s) on board.
[32;1m[Board] [0mLoading history file `stats/White/game-16/history.csv`...
[32;1m[Board] [0mLoaded 35 move(s).
[32;1m[Board] [0mHistory replayed, 26 piece(s) on board.
[32;1m[Board] [0mLoading move file `stats/White/game-16/move.csv`...
[32;1m[Board] [0mBlack player is playing g7 to h7.
[32;1m[Board] [0m
[32;1m[Board] [0m     a b c d e f g h
[32;1m[Board] [0m   -------------------
[32;1m[Board] [0m 8 ||[30;1mr[0m|[30;1mk[0m|[30;1mb[0m| |[7;1m [0m| |[7;1m [0m|[30;1mr[0m|| 8
[32;1m[Board] [0m   -------------------
[32;1m[Board] [0m 7 || |[7;1m [0m| |[30;1mp[0m| |[7;1m [0m| |[30;1mK[0m|| 7
[32;1m[Board] [0m   -------------------
[32;1m[Board] [0m 6 ||[7;1m [0m| |[7;1m [0m|[0;1mb[0m|[7;1m [0m| |[30;1mp[0m| || 6
[32;1m[Board] [0m   -------------------
[32;1m[Board] [0m 5 ||[30;1mp[0m|[7;1m [0m| |[0;1mb[0m|[0;1mp[0m|[0;1mp[0m| |[30;1mk[0m|| 5
[32;1m[Board] [0m   -------------------
[32;1m[Board] [0m 4 ||[7;1m [0m| |[7;1m [0m|[0;1mk[0m|[7;1m [0m| |[7;1m [0m|[30;1mp[0m|| 4
[32;1m[Board] [0m   -------------------
[32;1m[Board] [0m 3 ||[0;1mp[0m|[7;1m [0m| |[7;1m [0m| |[0;1mk[0m| |[7;1m [0m|| 3
[32;1m[Board] [0m   -------------------
[32;1m[Board] [0m 2 ||[0;1mp[0m| |[0;1mp[0m| |[7;1m [0m|[0;1mp[0m|[0;1mp[0m|[0;1mp[0m|| 2
[32;1m[Board] [0m   -------------------
[32;1m[Board] [0m 1 ||[0;1mr[0m|[7;1m [0m| |[0;1mQ[0m| |[0;1mr[0m|[0;1mK[0m|[7;1m [0m|| 1
[32;1m[Board] [0m   -------------------
[32;1m[Board] [0m     a b c d e f g h
[32;1m[Board] [0m
[32;1m[Referee] [0mThis is the turn of the White player...
Inputed Board
Currently playing: White

------------------------------Current Search Space--------------------------------------------
Possible moves for piece: P:
 P: (3,4)->(2,4) / e5e6
 P: (3,5)->(2,5) / f5f6
 P: (3,5)->(2,6) / f5g6
 P: (5,0)->(4,0) / a3a4
 P: (6,2)->(5,2) / c2c3
 P: (6,2)->(4,2) / c2c4
 P: (6,6)->(5,6) / g2g3
 P: (6,6)->(4,6) / g2g4
 P: (6,7)->(5,7) / h2h3
Possible moves for piece: R:
 R: (7,0)->(7,1) / a1b1
 R: (7,0)->(7,2) / a1c1
 R: (7,5)->(7,4) / f1e1
Possible moves for piece: N:
 N: (4,3)->(6,4) / d4e2
 N: (4,3)->(2,4) / d4e6
 N: (4,3)->(2,2) / d4c6
 N: (4,3)->(5,1) / d4b3
 N: (4,3)->(3,1) / d4b5
 N: (5,5)->(7,4) / f3e1
 N: (5,5)->(3,6) / f3g5
 N: (5,5)->(4,7) / f3h4
 N: (5,5)->(6,3) / f3d2
Possible moves for piece: B:
 B: (2,3)->(1,2) / d6c7
 B: (2,3)->(0,1) / d6b8
 B: (2,3)->(1,4) / d6e7
 B: (2,3)->(0,5) / d6f8
 B: (2,3)->(3,2) / d6c5
 B: (2,3)->(4,1) / d6b4
 B: (3,3)->(2,2) / d5c6
 B: (3,3)->(1,1) / d5b7
 B: (3,3)->(0,0) / d5a8
 B: (3,3)->(2,4) / d5e6
 B: (3,3)->(1,5) / d5f7
 B: (3,3)->(0,6) / d5g8
 B: (3,3)->(4,2) / d5c4
 B: (3,3)->(5,1) / d5b3
 B: (3,3)->(4,4) / d5e4
Possible moves for piece: Q:
 Q: (7,3)->(6,3) / d1d2
 Q: (7,3)->(5,3) / d1d3
 Q: (7,3)->(7,4) / d1e1
 Q: (7,3)->(7,2) / d1c1
 Q: (7,3)->(7,1) / d1b1
 Q: (7,3)->(6,4) / d1e2
Possible moves for piece: K:
 K: (7,6)->(7,7) / g1h1

------------------------------Filtered Search Space--------------------------------------------
Possible moves for piece: P:
 P: (3,4)->(2,4) / e5e6
 P: (3,5)->(2,5) / f5f6
 P: (3,5)->(2,6) / f5g6
 P: (5,0)->(4,0) / a3a4
 P: (6,2)->(5,2) / c2c3
 P: (6,2)->(4,2) / c2c4
 P: (6,6)->(5,6) / g2g3
 P: (6,6)->(4,6) / g2g4
 P: (6,7)->(5,7) / h2h3
Possible moves for piece: R:
 R: (7,0)->(7,1) / a1b1
 R: (7,0)->(7,2) / a1c1
 R: (7,5)->(7,4) / f1e1
Possible moves for piece: N:
 N: (4,3)->(6,4) / d4e2
 N: (4,3)->(2,4) / d4e6
 N: (4,3)->(2,2) / d4c6
 N: (4,3)->(5,1) / d4b3
 N: (4,3)->(3,1) / d4b5
 N: (5,5)->(7,4) / f3e1
 N: (5,5)->(3,6) / f3g5
 N: (5,5)->(4,7) / f3h4
 N: (5,5)->(6,3) / f3d2
Possible moves for piece: B:
 B: (2,3)->(1,2) / d6c7
 B: (2,3)->(0,1) / d6b8
 B: (2,3)->(1,4) / d6e7
 B: (2,3)->(0,5) / d6f8
 B: (2,3)->(3,2) / d6c5
 B: (2,3)->(4,1) / d6b4
 B: (3,3)->(2,2) / d5c6
 B: (3,3)->(1,1) / d5b7
 B: (3,3)->(0,0) / d5a8
 B: (3,3)->(2,4) / d5e6
 B: (3,3)->(1,5) / d5f7
 B: (3,3)->(0,6) / d5g8
 B: (3,3)->(4,2) / d5c4
 B: (3,3)->(5,1) / d5b3
 B: (3,3)->(4,4) / d5e4
Possible moves for piece: Q:
 Q: (7,3)->(6,3) / d1d2
 Q: (7,3)->(5,3) / d1d3
 Q: (7,3)->(7,4) / d1e1
 Q: (7,3)->(7,2) / d1c1
 Q: (7,3)->(7,1) / d1b1
 Q: (7,3)->(6,4) / d1e2
Possible moves for piece: K:
 K: (7,6)->(7,7) / g1h1

--------------------------------Info on Attacks---------------------------------------------------
Squares attacked by Black pieces:
(0,3) (0,4) (0,5) (0,6) (1,0) (1,1) (1,6) (2,0) (2,2) (2,4) (2,5) (2,7) (3,5) (4,1) (4,5) (5,6) 

-------------------------------Squares controlled by the enemy------------------------------------
* * * X X X X * 
X X * * * * X * 
X * X * X X * X 
* * * * * X * * 
* X * * * X * * 
* * * * * * X * 
* * * * * * * * 
* * * * * * * * 

------------------------------Check Information---------------------------------------------------
White King located at: (7,6)
White King is safe, no check at this position.

------------------------------Special Move Information-------------------------------------------
No en passant allowed right now
------------------------------Castling Rights Information-------------------------------------------
White Kingside Castle:  NOT AVAILABLE
White Queenside Castle: NOT AVAILABLE
Black Kingside Castle:  NOT AVAILABLE
Black Queenside Castle: NOT AVAILABLE
---------------------------------------------------------------------------------------------------

========== CAPTURE EXPLORATION ==========
[0] B x n | Potential loss: NO | Score: 320
[1] B x r | Potential loss: NO | Score: 500
[2] P x p | Potential loss: NO | Score: 100
[3] N x p | Potential loss: NO | Score: 100
========================================

========== CHECK EXPLORATION ==========
[0] Candidate: B -> (3,3) -> (0,6) | Checking move: B (3,3) -> (0,6)Checkmate: NO
[1] Candidate: P -> (3,5) -> (2,6) x p | Checking move: P (3,5) -> (2,6)Checkmate: NO
[2] Candidate: N -> (5,5) -> (3,6) | Checking move: N (5,5) -> (3,6)Checkmate: NO
======================================
--------------------------------------------------------------------------------------------------
Chosen Move: (3,3) --> (0,0)
 / d5a8

B n b * * * * r 
* * * p * * * k 
* * * B * * p * 
p * * * P P * n 
* * * N * * * p 
P * * * * N * * 
P * P * * P P P 
R * * Q * R K * 

[32;1m[Game] [0mPlayer's error code: 0
[32;1m[Game] [0mChecking move validity...
[32;1m[Board] [0mInitializing board (size: 8)...
[32;1m[Board] [0m32 piece(s) on board.
[32;1m[Board] [0mLoading history file `stats/White/game-16/history.csv`...
[32;1m[Board] [0mLoaded 36 move(s).
[32;1m[Board] [0mHistory replayed, 26 piece(s) on board.
[32;1m[Board] [0mLoading move file `stats/White/game-16/move.csv`...
[32;1m[Board] [0mWhite player is playing d5 to a8.
[32;1m[Board] [0m[5;1mWhite Bishop is taking Black Rook.[0m
[32;1m[Board] [0m
[32;1m[Board] [0m     a b c d e f g h
[32;1m[Board] [0m   -------------------
[32;1m[Board] [0m 8 ||[0;1mb[0m|[30;1mk[0m|[30;1mb[0m| |[7;1m [0m| |[7;1m [0m|[30;1mr[0m|| 8
[32;1m[Board] [0m   -------------------
[32;1m[Board] [0m 7 || |[7;1m [0m| |[30;1mp[0m| |[7;1m [0m| |[30;1mK[0m|| 7
[32;1m[Board] [0m   -------------------
[32;1m[Board] [0m 6 ||[7;1m [0m| |[7;1m [0m|[0;1mb[0m|[7;1m [0m| |[30;1mp[0m| || 6
[32;1m[Board] [0m   -------------------
[32;1m[Board] [0m 5 ||[30;1mp[0m|[7;1m [0m| |[7;1m [0m|[0;1mp[0m|[0;1mp[0m| |[30;1mk[0m|| 5
[32;1m[Board] [0m   -------------------
[32;1m[Board] [0m 4 ||[7;1m [0m| |[7;1m [0m|[0;1mk[0m|[7;1m [0m| |[7;1m [0m|[30;1mp[0m|| 4
[32;1m[Board] [0m   -------------------
[32;1m[Board] [0m 3 ||[0;1mp[0m|[7;1m [0m| |[7;1m [0m| |[0;1mk[0m| |[7;1m [0m|| 3
[32;1m[Board] [0m   -------------------
[32;1m[Board] [0m 2 ||[0;1mp[0m| |[0;1mp[0m| |[7;1m [0m|[0;1mp[0m|[0;1mp[0m|[0;1mp[0m|| 2
[32;1m[Board] [0m   -------------------
[32;1m[Board] [0m 1 ||[0;1mr[0m|[7;1m [0m| |[0;1mQ[0m| |[0;1mr[0m|[0;1mK[0m|[7;1m [0m|| 1
[32;1m[Board] [0m   -------------------
[32;1m[Board] [0m     a b c d e f g h
[32;1m[Board] [0m
[32;1m[Referee] [0mThis is the turn of the Black player...
[32;1m[Board] [0mInitializing board (size: 8)...
[32;1m[Board] [0m32 piece(s) on board.
[32;1m[Board] [0mLoading history file `stats/White/game-16/history.csv`...
[32;1m[Board] [0mLoaded 37 move(s).
[32;1m[Board] [0mHistory replayed, 25 piece(s) on board.
[32;1m[RandomPlayer] [0mComputing possible moves...
[32;1m[RandomPlayer] [0m19 possible move(s)
[32;1m[RandomPlayer] [0mPlaying random move 5 out of 19
[32;1m[Game] [0mPlayer's error code: 0
[32;1m[Game] [0mChecking move validity...
[32;1m[Board] [0mInitializing board (size: 8)...
[32;1m[Board] [0m32 piece(s) on board.
[32;1m[Board] [0mLoading history file `stats/White/game-16/history.csv`...
[32;1m[Board] [0mLoaded 37 move(s).
[32;1m[Board] [0mHistory replayed, 25 piece(s) on board.
[32;1m[Board] [0mLoading move file `stats/White/game-16/move.csv`...
[32;1m[Board] [0mBlack player is playing h8 to f8.
[32;1m[Board] [0m
[32;1m[Board] [0m     a b c d e f g h
[32;1m[Board] [0m   -------------------
[32;1m[Board] [0m 8 ||[0;1mb[0m|[30;1mk[0m|[30;1mb[0m| |[7;1m [0m|[30;1mr[0m|[7;1m [0m| || 8
[32;1m[Board] [0m   -------------------
[32;1m[Board] [0m 7 || |[7;1m [0m| |[30;1mp[0m| |[7;1m [0m| |[30;1mK[0m|| 7
[32;1m[Board] [0m   -------------------
[32;1m[Board] [0m 6 ||[7;1m [0m| |[7;1m [0m|[0;1mb[0m|[7;1m [0m| |[30;1mp[0m| || 6
[32;1m[Board] [0m   -------------------
[32;1m[Board] [0m 5 ||[30;1mp[0m|[7;1m [0m| |[7;1m [0m|[0;1mp[0m|[0;1mp[0m| |[30;1mk[0m|| 5
[32;1m[Board] [0m   -------------------
[32;1m[Board] [0m 4 ||[7;1m [0m| |[7;1m [0m|[0;1mk[0m|[7;1m [0m| |[7;1m [0m|[30;1mp[0m|| 4
[32;1m[Board] [0m   -------------------
[32;1m[Board] [0m 3 ||[0;1mp[0m|[7;1m [0m| |[7;1m [0m| |[0;1mk[0m| |[7;1m [0m|| 3
[32;1m[Board] [0m   -------------------
[32;1m[Board] [0m 2 ||[0;1mp[0m| |[0;1mp[0m| |[7;1m [0m|[0;1mp[0m|[0;1mp[0m|[0;1mp[0m|| 2
[32;1m[Board] [0m   -------------------
[32;1m[Board] [0m 1 ||[0;1mr[0m|[7;1m [0m| |[0;1mQ[0m| |[0;1mr[0m|[0;1mK[0m|[7;1m [0m|| 1
[32;1m[Board] [0m   -------------------
[32;1m[Board] [0m     a b c d e f g h
[32;1m[Board] [0m
[32;1m[Referee] [0mThis is the turn of the White player...
Inputed Board
Currently playing: White

------------------------------Current Search Space--------------------------------------------
Possible moves for piece: P:
 P: (3,4)->(2,4) / e5e6
 P: (3,5)->(2,5) / f5f6
 P: (3,5)->(2,6) / f5g6
 P: (5,0)->(4,0) / a3a4
 P: (6,2)->(5,2) / c2c3
 P: (6,2)->(4,2) / c2c4
 P: (6,6)->(5,6) / g2g3
 P: (6,6)->(4,6) / g2g4
 P: (6,7)->(5,7) / h2h3
Possible moves for piece: R:
 R: (7,0)->(7,1) / a1b1
 R: (7,0)->(7,2) / a1c1
 R: (7,5)->(7,4) / f1e1
Possible moves for piece: N:
 N: (4,3)->(6,4) / d4e2
 N: (4,3)->(2,4) / d4e6
 N: (4,3)->(2,2) / d4c6
 N: (4,3)->(5,1) / d4b3
 N: (4,3)->(3,1) / d4b5
 N: (5,5)->(7,4) / f3e1
 N: (5,5)->(3,6) / f3g5
 N: (5,5)->(4,7) / f3h4
 N: (5,5)->(6,3) / f3d2
Possible moves for piece: B:
 B: (0,0)->(1,1) / a8b7
 B: (0,0)->(2,2) / a8c6
 B: (0,0)->(3,3) / a8d5
 B: (0,0)->(4,4) / a8e4
 B: (2,3)->(1,2) / d6c7
 B: (2,3)->(0,1) / d6b8
 B: (2,3)->(1,4) / d6e7
 B: (2,3)->(0,5) / d6f8
 B: (2,3)->(3,2) / d6c5
 B: (2,3)->(4,1) / d6b4
Possible moves for piece: Q:
 Q: (7,3)->(6,3) / d1d2
 Q: (7,3)->(5,3) / d1d3
 Q: (7,3)->(7,4) / d1e1
 Q: (7,3)->(7,2) / d1c1
 Q: (7,3)->(7,1) / d1b1
 Q: (7,3)->(6,4) / d1e2
Possible moves for piece: K:
 K: (7,6)->(7,7) / g1h1

------------------------------Filtered Search Space--------------------------------------------
Possible moves for piece: P:
 P: (3,4)->(2,4) / e5e6
 P: (3,5)->(2,5) / f5f6
 P: (3,5)->(2,6) / f5g6
 P: (5,0)->(4,0) / a3a4
 P: (6,2)->(5,2) / c2c3
 P: (6,2)->(4,2) / c2c4
 P: (6,6)->(5,6) / g2g3
 P: (6,6)->(4,6) / g2g4
 P: (6,7)->(5,7) / h2h3
Possible moves for piece: R:
 R: (7,0)->(7,1) / a1b1
 R: (7,0)->(7,2) / a1c1
 R: (7,5)->(7,4) / f1e1
Possible moves for piece: N:
 N: (4,3)->(6,4) / d4e2
 N: (4,3)->(2,4) / d4e6
 N: (4,3)->(2,2) / d4c6
 N: (4,3)->(5,1) / d4b3
 N: (4,3)->(3,1) / d4b5
 N: (5,5)->(7,4) / f3e1
 N: (5,5)->(3,6) / f3g5
 N: (5,5)->(4,7) / f3h4
 N: (5,5)->(6,3) / f3d2
Possible moves for piece: B:
 B: (0,0)->(1,1) / a8b7
 B: (0,0)->(2,2) / a8c6
 B: (0,0)->(3,3) / a8d5
 B: (0,0)->(4,4) / a8e4
 B: (2,3)->(1,2) / d6c7
 B: (2,3)->(0,1) / d6b8
 B: (2,3)->(1,4) / d6e7
 B: (2,3)->(0,5) / d6f8
 B: (2,3)->(3,2) / d6c5
 B: (2,3)->(4,1) / d6b4
Possible moves for piece: Q:
 Q: (7,3)->(6,3) / d1d2
 Q: (7,3)->(5,3) / d1d3
 Q: (7,3)->(7,4) / d1e1
 Q: (7,3)->(7,2) / d1c1
 Q: (7,3)->(7,1) / d1b1
 Q: (7,3)->(6,4) / d1e2
Possible moves for piece: K:
 K: (7,6)->(7,7) / g1h1

--------------------------------Info on Attacks---------------------------------------------------
Squares attacked by Black pieces:
(0,3) (0,4) (0,6) (0,7) (1,1) (1,5) (1,6) (2,0) (2,2) (2,4) (2,5) (2,7) (3,5) (4,1) (4,5) (5,6) 

-------------------------------Squares controlled by the enemy------------------------------------
* * * X X * X X 
* X * * * X X * 
X * X * X X * X 
* * * * * X * * 
* X * * * X * * 
* * * * * * X * 
* * * * * * * * 
* * * * * * * * 

------------------------------Check Information---------------------------------------------------
White King located at: (7,6)
White King is safe, no check at this position.

------------------------------Special Move Information-------------------------------------------
No en passant allowed right now
------------------------------Castling Rights Information-------------------------------------------
White Kingside Castle:  NOT AVAILABLE
White Queenside Castle: NOT AVAILABLE
Black Kingside Castle:  NOT AVAILABLE
Black Queenside Castle: NOT AVAILABLE
---------------------------------------------------------------------------------------------------

========== CAPTURE EXPLORATION ==========
[0] B x n | Potential loss: NO | Score: 320
[1] B x r | Potential loss: NO | Score: 500
[2] P x p | Potential loss: NO | Score: 100
[3] N x p | Potential loss: NO | Score: 100
========================================

========== CHECK EXPLORATION ==========
[0] Candidate: P -> (3,5) -> (2,6) x p | Checking move: P (3,5) -> (2,6)Checkmate: NO
[1] Candidate: N -> (5,5) -> (3,6) | Checking move: N (5,5) -> (3,6)Checkmate: NO
======================================
--------------------------------------------------------------------------------------------------
Chosen Move: (2,3) --> (0,5)
 / d6f8

B n b * * B * * 
* * * p * * * k 
* * * * * * p * 
p * * * P P * n 
* * * N * * * p 
P * * * * N * * 
P * P * * P P P 
R * * Q * R K * 

[32;1m[Game] [0mPlayer's error code: 0
[32;1m[Game] [0mChecking move validity...
[32;1m[Board] [0mInitializing board (size: 8)...
[32;1m[Board] [0m32 piece(s) on board.
[32;1m[Board] [0mLoading history file `stats/White/game-16/history.csv`...
[32;1m[Board] [0mLoaded 38 move(s).
[32;1m[Board] [0mHistory replayed, 25 piece(s) on board.
[32;1m[Board] [0mLoading move file `stats/White/game-16/move.csv`...
[32;1m[Board] [0mWhite player is playing d6 to f8.
[32;1m[Board] [0m[5;1mWhite Bishop is taking Black Rook.[0m
[32;1m[Board] [0m
[32;1m[Board] [0m     a b c d e f g h
[32;1m[Board] [0m   -------------------
[32;1m[Board] [0m 8 ||[0;1mb[0m|[30;1mk[0m|[30;1mb[0m| |[7;1m [0m|[0;1mb[0m|[7;1m [0m| || 8
[32;1m[Board] [0m   -------------------
[32;1m[Board] [0m 7 || |[7;1m [0m| |[30;1mp[0m| |[7;1m [0m| |[30;1mK[0m|| 7
[32;1m[Board] [0m   -------------------
[32;1m[Board] [0m 6 ||[7;1m [0m| |[7;1m [0m| |[7;1m [0m| |[30;1mp[0m| || 6
[32;1m[Board] [0m   -------------------
[32;1m[Board] [0m 5 ||[30;1mp[0m|[7;1m [0m| |[7;1m [0m|[0;1mp[0m|[0;1mp[0m| |[30;1mk[0m|| 5
[32;1m[Board] [0m   -------------------
[32;1m[Board] [0m 4 ||[7;1m [0m| |[7;1m [0m|[0;1mk[0m|[7;1m [0m| |[7;1m [0m|[30;1mp[0m|| 4
[32;1m[Board] [0m   -------------------
[32;1m[Board] [0m 3 ||[0;1mp[0m|[7;1m [0m| |[7;1m [0m| |[0;1mk[0m| |[7;1m [0m|| 3
[32;1m[Board] [0m   -------------------
[32;1m[Board] [0m 2 ||[0;1mp[0m| |[0;1mp[0m| |[7;1m [0m|[0;1mp[0m|[0;1mp[0m|[0;1mp[0m|| 2
[32;1m[Board] [0m   -------------------
[32;1m[Board] [0m 1 ||[0;1mr[0m|[7;1m [0m| |[0;1mQ[0m| |[0;1mr[0m|[0;1mK[0m|[7;1m [0m|| 1
[32;1m[Board] [0m   -------------------
[32;1m[Board] [0m     a b c d e f g h
[32;1m[Board] [0m
[32;1m[Referee] [0mThis is the turn of the Black player...
[32;1m[Board] [0mInitializing board (size: 8)...
[32;1m[Board] [0m32 piece(s) on board.
[32;1m[Board] [0mLoading history file `stats/White/game-16/history.csv`...
[32;1m[Board] [0mLoaded 39 move(s).
[32;1m[Board] [0mHistory replayed, 24 piece(s) on board.
[32;1m[RandomPlayer] [0mComputing possible moves...
[32;1m[RandomPlayer] [0m16 possible move(s)
[32;1m[RandomPlayer] [0mPlaying random move 3 out of 16
[32;1m[Game] [0mPlayer's error code: 0
[32;1m[Game] [0mChecking move validity...
[32;1m[Board] [0mInitializing board (size: 8)...
[32;1m[Board] [0m32 piece(s) on board.
[32;1m[Board] [0mLoading history file `stats/White/game-16/history.csv`...
[32;1m[Board] [0mLoaded 39 move(s).
[32;1m[Board] [0mHistory replayed, 24 piece(s) on board.
[32;1m[Board] [0mLoading move file `stats/White/game-16/move.csv`...
[32;1m[Board] [0mBlack player is playing g6 to g5.
[32;1m[Board] [0m
[32;1m[Board] [0m     a b c d e f g h
[32;1m[Board] [0m   -------------------
[32;1m[Board] [0m 8 ||[0;1mb[0m|[30;1mk[0m|[30;1mb[0m| |[7;1m [0m|[0;1mb[0m|[7;1m [0m| || 8
[32;1m[Board] [0m   -------------------
[32;1m[Board] [0m 7 || |[7;1m [0m| |[30;1mp[0m| |[7;1m [0m| |[30;1mK[0m|| 7
[32;1m[Board] [0m   -------------------
[32;1m[Board] [0m 6 ||[7;1m [0m| |[7;1m [0m| |[7;1m [0m| |[7;1m [0m| || 6
[32;1m[Board] [0m   -------------------
[32;1m[Board] [0m 5 ||[30;1mp[0m|[7;1m [0m| |[7;1m [0m|[0;1mp[0m|[0;1mp[0m|[30;1mp[0m|[30;1mk[0m|| 5
[32;1m[Board] [0m   -------------------
[32;1m[Board] [0m 4 ||[7;1m [0m| |[7;1m [0m|[0;1mk[0m|[7;1m [0m| |[7;1m [0m|[30;1mp[0m|| 4
[32;1m[Board] [0m   -------------------
[32;1m[Board] [0m 3 ||[0;1mp[0m|[7;1m [0m| |[7;1m [0m| |[0;1mk[0m| |[7;1m [0m|| 3
[32;1m[Board] [0m   -------------------
[32;1m[Board] [0m 2 ||[0;1mp[0m| |[0;1mp[0m| |[7;1m [0m|[0;1mp[0m|[0;1mp[0m|[0;1mp[0m|| 2
[32;1m[Board] [0m   -------------------
[32;1m[Board] [0m 1 ||[0;1mr[0m|[7;1m [0m| |[0;1mQ[0m| |[0;1mr[0m|[0;1mK[0m|[7;1m [0m|| 1
[32;1m[Board] [0m   -------------------
[32;1m[Board] [0m     a b c d e f g h
[32;1m[Board] [0m
[32;1m[Referee] [0mThis is the turn of the White player...
Inputed Board
Currently playing: White

------------------------------Current Search Space--------------------------------------------
Possible moves for piece: P:
 P: (3,4)->(2,4) / e5e6
 P: (3,5)->(2,5) / f5f6
 P: (5,0)->(4,0) / a3a4
 P: (6,2)->(5,2) / c2c3
 P: (6,2)->(4,2) / c2c4
 P: (6,6)->(5,6) / g2g3
 P: (6,6)->(4,6) / g2g4
 P: (6,7)->(5,7) / h2h3
Possible moves for piece: R:
 R: (7,0)->(7,1) / a1b1
 R: (7,0)->(7,2) / a1c1
 R: (7,5)->(7,4) / f1e1
Possible moves for piece: N:
 N: (4,3)->(6,4) / d4e2
 N: (4,3)->(2,4) / d4e6
 N: (4,3)->(2,2) / d4c6
 N: (4,3)->(5,1) / d4b3
 N: (4,3)->(3,1) / d4b5
 N: (5,5)->(7,4) / f3e1
 N: (5,5)->(3,6) / f3g5
 N: (5,5)->(4,7) / f3h4
 N: (5,5)->(6,3) / f3d2
Possible moves for piece: B:
 B: (0,0)->(1,1) / a8b7
 B: (0,0)->(2,2) / a8c6
 B: (0,0)->(3,3) / a8d5
 B: (0,0)->(4,4) / a8e4
 B: (0,5)->(1,4) / f8e7
 B: (0,5)->(2,3) / f8d6
 B: (0,5)->(3,2) / f8c5
 B: (0,5)->(4,1) / f8b4
 B: (0,5)->(1,6) / f8g7
 B: (0,5)->(2,7) / f8h6
Possible moves for piece: Q:
 Q: (7,3)->(6,3) / d1d2
 Q: (7,3)->(5,3) / d1d3
 Q: (7,3)->(7,4) / d1e1
 Q: (7,3)->(7,2) / d1c1
 Q: (7,3)->(7,1) / d1b1
 Q: (7,3)->(6,4) / d1e2
Possible moves for piece: K:
 K: (7,6)->(7,7) / g1h1

------------------------------Filtered Search Space--------------------------------------------
Possible moves for piece: P:
 P: (3,4)->(2,4) / e5e6
 P: (3,5)->(2,5) / f5f6
 P: (5,0)->(4,0) / a3a4
 P: (6,2)->(5,2) / c2c3
 P: (6,2)->(4,2) / c2c4
 P: (6,6)->(5,6) / g2g3
 P: (6,6)->(4,6) / g2g4
 P: (6,7)->(5,7) / h2h3
Possible moves for piece: R:
 R: (7,0)->(7,1) / a1b1
 R: (7,0)->(7,2) / a1c1
 R: (7,5)->(7,4) / f1e1
Possible moves for piece: N:
 N: (4,3)->(6,4) / d4e2
 N: (4,3)->(2,4) / d4e6
 N: (4,3)->(2,2) / d4c6
 N: (4,3)->(5,1) / d4b3
 N: (4,3)->(3,1) / d4b5
 N: (5,5)->(7,4) / f3e1
 N: (5,5)->(3,6) / f3g5
 N: (5,5)->(4,7) / f3h4
 N: (5,5)->(6,3) / f3d2
Possible moves for piece: B:
 B: (0,0)->(1,1) / a8b7
 B: (0,0)->(2,2) / a8c6
 B: (0,0)->(3,3) / a8d5
 B: (0,0)->(4,4) / a8e4
 B: (0,5)->(1,4) / f8e7
 B: (0,5)->(2,3) / f8d6
 B: (0,5)->(3,2) / f8c5
 B: (0,5)->(4,1) / f8b4
 B: (0,5)->(1,6) / f8g7
 B: (0,5)->(2,7) / f8h6
Possible moves for piece: Q:
 Q: (7,3)->(6,3) / d1d2
 Q: (7,3)->(5,3) / d1d3
 Q: (7,3)->(7,4) / d1e1
 Q: (7,3)->(7,2) / d1c1
 Q: (7,3)->(7,1) / d1b1
 Q: (7,3)->(6,4) / d1e2
Possible moves for piece: K:
 K: (7,6)->(7,7) / g1h1

--------------------------------Info on Attacks---------------------------------------------------
Squares attacked by Black pieces:
(0,6) (0,7) (1,1) (1,6) (2,0) (2,2) (2,4) (2,5) (2,6) (2,7) (4,1) (4,5) (5,6) 

-------------------------------Squares controlled by the enemy------------------------------------
* * * * * * X X 
* X * * * * X * 
X * X * X X X X 
* * * * * * * * 
* X * * * X * * 
* * * * * * X * 
* * * * * * * * 
* * * * * * * * 

------------------------------Check Information---------------------------------------------------
White King located at: (7,6)
White King is safe, no check at this position.

------------------------------Special Move Information-------------------------------------------
No en passant allowed right now
------------------------------Castling Rights Information-------------------------------------------
White Kingside Castle:  NOT AVAILABLE
White Queenside Castle: NOT AVAILABLE
Black Kingside Castle:  NOT AVAILABLE
Black Queenside Castle: NOT AVAILABLE
---------------------------------------------------------------------------------------------------

========== CAPTURE EXPLORATION ==========
[0] N x p | Potential loss: NO | Score: 100
[1] N x p | Potential loss: NO | Score: 100
========================================

========== CHECK EXPLORATION ==========
[0] Candidate: N -> (5,5) -> (3,6) x p | Checking move: N (5,5) -> (3,6)Checkmate: NO
======================================
--------------------------------------------------------------------------------------------------
Chosen Move: (5,5) --> (3,6)
 / f3g5

B n b * * B * * 
* * * p * * * k 
* * * * * * * * 
p * * * P P N n 
* * * N * * * p 
P * * * * * * * 
P * P * * P P P 
R * * Q * R K * 

[32;1m[Game] [0mPlayer's error code: 0
[32;1m[Game] [0mChecking move validity...
[32;1m[Board] [0mInitializing board (size: 8)...
[32;1m[Board] [0m32 piece(s) on board.
[32;1m[Board] [0mLoading history file `stats/White/game-16/history.csv`...
[32;1m[Board] [0mLoaded 40 move(s).
[32;1m[Board] [0mHistory replayed, 24 piece(s) on board.
[32;1m[Board] [0mLoading move file `stats/White/game-16/move.csv`...
[32;1m[Board] [0mWhite player is playing f3 to g5.
[32;1m[Board] [0m[5;1mWhite Knight is taking Black Pawn.[0m
[32;1m[Board] [0m
[32;1m[Board] [0m     a b c d e f g h
[32;1m[Board] [0m   -------------------
[32;1m[Board] [0m 8 ||[0;1mb[0m|[30;1mk[0m|[30;1mb[0m| |[7;1m [0m|[0;1mb[0m|[7;1m [0m| || 8
[32;1m[Board] [0m   -------------------
[32;1m[Board] [0m 7 || |[7;1m [0m| |[30;1mp[0m| |[7;1m [0m| |[30;1mK[0m|| 7
[32;1m[Board] [0m   -------------------
[32;1m[Board] [0m 6 ||[7;1m [0m| |[7;1m [0m| |[7;1m [0m| |[7;1m [0m| || 6
[32;1m[Board] [0m   -------------------
[32;1m[Board] [0m 5 ||[30;1mp[0m|[7;1m [0m| |[7;1m [0m|[0;1mp[0m|[0;1mp[0m|[0;1mk[0m|[30;1mk[0m|| 5
[32;1m[Board] [0m   -------------------
[32;1m[Board] [0m 4 ||[7;1m [0m| |[7;1m [0m|[0;1mk[0m|[7;1m [0m| |[7;1m [0m|[30;1mp[0m|| 4
[32;1m[Board] [0m   -------------------
[32;1m[Board] [0m 3 ||[0;1mp[0m|[7;1m [0m| |[7;1m [0m| |[7;1m [0m| |[7;1m [0m|| 3
[32;1m[Board] [0m   -------------------
[32;1m[Board] [0m 2 ||[0;1mp[0m| |[0;1mp[0m| |[7;1m [0m|[0;1mp[0m|[0;1mp[0m|[0;1mp[0m|| 2
[32;1m[Board] [0m   -------------------
[32;1m[Board] [0m 1 ||[0;1mr[0m|[7;1m [0m| |[0;1mQ[0m| |[0;1mr[0m|[0;1mK[0m|[7;1m [0m|| 1
[32;1m[Board] [0m   -------------------
[32;1m[Board] [0m     a b c d e f g h
[32;1m[Board] [0m
[32;1m[Referee] [0mThis is the turn of the Black player...
[32;1m[Board] [0mInitializing board (size: 8)...
[32;1m[Board] [0m32 piece(s) on board.
[32;1m[Board] [0mLoading history file `stats/White/game-16/history.csv`...
[32;1m[Board] [0mLoaded 41 move(s).
[32;1m[Board] [0mHistory replayed, 23 piece(s) on board.
[32;1m[RandomPlayer] [0mComputing possible moves...
[32;1m[RandomPlayer] [0m2 possible move(s)
[32;1m[RandomPlayer] [0mPlaying random move 0 out of 2
[32;1m[Game] [0mPlayer's error code: 0
[32;1m[Game] [0mChecking move validity...
[32;1m[Board] [0mInitializing board (size: 8)...
[32;1m[Board] [0m32 piece(s) on board.
[32;1m[Board] [0mLoading history file `stats/White/game-16/history.csv`...
[32;1m[Board] [0mLoaded 41 move(s).
[32;1m[Board] [0mHistory replayed, 23 piece(s) on board.
[32;1m[Board] [0mLoading move file `stats/White/game-16/move.csv`...
[32;1m[Board] [0mBlack player is playing h7 to h8.
[32;1m[Board] [0m
[32;1m[Board] [0m     a b c d e f g h
[32;1m[Board] [0m   -------------------
[32;1m[Board] [0m 8 ||[0;1mb[0m|[30;1mk[0m|[30;1mb[0m| |[7;1m [0m|[0;1mb[0m|[7;1m [0m|[30;1mK[0m|| 8
[32;1m[Board] [0m   -------------------
[32;1m[Board] [0m 7 || |[7;1m [0m| |[30;1mp[0m| |[7;1m [0m| |[7;1m [0m|| 7
[32;1m[Board] [0m   -------------------
[32;1m[Board] [0m 6 ||[7;1m [0m| |[7;1m [0m| |[7;1m [0m| |[7;1m [0m| || 6
[32;1m[Board] [0m   -------------------
[32;1m[Board] [0m 5 ||[30;1mp[0m|[7;1m [0m| |[7;1m [0m|[0;1mp[0m|[0;1mp[0m|[0;1mk[0m|[30;1mk[0m|| 5
[32;1m[Board] [0m   -------------------
[32;1m[Board] [0m 4 ||[7;1m [0m| |[7;1m [0m|[0;1mk[0m|[7;1m [0m| |[7;1m [0m|[30;1mp[0m|| 4
[32;1m[Board] [0m   -------------------
[32;1m[Board] [0m 3 ||[0;1mp[0m|[7;1m [0m| |[7;1m [0m| |[7;1m [0m| |[7;1m [0m|| 3
[32;1m[Board] [0m   -------------------
[32;1m[Board] [0m 2 ||[0;1mp[0m| |[0;1mp[0m| |[7;1m [0m|[0;1mp[0m|[0;1mp[0m|[0;1mp[0m|| 2
[32;1m[Board] [0m   -------------------
[32;1m[Board] [0m 1 ||[0;1mr[0m|[7;1m [0m| |[0;1mQ[0m| |[0;1mr[0m|[0;1mK[0m|[7;1m [0m|| 1
[32;1m[Board] [0m   -------------------
[32;1m[Board] [0m     a b c d e f g h
[32;1m[Board] [0m
[32;1m[Referee] [0mThis is the turn of the White player...
Inputed Board
Currently playing: White

------------------------------Current Search Space--------------------------------------------
Possible moves for piece: P:
 P: (3,4)->(2,4) / e5e6
 P: (3,5)->(2,5) / f5f6
 P: (5,0)->(4,0) / a3a4
 P: (6,2)->(5,2) / c2c3
 P: (6,2)->(4,2) / c2c4
 P: (6,5)->(5,5) / f2f3
 P: (6,5)->(4,5) / f2f4
 P: (6,6)->(5,6) / g2g3
 P: (6,6)->(4,6) / g2g4
 P: (6,7)->(5,7) / h2h3
Possible moves for piece: R:
 R: (7,0)->(7,1) / a1b1
 R: (7,0)->(7,2) / a1c1
 R: (7,5)->(7,4) / f1e1
Possible moves for piece: N:
 N: (3,6)->(5,7) / g5h3
 N: (3,6)->(5,5) / g5f3
 N: (3,6)->(1,7) / g5h7
 N: (3,6)->(1,5) / g5f7
 N: (3,6)->(4,4) / g5e4
 N: (3,6)->(2,4) / g5e6
 N: (4,3)->(6,4) / d4e2
 N: (4,3)->(2,4) / d4e6
 N: (4,3)->(2,2) / d4c6
 N: (4,3)->(5,5) / d4f3
 N: (4,3)->(5,1) / d4b3
 N: (4,3)->(3,1) / d4b5
Possible moves for piece: B:
 B: (0,0)->(1,1) / a8b7
 B: (0,0)->(2,2) / a8c6
 B: (0,0)->(3,3) / a8d5
 B: (0,0)->(4,4) / a8e4
 B: (0,0)->(5,5) / a8f3
 B: (0,5)->(1,4) / f8e7
 B: (0,5)->(2,3) / f8d6
 B: (0,5)->(3,2) / f8c5
 B: (0,5)->(4,1) / f8b4
 B: (0,5)->(1,6) / f8g7
 B: (0,5)->(2,7) / f8h6
Possible moves for piece: Q:
 Q: (7,3)->(6,3) / d1d2
 Q: (7,3)->(5,3) / d1d3
 Q: (7,3)->(7,4) / d1e1
 Q: (7,3)->(7,2) / d1c1
 Q: (7,3)->(7,1) / d1b1
 Q: (7,3)->(6,4) / d1e2
 Q: (7,3)->(5,5) / d1f3
 Q: (7,3)->(4,6) / d1g4
 Q: (7,3)->(3,7) / d1h5
Possible moves for piece: K:
 K: (7,6)->(7,7) / g1h1

------------------------------Filtered Search Space--------------------------------------------
Possible moves for piece: P:
 P: (3,4)->(2,4) / e5e6
 P: (3,5)->(2,5) / f5f6
 P: (5,0)->(4,0) / a3a4
 P: (6,2)->(5,2) / c2c3
 P: (6,2)->(4,2) / c2c4
 P: (6,5)->(5,5) / f2f3
 P: (6,5)->(4,5) / f2f4
 P: (6,6)->(5,6) / g2g3
 P: (6,6)->(4,6) / g2g4
 P: (6,7)->(5,7) / h2h3
Possible moves for piece: R:
 R: (7,0)->(7,1) / a1b1
 R: (7,0)->(7,2) / a1c1
 R: (7,5)->(7,4) / f1e1
Possible moves for piece: N:
 N: (3,6)->(5,7) / g5h3
 N: (3,6)->(5,5) / g5f3
 N: (3,6)->(1,7) / g5h7
 N: (3,6)->(1,5) / g5f7
 N: (3,6)->(4,4) / g5e4
 N: (3,6)->(2,4) / g5e6
 N: (4,3)->(6,4) / d4e2
 N: (4,3)->(2,4) / d4e6
 N: (4,3)->(2,2) / d4c6
 N: (4,3)->(5,5) / d4f3
 N: (4,3)->(5,1) / d4b3
 N: (4,3)->(3,1) / d4b5
Possible moves for piece: B:
 B: (0,0)->(1,1) / a8b7
 B: (0,0)->(2,2) / a8c6
 B: (0,0)->(3,3) / a8d5
 B: (0,0)->(4,4) / a8e4
 B: (0,0)->(5,5) / a8f3
 B: (0,5)->(1,4) / f8e7
 B: (0,5)->(2,3) / f8d6
 B: (0,5)->(3,2) / f8c5
 B: (0,5)->(4,1) / f8b4
 B: (0,5)->(1,6) / f8g7
 B: (0,5)->(2,7) / f8h6
Possible moves for piece: Q:
 Q: (7,3)->(6,3) / d1d2
 Q: (7,3)->(5,3) / d1d3
 Q: (7,3)->(7,4) / d1e1
 Q: (7,3)->(7,2) / d1c1
 Q: (7,3)->(7,1) / d1b1
 Q: (7,3)->(6,4) / d1e2
 Q: (7,3)->(5,5) / d1f3
 Q: (7,3)->(4,6) / d1g4
 Q: (7,3)->(3,7) / d1h5
Possible moves for piece: K:
 K: (7,6)->(7,7) / g1h1

--------------------------------Info on Attacks---------------------------------------------------
Squares attacked by Black pieces:
(0,6) (1,1) (1,6) (1,7) (2,0) (2,2) (2,4) (2,5) (4,1) (4,5) (5,6) 

-------------------------------Squares controlled by the enemy------------------------------------
* * * * * * X * 
* X * * * * X X 
X * X * X X * * 
* * * * * * * * 
* X * * * X * * 
* * * * * * X * 
* * * * * * * * 
* * * * * * * * 

------------------------------Check Information---------------------------------------------------
White King located at: (7,6)
White King is safe, no check at this position.

------------------------------Special Move Information-------------------------------------------
No en passant allowed right now
------------------------------Castling Rights Information-------------------------------------------
White Kingside Castle:  NOT AVAILABLE
White Queenside Castle: NOT AVAILABLE
Black Kingside Castle:  NOT AVAILABLE
Black Queenside Castle: NOT AVAILABLE
---------------------------------------------------------------------------------------------------

========== CAPTURE EXPLORATION ==========
[0] Q x n | Potential loss: NO | Score: 320
========================================

========== CHECK EXPLORATION ==========
[0] Candidate: B -> (0,5) -> (1,6) | Checking move: B (0,5) -> (1,6)Checkmate: NO
[1] Candidate: N -> (3,6) -> (1,5) | Checking move: N (3,6) -> (1,5)Checkmate: NO
[2] Candidate: Q -> (7,3) -> (3,7) x n | Checking move: Q (7,3) -> (3,7)Checkmate: NO
======================================
--------------------------------------------------------------------------------------------------
Chosen Move: (7,3) --> (3,7)
 / d1h5

B n b * * B * k 
* * * p * * * * 
* * * * * * * * 
p * * * P P N Q 
* * * N * * * p 
P * * * * * * * 
P * P * * P P P 
R * * * * R K * 

[32;1m[Game] [0mPlayer's error code: 0
[32;1m[Game] [0mChecking move validity...
[32;1m[Board] [0mInitializing board (size: 8)...
[32;1m[Board] [0m32 piece(s) on board.
[32;1m[Board] [0mLoading history file `stats/White/game-16/history.csv`...
[32;1m[Board] [0mLoaded 42 move(s).
[32;1m[Board] [0mHistory replayed, 23 piece(s) on board.
[32;1m[Board] [0mLoading move file `stats/White/game-16/move.csv`...
[32;1m[Board] [0mWhite player is playing d1 to h5.
[32;1m[Board] [0m[5;1mWhite Queen is taking Black Knight.[0m
[32;1m[Board] [0m
[32;1m[Board] [0m     a b c d e f g h
[32;1m[Board] [0m   -------------------
[32;1m[Board] [0m 8 ||[0;1mb[0m|[30;1mk[0m|[30;1mb[0m| |[7;1m [0m|[0;1mb[0m|[7;1m [0m|[30;1mK[0m|| 8
[32;1m[Board] [0m   -------------------
[32;1m[Board] [0m 7 || |[7;1m [0m| |[30;1mp[0m| |[7;1m [0m| |[7;1m [0m|| 7
[32;1m[Board] [0m   -------------------
[32;1m[Board] [0m 6 ||[7;1m [0m| |[7;1m [0m| |[7;1m [0m| |[7;1m [0m| || 6
[32;1m[Board] [0m   -------------------
[32;1m[Board] [0m 5 ||[30;1mp[0m|[7;1m [0m| |[7;1m [0m|[0;1mp[0m|[0;1mp[0m|[0;1mk[0m|[0;1mQ[0m|| 5
[32;1m[Board] [0m   -------------------
[32;1m[Board] [0m 4 ||[7;1m [0m| |[7;1m [0m|[0;1mk[0m|[7;1m [0m| |[7;1m [0m|[30;1mp[0m|| 4
[32;1m[Board] [0m   -------------------
[32;1m[Board] [0m 3 ||[0;1mp[0m|[7;1m [0m| |[7;1m [0m| |[7;1m [0m| |[7;1m [0m|| 3
[32;1m[Board] [0m   -------------------
[32;1m[Board] [0m 2 ||[0;1mp[0m| |[0;1mp[0m| |[7;1m [0m|[0;1mp[0m|[0;1mp[0m|[0;1mp[0m|| 2
[32;1m[Board] [0m   -------------------
[32;1m[Board] [0m 1 ||[0;1mr[0m|[7;1m [0m| |[7;1m [0m| |[0;1mr[0m|[0;1mK[0m|[7;1m [0m|| 1
[32;1m[Board] [0m   -------------------
[32;1m[Board] [0m     a b c d e f g h
[32;1m[Board] [0m
[32;1m[Referee] [0mThis is the turn of the Black player...
[32;1m[Board] [0mInitializing board (size: 8)...
[32;1m[Board] [0m32 piece(s) on board.
[32;1m[Board] [0mLoading history file `stats/White/game-16/history.csv`...
[32;1m[Board] [0mLoaded 43 move(s).
[32;1m[Board] [0mHistory replayed, 22 piece(s) on board.
[32;1m[RandomPlayer] [0mComputing possible moves...
[32;1m[RandomPlayer] [0m1 possible move(s)
[32;1m[Game] [0mPlayer's error code: 0
[32;1m[Game] [0mChecking move validity...
[32;1m[Board] [0mInitializing board (size: 8)...
[32;1m[Board] [0m32 piece(s) on board.
[32;1m[Board] [0mLoading history file `stats/White/game-16/history.csv`...
[32;1m[Board] [0mLoaded 43 move(s).
[32;1m[Board] [0mHistory replayed, 22 piece(s) on board.
[32;1m[Board] [0mLoading move file `stats/White/game-16/move.csv`...
[32;1m[Board] [0mBlack player is playing h8 to g8.
[32;1m[Board] [0m
[32;1m[Board] [0m     a b c d e f g h
[32;1m[Board] [0m   -------------------
[32;1m[Board] [0m 8 ||[0;1mb[0m|[30;1mk[0m|[30;1mb[0m| |[7;1m [0m|[0;1mb[0m|[30;1mK[0m| || 8
[32;1m[Board] [0m   -------------------
[32;1m[Board] [0m 7 || |[7;1m [0m| |[30;1mp[0m| |[7;1m [0m| |[7;1m [0m|| 7
[32;1m[Board] [0m   -------------------
[32;1m[Board] [0m 6 ||[7;1m [0m| |[7;1m [0m| |[7;1m [0m| |[7;1m [0m| || 6
[32;1m[Board] [0m   -------------------
[32;1m[Board] [0m 5 ||[30;1mp[0m|[7;1m [0m| |[7;1m [0m|[0;1mp[0m|[0;1mp[0m|[0;1mk[0m|[0;1mQ[0m|| 5
[32;1m[Board] [0m   -------------------
[32;1m[Board] [0m 4 ||[7;1m [0m| |[7;1m [0m|[0;1mk[0m|[7;1m [0m| |[7;1m [0m|[30;1mp[0m|| 4
[32;1m[Board] [0m   -------------------
[32;1m[Board] [0m 3 ||[0;1mp[0m|[7;1m [0m| |[7;1m [0m| |[7;1m [0m| |[7;1m [0m|| 3
[32;1m[Board] [0m   -------------------
[32;1m[Board] [0m 2 ||[0;1mp[0m| |[0;1mp[0m| |[7;1m [0m|[0;1mp[0m|[0;1mp[0m|[0;1mp[0m|| 2
[32;1m[Board] [0m   -------------------
[32;1m[Board] [0m 1 ||[0;1mr[0m|[7;1m [0m| |[7;1m [0m| |[0;1mr[0m|[0;1mK[0m|[7;1m [0m|| 1
[32;1m[Board] [0m   -------------------
[32;1m[Board] [0m     a b c d e f g h
[32;1m[Board] [0m
[32;1m[Referee] [0mThis is the turn of the White player...
Inputed Board
Currently playing: White

------------------------------Current Search Space--------------------------------------------
Possible moves for piece: P:
 P: (3,4)->(2,4) / e5e6
 P: (3,5)->(2,5) / f5f6
 P: (5,0)->(4,0) / a3a4
 P: (6,2)->(5,2) / c2c3
 P: (6,2)->(4,2) / c2c4
 P: (6,5)->(5,5) / f2f3
 P: (6,5)->(4,5) / f2f4
 P: (6,6)->(5,6) / g2g3
 P: (6,6)->(4,6) / g2g4
 P: (6,7)->(5,7) / h2h3
Possible moves for piece: R:
 R: (7,0)->(7,1) / a1b1
 R: (7,0)->(7,2) / a1c1
 R: (7,0)->(7,3) / a1d1
 R: (7,0)->(7,4) / a1e1
 R: (7,5)->(7,4) / f1e1
 R: (7,5)->(7,3) / f1d1
 R: (7,5)->(7,2) / f1c1
 R: (7,5)->(7,1) / f1b1
Possible moves for piece: N:
 N: (3,6)->(5,7) / g5h3
 N: (3,6)->(5,5) / g5f3
 N: (3,6)->(1,7) / g5h7
 N: (3,6)->(1,5) / g5f7
 N: (3,6)->(4,4) / g5e4
 N: (3,6)->(2,4) / g5e6
 N: (4,3)->(6,4) / d4e2
 N: (4,3)->(2,4) / d4e6
 N: (4,3)->(2,2) / d4c6
 N: (4,3)->(5,5) / d4f3
 N: (4,3)->(5,1) / d4b3
 N: (4,3)->(3,1) / d4b5
Possible moves for piece: B:
 B: (0,0)->(1,1) / a8b7
 B: (0,0)->(2,2) / a8c6
 B: (0,0)->(3,3) / a8d5
 B: (0,0)->(4,4) / a8e4
 B: (0,0)->(5,5) / a8f3
 B: (0,5)->(1,4) / f8e7
 B: (0,5)->(2,3) / f8d6
 B: (0,5)->(3,2) / f8c5
 B: (0,5)->(4,1) / f8b4
 B: (0,5)->(1,6) / f8g7
 B: (0,5)->(2,7) / f8h6
Possible moves for piece: Q:
 Q: (3,7)->(4,7) / h5h4
 Q: (3,7)->(2,7) / h5h6
 Q: (3,7)->(1,7) / h5h7
 Q: (3,7)->(0,7) / h5h8
 Q: (3,7)->(2,6) / h5g6
 Q: (3,7)->(1,5) / h5f7
 Q: (3,7)->(0,4) / h5e8
 Q: (3,7)->(4,6) / h5g4
 Q: (3,7)->(5,5) / h5f3
 Q: (3,7)->(6,4) / h5e2
 Q: (3,7)->(7,3) / h5d1
Possible moves for piece: K:
 K: (7,6)->(7,7) / g1h1

------------------------------Filtered Search Space--------------------------------------------
Possible moves for piece: P:
 P: (3,4)->(2,4) / e5e6
 P: (3,5)->(2,5) / f5f6
 P: (5,0)->(4,0) / a3a4
 P: (6,2)->(5,2) / c2c3
 P: (6,2)->(4,2) / c2c4
 P: (6,5)->(5,5) / f2f3
 P: (6,5)->(4,5) / f2f4
 P: (6,6)->(5,6) / g2g3
 P: (6,6)->(4,6) / g2g4
 P: (6,7)->(5,7) / h2h3
Possible moves for piece: R:
 R: (7,0)->(7,1) / a1b1
 R: (7,0)->(7,2) / a1c1
 R: (7,0)->(7,3) / a1d1
 R: (7,0)->(7,4) / a1e1
 R: (7,5)->(7,4) / f1e1
 R: (7,5)->(7,3) / f1d1
 R: (7,5)->(7,2) / f1c1
 R: (7,5)->(7,1) / f1b1
Possible moves for piece: N:
 N: (3,6)->(5,7) / g5h3
 N: (3,6)->(5,5) / g5f3
 N: (3,6)->(1,7) / g5h7
 N: (3,6)->(1,5) / g5f7
 N: (3,6)->(4,4) / g5e4
 N: (3,6)->(2,4) / g5e6
 N: (4,3)->(6,4) / d4e2
 N: (4,3)->(2,4) / d4e6
 N: (4,3)->(2,2) / d4c6
 N: (4,3)->(5,5) / d4f3
 N: (4,3)->(5,1) / d4b3
 N: (4,3)->(3,1) / d4b5
Possible moves for piece: B:
 B: (0,0)->(1,1) / a8b7
 B: (0,0)->(2,2) / a8c6
 B: (0,0)->(3,3) / a8d5
 B: (0,0)->(4,4) / a8e4
 B: (0,0)->(5,5) / a8f3
 B: (0,5)->(1,4) / f8e7
 B: (0,5)->(2,3) / f8d6
 B: (0,5)->(3,2) / f8c5
 B: (0,5)->(4,1) / f8b4
 B: (0,5)->(1,6) / f8g7
 B: (0,5)->(2,7) / f8h6
Possible moves for piece: Q:
 Q: (3,7)->(4,7) / h5h4
 Q: (3,7)->(2,7) / h5h6
 Q: (3,7)->(1,7) / h5h7
 Q: (3,7)->(0,7) / h5h8
 Q: (3,7)->(2,6) / h5g6
 Q: (3,7)->(1,5) / h5f7
 Q: (3,7)->(0,4) / h5e8
 Q: (3,7)->(4,6) / h5g4
 Q: (3,7)->(5,5) / h5f3
 Q: (3,7)->(6,4) / h5e2
 Q: (3,7)->(7,3) / h5d1
Possible moves for piece: K:
 K: (7,6)->(7,7) / g1h1

--------------------------------Info on Attacks---------------------------------------------------
Squares attacked by Black pieces:
(0,5) (0,7) (1,1) (1,5) (1,6) (1,7) (2,0) (2,2) (2,4) (4,1) (5,6) 

-------------------------------Squares controlled by the enemy------------------------------------
* * * * * X * X 
* X * * * X X X 
X * X * X * * * 
* * * * * * * * 
* X * * * * * * 
* * * * * * X * 
* * * * * * * * 
* * * * * * * * 

------------------------------Check Information---------------------------------------------------
White King located at: (7,6)
White King is safe, no check at this position.

------------------------------Special Move Information-------------------------------------------
No en passant allowed right now
------------------------------Castling Rights Information-------------------------------------------
White Kingside Castle:  NOT AVAILABLE
White Queenside Castle: NOT AVAILABLE
Black Kingside Castle:  NOT AVAILABLE
Black Queenside Castle: NOT AVAILABLE
---------------------------------------------------------------------------------------------------

========== CAPTURE EXPLORATION ==========
[0] Q x p | Potential loss: NO | Score: 100
========================================

========== CHECK EXPLORATION ==========
[0] Candidate: B -> (0,0) -> (3,3) | Checking move: B (0,0) -> (3,3)Checkmate: NO
[1] Candidate: Q -> (3,7) -> (1,7) | Checking move: Q (3,7) -> (1,7)Checkmate: NO
[2] Candidate: Q -> (3,7) -> (0,7) | Checking move: Q (3,7) -> (0,7)Checkmate: NO
[3] Candidate: Q -> (3,7) -> (2,6) | Checking move: Q (3,7) -> (2,6)Checkmate: NO
[4] Candidate: Q -> (3,7) -> (1,5) | Checking move: Q (3,7) -> (1,5)Checkmate: NO
======================================
--------------------------------------------------------------------------------------------------
Chosen Move: (3,7) --> (4,7)
 / h5h4

B n b * * B k * 
* * * p * * * * 
* * * * * * * * 
p * * * P P N * 
* * * N * * * Q 
P * * * * * * * 
P * P * * P P P 
R * * * * R K * 

[32;1m[Game] [0mPlayer's error code: 0
[32;1m[Game] [0mChecking move validity...
[32;1m[Board] [0mInitializing board (size: 8)...
[32;1m[Board] [0m32 piece(s) on board.
[32;1m[Board] [0mLoading history file `stats/White/game-16/history.csv`...
[32;1m[Board] [0mLoaded 44 move(s).
[32;1m[Board] [0mHistory replayed, 22 piece(s) on board.
[32;1m[Board] [0mLoading move file `stats/White/game-16/move.csv`...
[32;1m[Board] [0mWhite player is playing h5 to h4.
[32;1m[Board] [0m[5;1mWhite Queen is taking Black Pawn.[0m
[32;1m[Board] [0m
[32;1m[Board] [0m     a b c d e f g h
[32;1m[Board] [0m   -------------------
[32;1m[Board] [0m 8 ||[0;1mb[0m|[30;1mk[0m|[30;1mb[0m| |[7;1m [0m|[0;1mb[0m|[30;1mK[0m| || 8
[32;1m[Board] [0m   -------------------
[32;1m[Board] [0m 7 || |[7;1m [0m| |[30;1mp[0m| |[7;1m [0m| |[7;1m [0m|| 7
[32;1m[Board] [0m   -------------------
[32;1m[Board] [0m 6 ||[7;1m [0m| |[7;1m [0m| |[7;1m [0m| |[7;1m [0m| || 6
[32;1m[Board] [0m   -------------------
[32;1m[Board] [0m 5 ||[30;1mp[0m|[7;1m [0m| |[7;1m [0m|[0;1mp[0m|[0;1mp[0m|[0;1mk[0m|[7;1m [0m|| 5
[32;1m[Board] [0m   -------------------
[32;1m[Board] [0m 4 ||[7;1m [0m| |[7;1m [0m|[0;1mk[0m|[7;1m [0m| |[7;1m [0m|[0;1mQ[0m|| 4
[32;1m[Board] [0m   -------------------
[32;1m[Board] [0m 3 ||[0;1mp[0m|[7;1m [0m| |[7;1m [0m| |[7;1m [0m| |[7;1m [0m|| 3
[32;1m[Board] [0m   -------------------
[32;1m[Board] [0m 2 ||[0;1mp[0m| |[0;1mp[0m| |[7;1m [0m|[0;1mp[0m|[0;1mp[0m|[0;1mp[0m|| 2
[32;1m[Board] [0m   -------------------
[32;1m[Board] [0m 1 ||[0;1mr[0m|[7;1m [0m| |[7;1m [0m| |[0;1mr[0m|[0;1mK[0m|[7;1m [0m|| 1
[32;1m[Board] [0m   -------------------
[32;1m[Board] [0m     a b c d e f g h
[32;1m[Board] [0m
[32;1m[Referee] [0mThis is the turn of the Black player...
[32;1m[Board] [0mInitializing board (size: 8)...
[32;1m[Board] [0m32 piece(s) on board.
[32;1m[Board] [0mLoading history file `stats/White/game-16/history.csv`...
[32;1m[Board] [0mLoaded 45 move(s).
[32;1m[Board] [0mHistory replayed, 21 piece(s) on board.
[32;1m[RandomPlayer] [0mComputing possible moves...
[32;1m[RandomPlayer] [0m8 possible move(s)
[32;1m[RandomPlayer] [0mPlaying random move 5 out of 8
[32;1m[Game] [0mPlayer's error code: 0
[32;1m[Game] [0mChecking move validity...
[32;1m[Board] [0mInitializing board (size: 8)...
[32;1m[Board] [0m32 piece(s) on board.
[32;1m[Board] [0mLoading history file `stats/White/game-16/history.csv`...
[32;1m[Board] [0mLoaded 45 move(s).
[32;1m[Board] [0mHistory replayed, 21 piece(s) on board.
[32;1m[Board] [0mLoading move file `stats/White/game-16/move.csv`...
[32;1m[Board] [0mBlack player is playing c8 to b7.
[32;1m[Board] [0m
[32;1m[Board] [0m     a b c d e f g h
[32;1m[Board] [0m   -------------------
[32;1m[Board] [0m 8 ||[0;1mb[0m|[30;1mk[0m|[7;1m [0m| |[7;1m [0m|[0;1mb[0m|[30;1mK[0m| || 8
[32;1m[Board] [0m   -------------------
[32;1m[Board] [0m 7 || |[30;1mb[0m| |[30;1mp[0m| |[7;1m [0m| |[7;1m [0m|| 7
[32;1m[Board] [0m   -------------------
[32;1m[Board] [0m 6 ||[7;1m [0m| |[7;1m [0m| |[7;1m [0m| |[7;1m [0m| || 6
[32;1m[Board] [0m   -------------------
[32;1m[Board] [0m 5 ||[30;1mp[0m|[7;1m [0m| |[7;1m [0m|[0;1mp[0m|[0;1mp[0m|[0;1mk[0m|[7;1m [0m|| 5
[32;1m[Board] [0m   -------------------
[32;1m[Board] [0m 4 ||[7;1m [0m| |[7;1m [0m|[0;1mk[0m|[7;1m [0m| |[7;1m [0m|[0;1mQ[0m|| 4
[32;1m[Board] [0m   -------------------
[32;1m[Board] [0m 3 ||[0;1mp[0m|[7;1m [0m| |[7;1m [0m| |[7;1m [0m| |[7;1m [0m|| 3
[32;1m[Board] [0m   -------------------
[32;1m[Board] [0m 2 ||[0;1mp[0m| |[0;1mp[0m| |[7;1m [0m|[0;1mp[0m|[0;1mp[0m|[0;1mp[0m|| 2
[32;1m[Board] [0m   -------------------
[32;1m[Board] [0m 1 ||[0;1mr[0m|[7;1m [0m| |[7;1m [0m| |[0;1mr[0m|[0;1mK[0m|[7;1m [0m|| 1
[32;1m[Board] [0m   -------------------
[32;1m[Board] [0m     a b c d e f g h
[32;1m[Board] [0m
[32;1m[Referee] [0mThis is the turn of the White player...
Inputed Board
Currently playing: White

------------------------------Current Search Space--------------------------------------------
Possible moves for piece: P:
 P: (3,4)->(2,4) / e5e6
 P: (3,5)->(2,5) / f5f6
 P: (5,0)->(4,0) / a3a4
 P: (6,2)->(5,2) / c2c3
 P: (6,2)->(4,2) / c2c4
 P: (6,5)->(5,5) / f2f3
 P: (6,5)->(4,5) / f2f4
 P: (6,6)->(5,6) / g2g3
 P: (6,6)->(4,6) / g2g4
 P: (6,7)->(5,7) / h2h3
Possible moves for piece: R:
 R: (7,0)->(7,1) / a1b1
 R: (7,0)->(7,2) / a1c1
 R: (7,0)->(7,3) / a1d1
 R: (7,0)->(7,4) / a1e1
 R: (7,5)->(7,4) / f1e1
 R: (7,5)->(7,3) / f1d1
 R: (7,5)->(7,2) / f1c1
 R: (7,5)->(7,1) / f1b1
Possible moves for piece: N:
 N: (3,6)->(5,7) / g5h3
 N: (3,6)->(5,5) / g5f3
 N: (3,6)->(1,7) / g5h7
 N: (3,6)->(1,5) / g5f7
 N: (3,6)->(4,4) / g5e4
 N: (3,6)->(2,4) / g5e6
 N: (4,3)->(6,4) / d4e2
 N: (4,3)->(2,4) / d4e6
 N: (4,3)->(2,2) / d4c6
 N: (4,3)->(5,5) / d4f3
 N: (4,3)->(5,1) / d4b3
 N: (4,3)->(3,1) / d4b5
Possible moves for piece: B:
 B: (0,0)->(1,1) / a8b7
 B: (0,5)->(1,4) / f8e7
 B: (0,5)->(2,3) / f8d6
 B: (0,5)->(3,2) / f8c5
 B: (0,5)->(4,1) / f8b4
 B: (0,5)->(1,6) / f8g7
 B: (0,5)->(2,7) / f8h6
Possible moves for piece: Q:
 Q: (4,7)->(5,7) / h4h3
 Q: (4,7)->(3,7) / h4h5
 Q: (4,7)->(2,7) / h4h6
 Q: (4,7)->(1,7) / h4h7
 Q: (4,7)->(0,7) / h4h8
 Q: (4,7)->(4,6) / h4g4
 Q: (4,7)->(4,5) / h4f4
 Q: (4,7)->(4,4) / h4e4
 Q: (4,7)->(5,6) / h4g3
Possible moves for piece: K:
 K: (7,6)->(7,7) / g1h1

------------------------------Filtered Search Space--------------------------------------------
Possible moves for piece: P:
 P: (3,4)->(2,4) / e5e6
 P: (3,5)->(2,5) / f5f6
 P: (5,0)->(4,0) / a3a4
 P: (6,2)->(5,2) / c2c3
 P: (6,2)->(4,2) / c2c4
 P: (6,5)->(5,5) / f2f3
 P: (6,5)->(4,5) / f2f4
 P: (6,6)->(5,6) / g2g3
 P: (6,6)->(4,6) / g2g4
 P: (6,7)->(5,7) / h2h3
Possible moves for piece: R:
 R: (7,0)->(7,1) / a1b1
 R: (7,0)->(7,2) / a1c1
 R: (7,0)->(7,3) / a1d1
 R: (7,0)->(7,4) / a1e1
 R: (7,5)->(7,4) / f1e1
 R: (7,5)->(7,3) / f1d1
 R: (7,5)->(7,2) / f1c1
 R: (7,5)->(7,1) / f1b1
Possible moves for piece: N:
 N: (3,6)->(5,7) / g5h3
 N: (3,6)->(5,5) / g5f3
 N: (3,6)->(1,7) / g5h7
 N: (3,6)->(1,5) / g5f7
 N: (3,6)->(4,4) / g5e4
 N: (3,6)->(2,4) / g5e6
 N: (4,3)->(6,4) / d4e2
 N: (4,3)->(2,4) / d4e6
 N: (4,3)->(2,2) / d4c6
 N: (4,3)->(5,5) / d4f3
 N: (4,3)->(5,1) / d4b3
 N: (4,3)->(3,1) / d4b5
Possible moves for piece: B:
 B: (0,0)->(1,1) / a8b7
 B: (0,5)->(1,4) / f8e7
 B: (0,5)->(2,3) / f8d6
 B: (0,5)->(3,2) / f8c5
 B: (0,5)->(4,1) / f8b4
 B: (0,5)->(1,6) / f8g7
 B: (0,5)->(2,7) / f8h6
Possible moves for piece: Q:
 Q: (4,7)->(5,7) / h4h3
 Q: (4,7)->(3,7) / h4h5
 Q: (4,7)->(2,7) / h4h6
 Q: (4,7)->(1,7) / h4h7
 Q: (4,7)->(0,7) / h4h8
 Q: (4,7)->(4,6) / h4g4
 Q: (4,7)->(4,5) / h4f4
 Q: (4,7)->(4,4) / h4e4
 Q: (4,7)->(5,6) / h4g3
Possible moves for piece: K:
 K: (7,6)->(7,7) / g1h1

--------------------------------Info on Attacks---------------------------------------------------
Squares attacked by Black pieces:
(0,0) (0,2) (0,5) (0,7) (1,5) (1,6) (1,7) (2,0) (2,2) (2,4) (3,3) (4,1) (4,4) (5,5) (6,6) 

-------------------------------Squares controlled by the enemy------------------------------------
X * X * * X * X 
* * * * * X X X 
X * X * X * * * 
* * * X * * * * 
* X * * X * * * 
* * * * * X * * 
* * * * * * X * 
* * * * * * * * 

------------------------------Check Information---------------------------------------------------
White King located at: (7,6)
White King is safe, no check at this position.

------------------------------Special Move Information-------------------------------------------
No en passant allowed right now
------------------------------Castling Rights Information-------------------------------------------
White Kingside Castle:  NOT AVAILABLE
White Queenside Castle: NOT AVAILABLE
Black Kingside Castle:  NOT AVAILABLE
Black Queenside Castle: NOT AVAILABLE
---------------------------------------------------------------------------------------------------

========== CAPTURE EXPLORATION ==========
[0] B x b | Potential loss: NO | Score: 330
========================================

========== CHECK EXPLORATION ==========
[0] Candidate: Q -> (4,7) -> (1,7) | Checking move: Q (4,7) -> (1,7)Checkmate: NO
[1] Candidate: Q -> (4,7) -> (0,7) | Checking move: Q (4,7) -> (0,7)Checkmate: NO
======================================
--------------------------------------------------------------------------------------------------
Chosen Move: (0,0) --> (1,1)
 / a8b7

* n * * * B k * 
* B * p * * * * 
* * * * * * * * 
p * * * P P N * 
* * * N * * * Q 
P * * * * * * * 
P * P * * P P P 
R * * * * R K * 

[32;1m[Game] [0mPlayer's error code: 0
[32;1m[Game] [0mChecking move validity...
[32;1m[Board] [0mInitializing board (size: 8)...
[32;1m[Board] [0m32 piece(s) on board.
[32;1m[Board] [0mLoading history file `stats/White/game-16/history.csv`...
[32;1m[Board] [0mLoaded 46 move(s).
[32;1m[Board] [0mHistory replayed, 21 piece(s) on board.
[32;1m[Board] [0mLoading move file `stats/White/game-16/move.csv`...
[32;1m[Board] [0mWhite player is playing a8 to b7.
[32;1m[Board] [0m[5;1mWhite Bishop is taking Black Bishop.[0m
[32;1m[Board] [0m
[32;1m[Board] [0m     a b c d e f g h
[32;1m[Board] [0m   -------------------
[32;1m[Board] [0m 8 ||[7;1m [0m|[30;1mk[0m|[7;1m [0m| |[7;1m [0m|[0;1mb[0m|[30;1mK[0m| || 8
[32;1m[Board] [0m   -------------------
[32;1m[Board] [0m 7 || |[0;1mb[0m| |[30;1mp[0m| |[7;1m [0m| |[7;1m [0m|| 7
[32;1m[Board] [0m   -------------------
[32;1m[Board] [0m 6 ||[7;1m [0m| |[7;1m [0m| |[7;1m [0m| |[7;1m [0m| || 6
[32;1m[Board] [0m   -------------------
[32;1m[Board] [0m 5 ||[30;1mp[0m|[7;1m [0m| |[7;1m [0m|[0;1mp[0m|[0;1mp[0m|[0;1mk[0m|[7;1m [0m|| 5
[32;1m[Board] [0m   -------------------
[32;1m[Board] [0m 4 ||[7;1m [0m| |[7;1m [0m|[0;1mk[0m|[7;1m [0m| |[7;1m [0m|[0;1mQ[0m|| 4
[32;1m[Board] [0m   -------------------
[32;1m[Board] [0m 3 ||[0;1mp[0m|[7;1m [0m| |[7;1m [0m| |[7;1m [0m| |[7;1m [0m|| 3
[32;1m[Board] [0m   -------------------
[32;1m[Board] [0m 2 ||[0;1mp[0m| |[0;1mp[0m| |[7;1m [0m|[0;1mp[0m|[0;1mp[0m|[0;1mp[0m|| 2
[32;1m[Board] [0m   -------------------
[32;1m[Board] [0m 1 ||[0;1mr[0m|[7;1m [0m| |[7;1m [0m| |[0;1mr[0m|[0;1mK[0m|[7;1m [0m|| 1
[32;1m[Board] [0m   -------------------
[32;1m[Board] [0m     a b c d e f g h
[32;1m[Board] [0m
[32;1m[Referee] [0mThis is the turn of the Black player...
[32;1m[Board] [0mInitializing board (size: 8)...
[32;1m[Board] [0m32 piece(s) on board.
[32;1m[Board] [0mLoading history file `stats/White/game-16/history.csv`...
[32;1m[Board] [0mLoaded 47 move(s).
[32;1m[Board] [0mHistory replayed, 20 piece(s) on board.
[32;1m[RandomPlayer] [0mComputing possible moves...
[32;1m[RandomPlayer] [0m6 possible move(s)
[32;1m[RandomPlayer] [0mPlaying random move 4 out of 6
[32;1m[Game] [0mPlayer's error code: 0
[32;1m[Game] [0mChecking move validity...
[32;1m[Board] [0mInitializing board (size: 8)...
[32;1m[Board] [0m32 piece(s) on board.
[32;1m[Board] [0mLoading history file `stats/White/game-16/history.csv`...
[32;1m[Board] [0mLoaded 47 move(s).
[32;1m[Board] [0mHistory replayed, 20 piece(s) on board.
[32;1m[Board] [0mLoading move file `stats/White/game-16/move.csv`...
[32;1m[Board] [0mBlack player is playing b8 to a6.
[32;1m[Board] [0m
[32;1m[Board] [0m     a b c d e f g h
[32;1m[Board] [0m   -------------------
[32;1m[Board] [0m 8 ||[7;1m [0m| |[7;1m [0m| |[7;1m [0m|[0;1mb[0m|[30;1mK[0m| || 8
[32;1m[Board] [0m   -------------------
[32;1m[Board] [0m 7 || |[0;1mb[0m| |[30;1mp[0m| |[7;1m [0m| |[7;1m [0m|| 7
[32;1m[Board] [0m   -------------------
[32;1m[Board] [0m 6 ||[30;1mk[0m| |[7;1m [0m| |[7;1m [0m| |[7;1m [0m| || 6
[32;1m[Board] [0m   -------------------
[32;1m[Board] [0m 5 ||[30;1mp[0m|[7;1m [0m| |[7;1m [0m|[0;1mp[0m|[0;1mp[0m|[0;1mk[0m|[7;1m [0m|| 5
[32;1m[Board] [0m   -------------------
[32;1m[Board] [0m 4 ||[7;1m [0m| |[7;1m [0m|[0;1mk[0m|[7;1m [0m| |[7;1m [0m|[0;1mQ[0m|| 4
[32;1m[Board] [0m   -------------------
[32;1m[Board] [0m 3 ||[0;1mp[0m|[7;1m [0m| |[7;1m [0m| |[7;1m [0m| |[7;1m [0m|| 3
[32;1m[Board] [0m   -------------------
[32;1m[Board] [0m 2 ||[0;1mp[0m| |[0;1mp[0m| |[7;1m [0m|[0;1mp[0m|[0;1mp[0m|[0;1mp[0m|| 2
[32;1m[Board] [0m   -------------------
[32;1m[Board] [0m 1 ||[0;1mr[0m|[7;1m [0m| |[7;1m [0m| |[0;1mr[0m|[0;1mK[0m|[7;1m [0m|| 1
[32;1m[Board] [0m   -------------------
[32;1m[Board] [0m     a b c d e f g h
[32;1m[Board] [0m
[32;1m[Referee] [0mThis is the turn of the White player...
Inputed Board
Currently playing: White

------------------------------Current Search Space--------------------------------------------
Possible moves for piece: P:
 P: (3,4)->(2,4) / e5e6
 P: (3,5)->(2,5) / f5f6
 P: (5,0)->(4,0) / a3a4
 P: (6,2)->(5,2) / c2c3
 P: (6,2)->(4,2) / c2c4
 P: (6,5)->(5,5) / f2f3
 P: (6,5)->(4,5) / f2f4
 P: (6,6)->(5,6) / g2g3
 P: (6,6)->(4,6) / g2g4
 P: (6,7)->(5,7) / h2h3
Possible moves for piece: R:
 R: (7,0)->(7,1) / a1b1
 R: (7,0)->(7,2) / a1c1
 R: (7,0)->(7,3) / a1d1
 R: (7,0)->(7,4) / a1e1
 R: (7,5)->(7,4) / f1e1
 R: (7,5)->(7,3) / f1d1
 R: (7,5)->(7,2) / f1c1
 R: (7,5)->(7,1) / f1b1
Possible moves for piece: N:
 N: (3,6)->(5,7) / g5h3
 N: (3,6)->(5,5) / g5f3
 N: (3,6)->(1,7) / g5h7
 N: (3,6)->(1,5) / g5f7
 N: (3,6)->(4,4) / g5e4
 N: (3,6)->(2,4) / g5e6
 N: (4,3)->(6,4) / d4e2
 N: (4,3)->(2,4) / d4e6
 N: (4,3)->(2,2) / d4c6
 N: (4,3)->(5,5) / d4f3
 N: (4,3)->(5,1) / d4b3
 N: (4,3)->(3,1) / d4b5
Possible moves for piece: B:
 B: (0,5)->(1,4) / f8e7
 B: (0,5)->(2,3) / f8d6
 B: (0,5)->(3,2) / f8c5
 B: (0,5)->(4,1) / f8b4
 B: (0,5)->(1,6) / f8g7
 B: (0,5)->(2,7) / f8h6
 B: (1,1)->(0,0) / b7a8
 B: (1,1)->(0,2) / b7c8
 B: (1,1)->(2,0) / b7a6
 B: (1,1)->(2,2) / b7c6
 B: (1,1)->(3,3) / b7d5
 B: (1,1)->(4,4) / b7e4
 B: (1,1)->(5,5) / b7f3
Possible moves for piece: Q:
 Q: (4,7)->(5,7) / h4h3
 Q: (4,7)->(3,7) / h4h5
 Q: (4,7)->(2,7) / h4h6
 Q: (4,7)->(1,7) / h4h7
 Q: (4,7)->(0,7) / h4h8
 Q: (4,7)->(4,6) / h4g4
 Q: (4,7)->(4,5) / h4f4
 Q: (4,7)->(4,4) / h4e4
 Q: (4,7)->(5,6) / h4g3
Possible moves for piece: K:
 K: (7,6)->(7,7) / g1h1

------------------------------Filtered Search Space--------------------------------------------
Possible moves for piece: P:
 P: (3,4)->(2,4) / e5e6
 P: (3,5)->(2,5) / f5f6
 P: (5,0)->(4,0) / a3a4
 P: (6,2)->(5,2) / c2c3
 P: (6,2)->(4,2) / c2c4
 P: (6,5)->(5,5) / f2f3
 P: (6,5)->(4,5) / f2f4
 P: (6,6)->(5,6) / g2g3
 P: (6,6)->(4,6) / g2g4
 P: (6,7)->(5,7) / h2h3
Possible moves for piece: R:
 R: (7,0)->(7,1) / a1b1
 R: (7,0)->(7,2) / a1c1
 R: (7,0)->(7,3) / a1d1
 R: (7,0)->(7,4) / a1e1
 R: (7,5)->(7,4) / f1e1
 R: (7,5)->(7,3) / f1d1
 R: (7,5)->(7,2) / f1c1
 R: (7,5)->(7,1) / f1b1
Possible moves for piece: N:
 N: (3,6)->(5,7) / g5h3
 N: (3,6)->(5,5) / g5f3
 N: (3,6)->(1,7) / g5h7
 N: (3,6)->(1,5) / g5f7
 N: (3,6)->(4,4) / g5e4
 N: (3,6)->(2,4) / g5e6
 N: (4,3)->(6,4) / d4e2
 N: (4,3)->(2,4) / d4e6
 N: (4,3)->(2,2) / d4c6
 N: (4,3)->(5,5) / d4f3
 N: (4,3)->(5,1) / d4b3
 N: (4,3)->(3,1) / d4b5
Possible moves for piece: B:
 B: (0,5)->(1,4) / f8e7
 B: (0,5)->(2,3) / f8d6
 B: (0,5)->(3,2) / f8c5
 B: (0,5)->(4,1) / f8b4
 B: (0,5)->(1,6) / f8g7
 B: (0,5)->(2,7) / f8h6
 B: (1,1)->(0,0) / b7a8
 B: (1,1)->(0,2) / b7c8
 B: (1,1)->(2,0) / b7a6
 B: (1,1)->(2,2) / b7c6
 B: (1,1)->(3,3) / b7d5
 B: (1,1)->(4,4) / b7e4
 B: (1,1)->(5,5) / b7f3
Possible moves for piece: Q:
 Q: (4,7)->(5,7) / h4h3
 Q: (4,7)->(3,7) / h4h5
 Q: (4,7)->(2,7) / h4h6
 Q: (4,7)->(1,7) / h4h7
 Q: (4,7)->(0,7) / h4h8
 Q: (4,7)->(4,6) / h4g4
 Q: (4,7)->(4,5) / h4f4
 Q: (4,7)->(4,4) / h4e4
 Q: (4,7)->(5,6) / h4g3
Possible moves for piece: K:
 K: (7,6)->(7,7) / g1h1

--------------------------------Info on Attacks---------------------------------------------------
Squares attacked by Black pieces:
(0,1) (0,5) (0,7) (1,2) (1,5) (1,6) (1,7) (2,2) (2,4) (3,2) (4,1) 

-------------------------------Squares controlled by the enemy------------------------------------
* X * * * X * X 
* * X * * X X X 
* * X * X * * * 
* * X * * * * * 
* X * * * * * * 
* * * * * * * * 
* * * * * * * * 
* * * * * * * * 

------------------------------Check Information---------------------------------------------------
White King located at: (7,6)
White King is safe, no check at this position.

------------------------------Special Move Information-------------------------------------------
No en passant allowed right now
------------------------------Castling Rights Information-------------------------------------------
White Kingside Castle:  NOT AVAILABLE
White Queenside Castle: NOT AVAILABLE
Black Kingside Castle:  NOT AVAILABLE
Black Queenside Castle: NOT AVAILABLE
---------------------------------------------------------------------------------------------------

========== CAPTURE EXPLORATION ==========
[0] B x n | Potential loss: NO | Score: 320
========================================

========== CHECK EXPLORATION ==========
[0] Candidate: B -> (1,1) -> (3,3) | Checking move: B (1,1) -> (3,3)Checkmate: NO
[1] Candidate: Q -> (4,7) -> (1,7) | Checking move: Q (4,7) -> (1,7)Checkmate: NO
[2] Candidate: Q -> (4,7) -> (0,7) | Checking move: Q (4,7) -> (0,7)Checkmate: NO
======================================
--------------------------------------------------------------------------------------------------
Chosen Move: (1,1) --> (2,0)
 / b7a6

* * * * * B k * 
* * * p * * * * 
B * * * * * * * 
p * * * P P N * 
* * * N * * * Q 
P * * * * * * * 
P * P * * P P P 
R * * * * R K * 

[32;1m[Game] [0mPlayer's error code: 0
[32;1m[Game] [0mChecking move validity...
[32;1m[Board] [0mInitializing board (size: 8)...
[32;1m[Board] [0m32 piece(s) on board.
[32;1m[Board] [0mLoading history file `stats/White/game-16/history.csv`...
[32;1m[Board] [0mLoaded 48 move(s).
[32;1m[Board] [0mHistory replayed, 20 piece(s) on board.
[32;1m[Board] [0mLoading move file `stats/White/game-16/move.csv`...
[32;1m[Board] [0mWhite player is playing b7 to a6.
[32;1m[Board] [0m[5;1mWhite Bishop is taking Black Knight.[0m
[32;1m[Board] [0m
[32;1m[Board] [0m     a b c d e f g h
[32;1m[Board] [0m   -------------------
[32;1m[Board] [0m 8 ||[7;1m [0m| |[7;1m [0m| |[7;1m [0m|[0;1mb[0m|[30;1mK[0m| || 8
[32;1m[Board] [0m   -------------------
[32;1m[Board] [0m 7 || |[7;1m [0m| |[30;1mp[0m| |[7;1m [0m| |[7;1m [0m|| 7
[32;1m[Board] [0m   -------------------
[32;1m[Board] [0m 6 ||[0;1mb[0m| |[7;1m [0m| |[7;1m [0m| |[7;1m [0m| || 6
[32;1m[Board] [0m   -------------------
[32;1m[Board] [0m 5 ||[30;1mp[0m|[7;1m [0m| |[7;1m [0m|[0;1mp[0m|[0;1mp[0m|[0;1mk[0m|[7;1m [0m|| 5
[32;1m[Board] [0m   -------------------
[32;1m[Board] [0m 4 ||[7;1m [0m| |[7;1m [0m|[0;1mk[0m|[7;1m [0m| |[7;1m [0m|[0;1mQ[0m|| 4
[32;1m[Board] [0m   -------------------
[32;1m[Board] [0m 3 ||[0;1mp[0m|[7;1m [0m| |[7;1m [0m| |[7;1m [0m| |[7;1m [0m|| 3
[32;1m[Board] [0m   -------------------
[32;1m[Board] [0m 2 ||[0;1mp[0m| |[0;1mp[0m| |[7;1m [0m|[0;1mp[0m|[0;1mp[0m|[0;1mp[0m|| 2
[32;1m[Board] [0m   -------------------
[32;1m[Board] [0m 1 ||[0;1mr[0m|[7;1m [0m| |[7;1m [0m| |[0;1mr[0m|[0;1mK[0m|[7;1m [0m|| 1
[32;1m[Board] [0m   -------------------
[32;1m[Board] [0m     a b c d e f g h
[32;1m[Board] [0m
[32;1m[Referee] [0mThis is the turn of the Black player...
[32;1m[Board] [0mInitializing board (size: 8)...
[32;1m[Board] [0m32 piece(s) on board.
[32;1m[Board] [0mLoading history file `stats/White/game-16/history.csv`...
[32;1m[Board] [0mLoaded 49 move(s).
[32;1m[Board] [0mHistory replayed, 19 piece(s) on board.
[32;1m[RandomPlayer] [0mComputing possible moves...
[32;1m[RandomPlayer] [0m4 possible move(s)
[32;1m[RandomPlayer] [0mPlaying random move 0 out of 4
[32;1m[Game] [0mPlayer's error code: 0
[32;1m[Game] [0mChecking move validity...
[32;1m[Board] [0mInitializing board (size: 8)...
[32;1m[Board] [0m32 piece(s) on board.
[32;1m[Board] [0mLoading history file `stats/White/game-16/history.csv`...
[32;1m[Board] [0mLoaded 49 move(s).
[32;1m[Board] [0mHistory replayed, 19 piece(s) on board.
[32;1m[Board] [0mLoading move file `stats/White/game-16/move.csv`...
[32;1m[Board] [0mBlack player is playing a5 to a4.
[32;1m[Board] [0m
[32;1m[Board] [0m     a b c d e f g h
[32;1m[Board] [0m   -------------------
[32;1m[Board] [0m 8 ||[7;1m [0m| |[7;1m [0m| |[7;1m [0m|[0;1mb[0m|[30;1mK[0m| || 8
[32;1m[Board] [0m   -------------------
[32;1m[Board] [0m 7 || |[7;1m [0m| |[30;1mp[0m| |[7;1m [0m| |[7;1m [0m|| 7
[32;1m[Board] [0m   -------------------
[32;1m[Board] [0m 6 ||[0;1mb[0m| |[7;1m [0m| |[7;1m [0m| |[7;1m [0m| || 6
[32;1m[Board] [0m   -------------------
[32;1m[Board] [0m 5 || |[7;1m [0m| |[7;1m [0m|[0;1mp[0m|[0;1mp[0m|[0;1mk[0m|[7;1m [0m|| 5
[32;1m[Board] [0m   -------------------
[32;1m[Board] [0m 4 ||[30;1mp[0m| |[7;1m [0m|[0;1mk[0m|[7;1m [0m| |[7;1m [0m|[0;1mQ[0m|| 4
[32;1m[Board] [0m   -------------------
[32;1m[Board] [0m 3 ||[0;1mp[0m|[7;1m [0m| |[7;1m [0m| |[7;1m [0m| |[7;1m [0m|| 3
[32;1m[Board] [0m   -------------------
[32;1m[Board] [0m 2 ||[0;1mp[0m| |[0;1mp[0m| |[7;1m [0m|[0;1mp[0m|[0;1mp[0m|[0;1mp[0m|| 2
[32;1m[Board] [0m   -------------------
[32;1m[Board] [0m 1 ||[0;1mr[0m|[7;1m [0m| |[7;1m [0m| |[0;1mr[0m|[0;1mK[0m|[7;1m [0m|| 1
[32;1m[Board] [0m   -------------------
[32;1m[Board] [0m     a b c d e f g h
[32;1m[Board] [0m
[32;1m[Referee] [0mThis is the turn of the White player...
Inputed Board
Currently playing: White

------------------------------Current Search Space--------------------------------------------
Possible moves for piece: P:
 P: (3,4)->(2,4) / e5e6
 P: (3,5)->(2,5) / f5f6
 P: (6,2)->(5,2) / c2c3
 P: (6,2)->(4,2) / c2c4
 P: (6,5)->(5,5) / f2f3
 P: (6,5)->(4,5) / f2f4
 P: (6,6)->(5,6) / g2g3
 P: (6,6)->(4,6) / g2g4
 P: (6,7)->(5,7) / h2h3
Possible moves for piece: R:
 R: (7,0)->(7,1) / a1b1
 R: (7,0)->(7,2) / a1c1
 R: (7,0)->(7,3) / a1d1
 R: (7,0)->(7,4) / a1e1
 R: (7,5)->(7,4) / f1e1
 R: (7,5)->(7,3) / f1d1
 R: (7,5)->(7,2) / f1c1
 R: (7,5)->(7,1) / f1b1
Possible moves for piece: N:
 N: (3,6)->(5,7) / g5h3
 N: (3,6)->(5,5) / g5f3
 N: (3,6)->(1,7) / g5h7
 N: (3,6)->(1,5) / g5f7
 N: (3,6)->(4,4) / g5e4
 N: (3,6)->(2,4) / g5e6
 N: (4,3)->(6,4) / d4e2
 N: (4,3)->(2,4) / d4e6
 N: (4,3)->(2,2) / d4c6
 N: (4,3)->(5,5) / d4f3
 N: (4,3)->(5,1) / d4b3
 N: (4,3)->(3,1) / d4b5
Possible moves for piece: B:
 B: (0,5)->(1,4) / f8e7
 B: (0,5)->(2,3) / f8d6
 B: (0,5)->(3,2) / f8c5
 B: (0,5)->(4,1) / f8b4
 B: (0,5)->(1,6) / f8g7
 B: (0,5)->(2,7) / f8h6
 B: (2,0)->(1,1) / a6b7
 B: (2,0)->(0,2) / a6c8
 B: (2,0)->(3,1) / a6b5
 B: (2,0)->(4,2) / a6c4
 B: (2,0)->(5,3) / a6d3
 B: (2,0)->(6,4) / a6e2
Possible moves for piece: Q:
 Q: (4,7)->(5,7) / h4h3
 Q: (4,7)->(3,7) / h4h5
 Q: (4,7)->(2,7) / h4h6
 Q: (4,7)->(1,7) / h4h7
 Q: (4,7)->(0,7) / h4h8
 Q: (4,7)->(4,6) / h4g4
 Q: (4,7)->(4,5) / h4f4
 Q: (4,7)->(4,4) / h4e4
 Q: (4,7)->(5,6) / h4g3
Possible moves for piece: K:
 K: (7,6)->(7,7) / g1h1

------------------------------Filtered Search Space--------------------------------------------
Possible moves for piece: P:
 P: (3,4)->(2,4) / e5e6
 P: (3,5)->(2,5) / f5f6
 P: (6,2)->(5,2) / c2c3
 P: (6,2)->(4,2) / c2c4
 P: (6,5)->(5,5) / f2f3
 P: (6,5)->(4,5) / f2f4
 P: (6,6)->(5,6) / g2g3
 P: (6,6)->(4,6) / g2g4
 P: (6,7)->(5,7) / h2h3
Possible moves for piece: R:
 R: (7,0)->(7,1) / a1b1
 R: (7,0)->(7,2) / a1c1
 R: (7,0)->(7,3) / a1d1
 R: (7,0)->(7,4) / a1e1
 R: (7,5)->(7,4) / f1e1
 R: (7,5)->(7,3) / f1d1
 R: (7,5)->(7,2) / f1c1
 R: (7,5)->(7,1) / f1b1
Possible moves for piece: N:
 N: (3,6)->(5,7) / g5h3
 N: (3,6)->(5,5) / g5f3
 N: (3,6)->(1,7) / g5h7
 N: (3,6)->(1,5) / g5f7
 N: (3,6)->(4,4) / g5e4
 N: (3,6)->(2,4) / g5e6
 N: (4,3)->(6,4) / d4e2
 N: (4,3)->(2,4) / d4e6
 N: (4,3)->(2,2) / d4c6
 N: (4,3)->(5,5) / d4f3
 N: (4,3)->(5,1) / d4b3
 N: (4,3)->(3,1) / d4b5
Possible moves for piece: B:
 B: (0,5)->(1,4) / f8e7
 B: (0,5)->(2,3) / f8d6
 B: (0,5)->(3,2) / f8c5
 B: (0,5)->(4,1) / f8b4
 B: (0,5)->(1,6) / f8g7
 B: (0,5)->(2,7) / f8h6
 B: (2,0)->(1,1) / a6b7
 B: (2,0)->(0,2) / a6c8
 B: (2,0)->(3,1) / a6b5
 B: (2,0)->(4,2) / a6c4
 B: (2,0)->(5,3) / a6d3
 B: (2,0)->(6,4) / a6e2
Possible moves for piece: Q:
 Q: (4,7)->(5,7) / h4h3
 Q: (4,7)->(3,7) / h4h5
 Q: (4,7)->(2,7) / h4h6
 Q: (4,7)->(1,7) / h4h7
 Q: (4,7)->(0,7) / h4h8
 Q: (4,7)->(4,6) / h4g4
 Q: (4,7)->(4,5) / h4f4
 Q: (4,7)->(4,4) / h4e4
 Q: (4,7)->(5,6) / h4g3
Possible moves for piece: K:
 K: (7,6)->(7,7) / g1h1

--------------------------------Info on Attacks---------------------------------------------------
Squares attacked by Black pieces:
(0,5) (0,7) (1,5) (1,6) (1,7) (2,2) (2,4) (5,1) 

-------------------------------Squares controlled by the enemy------------------------------------
* * * * * X * X 
* * * * * X X X 
* * X * X * * * 
* * * * * * * * 
* * * * * * * * 
* X * * * * * * 
* * * * * * * * 
* * * * * * * * 

------------------------------Check Information---------------------------------------------------
White King located at: (7,6)
White King is safe, no check at this position.

------------------------------Special Move Information-------------------------------------------
No en passant allowed right now
------------------------------Castling Rights Information-------------------------------------------
White Kingside Castle:  NOT AVAILABLE
White Queenside Castle: NOT AVAILABLE
Black Kingside Castle:  NOT AVAILABLE
Black Queenside Castle: NOT AVAILABLE
---------------------------------------------------------------------------------------------------

========== CAPTURE EXPLORATION ==========
========================================

========== CHECK EXPLORATION ==========
[0] Candidate: B -> (2,0) -> (4,2) | Checking move: B (2,0) -> (4,2)Checkmate: NO
[1] Candidate: Q -> (4,7) -> (1,7) | Checking move: Q (4,7) -> (1,7)Checkmate: NO
[2] Candidate: Q -> (4,7) -> (0,7) | Checking move: Q (4,7) -> (0,7)Checkmate: NO
======================================
--------------------------------------------------------------------------------------------------
Chosen Move: (4,7) --> (5,7)
 / h4h3

* * * * * B k * 
* * * p * * * * 
B * * * * * * * 
* * * * P P N * 
p * * N * * * * 
P * * * * * * Q 
P * P * * P P P 
R * * * * R K * 

[32;1m[Game] [0mPlayer's error code: 0
[32;1m[Game] [0mChecking move validity...
[32;1m[Board] [0mInitializing board (size: 8)...
[32;1m[Board] [0m32 piece(s) on board.
[32;1m[Board] [0mLoading history file `stats/White/game-16/history.csv`...
[32;1m[Board] [0mLoaded 50 move(s).
[32;1m[Board] [0mHistory replayed, 19 piece(s) on board.
[32;1m[Board] [0mLoading move file `stats/White/game-16/move.csv`...
[32;1m[Board] [0mWhite player is playing h4 to h3.
[32;1m[Board] [0m
[32;1m[Board] [0m     a b c d e f g h
[32;1m[Board] [0m   -------------------
[32;1m[Board] [0m 8 ||[7;1m [0m| |[7;1m [0m| |[7;1m [0m|[0;1mb[0m|[30;1mK[0m| || 8
[32;1m[Board] [0m   -------------------
[32;1m[Board] [0m 7 || |[7;1m [0m| |[30;1mp[0m| |[7;1m [0m| |[7;1m [0m|| 7
[32;1m[Board] [0m   -------------------
[32;1m[Board] [0m 6 ||[0;1mb[0m| |[7;1m [0m| |[7;1m [0m| |[7;1m [0m| || 6
[32;1m[Board] [0m   -------------------
[32;1m[Board] [0m 5 || |[7;1m [0m| |[7;1m [0m|[0;1mp[0m|[0;1mp[0m|[0;1mk[0m|[7;1m [0m|| 5
[32;1m[Board] [0m   -------------------
[32;1m[Board] [0m 4 ||[30;1mp[0m| |[7;1m [0m|[0;1mk[0m|[7;1m [0m| |[7;1m [0m| || 4
[32;1m[Board] [0m   -------------------
[32;1m[Board] [0m 3 ||[0;1mp[0m|[7;1m [0m| |[7;1m [0m| |[7;1m [0m| |[0;1mQ[0m|| 3
[32;1m[Board] [0m   -------------------
[32;1m[Board] [0m 2 ||[0;1mp[0m| |[0;1mp[0m| |[7;1m [0m|[0;1mp[0m|[0;1mp[0m|[0;1mp[0m|| 2
[32;1m[Board] [0m   -------------------
[32;1m[Board] [0m 1 ||[0;1mr[0m|[7;1m [0m| |[7;1m [0m| |[0;1mr[0m|[0;1mK[0m|[7;1m [0m|| 1
[32;1m[Board] [0m   -------------------
[32;1m[Board] [0m     a b c d e f g h
[32;1m[Board] [0m
[32;1m[Referee] [0mThis is the turn of the Black player...
[32;1m[Board] [0mInitializing board (size: 8)...
[32;1m[Board] [0m32 piece(s) on board.
[32;1m[Board] [0mLoading history file `stats/White/game-16/history.csv`...
[32;1m[Board] [0mLoaded 51 move(s).
[32;1m[Board] [0mHistory replayed, 19 piece(s) on board.
[32;1m[RandomPlayer] [0mComputing possible moves...
[32;1m[RandomPlayer] [0m3 possible move(s)
[32;1m[RandomPlayer] [0mPlaying random move 0 out of 3
[32;1m[Game] [0mPlayer's error code: 0
[32;1m[Game] [0mChecking move validity...
[32;1m[Board] [0mInitializing board (size: 8)...
[32;1m[Board] [0m32 piece(s) on board.
[32;1m[Board] [0mLoading history file `stats/White/game-16/history.csv`...
[32;1m[Board] [0mLoaded 51 move(s).
[32;1m[Board] [0mHistory replayed, 19 piece(s) on board.
[32;1m[Board] [0mLoading move file `stats/White/game-16/move.csv`...
[32;1m[Board] [0mBlack player is playing d7 to d6.
[32;1m[Board] [0m
[32;1m[Board] [0m     a b c d e f g h
[32;1m[Board] [0m   -------------------
[32;1m[Board] [0m 8 ||[7;1m [0m| |[7;1m [0m| |[7;1m [0m|[0;1mb[0m|[30;1mK[0m| || 8
[32;1m[Board] [0m   -------------------
[32;1m[Board] [0m 7 || |[7;1m [0m| |[7;1m [0m| |[7;1m [0m| |[7;1m [0m|| 7
[32;1m[Board] [0m   -------------------
[32;1m[Board] [0m 6 ||[0;1mb[0m| |[7;1m [0m|[30;1mp[0m|[7;1m [0m| |[7;1m [0m| || 6
[32;1m[Board] [0m   -------------------
[32;1m[Board] [0m 5 || |[7;1m [0m| |[7;1m [0m|[0;1mp[0m|[0;1mp[0m|[0;1mk[0m|[7;1m [0m|| 5
[32;1m[Board] [0m   -------------------
[32;1m[Board] [0m 4 ||[30;1mp[0m| |[7;1m [0m|[0;1mk[0m|[7;1m [0m| |[7;1m [0m| || 4
[32;1m[Board] [0m   -------------------
[32;1m[Board] [0m 3 ||[0;1mp[0m|[7;1m [0m| |[7;1m [0m| |[7;1m [0m| |[0;1mQ[0m|| 3
[32;1m[Board] [0m   -------------------
[32;1m[Board] [0m 2 ||[0;1mp[0m| |[0;1mp[0m| |[7;1m [0m|[0;1mp[0m|[0;1mp[0m|[0;1mp[0m|| 2
[32;1m[Board] [0m   -------------------
[32;1m[Board] [0m 1 ||[0;1mr[0m|[7;1m [0m| |[7;1m [0m| |[0;1mr[0m|[0;1mK[0m|[7;1m [0m|| 1
[32;1m[Board] [0m   -------------------
[32;1m[Board] [0m     a b c d e f g h
[32;1m[Board] [0m
[32;1m[Referee] [0mThis is the turn of the White player...
Inputed Board
Currently playing: White

------------------------------Current Search Space--------------------------------------------
Possible moves for piece: P:
 P: (3,4)->(2,4) / e5e6
 P: (3,4)->(2,3) / e5d6
 P: (3,5)->(2,5) / f5f6
 P: (6,2)->(5,2) / c2c3
 P: (6,2)->(4,2) / c2c4
 P: (6,5)->(5,5) / f2f3
 P: (6,5)->(4,5) / f2f4
 P: (6,6)->(5,6) / g2g3
 P: (6,6)->(4,6) / g2g4
Possible moves for piece: R:
 R: (7,0)->(7,1) / a1b1
 R: (7,0)->(7,2) / a1c1
 R: (7,0)->(7,3) / a1d1
 R: (7,0)->(7,4) / a1e1
 R: (7,5)->(7,4) / f1e1
 R: (7,5)->(7,3) / f1d1
 R: (7,5)->(7,2) / f1c1
 R: (7,5)->(7,1) / f1b1
Possible moves for piece: N:
 N: (3,6)->(5,5) / g5f3
 N: (3,6)->(1,7) / g5h7
 N: (3,6)->(1,5) / g5f7
 N: (3,6)->(4,4) / g5e4
 N: (3,6)->(2,4) / g5e6
 N: (4,3)->(6,4) / d4e2
 N: (4,3)->(2,4) / d4e6
 N: (4,3)->(2,2) / d4c6
 N: (4,3)->(5,5) / d4f3
 N: (4,3)->(5,1) / d4b3
 N: (4,3)->(3,1) / d4b5
Possible moves for piece: B:
 B: (0,5)->(1,4) / f8e7
 B: (0,5)->(2,3) / f8d6
 B: (0,5)->(1,6) / f8g7
 B: (0,5)->(2,7) / f8h6
 B: (2,0)->(1,1) / a6b7
 B: (2,0)->(0,2) / a6c8
 B: (2,0)->(3,1) / a6b5
 B: (2,0)->(4,2) / a6c4
 B: (2,0)->(5,3) / a6d3
 B: (2,0)->(6,4) / a6e2
Possible moves for piece: Q:
 Q: (5,7)->(4,7) / h3h4
 Q: (5,7)->(3,7) / h3h5
 Q: (5,7)->(2,7) / h3h6
 Q: (5,7)->(1,7) / h3h7
 Q: (5,7)->(0,7) / h3h8
 Q: (5,7)->(5,6) / h3g3
 Q: (5,7)->(5,5) / h3f3
 Q: (5,7)->(5,4) / h3e3
 Q: (5,7)->(5,3) / h3d3
 Q: (5,7)->(5,2) / h3c3
 Q: (5,7)->(5,1) / h3b3
 Q: (5,7)->(4,6) / h3g4
Possible moves for piece: K:
 K: (7,6)->(7,7) / g1h1

------------------------------Filtered Search Space--------------------------------------------
Possible moves for piece: P:
 P: (3,4)->(2,4) / e5e6
 P: (3,4)->(2,3) / e5d6
 P: (3,5)->(2,5) / f5f6
 P: (6,2)->(5,2) / c2c3
 P: (6,2)->(4,2) / c2c4
 P: (6,5)->(5,5) / f2f3
 P: (6,5)->(4,5) / f2f4
 P: (6,6)->(5,6) / g2g3
 P: (6,6)->(4,6) / g2g4
Possible moves for piece: R:
 R: (7,0)->(7,1) / a1b1
 R: (7,0)->(7,2) / a1c1
 R: (7,0)->(7,3) / a1d1
 R: (7,0)->(7,4) / a1e1
 R: (7,5)->(7,4) / f1e1
 R: (7,5)->(7,3) / f1d1
 R: (7,5)->(7,2) / f1c1
 R: (7,5)->(7,1) / f1b1
Possible moves for piece: N:
 N: (3,6)->(5,5) / g5f3
 N: (3,6)->(1,7) / g5h7
 N: (3,6)->(1,5) / g5f7
 N: (3,6)->(4,4) / g5e4
 N: (3,6)->(2,4) / g5e6
 N: (4,3)->(6,4) / d4e2
 N: (4,3)->(2,4) / d4e6
 N: (4,3)->(2,2) / d4c6
 N: (4,3)->(5,5) / d4f3
 N: (4,3)->(5,1) / d4b3
 N: (4,3)->(3,1) / d4b5
Possible moves for piece: B:
 B: (0,5)->(1,4) / f8e7
 B: (0,5)->(2,3) / f8d6
 B: (0,5)->(1,6) / f8g7
 B: (0,5)->(2,7) / f8h6
 B: (2,0)->(1,1) / a6b7
 B: (2,0)->(0,2) / a6c8
 B: (2,0)->(3,1) / a6b5
 B: (2,0)->(4,2) / a6c4
 B: (2,0)->(5,3) / a6d3
 B: (2,0)->(6,4) / a6e2
Possible moves for piece: Q:
 Q: (5,7)->(4,7) / h3h4
 Q: (5,7)->(3,7) / h3h5
 Q: (5,7)->(2,7) / h3h6
 Q: (5,7)->(1,7) / h3h7
 Q: (5,7)->(0,7) / h3h8
 Q: (5,7)->(5,6) / h3g3
 Q: (5,7)->(5,5) / h3f3
 Q: (5,7)->(5,4) / h3e3
 Q: (5,7)->(5,3) / h3d3
 Q: (5,7)->(5,2) / h3c3
 Q: (5,7)->(5,1) / h3b3
 Q: (5,7)->(4,6) / h3g4
Possible moves for piece: K:
 K: (7,6)->(7,7) / g1h1

--------------------------------Info on Attacks---------------------------------------------------
Squares attacked by Black pieces:
(0,5) (0,7) (1,5) (1,6) (1,7) (3,2) (3,4) (5,1) 

-------------------------------Squares controlled by the enemy------------------------------------
* * * * * X * X 
* * * * * X X X 
* * * * * * * * 
* * X * X * * * 
* * * * * * * * 
* X * * * * * * 
* * * * * * * * 
* * * * * * * * 

------------------------------Check Information---------------------------------------------------
White King located at: (7,6)
White King is safe, no check at this position.

------------------------------Special Move Information-------------------------------------------
No en passant allowed right now
------------------------------Castling Rights Information-------------------------------------------
White Kingside Castle:  NOT AVAILABLE
White Queenside Castle: NOT AVAILABLE
Black Kingside Castle:  NOT AVAILABLE
Black Queenside Castle: NOT AVAILABLE
---------------------------------------------------------------------------------------------------

========== CAPTURE EXPLORATION ==========
[0] B x p | Potential loss: NO | Score: 100
[1] P x p | Potential loss: NO | Score: 100
========================================

========== CHECK EXPLORATION ==========
[0] Candidate: B -> (2,0) -> (4,2) | Checking move: B (2,0) -> (4,2)Checkmate: NO
[1] Candidate: Q -> (5,7) -> (1,7) | Checking move: Q (5,7) -> (1,7)Checkmate: NO
[2] Candidate: Q -> (5,7) -> (0,7) | Checking move: Q (5,7) -> (0,7)Checkmate: NO
[3] Candidate: Q -> (5,7) -> (5,1) | Checking move: Q (5,7) -> (5,1)Checkmate: NO
======================================
--------------------------------------------------------------------------------------------------
Chosen Move: (3,4) --> (2,3)
 / e5d6

* * * * * B k * 
* * * * * * * * 
B * * P * * * * 
* * * * * P N * 
p * * N * * * * 
P * * * * * * Q 
P * P * * P P P 
R * * * * R K * 

[32;1m[Game] [0mPlayer's error code: 0
[32;1m[Game] [0mChecking move validity...
[32;1m[Board] [0mInitializing board (size: 8)...
[32;1m[Board] [0m32 piece(s) on board.
[32;1m[Board] [0mLoading history file `stats/White/game-16/history.csv`...
[32;1m[Board] [0mLoaded 52 move(s).
[32;1m[Board] [0mHistory replayed, 19 piece(s) on board.
[32;1m[Board] [0mLoading move file `stats/White/game-16/move.csv`...
[32;1m[Board] [0mWhite player is playing e5 to d6.
[32;1m[Board] [0m[5;1mWhite Pawn is taking Black Pawn.[0m
[32;1m[Board] [0m
[32;1m[Board] [0m     a b c d e f g h
[32;1m[Board] [0m   -------------------
[32;1m[Board] [0m 8 ||[7;1m [0m| |[7;1m [0m| |[7;1m [0m|[0;1mb[0m|[30;1mK[0m| || 8
[32;1m[Board] [0m   -------------------
[32;1m[Board] [0m 7 || |[7;1m [0m| |[7;1m [0m| |[7;1m [0m| |[7;1m [0m|| 7
[32;1m[Board] [0m   -------------------
[32;1m[Board] [0m 6 ||[0;1mb[0m| |[7;1m [0m|[0;1mp[0m|[7;1m [0m| |[7;1m [0m| || 6
[32;1m[Board] [0m   -------------------
[32;1m[Board] [0m 5 || |[7;1m [0m| |[7;1m [0m| |[0;1mp[0m|[0;1mk[0m|[7;1m [0m|| 5
[32;1m[Board] [0m   -------------------
[32;1m[Board] [0m 4 ||[30;1mp[0m| |[7;1m [0m|[0;1mk[0m|[7;1m [0m| |[7;1m [0m| || 4
[32;1m[Board] [0m   -------------------
[32;1m[Board] [0m 3 ||[0;1mp[0m|[7;1m [0m| |[7;1m [0m| |[7;1m [0m| |[0;1mQ[0m|| 3
[32;1m[Board] [0m   -------------------
[32;1m[Board] [0m 2 ||[0;1mp[0m| |[0;1mp[0m| |[7;1m [0m|[0;1mp[0m|[0;1mp[0m|[0;1mp[0m|| 2
[32;1m[Board] [0m   -------------------
[32;1m[Board] [0m 1 ||[0;1mr[0m|[7;1m [0m| |[7;1m [0m| |[0;1mr[0m|[0;1mK[0m|[7;1m [0m|| 1
[32;1m[Board] [0m   -------------------
[32;1m[Board] [0m     a b c d e f g h
[32;1m[Board] [0m
[32;1m[Referee] [0mThis is the turn of the Black player...
[32;1m[Board] [0mInitializing board (size: 8)...
[32;1m[Board] [0m32 piece(s) on board.
[32;1m[Board] [0mLoading history file `stats/White/game-16/history.csv`...
[32;1m[Board] [0mLoaded 53 move(s).
[32;1m[Board] [0mHistory replayed, 18 piece(s) on board.
[32;1m[RandomPlayer] [0mComputing possible moves...
[32;1m[RandomPlayer] [0m1 possible move(s)
[32;1m[Game] [0mPlayer's error code: 0
[32;1m[Game] [0mChecking move validity...
[32;1m[Board] [0mInitializing board (size: 8)...
[32;1m[Board] [0m32 piece(s) on board.
[32;1m[Board] [0mLoading history file `stats/White/game-16/history.csv`...
[32;1m[Board] [0mLoaded 53 move(s).
[32;1m[Board] [0mHistory replayed, 18 piece(s) on board.
[32;1m[Board] [0mLoading move file `stats/White/game-16/move.csv`...
[32;1m[Board] [0mBlack player is playing g8 to f8.
[32;1m[Board] [0m[5;1mBlack King is taking White Bishop.[0m
[32;1m[Board] [0m
[32;1m[Board] [0m     a b c d e f g h
[32;1m[Board] [0m   -------------------
[32;1m[Board] [0m 8 ||[7;1m [0m| |[7;1m [0m| |[7;1m [0m|[30;1mK[0m|[7;1m [0m| || 8
[32;1m[Board] [0m   -------------------
[32;1m[Board] [0m 7 || |[7;1m [0m| |[7;1m [0m| |[7;1m [0m| |[7;1m [0m|| 7
[32;1m[Board] [0m   -------------------
[32;1m[Board] [0m 6 ||[0;1mb[0m| |[7;1m [0m|[0;1mp[0m|[7;1m [0m| |[7;1m [0m| || 6
[32;1m[Board] [0m   -------------------
[32;1m[Board] [0m 5 || |[7;1m [0m| |[7;1m [0m| |[0;1mp[0m|[0;1mk[0m|[7;1m [0m|| 5
[32;1m[Board] [0m   -------------------
[32;1m[Board] [0m 4 ||[30;1mp[0m| |[7;1m [0m|[0;1mk[0m|[7;1m [0m| |[7;1m [0m| || 4
[32;1m[Board] [0m   -------------------
[32;1m[Board] [0m 3 ||[0;1mp[0m|[7;1m [0m| |[7;1m [0m| |[7;1m [0m| |[0;1mQ[0m|| 3
[32;1m[Board] [0m   -------------------
[32;1m[Board] [0m 2 ||[0;1mp[0m| |[0;1mp[0m| |[7;1m [0m|[0;1mp[0m|[0;1mp[0m|[0;1mp[0m|| 2
[32;1m[Board] [0m   -------------------
[32;1m[Board] [0m 1 ||[0;1mr[0m|[7;1m [0m| |[7;1m [0m| |[0;1mr[0m|[0;1mK[0m|[7;1m [0m|| 1
[32;1m[Board] [0m   -------------------
[32;1m[Board] [0m     a b c d e f g h
[32;1m[Board] [0m
[32;1m[Referee] [0mThis is the turn of the White player...
Inputed Board
Currently playing: White

------------------------------Current Search Space--------------------------------------------
Possible moves for piece: P:
 P: (2,3)->(1,3) / d6d7
 P: (3,5)->(2,5) / f5f6
 P: (6,2)->(5,2) / c2c3
 P: (6,2)->(4,2) / c2c4
 P: (6,5)->(5,5) / f2f3
 P: (6,5)->(4,5) / f2f4
 P: (6,6)->(5,6) / g2g3
 P: (6,6)->(4,6) / g2g4
Possible moves for piece: R:
 R: (7,0)->(7,1) / a1b1
 R: (7,0)->(7,2) / a1c1
 R: (7,0)->(7,3) / a1d1
 R: (7,0)->(7,4) / a1e1
 R: (7,5)->(7,4) / f1e1
 R: (7,5)->(7,3) / f1d1
 R: (7,5)->(7,2) / f1c1
 R: (7,5)->(7,1) / f1b1
Possible moves for piece: N:
 N: (3,6)->(5,5) / g5f3
 N: (3,6)->(1,7) / g5h7
 N: (3,6)->(1,5) / g5f7
 N: (3,6)->(4,4) / g5e4
 N: (3,6)->(2,4) / g5e6
 N: (4,3)->(6,4) / d4e2
 N: (4,3)->(2,4) / d4e6
 N: (4,3)->(2,2) / d4c6
 N: (4,3)->(5,5) / d4f3
 N: (4,3)->(5,1) / d4b3
 N: (4,3)->(3,1) / d4b5
Possible moves for piece: B:
 B: (2,0)->(1,1) / a6b7
 B: (2,0)->(0,2) / a6c8
 B: (2,0)->(3,1) / a6b5
 B: (2,0)->(4,2) / a6c4
 B: (2,0)->(5,3) / a6d3
 B: (2,0)->(6,4) / a6e2
Possible moves for piece: Q:
 Q: (5,7)->(4,7) / h3h4
 Q: (5,7)->(3,7) / h3h5
 Q: (5,7)->(2,7) / h3h6
 Q: (5,7)->(1,7) / h3h7
 Q: (5,7)->(0,7) / h3h8
 Q: (5,7)->(5,6) / h3g3
 Q: (5,7)->(5,5) / h3f3
 Q: (5,7)->(5,4) / h3e3
 Q: (5,7)->(5,3) / h3d3
 Q: (5,7)->(5,2) / h3c3
 Q: (5,7)->(5,1) / h3b3
 Q: (5,7)->(4,6) / h3g4
Possible moves for piece: K:
 K: (7,6)->(7,7) / g1h1

------------------------------Filtered Search Space--------------------------------------------
Possible moves for piece: P:
 P: (2,3)->(1,3) / d6d7
 P: (3,5)->(2,5) / f5f6
 P: (6,2)->(5,2) / c2c3
 P: (6,2)->(4,2) / c2c4
 P: (6,5)->(5,5) / f2f3
 P: (6,5)->(4,5) / f2f4
 P: (6,6)->(5,6) / g2g3
 P: (6,6)->(4,6) / g2g4
Possible moves for piece: R:
 R: (7,0)->(7,1) / a1b1
 R: (7,0)->(7,2) / a1c1
 R: (7,0)->(7,3) / a1d1
 R: (7,0)->(7,4) / a1e1
 R: (7,5)->(7,4) / f1e1
 R: (7,5)->(7,3) / f1d1
 R: (7,5)->(7,2) / f1c1
 R: (7,5)->(7,1) / f1b1
Possible moves for piece: N:
 N: (3,6)->(5,5) / g5f3
 N: (3,6)->(1,7) / g5h7
 N: (3,6)->(1,5) / g5f7
 N: (3,6)->(4,4) / g5e4
 N: (3,6)->(2,4) / g5e6
 N: (4,3)->(6,4) / d4e2
 N: (4,3)->(2,4) / d4e6
 N: (4,3)->(2,2) / d4c6
 N: (4,3)->(5,5) / d4f3
 N: (4,3)->(5,1) / d4b3
 N: (4,3)->(3,1) / d4b5
Possible moves for piece: B:
 B: (2,0)->(1,1) / a6b7
 B: (2,0)->(0,2) / a6c8
 B: (2,0)->(3,1) / a6b5
 B: (2,0)->(4,2) / a6c4
 B: (2,0)->(5,3) / a6d3
 B: (2,0)->(6,4) / a6e2
Possible moves for piece: Q:
 Q: (5,7)->(4,7) / h3h4
 Q: (5,7)->(3,7) / h3h5
 Q: (5,7)->(2,7) / h3h6
 Q: (5,7)->(1,7) / h3h7
 Q: (5,7)->(0,7) / h3h8
 Q: (5,7)->(5,6) / h3g3
 Q: (5,7)->(5,5) / h3f3
 Q: (5,7)->(5,4) / h3e3
 Q: (5,7)->(5,3) / h3d3
 Q: (5,7)->(5,2) / h3c3
 Q: (5,7)->(5,1) / h3b3
 Q: (5,7)->(4,6) / h3g4
Possible moves for piece: K:
 K: (7,6)->(7,7) / g1h1

--------------------------------Info on Attacks---------------------------------------------------
Squares attacked by Black pieces:
(0,4) (0,6) (1,4) (1,5) (1,6) (5,1) 

-------------------------------Squares controlled by the enemy------------------------------------
* * * * X * X * 
* * * * X X X * 
* * * * * * * * 
* * * * * * * * 
* * * * * * * * 
* X * * * * * * 
* * * * * * * * 
* * * * * * * * 

------------------------------Check Information---------------------------------------------------
White King located at: (7,6)
White King is safe, no check at this position.

------------------------------Special Move Information-------------------------------------------
No en passant allowed right now
------------------------------Castling Rights Information-------------------------------------------
White Kingside Castle:  NOT AVAILABLE
White Queenside Castle: NOT AVAILABLE
Black Kingside Castle:  NOT AVAILABLE
Black Queenside Castle: NOT AVAILABLE
---------------------------------------------------------------------------------------------------

========== CAPTURE EXPLORATION ==========
========================================

========== CHECK EXPLORATION ==========
[0] Candidate: N -> (3,6) -> (1,7) | Checking move: N (3,6) -> (1,7)Checkmate: NO
[1] Candidate: N -> (3,6) -> (2,4) | Checking move: N (3,6) -> (2,4)Checkmate: NO
[2] Candidate: N -> (4,3) -> (2,4) | Checking move: N (4,3) -> (2,4)Checkmate: NO
[3] Candidate: Q -> (5,7) -> (2,7) | Checking move: Q (5,7) -> (2,7)Checkmate: NO
[4] Candidate: Q -> (5,7) -> (0,7) | Checking move: Q (5,7) -> (0,7)Checkmate: YES
======================================
--------------------------------------------------------------------------------------------------
GAME OVER
Chosen Move: (5,7) --> (0,7)
 / h3h8

* * * * * k * Q 
* * * * * * * * 
B * * P * * * * 
* * * * * P N * 
p * * N * * * * 
P * * * * * * * 
P * P * * P P P 
R * * * * R K * 

[32;1m[Game] [0mPlayer's error code: 0
[32;1m[Game] [0mChecking move validity...
[32;1m[Board] [0mInitializing board (size: 8)...
[32;1m[Board] [0m32 piece(s) on board.
[32;1m[Board] [0mLoading history file `stats/White/game-16/history.csv`...
[32;1m[Board] [0mLoaded 54 move(s).
[32;1m[Board] [0mHistory replayed, 17 piece(s) on board.
[32;1m[Board] [0mLoading move file `stats/White/game-16/move.csv`...
[32;1m[Board] [0mWhite player is playing h3 to h8.
[32;1m[Board] [0m
[32;1m[Board] [0m     a b c d e f g h
[32;1m[Board] [0m   -------------------
[32;1m[Board] [0m 8 ||[7;1m [0m| |[7;1m [0m| |[7;1m [0m|[30;1mK[0m|[7;1m [0m|[0;1mQ[0m|| 8
[32;1m[Board] [0m   -------------------
[32;1m[Board] [0m 7 || |[7;1m [0m| |[7;1m [0m| |[7;1m [0m| |[7;1m [0m|| 7
[32;1m[Board] [0m   -------------------
[32;1m[Board] [0m 6 ||[0;1mb[0m| |[7;1m [0m|[0;1mp[0m|[7;1m [0m| |[7;1m [0m| || 6
[32;1m[Board] [0m   -------------------
[32;1m[Board] [0m 5 || |[7;1m [0m| |[7;1m [0m| |[0;1mp[0m|[0;1mk[0m|[7;1m [0m|| 5
[32;1m[Board] [0m   -------------------
[32;1m[Board] [0m 4 ||[30;1mp[0m| |[7;1m [0m|[0;1mk[0m|[7;1m [0m| |[7;1m [0m| || 4
[32;1m[Board] [0m   -------------------
[32;1m[Board] [0m 3 ||[0;1mp[0m|[7;1m [0m| |[7;1m [0m| |[7;1m [0m| |[7;1m [0m|| 3
[32;1m[Board] [0m   -------------------
[32;1m[Board] [0m 2 ||[0;1mp[0m| |[0;1mp[0m| |[7;1m [0m|[0;1mp[0m|[0;1mp[0m|[0;1mp[0m|| 2
[32;1m[Board] [0m   -------------------
[32;1m[Board] [0m 1 ||[0;1mr[0m|[7;1m [0m| |[7;1m [0m| |[0;1mr[0m|[0;1mK[0m|[7;1m [0m|| 1
[32;1m[Board] [0m   -------------------
[32;1m[Board] [0m     a b c d e f g h
[32;1m[Board] [0m
[32;1m[Referee] [0mThis is the turn of the Black player...
